cell_id,arbin_cycle,soh_true,soh_est,error
CS2_24,35.0,0.9697514088283653,0.935246452661179,-0.034504956167186296
CS2_24,135.0,0.9496321394130671,0.9330338172442569,-0.016598322168810187
CS2_24,235.0,0.9275472172065509,0.9286790171597812,0.001131799953230317
CS2_24,335.0,0.9308309030701968,0.9530695473678036,0.022238644297606802
CS2_24,435.0,0.9018104217430266,0.9359665284779376,0.034156106734910985
CS2_24,465.0,0.9132445035745593,0.9747497677769142,0.061505264202354915
CS2_24,565.0,0.8953101179546753,0.9425147722833807,0.04720465432870535
CS2_24,665.0,0.8865215077317535,0.9490210854379204,0.062499577706166876
CS2_24,765.0,0.881201485415843,0.9266553033182414,0.04545381790239844
CS2_24,865.0,0.8965737064351051,0.9024538247157236,0.005880118280618407
CS2_24,965.0,0.8859027434285894,0.8919073719317383,0.006004628503148868
CS2_24,1065.0,0.8718659552511913,0.8904507369358031,0.018584781684611862
CS2_24,1165.0,0.8634366381127995,0.9065184525771576,0.043081814464358104
CS2_24,1265.0,0.8579739539208168,0.8741073359597145,0.016133382038897692
CS2_24,1365.0,0.8507555084344836,0.8811209153498327,0.03036540691534917
CS2_24,1465.0,0.8367299281177576,0.8635356719440856,0.026805743826328055
CS2_24,1565.0,0.8351244330097635,0.8464963206129187,0.011371887603155217
CS2_24,1665.0,0.8211341095723114,0.8254788277666837,0.004344718194372321
CS2_24,1765.0,0.8259075434759433,0.8045669953029969,-0.021340548172946394
CS2_24,1865.0,0.8284666037925248,0.8611420789695925,0.0326754751770677
CS2_24,1965.0,0.8508513216584757,0.8568472123024581,0.005995890643982427
CS2_24,2065.0,0.8540198511372737,0.8636146012617895,0.009594750124515716
CS2_24,2165.0,0.8418539176222962,0.8171646165928996,-0.024689301029396593
CS2_24,2265.0,0.8330588424275162,0.8356290691327117,0.0025702267051955774
CS2_24,2365.0,0.8251316087169324,0.8359927626423782,0.010861153925445843
CS2_24,2465.0,0.8399142289554228,0.8250514397674195,-0.014862789188003322
CS2_24,2565.0,0.8248255419801944,0.8354504665899772,0.010624924609782815
CS2_24,2665.0,0.834344053397071,0.8093679478518646,-0.02497610554520635
CS2_24,2765.0,0.8091885709167334,0.8067373025519146,-0.0024512683648187927
CS2_24,2865.0,0.8172483903215754,0.8245332602103985,0.007284869888823153
CS2_24,2965.0,0.8136324777029896,0.7773618000738096,-0.036270677629180015
CS2_24,3065.0,0.8068835551200104,0.8049451225484181,-0.001938432571592319
CS2_24,3111.0,0.8045691854346366,0.7224074372895464,-0.08216174814509025
CS2_24,3190.0,0.8051216129227486,0.7443466244448348,-0.06077498847791385
CS2_24,4990.0,0.986779683246979,0.6205176916674516,-0.3662619915795273
CS2_25,97.0,1.0,0.9578727970956129,-0.042127202904387095
CS2_25,197.0,0.9708008095478482,0.9436754626038493,-0.02712534694399893
CS2_25,297.0,0.9488613964462954,0.9688445661404165,0.01998316969412106
CS2_25,397.0,0.9391425406248646,0.9402910675925105,0.001148526967645891
CS2_25,413.0,0.9398430303038382,0.9847877461976979,0.04494471589385973
CS2_25,513.0,0.9301225655731364,0.9348403808613488,0.004717815288212357
CS2_25,613.0,0.9168890921539946,0.9417321231745219,0.024843031020527317
CS2_25,713.0,0.9424164325542126,0.9553473633056037,0.012930930751391068
CS2_25,813.0,0.9306115273140939,0.9526994865866246,0.02208795927253071
CS2_25,913.0,0.9085313881558058,0.9233177694434042,0.014786381287598349
CS2_25,1013.0,0.9226105194041396,0.9331210974041805,0.010510578000040849
CS2_25,1113.0,0.9234428906510498,0.9397352606615293,0.016292370010479562
CS2_25,1213.0,0.8917341329908329,0.9089604869561839,0.017226353965350993
CS2_25,1313.0,0.8942414740220497,0.861197496754109,-0.03304397726794073
CS2_25,1413.0,0.8765517424423378,0.859685433526125,-0.01686630891621277
CS2_25,1513.0,0.89534507477786,0.8522716790777161,-0.0430733957001439
CS2_25,1613.0,0.8969475317151249,0.8950938924868634,-0.0018536392282614278
CS2_25,1713.0,0.8979119398426039,0.8605744664690947,-0.03733747337350912
CS2_25,1813.0,0.8852986847073475,0.8567273002011901,-0.02857138450615737
CS2_25,1913.0,0.872840679077338,0.846993773300147,-0.025846905777190954
CS2_25,2013.0,0.8605674570195778,0.8402523118812233,-0.02031514513835453
CS2_25,2113.0,0.8787215326253366,0.8546858122804288,-0.02403572034490775
CS2_25,2213.0,0.8664550960463225,0.886059747027974,0.019604650981651428
CS2_25,2313.0,0.8750908765057446,0.8679906241248523,-0.007100252380892291
CS2_25,2413.0,0.8523937941065353,0.853356330054546,0.0009625359480107676
CS2_25,2513.0,1.007005920862914,0.8418808514136342,-0.16512506944927985
CS2_25,2613.0,0.8574866461211065,0.8460570354954686,-0.011429610625637854
CS2_25,2713.0,0.8658080327705348,0.8492802266586131,-0.016527806111921617
CS2_25,2813.0,0.8612721081668437,0.8230401908125532,-0.038231917354290545
CS2_25,2854.0,0.8644792550421315,0.820404598573814,-0.04407465646831754
CS2_25,2924.0,0.8610701539448243,0.8403624043056702,-0.020707749639154116
CS2_25,3024.0,0.8641174955807192,0.8669915320607632,0.002874036480044029
CS2_25,3124.0,0.856340101530185,0.8343318651612294,-0.022008236368955658
CS2_25,3224.0,0.8534025730851874,0.8439081467080203,-0.009494426377167131
CS2_25,3324.0,0.838907950227817,0.8440911285743933,0.005183178346576334
CS2_25,3424.0,0.8336085843811725,0.7957356658901783,-0.03787291849099417
CS2_25,3524.0,0.8318348369093527,0.7898529573698414,-0.04198187953951127
CS2_25,3624.0,0.8375546108278525,0.8186856616180217,-0.018868949209830843
CS2_25,3724.0,0.8244504776336039,0.8451253195392622,0.02067484190565827
CS2_25,3824.0,0.8202290171802188,0.8070208139246832,-0.013208203255535622
CS2_25,3924.0,0.8198174743088361,0.8105166889870058,-0.009300785321830318
CS2_25,4024.0,0.8157635814797205,0.7891131609471153,-0.026650420532605246
CS2_25,4124.0,0.8109002865052349,0.7534666695883181,-0.05743361691691684
CS2_25,6724.0,1.0014386056837543,0.6607388914546373,-0.34069971422911705
CS2_3,1.0,1.0,0.8416443754645115,-0.15835562453548846
CS2_3,1.0,1.0075799666127494,0.8416443754645115,-0.16593559114823786
CS2_3,1.0,1.0146590390294852,0.8416443754645115,-0.17301466356497364
CS2_3,1.0,1.0051062609995254,0.8416443754645115,-0.16346188553501384
CS2_3,1.0,0.9661217016098808,0.8416443754645115,-0.12447732614536922
CS2_3,2.0,1.0038071781920028,0.8484054642841403,-0.1554017139078625
CS2_3,2.0,1.0093057039670998,0.8484054642841403,-0.16090023968295952
CS2_3,2.0,1.0110708563570516,0.8484054642841403,-0.1626653920729113
CS2_3,2.0,0.9940240069082527,0.8484054642841403,-0.14561854262411233
CS2_3,2.0,0.9175725949881531,0.8484054642841403,-0.06916713070401281
CS2_3,3.0,1.003702028370085,0.8481069604409842,-0.15559506792910083
CS2_3,3.0,1.0003610903927902,0.8481069604409842,-0.15225412995180598
CS2_3,4.0,0.9980071252514273,0.846856614597115,-0.1511505106543123
CS2_3,4.0,1.0050208149583726,0.846856614597115,-0.15816420036125756
CS2_3,4.0,1.011075421435274,0.846856614597115,-0.16421880683815893
CS2_3,4.0,1.0043557768235645,0.846856614597115,-0.15749916222644944
CS2_3,4.0,0.962047987672583,0.846856614597115,-0.115191373075468
CS2_3,5.0,0.9996172470037715,0.846856614597115,-0.1527606324066565
CS2_3,5.0,1.002582777952056,0.846856614597115,-0.15572616335494094
CS2_3,5.0,1.0062346721052,0.846856614597115,-0.15937805750808498
CS2_3,6.0,0.9094449497410027,0.8659306261815728,-0.04351432355942986
CS2_3,6.0,0.9899088008559969,0.8659306261815728,-0.12397817467442407
CS2_3,6.0,1.0032247428931647,0.8659306261815728,-0.13729411671159186
CS2_3,6.0,1.0024355251087644,0.8659306261815728,-0.13650489892719164
CS2_3,6.0,1.0060763260780046,0.8659306261815728,-0.14014569989643177
CS2_3,7.0,0.9982955340968079,0.8245319311776736,-0.17376360291913429
CS2_3,7.0,1.0042299715708338,0.8245319311776736,-0.17969804039316017
CS2_3,7.0,1.0070517027721677,0.8245319311776736,-0.18251977159449406
CS2_3,7.0,0.9902300718523339,0.8245319311776736,-0.16569814067466027
CS2_3,7.0,0.9208193455990213,0.8245319311776736,-0.0962874144213477
CS2_3,8.0,1.0023970289314157,1.027222890473891,0.024825861542475236
CS2_3,8.0,0.9945052353869115,1.027222890473891,0.032717655086979436
CS2_3,8.0,1.0003250541147848,1.027222890473891,0.026897836359106142
CS2_3,9.0,0.9336803401712667,0.8390360260755279,-0.09464431409573881
CS2_3,9.0,0.9928240462052459,0.8390360260755279,-0.15378802012971804
CS2_3,9.0,0.9990490487322723,0.8390360260755279,-0.16001302265674444
CS2_3,9.0,0.9994660523864888,0.8390360260755279,-0.16043002631096093
CS2_3,9.0,1.0056290212310832,0.8390360260755279,-0.16659299515555537
CS2_3,10.0,0.9977945971620055,0.8720427497741179,-0.12575184738788758
CS2_3,10.0,0.9919422531893984,0.8720427497741179,-0.11989950341528055
CS2_3,10.0,0.9951191479194682,0.8720427497741179,-0.12307639814535032
CS2_3,10.0,0.9714922932718654,0.8720427497741179,-0.09944954349774748
CS2_3,11.0,0.975128595116294,0.8720427497741179,-0.10308584534217613
CS2_3,11.0,0.994878946855335,0.8720427497741179,-0.12283619708121707
CS2_3,11.0,0.8669531076397834,0.8720427497741179,0.005089642134334493
CS2_3,11.0,0.9885033610444565,0.8720427497741179,-0.11646061127033858
CS2_3,11.0,0.9915433292682982,0.8720427497741179,-0.11950057949418036
CS2_3,12.0,0.9857322146659353,0.7757194184647842,-0.2100127962011511
CS2_3,12.0,0.989148057143361,0.7757194184647842,-0.21342863867857675
CS2_3,12.0,0.9905624271664184,0.7757194184647842,-0.2148430087016342
CS2_3,12.0,0.961446311484429,0.7757194184647842,-0.18572689301964485
CS2_3,12.0,0.8435266870350178,0.7757194184647842,-0.06780726857023356
CS2_3,13.0,0.9839033769319876,0.8690102612837903,-0.11489311564819726
CS2_3,13.0,0.9865011099161463,0.8690102612837903,-0.11749084863235593
CS2_3,13.0,0.9898429334954999,0.8690102612837903,-0.12083267221170957
CS2_3,13.0,0.9585275189267886,0.8690102612837903,-0.08951725764299823
CS2_3,13.0,0.808651908093813,0.8690102612837903,0.06035835318997729
CS2_3,14.0,0.9571084005596904,0.8627745964601249,-0.09433380409956549
CS2_3,14.0,0.9867384324484804,0.8627745964601249,-0.12396383598835548
CS2_3,14.0,0.9816441091972455,0.8627745964601249,-0.11886951273712065
CS2_3,14.0,0.9840534108778516,0.8627745964601249,-0.1212788144177267
CS2_3,15.0,0.9796389479976669,0.8740176263321304,-0.1056213216655365
CS2_3,15.0,0.9817872194209751,0.8740176263321304,-0.1077695930888447
CS2_3,15.0,0.9836521276267669,0.8740176263321304,-0.10963450129463648
CS2_3,16.0,0.9810813596930181,0.8732734953679943,-0.10780786432502387
CS2_3,16.0,0.9839301818208785,0.8732734953679943,-0.11065668645288429
CS2_3,16.0,0.9884712536145768,0.8732734953679943,-0.11519775824658252
CS2_3,16.0,0.9703555346705574,0.8732734953679943,-0.0970820393025631
CS2_3,16.0,0.8729263109739009,0.8732734953679943,0.0003471843940933139
CS2_3,17.0,0.853978930007272,0.8310632159710556,-0.022915714036216395
CS2_3,17.0,0.9648948918923866,0.8310632159710556,-0.13383167592133105
CS2_3,17.0,0.9834954120817953,0.8310632159710556,-0.15243219611073966
CS2_3,17.0,0.9849971607919246,0.8310632159710556,-0.15393394482086897
CS2_3,17.0,0.98889544616896,0.8310632159710556,-0.15783223019790438
CS2_3,18.0,0.9775991458797026,0.864807604952258,-0.1127915409274447
CS2_3,18.0,0.9799561290466143,0.864807604952258,-0.11514852409435639
CS2_3,18.0,0.9825769456668306,0.864807604952258,-0.11776934071457268
CS2_3,18.0,0.9544042067833323,0.864807604952258,-0.08959660183107432
CS2_3,19.0,0.9606876053052837,0.8539635986706987,-0.10672400663458503
CS2_3,19.0,0.9841887931972213,0.8539635986706987,-0.1302251945265226
CS2_3,19.0,0.8483555836766131,0.8539635986706987,0.005608014994085586
CS2_3,19.0,0.9775243759419373,0.8539635986706987,-0.1235607772712386
CS2_3,19.0,0.980194871699806,0.8539635986706987,-0.1262312730291073
CS2_3,20.0,0.9740986939553892,0.865232603500042,-0.10886609045534712
CS2_3,20.0,0.9764796507390509,0.865232603500042,-0.1112470472390088
CS2_3,20.0,0.9783106397337272,0.865232603500042,-0.11307803623368518
CS2_3,20.0,0.9537521139750063,0.865232603500042,-0.0885195104749642
CS2_3,20.0,0.8191690565832356,0.865232603500042,0.046063546916806475
CS2_3,21.0,0.9698090027713802,0.8558266859922157,-0.11398231677916448
CS2_3,21.0,0.972738362567335,0.8558266859922157,-0.11691167657511936
CS2_3,21.0,0.9747511420663173,0.8558266859922157,-0.11892445607410163
CS2_3,21.0,0.9460254012358087,0.8558266859922157,-0.09019871524359302
CS2_3,22.0,0.9433855335606389,0.8455948309693496,-0.0977907025912893
CS2_3,22.0,0.9720708970369089,0.8455948309693496,-0.12647606606755923
CS2_3,22.0,0.9672740241399373,0.8455948309693496,-0.12167919317058773
CS2_3,22.0,0.9707087481178834,0.8455948309693496,-0.12511391714853382
CS2_3,24.0,0.9701225309121284,0.8507175249250387,-0.1194050059870897
CS2_3,24.0,0.973252307580708,0.8507175249250387,-0.1225347826556693
CS2_3,24.0,0.9753819061900365,0.8507175249250387,-0.12466438126499779
CS2_3,24.0,0.9525719315554629,0.8507175249250387,-0.10185440663042422
CS2_3,25.0,0.9663850754950691,0.8404962346630979,-0.12588884083197127
CS2_3,25.0,0.9701514490557955,0.8404962346630979,-0.12965521439269767
CS2_3,25.0,0.9707549203548623,0.8404962346630979,-0.13025868569176446
CS2_3,25.0,0.9409017086174452,0.8404962346630979,-0.10040547395434729
CS2_3,26.0,0.824473869401373,0.8292143673670562,0.00474049796568321
CS2_3,26.0,0.9497505501831811,0.8292143673670562,-0.12053618281612488
CS2_3,26.0,0.964503949923722,0.8292143673670562,-0.1352895825566658
CS2_3,26.0,0.9691723049605032,0.8292143673670562,-0.139957937593447
CS2_3,26.0,0.9713802702587364,0.8292143673670562,-0.14216590289168018
CS2_3,27.0,0.8405716469680241,0.8380473560668594,-0.002524290901164683
CS2_3,27.0,0.9638269426800183,0.8380473560668594,-0.1257795866131589
CS2_3,27.0,0.9664091660807826,0.8380473560668594,-0.12836181001392322
CS2_3,27.0,0.9697047192993707,0.8380473560668594,-0.13165736323251132
CS2_3,27.0,0.9532281546213953,0.8380473560668594,-0.11518079855453589
CS2_3,28.0,0.9347507203454765,0.8421358788563944,-0.09261484148908206
CS2_3,28.0,0.9640308815473017,0.8421358788563944,-0.12189500269090725
CS2_3,28.0,0.9604397875923016,0.8421358788563944,-0.11830390873590724
CS2_3,28.0,0.962601923495414,0.8421358788563944,-0.12046604463901955
CS2_3,29.0,0.9574128543685734,0.8440172093081216,-0.11339564506045174
CS2_3,29.0,0.960476042068004,0.8440172093081216,-0.11645883275988234
CS2_3,30.0,0.952867145679256,0.8388850282452134,-0.11398211743404263
CS2_3,30.0,0.955816742123696,0.8388850282452134,-0.11693171387848267
CS2_3,30.0,0.9570128899801861,0.8388850282452134,-0.1181278617349727
CS2_3,30.0,0.9364984219913387,0.8388850282452134,-0.09761339374612532
CS2_3,31.0,0.9509728959684831,0.7444748531879997,-0.20649804278048345
CS2_3,32.0,0.9624769038153742,0.8701536104897081,-0.09232329332566613
CS2_3,32.0,0.93656238457532,0.8701536104897081,-0.06640877408561197
CS2_3,32.0,0.9614884916577282,0.8701536104897081,-0.09133488116802013
CS2_3,32.0,0.9597082616700147,0.8701536104897081,-0.08955465118030659
CS2_3,33.0,0.9548574216809382,0.8487234147886575,-0.1061340068922807
CS2_3,33.0,0.9574045193878833,0.8487234147886575,-0.10868110459922575
CS2_3,33.0,0.9577703720893835,0.8487234147886575,-0.109046957300726
CS2_3,33.0,0.9306195779922117,0.8487234147886575,-0.0818961632035542
CS2_3,34.0,0.9521283324209826,0.8432653208007178,-0.1088630116202648
CS2_3,34.0,0.9549755950380956,0.8432653208007178,-0.11171027423737778
CS2_3,34.0,0.9551872056866346,0.8432653208007178,-0.11192188488591681
CS2_3,34.0,0.9273393142523827,0.8432653208007178,-0.08407399345166489
CS2_3,35.0,0.9320905717036176,0.8786626242285599,-0.05342794747505775
CS2_3,35.0,0.9541791906586463,0.8786626242285599,-0.07551656643008642
CS2_3,35.0,0.9523344532113349,0.8786626242285599,-0.07367182898277502
CS2_3,35.0,0.9482235610663755,0.8786626242285599,-0.06956093683781561
CS2_3,36.0,0.9479234975394797,0.8419853311903653,-0.10593816634911435
CS2_3,36.0,0.9470341985216183,0.8419853311903653,-0.10504886733125296
CS2_3,36.0,0.947702867090174,0.8419853311903653,-0.1057175358998087
CS2_3,36.0,0.9224614142635694,0.8419853311903653,-0.08047608307320409
CS2_3,37.0,0.9433762587982394,0.7516484796766206,-0.19172777912161876
CS2_3,37.0,0.9512448677818902,0.7516484796766206,-0.19959638810526958
CS2_3,37.0,0.9510275972703317,0.7516484796766206,-0.19937911759371107
CS2_3,38.0,0.8186845907925785,0.7347372732774571,-0.08394731751512141
CS2_3,38.0,0.9286354783194063,0.7347372732774571,-0.1938982050419492
CS2_3,38.0,0.948351018179714,0.7347372732774571,-0.21361374490225693
CS2_3,38.0,0.9482038183440761,0.7347372732774571,-0.213466545066619
CS2_3,38.0,0.9511855015158128,0.7347372732774571,-0.21644822823835574
CS2_3,39.0,0.9426888390986607,0.813985274212669,-0.12870356488599177
CS2_3,39.0,0.944788151514888,0.813985274212669,-0.13080287730221907
CS2_3,40.0,0.952042798131569,0.8397120406246543,-0.11233075750691468
CS2_3,40.0,0.9521531052292128,0.8397120406246543,-0.1124410646045585
CS2_3,40.0,0.9486798461169853,0.8397120406246543,-0.10896780549233098
CS2_3,40.0,0.9233675530268026,0.8397120406246543,-0.0836555124021483
CS2_3,40.0,0.8136137465903911,0.8397120406246543,0.026098294034263225
CS2_3,41.0,0.9148068036917882,0.8348670530032383,-0.07993975068854997
CS2_3,41.0,0.9490505659385022,0.8348670530032383,-0.11418351293526396
CS2_3,41.0,0.9475134315178922,0.8348670530032383,-0.11264637851465398
CS2_3,41.0,0.9451879181669145,0.8348670530032383,-0.11032086516367623
CS2_3,42.0,0.9444319046171964,0.8102524443548654,-0.13417946026233096
CS2_3,42.0,0.9479664147062417,0.8102524443548654,-0.13771397035137622
CS2_3,42.0,0.9449016749787933,0.8102524443548654,-0.13464923062392786
CS2_3,42.0,0.9208146095311945,0.8102524443548654,-0.11056216517632911
CS2_3,43.0,0.9415057422855478,0.838638591469211,-0.1028671508163368
CS2_3,43.0,0.9407916593303135,0.838638591469211,-0.10215306786110245
CS2_3,43.0,0.9390528106598112,0.838638591469211,-0.10041421919060012
CS2_3,43.0,0.9086523303456087,0.838638591469211,-0.07001373887639761
CS2_3,44.0,0.9016821750893526,0.8410628631957481,-0.06061931189360448
CS2_3,44.0,0.9347462759464011,0.8410628631957481,-0.09368341275065306
CS2_3,44.0,0.9365330981129705,0.8410628631957481,-0.0954702349172224
CS2_3,44.0,0.9370552381420962,0.8410628631957481,-0.09599237494634816
CS2_3,45.0,0.9336350150478782,0.8870071728569867,-0.046627842190891444
CS2_3,45.0,0.9374489052477973,0.8870071728569867,-0.05044173239081062
CS2_3,45.0,0.9329720298716356,0.8870071728569867,-0.04596485701464892
CS2_3,46.0,0.9366864465387897,0.8626068535309565,-0.07407959300783329
CS2_3,46.0,0.9388102719030713,0.8626068535309565,-0.07620341837211486
CS2_3,46.0,0.9404631759456412,0.8626068535309565,-0.07785632241468476
CS2_3,46.0,0.9061483637475083,0.8626068535309565,-0.04354151021655184
CS2_3,47.0,0.9018949662763429,0.927097311656644,0.025202345380301083
CS2_3,47.0,0.9337492892215513,0.927097311656644,-0.006651977564907319
CS2_3,47.0,0.9351251496029955,0.927097311656644,-0.008027837946351535
CS2_3,47.0,0.9367405450618372,0.927097311656644,-0.009643233405193241
CS2_3,48.0,0.9338119724697401,0.8129153374222466,-0.12089663504749348
CS2_3,48.0,0.9363155659824774,0.8129153374222466,-0.1234002285602308
CS2_3,48.0,0.9334808129919014,0.8129153374222466,-0.1205654755696548
CS2_3,48.0,0.9062727415947776,0.8129153374222466,-0.09335740417253091
CS2_3,48.0,0.8162457777190176,0.8129153374222466,-0.0033304402967709867
CS2_3,49.0,0.9035962518976683,0.8423771004163314,-0.06121915148133694
CS2_3,49.0,0.9289644659569057,0.8423771004163314,-0.08658736554057433
CS2_3,49.0,0.9303318850706577,0.8423771004163314,-0.08795478465432627
CS2_3,49.0,0.9302100805667999,0.8423771004163314,-0.08783298015046848
CS2_3,50.0,0.9268057688635049,0.8307119891110427,-0.09609377975246214
CS2_3,50.0,0.9286119180896318,0.8307119891110427,-0.09789992897858912
CS2_3,50.0,0.9245504853283295,0.8307119891110427,-0.0938384962172868
CS2_3,50.0,0.8885443107418614,0.8307119891110427,-0.05783232163081864
CS2_3,51.0,0.922858906983543,0.8307119891110427,-0.09214691787250029
CS2_3,51.0,0.9218427972531197,0.8307119891110427,-0.09113080814207697
CS2_3,51.0,0.916185721184989,0.8307119891110427,-0.08547373207394626
CS2_3,52.0,0.8058664120971691,0.8108251799713604,0.00495876787419125
CS2_3,52.0,0.9260534081585858,0.8108251799713604,-0.11522822818722545
CS2_3,52.0,0.8997095451823042,0.8108251799713604,-0.08888436521094378
CS2_3,52.0,0.9294306966792245,0.8108251799713604,-0.11860551670786412
CS2_3,52.0,0.9325226653283378,0.8108251799713604,-0.12169748535697744
CS2_3,53.0,0.9264227131753593,0.8135490569426082,-0.11287365623275114
CS2_3,53.0,0.9255827950977573,0.8135490569426082,-0.11203373815514917
CS2_3,53.0,0.9215146806448096,0.8135490569426082,-0.10796562370220142
CS2_3,53.0,0.9035398598169774,0.8135490569426082,-0.08999080287436922
CS2_3,53.0,0.8390554644868455,0.8135490569426082,-0.025506407544237386
CS2_3,55.0,0.88971491459436,0.7980234447709497,-0.09169146982341037
CS2_3,55.0,0.9163810315705594,0.7980234447709497,-0.11835758679960973
CS2_3,55.0,0.9239931638422478,0.7980234447709497,-0.12596971907129817
CS2_3,55.0,0.9190979527833557,0.7980234447709497,-0.12107450801240605
CS2_3,56.0,0.920066327188615,0.8204849325014084,-0.09958139468720661
CS2_3,56.0,0.9197543078309901,0.8204849325014084,-0.09926937532958169
CS2_3,56.0,0.9156993253980628,0.8204849325014084,-0.09521439289665434
CS2_3,56.0,0.8838150705305157,0.8204849325014084,-0.06333013802910725
CS2_3,56.0,0.818383584046898,0.8204849325014084,0.0021013484545103767
CS2_3,57.0,0.9151277218152654,0.8148650168507243,-0.10026270496454104
CS2_3,57.0,0.8925423483869841,0.8148650168507243,-0.07767733153625977
CS2_3,57.0,0.9169629501918224,0.8148650168507243,-0.10209793334109807
CS2_3,57.0,0.9163371502922355,0.8148650168507243,-0.10147213344151118
CS2_3,57.0,0.8153987550668427,0.8148650168507243,-0.0005337382161183513
CS2_3,58.0,0.8281727482334597,0.9677031946076491,0.13953044637418943
CS2_3,58.0,0.8969701496301277,0.9677031946076491,0.07073304497752142
CS2_3,58.0,0.9183070598560372,0.9677031946076491,0.049396134751611864
CS2_3,58.0,0.9194102656878339,0.9677031946076491,0.04829292891981518
CS2_3,58.0,0.9179642230909696,0.9677031946076491,0.0497389715166795
CS2_3,59.0,0.9184089636435807,0.821789189624485,-0.09661977401909572
CS2_3,59.0,0.9153019838354434,0.821789189624485,-0.09351279421095837
CS2_3,59.0,0.910383804197775,0.821789189624485,-0.08859461457328999
CS2_3,59.0,0.8808473028574003,0.821789189624485,-0.05905811323291532
CS2_3,60.0,0.9136931329879325,0.7788359000618604,-0.1348572329260721
CS2_3,60.0,0.912096078762696,0.7788359000618604,-0.13326017870083562
CS2_3,60.0,0.9081585963144813,0.7788359000618604,-0.12932269625262083
CS2_3,60.0,0.8847581944416486,0.7788359000618604,-0.10592229437978817
CS2_3,61.0,0.8673876739716941,0.944108811170432,0.07672113719873785
CS2_3,61.0,0.9037079446420879,0.944108811170432,0.04040086652834407
CS2_3,61.0,0.9118233826192311,0.944108811170432,0.03228542855120087
CS2_3,61.0,0.9128452820329791,0.944108811170432,0.031263529137452895
CS2_3,62.0,0.9096487537362724,0.8140164369347485,-0.09563231680152395
CS2_3,62.0,0.9083822082819354,0.8140164369347485,-0.09436577134718693
CS2_3,62.0,0.9017279074635204,0.8140164369347485,-0.08771147052877193
CS2_3,62.0,0.8760437477203589,0.8140164369347485,-0.06202731078561041
CS2_3,62.0,0.8105370824036782,0.8140164369347485,0.003479354531070289
CS2_3,63.0,0.8074542481700295,0.9714704977123088,0.16401624954227922
CS2_3,63.0,0.879828844100086,0.9714704977123088,0.09164165361222276
CS2_3,63.0,0.9065365624496458,0.9714704977123088,0.064933935262663
CS2_3,63.0,0.9066255145235289,0.9714704977123088,0.06484498318877985
CS2_3,63.0,0.9064228841465819,0.9714704977123088,0.06504761356572686
CS2_3,64.0,0.90955551040841,0.9555950437740975,0.04603953336568756
CS2_3,64.0,0.9121810345762823,0.9555950437740975,0.04341400919781524
CS2_3,64.0,0.9105013726244434,0.9555950437740975,0.045093671149654124
CS2_3,64.0,0.887591245506456,0.9555950437740975,0.06800379826764158
CS2_3,64.0,0.8303713409408353,0.9555950437740975,0.12522370283326223
CS2_3,65.0,0.903380430201156,0.8409410953620057,-0.06243933483915032
CS2_3,65.0,0.8715931941609113,0.8409410953620057,-0.030652098798905625
CS2_3,65.0,0.9119967792847248,0.8409410953620057,-0.0710556839227191
CS2_3,65.0,0.9087557137277349,0.8409410953620057,-0.06781461836572922
CS2_3,66.0,0.9072007054677427,1.0136456035004644,0.10644489803272172
CS2_3,66.0,0.9053160428601845,1.0136456035004644,0.10832956064027988
CS2_3,66.0,0.9000784845018852,1.0136456035004644,0.11356711899857919
CS2_3,66.0,0.8768221454888996,1.0136456035004644,0.1368234580115648
CS2_3,66.0,0.8143589329212836,1.0136456035004644,0.1992866705791808
CS2_3,67.0,0.8571758090725834,0.8226217987011567,-0.03455401037142669
CS2_3,67.0,0.9076276996319746,0.8226217987011567,-0.08500590093081795
CS2_3,67.0,0.9051925242299408,0.8226217987011567,-0.08257072552878408
CS2_3,67.0,0.895234796983769,0.8226217987011567,-0.07261299828261225
CS2_3,68.0,0.893733992018495,0.8106199925450184,-0.08311399947347664
CS2_3,68.0,0.8620805829430707,0.8106199925450184,-0.051460590398052286
CS2_3,68.0,0.9035879833893067,0.8106199925450184,-0.0929679908442883
CS2_3,68.0,0.9010488982712148,0.8106199925450184,-0.09042890572619644
CS2_3,69.0,0.871532426117718,0.948736420722415,0.07720399460469707
CS2_3,69.0,0.8996064525252918,0.948736420722415,0.04912996819712323
CS2_3,69.0,0.9018656679085734,0.948736420722415,0.046870752813841676
CS2_3,69.0,0.8991618770996634,0.948736420722415,0.0495745436227516
CS2_3,70.0,0.8985476143457093,0.9833452831273144,0.0847976687816051
CS2_3,70.0,0.9018615113851003,0.9833452831273144,0.0814837717422141
CS2_3,70.0,0.8988178382683912,0.9833452831273144,0.08452744485892316
CS2_3,70.0,0.8675132418153549,0.9833452831273144,0.11583204131195945
CS2_3,71.0,0.9038862463587539,0.9681244562515922,0.06423820989283824
CS2_3,71.0,0.9048678829921267,0.9681244562515922,0.06325657325946543
CS2_3,71.0,0.9011002426500357,0.9681244562515922,0.06702421360155641
CS2_3,71.0,0.8734036725155202,0.9681244562515922,0.09472078373607196
CS2_3,71.0,0.81618770368491,0.9681244562515922,0.15193675256668215
CS2_3,72.0,0.857656521307091,0.818307100462432,-0.03934942084465898
CS2_3,72.0,0.8881129655327081,0.818307100462432,-0.06980586507027609
CS2_3,72.0,0.9026087002344494,0.818307100462432,-0.08430159977201734
CS2_3,72.0,0.8982586647522345,0.818307100462432,-0.07995156428980243
CS2_3,74.0,0.8829503312963423,0.9789844008967671,0.09603406960042482
CS2_3,74.0,0.8814167770911493,0.9789844008967671,0.09756762380561779
CS2_3,74.0,0.8564360638401499,0.9789844008967671,0.12254833705661716
CS2_3,75.0,0.8775160819078387,0.9701315247520029,0.09261544284416423
CS2_3,75.0,0.8729214326808238,0.9701315247520029,0.09721009207117914
CS2_3,75.0,0.8550407630382066,0.9701315247520029,0.11509076171379629
CS2_3,76.0,0.8099331270274024,0.9747067848908126,0.16477365786341025
CS2_3,76.0,0.8492685774523911,0.9747067848908126,0.1254382074384215
CS2_3,76.0,0.8735095506974154,0.9747067848908126,0.10119723419339721
CS2_3,76.0,0.8670378464926315,0.9747067848908126,0.10766893839818115
CS2_3,77.0,0.8740679628491345,0.999555775106542,0.12548781225740757
CS2_3,77.0,0.8751202612216509,0.999555775106542,0.12443551388489116
CS2_3,77.0,0.8657841612531743,0.999555775106542,0.13377161385336778
CS2_3,77.0,0.8265466294566309,0.999555775106542,0.1730091456499111
CS2_3,78.0,0.876183587411439,0.8555232212977661,-0.020660366113672834
CS2_3,78.0,0.8765082280543027,0.8555232212977661,-0.020985006756536584
CS2_3,78.0,0.858199576985695,0.8555232212977661,-0.0026763556879288997
CS2_3,79.0,0.8664479890245953,0.972007938730912,0.10555994970631666
CS2_3,79.0,0.8663445815449438,0.972007938730912,0.1056633571859682
CS2_3,79.0,0.8449300719855452,0.972007938730912,0.1270778667453668
CS2_3,81.0,0.857506182412135,0.9352426048925185,0.07773642248038348
CS2_3,81.0,0.8624993017534115,0.9352426048925185,0.07274330313910704
CS2_3,81.0,0.837782626193372,0.9352426048925185,0.09745997869914658
CS2_3,82.0,0.8552176196332211,0.9415253402392236,0.08630772060600256
CS2_3,82.0,0.828910541536985,0.9415253402392236,0.11261479870223867
CS2_3,82.0,0.8564497144233143,0.9415253402392236,0.08507562581590933
CS2_3,83.0,0.8242712502843016,0.9545263362014899,0.13025508591718826
CS2_3,83.0,0.8475090534607432,0.9545263362014899,0.10701728274074662
CS2_3,83.0,0.8534772514657482,0.9545263362014899,0.1010490847357417
CS2_3,84.0,0.849951001243581,0.9403056499267848,0.09035464868320375
CS2_3,84.0,0.8427030209946168,0.9403056499267848,0.09760262893216798
CS2_3,84.0,0.8184958008636132,0.9403056499267848,0.1218098490631716
CS2_3,85.0,0.8520566643021112,0.8847535105117957,0.032696846209684494
CS2_3,85.0,0.8526837247484764,0.8847535105117957,0.032069785763319314
CS2_3,85.0,0.838379201075203,0.8847535105117957,0.04637430943659271
CS2_3,86.0,0.8547668768033797,0.9232483063573816,0.06848142955400194
CS2_3,86.0,0.8549335581917458,0.9232483063573816,0.06831474816563587
CS2_3,86.0,0.8356851978678388,0.9232483063573816,0.08756310848954285
CS2_3,87.0,0.8453685983443281,0.9232483063573816,0.07787970801305355
CS2_3,88.0,0.8614138161331729,0.9277842706692287,0.06637045453605583
CS2_3,88.0,0.8572428043045964,0.9277842706692287,0.07054146636463232
CS2_3,88.0,0.8284988963034726,0.9277842706692287,0.09928537436575613
CS2_3,89.0,0.8594733160641846,0.8999148786192009,0.0404415625550163
CS2_3,89.0,0.8558859144034053,0.8999148786192009,0.04402896421579561
CS2_3,89.0,0.8314709976915367,0.8999148786192009,0.06844388092766429
CS2_3,90.0,0.8539264027915889,0.9549265764246394,0.10100017363305047
CS2_3,90.0,0.8413228334684575,0.9549265764246394,0.11360374295618192
CS2_3,90.0,0.8052629261429759,0.9549265764246394,0.1496636502816635
CS2_3,91.0,0.8326854397285949,0.894511008063552,0.061825568334957115
CS2_3,91.0,0.8425000900778576,0.894511008063552,0.05201091798569435
CS2_3,92.0,0.835912977903577,0.8548778171115045,0.018964839207927464
CS2_3,92.0,0.8268095088671445,0.8548778171115045,0.028068308244359907
CS2_3,93.0,0.8270533166402864,0.8258911028301964,-0.0011622138100899626
CS2_3,93.0,0.8225879453907952,0.8258911028301964,0.0033031574394012386
CS2_3,94.0,0.8233958251216359,0.8258911028301964,0.002495277708560506
CS2_3,95.0,0.8244475061643584,0.7812573105251922,-0.04319019563916615
CS2_3,95.0,0.8244560892798306,0.7812573105251922,-0.0431987787546384
CS2_3,96.0,0.8180541342199229,0.7667683421339909,-0.05128579208593198
CS2_3,96.0,0.8175862165260989,0.7667683421339909,-0.05081787439210794
CS2_3,97.0,0.8196475243938918,0.8288403639801658,0.009192839586274038
CS2_3,97.0,0.8160996498753953,0.8288403639801658,0.012740714104770512
CS2_3,98.0,0.8241632023086918,0.8730143931634887,0.048851190854796944
CS2_3,98.0,0.8240952263934949,0.8730143931634887,0.04891916676999386
CS2_3,99.0,0.8215252582924907,0.8857901598691729,0.06426490157668219
CS2_3,99.0,0.8109181603004225,0.8857901598691729,0.07487199956875035
CS2_3,100.0,0.8141364407592327,0.8535022901551544,0.03936584939592169
CS2_3,100.0,0.8054511583041094,0.8535022901551544,0.04805113185104504
CS2_3,101.0,0.8075414051411899,0.7587305485878324,-0.048810856553357485
CS2_3,102.0,0.825730093093895,0.8952246624183546,0.06949456932445963
CS2_3,102.0,0.8173184878285528,0.8952246624183546,0.07790617458980187
CS2_3,103.0,0.8136749042200556,0.9153082463757791,0.1016333421557235
CS2_3,103.0,0.8062019850007611,0.9153082463757791,0.109106261375018
CS2_3,104.0,0.8069095732914381,0.9097328301948774,0.1028232569034393
CS2_3,106.0,0.8075274790193945,0.7161481712233942,-0.09137930779600023
CS2_33,5.0,0.994003673027912,1.0,0.005996326972087962
CS2_33,6.0,0.9925213271431181,1.0000082064165006,0.00748687927338243
CS2_33,7.0,0.9879795238236766,1.0000082064165006,0.01202868259282397
CS2_33,8.0,0.9862456203568536,1.0000082064165006,0.013762586059646975
CS2_33,9.0,0.9843953623101448,0.9936490064301687,0.00925364412002394
CS2_33,10.0,0.98516000499528,0.9936490064301687,0.008489001434888732
CS2_33,11.0,0.9852565496158208,0.9936490064301687,0.00839245681434797
CS2_33,12.0,0.9847456239524587,0.9951059051635937,0.01036028121113497
CS2_33,13.0,0.9840040493019767,0.9951059051635937,0.011101855861616938
CS2_33,14.0,0.9832960923509028,0.9951059051635937,0.01180981281269089
CS2_33,15.0,0.9826540143548261,0.9949433181342888,0.01228930377946269
CS2_33,16.0,0.9819745814856438,0.9943686553182102,0.01239407383256641
CS2_33,17.0,0.9811346641129666,0.9928145460631317,0.011679881950165116
CS2_33,18.0,0.9805001870954498,0.992642404656538,0.012142217561088131
CS2_33,19.0,0.9798586110706293,0.991932754533876,0.012074143463246645
CS2_33,20.0,0.9791774714885387,0.990713741477892,0.01153626998935331
CS2_33,21.0,0.9785720849331361,0.9890312675858524,0.010459182652716281
CS2_33,22.0,0.9756951327257704,0.9889591930362837,0.013264060310513304
CS2_33,23.0,0.9725226706509381,0.9885204347880054,0.015997764137067327
CS2_33,24.0,0.9711660117445956,0.9785992496676733,0.007433237923077707
CS2_33,25.0,0.9699966213454466,0.9782213605426637,0.008224739197217112
CS2_33,26.0,0.8755293540154478,0.9777554715817388,0.10222611756629096
CS2_33,27.0,0.9724425175578867,0.9764826165515682,0.004040098993681518
CS2_33,28.0,0.867405735415711,0.9759336023100637,0.10852786689435268
CS2_33,29.0,0.9676275452556613,0.9721633082952471,0.004535763039585805
CS2_33,30.0,0.9664855047786833,0.9719300143570134,0.005444509578330092
CS2_33,31.0,0.9674089345960946,0.9721633082952471,0.004754373699152548
CS2_33,32.0,0.9690308895272007,0.9721633082952471,0.0031324187680463744
CS2_33,33.0,0.965229074864593,0.9721633082952471,0.006934233430654135
CS2_33,34.0,0.9640433457268892,0.9719300143570134,0.007886668630124216
CS2_33,35.0,0.9633814603996879,0.9697769630326187,0.006395502632930872
CS2_33,36.0,0.9630124809376277,0.9697769630326187,0.006764482094991031
CS2_33,37.0,0.9654910515144162,0.9697769630326187,0.0042859115182025675
CS2_33,38.0,0.9641785718562184,0.9697769630326187,0.005598391176400375
CS2_33,39.0,0.9613879066848827,0.9681157171100894,0.006727810425206648
CS2_33,40.0,0.9606571414864081,0.9660590511118828,0.00540190962547471
CS2_33,41.0,0.9595852973611589,0.9645106598047284,0.004925362443569448
CS2_33,42.0,0.9621061091863282,0.9645106598047284,0.0024045506184001697
CS2_33,43.0,0.9617908778326009,0.9645106598047284,0.002719781972127522
CS2_33,44.0,0.958120050816389,0.9643990603012104,0.006279009484821407
CS2_33,45.0,0.9573969698592235,0.9617039670429652,0.004306997183741723
CS2_33,46.0,0.9567042800755517,0.9604866145231583,0.0037823344476065612
CS2_33,47.0,0.9591603736337004,0.9604866145231583,0.0013262408894578748
CS2_33,48.0,0.9596250586837921,0.9617039670429652,0.002078908359173126
CS2_33,49.0,0.9597811291047246,0.9644184530946885,0.004637323989963971
CS2_33,50.0,0.959794233514318,0.9647995721806236,0.005005338666305592
CS2_33,51.0,0.9601773862851698,0.9649926220671802,0.004815235782010374
CS2_33,52.0,0.9599791974977696,0.9647995721806236,0.004820374682854012
CS2_33,53.0,0.9597491439448522,0.9646384129840625,0.0048892690392102756
CS2_33,54.0,0.9687052131906965,0.9647995721806236,-0.0039056410100728467
CS2_33,55.0,0.9684834815654428,0.9651339477070909,-0.003349533858351905
CS2_33,56.0,0.9682748758705297,0.9654608889633549,-0.002813986907174826
CS2_33,57.0,0.9645104419348538,0.9654608889633549,0.0009504470285011113
CS2_33,58.0,0.962751989135052,0.9654608889633549,0.002708899828302913
CS2_33,59.0,0.9616799489639623,0.9635578324935317,0.001877883529569413
CS2_33,60.0,0.9586806293240577,0.9635578324935317,0.0048772031694739315
CS2_33,61.0,0.9586279747871193,0.9621174158804873,0.0034894410933680176
CS2_33,62.0,0.9563445704938818,0.9596769159280438,0.003332345434162054
CS2_33,63.0,0.955124368423529,0.9594143153878428,0.00428994696431384
CS2_33,64.0,0.9543909920322661,0.9530477551045569,-0.0013432369277092127
CS2_33,65.0,0.9528584817062089,0.9523602097053503,-0.0004982720008586128
CS2_33,66.0,0.9530028570955204,0.9523602097053503,-0.0006426473901700591
CS2_33,67.0,0.9521017507699211,0.9502518083317495,-0.0018499424381716034
CS2_33,68.0,0.950627250121482,0.9493100075844911,-0.001317242536990837
CS2_33,69.0,0.9502746279007069,0.9491391575289027,-0.0011354703718042813
CS2_33,70.0,0.9492002560355154,0.9491391575289027,-6.109850661273342e-05
CS2_33,71.0,0.9496709166767399,0.9486974648594967,-0.0009734518172431761
CS2_33,72.0,0.9492568389123256,0.9486974648594967,-0.0005593740528289093
CS2_33,73.0,0.9486280581464301,0.9483058618684704,-0.0003221962779597076
CS2_33,74.0,0.9481288318558455,0.9483058618684704,0.00017703001262492357
CS2_33,75.0,0.9481396885195494,0.9483058618684704,0.0001661733489209949
CS2_33,76.0,0.9472765599598273,0.9480180273467811,0.000741467386953798
CS2_33,77.0,0.8388268726917422,0.9472159725338578,0.10838909984211564
CS2_33,78.0,0.9464806984675693,0.9470018494334951,0.000521150965925754
CS2_33,79.0,0.9458737453853244,0.946405545474624,0.0005318000892995389
CS2_33,80.0,0.9455585179845764,0.9456156026379283,5.708465335196866e-05
CS2_33,81.0,0.8382261614935695,0.9448148666458912,0.10658870515232166
CS2_33,82.0,0.9447646359721764,0.9448148666458912,5.023067371479062e-05
CS2_33,83.0,0.9443195603023445,0.9444084548388052,8.88945364606597e-05
CS2_33,84.0,0.9413841299694413,0.9429647830379146,0.0015806530684733255
CS2_33,85.0,0.9406016723310205,0.9345585057691017,-0.0060431665619188335
CS2_33,87.0,0.9416041078287101,0.9391369559831828,-0.00246715184552726
CS2_33,88.0,0.9422790601394843,0.9391369559831828,-0.0031421041563014507
CS2_33,89.0,0.944284892717729,0.9391369559831828,-0.005147936734546166
CS2_33,90.0,0.9447150313208054,0.9391939988372918,-0.005521032483513544
CS2_33,91.0,0.9419027461928021,0.9415613019892779,-0.00034144420352422156
CS2_33,92.0,0.9420081666479991,0.942635062235946,0.0006268955879468185
CS2_33,93.0,0.9411182417201744,0.942635062235946,0.0015168205157715109
CS2_33,94.0,0.9415501164724989,0.942635062235946,0.0010849457634470872
CS2_33,95.0,0.9432157772948402,0.9430950735827411,-0.00012070371209904618
CS2_33,96.0,0.9402002149712029,0.9430950735827411,0.0028948586115382646
CS2_33,97.0,0.9392493776711237,0.9391050488721825,-0.00014432879894121786
CS2_33,98.0,0.9390134597645698,0.9380540285634015,-0.0009594312011683703
CS2_33,99.0,0.9377774926655824,0.9380540285634015,0.0002765358978190635
CS2_33,100.0,0.9406938561713991,0.9380540285634015,-0.0026398276079976357
CS2_33,101.0,0.9396888852618531,0.9357468791656205,-0.003942006096232631
CS2_33,102.0,0.936897827084844,0.9348569701067928,-0.002040856978051231
CS2_33,103.0,0.9366599154387767,0.9351460420453661,-0.0015138733934105808
CS2_33,104.0,0.9354153439228948,0.9340442762675326,-0.0013710676553622125
CS2_33,105.0,0.9380735261460892,0.9340442762675326,-0.004029249878556573
CS2_33,106.0,0.9385694804376556,0.9351460420453661,-0.003423438392289535
CS2_33,107.0,0.9394708359361826,0.9382181722976087,-0.0012526636385739032
CS2_33,108.0,0.939911377681128,0.9384057125068226,-0.0015056651743053928
CS2_33,109.0,0.9401236005740048,0.9396235911842203,-0.0005000093897844504
CS2_33,110.0,0.9404063528885528,0.9408081425738845,0.00040178968533166604
CS2_33,111.0,0.9403446360855509,0.9409843069957193,0.0006396709101684772
CS2_33,112.0,0.9402752131033224,0.9408081425738845,0.0005329294705620491
CS2_33,113.0,0.9403173075203176,0.9403779205800976,6.061305978000142e-05
CS2_33,114.0,0.9401596327959592,0.9408081425738845,0.0006485097779252991
CS2_33,115.0,0.9401435788870994,0.9405890235181379,0.00044544463103846077
CS2_33,116.0,0.9399194190777432,0.9403779205800976,0.00045850150235438036
CS2_33,117.0,0.938643226147136,0.9401088564991523,0.0014656303520163005
CS2_33,118.0,0.9339143892414815,0.9394682041979437,0.005553814956462233
CS2_33,119.0,0.9335915342115403,0.930784208580159,-0.0028073256313813078
CS2_33,120.0,0.9327753975062196,0.9274620943675385,-0.005313303138681169
CS2_33,121.0,0.9349863614091646,0.9274620943675385,-0.00752426704162612
CS2_33,122.0,0.9363585838635673,0.930784208580159,-0.005574375283408317
CS2_33,123.0,0.9322678137642382,0.9274620943675385,-0.004805719396699715
CS2_33,124.0,0.9318478523597106,0.9275338551125495,-0.004313997247161083
CS2_33,125.0,0.9320114340413861,0.9275338551125495,-0.004477578928836601
CS2_33,126.0,0.9309791401981947,0.9275338551125495,-0.0034452850856452333
CS2_33,127.0,0.9340087336413301,0.9275338551125495,-0.006474878528780592
CS2_33,128.0,0.8320457769047088,0.9275338551125495,0.09548807820784067
CS2_33,129.0,0.929593591254141,0.9265476877461889,-0.0030459035079520858
CS2_33,130.0,0.9302229705162389,0.9269641052032448,-0.0032588653129941303
CS2_33,131.0,0.9294446490262981,0.9241249270985679,-0.0053197219277302255
CS2_33,132.0,0.931546266255367,0.9241249270985679,-0.0074213391567991005
CS2_33,133.0,0.9329278202468759,0.9269641052032448,-0.005963715043631135
CS2_33,134.0,0.928873106985202,0.9269641052032448,-0.001909001781957187
CS2_33,135.0,0.9287397556883897,0.9250484859241154,-0.003691269764274363
CS2_33,136.0,0.9283616152910381,0.9250484859241154,-0.00331312936692274
CS2_33,137.0,0.9389883884438803,0.9250484859241154,-0.013939902519764957
CS2_33,138.0,0.9370951697352143,0.9250484859241154,-0.012046683811098968
CS2_33,139.0,0.9394907696172715,0.9338323350624245,-0.005658434554847047
CS2_33,140.0,0.9392088462676492,0.9360929227667409,-0.0031159235009082797
CS2_33,141.0,0.9389258046205756,0.9375168416611814,-0.0014089629593941888
CS2_33,142.0,0.9384583868346318,0.9375168416611814,-0.0009415451734503533
CS2_33,143.0,0.9383831179109683,0.9375489356132052,-0.0008341822977631086
CS2_33,144.0,0.9379066371867234,0.9375168416611814,-0.0003897955255419694
CS2_33,145.0,0.9374270233888693,0.9369580519405892,-0.00046897144828006443
CS2_33,146.0,0.9370167322698016,0.9368147157403759,-0.00020201652942575254
CS2_33,147.0,0.936678084286215,0.935815197713848,-0.0008628865723669943
CS2_33,148.0,0.9364852548139597,0.9351849863246443,-0.0013002684893154148
CS2_33,149.0,0.9362188228032613,0.9351849863246443,-0.0010338364786169896
CS2_33,150.0,0.9364752656674622,0.9351668257353303,-0.0013084399321319218
CS2_33,151.0,0.8377315280091852,0.9351668257353303,0.09743529772614512
CS2_33,152.0,0.9306964541224554,0.9343057562796938,0.0036093021572384254
CS2_33,153.0,0.9300360690791389,0.9263971555921725,-0.003638913486966433
CS2_33,154.0,0.9290299955313551,0.9260341011652838,-0.0029958943660712833
CS2_33,155.0,0.9314252297522423,0.9260341011652838,-0.005391128586958449
CS2_33,156.0,0.9323068357997285,0.9263971555921725,-0.005909680207556001
CS2_33,157.0,0.9275188298710937,0.9263971555921725,-0.0011216742789211809
CS2_33,158.0,0.927039451054919,0.9232830136706301,-0.00375643738428888
CS2_33,159.0,0.9267340695358383,0.9232830136706301,-0.003451055865208108
CS2_33,160.0,0.9269297554267081,0.9232830136706301,-0.0036467417560779314
CS2_33,161.0,0.9297268056271077,0.9232830136706301,-0.006443791956477596
CS2_33,162.0,0.9278667628142427,0.9212872301538653,-0.006579532660377474
CS2_33,163.0,0.9253671747227955,0.9212872301538653,-0.004079944568930238
CS2_33,164.0,0.9257396202779831,0.9228481756135282,-0.0028914446644549008
CS2_33,165.0,0.9251695725734013,0.9211992032582743,-0.003970369315126954
CS2_33,166.0,0.9280199348349395,0.9211992032582743,-0.006820731576665184
CS2_33,167.0,0.9283896266576687,0.9228481756135282,-0.0055414510441405
CS2_33,168.0,0.9242289308323075,0.9228481756135282,-0.0013807552187793393
CS2_33,169.0,0.9242393353155093,0.9196048122030827,-0.004634523112426625
CS2_33,170.0,0.9236598878570047,0.9196048122030827,-0.004055075653922047
CS2_33,171.0,0.9249955148749559,0.9196048122030827,-0.005390702671873249
CS2_33,172.0,0.9277214141258823,0.9196048122030827,-0.008116601922799616
CS2_33,173.0,0.9241434976352347,0.9175053997424082,-0.006638097892826544
CS2_33,174.0,0.9236078194242088,0.9196270588755784,-0.003980760548630391
CS2_33,175.0,0.926050377036165,0.9231699008722937,-0.002880476163871326
CS2_33,176.0,0.9274806881848462,0.9212258723085732,-0.006254815876272968
CS2_33,177.0,0.9274429070187804,0.9212258723085732,-0.006217034710207181
CS2_33,178.0,0.9273848999306623,0.9217062276630758,-0.00567867226758656
CS2_33,179.0,0.9273477483956823,0.9222124411622201,-0.005135307233462227
CS2_33,180.0,0.9275257844639441,0.9222124411622201,-0.0053133433017239495
CS2_33,181.0,0.9276667104847109,0.9227328153006145,-0.004933895184096482
CS2_33,182.0,0.9275467009566699,0.9231866956962481,-0.004360005260421795
CS2_33,183.0,0.9273375090149579,0.9227328153006145,-0.004604693714343466
CS2_33,184.0,0.927307354523043,0.922915336812741,-0.004392017710302065
CS2_33,185.0,0.9271901471833665,0.9230340536622669,-0.00415609352109958
CS2_33,186.0,0.9271447930331821,0.9230231628782685,-0.004121630154913625
CS2_33,187.0,0.9312328592639137,0.922915336812741,-0.008317522451172787
CS2_33,188.0,0.9329090696922359,0.9230231628782685,-0.009885906813967393
CS2_33,189.0,0.8325561032714582,0.9230231628782685,0.09046705960681023
CS2_33,190.0,0.928817649436078,0.9186952108679197,-0.01012243856815831
CS2_33,191.0,0.9275589128377421,0.9186952108679197,-0.008863701969822335
CS2_33,192.0,0.9269562062099498,0.9207792791802378,-0.006176927029711954
CS2_33,193.0,0.9252145614512315,0.9195289343198438,-0.005685627131387649
CS2_33,194.0,0.9283674890978886,0.9207792791802378,-0.007588209917650746
CS2_33,195.0,0.9271495281021774,0.9207792791802378,-0.006370248921939603
CS2_33,196.0,0.9228058578740718,0.9195289343198438,-0.0032769235542279285
CS2_33,197.0,0.9225515675681886,0.9160783196960309,-0.006473247872157639
CS2_33,198.0,0.9211170685298816,0.9112638854613897,-0.009853183068491922
CS2_33,199.0,0.9236011186387816,0.9112638854613897,-0.012337233177391882
CS2_33,200.0,0.9246969671032976,0.9160783196960309,-0.0086186474072667
CS2_33,201.0,0.920228134595887,0.9112638854613897,-0.008964249134497337
CS2_33,202.0,0.9199824463796766,0.9144007199638683,-0.005581726415808341
CS2_33,203.0,0.9200017087486504,0.9144007199638683,-0.005600988784782102
CS2_33,204.0,0.9202735488143023,0.9144007199638683,-0.005872828850434053
CS2_33,205.0,0.9230307000162637,0.9144007199638683,-0.008629980052395458
CS2_33,206.0,0.9206865603866861,0.9144007199638683,-0.006285840422817768
CS2_33,207.0,0.9174750415678277,0.9129984715648815,-0.004476570002946212
CS2_33,208.0,0.9169497119893572,0.91186559985105,-0.005084112138307173
CS2_33,210.0,0.9108055895387379,0.9102401095199409,-0.0005654800187969711
CS2_33,211.0,0.9118901526604392,0.9102401095199409,-0.001650043140498214
CS2_33,212.0,0.9158310143209697,0.9102401095199409,-0.005590904801028751
CS2_33,213.0,0.9140289893099585,0.9089406132309684,-0.005088376078990042
CS2_33,214.0,0.9104824286895372,0.90458149218444,-0.005900936505097265
CS2_33,215.0,0.7936788523124899,0.90458149218444,0.11090263987195004
CS2_33,217.0,0.9076312023868667,0.896582781081502,-0.011048421305364653
CS2_33,218.0,0.9077644866965849,0.896582781081502,-0.011181705615082915
CS2_33,219.0,0.9096083194881607,0.8982698081512671,-0.011338511336893564
CS2_33,220.0,0.9134422859668113,0.8982698081512671,-0.015172477815544205
CS2_33,221.0,0.9116045462609671,0.8982698081512671,-0.013334738109699984
CS2_33,222.0,0.9077844573380539,0.9026443343151032,-0.005140123022950749
CS2_33,223.0,0.9076193299157074,0.9026443343151032,-0.004974995600604215
CS2_33,224.0,0.9070392853947546,0.9002650123946151,-0.006774273000139552
CS2_33,225.0,0.9099104062761677,0.9002650123946151,-0.00964539388155261
CS2_33,226.0,0.9112143312595455,0.9026443343151032,-0.008569996944442382
CS2_33,227.0,0.9058705041223454,0.9002650123946151,-0.005605491727730283
CS2_33,228.0,0.9059219370323326,0.8959131899935884,-0.010008747038744215
CS2_33,229.0,0.905704456331478,0.898191457524533,-0.007512998806945004
CS2_33,230.0,0.905948305731443,0.898191457524533,-0.0077568482069100275
CS2_33,231.0,0.9089011758326587,0.898191457524533,-0.010709718308125726
CS2_33,232.0,0.9096219733947826,0.9018325969577448,-0.007789376437037809
CS2_33,233.0,0.9098033762556625,0.9020748554025029,-0.0077285208531596705
CS2_33,234.0,0.9102714616059135,0.9023081066584,-0.007963354947513546
CS2_33,235.0,0.9106542756515738,0.9023081066584,-0.008346168993173753
CS2_33,236.0,0.910751371449714,0.9032691537766101,-0.007482217673103864
CS2_33,237.0,0.9109103947189707,0.9045067384095369,-0.006403656309433847
CS2_33,238.0,0.9105965723400893,0.9045067384095369,-0.006089833930552402
CS2_33,239.0,0.9111214309834953,0.9044691374765708,-0.006652293506924534
CS2_33,240.0,0.9107751808274727,0.9048754215742579,-0.005899759253214731
CS2_33,241.0,0.9112789441176838,0.9048754215742579,-0.00640352254342591
CS2_33,242.0,0.9114277436224875,0.9044691374765708,-0.0069586061459167015
CS2_33,243.0,0.9082743244467902,0.9041253281439641,-0.004148996302826169
CS2_33,244.0,0.9038083783766744,0.9041253281439641,0.00031694976728968705
CS2_33,245.0,0.9037461796601008,0.8971027132334596,-0.006643466426641265
CS2_33,246.0,0.9024691111459019,0.8939507941876209,-0.00851831695828098
CS2_33,247.0,0.9062700388076788,0.8939507941876209,-0.012319244620057845
CS2_33,248.0,0.9073576048656983,0.8971027132334596,-0.010254891632238694
CS2_33,249.0,0.9019918710918468,0.8939507941876209,-0.008041076904225841
CS2_33,250.0,0.9012545543752442,0.8952859762534895,-0.005968578121754664
CS2_33,251.0,0.9009508199180715,0.8963030324120135,-0.004647787506057988
CS2_33,252.0,0.9006235387808433,0.8963030324120135,-0.004320506368829857
CS2_33,253.0,0.9038906574575457,0.8963030324120135,-0.007587625045532231
CS2_33,254.0,0.9018266714863533,0.8963030324120135,-0.005523639074339837
CS2_33,255.0,0.8980331351035351,0.8963030324120135,-0.0017301026915216289
CS2_33,256.0,0.8975012619963999,0.8916733084505787,-0.005827953545821218
CS2_33,257.0,0.8966860914511995,0.890763392170441,-0.005922699280758503
CS2_33,258.0,0.9002297608093663,0.890763392170441,-0.00946636863892536
CS2_33,259.0,0.9016130067694588,0.8916733084505787,-0.009939698318880086
CS2_33,260.0,0.896449677940621,0.890763392170441,-0.005686285770180044
CS2_33,261.0,0.8961155633148017,0.8921382524188525,-0.003977310895949215
CS2_33,262.0,0.8956798546592191,0.8921382524188525,-0.0035416022403665925
CS2_33,263.0,0.8958046066939024,0.8921382524188525,-0.00366635427504991
CS2_33,264.0,0.8989463234816214,0.8921382524188525,-0.006808071062768928
CS2_33,265.0,0.8973396071078261,0.8921382524188525,-0.005201354688973647
CS2_33,266.0,0.8933358794089504,0.8854986262911901,-0.00783725311776029
CS2_33,267.0,0.9020096323692786,0.8937133581610227,-0.00829627420825585
CS2_33,268.0,0.9043943346874389,0.8937133581610227,-0.010680976526416197
CS2_33,269.0,0.9042993361553506,0.8967610452102961,-0.007538290945054538
CS2_33,270.0,0.9040312694989289,0.8987257509488329,-0.005305518550095978
CS2_33,271.0,0.9044609110480959,0.9005093522879088,-0.003951558760187046
CS2_33,272.0,0.9040577750544951,0.8987257509488329,-0.0053320241056622475
CS2_33,273.0,0.9038140835217912,0.8986754722976489,-0.0051386112241422754
CS2_33,274.0,0.9033602381630607,0.8986754722976489,-0.004684765865411777
CS2_33,275.0,0.9031352076604969,0.8985789026248631,-0.0045563050356338675
CS2_33,276.0,0.7943174754147678,0.8975374574311484,0.10321998201638061
CS2_33,277.0,0.9029636408183587,0.8975374574311484,-0.005426183387210237
CS2_33,278.0,0.902814851720766,0.896966249557029,-0.00584860216373706
CS2_33,279.0,0.9027686897359077,0.896966249557029,-0.005802440178878765
CS2_33,280.0,0.9002588662221257,0.8965933518593304,-0.0036655143627952746
CS2_33,281.0,0.8948760814874178,0.8965933518593304,0.0017172703719126048
CS2_33,282.0,0.8939469415556708,0.8894218444461568,-0.004525097109513987
CS2_33,283.0,0.8927095405254385,0.8878359785991704,-0.0048735619262680885
CS2_33,284.0,0.895475987512349,0.8878359785991704,-0.00764000891317862
CS2_33,285.0,0.8974594416487158,0.8894218444461568,-0.008037597202559033
CS2_33,286.0,0.8923501816232968,0.8878359785991704,-0.0045142030241264175
CS2_33,287.0,0.8911223493932219,0.888339582264464,-0.0027827671287579125
CS2_33,288.0,0.8902587929153182,0.888339582264464,-0.0019192106508542084
CS2_33,290.0,0.893686895253706,0.884641106898989,-0.009045788354717033
CS2_33,291.0,0.8949540559700322,0.888339582264464,-0.0066144737055682246
CS2_33,293.0,0.8885522462480652,0.88240336412088,-0.006148882127185118
CS2_33,294.0,0.8875004759901906,0.8829070788394565,-0.004593397150734035
CS2_33,295.0,0.8867988058072609,0.88240336412088,-0.004395441686380841
CS2_33,296.0,0.8913463211177904,0.88240336412088,-0.00894295699691039
CS2_33,297.0,0.8907565531286648,0.88240336412088,-0.0083531890077847
CS2_33,298.0,0.8855434770901894,0.8823518576162412,-0.003191619473948193
CS2_33,299.0,0.8860458035200687,0.8821029373611142,-0.00394286615895445
CS2_33,300.0,0.8850279773670723,0.8817084115814536,-0.00331956578561865
CS2_33,301.0,0.8856980266458842,0.8817084115814536,-0.003989615064430518
CS2_33,302.0,0.8888164796628972,0.8821029373611142,-0.006713542301783004
CS2_33,303.0,0.8847251022315595,0.8821029373611142,-0.0026221648704453093
CS2_33,304.0,0.8830319939825504,0.8803220059589026,-0.002709988023647747
CS2_33,305.0,0.8823259014151783,0.8794089036368276,-0.0029169977783507495
CS2_33,306.0,0.8812940550050389,0.877404493620993,-0.0038895613840458365
CS2_33,307.0,0.8854647203448023,0.877404493620993,-0.008060226723809238
CS2_33,308.0,0.8863302808619666,0.8794089036368276,-0.00692137722513908
CS2_33,309.0,0.8867444961464195,0.8810869933465078,-0.005657502799911729
CS2_33,310.0,0.8870048781490227,0.8823743083179422,-0.0046305698310805665
CS2_33,311.0,0.8881733871953718,0.8824616353585898,-0.005711751836781964
CS2_33,312.0,0.888343195648937,0.8824616353585898,-0.005881560290347254
CS2_33,313.0,0.8885307751926074,0.8829255627008809,-0.005605212491726519
CS2_33,314.0,0.8886084129728907,0.8840193997686803,-0.004589013204210457
CS2_33,315.0,0.8887737219139228,0.8840336267218507,-0.00474009519207208
CS2_33,316.0,0.8887960094604386,0.885321741897585,-0.003474267562853628
CS2_33,317.0,0.897652655789024,0.8840193997686803,-0.01363325602034371
CS2_33,318.0,0.8950775851990104,0.8840193997686803,-0.011058185430330103
CS2_33,319.0,0.8984835700256423,0.8840193997686803,-0.014464170256962006
CS2_33,320.0,0.8990921774935976,0.8835397276741244,-0.015552449819473235
CS2_33,321.0,0.8923001068616223,0.8810136775865464,-0.011286429275075949
CS2_33,322.0,0.8918208309763797,0.8806461751029381,-0.011174655873441575
CS2_33,323.0,0.8904246677088835,0.8804309728723785,-0.00999369483650503
CS2_33,324.0,0.890474597014671,0.8804309728723785,-0.01004362414229254
CS2_33,325.0,0.8939352289935153,0.8804309728723785,-0.013504256121136815
CS2_33,326.0,0.8915679577413568,0.8804309728723785,-0.011136984868978295
CS2_33,327.0,0.8868838307959994,0.8797492066821617,-0.007134624113837695
CS2_33,328.0,0.8858432917387288,0.8793321252668852,-0.006511166471843577
CS2_33,329.0,0.8838787536823647,0.8786881532638557,-0.005190600418508939
CS2_33,330.0,0.8853565672972538,0.8786881532638557,-0.006668414033398018
CS2_33,331.0,0.8810107972054063,0.8786881532638557,-0.002322643941550573
CS2_33,332.0,0.879761183308379,0.8767301537832191,-0.0030310295251599895
CS2_33,333.0,0.8801294873366394,0.875936762108394,-0.004192725228245431
CS2_33,334.0,0.878719537493838,0.875936762108394,-0.002782775385444025
CS2_33,335.0,0.877480766923044,0.875936762108394,-0.0015440048146500018
CS2_33,336.0,0.8820165939255056,0.8767301537832191,-0.005286440142286519
CS2_33,337.0,0.8828819415987982,0.875936762108394,-0.006945179490404185
CS2_33,338.0,0.8830737521556113,0.8748556380778649,-0.008218114077746419
CS2_33,339.0,0.8830997322300259,0.8748556380778649,-0.008244094152160986
CS2_33,340.0,0.8832407992759281,0.8748556380778649,-0.008385161198063207
CS2_33,342.0,0.8850477525126846,0.8748556380778649,-0.01019211443481971
CS2_33,343.0,0.8861773397853034,0.8748556380778649,-0.011321701707438514
CS2_33,344.0,0.8867215106560163,0.8748556380778649,-0.011865872578151415
CS2_33,345.0,0.8824454218005381,0.8748556380778649,-0.00758978372267316
CS2_33,346.0,0.882572180703799,0.8748556380778649,-0.00771654262593402
CS2_33,347.0,0.884362171688268,0.8748556380778649,-0.0095065336104031
CS2_33,348.0,0.8843887591662777,0.8748556380778649,-0.009533121088412755
CS2_33,349.0,0.8857672781673169,0.8748556380778649,-0.010911640089452002
CS2_33,350.0,0.8851079879292891,0.8748556380778649,-0.010252349851424203
CS2_33,351.0,0.8813132418508133,0.8748556380778649,-0.00645760377294835
CS2_33,352.0,0.8816779269937217,0.8748556380778649,-0.006822288915856789
CS2_33,353.0,0.8818182921313439,0.8748556380778649,-0.006962654053478956
CS2_33,355.0,0.882818554974947,0.8748556380778649,-0.007962916897082062
CS2_33,356.0,0.8809550407561938,0.8748556380778649,-0.006099402678328869
CS2_33,357.0,0.8782295124587707,0.8748556380778649,-0.0033738743809057503
CS2_33,358.0,0.8779386674496237,0.8748556380778649,-0.00308302937175875
CS2_33,359.0,0.8771675110873381,0.8748556380778649,-0.00231187300947322
CS2_33,360.0,0.8776877874466534,0.8748556380778649,-0.0028321493687885058
CS2_33,361.0,0.8790913567201499,0.8748556380778649,-0.004235718642285002
CS2_33,362.0,0.8759171872506318,0.8748556380778649,-0.0010615491727669069
CS2_33,363.0,0.8752191898308058,0.8748556380778649,-0.0003635517529408938
CS2_33,364.0,0.8752955624496566,0.8748556380778649,-0.00043992437179163346
CS2_33,365.0,0.8741412569346532,0.8739348382753803,-0.00020641865927284453
CS2_33,366.0,0.8768200742181498,0.8739348382753803,-0.0028852359427694596
CS2_33,367.0,0.8772949790856239,0.8740415242541849,-0.0032534548314390177
CS2_33,368.0,0.8775295096936306,0.8739409785264259,-0.0035885311672047004
CS2_33,369.0,0.8775352869472579,0.8739409785264259,-0.003594308420831971
CS2_33,370.0,0.8781438632566051,0.8740415242541849,-0.0041023390024201856
CS2_33,371.0,0.8783723839838137,0.8739409785264259,-0.004431405457387738
CS2_33,372.0,0.8782537166045861,0.8739409785264259,-0.004312738078160128
CS2_33,373.0,0.8781798527302571,0.8738842772096047,-0.004295575520652406
CS2_33,374.0,0.8778246992725187,0.8740078651646123,-0.0038168341079064527
CS2_33,375.0,0.8775441238167083,0.8738842772096047,-0.0036598466071036118
CS2_33,376.0,0.8773192881774922,0.8738842772096047,-0.003435010967887453
CS2_33,377.0,0.8771504884069062,0.8738842772096047,-0.0032662111973015273
CS2_33,378.0,0.8767759343100433,0.8735021954775902,-0.003273738832453077
CS2_33,379.0,0.8715000530556407,0.8733184191383133,0.0018183660826726067
CS2_33,380.0,0.8690850207692453,0.8730320505741296,0.003947029804884261
CS2_33,381.0,0.8691385679691805,0.87015707911002,0.0010185111408395064
CS2_33,383.0,0.8683236512487252,0.8701557598557197,0.0018321086069944537
CS2_33,384.0,0.8703007806424943,0.87015707911002,-0.00014370153247422746
CS2_33,385.0,0.8680916785800686,0.8701557598557197,0.002064081275651053
CS2_33,386.0,0.8658123679459455,0.8680496137031685,0.00223724575722295
CS2_33,387.0,0.866523873363494,0.8680496137031685,0.0015257403396744529
CS2_33,389.0,0.865859058316528,0.8674983904802714,0.0016393321637434566
CS2_33,390.0,0.8679819616381113,0.8674983904802714,-0.00048357115783981275
CS2_33,391.0,0.8654573667590302,0.8671561538789194,0.0016987871198892446
CS2_33,392.0,0.8763417020590194,0.8671561538789194,-0.009185548180099978
CS2_33,393.0,0.8778785139518215,0.8703205280564843,-0.007557985895337183
CS2_33,394.0,0.8762609114571736,0.8703205280564843,-0.005940383400689253
CS2_33,395.0,0.8695487899000608,0.8703205280564843,0.0007717381564235071
CS2_33,396.0,0.8688253487770923,0.8703205280564843,0.0014951792793920227
CS2_33,397.0,0.8679624871752174,0.8686723192480018,0.000709832072784411
CS2_33,398.0,0.8673540849291907,0.8686723192480018,0.0013182343188110623
CS2_33,399.0,0.8692386106966952,0.8684397188725737,-0.000798891824121517
CS2_33,400.0,0.8659657680310673,0.867808540035065,0.001842772003997739
CS2_33,401.0,0.8622510587962556,0.8675363386546775,0.005285279858421865
CS2_33,402.0,0.8623113607781719,0.8652914179839043,0.002980057205732356
CS2_33,403.0,0.8616643559777294,0.8633839276842523,0.0017195717065229266
CS2_33,404.0,0.8627844530375148,0.8633839276842523,0.0005994746467374856
CS2_33,405.0,0.8638519767459454,0.8633839276842523,-0.0004680490616930655
CS2_33,406.0,0.8637332571184771,0.8626178213685917,-0.001115435749885485
CS2_33,407.0,0.8635414406350204,0.8626178213685917,-0.0009236192664286991
CS2_33,408.0,0.8636105159349107,0.862702389522942,-0.0009081264119686905
CS2_33,409.0,0.863864507336725,0.8626178213685917,-0.0012466859681333764
CS2_33,410.0,0.8630614814598415,0.8626178213685917,-0.0004436600912498534
CS2_33,411.0,0.8626683476712885,0.8619398692245694,-0.000728478446719083
CS2_33,412.0,0.8620578183541062,0.8616452313819706,-0.0004125869721356423
CS2_33,413.0,0.8614710532969638,0.861634597755605,0.00016354445864119604
CS2_33,414.0,0.8612115805844093,0.861634597755605,0.0004230171711957498
CS2_33,415.0,0.8607988025769144,0.8600350242555421,-0.0007637783213723104
CS2_33,416.0,0.8604421779456053,0.8600350242555421,-0.0004071536900631667
CS2_33,417.0,0.8596552082767992,0.8596110729325308,-4.4135344268392274e-05
CS2_33,418.0,0.8528954129988212,0.8596110729325308,0.006715659933709595
CS2_33,419.0,0.8523361739536037,0.8584728498056925,0.006136675852088769
CS2_33,420.0,0.8512366482640223,0.8576522903374495,0.006415642073427152
CS2_33,421.0,0.8502653353733393,0.8576522903374495,0.007386954964110237
CS2_33,422.0,0.8533820088447693,0.8562118237808651,0.002829814936095798
CS2_33,423.0,0.8513420177413119,0.8562118237808651,0.004869806039553226
CS2_33,424.0,0.8463584863986838,0.8539408025921935,0.007582316193509686
CS2_33,425.0,0.8464498479708407,0.8511160412016536,0.004666193230812965
CS2_33,426.0,0.846250758466906,0.8504436439923293,0.0041928855254232955
CS2_33,427.0,0.8464672504019282,0.8504436439923293,0.003976393590401139
CS2_33,428.0,0.8490570599750918,0.8504436439923293,0.0013865840172374577
CS2_33,429.0,0.8470849261450687,0.8495749451848731,0.002490019039804392
CS2_33,430.0,0.8435795776232026,0.8494584103614583,0.005878832738255735
CS2_33,431.0,0.8437446067132608,0.8483692499249983,0.0046246432117375
CS2_33,432.0,0.8423190333311245,0.8470151103696896,0.004696077038565116
CS2_33,433.0,0.8434277048005788,0.8470151103696896,0.0035874055691107465
CS2_33,434.0,0.8453961093054914,0.8470151103696896,0.001619001064198211
CS2_33,435.0,0.8423500242379075,0.8469470912402555,0.004597067002347965
CS2_33,436.0,0.8386303562357413,0.8465495285510957,0.007919172315354328
CS2_33,437.0,0.8392783991607344,0.8465495285510957,0.007271129390361231
CS2_33,438.0,0.8317687864264427,0.8426042374348636,0.010835451008420871
CS2_33,440.0,0.8375501071537332,0.8424343211458323,0.00488421399209904
CS2_33,441.0,0.8338358222234536,0.8357251683714022,0.0018893461479485563
CS2_33,443.0,0.8349216521197775,0.8250303568007099,-0.009891295319067628
CS2_33,444.0,0.8409494006426749,0.8408171383368137,-0.00013226230586116383
CS2_33,445.0,0.8413383470795045,0.8408171383368137,-0.000521208742690793
CS2_33,446.0,0.8410031430087066,0.8426064413479794,0.0016032983392727518
CS2_33,447.0,0.8404114766756015,0.8435506537448478,0.0031391770692463794
CS2_33,448.0,0.8413306451921801,0.8435506537448478,0.002220008552667685
CS2_33,450.0,0.8401063452435475,0.8426064413479794,0.0025000961044318037
CS2_33,451.0,0.838882634476306,0.8408099870031733,0.0019273525268673763
CS2_33,452.0,0.8381855108722662,0.8408099870031733,0.002624476130907105
CS2_33,453.0,0.8373075226312526,0.8403087352259538,0.003001212594701208
CS2_33,454.0,0.8369876994601344,0.8407484538819046,0.0037607544217701516
CS2_33,455.0,0.836457497653222,0.8407484538819046,0.004290956228682585
CS2_33,457.0,0.8355697399774463,0.8387193926463721,0.003149652668925751
CS2_33,458.0,0.8246931414084347,0.838048417388039,0.013355275979604286
CS2_33,459.0,0.8203213999611956,0.8324599018872012,0.01213850192600563
CS2_33,460.0,0.8179676625851339,0.8313218235038075,0.013354160918673585
CS2_33,461.0,0.8157506744849014,0.8313218235038075,0.015571149018906105
CS2_33,462.0,0.8213641990608508,0.8313218235038075,0.00995762444295667
CS2_33,463.0,0.8235650373606407,0.8313218235038075,0.007756786143166772
CS2_33,464.0,0.815000803821921,0.8302815978663071,0.015280794044386092
CS2_33,465.0,0.8121689052457121,0.8267008985634793,0.014531993317767222
CS2_33,466.0,0.8110762757578982,0.8238587348728994,0.012782459115001199
CS2_33,467.0,0.8079164458257257,0.8235028826087493,0.015586436783023516
CS2_33,468.0,0.813657245592149,0.8223833407982241,0.008726095206075035
CS2_33,469.0,0.8159321537089328,0.8223833407982241,0.006451187089291266
CS2_33,470.0,0.8074082910568406,0.8213647460581548,0.01395645500131415
CS2_33,471.0,0.8044806743835023,0.8170688337266321,0.012588159343129735
CS2_33,473.0,0.824589454368576,0.8170688337266321,-0.00752062064194392
CS2_33,474.0,0.8195770320835827,0.8131773303717083,-0.006399701711874428
CS2_33,475.0,0.8195213412548689,0.8131773303717083,-0.006344010883160611
CS2_33,476.0,0.824123692961442,0.8170688337266321,-0.007054859234809863
CS2_33,477.0,0.8200290125041584,0.8131773303717083,-0.006851682132450132
CS2_33,478.0,0.8121534140760758,0.8177942322923254,0.005640818216249621
CS2_33,479.0,0.8105344764432582,0.8177942322923254,0.00725975584906724
CS2_33,480.0,0.8081598172508798,0.8148022223920681,0.006642405141188301
CS2_33,481.0,0.8080358027673923,0.8148022223920681,0.006766419624675835
CS2_33,482.0,0.8126671256262284,0.8177942322923254,0.005127106666096948
CS2_33,483.0,0.8097006202945674,0.8148022223920681,0.005101602097500768
CS2_33,485.0,0.8012169895756459,0.80762755766216,0.006410568086514079
CS2_33,486.0,0.798900550146974,0.8061901683118831,0.007289618164909029
CS2_33,487.0,0.7959945582245007,0.805844799732136,0.009850241507635249
CS2_33,488.0,0.8024352960908246,0.8061901683118831,0.003754872221058414
CS2_33,489.0,0.8039921783827663,0.80762755766216,0.0036353792793937245
CS2_33,490.0,0.7955978151748029,0.8075445208658397,0.01194670569103684
CS2_33,491.0,0.7966202275860378,0.8075445208658397,0.010924293279801933
CS2_33,492.0,0.7956290251583684,0.8075445208658397,0.011915495707471302
CS2_33,493.0,0.7941170177810196,0.8050634330442391,0.010946415263219489
CS2_33,494.0,0.7985805176029347,0.8050634330442391,0.0064829154413044154
CS2_33,495.0,0.7991997557495868,0.8050634330442391,0.005863677294652314
CS2_33,496.0,0.7932735785015694,0.8050634330442391,0.011789854542669675
CS2_33,497.0,0.7924829447609171,0.8023360211073116,0.00985307634639454
CS2_33,498.0,0.7917565195317213,0.8023360211073116,0.010579501575590289
CS2_33,499.0,0.7896283908241899,0.8012139679679438,0.011585577143753856
CS2_33,500.0,0.7936459199560206,0.8012139679679438,0.007568048011923123
CS2_33,501.0,0.7945885203016326,0.8022198015357765,0.007631281234143916
CS2_33,502.0,0.7947400432954227,0.8022198015357765,0.007479758240353851
CS2_33,503.0,0.7945737726588311,0.8029296844293744,0.00835591177054329
CS2_33,504.0,0.7946213567617981,0.8030797410675728,0.008458384305774724
CS2_33,505.0,0.7949119505286351,0.8030797410675728,0.008167790538937791
CS2_33,506.0,0.795274132548134,0.8030797410675728,0.0078056085194389
CS2_33,507.0,0.7950779660978462,0.8037839675462973,0.008706001448451128
CS2_33,508.0,0.794641068794921,0.8037839675462973,0.009142898751376305
CS2_33,509.0,0.7941855687565426,0.803748620575066,0.00956305181852346
CS2_33,510.0,0.7933926186400571,0.8036875950392575,0.010294976399200406
CS2_33,511.0,0.7916719877944105,0.8036875950392575,0.01201560724484696
CS2_33,512.0,0.7911102991501947,0.8034779650819142,0.012367665931719451
CS2_33,513.0,0.7901902910867469,0.8010769077784048,0.010886616691657913
CS2_33,523.0,0.798372222025823,0.7854570388854084,-0.012915183140414621
CS2_33,524.0,0.7927353812182181,0.7854570388854084,-0.007278342332809662
CS2_33,525.0,0.7933087318517189,0.7908760906895912,-0.0024326411621277133
CS2_33,526.0,0.7914977395142967,0.7949842311755102,0.003486491661213509
CS2_34,5.0,0.994837818815664,1.0,0.005162181184335979
CS2_34,6.0,0.9929087841562265,1.0,0.00709121584377348
CS2_34,7.0,0.9893820596807846,1.0,0.010617940319215369
CS2_34,8.0,0.9873732295884692,0.9956250702641869,0.008251840675717714
CS2_34,9.0,0.9857866772293791,0.9939653926214013,0.008178715392022196
CS2_34,10.0,0.986099334709404,0.9939653926214013,0.007866057911997237
CS2_34,11.0,0.9855583569662244,0.9939653926214013,0.008407035655176864
CS2_34,12.0,0.9847001792865799,0.9939556326983985,0.009255453411818548
CS2_34,13.0,0.9837683935095829,0.9939556326983985,0.010187239188815589
CS2_34,14.0,0.9830748547186647,0.9939556326983985,0.010880777979733747
CS2_34,15.0,0.9822686721174467,0.9924336408813248,0.010164968763878068
CS2_34,16.0,0.9814726371306126,0.9914910694641487,0.010018432333536054
CS2_34,17.0,0.8607548520210417,0.9902202418788838,0.12946538985784206
CS2_34,18.0,0.9803164976033873,0.9883544929545915,0.008037995351204197
CS2_34,19.0,0.9795948322090823,0.986686069133626,0.00709123692454372
CS2_34,20.0,0.978835657737757,0.9855533755751587,0.0067177178374016044
CS2_34,21.0,0.9781403385295232,0.9845286232703989,0.006388284740875716
CS2_34,22.0,0.9751160604338548,0.9845286232703989,0.009412562836544125
CS2_34,23.0,0.9734644189399646,0.9833765585454133,0.009912139605448678
CS2_34,24.0,0.9723194621365892,0.9777750630078688,0.005455600871279609
CS2_34,25.0,0.9721355295616689,0.9777750630078688,0.005639533446199829
CS2_34,26.0,0.9729686797261636,0.9777750630078688,0.004806383281705129
CS2_34,27.0,0.9711359955227422,0.9765469407672205,0.005410945244478271
CS2_34,28.0,0.9690644130961669,0.9763489292403391,0.007284516144172248
CS2_34,29.0,0.9680496083942001,0.9739471553625628,0.005897546968362755
CS2_34,30.0,0.9675417822265565,0.9732879453769538,0.005746163150397332
CS2_34,31.0,0.9691073857806164,0.9732879453769538,0.004180559596337452
CS2_34,32.0,0.9675202562552032,0.9732879453769538,0.00576768912175063
CS2_34,33.0,0.9652416458940821,0.9708963319216702,0.005654686027588118
CS2_34,34.0,0.9646190849077994,0.9680633776404601,0.003444292732660781
CS2_34,35.0,0.9637742464658815,0.967452159129764,0.00367791266388251
CS2_34,36.0,0.9654594528671196,0.967452159129764,0.0019927062626443615
CS2_34,37.0,0.9648209930392738,0.967452159129764,0.002631166090490189
CS2_34,38.0,0.9625330311346505,0.9657286333615483,0.0031956022268978534
CS2_34,39.0,0.9617953640803186,0.9654809722354952,0.0036856081551766007
CS2_34,40.0,0.9609993234687243,0.9640373531123416,0.0030380296436173237
CS2_34,41.0,0.8364386399439325,0.960013390610411,0.1235747506664785
CS2_34,42.0,0.9630118916245438,0.9640373531123416,0.0010254614877978074
CS2_34,43.0,0.9600379174042787,0.9598858994829635,-0.00015201792131513958
CS2_34,44.0,0.959104649788054,0.9595137547760662,0.00040910498801216555
CS2_34,45.0,0.9583975353622676,0.9595137547760662,0.0011162194137985804
CS2_34,46.0,0.9592098098238406,0.9596048716839163,0.0003950618600756517
CS2_34,47.0,0.9599530201520361,0.9596048716839163,-0.00034814846811981326
CS2_34,48.0,0.9599667597502095,0.9619444232045093,0.0019776634542998384
CS2_34,49.0,0.9597914737975761,0.9619444232045093,0.0021529494069332245
CS2_34,50.0,0.9598762351478131,0.9619444232045093,0.002068188056696285
CS2_34,51.0,0.9596110390085759,0.9618507778723906,0.0022397388638146776
CS2_34,52.0,0.9593752251665499,0.9617673089849795,0.002392083818429591
CS2_34,53.0,0.9592223124649272,0.9598660117766046,0.0006436993116774037
CS2_34,54.0,0.9693766931463342,0.9598660117766046,-0.009510681369729657
CS2_34,55.0,0.9686772048870198,0.9598660117766046,-0.008811193110415227
CS2_34,56.0,0.9679674150910653,0.9641703573653625,-0.0037970577257028237
CS2_34,57.0,0.9648766034951171,0.9641703573653625,-0.0007062461297545619
CS2_34,58.0,0.96326471255693,0.9641703573653625,0.0009056448084324709
CS2_34,59.0,0.9620724628640085,0.9627252169059561,0.0006527540419476452
CS2_34,60.0,0.9602682719496245,0.9627252169059561,0.0024569449563316414
CS2_34,61.0,0.9598078132451823,0.9610121311966094,0.0012043179514271696
CS2_34,62.0,0.9573813025026784,0.9597872709793307,0.0024059684766523093
CS2_34,63.0,0.9565849422099814,0.9593992089225035,0.002814266712522162
CS2_34,64.0,0.9555680500687158,0.9524796389886151,-0.003088411080100717
CS2_34,65.0,0.9544556935338754,0.9524796389886151,-0.0019760545452602862
CS2_34,66.0,0.9543375761111358,0.9524796389886151,-0.001857937122520692
CS2_34,67.0,0.9531597950153801,0.9524796389886151,-0.0006801560267649664
CS2_34,68.0,0.9519206608928534,0.9506105640335738,-0.0013100968592796303
CS2_34,69.0,0.9514994230151341,0.9474330753198204,-0.004066347695313777
CS2_34,70.0,0.9505695474943365,0.9474204899015738,-0.0031490575927627384
CS2_34,71.0,0.9508878447583705,0.9474204899015738,-0.0034673548567967227
CS2_34,72.0,0.950227270856124,0.9474330753198204,-0.0027941955363036675
CS2_34,73.0,0.9497129452277008,0.9480263433323662,-0.0016866018953345385
CS2_34,74.0,0.9493303204719165,0.9481537889310471,-0.0011765315408693855
CS2_34,75.0,0.9488433173438867,0.9481537889310471,-0.0006895284128396462
CS2_34,76.0,0.9482652605075603,0.9480263433323662,-0.00023891717519408662
CS2_34,77.0,0.9475990731789546,0.9466509179957845,-0.0009481551831701518
CS2_34,78.0,0.9471627125772241,0.9463362101562237,-0.0008265024210003524
CS2_34,79.0,0.9467012871560608,0.9460410247496587,-0.0006602624064021567
CS2_34,80.0,0.9464700676786699,0.945592763962706,-0.0008773037159639507
CS2_34,81.0,0.9457162013498741,0.9447847787150749,-0.0009314226347991728
CS2_34,82.0,0.9452855900018089,0.9439526035747964,-0.001332986427012517
CS2_34,83.0,0.9428242659549368,0.9437725657049573,0.0009482997500204204
CS2_34,84.0,0.941866409605073,0.943319369530951,0.0014529599258780168
CS2_34,85.0,0.9411692008490316,0.9340964904508767,-0.0070727103981548245
CS2_34,87.0,0.9493809390516641,0.9340964904508767,-0.01528444860078737
CS2_34,88.0,0.9483975593127092,0.9340964904508767,-0.014301068861832467
CS2_34,89.0,0.9493142359979612,0.9414960039779606,-0.007818232020000537
CS2_34,90.0,0.9479476242864144,0.9414960039779606,-0.006451620308453809
CS2_34,92.0,0.949050801420129,0.9414960039779606,-0.0075547974421683595
CS2_34,93.0,0.9505810919178492,0.9414960039779606,-0.009085087939888603
CS2_34,94.0,0.9506210176011378,0.9485686246457345,-0.0020523929554032705
CS2_34,95.0,0.9469462049404925,0.9348192025036441,-0.012127002436848389
CS2_34,96.0,0.9474800930979028,0.9402174436100302,-0.007262649487872586
CS2_34,97.0,0.9465849750767285,0.9402174436100302,-0.0063675314666982175
CS2_34,98.0,0.9469059071019804,0.9402174436100302,-0.006688463491950181
CS2_34,99.0,0.9479231786492643,0.9402174436100302,-0.007705735039234107
CS2_34,100.0,0.9448052068507532,0.9402174436100302,-0.004587763240722964
CS2_34,101.0,0.9439631591580862,0.9363630560885445,-0.007600103069541619
CS2_34,102.0,0.9432712272142082,0.9363630560885445,-0.006908171125663665
CS2_34,103.0,0.9424137325508675,0.9363630560885445,-0.006050676462322935
CS2_34,104.0,0.9443988202092547,0.9363630560885445,-0.008035764120710165
CS2_34,105.0,0.9426893707229772,0.9363630560885445,-0.006326314634432673
CS2_34,106.0,0.9406207976422436,0.9327686820438864,-0.00785211559835719
CS2_34,107.0,0.9405964719054918,0.9312521735217048,-0.00934429838378703
CS2_34,108.0,0.9396111308443198,0.9304118818132333,-0.009199249031086487
CS2_34,109.0,0.9416602879040685,0.9304118818132333,-0.011248406090835217
CS2_34,110.0,0.9418605676349752,0.9312521735217048,-0.010608394113270414
CS2_34,111.0,0.9418864998653114,0.9384147117410498,-0.003471788124261521
CS2_34,112.0,0.9416508131328742,0.9384147117410498,-0.0032361013918243975
CS2_34,113.0,0.9414910285331256,0.9384147117410498,-0.0030763167920757617
CS2_34,114.0,0.9413823633859297,0.9381774813588424,-0.0032048820270873524
CS2_34,115.0,0.9410448803395313,0.9372633072198566,-0.0037815731196746416
CS2_34,116.0,0.8220007111695801,0.9363461494608984,0.11434543829131838
CS2_34,117.0,0.9409645418591075,0.935837606762237,-0.005126935096870455
CS2_34,118.0,0.9405683207062066,0.9355856076524197,-0.004982713053786836
CS2_34,119.0,0.9404265169732291,0.9347939854698254,-0.005632531503403704
CS2_34,120.0,0.9405050342904443,0.9344622853312525,-0.006042748959191768
CS2_34,121.0,0.9391425318656438,0.9344622853312525,-0.0046802465343912525
CS2_34,122.0,0.9363782676752199,0.933885200108876,-0.0024930675663439317
CS2_34,123.0,0.9357498191753585,0.929675556285498,-0.00607426288986046
CS2_34,124.0,0.9349068158347652,0.926850831535882,-0.008055984298883212
CS2_34,125.0,0.9365305961777852,0.926850831535882,-0.009679764641903232
CS2_34,126.0,0.9370152950254419,0.929675556285498,-0.0073397387399438685
CS2_34,127.0,0.9334785857908887,0.926850831535882,-0.006627754255006724
CS2_34,128.0,0.9334496370302932,0.9262714869871428,-0.007178150043150366
CS2_34,129.0,0.9328186055058297,0.9262714869871428,-0.006547118518686945
CS2_34,130.0,0.9327282846637921,0.9262714869871428,-0.006456797676649306
CS2_34,131.0,0.9343139136749673,0.9262714869871428,-0.008042426687824511
CS2_34,132.0,0.9318312847281996,0.9262714869871428,-0.00555979774105686
CS2_34,133.0,0.9309650466097191,0.9245962022940837,-0.006368844315635447
CS2_34,134.0,0.931116336026436,0.9241733216938292,-0.0069430143326068006
CS2_34,135.0,0.9302514262740694,0.9235563714429785,-0.006695054831090896
CS2_34,136.0,0.9321623165869313,0.9235563714429785,-0.008605945143952742
CS2_34,137.0,0.9314331310625755,0.9235563714429785,-0.007876759619596996
CS2_34,138.0,0.9291428292261422,0.9217000990259095,-0.007442730200232672
CS2_34,139.0,0.8013704155720531,0.9216723362137205,0.12030192064166734
CS2_34,140.0,0.9294522431597918,0.9202423666756953,-0.009209876484096546
CS2_34,141.0,0.9300439150676784,0.9202423666756953,-0.009801548391983106
CS2_34,142.0,0.9423484183831348,0.9216723362137205,-0.0206760821694143
CS2_34,143.0,0.9413400515774407,0.9338800103371644,-0.007460041240276327
CS2_34,144.0,0.9401704175760148,0.9348797068649791,-0.0052907107110357066
CS2_34,145.0,0.9393326841824571,0.9348797068649791,-0.0044529773174779574
CS2_34,146.0,0.9384363466617757,0.9348797068649791,-0.0035566397967965457
CS2_34,147.0,0.9378507180311721,0.9332223753974281,-0.004628342633744009
CS2_34,148.0,0.9373032657183491,0.9318020096401555,-0.005501256078193628
CS2_34,149.0,0.820612559150178,0.9310498841931582,0.1104373250429802
CS2_34,150.0,0.9365733241486124,0.9298838102652518,-0.006689513883360587
CS2_34,151.0,0.9359947060787368,0.9284001131709467,-0.0075945929077900765
CS2_34,152.0,0.9356338468154387,0.9271250409453519,-0.008508805870086844
CS2_34,153.0,0.9353990220946742,0.9263804192901629,-0.009018602804511278
CS2_34,154.0,0.9346353623669659,0.9263804192901629,-0.008254943076802967
CS2_34,155.0,0.9343034693966076,0.9257233255467463,-0.008580143849861277
CS2_34,156.0,0.9322924894788676,0.9252620202273825,-0.007030469251485094
CS2_34,157.0,0.9306590005238801,0.9243100310977596,-0.00634896942612051
CS2_34,158.0,0.9296446061652286,0.923267673574896,-0.0063769325903325624
CS2_34,159.0,0.9285854427524193,0.9181982413985896,-0.010387201353829645
CS2_34,160.0,0.9306777782303858,0.9181982413985896,-0.012479536831796145
CS2_34,161.0,0.9306259979840703,0.9229080513419516,-0.007717946642118667
CS2_34,162.0,0.9271977525526511,0.9181982413985896,-0.008999511154061501
CS2_34,163.0,0.9265698972900834,0.9181982413985896,-0.008371655891493801
CS2_34,164.0,0.9256203516859519,0.9178666487581633,-0.007753702927788653
CS2_34,165.0,0.9261195909909219,0.9178666487581633,-0.008252942232758631
CS2_34,166.0,0.9274821648473018,0.9178666487581633,-0.009615516089138576
CS2_34,167.0,0.9240699760113625,0.9172939713415922,-0.006776004669770352
CS2_34,168.0,0.9235073889345564,0.915404716827757,-0.00810267210679938
CS2_34,169.0,0.9224512450508305,0.915404716827757,-0.0070465282230735005
CS2_34,170.0,0.9220983045036818,0.915404716827757,-0.0066935876759247614
CS2_34,171.0,0.9245005126733261,0.915404716827757,-0.009095795845569077
CS2_34,172.0,0.9231306513067662,0.915404716827757,-0.0077259344790091555
CS2_34,173.0,0.9208179080948361,0.9109716593852223,-0.009846248709613814
CS2_34,174.0,0.9211253218619224,0.9109716593852223,-0.010153662476700132
CS2_34,175.0,0.9204199531999835,0.9100934259358459,-0.01032652726413763
CS2_34,176.0,0.9224521136476639,0.9100934259358459,-0.012358687711818028
CS2_34,177.0,0.922987615413755,0.9109716593852223,-0.01201595602853267
CS2_34,178.0,0.9189110718057101,0.9100934259358459,-0.008817645869864221
CS2_34,179.0,0.918397280701786,0.9100934259358459,-0.008303854765940089
CS2_34,180.0,0.9184738629783799,0.9083044336791617,-0.010169429299218158
CS2_34,182.0,0.9206226561525725,0.90792993667422,-0.012692719478352599
CS2_34,183.0,0.9239938110959084,0.903827474158062,-0.02016633693784642
CS2_34,184.0,0.9249957441331459,0.8880546418714925,-0.03694110226165337
CS2_34,185.0,0.9250185207920738,0.8880546418714925,-0.03696387892058128
CS2_34,186.0,0.9250310839151858,0.8880546418714925,-0.036976442043693325
CS2_34,187.0,0.9250799963714205,0.8907814586366062,-0.03429853773481428
CS2_34,188.0,0.9247185449298588,0.8922649144576481,-0.032453630472210726
CS2_34,189.0,0.9244827909277517,0.9040787358392522,-0.020404055088499407
CS2_34,190.0,0.9240183655934026,0.9048161435525194,-0.019202222040883177
CS2_34,191.0,0.9239983041246369,0.9057077792708029,-0.018290524853833978
CS2_34,192.0,0.9235067639740768,0.9061324608966308,-0.01737430307744603
CS2_34,193.0,0.9236998814392421,0.906434456619605,-0.01726542481963711
CS2_34,194.0,0.9233204233282163,0.907280403566781,-0.01604001976143532
CS2_34,195.0,0.9180422175067623,0.907280403566781,-0.010761813939981324
CS2_34,196.0,0.91700035181372,0.907280403566781,-0.009719948246939003
CS2_34,197.0,0.9160173392633134,0.9023955015798393,-0.013621837683474136
CS2_34,198.0,0.9159303288890605,0.9023955015798393,-0.013534827309221176
CS2_34,199.0,0.9191659402354455,0.9023955015798393,-0.016770438655606235
CS2_34,200.0,0.917043100254841,0.9023955015798393,-0.01464759867500176
CS2_34,201.0,0.9135547960299586,0.8975411355261954,-0.016013660503763183
CS2_34,202.0,0.9138167163005076,0.8988759888570336,-0.014940727443474078
CS2_34,203.0,0.9122454028636277,0.8975411355261954,-0.014704267337432242
CS2_34,204.0,0.9156930713297071,0.8975411355261954,-0.01815193580351171
CS2_34,205.0,0.9150725229968553,0.8975411355261954,-0.017531387470659854
CS2_34,206.0,0.9104092427193666,0.8940396047812228,-0.016369637938143833
CS2_34,207.0,0.9100713537612796,0.8915920029461364,-0.01847935081514318
CS2_34,208.0,0.9092083069385747,0.8915920029461364,-0.017616303992438298
CS2_34,209.0,0.9123418660698365,0.8915920029461364,-0.020749863123700085
CS2_34,210.0,0.913439814974997,0.8940396047812228,-0.019400210193774248
CS2_34,211.0,0.9086948194433168,0.8915920029461364,-0.017102816497180373
CS2_34,212.0,0.9084842484738148,0.891063205640864,-0.01742104283295076
CS2_34,213.0,0.9079707923164514,0.891063205640864,-0.01690758667558734
CS2_34,214.0,0.9091373102177168,0.891063205640864,-0.018074104576852768
CS2_34,215.0,0.9114499559868952,0.891063205640864,-0.0203867503460311
CS2_34,216.0,0.907195868536903,0.891063205640864,-0.016132662896038985
CS2_34,217.0,0.906314522734775,0.8912565729855425,-0.015057949749232469
CS2_34,218.0,0.9057293530889491,0.8912565729855425,-0.01447278010340658
CS2_34,219.0,0.9052045802263475,0.8900027673186891,-0.01520181290765843
CS2_34,220.0,0.908917746477512,0.8900027673186891,-0.018914979158822898
CS2_34,221.0,0.9095598971050165,0.8912565729855425,-0.018303324119473996
CS2_34,222.0,0.9098771311794794,0.8965809599033661,-0.013296171276113378
CS2_34,223.0,0.9101133867626042,0.8972055378296785,-0.012907848932925736
CS2_34,224.0,0.9104189448476232,0.8975551997252635,-0.01286374512235966
CS2_34,225.0,0.9103478354257067,0.8975551997252635,-0.0127926357004432
CS2_34,226.0,0.910310938283881,0.8974843032696749,-0.012826635014206111
CS2_34,227.0,0.9102754929555754,0.8974843032696749,-0.01279118968590054
CS2_34,228.0,0.9101338030970759,0.8973660924184212,-0.012767710678654676
CS2_34,229.0,0.9102805880860584,0.8972242201625982,-0.01305636792346021
CS2_34,230.0,0.9102479042531336,0.8972242201625982,-0.013023684090535448
CS2_34,231.0,0.9101671683953335,0.8965107544676119,-0.013656413927721656
CS2_34,232.0,0.9120886639914938,0.8964347360635277,-0.01565392792796605
CS2_34,233.0,0.911668521423823,0.8964347360635277,-0.015233785360295293
CS2_34,234.0,0.9146161135197162,0.8973136305412374,-0.017302482978478806
CS2_34,235.0,0.9118400573495845,0.8964347360635277,-0.015405321286056761
CS2_34,236.0,0.9078902834925181,0.8905692553058191,-0.017321028186699006
CS2_34,237.0,0.9067363980592628,0.8905692553058191,-0.016167142753443664
CS2_34,238.0,0.9062403856722813,0.8882565269649203,-0.017983858707360967
CS2_34,239.0,0.9094173713596597,0.8882565269649203,-0.02116084439473942
CS2_34,240.0,0.9086354048488796,0.8882565269649203,-0.020378877883959312
CS2_34,241.0,0.903671939687328,0.886112138042845,-0.017559801644482897
CS2_34,242.0,0.9032943161664021,0.8854462544795757,-0.0178480616868264
CS2_34,243.0,0.9027690131678363,0.8854462544795757,-0.01732275868826061
CS2_34,244.0,0.905526797902524,0.8854462544795757,-0.020080543422948294
CS2_34,245.0,0.9065942238533101,0.886990885488962,-0.019603338364348133
CS2_34,246.0,0.9017533127531709,0.886990885488962,-0.014762427264208955
CS2_34,247.0,0.9009843626869811,0.886990885488962,-0.013993477198019133
CS2_34,248.0,0.9004891262667281,0.8845861971065696,-0.015902929160158452
CS2_34,249.0,0.9006127400142702,0.8845861971065696,-0.01602654290770056
CS2_34,250.0,0.9037014283322358,0.8845861971065696,-0.019115231225666163
CS2_34,251.0,0.9003349599281203,0.8845861971065696,-0.015748762821550688
CS2_34,252.0,0.898302745643863,0.8845861971065696,-0.013716548537293427
CS2_34,253.0,0.8983235430268414,0.8841078540750373,-0.014215688951804029
CS2_34,254.0,0.8969932024705939,0.8826647198869575,-0.014328482583636393
CS2_34,255.0,0.9010018174298718,0.8826647198869575,-0.01833709754291435
CS2_34,256.0,0.9013229108483373,0.8841078540750373,-0.01721505677329993
CS2_34,257.0,0.901535283188449,0.8896676530545764,-0.011867630133872598
CS2_34,258.0,0.901843805236971,0.8900065572797462,-0.01183724795722485
CS2_34,259.0,0.9024545451240172,0.8905170024149398,-0.011937542709077431
CS2_34,260.0,0.9027507650801803,0.8913456995294623,-0.011405065550717963
CS2_34,261.0,0.9028502396369944,0.8913456995294623,-0.011504540107532102
CS2_34,262.0,0.902826669741617,0.8913456995294623,-0.011480970212154662
CS2_34,263.0,0.9028873824532081,0.8913290597503782,-0.01155832270282986
CS2_34,264.0,0.9029413672718178,0.8905608583976818,-0.012380508874135998
CS2_34,265.0,0.90312690669082,0.8905608583976818,-0.012566048293138121
CS2_34,266.0,0.9029926583350099,0.8904423487869557,-0.01255030954805414
CS2_34,267.0,0.8993706440911975,0.8904423487869557,-0.008928295304241773
CS2_34,268.0,0.8954489831147707,0.8901557610152611,-0.005293222099509665
CS2_34,269.0,0.8948003443631547,0.8808711570534008,-0.013929187309753899
CS2_34,270.0,0.8934866811055748,0.8779538926126946,-0.0155327884928802
CS2_34,271.0,0.8979754253816054,0.8779538926126946,-0.02002153276891072
CS2_34,272.0,0.8979710948929563,0.8808711570534008,-0.017099937839555546
CS2_34,273.0,0.892710696704466,0.8785270298156216,-0.014183666888844426
CS2_34,275.0,0.8931835826150948,0.8785270298156216,-0.0146565527994732
CS2_34,276.0,0.8935508704917371,0.8785270298156216,-0.015023840676115507
CS2_34,277.0,0.8971705583955035,0.8785270298156216,-0.01864352857988194
CS2_34,278.0,0.8951754844806787,0.8777440640439353,-0.017431420436743394
CS2_34,279.0,0.8920271648267336,0.8795835147192337,-0.012443650107499926
CS2_34,280.0,0.8917399919720856,0.8795835147192337,-0.01215647725285196
CS2_34,281.0,0.8909477585738957,0.8780586897866306,-0.012889068787265145
CS2_34,282.0,0.9024461963590329,0.8780586897866306,-0.024387506572402295
CS2_34,283.0,0.9029165032197106,0.8780586897866306,-0.024857813433080023
CS2_34,284.0,0.8988112697782353,0.8780586897866306,-0.020752579991604736
CS2_34,285.0,0.8974176276811507,0.8802607198804898,-0.017156907800660925
CS2_34,286.0,0.897124824662419,0.8804536685172079,-0.016671156145211197
CS2_34,287.0,0.8961985575147441,0.8802607198804898,-0.01593783763425427
CS2_34,288.0,0.896495724126283,0.8812319186160944,-0.015263805510188577
CS2_34,289.0,0.8986498631183959,0.8817110015934706,-0.016938861524925297
CS2_34,290.0,0.8987508551115151,0.886604636021462,-0.01214621909005309
CS2_34,291.0,0.8986289116261578,0.8866164123930429,-0.01201249923311487
CS2_34,292.0,0.8984794827143493,0.8866164123930429,-0.011863070321306401
CS2_34,294.0,0.900554557665675,0.886604636021462,-0.013949921644213048
CS2_34,295.0,0.8973825204246083,0.8866164123930429,-0.010766108031565413
CS2_34,296.0,0.8982333285873941,0.8868493365173008,-0.01138399207009333
CS2_34,297.0,0.8956944670482537,0.8863416342031659,-0.00935283284508781
CS2_34,298.0,0.894190788849265,0.8850364429978853,-0.009154345851379642
CS2_34,299.0,0.8947934037473465,0.8834526484650601,-0.011340755282286397
CS2_34,300.0,0.8948487250717971,0.8810274431532588,-0.013821281918538375
CS2_34,301.0,0.8967220682059059,0.8810274431532588,-0.015694625052647182
CS2_34,302.0,0.8964221152330228,0.8834526484650601,-0.012969466767962734
CS2_34,303.0,0.8923818002394978,0.8810274431532588,-0.011354357086238998
CS2_34,304.0,0.8924291228519531,0.8807374929481755,-0.01169162990377759
CS2_34,305.0,0.8921862792728169,0.8785224738372036,-0.013663805435613297
CS2_34,306.0,0.8933156158821618,0.8785224738372036,-0.014793142044958185
CS2_34,307.0,0.893904041209133,0.8785224738372036,-0.015381567371929417
CS2_34,308.0,0.8901523947295373,0.8785224738372036,-0.011629920892333723
CS2_34,309.0,0.8887418702528417,0.8767122832319931,-0.012029587020848553
CS2_34,310.0,0.8888827459368431,0.8765868018112494,-0.01229594412559376
CS2_34,311.0,0.8878174796485655,0.8757565875674921,-0.012060892081073415
CS2_34,312.0,0.8908019708366423,0.8757565875674921,-0.01504538326915017
CS2_34,313.0,0.889138440220355,0.8757565875674921,-0.013381852652862958
CS2_34,314.0,0.8865462541712533,0.8751555902298529,-0.011390663941400425
CS2_34,315.0,0.8866836990099772,0.8740491162699047,-0.012634582740072564
CS2_34,316.0,0.8871123575133645,0.8751555902298529,-0.011956767283511582
CS2_34,317.0,0.8886736366731642,0.8751555902298529,-0.013518046443311338
CS2_34,318.0,0.8895208668501186,0.8756068048095631,-0.013914062040555453
CS2_34,319.0,0.8896745477072625,0.8797333266147914,-0.009941221092471086
CS2_34,320.0,0.8895165639062851,0.8797333266147914,-0.009783237291493663
CS2_34,321.0,0.8900711129968248,0.8797333266147914,-0.01033778638203342
CS2_34,322.0,0.8903543598261767,0.8796680504491322,-0.010686309377044512
CS2_34,323.0,0.8902723814248619,0.8791556091803558,-0.011116772244506024
CS2_34,324.0,0.8902323626474291,0.8789295188856161,-0.011302843761813008
CS2_34,325.0,0.8898797679923884,0.8789295188856161,-0.010950249106772336
CS2_34,326.0,0.8897231276828468,0.8787508833312526,-0.010972244351594163
CS2_34,327.0,0.8897582853763709,0.8787508833312526,-0.011007402045118297
CS2_34,328.0,0.889540745876807,0.8786428446705967,-0.010897901206210259
CS2_34,329.0,0.8893277305703375,0.8779819625957188,-0.011345767974618726
CS2_34,330.0,0.8836058101045134,0.8778803197350437,-0.005725490369469788
CS2_34,331.0,0.8824717969060408,0.8769626349980791,-0.0055091619079616905
CS2_34,332.0,0.8823403111079173,0.8717902206106718,-0.010550090497245534
CS2_34,333.0,0.8810666247139077,0.8712847491766748,-0.009781875537232976
CS2_34,334.0,0.8842687897311458,0.8712847491766748,-0.012984040554471
CS2_34,335.0,0.8827874287843478,0.8712298186149386,-0.01155761016940915
CS2_34,336.0,0.8796039366807016,0.8700122826811933,-0.009591653999508232
CS2_34,337.0,0.8806912498932608,0.8700122826811933,-0.010678967212067403
CS2_34,338.0,0.8798810966338582,0.8699511484975312,-0.009929948136326971
CS2_34,339.0,0.8817971656645608,0.8699511484975312,-0.011846017167029599
CS2_34,340.0,0.8827416717756926,0.8717034103455534,-0.011038261430139196
CS2_34,341.0,0.8785867928976696,0.8717034103455534,-0.0068833825521161796
CS2_34,342.0,0.8787131949820413,0.8715027242502913,-0.007210470731749963
CS2_34,343.0,0.8787999435992463,0.8715027242502913,-0.0072972193489549975
CS2_34,344.0,0.8921526292673233,0.8715027242502913,-0.02064990501703201
CS2_34,345.0,0.8903057072145794,0.8715027242502913,-0.018802982964288062
CS2_34,346.0,0.8922095164045208,0.873543933418959,-0.018665582985561868
CS2_34,347.0,0.8920128404838036,0.8752402924521909,-0.016772548031612655
CS2_34,348.0,0.8858327875176529,0.8752402924521909,-0.010592495065462004
CS2_34,349.0,0.8850720786599151,0.8738743016178637,-0.011197777042051382
CS2_34,350.0,0.8845353423407994,0.8738743016178637,-0.010661040722935722
CS2_34,351.0,0.884487181421056,0.8738743016178637,-0.010612879803192254
CS2_34,352.0,0.8860745299388869,0.8738743016178637,-0.012200228321023188
CS2_34,353.0,0.885945141093665,0.8762782463145855,-0.009666894779079449
CS2_34,354.0,0.8856153077997378,0.8765014400333972,-0.0091138677663406
CS2_34,355.0,0.8855102737355264,0.8767104489581804,-0.008799824777345977
CS2_34,356.0,0.8855453723036163,0.8765014400333972,-0.009043932270219046
CS2_34,357.0,0.8849027121381141,0.8762782463145855,-0.008624465823528604
CS2_34,358.0,0.8845183205540776,0.8758797596421455,-0.008638560911932158
CS2_34,359.0,0.8839768925667385,0.8748923839000321,-0.009084508666706403
CS2_34,360.0,0.8835587697206551,0.8746092582145484,-0.008949511506106678
CS2_34,361.0,0.8832981229869635,0.8743975171774169,-0.008900605809546658
CS2_34,362.0,0.8829079910047428,0.8743924286181581,-0.008515562386584685
CS2_34,363.0,0.882597450137338,0.8738644150092207,-0.008733035128117295
CS2_34,365.0,0.8753848995720029,0.8732166796621476,-0.0021682199098553845
CS2_34,366.0,0.8755460206234299,0.8667802097930456,-0.008765810830384302
CS2_34,367.0,0.8745409685851162,0.8662603460761396,-0.008280622508976654
CS2_34,368.0,0.8766479969243389,0.8662603460761396,-0.01038765084819937
CS2_34,369.0,0.8777491476651922,0.8667802097930456,-0.010968937872146589
CS2_34,370.0,0.8725617511997904,0.8662603460761396,-0.0063014051236508495
CS2_34,371.0,0.8715558161572674,0.8652966649227126,-0.006259151234554783
CS2_34,372.0,0.8709424005749907,0.865369536109531,-0.0055728644654596815
CS2_34,373.0,0.8696724433700681,0.8652966649227126,-0.004375778447355483
CS2_34,374.0,0.873996823424061,0.8652966649227126,-0.00870015850134842
CS2_34,375.0,0.8729125760161683,0.8652966649227126,-0.007615911093455718
CS2_34,376.0,0.8689698905243816,0.8635636066829653,-0.005406283841416282
CS2_34,377.0,0.8689949141589363,0.8635636066829653,-0.005431307475970981
CS2_34,378.0,0.8679380477945094,0.8630362685805929,-0.004901779213916546
CS2_34,379.0,0.870039593746509,0.8630362685805929,-0.007003325165916063
CS2_34,380.0,0.8719079352295687,0.8636024540255637,-0.008305481204004983
CS2_34,381.0,0.8668217783302133,0.8636024540255637,-0.0032193243046496622
CS2_34,382.0,0.8656709081902149,0.8630473450081031,-0.0026235631821117655
CS2_34,383.0,0.8646525793073552,0.8630473450081031,-0.0016052342992520785
CS2_34,384.0,0.8583612400271494,0.8588914963727767,0.0005302563456273113
CS2_34,385.0,0.8654350269901764,0.8588914963727767,-0.006543530617399651
CS2_34,386.0,0.8663093046862482,0.8630473450081031,-0.003261959678145132
CS2_34,387.0,0.856173692733594,0.8579176136623884,0.0017439209287943847
CS2_34,388.0,0.8546316930355052,0.8537857334845924,-0.0008459595509128226
CS2_34,389.0,0.8533760376932045,0.8537857334845924,0.0004096957913879429
CS2_34,390.0,0.8558746293962783,0.8537857334845924,-0.0020888959116859285
CS2_34,391.0,0.8605813778046433,0.8537857334845924,-0.006795644320050864
CS2_34,392.0,0.8616230729183924,0.8620694972005484,0.0004464242821560216
CS2_34,393.0,0.8621430954616115,0.8620694972005484,-7.359826106312362e-05
CS2_34,394.0,0.8770461636290787,0.8620694972005484,-0.01497666642853035
CS2_34,395.0,0.8771966976114172,0.8620694972005484,-0.01512720041086879
CS2_34,396.0,0.8812105615380358,0.8625522902507519,-0.018658271287283923
CS2_34,397.0,0.8747772925289777,0.8620377136418006,-0.012739578887177139
CS2_34,398.0,0.8690024892790109,0.8575366071499978,-0.011465882129013116
CS2_34,399.0,0.8667992688165272,0.8575366071499978,-0.009262661666529448
CS2_34,400.0,0.8634451584575936,0.8558806876631111,-0.007564470794482525
CS2_34,401.0,0.8691901712136436,0.8558806876631111,-0.01330948355053252
CS2_34,402.0,0.8701135202260937,0.8575366071499978,-0.012576913076095875
CS2_34,403.0,0.8599469668841758,0.8558806876631111,-0.004066279221064728
CS2_34,404.0,0.8576949623801202,0.8520357227080334,-0.005659239672086813
CS2_34,406.0,0.8557930191330722,0.8520357227080334,-0.0037572964250387475
CS2_34,407.0,0.8525726383194215,0.85165434181365,-0.0009182965057715764
CS2_34,408.0,0.8534428785894423,0.85165434181365,-0.001788536775792382
CS2_34,409.0,0.8590653138568247,0.8520357227080334,-0.007029591148791314
CS2_34,410.0,0.8555695211520744,0.85165434181365,-0.003915179338424446
CS2_34,411.0,0.8498548910308258,0.8472582139542476,-0.00259667707657818
CS2_34,412.0,0.8484125630505837,0.8472582139542476,-0.0011543490963360492
CS2_34,413.0,0.8465752815616677,0.8431282027511625,-0.003447078810505211
CS2_34,414.0,0.8510592243846542,0.8431282027511625,-0.007931021633491686
CS2_34,415.0,0.8537422583839002,0.8472582139542476,-0.006484044429652558
CS2_34,416.0,0.8461582893329914,0.8431282027511625,-0.0030300865818289058
CS2_34,417.0,0.8443733363677028,0.8432352467132228,-0.0011380896544800345
CS2_34,418.0,0.8420662405386322,0.8432352467132228,0.0011690061745905922
CS2_34,419.0,0.8402121675371721,0.8419410895487754,0.001728922011603351
CS2_34,420.0,0.8462742801709727,0.8419410895487754,-0.0043331906221972805
CS2_34,421.0,0.8458073072484729,0.8432352467132228,-0.0025720605352500536
CS2_34,423.0,0.8408219752787737,0.8449323298896846,0.004110354610910916
CS2_34,424.0,0.8404582837551504,0.8449323298896846,0.004474046134534171
CS2_34,425.0,0.8389409834608337,0.8427896286713963,0.0038486452105626068
CS2_34,426.0,0.8437645393943893,0.8427896286713963,-0.0009749107229930498
CS2_34,427.0,0.8433056934749676,0.8449323298896846,0.001626636414716942
CS2_34,428.0,0.8383731017704976,0.8428870542208805,0.004513952450382885
CS2_34,429.0,0.8384040099270963,0.8429294482911225,0.004525438364026191
CS2_34,430.0,0.8375894535766305,0.8429294482911225,0.00533999471449198
CS2_34,431.0,0.8385322366933309,0.8429294482911225,0.004397211597791606
CS2_34,432.0,0.8409551215774876,0.8429294482911225,0.001974326713634844
CS2_34,433.0,0.8415130178554063,0.848118074538095,0.006605056682688626
CS2_34,434.0,0.8414869965997942,0.8484298428107665,0.006942846210972298
CS2_34,435.0,0.8414981030531624,0.84852369021155,0.007025587158387636
CS2_34,436.0,0.8416770420128136,0.84852369021155,0.0068466481987364824
CS2_34,437.0,0.8419692280086846,0.84852369021155,0.006554462202865485
CS2_34,438.0,0.8418067781675882,0.84852369021155,0.0067169120439618535
CS2_34,439.0,0.8415963918243744,0.84852369021155,0.006927298387175651
CS2_34,440.0,0.8411839263770778,0.8484306964587464,0.007246770081668519
CS2_34,441.0,0.8401854794016173,0.8482002178470841,0.008014738445466851
CS2_34,442.0,0.8393512158696629,0.8479415689328565,0.008590353063193668
CS2_34,443.0,0.8389280155384565,0.8467177186015217,0.007789703063065145
CS2_34,444.0,0.8382791289171331,0.846246351504761,0.007967222587627942
CS2_34,445.0,0.8302271033160055,0.8457347981501562,0.01550769483415071
CS2_34,446.0,0.8290779436474051,0.8457347981501562,0.016656854502751117
CS2_34,447.0,0.8282477672548512,0.8358290862751513,0.007581319020300126
CS2_34,448.0,0.8273854758657638,0.8358290862751513,0.008443610409387459
CS2_34,449.0,0.8316005246447927,0.8358290862751513,0.004228561630358563
CS2_34,450.0,0.8296323387523269,0.8358290862751513,0.006196747522824397
CS2_34,451.0,0.824655521056403,0.8350186085799124,0.01036308752350934
CS2_34,452.0,0.8240517374376232,0.83250854349851,0.008456806060886835
CS2_34,453.0,0.8228634337418863,0.83245377945278,0.009590345710893677
CS2_34,455.0,0.8269581861120898,0.83221512476109,0.005256938649000231
CS2_34,456.0,0.8684213014262328,0.83221512476109,-0.0362061766651427
CS2_34,457.0,0.8648896599801285,0.8379589606005914,-0.02693069937953707
CS2_34,458.0,0.8669825923526454,0.8387714283309952,-0.028211164021650248
CS2_34,459.0,0.8669836217271023,0.8397537472651648,-0.027229874461937476
CS2_34,460.0,0.861013563007208,0.8436132139943274,-0.017400349012880567
CS2_34,461.0,0.8574269329006626,0.8436132139943274,-0.013813718906335204
CS2_34,462.0,0.8552876690767998,0.8448668699035485,-0.010420799173251227
CS2_34,463.0,0.8531589791372634,0.8448668699035485,-0.008292109233714817
CS2_34,464.0,0.8565211240765346,0.8448668699035485,-0.011654254172986045
CS2_34,465.0,0.8550347748609213,0.8449958301286897,-0.010038944732231547
CS2_34,466.0,0.849136741088644,0.8449958301286897,-0.00414091095995428
CS2_34,468.0,0.8762193510088104,0.8449958301286897,-0.031223520880120703
CS2_34,469.0,0.8591416492094252,0.8418777647532071,-0.01726388445621807
CS2_34,470.0,0.8553224076211282,0.8362033673131626,-0.01911904030796563
CS2_34,471.0,0.8576287195698593,0.8349115997260131,-0.022717119843846167
CS2_34,472.0,0.8463895408467872,0.8348921944044156,-0.011497346442371548
CS2_34,473.0,0.836146464106548,0.8194683289009922,-0.016678135205555833
CS2_34,474.0,0.8301952919777169,0.8194683289009922,-0.010726963076724716
CS2_34,475.0,0.8260986770527743,0.8144422233309117,-0.011656453721862636
CS2_34,476.0,0.8318035689405763,0.8144422233309117,-0.017361345609664625
CS2_34,477.0,0.8336144467863258,0.8144422233309117,-0.01917222345541414
CS2_34,478.0,0.820732481674176,0.8121868202372846,-0.008545661436891394
CS2_34,479.0,0.8169592252565672,0.8110704587653526,-0.005888766491214614
CS2_34,480.0,0.8135287475539695,0.8099518121389749,-0.0035769354149945976
CS2_34,482.0,0.8160131129669517,0.8087848104182501,-0.007228302548701548
CS2_34,483.0,0.8187646410906038,0.8099518121389749,-0.008812828951628826
CS2_34,484.0,0.8072904825143987,0.8079727630722242,0.0006822805578254876
CS2_34,485.0,0.8045562337721365,0.8051585776838853,0.0006023439117488483
CS2_34,486.0,0.8022732762432819,0.8051585776838853,0.002885301440603394
CS2_34,487.0,0.7983835998945651,0.8025218720712656,0.004138272176700486
CS2_34,488.0,0.7953704888903183,0.8009208048646369,0.005550315974318654
CS2_34,489.0,0.7930814452662037,0.7982991705663951,0.005217725300191378
CS2_34,490.0,0.7910486121255661,0.795571553888107,0.004522941762540866
CS2_34,491.0,0.7915416142760978,0.795571553888107,0.004029939612009148
CS2_34,492.0,0.7967313671097813,0.795571553888107,-0.001159813221674355
CS2_34,493.0,0.7955487005286874,0.795679542967848,0.00013084243916061666
CS2_34,494.0,0.7951053742232306,0.8019134204649727,0.006808046241742138
CS2_34,495.0,0.7950340235227765,0.8030410592352596,0.008007035712483068
CS2_34,496.0,0.7947474612177386,0.8037076277543447,0.008960166536606029
CS2_34,497.0,0.7942749266946816,0.8037076277543447,0.009432701059663096
CS2_34,498.0,0.7938309419979466,0.8037076277543447,0.009876685756398107
CS2_34,499.0,0.7925693229763757,0.8037076277543447,0.011138304777968955
CS2_34,500.0,0.7911482420234582,0.8035314323525693,0.01238319032911106
CS2_34,501.0,0.7900441880931496,0.8015734427048604,0.011529254611710837
CS2_34,518.0,0.7991688443131382,0.7955345877747114,-0.00363425653842675
CS2_34,519.0,0.790928496197179,0.7955345877747114,0.004606091577532445
CS2_35,5.0,0.9857185878660013,1.0,0.014281412133998694
CS2_35,6.0,0.9839760857298292,1.0003067731917774,0.016330687461948212
CS2_35,7.0,0.9785717276217718,1.0003067731917774,0.021735045570005607
CS2_35,8.0,0.9678660804938517,1.0,0.0321339195061483
CS2_35,9.0,0.9634987552724714,0.9844025745955713,0.020903819323099926
CS2_35,10.0,0.9604935363627367,0.9791047003057514,0.018611163943014652
CS2_35,11.0,0.9565547513771016,0.9782557268719441,0.02170097549484251
CS2_35,12.0,0.961955649477795,0.9782557268719441,0.01630007739414907
CS2_35,13.0,0.9632678504050206,0.9782557268719441,0.014987876466923455
CS2_35,14.0,0.9630901942695846,0.9813847302274356,0.01829453595785091
CS2_35,15.0,0.9627179914112796,0.9826512909136291,0.019933299502349566
CS2_35,16.0,0.9622099224380523,0.9831946191691902,0.020984696731137897
CS2_35,17.0,0.9618282855358297,0.9831946191691902,0.02136633363336049
CS2_35,18.0,0.9613715207788508,0.9831946191691902,0.021823098390339357
CS2_35,19.0,0.9607134386136474,0.9831946191691902,0.022481180555542712
CS2_35,20.0,0.9598522954762527,0.9828215675667664,0.022969272090513693
CS2_35,21.0,0.9592313969226961,0.9827079729558916,0.02347657603319553
CS2_35,22.0,0.9585365056512274,0.9824011526869733,0.023864647035745867
CS2_35,23.0,0.9579536515405359,0.9824011526869733,0.024447501146437345
CS2_35,24.0,0.9574097560983061,0.9819247230397219,0.02451496694141575
CS2_35,25.0,0.9568401008624016,0.9815716287443031,0.024731527881901583
CS2_35,26.0,0.9561319360616806,0.9804010494794186,0.024269113417738075
CS2_35,27.0,0.9554467829299351,0.9802404846023515,0.024793701672416346
CS2_35,28.0,0.945959984632627,0.9798868902084902,0.0339269055758632
CS2_35,29.0,0.9393287547583546,0.9792039516781543,0.03987519691979968
CS2_35,30.0,0.9361046626409899,0.964220158037543,0.028115495396553114
CS2_35,31.0,0.9337192675147048,0.9615984472908018,0.027879179776096996
CS2_35,32.0,0.9310610954507792,0.9607538745609857,0.029692779110206513
CS2_35,33.0,0.9400347876983066,0.9607538745609857,0.020719086862679092
CS2_35,34.0,0.9421493230226569,0.9607538745609857,0.01860455153832885
CS2_35,35.0,0.9350869502087076,0.9583311290831124,0.023244178874404775
CS2_35,36.0,0.928256592024352,0.9582474436712813,0.029990851646929384
CS2_35,37.0,0.926120298606126,0.9501785769697892,0.024058278363663255
CS2_35,38.0,0.9249148871141211,0.9500541116300915,0.025139224515970393
CS2_35,39.0,0.9228177891708759,0.9494032077583479,0.026585418587471987
CS2_35,40.0,0.9318246055679452,0.9500541116300915,0.01822950606214624
CS2_35,41.0,0.933931216733814,0.9500541116300915,0.016122894896277495
CS2_35,42.0,0.9293005182359296,0.9494032077583479,0.020102689522418227
CS2_35,43.0,0.9208328247014776,0.9474965647853983,0.026663740083920695
CS2_35,44.0,0.9199036296370453,0.9452520477875799,0.02534841815053457
CS2_35,45.0,0.9191160176752402,0.9445099982813199,0.02539398060607967
CS2_35,46.0,0.9176473694797599,0.9436977063656492,0.026050336885889314
CS2_35,47.0,0.9232595571427433,0.9445099982813199,0.021250441138576548
CS2_35,48.0,0.9268599763707043,0.9445099982813199,0.0176500219106156
CS2_35,49.0,0.9279563252844593,0.9471551036144165,0.0191987783299572
CS2_35,50.0,0.9167022954733177,0.9471551036144165,0.03045280814109874
CS2_35,51.0,0.9157957003966056,0.9471551036144165,0.03135940321781083
CS2_35,52.0,0.9147404607005867,0.9388769131946761,0.024136452494089466
CS2_35,53.0,0.913002553491052,0.9381698120369366,0.02516725854588464
CS2_35,54.0,0.9558451087519609,0.9381698120369366,-0.017675296715024325
CS2_35,55.0,0.952557316330915,0.9388769131946761,-0.013680403136238861
CS2_35,56.0,0.9558865590652929,0.9653485783435277,0.009462019278234868
CS2_35,57.0,0.9555466845461601,0.9707783327689787,0.015231648222818639
CS2_35,58.0,0.9471443518021858,0.9707783327689787,0.023633980966792922
CS2_35,59.0,0.844802850996262,0.9707783327689787,0.12597548177271678
CS2_35,60.0,0.9423485699628563,0.9637363408573723,0.021387770894515934
CS2_35,61.0,0.9399393208683176,0.9621026204654897,0.022163299597172115
CS2_35,62.0,0.9324046461475965,0.9600860520960368,0.027681405948440263
CS2_35,63.0,0.9342502894520791,0.9592139046213574,0.024963615169278253
CS2_35,64.0,0.9321489597595477,0.9592139046213574,0.02706494486180966
CS2_35,65.0,0.9250472205395914,0.9569560342235393,0.03190881368394782
CS2_35,66.0,0.9230484042715649,0.9548708358561557,0.03182243158459086
CS2_35,67.0,0.9212546071855433,0.9467585196701294,0.025503912484586055
CS2_35,68.0,0.9199648027106059,0.9462920191457909,0.026327216435184986
CS2_35,69.0,0.9159929187100183,0.9454187482825139,0.02942582957249562
CS2_35,70.0,0.9179169709936471,0.944579755046123,0.026662784052475907
CS2_35,71.0,0.9172650787178175,0.9430533823612847,0.02578830364346718
CS2_35,72.0,0.9123546585141123,0.9424168921914627,0.030062233677350392
CS2_35,73.0,0.9103122396183824,0.9380829179852597,0.0277706783668773
CS2_35,74.0,0.909447007017365,0.9351907623739631,0.02574375535659812
CS2_35,75.0,0.9085475045137448,0.9325027491061041,0.023955244592359315
CS2_35,76.0,0.9046994492524217,0.9323374795325657,0.027638030280144
CS2_35,77.0,0.9080268872405994,0.9323374795325657,0.024310592291966304
CS2_35,78.0,0.9076797032221595,0.9322080095039613,0.024528306281801804
CS2_35,79.0,0.9065431681934301,0.9322080095039613,0.02566484131053126
CS2_35,80.0,0.9051544972783536,0.931633546848718,0.0264790495703644
CS2_35,81.0,0.904182853737492,0.931633546848718,0.027450693111226054
CS2_35,82.0,0.9040830967032769,0.9299918664420724,0.025908769738795523
CS2_35,83.0,0.9031379845356655,0.9293851115622981,0.026247127026632566
CS2_35,84.0,0.9014040410281684,0.92916376075077,0.027759719722601606
CS2_35,85.0,0.9002871390352916,0.9268855418485635,0.02659840281327197
CS2_35,86.0,0.8994515482085683,0.9258881408060439,0.02643659259747555
CS2_35,87.0,0.8982225812916708,0.9252820322551643,0.027059450963493492
CS2_35,88.0,0.8975330878492287,0.9242229865100338,0.026689898660805067
CS2_35,89.0,0.89674831333477,0.9235556818546584,0.026807368519888408
CS2_35,90.0,0.8969529254823655,0.9233792105428498,0.026426285060484278
CS2_35,91.0,0.895399943635925,0.9231560885433454,0.0277561449074204
CS2_35,92.0,0.8944046303464995,0.9217361608875175,0.027331530541018
CS2_35,93.0,0.8938667096901091,0.9199207934723975,0.026054083782288462
CS2_35,94.0,0.8854526232277204,0.9196903096819145,0.034237686454194005
CS2_35,95.0,0.8823280480527597,0.9183139245627316,0.03598587650997198
CS2_35,96.0,0.8813901227592097,0.9088034229874032,0.02741330022819355
CS2_35,97.0,0.8799096156665378,0.9077080965145431,0.02779848084800529
CS2_35,99.0,0.8959879759535233,0.9077080965145431,0.011720120561019787
CS2_35,100.0,0.8949109362014988,0.9088034229874032,0.01389248678590449
CS2_35,101.0,0.8927592930639354,0.9090169339613914,0.01625764089745596
CS2_35,102.0,0.9002847518819173,0.9103668090746252,0.010082057192707938
CS2_35,103.0,0.9005352283643012,0.9131863566449819,0.012651128280680712
CS2_35,104.0,0.8916609907035864,0.9131863566449819,0.021525365941395536
CS2_35,106.0,0.9174099916933568,0.915168457906066,-0.0022415337872907504
CS2_35,107.0,0.9168397459607164,0.9166243837325624,-0.00021536222815399242
CS2_35,108.0,0.9231712258697379,0.916634189307763,-0.006537036561974907
CS2_35,109.0,0.9241049359227004,0.9334854681893641,0.009380532266663688
CS2_35,110.0,0.9117421792254917,0.9334854681893641,0.021743288963872343
CS2_35,111.0,0.911284137165081,0.9334854681893641,0.02220133102428301
CS2_35,112.0,0.91201218567877,0.9312161258807196,0.0192039402019496
CS2_35,113.0,0.9098546994569155,0.9284371985261491,0.018582499069233593
CS2_35,114.0,0.9082193039184677,0.9273608735377373,0.019141569619269605
CS2_35,115.0,0.9161000561557727,0.9284371985261491,0.01233714237037642
CS2_35,116.0,0.916504386634026,0.9312161258807196,0.014711739246693556
CS2_35,117.0,0.9070885806004781,0.9273608735377373,0.020272292937259184
CS2_35,118.0,0.9034189683156942,0.9273608735377373,0.02394190522204309
CS2_35,119.0,0.9011811072262101,0.9225741402897241,0.021393033063513922
CS2_35,120.0,0.899922470029531,0.9205494046911861,0.020626934661655105
CS2_35,121.0,0.8966622827061869,0.918215506049797,0.021553223343610095
CS2_35,122.0,0.9060543771180394,0.918215506049797,0.012161128931757581
CS2_35,123.0,0.9068789456466574,0.918215506049797,0.011336560403139573
CS2_35,124.0,0.8975005235393315,0.9134088947397666,0.01590837120043509
CS2_35,125.0,0.8914372325399732,0.9131628546014117,0.021725622061438465
CS2_35,126.0,0.8922881739409654,0.9089426022791223,0.01665442833815689
CS2_35,127.0,0.7844518949008075,0.9084306858540225,0.12397879095321507
CS2_35,128.0,0.8884048556783841,0.9014689485617188,0.013064092883334655
CS2_35,129.0,0.8933541067939063,0.9084306858540225,0.01507657906011628
CS2_35,130.0,0.8974890835718535,0.9089426022791223,0.01145351870726874
CS2_35,131.0,0.8977708868578014,0.915402629295884,0.01763174243808263
CS2_35,132.0,0.8976032916892696,0.9162442734712616,0.018640981781992028
CS2_35,133.0,0.8973373279177934,0.9162442734712616,0.01890694555346817
CS2_35,134.0,0.8970233663884579,0.9155178488384758,0.018494482450017835
CS2_35,135.0,0.8972319531135329,0.9155178488384758,0.01828589572494288
CS2_35,136.0,0.8970401071637322,0.9149492797802867,0.01790917261655456
CS2_35,137.0,0.8966466532009946,0.9146152112684406,0.017968558067446017
CS2_35,138.0,0.8960358554572516,0.9143560279903256,0.018320172533073942
CS2_35,139.0,0.8955778425721105,0.9138787787603998,0.01830093618828932
CS2_35,140.0,0.8951738927111731,0.9135877508382046,0.018413858127031557
CS2_35,141.0,0.8949820568575101,0.9131603394280572,0.0181782825705471
CS2_35,142.0,0.8948937943651136,0.9130112275742139,0.01811743320910031
CS2_35,143.0,0.8948625368361749,0.9129008971196244,0.018038360283449517
CS2_35,144.0,0.8954911285903792,0.9130112275742139,0.017520098983834775
CS2_35,145.0,0.8960266165226328,0.9129008971196244,0.016874280596991587
CS2_35,146.0,0.7998890091497722,0.9122457907838265,0.11235678163405427
CS2_35,147.0,0.8790331643235024,0.9121650819861269,0.033131917662624466
CS2_35,148.0,0.8802718381976522,0.9064119231790645,0.026140084981412293
CS2_35,149.0,0.8776996795815188,0.8957755725560059,0.018075892974487084
CS2_35,150.0,0.8768662881725088,0.8957755725560059,0.01890928438349715
CS2_35,151.0,0.8742458224188855,0.8957755725560059,0.02152975013712044
CS2_35,152.0,0.8845107828039458,0.8972852575419161,0.012774474737970332
CS2_35,153.0,0.885347951566291,0.8972852575419161,0.011937305975625145
CS2_35,154.0,0.8725448921756078,0.8972852575419161,0.024740365366308303
CS2_35,155.0,0.8704004882252552,0.8942047037100579,0.023804215484802715
CS2_35,156.0,0.8754290459813724,0.8882374403339331,0.012808394352560759
CS2_35,157.0,0.7779522158590256,0.8863716622622481,0.10841944640322243
CS2_35,158.0,0.8843996982176296,0.8863716622622481,0.001971964044618413
CS2_35,159.0,0.8847263766493336,0.8882374403339331,0.0035110636845995247
CS2_35,160.0,0.8718380925166237,0.8882374403339331,0.01639934781730945
CS2_35,161.0,0.8732774552722546,0.8876084979726601,0.014331042700405416
CS2_35,162.0,0.8737584726993545,0.8880160558094181,0.014257583110063643
CS2_35,163.0,0.8730735875513687,0.8876084979726601,0.014534910421291403
CS2_35,164.0,0.8744105691209014,0.8876084979726601,0.013197928851758634
CS2_35,165.0,0.8813736668224043,0.8880160558094181,0.006642388987013859
CS2_35,166.0,0.8830764906237908,0.8949135355668442,0.011837044943053376
CS2_35,167.0,0.8723080244423213,0.8949135355668442,0.022605511124522915
CS2_35,168.0,0.8711387487866372,0.8949135355668442,0.023774786780206947
CS2_35,170.0,0.8694401173558455,0.8836221614241629,0.014182044068317468
CS2_35,171.0,0.8711247718638157,0.8836221614241629,0.012497389560347294
CS2_35,172.0,0.8779065029210357,0.8842241243855153,0.006317621464479672
CS2_35,173.0,0.8813020718299974,0.8845553286206645,0.003253256790667125
CS2_35,174.0,0.8819640098608986,0.8925851324671482,0.010621122606249589
CS2_35,175.0,0.8691408237223897,0.8925851324671482,0.023444308744758557
CS2_35,176.0,0.8718039256571123,0.8925851324671482,0.020781206810035924
CS2_35,177.0,0.8755619432613858,0.8925851324671482,0.0170231892057624
CS2_35,178.0,0.7837481801189469,0.8893758166056702,0.10562763648672335
CS2_35,179.0,0.8821963258938055,0.8893758166056702,0.007179490711864744
CS2_35,180.0,0.8826323727956186,0.8909677344829521,0.008335361687333509
CS2_35,181.0,0.8829376087994629,0.8923893937069517,0.00945178490748877
CS2_35,182.0,0.883264258635025,0.8923893937069517,0.009125135071926693
CS2_35,183.0,0.8835992637979954,0.8979990360402949,0.014399772242299491
CS2_35,184.0,0.8838628737570314,0.8989300587832726,0.015067185026241159
CS2_35,185.0,0.8848971993238125,0.900244661385938,0.01534746206212545
CS2_35,186.0,0.8851848725894083,0.9003456186067252,0.015160746017316984
CS2_35,187.0,0.8853609557062804,0.9005770203040157,0.01521606459773528
CS2_35,188.0,0.8854156324827512,0.9009224774670611,0.015506844984309875
CS2_35,189.0,0.8858509968195584,0.9010006638582428,0.015149667038684478
CS2_35,190.0,0.8859909930883704,0.9011327204571103,0.015141727368739977
CS2_35,191.0,0.8860460197583765,0.9014390201522583,0.015393000393881806
CS2_35,192.0,0.8861109942425611,0.9018220599020377,0.015711065659476553
CS2_35,193.0,0.8862409330975276,0.901857543918022,0.01561661082049437
CS2_35,194.0,0.8861948056142067,0.901857543918022,0.01566273830381526
CS2_35,195.0,0.8862096062816356,0.9018220599020377,0.01561245362040209
CS2_35,196.0,0.8861759662983881,0.9017918096977579,0.015615843399369722
CS2_35,197.0,0.8773355729452955,0.9017244970854409,0.024388924140145374
CS2_35,198.0,0.8747147745898838,0.9016723691801237,0.02695759459023994
CS2_35,199.0,0.8740893134916382,0.8978082818779967,0.023718968386358452
CS2_35,200.0,0.8711607592446445,0.8949636161546535,0.02380285691000894
CS2_35,201.0,0.8691496430785471,0.8908721737009778,0.02172253062243068
CS2_35,202.0,0.8772395711869878,0.8949636161546535,0.017724044967665664
CS2_35,203.0,0.8798413902944155,0.8949636161546535,0.015122225860237926
CS2_35,204.0,0.8788734065542901,0.8878400083892112,0.00896660183492104
CS2_35,205.0,0.8687550118941078,0.8878400083892112,0.019084996495103423
CS2_35,206.0,0.906838093526913,0.8970591742125894,-0.00977891931432362
CS2_35,207.0,0.9092823689460875,0.8970591742125894,-0.012223194733498088
CS2_35,208.0,0.9117109802789909,0.9035647719072428,-0.008146208371748065
CS2_35,209.0,0.912396373440651,0.9228039089786947,0.010407535538043633
CS2_35,210.0,0.9124614748829838,0.9249660210970191,0.012504546214035295
CS2_35,211.0,0.9121747800158323,0.9250523707032309,0.012877590687398577
CS2_35,212.0,0.912094926918634,0.9269266694773138,0.014831742558679806
CS2_35,213.0,0.9122464796354406,0.9292774004635835,0.017030920828142948
CS2_35,214.0,0.9118721925836268,0.9303021670306787,0.018429974447051856
CS2_35,215.0,0.9112839353365508,0.930429912181037,0.019145976844486157
CS2_35,216.0,0.9106979066949121,0.930429912181037,0.01973200548612486
CS2_35,217.0,0.9095659094980488,0.9303021670306787,0.020736257532629865
CS2_35,218.0,0.9092351304448228,0.9303021670306787,0.021067036585855847
CS2_35,219.0,0.9087727807923911,0.9297604869513666,0.020987706158975494
CS2_35,220.0,0.9082632146843521,0.9284125142190472,0.02014929953469513
CS2_35,221.0,0.9080852688263862,0.9281571960368883,0.020071927210502105
CS2_35,222.0,0.8080931722943315,0.9280411435470259,0.11994797125269441
CS2_35,223.0,0.9071185508796726,0.9277798479676594,0.020661297087986807
CS2_35,224.0,0.8992817774367086,0.9255857500679605,0.02630397263125195
CS2_35,225.0,0.8913811908558689,0.9094951843244871,0.018113993468618195
CS2_35,226.0,0.8925604406668697,0.9094951843244871,0.01693474365761738
CS2_35,227.0,0.8906717918593655,0.9094951843244871,0.018823392465121547
CS2_35,228.0,0.8877792317232788,0.9079166036900252,0.020137371966746476
CS2_35,229.0,0.8947169268165789,0.9079166036900252,0.013199676873446364
CS2_35,230.0,0.896970939152358,0.9127447302362527,0.01577379108389465
CS2_35,231.0,0.8938581416516345,0.9079166036900252,0.014058462038390784
CS2_35,232.0,0.8838808831430419,0.9009974816623476,0.017116598519305692
CS2_35,233.0,0.7710317814430891,0.8965453021451358,0.1255135207020467
CS2_35,234.0,0.8828113251127484,0.8960341887686889,0.013222863655940498
CS2_35,235.0,0.8816197757101761,0.8906438931295287,0.009024117419352606
CS2_35,236.0,0.8790473066406788,0.8906438931295287,0.01159658648884998
CS2_35,237.0,0.8877109420886181,0.8906438931295287,0.002932951040910625
CS2_35,238.0,0.8887257902254857,0.8951145286038585,0.006388738378372838
CS2_35,239.0,0.8802221472966973,0.8980723017449974,0.01785015444830007
CS2_35,240.0,0.8758035688986701,0.8980723017449974,0.022268732846327355
CS2_35,241.0,0.8743558733710443,0.8980723017449974,0.023716428373953158
CS2_35,242.0,0.8734083795526929,0.8924595353212915,0.019051155768598615
CS2_35,243.0,0.8712109544083133,0.8896010092873529,0.018390054879039552
CS2_35,244.0,0.8799504040515018,0.8896010092873529,0.00965060523585104
CS2_35,245.0,0.8819121647266482,0.8896010092873529,0.007688844560704622
CS2_35,246.0,0.877144807834418,0.8896010092873529,0.012456201452934912
CS2_35,247.0,0.8678809777111113,0.8896010092873529,0.021720031576241583
CS2_35,248.0,0.8685253881751839,0.8831816676394246,0.014656279464240751
CS2_35,249.0,0.8677962016839211,0.8809812579818672,0.013185056297946085
CS2_35,250.0,0.8668320097759381,0.8793856022602597,0.01255359248432164
CS2_35,251.0,0.8723184481024653,0.8809812579818672,0.008662809879401934
CS2_35,252.0,0.8756358080436593,0.8831816676394246,0.00754585959576537
CS2_35,253.0,0.8761954183726194,0.888838933176401,0.012643514803781564
CS2_35,254.0,0.8633473470137696,0.888838933176401,0.025491586162631363
CS2_35,255.0,0.8620367719547901,0.888838933176401,0.026802161221610832
CS2_35,256.0,0.87212837083596,0.888838933176401,0.016710562340440993
CS2_35,257.0,0.8777389735140613,0.888838933176401,0.011099959662339676
CS2_35,258.0,0.8782972822100693,0.891959204350081,0.013661922140011717
CS2_35,259.0,0.8781853549689593,0.891959204350081,0.013773849381121694
CS2_35,260.0,0.8781111160829532,0.8930683696479124,0.014957253564959139
CS2_35,261.0,0.8782245247775715,0.8930683696479124,0.01484384487034085
CS2_35,262.0,0.8781650295677792,0.8945098515049696,0.016344821937190446
CS2_35,263.0,0.8781097546320055,0.8945098515049696,0.016400096872964176
CS2_35,264.0,0.8777503109557592,0.8945098515049696,0.016759540549210472
CS2_35,265.0,0.877408787766908,0.8943644041406285,0.01695561637372045
CS2_35,266.0,0.8771142969059491,0.8938580086644736,0.016743711758524515
CS2_35,267.0,0.8768083241073333,0.8938580086644736,0.017049684557140288
CS2_35,268.0,0.8766133237387785,0.8938580086644736,0.017244684925695086
CS2_35,269.0,0.8765032472613098,0.8938911086736233,0.01738786141231352
CS2_35,270.0,0.8765053591224647,0.8938911086736233,0.01738574955115857
CS2_35,271.0,0.876289290930325,0.8938911086736233,0.017601817743298276
CS2_35,272.0,0.8761803213139531,0.8933335825468567,0.017153261232903616
CS2_35,273.0,0.8758258995627569,0.8929183360236679,0.017092436460910965
CS2_35,274.0,0.8625614183184249,0.8922085266403654,0.029647108321940507
CS2_35,275.0,0.8601932834674519,0.8919985833263496,0.031805299858897684
CS2_35,276.0,0.8597259081330848,0.8770468985597734,0.017320990426688554
CS2_35,277.0,0.8577425210044256,0.8728753284807872,0.015132807476361587
CS2_35,278.0,0.8565732043761259,0.8728753284807872,0.016302124104661253
CS2_35,279.0,0.8677052713554785,0.8734107511905611,0.0057054798350826275
CS2_35,280.0,0.8691533868374075,0.8770468985597734,0.007893511722365854
CS2_35,281.0,0.8614827942717745,0.8734107511905611,0.011927956918786564
CS2_35,282.0,0.855564557776819,0.8734107511905611,0.017846193413742162
CS2_35,283.0,0.8555079760768362,0.8723182166501185,0.016810240573282398
CS2_35,284.0,0.8554287766305367,0.8702739353398818,0.014845158709345108
CS2_35,285.0,0.8547651696527934,0.8694178446633569,0.014652675010563554
CS2_35,286.0,0.8618581089445927,0.8694178446633569,0.007559735718764227
CS2_35,287.0,0.863902696672815,0.8702739353398818,0.006371238667066792
CS2_35,288.0,0.8656870670800941,0.8796761954042588,0.013989128324164657
CS2_35,289.0,0.8525643692539268,0.8796761954042588,0.02711182615033203
CS2_35,290.0,0.8511205798335117,0.8796761954042588,0.02855561557074704
CS2_35,291.0,0.8508608712174527,0.8613677275014682,0.010506856284015487
CS2_35,292.0,0.8518031998537319,0.8613677275014682,0.009564527647736298
CS2_35,293.0,0.8518462733041675,0.8613677275014682,0.00952145419730066
CS2_35,294.0,0.8608541006921597,0.8667982250242756,0.005944124332115885
CS2_35,295.0,0.8618907580298629,0.8684779762538919,0.006587218224028968
CS2_35,296.0,0.8535911228317926,0.8684779762538919,0.014886853422099278
CS2_35,297.0,0.8492920875216796,0.8667982250242756,0.017506137502595998
CS2_35,298.0,0.8495548597491547,0.8657443118168467,0.016189452067692067
CS2_35,299.0,0.8486352956503643,0.8634270681478656,0.014791772497501299
CS2_35,300.0,0.8469079531081842,0.8587986723567413,0.011890719248557113
CS2_35,301.0,0.8551053569812241,0.8587986723567413,0.0036933153755172032
CS2_35,302.0,0.8583669497082353,0.8587986723567413,0.0004317226485059944
CS2_35,303.0,0.8568244312783655,0.8622462029173477,0.005421771638982165
CS2_35,304.0,0.8451987973353013,0.8622462029173477,0.017047405582046316
CS2_35,305.0,0.8456612898940693,0.8622462029173477,0.016584913023278358
CS2_35,306.0,0.8497165698061255,0.8592287133855331,0.00951214357940755
CS2_35,307.0,0.8486450547738733,0.8592287133855331,0.010583658611659774
CS2_35,308.0,0.8569593422887539,0.8592287133855331,0.0022693710967791603
CS2_35,309.0,0.8581677688885143,0.8634590865417484,0.0052913176532340955
CS2_35,310.0,0.8583244665446728,0.871112183572651,0.012787717027978207
CS2_35,311.0,0.8584043488610702,0.8723653511071547,0.013961002246084542
CS2_35,312.0,0.8584820333603076,0.8732732167492403,0.014791183388932705
CS2_35,313.0,0.8601360306040371,0.8739112129404882,0.013775182336451142
CS2_35,314.0,0.8605045035094586,0.8742036290586512,0.013699125549192614
CS2_35,315.0,0.8608083122065007,0.8746215141386505,0.013813201932149854
CS2_35,316.0,0.8609590295386595,0.8756056326720674,0.01464660313340782
CS2_35,317.0,0.8610806200637778,0.8756056326720674,0.014525012608289534
CS2_35,318.0,0.8611973830101818,0.875894337044787,0.014696954034605247
CS2_35,319.0,0.8612279102595946,0.8760901343096499,0.014862224050055328
CS2_35,320.0,0.8613985221983048,0.8764484460709889,0.015049923872684112
CS2_35,321.0,0.8615955460607794,0.8766638153524252,0.015068269291645842
CS2_35,322.0,0.8620442835858523,0.877271841440968,0.015227557855115759
CS2_35,323.0,0.861743545450439,0.8773727235598371,0.015629178109398123
CS2_35,324.0,0.8617515766079809,0.8773727235598371,0.015621146951856235
CS2_35,325.0,0.8510839173634263,0.8773727235598371,0.02628880619641083
CS2_35,326.0,0.8466359964239232,0.8770296478343574,0.030393651410434264
CS2_35,327.0,0.8469015690527931,0.863422912270282,0.016521343217488882
CS2_35,328.0,0.846685351845871,0.8626957921097466,0.016010440263875547
CS2_35,329.0,0.8450062912153657,0.8609303706025879,0.01592407938722218
CS2_35,330.0,0.8520944486214515,0.8626957921097466,0.010601343488295112
CS2_35,331.0,0.8551789026951719,0.863422912270282,0.008244009575110067
CS2_35,333.0,0.8463990663853908,0.8601547487170484,0.013755682331657693
CS2_35,334.0,0.8445501268422482,0.8573153176272701,0.012765190785021918
CS2_35,335.0,0.8454225860721613,0.857012218707264,0.011589632635102709
CS2_35,336.0,0.8431989344302179,0.8548769538516398,0.011678019421421881
CS2_35,337.0,0.840977245720193,0.8548769538516398,0.013899708131446809
CS2_35,338.0,0.8521840763823049,0.8548769538516398,0.0026928774693348867
CS2_35,339.0,0.8545120673786126,0.8548769538516398,0.0003648864730271262
CS2_35,340.0,0.8489686920705898,0.84973587332181,0.000767181251220217
CS2_35,341.0,0.8418719960520504,0.8474207800623783,0.0055487840103278785
CS2_35,342.0,0.8428402529684688,0.8517403800181262,0.00890012704965748
CS2_35,343.0,0.8437799927371042,0.8517403800181262,0.007960387281021997
CS2_35,344.0,0.8429806096379238,0.8517403800181262,0.00875977038020248
CS2_35,345.0,0.8474627100702491,0.8524157262417285,0.004953016171479363
CS2_35,346.0,0.8531585356212862,0.854528503262876,0.0013699676415898088
CS2_35,347.0,0.8543969405651926,0.8642383685331224,0.009841427967929861
CS2_35,348.0,0.8446520866601424,0.8642383685331224,0.01958628187298006
CS2_35,349.0,0.842401756396603,0.8642383685331224,0.02183661213651944
CS2_35,350.0,0.8427738553595068,0.8551121797501693,0.012338324390662514
CS2_35,351.0,0.8420190958904807,0.8542469905863939,0.012227894695913122
CS2_35,352.0,0.8406967613110595,0.8542469905863939,0.013550229275334336
CS2_35,353.0,0.8459559198184734,0.8542469905863939,0.008291070767920461
CS2_35,354.0,0.8394295754104012,0.8548526009340119,0.015423025523610745
CS2_35,355.0,0.8384230106124752,0.8548526009340119,0.01642959032153679
CS2_35,356.0,0.8442827685992237,0.8548526009340119,0.010569832334788254
CS2_35,357.0,0.8433295690614531,0.8548526009340119,0.011523031872558875
CS2_35,358.0,0.8414477019841874,0.8551294505764564,0.013681748592269005
CS2_35,359.0,0.8491653611707317,0.8572168119345637,0.008051450763831958
CS2_35,360.0,0.8505273115477519,0.8574960854996733,0.006968773951921414
CS2_35,361.0,0.8511584742994891,0.8625695569231745,0.011411082623685398
CS2_35,362.0,0.8515059140079623,0.8627736217193,0.011267707711337782
CS2_35,363.0,0.851669925690882,0.8632058921755735,0.011535966484691573
CS2_35,364.0,0.8520237716238686,0.8632058921755735,0.011182120551704977
CS2_35,366.0,0.8534269167458979,0.8658009130776707,0.01237399633177283
CS2_35,367.0,0.8574395081623268,0.8664161549577962,0.00897664679546939
CS2_35,368.0,0.8599843282575034,0.8677840341568872,0.007799705899383835
CS2_35,369.0,0.8608153406344766,0.8703651212709146,0.009549780636437966
CS2_35,370.0,0.852798187888637,0.8703651212709146,0.01756693338227755
CS2_35,371.0,0.8527588574554276,0.8703651212709146,0.017606263815487022
CS2_35,372.0,0.8553064247088643,0.8678250880576704,0.012518663348806136
CS2_35,373.0,0.8571175436791683,0.8660793881598879,0.008961844480719683
CS2_35,374.0,0.8569467887856773,0.8654076451296231,0.008460856343945777
CS2_35,375.0,0.860851869223677,0.8660793881598879,0.005227518936210984
CS2_35,376.0,0.861564959053386,0.8678250880576704,0.006260129004284409
CS2_35,377.0,0.8572948530587768,0.8660793881598879,0.008784535101111102
CS2_35,378.0,0.8540847112521105,0.8654076451296231,0.011322933877512598
CS2_35,379.0,0.8539127291148249,0.8677374742498766,0.01382474513505172
CS2_35,380.0,0.8562174346367445,0.8677374742498766,0.011520039613132083
CS2_35,381.0,0.85614424803659,0.8677374742498766,0.011593226213286623
CS2_35,382.0,0.8574339687867619,0.8696877222923384,0.012253753505576448
CS2_35,383.0,0.8594710608727775,0.8697021099172085,0.010231049044431062
CS2_35,384.0,0.8597764842798128,0.8756515768547568,0.015875092574944016
CS2_35,385.0,0.852519013281139,0.8756515768547568,0.023132563573617815
CS2_35,386.0,0.8523526030942526,0.8756515768547568,0.02329897376050416
CS2_35,387.0,0.8519084111472575,0.8658083482308424,0.013899937083584946
CS2_35,388.0,0.8510847472595071,0.8621382947492416,0.011053547489734528
CS2_35,389.0,0.8493150675784101,0.8619596126417878,0.012644545063377644
CS2_35,390.0,0.8550390802129726,0.8619596126417878,0.006920532428815185
CS2_35,391.0,0.8563293054781762,0.8619596126417878,0.00563030716361157
CS2_35,392.0,0.852573496637618,0.8607989089697199,0.008225412332101945
CS2_35,393.0,0.848715878113817,0.8581860230895177,0.009470144975700756
CS2_35,394.0,0.8495047361825702,0.8583627046466024,0.008857968464032195
CS2_35,395.0,0.8502775759730581,0.8583627046466024,0.008085128673544273
CS2_35,396.0,0.8517049350116996,0.8583627046466024,0.0066577696349027216
CS2_35,397.0,0.8524300572430732,0.8617682489816921,0.00933819173861894
CS2_35,398.0,0.8554712522042813,0.8631900723018209,0.007718820097539547
CS2_35,399.0,0.856036057799309,0.8687234020286125,0.01268734422930351
CS2_35,400.0,0.8562718719960308,0.8689823537532672,0.012710481757236325
CS2_35,401.0,0.8564055123284176,0.869083581933363,0.012678069604945441
CS2_35,402.0,0.8563972830072332,0.869083581933363,0.012686298926129824
CS2_35,403.0,0.8573290607224195,0.8699314423473095,0.012602381624889913
CS2_35,404.0,0.8576302784707163,0.8700919174017026,0.012461638930986285
CS2_35,405.0,0.8577655190315889,0.8703932967757334,0.012627777744144475
CS2_35,406.0,0.8577597305705913,0.8700919174017026,0.012332186831111258
CS2_35,407.0,0.8577565376512758,0.8700919174017026,0.012335379750426756
CS2_35,408.0,0.8574912783509852,0.8700919174017026,0.0126006390507174
CS2_35,409.0,0.857567653652908,0.8704093733621937,0.012841719709285715
CS2_35,410.0,0.8574215285387616,0.8705441397103526,0.01312261117159097
CS2_35,411.0,0.8574418786820012,0.8705707880369825,0.013128909354981344
CS2_35,412.0,0.8574616188992396,0.8705707880369825,0.01310916913774296
CS2_35,413.0,0.8574037490357879,0.8705441397103526,0.01314039067456474
CS2_35,414.0,0.8571448205992256,0.8702884317018302,0.013143611102604646
CS2_35,415.0,0.8504630511183284,0.8701521536211668,0.019689102502838396
CS2_35,416.0,0.8665730886696451,0.8700182705165853,0.003445181846940204
CS2_35,417.0,0.8646824551822033,0.8636490228369628,-0.0010334323452405592
CS2_35,418.0,0.8658351328554801,0.8636490228369628,-0.0021861100185173177
CS2_35,419.0,0.8714526346613222,0.8636490228369628,-0.007803611824359402
CS2_35,420.0,0.8726597151462518,0.8763306047446502,0.0036708895983983414
CS2_35,421.0,0.8658106250398442,0.8763306047446502,0.010519979704806004
CS2_35,422.0,0.8645761143513497,0.8763306047446502,0.011754490393300454
CS2_35,423.0,0.8650564915885111,0.8732324351112842,0.008175943522773177
CS2_35,424.0,0.8645828059646141,0.8719278460142844,0.007345040049670293
CS2_35,425.0,0.8626919009293057,0.87070636424891,0.008014463319604315
CS2_35,426.0,0.8682572593322921,0.8719278460142844,0.0036705866819922717
CS2_35,427.0,0.8691850937716135,0.8719278460142844,0.002742752242670954
CS2_35,428.0,0.8664273477650413,0.87070636424891,0.004279016483868747
CS2_35,429.0,0.8598953178351905,0.868308160445296,0.008412842610105553
CS2_35,430.0,0.8606209924599728,0.8732709392428994,0.012649946782926635
CS2_35,431.0,0.8605069239605014,0.872062712125189,0.011555788164687608
CS2_35,432.0,0.8536001343432865,0.8678121668472176,0.014212032503931105
CS2_35,433.0,0.8542284833287906,0.872062712125189,0.0178342287963984
CS2_35,434.0,0.8609011435042607,0.8732709392428994,0.012369795738638723
CS2_35,435.0,0.8618511741777283,0.8765813727633297,0.014730198585601428
CS2_35,436.0,0.8520828481198753,0.8765813727633297,0.024498524643454367
CS2_35,437.0,0.8468239584481252,0.8765813727633297,0.02975741431520451
CS2_35,438.0,0.8458134922119579,0.8632822304933643,0.017468738281406382
CS2_35,439.0,0.8440641266668212,0.8601593445982774,0.016095217931456185
CS2_35,440.0,0.8423621869587863,0.85482194188533,0.01245975492654372
CS2_35,441.0,0.8517654320960373,0.85482194188533,0.0030565097892927273
CS2_35,442.0,0.8539824711165187,0.85482194188533,0.0008394707688113012
CS2_35,443.0,0.8547836668059832,0.866369461451329,0.011585794645345815
CS2_35,445.0,0.8549501552967839,0.866369461451329,0.011419306154545117
CS2_35,446.0,0.855541002417751,0.8654525364902514,0.00991153407250045
CS2_35,447.0,0.8560059339123576,0.8654525364902514,0.00944660257789387
CS2_35,448.0,0.8560218319537245,0.8654525364902514,0.009430704536526946
CS2_35,449.0,0.855619303133934,0.8660294245752881,0.010410121441354114
CS2_35,450.0,0.8542778652425436,0.8672740919839409,0.012996226741397332
CS2_35,451.0,0.8537734241750893,0.8676393909629516,0.013865966787862338
CS2_35,452.0,0.8532581187255064,0.8678024110837642,0.014544292358257827
CS2_35,453.0,0.852747128341363,0.8678029089291989,0.015055780587835854
CS2_35,454.0,0.8526065168403589,0.8680354918172756,0.015428974976916643
CS2_35,455.0,0.8523703559184087,0.8678029089291989,0.015432553010790162
CS2_35,456.0,0.8520988950915648,0.8678024110837642,0.015703515992199435
CS2_35,457.0,0.8517332554127238,0.8672461145211304,0.015512859108406607
CS2_35,458.0,0.8514074787361633,0.8669322534789102,0.015524774742746938
CS2_35,459.0,0.8358801347933394,0.8665481573679833,0.03066802257464385
CS2_35,460.0,0.8341198694265655,0.8660061169237653,0.031886247497199816
CS2_35,461.0,0.8284401013196003,0.8499371690542308,0.02149706773463045
CS2_35,462.0,0.827602507223588,0.8321906419662588,0.004588134742670835
CS2_35,463.0,0.8252994184184418,0.8203486547874295,-0.004950763631012323
CS2_35,464.0,0.8381390433788423,0.8203486547874295,-0.017790388591412798
CS2_35,465.0,0.8405785763610784,0.8203486547874295,-0.02022992157364889
CS2_35,466.0,0.834547739517758,0.8308922035718345,-0.0036555359459234937
CS2_35,467.0,0.8317206826808156,0.8308922035718345,-0.000828479108981095
CS2_35,468.0,0.8359572235961142,0.8564516038277795,0.020494380231665277
CS2_35,469.0,0.8407436092536714,0.8523640315108865,0.011620422257215046
CS2_35,470.0,0.8413373600048025,0.8508509682719496,0.009513608267147089
CS2_35,471.0,0.8287491052233087,0.8508509682719496,0.022101863048640924
CS2_35,472.0,0.8242365586562915,0.8508509682719496,0.026614409615658086
CS2_35,473.0,0.8226516399082819,0.8316789402751296,0.009027300366847624
CS2_35,475.0,0.8224164947679471,0.8303046738163634,0.007888179048416322
CS2_35,476.0,0.8170555404678185,0.8296814431722191,0.012625902704400671
CS2_35,477.0,0.8194047357921022,0.8256081721523171,0.00620343636021492
CS2_35,478.0,0.8245319369446705,0.8256081721523171,0.0010762352076465476
CS2_35,479.0,0.831417590441221,0.8256081721523171,-0.005809418288903911
CS2_35,480.0,0.8334651860944047,0.8398687587846025,0.006403572690197867
CS2_35,481.0,0.8238335528969981,0.8398687587846025,0.01603520588760443
CS2_35,482.0,0.821392693462211,0.8398687587846025,0.018476065322391544
CS2_35,483.0,0.821091810138539,0.8344428716708092,0.01335106153227017
CS2_35,484.0,0.8191100063650456,0.8299096634481551,0.010799657083109482
CS2_35,485.0,0.8178874763399692,0.8284002543012584,0.010512777961289244
CS2_35,486.0,0.8260275400646293,0.8284002543012584,0.002372714236629103
CS2_35,487.0,0.8289262023139652,0.8284002543012584,-0.0005259480127067784
CS2_35,488.0,0.8270839351880681,0.8278471826022495,0.0007632474141814338
CS2_35,489.0,0.8175609189705035,0.8295262094447747,0.011965290474271195
CS2_35,490.0,0.8172565661542289,0.8295262094447747,0.012269643290545806
CS2_35,491.0,0.814816019273472,0.8288187300979784,0.014002710824506326
CS2_35,492.0,0.8136353780961243,0.8263042368008321,0.012668858704707797
CS2_35,493.0,0.8133142089573563,0.8277373314156337,0.014423122458277371
CS2_35,494.0,0.8216132087035352,0.8277373314156337,0.006124122712098501
CS2_35,495.0,0.8231862575065922,0.8277373314156337,0.004551073909041414
CS2_35,496.0,0.8142294398555832,0.8277373314156337,0.0135078915600505
CS2_35,497.0,0.8122263918128441,0.8277373314156337,0.015510939602789597
CS2_35,498.0,0.813490728704139,0.8229981361597088,0.009507407455569883
CS2_35,499.0,0.8127072773452677,0.8221942411583715,0.009486963813103766
CS2_35,500.0,0.8121475767533138,0.8201505725916659,0.008002995838352067
CS2_35,501.0,0.8167429716136118,0.8201505725916659,0.0034076009780541483
CS2_35,502.0,0.8198707596248836,0.8201505725916659,0.00027981296678225576
CS2_35,503.0,0.8205839365731102,0.833369772655377,0.0127858360822668
CS2_35,504.0,0.8107048677515254,0.833369772655377,0.022664904903851646
CS2_35,505.0,0.8102959094194495,0.833369772655377,0.023073863235927528
CS2_35,506.0,0.8102364869567935,0.8191802348538978,0.008943747897104282
CS2_35,507.0,0.8095846414396709,0.8175417668535768,0.007957125413905919
CS2_35,508.0,0.807328535399967,0.8173457265878676,0.010017191187900676
CS2_35,509.0,0.8148350707685145,0.8175417668535768,0.0027066960850623545
CS2_35,510.0,0.8161163777341252,0.8191802348538978,0.0030638571197726394
CS2_35,511.0,0.8165545325957723,0.8303695314954709,0.013814998899698616
CS2_35,512.0,0.8164956569894024,0.8305293665646486,0.01403370957524619
CS2_35,513.0,0.8164113042438591,0.8314942420612401,0.015082937817381015
CS2_35,514.0,0.8162421208390555,0.831400043664111,0.01515792282505557
CS2_35,515.0,0.8161263444980045,0.8314942420612401,0.015367897563235644
CS2_35,517.0,0.815657148416013,0.831400043664111,0.01574289524809802
CS2_35,518.0,0.8157691435904061,0.8300558242521618,0.014286680661755757
CS2_35,520.0,0.8150228141910825,0.829509205705335,0.014486391514252572
CS2_35,521.0,0.8148422047848507,0.8295343548257356,0.014692150040884866
CS2_35,522.0,0.8144881571803352,0.8298835795845508,0.015395422404215653
CS2_35,523.0,0.8132892949586714,0.8298835795845508,0.01659428462587942
CS2_35,524.0,0.8128550448370604,0.8298835795845508,0.017028534747490442
CS2_35,525.0,0.8106204551294246,0.8298835795845508,0.019263124455126235
CS2_35,526.0,0.8080702419821669,0.8297430844957552,0.021672842513588253
CS2_35,527.0,0.8099598532118637,0.8297430844957552,0.019783231283891478
CS2_35,528.0,0.8135168392594894,0.8297430844957552,0.016226245236265813
CS2_35,529.0,0.813555438603732,0.8293385196688328,0.015783081065100735
CS2_35,530.0,0.8044172504358341,0.8293385196688328,0.024921269232998644
CS2_35,531.0,0.8021491845945089,0.8293385196688328,0.02718933507432386
CS2_35,532.0,0.8018412396295248,0.8157322066124671,0.013890966982942343
CS2_35,533.0,0.8000945614512084,0.8148606551387151,0.014766093687506698
CS2_35,534.0,0.7986620200685213,0.8147737352545473,0.016111715186026054
CS2_35,535.0,0.8039565338900043,0.8148606551387151,0.010904121248710763
CS2_35,536.0,0.8055788743301152,0.8148606551387151,0.009281780808599871
CS2_35,537.0,0.8060554058893271,0.8206630355954263,0.01460762970609919
CS2_35,538.0,0.7958535564182145,0.8206630355954263,0.02480947917721177
CS2_35,539.0,0.7942287392637919,0.8206630355954263,0.02643429633163441
CS2_35,540.0,0.7939790005140882,0.8057082052984471,0.011729204784358904
CS2_35,541.0,0.7923297168676107,0.8049178152461023,0.012588098378491619
CS2_35,542.0,0.7928246169658301,0.8048839230607923,0.012059306094962197
CS2_35,543.0,0.7988870850430327,0.8048839230607923,0.00599683801775952
CS2_35,544.0,0.799473350601035,0.8048839230607923,0.00541057245975729
CS2_35,545.0,0.7960803866007442,0.8048839230607923,0.008803536460048056
CS2_35,546.0,0.7897193545465446,0.8048839230607923,0.015164568514247634
CS2_35,547.0,0.7870270349632127,0.8043353559003306,0.01730832093711787
CS2_35,548.0,0.7895234595298576,0.8038529565914118,0.014329497061554175
CS2_35,549.0,0.7862793589045479,0.7955131435770174,0.009233784672469492
CS2_35,550.0,0.7840051276668842,0.7950891621887872,0.011084034521902986
CS2_35,551.0,0.7929747684500288,0.7950891621887872,0.0021143937387584355
CS2_35,552.0,0.7940942962753471,0.8038529565914118,0.009758660316064649
CS2_35,553.0,0.786921952532354,0.795081447263281,0.00815949473092703
CS2_35,554.0,0.7823602808312362,0.795081447263281,0.012721166432044795
CS2_35,555.0,0.7845156881891598,0.7984690139254429,0.013953325736283051
CS2_35,556.0,0.7843070192345918,0.7979453738739515,0.013638354639359695
CS2_35,557.0,0.782929337556149,0.7942217455523181,0.01129240799616904
CS2_35,558.0,0.7845116915428668,0.7979453738739515,0.013433682331084662
CS2_35,559.0,0.7886405010866993,0.7984690139254429,0.009828512838743642
CS2_35,560.0,0.7889066200591165,0.8016437011990956,0.012737081139979067
CS2_35,561.0,0.7892756015547022,0.8030735685447158,0.013797966990013566
CS2_35,562.0,0.7893422879555307,0.8030735685447158,0.013731280589185046
CS2_35,564.0,0.7891028518736816,0.8016437011990956,0.012540849325413994
CS2_35,565.0,0.7897161147842868,0.8023957916818885,0.012679676897601633
CS2_35,566.0,0.7899829845086922,0.8023957916818885,0.01241280717319626
CS2_35,567.0,0.7900514895937493,0.803468376114814,0.013416886521064764
CS2_35,568.0,0.7900171003242664,0.8037001785878314,0.013683078263564963
CS2_35,569.0,0.7901549926970899,0.8039049588316203,0.01374996613453039
CS2_35,570.0,0.7903825128786902,0.8039778433164497,0.013595330437759512
CS2_35,571.0,0.7898064677152274,0.8039778433164497,0.01417137560122228
CS2_35,572.0,0.7897742784656498,0.8039778433164497,0.014203564850799877
CS2_35,573.0,0.7897687823532161,0.8038905033748758,0.01412172102165965
CS2_35,574.0,0.7898598893863813,0.8037342174425638,0.013874328056182494
CS2_35,575.0,0.7782478997181574,0.8033031043148231,0.02505520459666566
CS2_35,576.0,0.7745532513524183,0.8026718311442697,0.028118579791851395
CS2_35,577.0,0.776216437705104,0.8025025050065145,0.026286067301410587
CS2_35,578.0,0.781149928664391,0.7957983279097208,0.01464839924532979
CS2_35,579.0,0.7817646332267026,0.7957983279097208,0.014033694683018183
CS2_35,580.0,0.7740459051546491,0.7957983279097208,0.02175242275507172
CS2_35,581.0,0.7720596933040801,0.7957983279097208,0.02373863460564074
CS2_35,582.0,0.7714475665092213,0.7845798752045013,0.013132308695280037
CS2_35,583.0,0.7723576337541773,0.7829018308250173,0.010544197070839978
CS2_35,584.0,0.7716436656881798,0.7815046145063292,0.009860948818149473
CS2_35,585.0,0.7749153274670806,0.7815046145063292,0.006589287039248659
CS2_35,586.0,0.7772432347581477,0.7815046145063292,0.004261379748181526
CS2_35,587.0,0.7774654961360237,0.78923187260551,0.011766376469486306
CS2_35,594.0,0.7709477663450467,0.7762839501727891,0.005336183827742369
CS2_35,595.0,0.7710601248010245,0.7811747055418263,0.010114580740801848
CS2_36,5.0,0.9870322103583449,1.0,0.012967789641655125
CS2_36,6.0,0.986738195760082,1.0016434929482263,0.014905297188144262
CS2_36,7.0,0.9830676129376704,1.0016434929482263,0.01857588001055588
CS2_36,8.0,0.9746304136809227,1.0,0.025369586319077264
CS2_36,9.0,0.9717725799332009,0.9896607432998136,0.017888163366612697
CS2_36,10.0,0.9696297439595115,0.9851386559517777,0.015508911992266228
CS2_36,11.0,0.9665046350751422,0.9840074653049535,0.01750283022981136
CS2_36,12.0,0.9710484707963747,0.9851386559517777,0.014090185155403057
CS2_36,13.0,0.9722842418854685,0.9851386559517777,0.012854414066309272
CS2_36,14.0,0.9723901878131967,0.9880309031838561,0.015640715370659364
CS2_36,15.0,0.9722373477961506,0.989273711762319,0.017036363966168477
CS2_36,16.0,0.9718611587392811,0.9895276452791946,0.01766648653991343
CS2_36,17.0,0.9715945107419389,0.989273711762319,0.01767920102038012
CS2_36,18.0,0.971409304381371,0.9888808946995383,0.017471590318167363
CS2_36,19.0,0.9708455373950436,0.9888808946995383,0.01803535730449468
CS2_36,20.0,0.9701839660381415,0.9877508242723968,0.0175668582342553
CS2_36,21.0,0.9696127102484314,0.9872135359828371,0.01760082573440569
CS2_36,22.0,0.9690456441773696,0.987082879003465,0.018037234826095427
CS2_36,23.0,0.9686720609957814,0.9862437690008782,0.017571708005096776
CS2_36,24.0,0.9684256441904521,0.986088720953651,0.017663076763198893
CS2_36,25.0,0.9677074724277654,0.9847958595475161,0.017088387119750692
CS2_36,26.0,0.9671223275657086,0.9847778894908809,0.01765556192517226
CS2_36,27.0,0.9666178845666874,0.9840747649760377,0.01745688040935034
CS2_36,28.0,0.9575309306962501,0.9835503212324375,0.026019390536187403
CS2_36,29.0,0.9540684710928021,0.9832833388095112,0.029214867716709114
CS2_36,30.0,0.9520472598410408,0.9714896485423885,0.019442388701347735
CS2_36,31.0,0.9506004777394468,0.9701607764950813,0.019560298755634475
CS2_36,32.0,0.9487776901470866,0.9696237060389807,0.020846015891894165
CS2_36,33.0,0.9558488016206023,0.9696237060389807,0.013774904418378475
CS2_36,34.0,0.9569917731301951,0.9696237060389807,0.012631932908785615
CS2_36,35.0,0.9486317121172869,0.9677194479987737,0.019087735881486823
CS2_36,36.0,0.9453036884565553,0.9707375449302474,0.025433856473692118
CS2_36,37.0,0.9448903496573745,0.9707375449302474,0.025847195272872936
CS2_36,38.0,0.9435802813174707,0.96554428650052,0.021964005183049307
CS2_36,39.0,0.9441169710797409,0.96554428650052,0.021427315420779136
CS2_36,40.0,0.9502140898328463,0.9663701680814196,0.016156078248573347
CS2_36,41.0,0.9510705660086901,0.9663701680814196,0.015299602072729512
CS2_36,42.0,0.9422861439008976,0.9663701680814196,0.024084024180522023
CS2_36,43.0,0.9408100009127897,0.9663701680814196,0.025560167168629966
CS2_36,44.0,0.9404696755827862,0.9608798668122868,0.020410191229500607
CS2_36,45.0,0.9398701320200444,0.960072863133353,0.020202731113308614
CS2_36,46.0,0.9387524785194558,0.960072863133353,0.021320384613897292
CS2_36,47.0,0.9455517209957607,0.9607807449201815,0.015229023924420826
CS2_36,48.0,0.9467556347342407,0.9608798668122868,0.014124232078046028
CS2_36,49.0,0.9394185545361601,0.9607807449201815,0.02136219038402143
CS2_36,50.0,0.9381997553550574,0.9607807449201815,0.02258098956512411
CS2_36,51.0,0.9372477055153715,0.9591511579086479,0.0219034523932764
CS2_36,52.0,0.9363140902833151,0.9584296701688512,0.02211557988553603
CS2_36,53.0,0.9344072522392777,0.9578720969517799,0.02346484471250221
CS2_36,54.0,0.9652928586302654,0.9578720969517799,-0.007420761678485488
CS2_36,55.0,0.9631046226267647,0.9578720969517799,-0.005232525674984778
CS2_36,56.0,0.9660142794659726,0.9769034892084699,0.010889209742497297
CS2_36,57.0,0.9656964979853675,0.9799776477861785,0.014281149800810966
CS2_36,58.0,0.9583759798356034,0.9799776477861785,0.021601667950575054
CS2_36,59.0,0.8567670789979966,0.9799776477861785,0.12321056878818182
CS2_36,60.0,0.9548968503575863,0.9691656006151874,0.014268750257601104
CS2_36,61.0,0.9530262487869003,0.9687931954355823,0.015766946648681945
CS2_36,62.0,0.9470349039382563,0.9683878032005325,0.021352899262276237
CS2_36,63.0,0.9488289689670537,0.9680321726996565,0.019203203732602758
CS2_36,64.0,0.9472558170744034,0.9680321726996565,0.02077635562525304
CS2_36,65.0,0.9418521749049577,0.9656957305322315,0.023843555627273805
CS2_36,66.0,0.9406664401671835,0.9634906513352219,0.022824211168038455
CS2_36,67.0,0.9392841922273023,0.9578799322693295,0.018595740042027242
CS2_36,68.0,0.9384126538087979,0.957748967827031,0.019336314018233103
CS2_36,69.0,0.9354746740501577,0.957748967827031,0.02227429377687329
CS2_36,70.0,0.9368745382851102,0.9578645440873342,0.020990005802223988
CS2_36,71.0,0.9363791410994976,0.9578645440873342,0.021485402987836633
CS2_36,72.0,0.9324385418415593,0.9578645440873342,0.02542600224577496
CS2_36,73.0,0.9317983025241763,0.9578645440873342,0.026066241563157955
CS2_36,74.0,0.931192597434611,0.951831110449401,0.020638513014790028
CS2_36,75.0,0.9304766383368663,0.951792047411799,0.02131540907493268
CS2_36,76.0,0.9290266868163921,0.951792047411799,0.022765360595406903
CS2_36,77.0,0.9310339313366564,0.951831110449401,0.0207971791127447
CS2_36,78.0,0.930439834786015,0.9520461191706507,0.021606284384635743
CS2_36,79.0,0.9297748620821747,0.9526652025300613,0.022890340447886515
CS2_36,80.0,0.9293362962377556,0.9526652025300613,0.023328906292305662
CS2_36,81.0,0.9289746603589412,0.9526652025300613,0.0236905421711201
CS2_36,82.0,0.8276500790930531,0.9526105371835766,0.12496045809052347
CS2_36,83.0,0.8270328694284483,0.9526105371835766,0.12557766775512824
CS2_36,84.0,0.9274314142468698,0.9492837998927028,0.021852385645833028
CS2_36,85.0,0.926743710077537,0.9487810677899795,0.02203735771244253
CS2_36,86.0,0.9262402877016229,0.9479495801720585,0.021709292470435626
CS2_36,87.0,0.9257570201036476,0.9483143901921096,0.022557370088462037
CS2_36,88.0,0.8229143670427665,0.9483143901921096,0.12540002314934307
CS2_36,89.0,0.9247582972060693,0.9483143901921096,0.023556092986040333
CS2_36,90.0,0.9249833509403641,0.9481614506553042,0.023178099714940115
CS2_36,91.0,0.9238416057897776,0.9481614506553042,0.02431984486552663
CS2_36,92.0,0.9232350976912691,0.9466105318488418,0.023375434157572705
CS2_36,93.0,0.9222553836432635,0.9466105318488418,0.02435514820557827
CS2_36,94.0,0.9166686639224232,0.9453206666157724,0.02865200269334922
CS2_36,95.0,0.9154114726766496,0.9446034078139726,0.02919193513732299
CS2_36,96.0,0.9143681867591162,0.9397442862797548,0.025376099520638573
CS2_36,98.0,0.9212696499106653,0.9397442862797548,0.018474636369089525
CS2_36,99.0,0.9210413563785693,0.9391534787019432,0.01811212232337389
CS2_36,100.0,0.9204494436134765,0.9391534787019432,0.01870403508846674
CS2_36,101.0,0.9251693080279456,0.9391534787019432,0.013984170673997598
CS2_36,102.0,0.9261318781727774,0.9400194234236864,0.013887545250908961
CS2_36,103.0,0.9216208448144295,0.9391534787019432,0.017532633887513693
CS2_36,104.0,0.9190439334119385,0.9404177896077847,0.021373856195846197
CS2_36,105.0,0.9189352454423507,0.9404177896077847,0.021482544165433937
CS2_36,106.0,0.9185470163537047,0.938372970604573,0.019825954250868305
CS2_36,107.0,0.9161826604019484,0.9379728273238527,0.021790166921904275
CS2_36,108.0,0.9219882461073734,0.938372970604573,0.016384724497199632
CS2_36,109.0,0.9233189759253193,0.938372970604573,0.015053994679253724
CS2_36,110.0,0.8252524186160871,0.9379728273238527,0.11272040870776556
CS2_36,111.0,0.9146802874706708,0.936629621794408,0.021949334323737246
CS2_36,112.0,0.9146596187230712,0.9341991170373988,0.019539498314327552
CS2_36,113.0,0.9144644944009452,0.9338939913393637,0.019429496938418445
CS2_36,114.0,0.912160013687767,0.9272612697741751,0.01510125608640811
CS2_36,115.0,0.9150655278338037,0.9338939913393637,0.01882846350556
CS2_36,116.0,0.9191718368267348,0.9338939913393637,0.014722154512628927
CS2_36,117.0,0.8212851659602521,0.9272612697741751,0.10597610381392297
CS2_36,118.0,0.9113609986985715,0.9257014965780223,0.014340497879450798
CS2_36,119.0,0.9102677861851936,0.9291604620631729,0.01889267587797938
CS2_36,120.0,0.9104965613112274,0.9289506606724603,0.01845409936123299
CS2_36,121.0,0.9088536729306014,0.9257014965780223,0.01684782364742088
CS2_36,122.0,0.9071338266374627,0.9257014965780223,0.018567669940559584
CS2_36,123.0,0.9147183916622963,0.9289506606724603,0.014232269010164056
CS2_36,124.0,0.9155945220385533,0.9289506606724603,0.013356138633907055
CS2_36,125.0,0.9171414519239157,0.9332601280073248,0.01611867608340911
CS2_36,126.0,0.9182251561834922,0.9340535498271515,0.01582839364365929
CS2_36,127.0,0.9189848151235953,0.9343647088803816,0.015379893756786278
CS2_36,128.0,0.9194959156450474,0.9359029784818301,0.016407062836782726
CS2_36,129.0,0.9199372274539068,0.9361067054582187,0.0161694780043119
CS2_36,130.0,0.9206543697347889,0.9363203807950863,0.015666011060297413
CS2_36,131.0,0.9207187515607764,0.9365447907627157,0.015826039201939257
CS2_36,132.0,0.9208876500871965,0.9373196001549943,0.01643195006779774
CS2_36,133.0,0.9211139427788719,0.9374771555773143,0.016363212798442328
CS2_36,134.0,0.921231243962995,0.9378154930228332,0.01658424905983813
CS2_36,135.0,0.9213142888965588,0.938141369894431,0.016827080997872224
CS2_36,136.0,0.9214540858082321,0.938141369894431,0.016687284086198906
CS2_36,137.0,0.921445893256014,0.938141369894431,0.016695476638416973
CS2_36,138.0,0.9214292419771174,0.9380988385984068,0.016669596621289418
CS2_36,139.0,0.9153367180797747,0.9380483932910528,0.02271167521127815
CS2_36,140.0,0.9087267180911698,0.9380205488201822,0.02929383072901237
CS2_36,141.0,0.9083098778707716,0.9239777808513211,0.015667902980549542
CS2_36,142.0,0.9077181301364299,0.9239777808513211,0.016259650714891216
CS2_36,143.0,0.9058063625631064,0.9231904840712435,0.017384121508137063
CS2_36,144.0,0.9125150552322434,0.9239777808513211,0.011462725619077685
CS2_36,145.0,0.9149550315265029,0.9245856664668701,0.0096306349403672
CS2_36,146.0,0.9130394291278988,0.9245856664668701,0.01154623733897131
CS2_36,147.0,0.9045305375778994,0.9181576122689408,0.013627074691041408
CS2_36,148.0,0.9119752788746471,0.9261044445980784,0.014129165723431258
CS2_36,149.0,0.913434110482874,0.9261044445980784,0.012670334115204351
CS2_36,150.0,0.9183274161769578,0.9261044445980784,0.007777028421120602
CS2_36,151.0,0.9189923791590336,0.9340809567266776,0.015088577567643924
CS2_36,152.0,0.9079955916164109,0.9340809567266776,0.02608536511026671
CS2_36,153.0,0.9079717763029108,0.9340809567266776,0.026109180423766754
CS2_36,154.0,0.9083122646195564,0.9266634958594813,0.01835123123992488
CS2_36,155.0,0.907260392485987,0.9259606913665623,0.01870029888057534
CS2_36,156.0,0.906942998875507,0.9259606913665623,0.019017692491055338
CS2_36,157.0,0.9139306008562457,0.9262298721223128,0.012299271266067113
CS2_36,158.0,0.9150779120622418,0.9266634958594813,0.011585583797239507
CS2_36,159.0,0.9067463090009767,0.9262298721223128,0.019483563121336034
CS2_36,160.0,0.9051049668298676,0.9262298721223128,0.02112490529244515
CS2_36,161.0,0.9049845766423015,0.9201392389296058,0.015154662287304332
CS2_36,162.0,0.9047266266131554,0.9200637930828132,0.01533716646965777
CS2_36,163.0,0.9021456394486456,0.919952254936516,0.017806615487870436
CS2_36,164.0,0.9104221653505365,0.919952254936516,0.009530089585979451
CS2_36,165.0,0.9121497684119668,0.9200637930828132,0.007914024670846342
CS2_36,166.0,0.9050066246599884,0.9200637930828132,0.015057168422824785
CS2_36,167.0,0.9018133526398143,0.9171185338960602,0.015305181256245914
CS2_36,168.0,0.9028680876827008,0.9171185338960602,0.014250446213359469
CS2_36,169.0,0.9020487596234635,0.916452288601623,0.014403528978159441
CS2_36,170.0,0.8999122873147066,0.9150646452427507,0.015152357928044036
CS2_36,171.0,0.9072741674929502,0.916452288601623,0.009178121108672777
CS2_36,172.0,0.9092166790372761,0.916452288601623,0.007235609564346879
CS2_36,173.0,0.8107015396818118,0.9150646452427507,0.10436310556093886
CS2_36,174.0,0.9101822066720994,0.9254532089895144,0.015271002317415072
CS2_36,175.0,0.9105950403954628,0.9261465515646502,0.015551511169187404
CS2_36,176.0,0.9111068339842008,0.9258636672858852,0.014756833301684424
CS2_36,177.0,0.9115397776376343,0.9261465515646502,0.014606773927015926
CS2_36,178.0,0.9118504326160197,0.9264308543066806,0.014580421690660872
CS2_36,179.0,0.9118860922769771,0.9275432247064158,0.01565713242943867
CS2_36,180.0,0.9118284430781732,0.927592611600556,0.015764168522382715
CS2_36,181.0,0.9117826094137144,0.9277021585156727,0.015919549101958363
CS2_36,182.0,0.9118102745364376,0.9279013272427198,0.016091052706282194
CS2_36,183.0,0.9119180702139819,0.9279013272427198,0.01598325702873793
CS2_36,184.0,0.9120647291795114,0.9282555999561687,0.016190870776657262
CS2_36,185.0,0.9121577157075837,0.9283014608926399,0.016143745185056124
CS2_36,186.0,0.9130864793363751,0.9283014608926399,0.015214981556264773
CS2_36,187.0,0.913233079456158,0.9282555999561687,0.015022520500010739
CS2_36,188.0,0.9041471810699792,0.9280027452877596,0.023855564217780456
CS2_36,189.0,0.90199010812722,0.9264438118961533,0.0244537037689333
CS2_36,190.0,0.9015564075660177,0.9188912485421875,0.017334840976169774
CS2_36,191.0,0.9007476009315446,0.9175765592647535,0.016828958333208854
CS2_36,192.0,0.8981077537915602,0.916768089805197,0.018660336013636813
CS2_36,193.0,0.9055787216011896,0.9175765592647535,0.011997837663563882
CS2_36,194.0,0.9070221320039645,0.9175765592647535,0.010554427260788923
CS2_36,195.0,0.9009843842839332,0.916768089805197,0.015783705521263736
CS2_36,196.0,0.8973637320538617,0.9124399711410367,0.015076239087175036
CS2_36,197.0,0.897934547144139,0.9137331031756631,0.015798556031524136
CS2_36,198.0,0.9009036210438287,0.9137331031756631,0.012829482131834435
CS2_36,199.0,0.9076563344971239,0.9137331031756631,0.006076768678539235
CS2_36,200.0,0.90907769159617,0.9165797954540964,0.007502103857926379
CS2_36,201.0,0.9040317797672107,0.9165797954540964,0.012548015686885683
CS2_36,202.0,0.899909714009378,0.9165797954540964,0.016670081444718376
CS2_36,203.0,0.9011687052612299,0.920224380565554,0.01905567530432406
CS2_36,204.0,0.9006084754859371,0.9155499470991759,0.014941471613238777
CS2_36,205.0,0.7947050404227461,0.9140853228105805,0.11938028238783438
CS2_36,206.0,0.9019462515701199,0.9155499470991759,0.013603695529056048
CS2_36,207.0,0.9055872696881683,0.9200913625658083,0.014504092877639985
CS2_36,208.0,0.9065953880827448,0.9200913625658083,0.0134959744830635
CS2_36,209.0,0.8981705577575649,0.9200913625658083,0.02192080480824332
CS2_36,210.0,0.8982652568421279,0.9200913625658083,0.021826105723680378
CS2_36,211.0,0.8978001915450516,0.914191891464087,0.01639169991903533
CS2_36,212.0,0.8976183593039304,0.9113072461946642,0.013688886890733776
CS2_36,213.0,0.8978023664023556,0.9113072461946642,0.013504879792308633
CS2_36,214.0,0.9043586172135905,0.914191891464087,0.009833274250496515
CS2_36,215.0,0.9054264613643831,0.9161440959421749,0.010717634577791846
CS2_36,216.0,0.8980443899585597,0.9161440959421749,0.01809970598361521
CS2_36,217.0,0.8976433955366799,0.9161440959421749,0.018500700405495007
CS2_36,218.0,0.8981100519567468,0.9145978431371814,0.01648779118043464
CS2_36,219.0,0.904762795359984,0.9145978431371814,0.009835047777197348
CS2_36,220.0,0.9057029580423768,0.9137805111809435,0.008077553138566729
CS2_36,221.0,0.9056795236911095,0.9145978431371814,0.00891831944607191
CS2_36,222.0,0.9058316020427498,0.9151502082514362,0.009318606208686409
CS2_36,223.0,0.9059792610575357,0.9165446754036158,0.01056541434608016
CS2_36,224.0,0.9060461979433284,0.9190745155208159,0.013028317577487458
CS2_36,225.0,0.9062441852406053,0.9195045401628964,0.013260354922291051
CS2_36,226.0,0.9070273255035286,0.9195917240509446,0.012564398547415978
CS2_36,227.0,0.9069039646714717,0.9200324458102349,0.013128481138763193
CS2_36,228.0,0.9069484271519703,0.920048024675544,0.013099597523573703
CS2_36,229.0,0.8110036902484898,0.920048024675544,0.10904433442705419
CS2_36,230.0,0.9066804919318011,0.9200324458102349,0.013351953878433798
CS2_36,231.0,0.9066934962851244,0.9193808256683678,0.012687329383243351
CS2_36,232.0,0.9067395071962957,0.9193808256683678,0.01264131847207206
CS2_36,233.0,0.9066468800874321,0.9193808256683678,0.012733945580935657
CS2_36,234.0,0.9067069324626001,0.9193808256683678,0.012673893205767617
CS2_36,235.0,0.9067104220249014,0.9193830942225507,0.012672672197649337
CS2_36,236.0,0.9066178753025228,0.9193830942225507,0.01276521892002791
CS2_36,237.0,0.9065373746822948,0.9191668289638688,0.012629454281574026
CS2_36,238.0,0.8988459912462181,0.9189587975398135,0.020112806293595353
CS2_36,239.0,0.8981519977123795,0.91883710646739,0.020685108755010506
CS2_36,240.0,0.8972980846254459,0.9148754453749652,0.017577360749519322
CS2_36,241.0,0.8949530166249271,0.9125660762693657,0.0176130596444386
CS2_36,242.0,0.8929564637221713,0.9089451977498245,0.015988734027653217
CS2_36,243.0,0.8997730381044572,0.9125660762693657,0.01279303816490851
CS2_36,244.0,0.901467949752723,0.9125660762693657,0.011098126516642659
CS2_36,245.0,0.8968697461766691,0.907747092046167,0.010877345869497845
CS2_36,246.0,0.892790858893675,0.9071064132172727,0.014315554323597657
CS2_36,247.0,0.8930507393322095,0.9093756139737665,0.016324874641557074
CS2_36,248.0,0.9060377161685113,0.9071064132172727,0.0010686970487614467
CS2_36,249.0,0.9104437298540092,0.9071064132172727,-0.0033373166367365314
CS2_36,250.0,0.912650139771613,0.9093756139737665,-0.0032745257978464837
CS2_36,251.0,0.9089169346146885,0.9093756139737665,0.00045867935907806245
CS2_36,252.0,0.9021860276439841,0.9134995736978524,0.01131354605386825
CS2_36,253.0,0.9018521436417076,0.9134995736978524,0.01164743005614477
CS2_36,254.0,0.9011979524672588,0.9134995736978524,0.01230162123059364
CS2_36,256.0,0.8948084665277145,0.9097089958693597,0.014900529341645208
CS2_36,257.0,0.8923733738116162,0.9097089958693597,0.017335622057743527
CS2_36,258.0,0.9001662303925657,0.9097089958693597,0.009542765476794002
CS2_36,259.0,0.9017468657261029,0.913512542495132,0.011765676769029176
CS2_36,260.0,0.8974446131255982,0.9005467034963794,0.003102090370781241
CS2_36,261.0,0.8923023285780654,0.9041483572389047,0.011846028660839392
CS2_36,262.0,0.8925494116612658,0.9041483572389047,0.011598945577638964
CS2_36,263.0,0.8931201290101051,0.9041483572389047,0.011028228228799675
CS2_36,265.0,0.8925209295184819,0.9039970411122867,0.011476111593804794
CS2_36,266.0,0.8910932973223832,0.9039970411122867,0.012903743789903555
CS2_36,267.0,0.8913606781866434,0.9039970411122867,0.012636362925643296
CS2_36,268.0,0.8975325618292841,0.9042849138043956,0.006752351975111481
CS2_36,269.0,0.9002440188496447,0.9042849138043956,0.0040408949547509065
CS2_36,270.0,0.899903623620812,0.9042849138043956,0.004381290183583575
CS2_36,271.0,0.8913037083604841,0.9042849138043956,0.012981205443911459
CS2_36,272.0,0.8921464328097496,0.9110497502474063,0.01890331743765672
CS2_36,273.0,0.8904121182111248,0.9040468076996415,0.01363468948851676
CS2_36,274.0,0.8892607842375999,0.9038745986636516,0.014613814426051697
CS2_36,275.0,0.8914346738476653,0.9038745986636516,0.012439924815986325
CS2_36,276.0,0.8957844454413653,0.9110497502474063,0.015265304806041047
CS2_36,277.0,0.8966773083269506,0.9121930014507565,0.015515693123805963
CS2_36,278.0,0.8870933290725377,0.9121930014507565,0.025099672378218862
CS2_36,279.0,0.8872990872851214,0.9121930014507565,0.024893914165635134
CS2_36,280.0,0.8869704728807781,0.9063057960156609,0.01933532313488273
CS2_36,281.0,0.8869816124596692,0.9031730527480847,0.01619144028841546
CS2_36,282.0,0.8866895557604489,0.9031730527480847,0.016483496987635737
CS2_36,283.0,0.89193681674181,0.9063057960156609,0.014368979273850835
CS2_36,284.0,0.8929933993453175,0.9069533859354314,0.013959986590113882
CS2_36,285.0,0.8934813753903594,0.9069533859354314,0.013472010545071966
CS2_36,286.0,0.8938066283898544,0.9075471427826648,0.013740514392810432
CS2_36,287.0,0.8941771878703475,0.9075471427826648,0.013369954912317294
CS2_36,288.0,0.8945028871090572,0.908495353774903,0.013992466665845749
CS2_36,289.0,0.8951141541369194,0.909346132335309,0.014231978198389617
CS2_36,290.0,0.8950593712782081,0.9097843909479457,0.014725019669737605
CS2_36,291.0,0.8953769874396827,0.9099788264556963,0.01460183901601353
CS2_36,292.0,0.8948934751972994,0.9099788264556963,0.015085351258396829
CS2_36,293.0,0.8945756531851725,0.9099788264556963,0.015403173270523762
CS2_36,294.0,0.8955671570362771,0.9098262457158586,0.014259088679581478
CS2_36,295.0,0.8951012368172039,0.9098262457158586,0.01472500889865469
CS2_36,296.0,0.8953893485064359,0.9098262457158586,0.01443689720942265
CS2_36,297.0,0.8954935803123247,0.9098262457158586,0.01433266540353384
CS2_36,298.0,0.8959275399077411,0.9101759601647231,0.01424842025698203
CS2_36,299.0,0.8926931628291185,0.9101759601647231,0.01748279733560465
CS2_36,300.0,0.8829813180724948,0.9094506582026191,0.026469340130124253
CS2_36,301.0,0.8842207249338261,0.9046363391662032,0.020415614232377144
CS2_36,302.0,0.8824675694204985,0.8929344473013505,0.010466877880851988
CS2_36,303.0,0.8808455480333048,0.8928131793373679,0.011967631304063087
CS2_36,304.0,0.884441055795055,0.8929344473013505,0.008493391506295467
CS2_36,305.0,0.8887433549372289,0.9046363391662032,0.01589298422897434
CS2_36,306.0,0.889485248301292,0.9064380167949889,0.016952768493696868
CS2_36,307.0,0.8792520749694236,0.9064380167949889,0.02718594182556533
CS2_36,308.0,0.8787404088814629,0.9064380167949889,0.027697607913526046
CS2_36,309.0,0.8789371801082553,0.8937254816210354,0.0147883015127801
CS2_36,310.0,0.8786601311486706,0.8917347787759305,0.013074647627259961
CS2_36,311.0,0.8762801789548124,0.8917347787759305,0.015454599821118187
CS2_36,312.0,0.8835684529314709,0.8936085444279949,0.010040091496523962
CS2_36,313.0,0.8847918198901591,0.8936085444279949,0.008816724537835774
CS2_36,315.0,0.8863267705725983,0.8936085444279949,0.007281773855396523
CS2_36,316.0,0.8854404430785253,0.894425726864682,0.008985283786156706
CS2_36,317.0,0.889949948549383,0.894425726864682,0.004475778315298995
CS2_36,318.0,0.8920214525733103,0.894425726864682,0.0024042742913716886
CS2_36,319.0,0.8923821624749487,0.9061561797676272,0.013774017292678464
CS2_36,320.0,0.881334112045643,0.9061561797676272,0.024822067721984142
CS2_36,321.0,0.88124121324329,0.9061561797676272,0.024914966524337223
CS2_36,322.0,0.8802819499541555,0.8953076744473937,0.015025724493238135
CS2_36,323.0,0.8796620662538249,0.8953076744473937,0.01564560819356875
CS2_36,324.0,0.8804769076782933,0.8953076744473937,0.014830766769100334
CS2_36,325.0,0.8851438306762093,0.8955748734937626,0.01043104281755336
CS2_36,326.0,0.8859772802170839,0.9026431633598005,0.016665883142716664
CS2_36,327.0,0.8862510311108677,0.902859874067127,0.016608842956259307
CS2_36,328.0,0.8863895794369158,0.9029391898217107,0.016549610384794966
CS2_36,329.0,0.8869897312161151,0.9029391898217107,0.0159494586055956
CS2_36,330.0,0.8869677450407455,0.9029531451494209,0.01598540010867544
CS2_36,331.0,0.886837660316964,0.9029531451494209,0.01611548483245695
CS2_36,332.0,0.8865498346724396,0.9029531451494209,0.016403310476981292
CS2_36,333.0,0.8863586549523585,0.9028047788095559,0.016446123857197348
CS2_36,334.0,0.8860339922918657,0.9028047788095559,0.01677078651769015
CS2_36,335.0,0.7812559625964774,0.9023540636227932,0.1210981010263158
CS2_36,336.0,0.8856070902065705,0.9023320785020565,0.016724988295486076
CS2_36,337.0,0.8856285053100953,0.9022261589003275,0.016597653590232242
CS2_36,338.0,0.8855676843381248,0.9017663608629664,0.016198676524841527
CS2_36,339.0,0.7817710501855262,0.9017654102326856,0.11999436004715947
CS2_36,340.0,0.8853118263939278,0.9017654102326856,0.016453583838757835
CS2_36,341.0,0.8850641403837114,0.9009925593320698,0.01592841894835839
CS2_36,342.0,0.8743838156476212,0.9005053717400464,0.02612155609242517
CS2_36,343.0,0.8717924214003366,0.8839963756785967,0.012203954278260043
CS2_36,344.0,0.8709676363423245,0.8853770408368699,0.014409404494545308
CS2_36,345.0,0.8693522901124227,0.8839963756785967,0.014644085566174025
CS2_36,346.0,0.8670949139420244,0.8823980193500106,0.015303105407986184
CS2_36,347.0,0.876084598927506,0.8839963756785967,0.007911776751090671
CS2_36,348.0,0.8774723307253328,0.8853770408368699,0.007904710111537039
CS2_36,349.0,0.8711313715589292,0.8817227236089317,0.0105913520500025
CS2_36,350.0,0.8663637646403763,0.8823324219225822,0.015968657282205867
CS2_36,351.0,0.8665394513499279,0.8823324219225822,0.015792970572654275
CS2_36,352.0,0.8649472811627077,0.8813187617622056,0.01637148059949789
CS2_36,353.0,0.8652707286771154,0.8811810606358317,0.015910331958716273
CS2_36,354.0,0.8702012177747473,0.8811810606358317,0.010979842861084332
CS2_36,355.0,0.8717214964772035,0.8811810606358317,0.009459564158628142
CS2_36,356.0,0.8723041614055155,0.8854176130180291,0.013113451612513649
CS2_36,357.0,0.8625843811764858,0.8854176130180291,0.02283323184154329
CS2_36,358.0,0.8620849226419472,0.8854176130180291,0.023332690376081877
CS2_36,359.0,0.8603990543723503,0.8798942349382364,0.01949518056588606
CS2_36,360.0,0.8608648091219008,0.8778230641795249,0.01695825505762416
CS2_36,361.0,0.8622870530052529,0.8778230641795249,0.015536011174272057
CS2_36,362.0,0.8680056000367773,0.8798942349382364,0.011888634901459083
CS2_36,363.0,0.8688777629445521,0.8836705723399938,0.014792809395441697
CS2_36,364.0,0.860443528198377,0.8836705723399938,0.023227044141616804
CS2_36,365.0,0.8636991451969752,0.8836705723399938,0.019971427143018583
CS2_36,366.0,0.8622818557310828,0.8761228445897851,0.013840988858702219
CS2_36,367.0,0.8587334117907959,0.8758513740879021,0.01711796229710627
CS2_36,368.0,0.8668241916647019,0.8758513740879021,0.00902718242320022
CS2_36,369.0,0.868101069557045,0.8761228445897851,0.008021775032740042
CS2_36,370.0,0.8603423118630427,0.8761228445897851,0.015780532726742402
CS2_36,371.0,0.8565540001142243,0.8719860755765471,0.015432075462322725
CS2_36,372.0,0.856751337582674,0.8725699087242962,0.015818571141622217
CS2_36,373.0,0.8559284261485836,0.8725699087242962,0.01664148257571263
CS2_36,374.0,0.8539370578015449,0.8719860755765471,0.01804901777500212
CS2_36,375.0,0.8604758154563107,0.8725699087242962,0.012094093267985495
CS2_36,376.0,0.8624319814244802,0.8732396462833524,0.01080766485887219
CS2_36,377.0,0.86293530914691,0.8793005242014458,0.01636521505453581
CS2_36,378.0,0.8630968136845616,0.8795110135867418,0.016414199902180182
CS2_36,379.0,0.863368155157793,0.8795110135867418,0.016142858428948803
CS2_36,380.0,0.8646871997305312,0.8793005242014458,0.014613324470914568
CS2_36,381.0,0.8651113803030299,0.8795110135867418,0.014399633283711855
CS2_36,382.0,0.8654122620546426,0.8795110135867418,0.014098751532099163
CS2_36,383.0,0.8656302616220927,0.880829749174124,0.015199487552031377
CS2_36,384.0,0.8657140139195827,0.8808809477711373,0.015166933851554654
CS2_36,385.0,0.8657130788481444,0.8814823617919029,0.015769282943758456
CS2_36,386.0,0.8656944847782108,0.8815372482918865,0.01584276351367575
CS2_36,387.0,0.8656875776904462,0.8815768037402416,0.01588922604979537
CS2_36,388.0,0.8658070787523459,0.8821261024956796,0.016319023743333716
CS2_36,389.0,0.8662096313918749,0.8821261024956796,0.015916471103804675
CS2_36,391.0,0.8657187204893112,0.8815266511033596,0.015807930614048393
CS2_36,392.0,0.8652268252746143,0.8808788562488806,0.015652030974266373
CS2_36,393.0,0.8521771952874723,0.8808383071956967,0.0286611119082244
CS2_36,394.0,0.850678196871447,0.8652913230973582,0.014613126225911266
CS2_36,395.0,0.8499962454177137,0.8652913230973582,0.015295077679644553
CS2_36,396.0,0.8489893206286623,0.8648844311595381,0.015895110530875778
CS2_36,397.0,0.8482176250828979,0.8648844311595381,0.016666806076640173
CS2_36,398.0,0.855951031883747,0.8648844311595381,0.008933399275791065
CS2_36,399.0,0.8575159055986301,0.8703318063151924,0.012815900716562245
CS2_36,400.0,0.8489744078696422,0.8703318063151924,0.02135739844555018
CS2_36,401.0,0.8459090551031063,0.8703318063151924,0.024422751212086036
CS2_36,402.0,0.8468513407518093,0.8616769533694519,0.014825612617642592
CS2_36,403.0,0.8445196183928279,0.8604345304959592,0.01591491210313134
CS2_36,404.0,0.8420144890301703,0.8581639152346874,0.016149426204517092
CS2_36,405.0,0.850813783773932,0.8581639152346874,0.00735013146075536
CS2_36,406.0,0.8537578121051388,0.8581639152346874,0.004406103129548589
CS2_36,407.0,0.851804294248102,0.8524967329656808,0.0006924387175788471
CS2_36,408.0,0.8420037854008068,0.8515232532531994,0.00951946785239266
CS2_36,409.0,0.8424058324894088,0.8523651398561971,0.009959307366788295
CS2_36,410.0,0.8437556276204963,0.8523651398561971,0.008609512235700834
CS2_36,411.0,0.8422625330812363,0.8523651398561971,0.010102606774960776
CS2_36,412.0,0.8435913859481418,0.8569658345659656,0.013374448617823886
CS2_36,413.0,0.8509164698212295,0.860145794665454,0.009229324844224562
CS2_36,414.0,0.8521135804190225,0.865065301171601,0.012951720752578444
CS2_36,415.0,0.8475280244783027,0.865065301171601,0.017537276693298298
CS2_36,416.0,0.84743036700036,0.8654113045742914,0.017980937573931377
CS2_36,417.0,0.8448340890940748,0.865065301171601,0.020231212077526206
CS2_36,418.0,0.8414647052471206,0.8515818007616093,0.010117095514488694
CS2_36,419.0,0.8393714831542848,0.8494574005790262,0.010085917424741409
CS2_36,420.0,0.8395595060780093,0.8515818007616093,0.012022294683599943
CS2_36,421.0,0.8392481563050328,0.8515818007616093,0.012333644456576476
CS2_36,422.0,0.8382617563830402,0.8515818007616093,0.01332004437856904
CS2_36,423.0,0.8360632617255237,0.8494574005790262,0.01339413885350249
CS2_36,424.0,0.843969706737178,0.8515916122242683,0.007621905487090297
CS2_36,425.0,0.8459109956160766,0.8524743500472018,0.006563354431125212
CS2_36,426.0,0.8466096608817771,0.8599782525822247,0.013368591700447574
CS2_36,427.0,0.8469451167861912,0.8599782525822247,0.01303313579603349
CS2_36,428.0,0.847119857143744,0.8599782525822247,0.012858395438480663
CS2_36,429.0,0.8473021824625641,0.8599782525822247,0.012676070119660654
CS2_36,430.0,0.8474837256472637,0.8599782525822247,0.012494526934961003
CS2_36,432.0,0.834766221672708,0.8589713071703468,0.02420508549763878
CS2_36,433.0,0.8324209385908735,0.8589713071703468,0.026550368579473238
CS2_36,434.0,0.8368247394128312,0.8485791839023107,0.011754444489479488
CS2_36,435.0,0.8383528795473278,0.8476539054205086,0.009301025873180713
CS2_36,436.0,0.8384110096790957,0.8469850827218356,0.008574073042739938
CS2_36,437.0,0.8261426395295233,0.8469850827218356,0.02084244319231232
CS2_36,438.0,0.8252688064653837,0.8469850827218356,0.021716276256451894
CS2_36,439.0,0.8267435173045743,0.8307283519968378,0.003984834692263517
CS2_36,440.0,0.8254653880917509,0.8261089606322415,0.0006435725404906334
CS2_36,441.0,0.8234176920170045,0.8260729472327533,0.0026552552157487197
CS2_36,442.0,0.8310515192439788,0.8261089606322415,-0.004942558611737313
CS2_36,443.0,0.8317046349518428,0.8307283519968378,-0.000976282955004959
CS2_36,444.0,0.8257510512105911,0.8261089606322415,0.0003579094216503709
CS2_36,445.0,0.8197249343380486,0.8256962189327831,0.005971284594734505
CS2_36,446.0,0.8191210942827075,0.8215330468881441,0.0024119526054365847
CS2_36,447.0,0.8204101335442535,0.8215330468881441,0.0011229133438905858
CS2_36,448.0,0.8204953085097186,0.8215330468881441,0.001037738378425468
CS2_36,449.0,0.8201944410689346,0.8221614574802424,0.0019670164113078092
CS2_36,450.0,0.8276271396372448,0.8248951570833386,-0.002731982553906165
CS2_36,451.0,0.8285350442826653,0.8282115677875294,-0.000323476495135977
CS2_36,452.0,0.817640217851745,0.8282115677875294,0.010571349935784347
CS2_36,453.0,0.8111560906703821,0.8282115677875294,0.017055477117147277
CS2_36,454.0,0.8138799840792128,0.816153518108546,0.0022735340293331685
CS2_36,455.0,0.8153960802514897,0.816153518108546,0.0007574378570562867
CS2_36,456.0,0.8117118879442136,0.8157470861778413,0.004035198233627746
CS2_36,457.0,0.8193832094881136,0.816153518108546,-0.003229691379567634
CS2_36,458.0,0.8224639529094294,0.8232692507520804,0.0008052978426509316
CS2_36,459.0,0.823240809741528,0.8326775802820257,0.00943677054049763
CS2_36,460.0,0.8097780160754364,0.8326775802820257,0.02289956420658923
CS2_36,461.0,0.8068203853490593,0.8326775802820257,0.025857194932966343
CS2_36,462.0,0.8087296348164619,0.8117118099421493,0.0029821751256874363
CS2_36,463.0,0.8116762173996778,0.8117118099421493,3.559254247154087e-05
CS2_36,464.0,0.808371263057172,0.8117118099421493,0.0033405468849773134
CS2_36,465.0,0.817315432540603,0.8118090599460464,-0.005506372594556663
CS2_36,466.0,0.8191019931565598,0.819297038459806,0.0001950453032460997
CS2_36,467.0,0.8197445687731387,0.8302985100225367,0.010553941249398013
CS2_36,468.0,0.8201300992277494,0.8309004528426365,0.010770353614887096
CS2_36,469.0,0.8201929040298078,0.8310302329550266,0.010837328925218825
CS2_36,470.0,0.8205079229944691,0.8310170424188533,0.010509119424384261
CS2_36,471.0,0.8212766224898574,0.8310302329550266,0.009753610465169205
CS2_36,472.0,0.8210432481750485,0.8312509970851487,0.010207748910100234
CS2_36,473.0,0.8207509330074522,0.8312509970851487,0.010500064077696547
CS2_36,474.0,0.8206078342251099,0.8312509970851487,0.010643162860038857
CS2_36,475.0,0.8201309340257452,0.8312509970851487,0.011120063059403495
CS2_36,476.0,0.8198114545493407,0.8309372943140709,0.01112583976473025
CS2_36,477.0,0.8193866646468895,0.8307783998342244,0.01139173518733494
CS2_36,478.0,0.8192728999558058,0.8299400636158099,0.010667163660004086
CS2_36,479.0,0.8191467980837364,0.8298764638133321,0.010729665729595772
CS2_36,480.0,0.8189354196096816,0.829604533947594,0.0106691143379124
CS2_36,481.0,0.8186082236386241,0.8295332529819597,0.010925029343335613
CS2_36,482.0,0.8130078977812287,0.8287294128171968,0.01572151503596808
CS2_36,483.0,0.8094738397099775,0.8283748153949119,0.018900975684934318
CS2_36,484.0,0.816738080808673,0.8283748153949119,0.011636734586238817
CS2_36,485.0,0.8187642782273475,0.8265226634088658,0.007758385181518279
CS2_36,486.0,0.8188675633741432,0.8265226634088658,0.007655100034722584
CS2_36,487.0,0.8030993267046893,0.8265226634088658,0.02342333670417651
CS2_36,488.0,0.8016959013457158,0.8265226634088658,0.024826762063150043
CS2_36,489.0,0.8019592365257003,0.8034026775439204,0.0014434410182200264
CS2_36,490.0,0.8017146604500518,0.8034026775439204,0.0016880170938685657
CS2_36,491.0,0.7987192421522061,0.8005985361503575,0.0018792939981513435
CS2_36,492.0,0.8084862665117415,0.8034026775439204,-0.005083588967821129
CS2_36,493.0,0.8109488156378384,0.8037441102925317,-0.007204705345306706
CS2_36,494.0,0.8079957550496477,0.8117852494925037,0.003789494442856034
CS2_36,495.0,0.7966276957983899,0.8117852494925037,0.015157553694113868
CS2_36,496.0,0.7979198931808517,0.8117852494925037,0.013865356311652088
CS2_36,497.0,0.796754897951187,0.8014971675959303,0.004742269644743224
CS2_36,498.0,0.7951418777625192,0.7995956569558823,0.004453779193363094
CS2_36,499.0,0.7921720637854408,0.795552132569643,0.0033800687842021615
CS2_36,500.0,0.803850415358972,0.7995956569558823,-0.004254758403089642
CS2_36,501.0,0.8054533808524031,0.7995956569558823,-0.005857723896520839
CS2_36,502.0,0.7978725109689903,0.795552132569643,-0.0023203783993472893
CS2_36,503.0,0.7886302654578587,0.792296834061293,0.0036665686034342837
CS2_36,504.0,0.7899143760348301,0.7929402948408898,0.0030259188060597353
CS2_36,505.0,0.7900399977898915,0.7922926581590158,0.002252660369124304
CS2_36,508.0,0.7910368431515765,0.7922926581590158,0.0012558150074393204
CS2_36,509.0,0.7937483250690187,0.7922926581590158,-0.001455666910002873
CS2_36,510.0,0.7806982220381405,0.7732657401336882,-0.007432481904452337
CS2_36,516.0,0.7813821843330121,0.7655613840271759,-0.015820800305836213
CS2_36,517.0,0.7848570739711113,0.7780110829515716,-0.006845991019539643
CS2_36,518.0,0.7866408730066636,0.7901827083294334,0.0035418353227697486
CS2_36,519.0,0.7877179572466292,0.7913271267388411,0.0036091694922119055
CS2_36,520.0,0.7884873575526525,0.7964144460172424,0.007927088464589893
CS2_36,521.0,0.7906966135046432,0.7965774880205847,0.005880874515941548
CS2_36,522.0,0.7911302559752225,0.7969616615497042,0.005831405574481696
CS2_36,523.0,0.7915518360774615,0.7989187142041163,0.007366878126654819
CS2_36,524.0,0.7904065544411292,0.7989187142041163,0.008512159762987137
CS2_36,525.0,0.7895125460651784,0.7989187142041163,0.00940616813893791
CS2_36,526.0,0.7891116144897546,0.798551122421327,0.009439507931572333
CS2_36,527.0,0.788683817173625,0.7982036482053467,0.009519831031721715
CS2_36,528.0,0.7881165732200551,0.7976602650168605,0.009543691796805365
CS2_36,529.0,0.7882860959826002,0.797554133284049,0.009268037301448762
CS2_36,530.0,0.7883192046744267,0.7965109294457833,0.008191724771356546
CS2_36,531.0,0.7881963055011046,0.796342148940133,0.008145843439028355
CS2_36,536.0,0.7832889322657637,0.7542079022079727,-0.029081030057790946
CS2_37,5.0,0.9867104523155728,1.0,0.01328954768442725
CS2_37,6.0,0.9856697814780057,1.003051566121023,0.01738178464301743
CS2_37,7.0,0.9802643195671061,1.003051566121023,0.02278724655391695
CS2_37,8.0,0.9695922812581009,0.9996351716922156,0.030042890434114677
CS2_37,9.0,0.9658328380572516,0.9870861035562362,0.02125326549898454
CS2_37,10.0,0.9629517746520149,0.9831508829152463,0.020199108263231458
CS2_37,11.0,0.9592205682373136,0.9803957807531508,0.021175212515837205
CS2_37,12.0,0.9647387985245418,0.9831508829152463,0.01841208439070452
CS2_37,13.0,0.9665595877880033,0.9831508829152463,0.016591295127243
CS2_37,14.0,0.9666943226020529,0.9874968462942888,0.020802523692235897
CS2_37,15.0,0.9663398708182384,0.9884541916177555,0.02211432079951714
CS2_37,16.0,0.9659478890848447,0.9891831336297818,0.023235244544937084
CS2_37,17.0,0.8722670898841649,0.9884541916177555,0.11618710173359059
CS2_37,18.0,0.9651705322225537,0.9891136030764702,0.02394307085391656
CS2_37,19.0,0.964750617234438,0.9894968692767704,0.024746252042332384
CS2_37,20.0,0.9640286273544858,0.9892117242505776,0.025183096896091772
CS2_37,21.0,0.963382819014628,0.9891136030764702,0.02573078406184226
CS2_37,22.0,0.9628076887223082,0.9891136030764702,0.026305914354162074
CS2_37,23.0,0.9622303200896966,0.9884754071070174,0.026245087017320867
CS2_37,24.0,0.9618050473757435,0.9883767390991464,0.0265716917234029
CS2_37,25.0,0.9613761732390206,0.9878813188082207,0.02650514556920014
CS2_37,26.0,0.9606583795956073,0.9873562591609548,0.026697879565347526
CS2_37,27.0,0.9600227589429468,0.9870289843098602,0.02700622536691344
CS2_37,28.0,0.9545085107105908,0.9865664506618589,0.032057939951268044
CS2_37,29.0,0.9443681011273217,0.985691461585943,0.04132336045862128
CS2_37,30.0,0.9414540499929657,0.9690487379873183,0.027594687994352607
CS2_37,31.0,0.9390420250838339,0.965733465713827,0.02669144062999307
CS2_37,32.0,0.9364871322078683,0.9656059096153261,0.02911877740745783
CS2_37,33.0,0.944338020883021,0.965733465713827,0.02139544483080602
CS2_37,34.0,0.9473525762344368,0.965733465713827,0.018380889479390206
CS2_37,35.0,0.9446054746271555,0.9656059096153261,0.021000434988170613
CS2_37,36.0,0.9347731775476115,0.9611134133801554,0.026340235832543968
CS2_37,37.0,0.9318745018546678,0.9611134133801554,0.029238911525487632
CS2_37,38.0,0.930886843187197,0.9590039456572791,0.028117102470082034
CS2_37,39.0,0.9286786779860804,0.9572565393722251,0.02857786138614471
CS2_37,40.0,0.9371323018551995,0.9572565393722251,0.020124237517025634
CS2_37,41.0,0.9399848269437308,0.9572565393722251,0.017271712428494346
CS2_37,42.0,0.9406192678888032,0.9646603744762161,0.024041106587412875
CS2_37,43.0,0.9275430566308842,0.9646603744762161,0.0371173178453319
CS2_37,44.0,0.9266954010506169,0.9646603744762161,0.037964973425599235
CS2_37,45.0,0.9254668330479202,0.9564509306177724,0.03098409756985221
CS2_37,46.0,0.9240892853391232,0.9535944507618223,0.029505165422699098
CS2_37,47.0,0.9279287415282174,0.9535944507618223,0.025665709233604894
CS2_37,48.0,0.9332192487823145,0.9535944507618223,0.020375201979507707
CS2_37,49.0,0.934911554258541,0.9568920133014076,0.021980459042866607
CS2_37,50.0,0.9235408834088461,0.9568920133014076,0.033351129892561504
CS2_37,51.0,0.9221722285983663,0.9568920133014076,0.03471978470304127
CS2_37,52.0,0.9209320442355844,0.9478353402957957,0.026903296060211357
CS2_37,53.0,0.919573295668189,0.9458861501654243,0.026312854497235305
CS2_37,54.0,0.9595869961897975,0.9458861501654243,-0.013700846024373159
CS2_37,55.0,0.9563362067733108,0.9458861501654243,-0.010450056607886449
CS2_37,56.0,0.9600368086791897,0.9700610218919604,0.010024213212770694
CS2_37,57.0,0.9595434358140331,0.9762868219432613,0.01674338612922821
CS2_37,58.0,0.9503321402636116,0.9762868219432613,0.02595468167964976
CS2_37,59.0,0.9463165059542952,0.9762868219432613,0.029970315988966156
CS2_37,60.0,0.9447865102259958,0.9660296394518344,0.021243129225838597
CS2_37,61.0,0.843561009767142,0.9656758937783086,0.12211488401116666
CS2_37,62.0,0.935072630201332,0.9631006933877984,0.028028063186466334
CS2_37,63.0,0.9387976071572054,0.9631006933877984,0.024303086230592963
CS2_37,64.0,0.9365056550633929,0.9631006933877984,0.026595038324405462
CS2_37,65.0,0.9289238224082419,0.9568373200880893,0.02791349767984741
CS2_37,66.0,0.9276381091298562,0.9568373200880893,0.02919921095823308
CS2_37,67.0,0.9258670845072144,0.9527320347305499,0.02686495022333546
CS2_37,68.0,0.9241851661713938,0.9512216018270628,0.027036435655669044
CS2_37,69.0,0.9203007520142729,0.94840555112066,0.02810479910638719
CS2_37,70.0,0.9230848913323889,0.94840555112066,0.025320659788271138
CS2_37,71.0,0.9225492342409659,0.94840555112066,0.02585631687969414
CS2_37,72.0,0.9169827228386969,0.9461546588204656,0.029171935981768704
CS2_37,73.0,0.9154326781757774,0.9421791637566397,0.026746485580862234
CS2_37,74.0,0.9151402263075703,0.9407772145193163,0.02563698821174598
CS2_37,75.0,0.9141823607271505,0.9399801424060181,0.025797781678867593
CS2_37,76.0,0.9103451573214959,0.9388194938704515,0.028474336548955592
CS2_37,77.0,0.9153290676429481,0.9399801424060181,0.024651074763070047
CS2_37,78.0,0.9150506906464687,0.9399801424060181,0.024929451759549415
CS2_37,79.0,0.9142345492709888,0.9414449637692374,0.02721041449824857
CS2_37,80.0,0.9132166715144003,0.9414449637692374,0.02822829225483703
CS2_37,81.0,0.9123501593587634,0.9414449637692374,0.029094804410473962
CS2_37,82.0,0.8115373322883045,0.9413254356204249,0.12978810333212043
CS2_37,83.0,0.9118842437156801,0.9405833510712793,0.028699107355599218
CS2_37,84.0,0.9104056626913235,0.9390555288298642,0.028649866138540703
CS2_37,85.0,0.9093705142723085,0.9382481582525249,0.028877643980216416
CS2_37,86.0,0.9086439102387609,0.9375052145726092,0.02886130433384826
CS2_37,87.0,0.907774203898511,0.9375052145726092,0.029731010674098113
CS2_37,88.0,0.9069949748650609,0.937420610782372,0.030425635917311178
CS2_37,89.0,0.9063168033895552,0.9360009986071932,0.029684195217637988
CS2_37,90.0,0.906219175853675,0.9354293097489046,0.02921013389522964
CS2_37,91.0,0.8044777154478253,0.9346123486367793,0.13013463318895402
CS2_37,92.0,0.9044131591792807,0.9344840290779642,0.030070869898683572
CS2_37,93.0,0.903888975901207,0.9321704445132603,0.028281468612053273
CS2_37,94.0,0.798084886119574,0.9320366810591859,0.13395179493961196
CS2_37,95.0,0.8925375772227455,0.9166300116224739,0.024092434399728413
CS2_37,96.0,0.8911995439660816,0.9166300116224739,0.02543046765639234
CS2_37,97.0,0.8899826784407026,0.9161195279768016,0.02613684953609907
CS2_37,99.0,0.9048841423361418,0.9161195279768016,0.011235385640659845
CS2_37,100.0,0.9040321821611349,0.9166300116224739,0.012597829461339027
CS2_37,101.0,0.9028411123552166,0.9197694515086503,0.016928339153433725
CS2_37,102.0,0.9082319116304122,0.9224855316761472,0.01425362004573505
CS2_37,103.0,0.9093719733866653,0.9228935328640575,0.013521559477392198
CS2_37,104.0,0.9050043161557924,0.9228935328640575,0.017889216708265154
CS2_37,105.0,0.8993825738314914,0.9228935328640575,0.02351095903256606
CS2_37,106.0,0.8993728082645381,0.9217185883446591,0.022345780080121003
CS2_37,107.0,0.898902994265449,0.9201406436826576,0.021237649417208626
CS2_37,108.0,0.8968480731824566,0.9185512312135247,0.021703158031068037
CS2_37,109.0,0.9015440650601511,0.9201406436826576,0.01859657862250652
CS2_37,110.0,0.9041517969897641,0.9217185883446591,0.01756679135489503
CS2_37,111.0,0.9045395059801743,0.9247407620522404,0.02020125607206613
CS2_37,112.0,0.8931313464701035,0.9247407620522404,0.031609415582136924
CS2_37,113.0,0.7900472938717922,0.9247407620522404,0.13469346818044825
CS2_37,114.0,0.8917354309932481,0.9141522235026985,0.02241679250945039
CS2_37,115.0,0.890457217129486,0.9107375828980818,0.02028036576859582
CS2_37,116.0,0.8872473516993817,0.9107183733448552,0.023471021645473433
CS2_37,117.0,0.8978632523222885,0.9107183733448552,0.012855121022566696
CS2_37,118.0,0.898955798329861,0.9107375828980818,0.011781784568220766
CS2_37,119.0,0.8911310612151877,0.9107375828980818,0.019606521682894118
CS2_37,120.0,0.8870207327613083,0.9097525279131037,0.022731795151795353
CS2_37,121.0,0.8865115572610197,0.9097525279131037,0.02324097065208397
CS2_37,122.0,0.8872551255840276,0.9083599618527294,0.021104836268701743
CS2_37,123.0,0.8811895586641165,0.9081355680998489,0.026946009435732332
CS2_37,124.0,0.8919400670610703,0.9083599618527294,0.016419894791659062
CS2_37,125.0,0.8940471593178968,0.9083599618527294,0.01431280253483258
CS2_37,126.0,0.8947293286057981,0.9144929618867016,0.01976363328090347
CS2_37,127.0,0.7984840251650226,0.9144929618867016,0.116008936721679
CS2_37,128.0,0.8971288031709413,0.9153818947773941,0.01825309160645272
CS2_37,129.0,0.8980874105144375,0.9153818947773941,0.017294484262956544
CS2_37,130.0,0.898532176194493,0.9159254209035451,0.017393244709052125
CS2_37,131.0,0.899063367747713,0.9163770398614423,0.01731367211372925
CS2_37,132.0,0.899838872432631,0.9166792760338318,0.01684040360120076
CS2_37,133.0,0.8997546846551067,0.9178398249047666,0.018085140249659903
CS2_37,134.0,0.9000976700800439,0.9189924471407801,0.018894777060736168
CS2_37,135.0,0.9003205491452857,0.9200955868951471,0.019775037749861446
CS2_37,136.0,0.9006319882640363,0.9206447600777464,0.020012771813710084
CS2_37,137.0,0.9008688858258664,0.9206635400600471,0.019794654234180697
CS2_37,138.0,0.900969867880647,0.9206635400600471,0.0196936721794001
CS2_37,139.0,0.901008395577318,0.9206625236250684,0.019654128047750352
CS2_37,140.0,0.9011981141797204,0.9207366754357177,0.01953856125599729
CS2_37,141.0,0.8950625029957686,0.9206625236250684,0.02560002062929978
CS2_37,142.0,0.8843360037433505,0.9203591000455005,0.03602309630214995
CS2_37,143.0,0.8850237653734722,0.9059076438105785,0.020883878437106373
CS2_37,144.0,0.8834890379578714,0.9043743979802504,0.020885360022379063
CS2_37,145.0,0.8826056245734815,0.9017230255889309,0.019117401015449453
CS2_37,146.0,0.8883945288453294,0.9043743979802504,0.015979869134921
CS2_37,147.0,0.8942033242595148,0.9059076438105785,0.011704319551063769
CS2_37,148.0,0.8952303373924065,0.9160207673907095,0.02079042999830294
CS2_37,149.0,0.8930357769382234,0.9160207673907095,0.02298499045248603
CS2_37,150.0,0.8954268603637051,0.9170165313031103,0.021589670939405226
CS2_37,151.0,0.9014942998919582,0.9170165313031103,0.015522231411152165
CS2_37,152.0,0.9022574549011522,0.9162377710183882,0.013980316117236047
CS2_37,153.0,0.8895968699149813,0.9162377710183882,0.02664090110340689
CS2_37,154.0,0.8883373499391081,0.9162377710183882,0.027900421079280147
CS2_37,155.0,0.8915158246767809,0.911861406904711,0.020345582227930037
CS2_37,156.0,0.8894834322178158,0.9061477736186828,0.016664341400867033
CS2_37,157.0,0.8868437706258665,0.9061477736186828,0.019304002992816316
CS2_37,158.0,0.8965648242080844,0.90642063129622,0.009855807088135604
CS2_37,159.0,0.898359166886381,0.911861406904711,0.013502240018330003
CS2_37,160.0,0.8901676102148591,0.90642063129622,0.01625302108136084
CS2_37,161.0,0.886299069281361,0.90642063129622,0.02012156201485893
CS2_37,162.0,0.8871390972540606,0.9045826915750677,0.01744359432100706
CS2_37,163.0,0.8872047017443062,0.9045826915750677,0.017377989830761442
CS2_37,164.0,0.8835505414267207,0.9043565309635725,0.020805989536851754
CS2_37,165.0,0.8902321443954775,0.9045826915750677,0.014350547179590167
CS2_37,166.0,0.8940290748395601,0.9061634832457551,0.012134408406195063
CS2_37,167.0,0.8953417358890882,0.9091158637735329,0.013774127884444765
CS2_37,168.0,0.8819794862776325,0.9091158637735329,0.027136377495900477
CS2_37,169.0,0.8826014658937805,0.9091158637735329,0.026514397879752405
CS2_37,170.0,0.8830583568438114,0.8970765770041927,0.014018220160381345
CS2_37,171.0,0.8827993789063054,0.8970765770041927,0.0142771980978873
CS2_37,172.0,0.8816045241900985,0.8964246366566759,0.01482011246657744
CS2_37,173.0,0.8908233691505988,0.8970765770041927,0.006253207853593956
CS2_37,174.0,0.8924054835876307,0.8974402794235192,0.005034795835888506
CS2_37,175.0,0.8938157833907977,0.9069587092205926,0.013142925829794927
CS2_37,176.0,0.8940748311288974,0.9073157838869084,0.01324095275801096
CS2_37,177.0,0.8943830750966444,0.9077091612876843,0.013326086191039921
CS2_37,178.0,0.8955331002007026,0.910501755950743,0.01496865575004036
CS2_37,179.0,0.8961149613274301,0.9112998771599122,0.01518491583248216
CS2_37,180.0,0.8963778615771694,0.9113011166249092,0.014923255047739836
CS2_37,181.0,0.8966535176324676,0.9128049017567474,0.016151384124279855
CS2_37,182.0,0.8969793871184424,0.9136429655129388,0.016663578394496392
CS2_37,183.0,0.8970794830954933,0.9142898780464416,0.017210394950948227
CS2_37,184.0,0.8973549374084923,0.9143222850495009,0.0169673476410086
CS2_37,185.0,0.8977849441753984,0.9152317156278622,0.01744677145246376
CS2_37,186.0,0.8982219864726224,0.9157083970178899,0.01748641054526745
CS2_37,187.0,0.8983906368029618,0.9158885963361465,0.01749795953318467
CS2_37,188.0,0.8997986672643136,0.9160884745732345,0.016289807308920934
CS2_37,189.0,0.9000110533649224,0.9160884745732345,0.016077421208312126
CS2_37,190.0,0.7886153821357262,0.9160884745732345,0.12747309243750826
CS2_37,191.0,0.8865133074267251,0.9153670731707145,0.028853765743989457
CS2_37,192.0,0.8860057248502206,0.9062985592122149,0.02029283436199436
CS2_37,193.0,0.8855143671113305,0.9062985592122149,0.020784192100884447
CS2_37,194.0,0.8827896242272013,0.903726209489766,0.0209365852625647
CS2_37,195.0,0.8908772054912624,0.9062985592122149,0.015421353720952546
CS2_37,196.0,0.8934786905204752,0.9067430512128191,0.013264360692343824
CS2_37,197.0,0.8909793507091033,0.9067430512128191,0.015763700503715783
CS2_37,198.0,0.8818882352831894,0.903897931469049,0.022009696185859573
CS2_37,199.0,0.8887922956245285,0.9056134065306833,0.01682111090615479
CS2_37,200.0,0.8956651334905724,0.9056134065306833,0.009948273040110922
CS2_37,201.0,0.8974030245727697,0.9056134065306833,0.008210381957913682
CS2_37,202.0,0.891838837655248,0.9056134065306833,0.013774568875435378
CS2_37,203.0,0.8865545431273083,0.9056134065306833,0.019058863403375037
CS2_37,204.0,0.8880473787572989,0.906781427586878,0.018734048829579075
CS2_37,205.0,0.8884059664699844,0.906781427586878,0.018375461116893588
CS2_37,206.0,0.7809829717142389,0.9037070469846075,0.12272407527036855
CS2_37,207.0,0.8879301353959597,0.906781427586878,0.0188512921909183
CS2_37,208.0,0.8931374397765097,0.9076312528429463,0.0144938130664366
CS2_37,209.0,0.8946863499327194,0.9107027645565081,0.016016414623788666
CS2_37,210.0,0.8862812699594499,0.9076312528429463,0.021349982883496432
CS2_37,211.0,0.8853788169261676,0.9076312528429463,0.022252435916778723
CS2_37,212.0,0.885895007672725,0.9009519399539238,0.015056932281198754
CS2_37,213.0,0.8847823502947596,0.8998404710898006,0.015058120795040986
CS2_37,214.0,0.8843331567898194,0.899770265094028,0.015437108304208635
CS2_37,215.0,0.8919749295444986,0.899770265094028,0.007795335549529381
CS2_37,216.0,0.8942388324184203,0.899770265094028,0.005531432675607739
CS2_37,217.0,0.889633618628152,0.899770265094028,0.010136646465875976
CS2_37,218.0,0.8838174027303075,0.9011841405171387,0.017366737786831177
CS2_37,219.0,0.8865609695005627,0.9047994109857233,0.018238441485160517
CS2_37,220.0,0.8913557996672473,0.9047994109857233,0.013443611318475934
CS2_37,221.0,0.8943880917904402,0.9030038135562739,0.008615721765833695
CS2_37,222.0,0.8948289345274435,0.9047994109857233,0.009970476458279753
CS2_37,223.0,0.8949147454740563,0.908508060503421,0.013593315029364783
CS2_37,224.0,0.895287361845008,0.9091498324052425,0.013862470560234486
CS2_37,225.0,0.8955397162122802,0.9091498324052425,0.013610116192962263
CS2_37,226.0,0.8956416342593541,0.9113996155628574,0.015757981303503366
CS2_37,227.0,0.8960578955050708,0.911936915307234,0.01587901980216322
CS2_37,228.0,0.8969677490609463,0.911936915307234,0.014969166246287635
CS2_37,229.0,0.896732663208022,0.9118733156546344,0.015140652446612335
CS2_37,230.0,0.8966476446760486,0.9118733156546344,0.015225670978585737
CS2_37,231.0,0.8967734677086837,0.9118124041380254,0.015038936429341732
CS2_37,232.0,0.8968250606361785,0.9118124041380254,0.01498734350184694
CS2_37,233.0,0.8969762586750939,0.9118733156546344,0.014897056979540468
CS2_37,234.0,0.8971252290149607,0.9124049050170703,0.015279676002109555
CS2_37,235.0,0.8975574724737732,0.9128809487810234,0.015323476307250283
CS2_37,236.0,0.8971355955481315,0.9128809487810234,0.015745353232891945
CS2_37,237.0,0.8970556070213207,0.9128904211934672,0.015834814172146494
CS2_37,238.0,0.8970385216459672,0.9128809487810234,0.015842427135056236
CS2_37,239.0,0.8970570983291362,0.9128546542330014,0.015797555903865224
CS2_37,240.0,0.8860997219079835,0.912575959924486,0.026476238016502562
CS2_37,241.0,0.8879670941737154,0.9125600200685695,0.024592925894854067
CS2_37,242.0,0.8866429508489684,0.9103349581290728,0.023692007280104455
CS2_37,243.0,0.8837387854889511,0.9062906042165375,0.02255181872758638
CS2_37,244.0,0.8823289562711838,0.9019393920682381,0.01961043579705435
CS2_37,245.0,0.8907938048916856,0.9062906042165375,0.015496799324851929
CS2_37,246.0,0.8921861072925013,0.9062906042165375,0.014104496924036258
CS2_37,247.0,0.8843217629898223,0.9019393920682381,0.017617629078415797
CS2_37,248.0,0.8815488851685518,0.9003170888994785,0.01876820373092669
CS2_37,249.0,0.8838735199960175,0.9018725839420041,0.017999063945986604
CS2_37,250.0,0.8830210152308663,0.8996602039208114,0.016639188689945072
CS2_37,251.0,0.8780860862863779,0.896424475047848,0.018338388761470092
CS2_37,252.0,0.8866378263105136,0.8996602039208114,0.013022377610297786
CS2_37,253.0,0.8883372662502992,0.9018725839420041,0.013535317691704907
CS2_37,254.0,0.8824788811367607,0.8996602039208114,0.017181322784050712
CS2_37,255.0,0.8770721605860126,0.8951435771124212,0.018071416526408646
CS2_37,256.0,0.8787737308456552,0.9025123087630906,0.02373857791743539
CS2_37,257.0,0.876198411677471,0.8951435771124212,0.018945165434950173
CS2_37,258.0,0.8769269476261831,0.8951435771124212,0.018216629486238145
CS2_37,259.0,0.8796646857215761,0.8956664926590562,0.0160018069374801
CS2_37,260.0,0.8833271171841858,0.8968776567038316,0.013550539519645799
CS2_37,261.0,0.8846692021150231,0.8966166229319484,0.011947420816925347
CS2_37,262.0,0.8748322794854217,0.8966166229319484,0.02178434344652669
CS2_37,263.0,0.8744664871698403,0.8966166229319484,0.022150135762108114
CS2_37,264.0,0.8763325311135385,0.8902622570462879,0.013929725932749437
CS2_37,265.0,0.8745304768226646,0.8881126504691492,0.013582173646484619
CS2_37,266.0,0.8741210478516994,0.8871003388594497,0.012979291007750304
CS2_37,267.0,0.8822741163078324,0.8881126504691492,0.005838534161316855
CS2_37,268.0,0.8834583910287094,0.8902622570462879,0.0068038660175785415
CS2_37,269.0,0.8750754274960149,0.8867644812735382,0.011689053777523384
CS2_37,270.0,0.872241576957224,0.8862918082863079,0.014050231329083895
CS2_37,271.0,0.8713674688182175,0.886241193625218,0.014873724807000555
CS2_37,272.0,0.8727930422706667,0.886241193625218,0.013448151354551352
CS2_37,274.0,0.8801843008281162,0.8862009664119628,0.006016665583846614
CS2_37,275.0,0.8736489306101346,0.8862009664119628,0.012552035801828176
CS2_37,276.0,0.881860632370075,0.8862009664119628,0.004340334041887828
CS2_37,277.0,0.88359333740874,0.8916758407107758,0.008082503302035748
CS2_37,278.0,0.8809954747335488,0.8862009664119628,0.005205491678413998
CS2_37,279.0,0.8717938149344714,0.8842116723889467,0.012417857454475323
CS2_37,280.0,0.871777582466254,0.8855985081659008,0.013820925699646769
CS2_37,281.0,0.8698686531805917,0.8855985081659008,0.0157298549853091
CS2_37,283.0,0.8742928661018249,0.8842116723889467,0.009918806287121829
CS2_37,284.0,0.8732540868362286,0.8831620484660314,0.009907961629802786
CS2_37,286.0,0.8800811180658625,0.8812593158534737,0.0011781977876111904
CS2_37,287.0,0.8823753890203635,0.8831620484660314,0.0007866594456679143
CS2_37,288.0,0.8810321753098657,0.8854892322442597,0.004457056934394021
CS2_37,289.0,0.8703808663987607,0.8854892322442597,0.015108365845499017
CS2_37,290.0,0.8705746202386366,0.886578939608236,0.01600431936959934
CS2_37,291.0,0.8687882548759994,0.8854892322442597,0.01670097736826026
CS2_37,292.0,0.8680032468266147,0.8807810540813136,0.012777807254698903
CS2_37,293.0,0.8684248886370018,0.8807810540813136,0.012356165444311729
CS2_37,294.0,0.8746436353596019,0.886578939608236,0.011935304248634093
CS2_37,295.0,0.8756360744071705,0.8925448880175851,0.01690881361041463
CS2_37,297.0,0.8623922562307027,0.8925448880175851,0.030152631786882433
CS2_37,298.0,0.8629665529262304,0.8751452626501854,0.012178709723955072
CS2_37,299.0,0.8634961438276277,0.8751452626501854,0.011649118822557702
CS2_37,300.0,0.8617595393926604,0.8751452626501854,0.013385723257525073
CS2_37,301.0,0.8674472135021203,0.875192810332183,0.0077455968300627065
CS2_37,302.0,0.8700747514551398,0.8824742601479584,0.012399508692818584
CS2_37,303.0,0.8709096436630412,0.8852772844755634,0.014367640812522176
CS2_37,304.0,0.8712271507860159,0.8863968766055424,0.01516972581952658
CS2_37,305.0,0.8716358612260593,0.8876863567610831,0.0160504955350238
CS2_37,306.0,0.8723498089551314,0.8876863567610831,0.015336547805951728
CS2_37,307.0,0.8725321340170502,0.8882550446156423,0.0157229105985921
CS2_37,308.0,0.8730178258025351,0.888274704112324,0.015256878309788946
CS2_37,309.0,0.8731288075776722,0.888274704112324,0.015145896534651815
CS2_37,310.0,0.8732687418575288,0.8887893019246027,0.015520560067073919
CS2_37,311.0,0.8728906702845711,0.888654119311418,0.0157634490268469
CS2_37,312.0,0.8727196440350122,0.8887893019246027,0.016069657889590472
CS2_37,313.0,0.8737568602709331,0.888654119311418,0.01489725904048489
CS2_37,314.0,0.873087111387779,0.8887758045350005,0.015688693147221544
CS2_37,315.0,0.8735115972710705,0.8887758045350005,0.015264207263929963
CS2_37,316.0,0.8737604110660669,0.888829554815299,0.015069143749232072
CS2_37,317.0,0.8741136416765893,0.8887758045350005,0.014662162858411154
CS2_37,318.0,0.7741394277575286,0.8887758045350005,0.11463637677747185
CS2_37,319.0,0.8611852580728738,0.8885236915005049,0.027338433427631093
CS2_37,320.0,0.858993432296808,0.8708459784978422,0.011852546201034153
CS2_37,321.0,0.8611450543716394,0.8708459784978422,0.009700924126202826
CS2_37,322.0,0.8578890644649109,0.8691960172035222,0.011306952738611376
CS2_37,323.0,0.8556237596312052,0.8692499390928758,0.013626179461670662
CS2_37,324.0,0.8648364103355203,0.8708459784978422,0.006009568162321899
CS2_37,325.0,0.8669138120046775,0.8817068402056396,0.014793028200962066
CS2_37,326.0,0.8615239902999107,0.8692499390928758,0.007725948792965176
CS2_37,327.0,0.8541429647215084,0.8692499390928758,0.015106974371367432
CS2_37,328.0,0.8548124062064042,0.8687342887245275,0.013921882518123319
CS2_37,329.0,0.8554896917702325,0.8687342887245275,0.01324459695429503
CS2_37,330.0,0.8540270418848506,0.867357175994534,0.013330134109683422
CS2_37,331.0,0.8561582676204595,0.8687342887245275,0.01257602110406797
CS2_37,332.0,0.8611495182059462,0.8749752717328532,0.013825753526906959
CS2_37,333.0,0.8655597365307881,0.8749752717328532,0.009415535202065062
CS2_37,334.0,0.8638481546756895,0.8694478502895204,0.005599695613830891
CS2_37,335.0,0.8679012420895733,0.8749752717328532,0.0070740296432798555
CS2_37,336.0,0.8708160261281125,0.8749752717328532,0.00415924560474068
CS2_37,337.0,0.8714994946454983,0.8834152559279322,0.01191576128243399
CS2_37,338.0,0.8612236310069781,0.8834152559279322,0.022191624920954167
CS2_37,339.0,0.8601888925312822,0.8834152559279322,0.023226363396650074
CS2_37,340.0,0.8593963191044004,0.8784140305655911,0.01901771146119069
CS2_37,341.0,0.8584202379079279,0.8744022107696743,0.015981972861746407
CS2_37,342.0,0.8558087762596223,0.8742448701778397,0.018436093918217433
CS2_37,343.0,0.8633814935336974,0.8744022107696743,0.011020717235976862
CS2_37,345.0,0.8650730904605846,0.8742448701778397,0.009171779717255135
CS2_37,346.0,0.865387014617341,0.8796426399877684,0.01425562537042735
CS2_37,347.0,0.8656627247999837,0.8804601824936502,0.014797457693666471
CS2_37,348.0,0.8661741766514887,0.8804601824936502,0.014286005842161553
CS2_37,349.0,0.8662584149276394,0.8810134010633986,0.014754986135759207
CS2_37,350.0,0.8662824343400141,0.8815104258246858,0.015227991484671688
CS2_37,351.0,0.8662926342659331,0.8824025649815638,0.016109930715630716
CS2_37,352.0,0.8660857735211976,0.8826627216830987,0.01657694816190103
CS2_37,353.0,0.8658622511162819,0.8826627216830987,0.016800470566816772
CS2_37,354.0,0.8657009527542566,0.8825051799790172,0.016804227224760604
CS2_37,355.0,0.8655598836291164,0.8825051799790172,0.01694529634990083
CS2_37,356.0,0.8655225134437151,0.8824340770365461,0.01691156359283097
CS2_37,357.0,0.8655542804604851,0.8822472049366301,0.01669292447614501
CS2_37,358.0,0.8656735104717723,0.8822283164307256,0.01655480595895331
CS2_37,359.0,0.865373712291728,0.8821343457055852,0.01676063341385725
CS2_37,360.0,0.8617158058414179,0.8819892794995318,0.020273473658113828
CS2_37,361.0,0.8509605124054649,0.881979822353078,0.03101930994761315
CS2_37,362.0,0.8503493760812163,0.867062178265908,0.016712802184691733
CS2_37,363.0,0.8495408883856453,0.8661021804515068,0.016561292065861433
CS2_37,364.0,0.8478189305108671,0.8624926263372664,0.014673695826399324
CS2_37,365.0,0.8491838319741741,0.8661021804515068,0.016918348477332645
CS2_37,367.0,0.8570565980649455,0.8661021804515068,0.00904558238656128
CS2_37,368.0,0.8507981801129955,0.8616278055668574,0.010829625453861902
CS2_37,369.0,0.8450962571004088,0.8590647680620638,0.013968510961654967
CS2_37,370.0,0.8455464092084763,0.8590647680620638,0.013518358853587431
CS2_37,371.0,0.8436048101268743,0.8590647680620638,0.015459957935189506
CS2_37,372.0,0.8444233337262149,0.8590647680620638,0.014641434335848857
CS2_37,373.0,0.8486677054128352,0.859111969436312,0.010444264023476757
CS2_37,374.0,0.851377571878347,0.8592252775571547,0.00784770567880777
CS2_37,375.0,0.8531328223211476,0.8613318926436104,0.00819907032246281
CS2_37,376.0,0.8427955317348037,0.8613318926436104,0.018536360908806726
CS2_37,377.0,0.8413773349111889,0.8613318926436104,0.019954557732421496
CS2_37,378.0,0.8402077238093446,0.8540058457849884,0.013798121975643785
CS2_37,379.0,0.8394446623595891,0.8512187453452693,0.011774082985680168
CS2_37,380.0,0.839218240276986,0.8512187453452693,0.012000505068283318
CS2_37,381.0,0.8473216241018707,0.8540058457849884,0.006684221683117664
CS2_37,382.0,0.8489644318654627,0.8541711195967724,0.005206687731309723
CS2_37,383.0,0.8468872449435065,0.8541711195967724,0.007283874653265854
CS2_37,384.0,0.845885748241393,0.858058942817299,0.012173194575906043
CS2_37,385.0,0.8426152346830366,0.858058942817299,0.015443708134262435
CS2_37,386.0,0.8506948929032778,0.858058942817299,0.007364049914021176
CS2_37,387.0,0.8522544911418762,0.858058942817299,0.0058044516754227615
CS2_37,388.0,0.8457856085142762,0.858058942817299,0.012273334303022798
CS2_37,389.0,0.8400569858981678,0.8551347238108125,0.015077737912644662
CS2_37,390.0,0.8407308635075484,0.8551347238108125,0.014403860303264016
CS2_37,391.0,0.8398424348849711,0.8536835185421192,0.01384108365714809
CS2_37,392.0,0.8382501043526392,0.852266105945325,0.01401600159268579
CS2_37,393.0,0.842350641865281,0.8536835185421192,0.011332876676838244
CS2_37,394.0,0.8461970682444624,0.8536835185421192,0.0074864502976568215
CS2_37,395.0,0.846743510365843,0.8598934744493878,0.01314996408354474
CS2_37,396.0,0.8472345411582541,0.8612570198205202,0.014022478662266025
CS2_37,397.0,0.8475217940099227,0.8636130582909217,0.01609126428099905
CS2_37,398.0,0.8480577300960743,0.8636130582909217,0.015555328194847395
CS2_37,399.0,0.849001995526713,0.8636130582909217,0.01461106276420876
CS2_37,400.0,0.8497479541901248,0.8636130582909217,0.013865104100796888
CS2_37,401.0,0.8501327543193706,0.8636130582909217,0.013480303971551089
CS2_37,402.0,0.8502461333738587,0.8640818609888932,0.013835727615034488
CS2_37,403.0,0.8504656012181888,0.8640818609888932,0.013616259770704353
CS2_37,404.0,0.8507009561264364,0.8641279257302608,0.01342696960382439
CS2_37,405.0,0.8506771601462607,0.8646924596989615,0.014015299552700755
CS2_37,406.0,0.8508402771920927,0.8652821179587953,0.01444184076670263
CS2_37,407.0,0.851066015595599,0.8652821179587953,0.014216102363196259
CS2_37,408.0,0.8514091268324638,0.8653196748786878,0.013910548046223936
CS2_37,409.0,0.8510999067848515,0.8657338774763439,0.014633970691492415
CS2_37,410.0,0.8511195477346921,0.8656686213657058,0.014549073631013654
CS2_37,411.0,0.8386829639861118,0.8656686213657058,0.02698565737959402
CS2_37,412.0,0.835886761709486,0.8656686213657058,0.029781859656219822
CS2_37,413.0,0.8346528912387126,0.8509134931307355,0.01626060189202294
CS2_37,414.0,0.8337781056811868,0.8508209769334399,0.017042871252253122
CS2_37,415.0,0.8316644023552321,0.850173707595557,0.018509305240324903
CS2_37,416.0,0.8401441210108955,0.850173707595557,0.010029586584661465
CS2_37,417.0,0.8427367542843235,0.850173707595557,0.007436953311233507
CS2_37,418.0,0.842112231458098,0.8503729357520856,0.00826070429398762
CS2_37,419.0,0.8313142243066999,0.8503729357520856,0.019058711445385734
CS2_37,420.0,0.8326371244876168,0.8503729357520856,0.01773581126446877
CS2_37,421.0,0.8321048485028351,0.8472937074075952,0.015188858904760183
CS2_37,422.0,0.8309084412042038,0.8440781802133713,0.013169739009167514
CS2_37,423.0,0.8283261294912118,0.842261117977582,0.013934988486370203
CS2_37,424.0,0.8384743441934701,0.8440781802133713,0.0056038360199012205
CS2_37,425.0,0.8405336699751604,0.8440781802133713,0.003544510238210896
CS2_37,426.0,0.833228822764658,0.8422032569635963,0.008974434198938286
CS2_37,427.0,0.8286793920226573,0.8419312178038372,0.013251825781179893
CS2_37,428.0,0.828843496934087,0.8398180833049722,0.01097458637088522
CS2_37,429.0,0.830336207406496,0.8398180833049722,0.009481875898476155
CS2_37,430.0,0.8294108311442935,0.8398180833049722,0.010407252160678726
CS2_37,431.0,0.8334894130352981,0.8432807126058103,0.009791299570512169
CS2_37,432.0,0.8378816987324613,0.8432827712023263,0.005401072469864987
CS2_37,433.0,0.8349865004044978,0.8432827712023263,0.008296270797828464
CS2_37,434.0,0.8339031645500012,0.8438206849255213,0.009917520375520072
CS2_37,435.0,0.8336297020220945,0.8438206849255213,0.010190982903426793
CS2_37,436.0,0.8299769259927997,0.8420226961041343,0.012045770111334564
CS2_37,437.0,0.8283929317209366,0.8402227606207042,0.01182982889976758
CS2_37,438.0,0.8286179862825207,0.8420226961041343,0.01340470982161357
CS2_37,439.0,0.8288667122711084,0.8420226961041343,0.013155983833025853
CS2_37,440.0,0.8280610657255124,0.8420226961041343,0.013961630378621859
CS2_37,441.0,0.8260236654228704,0.8408382618931984,0.014814596470328012
CS2_37,442.0,0.8317864958898499,0.8421401816042999,0.010353685714450056
CS2_37,443.0,0.8345167242057345,0.8423158087128492,0.00779908450711464
CS2_37,444.0,0.8355787672420375,0.8473310785226909,0.01175231128065335
CS2_37,445.0,0.836150551040519,0.8473310785226909,0.011180527482171798
CS2_37,446.0,0.8363882925239586,0.8473310785226909,0.010942785998732218
CS2_37,447.0,0.836514912060778,0.8470268880501751,0.010511975989397127
CS2_37,448.0,0.8369079385977763,0.8470268880501751,0.010118949452398773
CS2_37,450.0,0.8292194304641906,0.8465244273943943,0.01730499693020371
CS2_37,451.0,0.8288397228935646,0.8465244273943943,0.017684704500829707
CS2_37,452.0,0.8351560245754301,0.8454203254158311,0.010264300840400975
CS2_37,453.0,0.8370511166288845,0.8454203254158311,0.00836920878694658
CS2_37,454.0,0.8346315076148708,0.8320791550523027,-0.0025523525625681387
CS2_37,455.0,0.829276349237444,0.8390441279483544,0.00976777871091039
CS2_37,456.0,0.8308914181874236,0.8390441279483544,0.008152709760930743
CS2_37,457.0,0.8328368442228437,0.8390441279483544,0.006207283725510715
CS2_37,458.0,0.8344897844252914,0.8390441279483544,0.0045543435230629425
CS2_37,459.0,0.8348626014801287,0.8405152082477834,0.0056526067676546665
CS2_37,460.0,0.8393551619859747,0.841762057863973,0.0024068958779982497
CS2_37,461.0,0.8399788716773798,0.8423928243354968,0.002413952658116947
CS2_37,462.0,0.8343237559455344,0.8426484486623732,0.008324692716838777
CS2_37,463.0,0.8311882247966549,0.8426484486623732,0.011460223865718322
CS2_37,464.0,0.8323874972228074,0.8467221204902137,0.01433462326740631
CS2_37,465.0,0.8323148670588402,0.8426484486623732,0.010333581603533037
CS2_37,466.0,0.8313646745385315,0.8408277684469698,0.009463093908438358
CS2_37,467.0,0.8352001204964984,0.8408277684469698,0.005627647950471437
CS2_37,468.0,0.8369695196298195,0.8467221204902137,0.0097526008603942
CS2_37,469.0,0.8374351941081708,0.8507749694575313,0.013339775349360483
CS2_37,470.0,0.8288397017934351,0.8507749694575313,0.021935267664096147
CS2_37,471.0,0.8284192493043246,0.8507749694575313,0.022355720153206637
CS2_37,472.0,0.8284090584840909,0.8382657001833526,0.009856641699261703
CS2_37,473.0,0.8280680893645963,0.836733619078807,0.00866552971421064
CS2_37,474.0,0.8261115416276796,0.8358457619700632,0.009734220342383582
CS2_37,475.0,0.8323501748621496,0.836733619078807,0.004383444216657373
CS2_37,476.0,0.8338084805900123,0.8382657001833526,0.0044572195933402226
CS2_37,477.0,0.8315136039812293,0.836733619078807,0.005220015097577635
CS2_37,478.0,0.825196959545972,0.8350745119364763,0.009877552390504252
CS2_37,479.0,0.8261157727848625,0.8352396656312169,0.009123892846354398
CS2_37,480.0,0.8256162327215217,0.8332906433149675,0.007674410593445757
CS2_37,481.0,0.8278973873939804,0.8332906433149675,0.00539325592098705
CS2_37,482.0,0.8260753307055975,0.8352396656312169,0.00916433492561941
CS2_37,483.0,0.8320186537463908,0.8375476477024255,0.005528993956034678
CS2_37,484.0,0.8328129966312465,0.8399046324839781,0.007091635852731537
CS2_37,485.0,0.8330544710059373,0.8446870322099969,0.011632561204059533
CS2_37,486.0,0.8334407840242424,0.8449618996166244,0.011521115592382003
CS2_37,487.0,0.8335912271557823,0.8450858651267074,0.011494637970925092
CS2_37,488.0,0.8341054985888664,0.8453005382838662,0.011195039694999798
CS2_37,489.0,0.8348919475411084,0.8459495771760155,0.011057629634907085
CS2_37,490.0,0.8353599025050463,0.8466775284846322,0.011317625979585855
CS2_37,491.0,0.8353164889643523,0.8468236765414775,0.01150718757712521
CS2_37,492.0,0.8353111235128947,0.8468236765414775,0.011512553028582784
CS2_37,493.0,0.8352305300916435,0.8466775284846322,0.011446998392988683
CS2_37,494.0,0.8350080016230527,0.8466775284846322,0.011669526861579516
CS2_37,495.0,0.8348017024237336,0.8472938236933819,0.01249212126964827
CS2_37,496.0,0.8351193405575019,0.8472938236933819,0.012174483135879988
CS2_37,497.0,0.8350399424730167,0.8473806729264008,0.01234073045338413
CS2_37,498.0,0.8347761620877442,0.8474309846230632,0.012654822535319021
CS2_37,499.0,0.8345033369940943,0.8474309846230632,0.012927647628968919
CS2_37,500.0,0.8298784012996936,0.8473806729264008,0.017502271626707255
CS2_37,501.0,0.8285004188569187,0.8467277365258737,0.018227317668955023
CS2_37,502.0,0.8322613525686252,0.8467277365258737,0.01446638395724853
CS2_37,503.0,0.8344517310063289,0.8467277365258737,0.012276005519544886
CS2_37,504.0,0.8344319676979592,0.8480652881301642,0.013633320432204998
CS2_37,505.0,0.825140110626401,0.8480652881301642,0.022925177503763217
CS2_37,506.0,0.8240067201598353,0.8480652881301642,0.024058567970328903
CS2_37,507.0,0.8259762297936721,0.8356340094747339,0.00965777968106174
CS2_37,508.0,0.8251812424858508,0.8307686525382104,0.0055874100523596315
CS2_37,509.0,0.8225426237088306,0.8306770404220623,0.008134416713231674
CS2_37,510.0,0.8290793420449553,0.8307686525382104,0.0016893104932551584
CS2_37,511.0,0.8299896855498257,0.8356340094747339,0.005644323924908212
CS2_37,512.0,0.8292364103797631,0.8391103269733597,0.009873916593596599
CS2_37,513.0,0.8205628622438568,0.8391103269733597,0.01854746472950297
CS2_37,514.0,0.8206743447005967,0.8391103269733597,0.018435982272762996
CS2_37,516.0,0.8215594338961997,0.8261342318299673,0.004574797933767583
CS2_37,517.0,0.8192802471521824,0.8261342318299673,0.006853984677784863
CS2_37,518.0,0.825484446128777,0.8286997040768843,0.0032152579481072863
CS2_37,519.0,0.8267030142013572,0.830859645416818,0.004156631215460838
CS2_37,520.0,0.8258084689325623,0.8347487839926816,0.008940315060119275
CS2_37,521.0,0.8169070709877403,0.8347487839926816,0.017841713004941306
CS2_37,523.0,0.8154818323926568,0.8255686105485688,0.010086778155911968
CS2_37,524.0,0.816453069702592,0.8238742290104322,0.007421159307840153
CS2_37,525.0,0.8144068649888182,0.822737100332935,0.00833023534411681
CS2_37,526.0,0.8210842611696793,0.822737100332935,0.0016528391632557593
CS2_37,527.0,0.8227790849126345,0.8238742290104322,0.0010951440977976512
CS2_37,528.0,0.8221197628822651,0.8286424852711046,0.0065227223888395525
CS2_37,529.0,0.8120103633141375,0.8286424852711046,0.016632121956967172
CS2_37,530.0,0.8122065717065937,0.8286424852711046,0.016435913564510907
CS2_37,531.0,0.8128706240731426,0.822570163554871,0.009699539481728414
CS2_37,532.0,0.8129544300323588,0.8204783471236268,0.007523917091267984
CS2_37,533.0,0.8106220974410271,0.8200316919041597,0.009409594463132609
CS2_37,534.0,0.8179097311329313,0.8204783471236268,0.0025686159906954664
CS2_37,535.0,0.8193443660700312,0.8204783471236268,0.001133981053595523
CS2_37,536.0,0.8195284840500511,0.829545646936853,0.010017162886801878
CS2_37,537.0,0.8197741548488393,0.8307420287281498,0.01096787387931053
CS2_37,538.0,0.8201211681176895,0.8307420287281498,0.010620860610460303
CS2_37,539.0,0.8204837862559047,0.8307420287281498,0.01025824247224516
CS2_37,540.0,0.8208503550461473,0.8312057918381093,0.010355436791961936
CS2_37,541.0,0.8206869251625732,0.8312057918381093,0.010518866675536032
CS2_37,542.0,0.8207902868431398,0.8314639814108126,0.010673694567672753
CS2_37,543.0,0.8202235272116073,0.8317858513057017,0.011562324094094412
CS2_37,544.0,0.8199762898220985,0.8317858513057017,0.011809561483603237
CS2_37,545.0,0.8198181063028536,0.8314639814108126,0.011645875107959003
CS2_37,546.0,0.8195673551511595,0.8314639814108126,0.011896626259653043
CS2_37,547.0,0.8193671381098806,0.8304554300522892,0.011088291942408568
CS2_37,548.0,0.8194026395567591,0.8304260343260216,0.011023394769262507
CS2_37,549.0,0.8193636668650394,0.8304251688666254,0.011061502001586065
CS2_37,550.0,0.8151153885244605,0.8302730647002508,0.015157676175790225
CS2_37,551.0,0.812541444228252,0.8302461161741826,0.017704671945930617
CS2_37,552.0,0.8179473084620462,0.8302461161741826,0.012298807712136428
CS2_37,553.0,0.8201664411585081,0.8302730647002508,0.010106623541742632
CS2_37,554.0,0.8204750044841678,0.8306507669099072,0.010175762425739476
CS2_37,555.0,0.8091613207284993,0.8306507669099072,0.021489446181407912
CS2_37,556.0,0.8078567087680729,0.8306507669099072,0.022794058141834328
CS2_37,557.0,0.8071441969910812,0.8176551209332921,0.01051092394221087
CS2_37,558.0,0.8069700300618655,0.8130734091382325,0.006103379076366933
CS2_37,559.0,0.8055703352235128,0.812875148086225,0.007304812862712118
CS2_37,560.0,0.8124619606759315,0.8130734091382325,0.0006114484623009897
CS2_37,561.0,0.814551033083291,0.8130734091382325,-0.0014776239450585704
CS2_37,562.0,0.8150281558531466,0.8237746729757695,0.008746517122622866
CS2_37,564.0,0.8040576887143567,0.8237746729757695,0.019716984261412773
CS2_37,565.0,0.803678487619232,0.812270353702017,0.008591866082784949
CS2_37,566.0,0.8029996247230835,0.8088343121969283,0.005834687473844746
CS2_37,567.0,0.8013944581740239,0.8074115300126506,0.006017071838626764
CS2_37,568.0,0.8081134352161012,0.8088343121969283,0.0007208769808270121
CS2_37,569.0,0.8100783493380538,0.8088343121969283,-0.0012440371411255313
CS2_37,570.0,0.8108759784843321,0.8199692423268112,0.009093263842479105
CS2_37,571.0,0.7992391036966999,0.8199692423268112,0.020730138630111306
CS2_37,572.0,0.7978456659128259,0.8199692423268112,0.022123576413985324
CS2_37,573.0,0.7995125356648953,0.8065584706018665,0.007045934936971143
CS2_37,574.0,0.792461968412078,0.803598553651499,0.01113658523942096
CS2_37,575.0,0.7851131750761661,0.8018442615974181,0.016731086521251992
CS2_37,576.0,0.7971877913657655,0.803598553651499,0.006410762285733562
CS2_37,577.0,0.801090194023549,0.803598553651499,0.002508359627950041
CS2_37,578.0,0.8025714749327372,0.8115165361448377,0.00894506121210048
CS2_37,579.0,0.7833316674318733,0.8115165361448377,0.02818486871296433
CS2_37,580.0,0.7815454656123138,0.8115165361448377,0.029971070532523902
CS2_37,581.0,0.7793487337311734,0.7881454685301571,0.008796734798983685
CS2_37,583.0,0.7737354277607159,0.7796926962326627,0.005957268471946775
CS2_37,584.0,0.7869761089925837,0.7796926962326627,-0.00728341275992106
CS2_37,585.0,0.7924096923180944,0.7796926962326627,-0.012716996085431753
CS2_37,586.0,0.7943525853134107,0.8005172698756807,0.00616468456227004
CS2_37,587.0,0.7955929989182213,0.8005172698756807,0.004924270957459398
CS2_37,588.0,0.7963606501604233,0.8010280695066787,0.004667419346255364
CS2_37,589.0,0.7967076625378078,0.8007398315918629,0.004032169054055124
CS2_37,590.0,0.7981162458784679,0.8007398315918629,0.002623585713395049
CS2_37,591.0,0.7984831625282447,0.8010280695066787,0.002544906978434014
CS2_37,592.0,0.7988030475948512,0.8052945418651517,0.006491494270300491
CS2_37,593.0,0.7968193146304636,0.8053664680156751,0.008547153385211503
CS2_37,594.0,0.7963250978788176,0.8053664680156751,0.009041370136857574
CS2_37,595.0,0.7960048505759715,0.8052945418651517,0.009289691289180224
CS2_37,596.0,0.7955972244304922,0.8054255163446726,0.009828291914180443
CS2_37,597.0,0.7953049157031917,0.8050828723444585,0.009777956641266794
CS2_37,598.0,0.7954529231415912,0.8049737587727496,0.009520835631158353
CS2_37,599.0,0.7953946394909582,0.8048022915739386,0.009407652082980333
CS2_37,600.0,0.7809018138786294,0.8046130507033121,0.02371123682468268
CS2_37,601.0,0.7761968395849672,0.8036343201079323,0.02743748052296513
CS2_37,602.0,0.7864915629704886,0.7972463107827822,0.010754747812293575
CS2_37,603.0,0.7904021797221903,0.7972463107827822,0.006844131060591896
CS2_37,604.0,0.7918061616907939,0.7972463107827822,0.005440149091988311
CS2_37,605.0,0.7737815490113701,0.7972463107827822,0.0234647617714121
CS2_37,610.0,0.7743821112135798,0.7665423870519911,-0.007839724161588735
CS2_37,611.0,0.7797710277253019,0.7678004300626916,-0.011970597662610327
CS2_37,612.0,0.7813121107125753,0.7870671599914525,0.005755049278877156
CS2_37,617.0,0.7747886388432182,0.7599316387744162,-0.014857000068802084
CS2_37,621.0,0.7749667367925188,0.7604942295928748,-0.014472507199643991
CS2_37,622.0,0.7774835112507129,0.7625734418634621,-0.014910069387250813
CS2_38,5.0,0.9878979755986665,1.0,0.012102024401333455
CS2_38,6.0,0.9867708319028275,1.0043694567629906,0.01759862486016306
CS2_38,7.0,0.9796505211105472,1.0043694567629906,0.02471893565244343
CS2_38,8.0,0.9696701761541034,1.0,0.030329823845896553
CS2_38,9.0,0.965807797663119,0.9922785489959477,0.026470751332828724
CS2_38,10.0,0.96309245039384,0.9869656846337704,0.023873234239930485
CS2_38,11.0,0.9592293313289694,0.9867397510640694,0.027510419735100045
CS2_38,12.0,0.965958206717804,0.9869656846337704,0.021007477915966466
CS2_38,13.0,0.9678794447187579,0.9869656846337704,0.01908623991501257
CS2_38,14.0,0.9681747504561347,1.001018400034736,0.03284364957860131
CS2_38,15.0,0.9678839219976514,1.0027628913039996,0.03487896930634826
CS2_38,16.0,0.9674165948683443,1.0031046899142324,0.0356880950458881
CS2_38,17.0,0.9671486301661545,1.0031046899142324,0.03595605974807792
CS2_38,18.0,0.9665435607309827,1.002838836844123,0.03629527611314032
CS2_38,19.0,0.9660803695711317,1.002838836844123,0.03675846727299126
CS2_38,20.0,0.9653700707444816,1.0013377181936574,0.0359676474491758
CS2_38,21.0,0.9647149302573331,1.001296407734564,0.03658147747723095
CS2_38,22.0,0.9641231622320497,1.0005002382479251,0.036377076015875365
CS2_38,23.0,0.9636076235745521,1.0003469811716326,0.03673935759708047
CS2_38,24.0,0.9631231105817657,0.9996271956830582,0.03650408510129255
CS2_38,25.0,0.9626000758918936,0.9992802197513428,0.03668014385944929
CS2_38,26.0,0.96190124699824,0.9989743234584421,0.03707307646020208
CS2_38,27.0,0.9612732377474597,0.9982230970864104,0.036949859338950786
CS2_38,28.0,0.9486018727316132,0.9979522070439988,0.04935033431238556
CS2_38,29.0,0.9437672442671103,0.9973026710395866,0.05353542677247625
CS2_38,30.0,0.9410337954545398,0.9767767357107127,0.03574294025617286
CS2_38,31.0,0.9387951308264068,0.9718445035155086,0.0330493726891018
CS2_38,32.0,0.9366626590879731,0.9691928806800565,0.03253022159208341
CS2_38,33.0,0.9475348583906751,0.9691928806800565,0.021658022289381407
CS2_38,34.0,0.949366142841405,0.9691928806800565,0.01982673783865152
CS2_38,35.0,0.9371701920361074,0.9668375718740998,0.02966737983799239
CS2_38,36.0,0.9318657179022916,0.9668375718740998,0.03497185397180824
CS2_38,37.0,0.9318193019258725,0.9668375718740998,0.03501826994822732
CS2_38,38.0,0.9303208039730924,0.9643572835368766,0.034036479563784194
CS2_38,39.0,0.929812985201015,0.9640373529138606,0.03422436771284565
CS2_38,40.0,0.9400437068813761,0.9640373529138606,0.02399364603248455
CS2_38,41.0,0.9417892678331222,0.9643572835368766,0.02256801570375433
CS2_38,42.0,0.929664141318918,0.9640373529138606,0.034373211594942665
CS2_38,43.0,0.9267747185591901,0.9640373529138606,0.037262634354670476
CS2_38,44.0,0.9265307617503156,0.9653692316748954,0.038838469924579844
CS2_38,45.0,0.926541033091567,0.9606441720445875,0.03410313895302053
CS2_38,46.0,0.9234684466149703,0.9605189029075436,0.03705045629257331
CS2_38,47.0,0.9336938689393923,0.9605189029075436,0.02682503396815128
CS2_38,48.0,0.935813574560343,0.9653692316748954,0.029555657114552436
CS2_38,49.0,0.9262678482757273,0.9617831897059862,0.03551534143025892
CS2_38,50.0,0.9230855458197249,0.9617831897059862,0.03869764388626129
CS2_38,51.0,0.9218105070011078,0.9617831897059862,0.039972682704878415
CS2_38,52.0,0.9216397515368585,0.9561421999280317,0.034502448391173224
CS2_38,53.0,0.9212933600168445,0.9533444176838322,0.03205105766698768
CS2_38,54.0,0.9599512513884246,0.9533444176838322,-0.006606833704592474
CS2_38,55.0,0.9609187549202747,0.9533444176838322,-0.007574337236442519
CS2_38,56.0,0.9632369259234271,0.9674763518028141,0.004239425879386971
CS2_38,57.0,0.9641017189568254,1.0028755602855388,0.03877384132871342
CS2_38,58.0,0.9557025325035773,1.0028755602855388,0.04717302778196153
CS2_38,59.0,0.9515185002629512,1.0089860846150305,0.057467584352079326
CS2_38,60.0,0.9510807194649933,1.010735803669228,0.05965508420423471
CS2_38,61.0,0.9472669858547771,1.010735803669228,0.0634688178144509
CS2_38,62.0,0.9475648394950197,0.9918897210423038,0.04432488154728409
CS2_38,63.0,0.9468337083929346,0.9918897210423038,0.045056012649369204
CS2_38,64.0,0.9419958164946751,0.9900100128073999,0.048014196312724744
CS2_38,65.0,0.9372062468716872,0.9518318484134917,0.014625601541804478
CS2_38,66.0,0.9357990143545181,0.9517084439527999,0.015909429598281788
CS2_38,67.0,0.932800345384415,0.9517084439527999,0.018908098568384824
CS2_38,68.0,0.9255841174112333,0.9466203929217171,0.021036275510483815
CS2_38,69.0,0.7872421304395105,0.9446340013689914,0.15739187092948093
CS2_38,70.0,0.9320465930344618,0.9466203929217171,0.014573799887255268
CS2_38,71.0,0.9296541717053216,0.9675530135644652,0.037898841859143606
CS2_38,72.0,0.9236075044923429,0.9506091754378705,0.027001670945527634
CS2_38,73.0,0.9235875786279888,0.9569717220942648,0.03338414346627605
CS2_38,74.0,0.9231308136606856,0.9569717220942648,0.03384090843357923
CS2_38,75.0,0.9199787314568402,0.9553019995499648,0.03532326809312458
CS2_38,76.0,0.9253221431633625,0.9553019995499648,0.029979856386602277
CS2_38,77.0,0.9253242042011904,0.9569717220942648,0.031647517893074406
CS2_38,78.0,0.9242647505944557,0.9553019995499648,0.031037248955509078
CS2_38,79.0,0.9235478113688715,0.9523064273662348,0.02875861599736329
CS2_38,80.0,0.9227331268769372,0.9581877813451861,0.035454654468248914
CS2_38,81.0,0.92290371416042,0.9581877813451861,0.035284067184766066
CS2_38,82.0,0.9220705391091661,0.9523064273662348,0.030235888257068688
CS2_38,83.0,0.920697541625659,0.9523064273662348,0.031608885740575854
CS2_38,84.0,0.919922977077645,0.9494088750295784,0.02948589795193335
CS2_38,85.0,0.9192517367204577,0.9487799303106755,0.029528193590217855
CS2_38,86.0,0.9183779835792315,0.9487799303106755,0.03040194673144403
CS2_38,87.0,0.9176367398188875,0.9487799303106755,0.031143190491788042
CS2_38,88.0,0.7795676612146231,0.9487799303106755,0.16921226909605247
CS2_38,89.0,0.9172891722413588,0.9498355227653683,0.03254635052400956
CS2_38,90.0,0.9158894694348868,0.9516536630439424,0.03576419360905558
CS2_38,91.0,0.914993488050955,0.9611302060420956,0.04613671799114061
CS2_38,92.0,0.9144519725806325,0.9611302060420956,0.04667823346146316
CS2_38,93.0,0.9028364623702366,0.9611302060420956,0.05829374367185902
CS2_38,94.0,0.9016842516560852,0.9562012510501492,0.05451699939406396
CS2_38,95.0,0.9006050517197236,0.9307453850684391,0.030140333348715465
CS2_38,97.0,0.9139401986854213,0.9307453850684391,0.016805186383017756
CS2_38,98.0,0.9111598003004318,0.924758168954971,0.013598368654539228
CS2_38,99.0,0.9118989004218866,0.924758168954971,0.01285926853308439
CS2_38,100.0,0.9196853990900228,0.924758168954971,0.005072769864948201
CS2_38,101.0,0.9203244680367154,0.9755825921453005,0.055258124108585105
CS2_38,102.0,0.9135592996133824,0.9351289402150442,0.021569640601661777
CS2_38,103.0,0.9108499431284883,0.9527710350141156,0.041921091885627315
CS2_38,104.0,0.9099547056845211,0.9595718882213783,0.04961718253685721
CS2_38,105.0,0.9090380578227664,0.9527710350141156,0.043732977191349276
CS2_38,106.0,0.9069504908326359,0.9351289402150442,0.02817844938240832
CS2_38,107.0,0.9153031841874317,0.9527710350141156,0.03746785082668391
CS2_38,108.0,0.9159651536948856,0.9595718882213783,0.04360673452649266
CS2_38,109.0,0.9077926797255736,0.9203176539719403,0.012524974246366671
CS2_38,110.0,0.9046751774260917,0.9311590812854829,0.026483903859391145
CS2_38,111.0,0.9018153497710625,0.9311590812854829,0.02934373151442038
CS2_38,112.0,0.9020185146597518,0.9293933532214251,0.02737483856167333
CS2_38,113.0,0.8985660411255009,0.9196211277486012,0.021055086623100294
CS2_38,114.0,0.9093091309637586,0.9293933532214251,0.020084222257666484
CS2_38,115.0,0.9099789217941555,0.9293933532214251,0.01941443142726962
CS2_38,116.0,0.9015948792886447,0.9293933532214251,0.027798473932780454
CS2_38,117.0,0.8984785721061564,0.918180243257323,0.0197016711511665
CS2_38,118.0,0.8980791720863469,0.9016729881927138,0.003593816106366887
CS2_38,119.0,0.8964867405977436,0.9016729881927138,0.005186247594970217
CS2_38,120.0,0.8884259066995662,0.8998605603617655,0.011434653662199312
CS2_38,122.0,0.902162108693317,0.9086372287733233,0.00647512008000628
CS2_38,123.0,0.9044558619485331,0.9196146082457894,0.015158746297256331
CS2_38,124.0,0.9077744571042689,0.9351028424510633,0.027328385346794493
CS2_38,125.0,0.9086993761045964,0.938331332247572,0.029631956142975646
CS2_38,126.0,0.9096987703056372,0.9410606475581123,0.03136187725247508
CS2_38,127.0,0.9102744963430215,0.9410606475581123,0.030786151215090762
CS2_38,128.0,0.9110121900466492,0.9423734296855109,0.031361239638861615
CS2_38,129.0,0.9111756954202542,0.9414052274879777,0.030229532067723497
CS2_38,130.0,0.9115582596351481,0.9414052274879777,0.029846967852829587
CS2_38,131.0,0.9120136933789244,0.9414052274879777,0.029391534109053374
CS2_38,132.0,0.9121747521703905,0.9414052274879777,0.029230475317587268
CS2_38,133.0,0.9123965722448227,0.9414052274879777,0.02900865524315499
CS2_38,134.0,0.9124810789231141,0.9493715041978769,0.03689042527476272
CS2_38,135.0,0.9123450372297582,0.949408118450937,0.03706308122117874
CS2_38,136.0,0.9125234237479768,0.9493715041978769,0.03684808044990007
CS2_38,137.0,0.9125166484923193,0.9493715041978769,0.036854855705557577
CS2_38,138.0,0.8970110987395882,0.9444237576365645,0.04741265889697632
CS2_38,139.0,0.8965520078514156,0.9410398504840627,0.044487842632647046
CS2_38,140.0,0.8948753899968136,0.9000802343575424,0.0052048443607287664
CS2_38,141.0,0.8861211408300178,0.8850851248656524,-0.001036015964365422
CS2_38,142.0,0.8986122648705749,0.8850851248656524,-0.0135271400049225
CS2_38,143.0,0.9043428852271879,0.8850851248656524,-0.01925776036153548
CS2_38,144.0,0.9055987651048527,0.9169990049271994,0.011400239822346725
CS2_38,145.0,0.8911036701269733,0.9169990049271994,0.0258953348002261
CS2_38,146.0,0.8943458065989006,0.9238423734926412,0.029496566893740583
CS2_38,147.0,0.8884009312968586,0.9238423734926412,0.0354414421957826
CS2_38,148.0,0.891223334375949,0.9265963640185261,0.03537302964257705
CS2_38,149.0,0.896897876877068,0.9089557416697188,0.012057864792650808
CS2_38,150.0,0.8975484053265022,0.909085193363988,0.011536788037485812
CS2_38,151.0,0.88441189420461,0.9089557416697188,0.024543847465108848
CS2_38,152.0,0.8831456934187626,0.9089557416697188,0.02581004825095623
CS2_38,153.0,0.8851210345285255,0.9033239349809369,0.018202900452411352
CS2_38,154.0,0.8814762608298136,0.8956465281844546,0.014170267354640997
CS2_38,155.0,0.8800173533925294,0.8956465281844546,0.01562917479192516
CS2_38,156.0,0.8915115741629678,0.8962027733957649,0.00469119923279715
CS2_38,157.0,0.8928138671818933,0.9033239349809369,0.010510067799043621
CS2_38,158.0,0.8821377208887032,0.8970501773031933,0.014912456414490016
CS2_38,159.0,0.8794413178956952,0.897806798139618,0.018365480243922705
CS2_38,160.0,0.8815823267258752,0.905965460085777,0.024383133359901832
CS2_38,161.0,0.8802605213200365,0.9038823628911872,0.02362184157115066
CS2_38,162.0,0.8743760806208043,0.897806798139618,0.02343071751881365
CS2_38,163.0,0.8855756454357266,0.9038823628911872,0.01830671745546053
CS2_38,164.0,0.8888391045914601,0.905965460085777,0.017126355494316958
CS2_38,165.0,0.8862255406804737,0.9038823628911872,0.01765682221071352
CS2_38,166.0,0.8737017834759946,0.9022074529905483,0.02850566951455369
CS2_38,167.0,0.8742051081953327,0.9022074529905483,0.028002344795215572
CS2_38,168.0,0.8746443695774808,0.8895570994415061,0.014912729864025254
CS2_38,169.0,0.8741874311622658,0.8850044727962306,0.010817041633964797
CS2_38,170.0,0.8778737642373627,0.8850044727962306,0.007130708558867882
CS2_38,171.0,0.8850803820745977,0.8895570994415061,0.004476717366908356
CS2_38,172.0,0.8863627843196821,0.9121191572371368,0.025756372917454695
CS2_38,173.0,0.8872091435556935,0.9124416883524976,0.025232544796804146
CS2_38,174.0,0.8876629241235034,0.9142412866458174,0.026578362522313936
CS2_38,175.0,0.8880371083254125,0.9142412866458174,0.02620417832040489
CS2_38,176.0,0.7897130477316439,0.9142412866458174,0.12452823891417353
CS2_38,177.0,0.8888371254121653,0.9159858139658026,0.02714868855363728
CS2_38,178.0,0.8891867866145408,0.9164045623707026,0.0272177757561618
CS2_38,179.0,0.8892275910666668,0.9170883845267431,0.027860793460076305
CS2_38,180.0,0.8892982071157226,0.9170883845267431,0.027790177411020522
CS2_38,181.0,0.8892909787425594,0.9170883845267431,0.02779740578418377
CS2_38,182.0,0.8894505295300734,0.9170883845267431,0.02763785499666971
CS2_38,183.0,0.8897133746225072,0.9170883845267431,0.027375009904235914
CS2_38,184.0,0.8903348472220366,0.9176909578046606,0.027356110582623994
CS2_38,185.0,0.8907558338148307,0.9177122391276871,0.02695640531285637
CS2_38,186.0,0.892080987474852,0.918658024823252,0.0265770373484
CS2_38,187.0,0.8923898547176153,0.9191653473996024,0.02677549268198709
CS2_38,188.0,0.8787603511535896,0.9191653473996024,0.04040499624601279
CS2_38,189.0,0.8771858601043149,0.9191653473996024,0.041979487295287554
CS2_38,190.0,0.8767674828058003,0.8960913913084465,0.019323908502646203
CS2_38,191.0,0.8765826117871662,0.8960913913084465,0.019508779521280273
CS2_38,192.0,0.8732101585379538,0.8960228407203799,0.022812682182426047
CS2_38,193.0,0.8841853549600351,0.8960913913084465,0.011906036348411364
CS2_38,194.0,0.8857172883510328,0.8970483713063361,0.011331082955303273
CS2_38,195.0,0.8771984132054295,0.8970483713063361,0.019849958100906617
CS2_38,196.0,0.87277870265058,0.8927237101487839,0.019945007498203937
CS2_38,197.0,0.8781196408207436,0.896535258830129,0.018415618009385404
CS2_38,198.0,0.8879758088592725,0.896535258830129,0.008559449970856448
CS2_38,199.0,0.8896124955841878,0.896535258830129,0.00692276324594121
CS2_38,200.0,0.8815901047338749,0.896535258830129,0.014945154096254076
CS2_38,201.0,0.87687543010168,0.896535258830129,0.019659828728448958
CS2_38,202.0,0.8784561818786989,0.8976327477191209,0.019176565840422044
CS2_38,203.0,0.8791997066521606,0.8976327477191209,0.01843304106696031
CS2_38,204.0,0.8773119746190364,0.894950605701025,0.0176386310819886
CS2_38,205.0,0.8832422939381175,0.8976327477191209,0.014390453781003454
CS2_38,206.0,0.8872260982702772,0.9025671585389923,0.015341060268715068
CS2_38,207.0,0.8888555879214989,0.9127465222249102,0.02389093430341127
CS2_38,208.0,0.8766445223472,0.9127465222249102,0.03610199987771012
CS2_38,209.0,0.8770373607346004,0.9127465222249102,0.03570916149030978
CS2_38,211.0,0.8763146914103589,0.8917661059186971,0.015451414508338202
CS2_38,212.0,0.8756220493893919,0.8917661059186971,0.016144056529305173
CS2_38,213.0,0.8859570073962524,0.8925467325846325,0.00658972518838008
CS2_38,214.0,0.8885343293135577,0.8925467325846325,0.0040124032710747715
CS2_38,215.0,0.8813714346938538,0.8925467325846325,0.011175297890778646
CS2_38,216.0,0.8761275616942837,0.8963401282808479,0.020212566586564118
CS2_38,217.0,0.8797354923360681,0.9051648031686733,0.025429310832605245
CS2_38,218.0,0.8860426268553095,0.9051648031686733,0.01912217631336377
CS2_38,219.0,0.8891218583446728,0.9051648031686733,0.016042944824000482
CS2_38,220.0,0.7920963074300378,0.9051648031686733,0.11306849573863553
CS2_38,221.0,0.8894353510180278,0.9150139005050114,0.02557854948698357
CS2_38,222.0,0.8898039138267811,0.9156280875708852,0.025824173744104062
CS2_38,223.0,0.8903376771012198,0.9156280875708852,0.025290410469665403
CS2_38,224.0,0.8906962382697595,0.9173098858139785,0.02661364754421902
CS2_38,225.0,0.8911228358945175,0.9178265122565902,0.026703676362072715
CS2_38,226.0,0.89223473369136,0.9182850853399753,0.026050351648615355
CS2_38,227.0,0.8919757546451651,0.9184510801915512,0.026475325546386097
CS2_38,228.0,0.8920137067963899,0.9184510801915512,0.02643737339516128
CS2_38,229.0,0.7969153883757003,0.9184510801915512,0.12153569181585089
CS2_38,230.0,0.8920731394969026,0.9186581016183951,0.026584962121492528
CS2_38,231.0,0.8922949695943208,0.9186648966408354,0.02636992704651464
CS2_38,232.0,0.8924831536610623,0.9186648966408354,0.02618174297977305
CS2_38,233.0,0.8927007258351513,0.919022621893141,0.026321896057989735
CS2_38,234.0,0.8927125081148136,0.9190983524881096,0.02638584437329594
CS2_38,235.0,0.8926633734487273,0.9190983524881096,0.0264349790393823
CS2_38,236.0,0.8927222575195644,0.9192411168893228,0.026518859369758396
CS2_38,237.0,0.892691071609262,0.9190983524881096,0.026407280878847583
CS2_38,238.0,0.8806964056366425,0.9187523916172041,0.03805598598056159
CS2_38,239.0,0.8814795180838962,0.9187312162052851,0.03725169812138884
CS2_38,240.0,0.880255781028794,0.904008410339133,0.023752629310339057
CS2_38,241.0,0.8767394061342088,0.9004973674917962,0.023757961357587454
CS2_38,242.0,0.8743463788836684,0.8918852635049641,0.017538884621295714
CS2_38,243.0,0.8848756459490996,0.9004973674917962,0.015621721542696587
CS2_38,244.0,0.8867398026792187,0.9004973674917962,0.013757564812577505
CS2_38,245.0,0.880273513860547,0.889434248672368,0.009160734811821003
CS2_38,246.0,0.8744039427232394,0.8909273087705336,0.016523366047294208
CS2_38,247.0,0.8782872705524535,0.8985919431245072,0.020304672572053706
CS2_38,248.0,0.8782035045982759,0.8985919431245072,0.02038843852623129
CS2_38,249.0,0.8726688397077893,0.8909273087705336,0.01825846906274431
CS2_38,250.0,0.8832486017886496,0.8985919431245072,0.015343341335857574
CS2_38,251.0,0.8847741619717412,0.9001051365748826,0.015330974603141367
CS2_38,252.0,0.8782500887608785,0.9001051365748826,0.021855047814004047
CS2_38,253.0,0.8721259816285817,0.8899243166315131,0.017798335002931376
CS2_38,254.0,0.8739090247275912,0.9038637019401966,0.029954677212605363
CS2_38,255.0,0.8710246973633831,0.8899243166315131,0.018899619268129997
CS2_38,256.0,0.8720022922057128,0.8899243166315131,0.017922024425800265
CS2_38,257.0,0.875685783274672,0.8942256873563569,0.018539904081684933
CS2_38,258.0,0.8796337600199405,0.9038637019401966,0.02422994192025607
CS2_38,259.0,0.8810585036692258,0.9054457666400543,0.024387262970828494
CS2_38,260.0,0.8699503406233015,0.9054457666400543,0.03549542601675282
CS2_38,261.0,0.8695344439496149,0.9054457666400543,0.035911322690439396
CS2_38,262.0,0.8714837167335014,0.8894416213287606,0.017957904595259144
CS2_38,263.0,0.8690149028379396,0.887588898076609,0.018573995238669427
CS2_38,264.0,0.8692289396096337,0.885127126790881,0.01589818718124736
CS2_38,265.0,0.87857982978871,0.887588898076609,0.009009068287899047
CS2_38,266.0,0.880455136652602,0.8894416213287606,0.00898648467615859
CS2_38,267.0,0.8709722930863156,0.8849266369061793,0.013954343819863713
CS2_38,268.0,0.8681479987877356,0.8871550577417401,0.019007058954004452
CS2_38,269.0,0.8676516525978806,0.8871550577417401,0.01950340514385951
CS2_38,270.0,0.8682829949936546,0.8871550577417401,0.018872062748085505
CS2_38,272.0,0.875639784071771,0.8871550577417401,0.011515273669969073
CS2_38,273.0,0.8704009093621394,0.8871550577417401,0.016754148379600653
CS2_38,275.0,0.8796580111310603,0.887489336254929,0.007831325123868638
CS2_38,276.0,0.880060378562954,0.887489336254929,0.007428957691974936
CS2_38,277.0,0.8685241295024065,0.8796187509105748,0.011094621408168304
CS2_38,278.0,0.8685109790694127,0.8860723869647552,0.01756140789534255
CS2_38,279.0,0.8658967702178783,0.8860723869647552,0.020175616746876956
CS2_38,281.0,0.8677814759044686,0.8797902017496142,0.012008725845145563
CS2_38,282.0,0.8668493874682743,0.8797902017496142,0.012940814281339863
CS2_38,283.0,0.8665343070878364,0.8851030398806174,0.01856873279278104
CS2_38,284.0,0.875612010818453,0.8851030398806174,0.00949102906216448
CS2_38,285.0,0.877770562854328,0.8869301249862969,0.00915956213196889
CS2_38,286.0,0.8728537590793073,0.8869301249862969,0.014076365906989574
CS2_38,287.0,0.8645869561225913,0.8851030398806174,0.02051608375802616
CS2_38,288.0,0.8669451712445279,0.8926449354155056,0.025699764170977746
CS2_38,289.0,0.8642878407545659,0.8813981970494456,0.01711035629487967
CS2_38,290.0,0.8644391649809285,0.8813981970494456,0.01695903206851701
CS2_38,291.0,0.8671700658030712,0.8845218444823252,0.01735177867925397
CS2_38,292.0,0.8712726904082022,0.8926449354155056,0.021372245007303392
CS2_38,293.0,0.8723480185057074,0.8982308867211962,0.025882868215488797
CS2_38,294.0,0.8619201139693691,0.8982308867211962,0.03631077275182715
CS2_38,295.0,0.8606827846151333,0.8982308867211962,0.037548102106062964
CS2_38,296.0,0.8606428732743738,0.882142889103169,0.021500015828795127
CS2_38,297.0,0.8594334940070437,0.8810135533636856,0.021580059356641867
CS2_38,298.0,0.8576134703092843,0.8787581699947644,0.02114469968548016
CS2_38,299.0,0.8663772389010809,0.8810135533636856,0.014636314462604716
CS2_38,300.0,0.8679977232998398,0.882142889103169,0.01414516580332914
CS2_38,301.0,0.8686115615977129,0.8928804564710278,0.02426889487331485
CS2_38,302.0,0.8690572845832001,0.8929860259253339,0.023928741342133852
CS2_38,303.0,0.869711629209475,0.8934648565652321,0.023753227355757134
CS2_38,304.0,0.8705775629342231,0.8955447039676592,0.024967141033436113
CS2_38,305.0,0.8714295492819081,0.8972454496141326,0.025815900332224473
CS2_38,306.0,0.8713926746711369,0.8977031460195691,0.02631047134843223
CS2_38,307.0,0.8717333349073614,0.8991142565697987,0.02738092166243733
CS2_38,308.0,0.8715663079516769,0.8992774939275898,0.027711185975912933
CS2_38,309.0,0.8711519186319593,0.8992774939275898,0.028125575295630534
CS2_38,310.0,0.8718115043803408,0.8992774939275898,0.027465989547248992
CS2_38,311.0,0.8718363489338202,0.899369813122785,0.02753346418896474
CS2_38,312.0,0.8719720733621353,0.899369813122785,0.02739773976064963
CS2_38,313.0,0.8726030559594125,0.900193849448374,0.02759079348896154
CS2_38,314.0,0.8729457293851766,0.900193849448374,0.027248120063197434
CS2_38,315.0,0.8730344368610053,0.899902194439787,0.02686775757878168
CS2_38,316.0,0.8618107705237912,0.899902194439787,0.03809142391599585
CS2_38,317.0,0.8557028713162319,0.8990584989010796,0.04335562758484768
CS2_38,318.0,0.8593510922008083,0.8827628148535279,0.023411722652719624
CS2_38,319.0,0.8561357214315978,0.8720189324190557,0.01588321098745793
CS2_38,320.0,0.8536300832281064,0.8680677146302405,0.014437631402134055
CS2_38,321.0,0.8620665386090296,0.8680677146302405,0.006001176021210863
CS2_38,322.0,0.8655403519840068,0.8827628148535279,0.017222462869521116
CS2_38,323.0,0.8662989806128887,0.8943659530674021,0.028066972454513395
CS2_38,324.0,0.8523875997333564,0.8943659530674021,0.04197835333404565
CS2_38,325.0,0.8532789241632343,0.8943659530674021,0.04108702890416782
CS2_38,326.0,0.8522467478541025,0.8742282871051992,0.021981539251096693
CS2_38,327.0,0.8521063361593181,0.8654970924645552,0.013390756305237117
CS2_38,328.0,0.8484487384564636,0.8616720298402195,0.013223291383755886
CS2_38,330.0,0.859787302633551,0.8616720298402195,0.001884727206668546
CS2_38,331.0,0.8630194880412326,0.8654970924645552,0.002477604423322566
CS2_38,332.0,0.8609470118393393,0.8655370606539162,0.004590048814576919
CS2_38,333.0,0.8667413076967279,0.8663355975144894,-0.0004057101822384501
CS2_38,334.0,0.8694526021832512,0.8841757360031801,0.014723133819928957
CS2_38,335.0,0.8700176299849012,0.8919832022354147,0.021965572250513543
CS2_38,336.0,0.8579214896495957,0.8919832022354147,0.034061712585819026
CS2_38,337.0,0.8576612277212097,0.8919832022354147,0.034321974514205045
CS2_38,338.0,0.8566440306534759,0.8741413273103248,0.01749729665684885
CS2_38,339.0,0.8555162654041586,0.8707370406346067,0.01522077523044807
CS2_38,340.0,0.8522760920989719,0.869550625978035,0.01727453387906308
CS2_38,341.0,0.8619453515589872,0.8707370406346067,0.008791689075619447
CS2_38,342.0,0.8628552974486281,0.8707370406346067,0.007881743185978562
CS2_38,343.0,0.8633323111746404,0.8884817282386025,0.02514941706396212
CS2_38,344.0,0.8635060671626962,0.888518745597977,0.025012678435280877
CS2_38,345.0,0.8643847968742365,0.8885578478004271,0.024173050926190598
CS2_38,346.0,0.8652076396111585,0.8885578478004271,0.023350208189268584
CS2_38,347.0,0.8655206405425016,0.8905247350579619,0.025004094515460373
CS2_38,348.0,0.8647028138358871,0.8905247350579619,0.02582192122207483
CS2_38,349.0,0.8645079382592197,0.8905247350579619,0.026016796798742248
CS2_38,350.0,0.8642465605855644,0.8902956531852843,0.02604909259971988
CS2_38,351.0,0.863895278712864,0.8898228604919379,0.02592758177907395
CS2_38,352.0,0.8637480310548157,0.8894107955818273,0.02566276452701166
CS2_38,353.0,0.8636942534461263,0.8890078751771716,0.025313621731045344
CS2_38,354.0,0.8638390918822648,0.8890078751771716,0.025168783294906794
CS2_38,355.0,0.8638337935492356,0.8892090060124286,0.025375212463192964
CS2_38,356.0,0.8637742134455363,0.8892090060124286,0.025434792566892295
CS2_38,357.0,0.8635104580118893,0.8892090060124286,0.02569854800053928
CS2_38,358.0,0.8528483205234806,0.8892090060124286,0.036360685488948
CS2_38,359.0,0.8475034839171216,0.8891481550196467,0.04164467110252512
CS2_38,360.0,0.8475596118689772,0.8619802003118456,0.01442058844286842
CS2_38,361.0,0.8454036808417009,0.8588473813185026,0.013443700476801657
CS2_38,362.0,0.8428799384500318,0.8567642680256047,0.01388432957557284
CS2_38,363.0,0.8520172549622663,0.8567642680256047,0.004747013063338357
CS2_38,364.0,0.8549568662569602,0.8567642680256047,0.0018074017686444677
CS2_38,365.0,0.8560345201793907,0.8819920167803329,0.025957496600942154
CS2_38,366.0,0.8431076877256786,0.8819920167803329,0.03888432905465433
CS2_38,367.0,0.8420089590475658,0.8819920167803329,0.03998305773276711
CS2_38,368.0,0.8407701552156096,0.8564938135928526,0.01572365837724299
CS2_38,369.0,0.841355433144119,0.855833526690863,0.014478093546744009
CS2_38,370.0,0.8402811198889779,0.8523365861254801,0.012055466236502221
CS2_38,371.0,0.8496031240884306,0.855833526690863,0.00623040260243235
CS2_38,372.0,0.8514043314890816,0.855833526690863,0.004429195201781422
CS2_38,373.0,0.8429033824745938,0.855833526690863,0.012930144216269146
CS2_38,374.0,0.8383331890650719,0.8536125890570573,0.015279399991985354
CS2_38,375.0,0.8399243880146895,0.8632972781186966,0.023372890104007116
CS2_38,376.0,0.8358163571618388,0.8536125890570573,0.017796231895218506
CS2_38,377.0,0.8371455601628489,0.8529092668991953,0.015763706736346417
CS2_38,378.0,0.842865634533929,0.8536125890570573,0.010746954523128238
CS2_38,379.0,0.8465657959802668,0.8632972781186966,0.016731482138429787
CS2_38,380.0,0.847896355072996,0.8709531042934695,0.023056749220473516
CS2_38,381.0,0.8427196579635269,0.8709531042934695,0.028233446329942624
CS2_38,382.0,0.8419631558219418,0.8709531042934695,0.028989948471527693
CS2_38,384.0,0.8471877857257764,0.8546398640049309,0.007452078279154506
CS2_38,385.0,0.8497266618686736,0.8546398640049309,0.004913202136257233
CS2_38,386.0,0.8456848902664127,0.8546398640049309,0.008954973738518168
CS2_38,387.0,0.8359653013222489,0.8458090978901476,0.009843796567898688
CS2_38,388.0,0.8367562127476642,0.8500903151718828,0.013334102424218619
CS2_38,389.0,0.8362020665238091,0.8500903151718828,0.013888248648073698
CS2_38,390.0,0.835000812057731,0.8488216786801986,0.01382086662246762
CS2_38,391.0,0.8366314866210149,0.8500903151718828,0.013458828550867885
CS2_38,393.0,0.8437388531826363,0.8514394778050717,0.00770062462243537
CS2_38,394.0,0.8442744399051817,0.8655512567424322,0.021276816837250467
CS2_38,395.0,0.8448483205140289,0.8682086285206148,0.02336030800658584
CS2_38,396.0,0.8453231905218112,0.8692256608195618,0.02390247029775061
CS2_38,397.0,0.8471738155980272,0.8703366566429226,0.02316284104489541
CS2_38,398.0,0.8479057475697929,0.870794861857468,0.02288911428767515
CS2_38,399.0,0.8481409200111182,0.874400781841181,0.02625986183006279
CS2_38,400.0,0.84839981037444,0.874400781841181,0.026000971466740963
CS2_38,401.0,0.8486061813859272,0.874400781841181,0.025794600455253724
CS2_38,402.0,0.84873768097744,0.874400781841181,0.025663100863741017
CS2_38,403.0,0.8489001867746073,0.874400781841181,0.02550059506657365
CS2_38,404.0,0.8490588942541352,0.8745433395957831,0.025484445341647954
CS2_38,405.0,0.849368190655759,0.8747073351714351,0.025339144515676093
CS2_38,406.0,0.8498413175348286,0.8753266834857998,0.025485365950971173
CS2_38,407.0,0.8497163731752853,0.875416751885112,0.025700378709826777
CS2_38,408.0,0.8497502058628577,0.8756748711083546,0.02592466524549697
CS2_38,409.0,0.8433514601741094,0.8756748711083546,0.03232341093424518
CS2_38,410.0,0.8340855876764487,0.8756748711083546,0.04158928343190593
CS2_38,411.0,0.832100854851197,0.8462095880521278,0.014108733200930756
CS2_38,412.0,0.8314132193151658,0.8420419802677497,0.010628760952583916
CS2_38,413.0,0.8308924410169796,0.8399686500884165,0.009076209071436914
CS2_38,414.0,0.8328113153023124,0.8420419802677497,0.00923066496543723
CS2_38,415.0,0.839611983360056,0.8420419802677497,0.0024299969076936323
CS2_38,416.0,0.841416447776153,0.8641448267152796,0.022728378939126603
CS2_38,417.0,0.8317085265824187,0.8641448267152796,0.03243630013286092
CS2_38,418.0,0.8288652222768311,0.8641448267152796,0.035279604438448464
CS2_38,419.0,0.83139341108461,0.8518051019397004,0.020411690855090425
CS2_38,420.0,0.8300669510235306,0.8490876568414258,0.019020705817895278
CS2_38,421.0,0.8281084402729831,0.844659812557178,0.0165513722841949
CS2_38,422.0,0.8353660612142191,0.8490876568414258,0.013721595627206762
CS2_38,423.0,0.8383117984068565,0.8518051019397004,0.013493303532843837
CS2_38,424.0,0.8396553875590056,0.8625896660895856,0.022934278530580055
CS2_38,425.0,0.8292916351617199,0.8625896660895856,0.03329803092786576
CS2_38,426.0,0.8294093247420423,0.8625896660895856,0.03318034134754333
CS2_38,427.0,0.8290837856997029,0.8485457159371286,0.019461930237425706
CS2_38,428.0,0.8289869597568619,0.8485457159371286,0.0195587561802667
CS2_38,429.0,0.8278404848489059,0.8474624703502073,0.019621985501301342
CS2_38,430.0,0.8369015655311711,0.8485457159371286,0.011644150405957454
CS2_38,431.0,0.8342259515404407,0.8474624703502073,0.013236518809766618
CS2_38,432.0,0.834447610993209,0.8474624703502073,0.01301485935699831
CS2_38,433.0,0.8327617085275966,0.8420273188451487,0.009265610317552131
CS2_38,434.0,0.8296439067183183,0.8396007969345124,0.009956890216194059
CS2_38,435.0,0.8282105736368374,0.8388578498548781,0.010647276218040735
CS2_38,436.0,0.8282548408274624,0.8396007969345124,0.011345956107050026
CS2_38,437.0,0.8282101813178757,0.8396007969345124,0.011390615616636679
CS2_38,438.0,0.8273155201036169,0.8396007969345124,0.01228527683089553
CS2_38,439.0,0.8256744425351528,0.8385935801439788,0.012919137608826015
CS2_38,440.0,0.8327681153018026,0.8405906542939947,0.007822538992192096
CS2_38,441.0,0.8354336686524761,0.8405906542939947,0.005156985641518563
CS2_38,442.0,0.8365839272610892,0.858869606812619,0.022285679551529824
CS2_38,443.0,0.8373458963909011,0.860431384050985,0.023085487660083892
CS2_38,444.0,0.8376785807202136,0.8608888320611368,0.023210251340923138
CS2_38,445.0,0.8380494127405564,0.8608888320611368,0.022839419320580312
CS2_38,446.0,0.8383784935896752,0.8608945481152341,0.022516054525558937
CS2_38,448.0,0.8320987183028646,0.8608945481152341,0.0287958298123695
CS2_38,450.0,0.8358115689790819,0.8594759451712214,0.023664376192139458
CS2_38,451.0,0.837679565763698,0.8594759451712214,0.021796379407523436
CS2_38,452.0,0.8384918349223306,0.8594759451712214,0.020984110248890797
CS2_38,453.0,0.8325410945027694,0.8594759451712214,0.026934850668452026
CS2_38,454.0,0.8338665051840759,0.8594759451712214,0.025609439987145488
CS2_38,455.0,0.8339687839542883,0.8571599983900082,0.02319121443571992
CS2_38,456.0,0.8362513386411302,0.8571599983900082,0.02090865974887801
CS2_38,457.0,0.8352564871899598,0.85120127153813,0.01594478434817015
CS2_38,458.0,0.8403010438188534,0.8571599983900082,0.016858954571154827
CS2_38,459.0,0.8413117469636758,0.860476654338633,0.01916490737495713
CS2_38,460.0,0.8375428316763083,0.860476654338633,0.022933822662324688
CS2_38,462.0,0.833065639383297,0.8495878757505916,0.01652223636729455
CS2_38,463.0,0.8339059866447397,0.8495878757505916,0.015681889105851887
CS2_38,464.0,0.8343920670910971,0.8495878757505916,0.015195808659494436
CS2_38,465.0,0.8332709839647718,0.8500590966217646,0.01678811265699276
CS2_38,466.0,0.8385361088926416,0.8502684447296812,0.011732335837039587
CS2_38,467.0,0.8395632617210199,0.8510129581069417,0.011449696385921748
CS2_38,468.0,0.833562530705845,0.8510129581069417,0.017450427401096702
CS2_38,469.0,0.8302571982747817,0.8500590966217646,0.01980189834698287
CS2_38,470.0,0.8311481253088236,0.8492335547867069,0.018085429477883275
CS2_38,471.0,0.8306664772016297,0.8480870844378866,0.017420607236256935
CS2_38,473.0,0.8282115315025402,0.845403255944639,0.01719172444209882
CS2_38,474.0,0.8358122566224893,0.8457517050862676,0.009939448463778366
CS2_38,475.0,0.8364488154466286,0.8480870844378866,0.011638268991257972
CS2_38,476.0,0.8295862892957053,0.8423046479567581,0.012718358661052753
CS2_38,477.0,0.8278258626221938,0.8430650048227721,0.015239142200578315
CS2_38,478.0,0.8292094983860032,0.8465380796112504,0.017328581225247164
CS2_38,479.0,0.8289343513320571,0.8465380796112504,0.01760372827919332
CS2_38,480.0,0.8302105900857367,0.8465380796112504,0.01632748952551366
CS2_38,481.0,0.8333814573036341,0.8467740748658812,0.013392617562247078
CS2_38,482.0,0.8354647619779516,0.8506714996104312,0.015206737632479594
CS2_38,483.0,0.8361361013902324,0.8605657217294099,0.024429620339177505
CS2_38,484.0,0.836529391243656,0.8607593625811099,0.02422997133745386
CS2_38,485.0,0.8368025343566,0.8607593625811099,0.02395682822450984
CS2_38,486.0,0.8371585588056628,0.8605716195588269,0.023413060753164072
CS2_38,487.0,0.8381994229528247,0.8605716195588269,0.022372196606002204
CS2_38,488.0,0.8386715475685772,0.8611094077160188,0.022437860147441646
CS2_38,489.0,0.8387965211726688,0.8625754317565091,0.023778910583840296
CS2_38,490.0,0.8389350205875139,0.8626028594601607,0.023667838872646785
CS2_38,491.0,0.8389129433979634,0.8626028594601607,0.02368991606219728
CS2_38,492.0,0.8388844353869856,0.8628995943311132,0.024015158944127535
CS2_38,493.0,0.8386668730937363,0.8627660595064812,0.02409918641274489
CS2_38,494.0,0.8386174993545182,0.8626028594601607,0.02398536010564245
CS2_38,495.0,0.8386866164186868,0.8625340870885047,0.02384747066981785
CS2_38,497.0,0.8386829696116128,0.8624611987014892,0.023778229089876368
CS2_38,498.0,0.837173089975969,0.862245569828008,0.025072479852039087
CS2_38,499.0,0.8354057356650464,0.8384511055487027,0.0030453698836563348
CS2_38,500.0,0.8392867947672608,0.8384511055487027,-0.0008356892185580334
CS2_38,501.0,0.8407933047193178,0.8624611987014892,0.021667893982171393
CS2_38,502.0,0.8410643520549776,0.8640181655519379,0.02295381349696024
CS2_38,503.0,0.8322902213101668,0.8640181655519379,0.031727944241771056
CS2_38,504.0,0.8326202463451462,0.8640181655519379,0.03139791920679169
CS2_38,505.0,0.8330395560978723,0.8478397660038071,0.01480020990593478
CS2_38,506.0,0.8324609507231894,0.8467269100325907,0.014265959309401333
CS2_38,507.0,0.8297676002441833,0.8467013234892813,0.01693372324509801
CS2_38,508.0,0.8357997361029949,0.8467269100325907,0.010927173929595857
CS2_38,509.0,0.8365780201748424,0.8478397660038071,0.011261745828964664
CS2_38,510.0,0.8338513359191926,0.8467269100325907,0.012875574113398125
CS2_38,511.0,0.8277904958495256,0.8439683779450159,0.016177882095490315
CS2_38,512.0,0.8293472744122896,0.8467361611104681,0.017388886698178507
CS2_38,513.0,0.8291135203561165,0.8449367608371167,0.015823240481000145
CS2_38,514.0,0.8294249602442368,0.8449367608371167,0.01551180059287982
CS2_38,515.0,0.8275902945716727,0.8463578732531509,0.01876757868147827
CS2_38,516.0,0.8332081431763608,0.8467361611104681,0.013528017934107295
CS2_38,517.0,0.8341984976086513,0.8477303796254024,0.013531882016751151
CS2_38,518.0,0.8284031345601153,0.8477303796254024,0.019327245065287157
CS2_38,519.0,0.8251967034700908,0.8463578732531509,0.021161169783060152
CS2_38,520.0,0.8262907386545771,0.8467309631221537,0.02044022446757654
CS2_38,521.0,0.8254468357227762,0.8440962989568249,0.018649463234048702
CS2_38,522.0,0.8250182135144318,0.8432373886716112,0.018219175157179412
CS2_38,523.0,0.8276721805019236,0.8432373886716112,0.01556520816968765
CS2_38,524.0,0.8308533020990541,0.8467309631221537,0.01587766102309962
CS2_38,525.0,0.8315634033641675,0.8552763835732724,0.02371298020910495
CS2_38,526.0,0.8235849546765963,0.8552763835732724,0.03169142889667609
CS2_38,527.0,0.8220313965099352,0.8552763835732724,0.03324498706333723
CS2_38,528.0,0.8224577171401187,0.8415037898165701,0.01904607267645142
CS2_38,529.0,0.822838170898007,0.8407274875824939,0.0178893166844869
CS2_38,530.0,0.8211262213079937,0.8400699248378309,0.018943703529837208
CS2_38,531.0,0.8264848325406969,0.8407274875824939,0.014242655041797003
CS2_38,532.0,0.8280213856081318,0.8407274875824939,0.012706101974362172
CS2_38,533.0,0.8286173962281911,0.8526210462312787,0.024003650003087573
CS2_38,534.0,0.8289767911637699,0.8527706229770566,0.02379383181328676
CS2_38,535.0,0.8291982495766156,0.8527987951666104,0.023600545589994804
CS2_38,536.0,0.8294896114486714,0.8528698659660269,0.02338025451735548
CS2_38,537.0,0.830097707676702,0.852928601077665,0.022830893400963004
CS2_38,538.0,0.8301304010698273,0.8533792290668256,0.023248827996998345
CS2_38,539.0,0.8299338729093276,0.8536190699471625,0.023685197037834893
CS2_38,540.0,0.8298446261455097,0.8536190699471625,0.023774443801652834
CS2_38,541.0,0.8296500374715509,0.8536190699471625,0.023969032475611662
CS2_38,542.0,0.8293266200721378,0.8535875154296396,0.024260895357501866
CS2_38,543.0,0.8291623584815274,0.8531482917363893,0.02398593325486187
CS2_38,544.0,0.8291757453057852,0.8528604927644932,0.023684747458707966
CS2_38,545.0,0.8291349659575232,0.8528397067532658,0.023704740795742585
CS2_38,546.0,0.8289814797887273,0.8527212681072047,0.02373978831847745
CS2_38,547.0,0.8289635043862662,0.8524293828804076,0.02346587849414139
CS2_38,548.0,0.8281599898176544,0.8522723620742104,0.024112372256556047
CS2_38,549.0,0.8259857135431674,0.8522322334902742,0.026246519947106806
CS2_38,550.0,0.8297442603749193,0.8522723620742104,0.022528101699291092
CS2_38,551.0,0.8309006852494356,0.850802472782784,0.01990178753334837
CS2_38,552.0,0.8310091844309243,0.850802472782784,0.019793288351859673
CS2_38,553.0,0.8226086085966742,0.850802472782784,0.028193864186109807
CS2_38,554.0,0.8208756087835596,0.850802472782784,0.029926863999224396
CS2_38,555.0,0.8189231658564871,0.8367800512071975,0.017856885350710394
CS2_38,556.0,0.8187413759038776,0.8360800786281292,0.01733870272425153
CS2_38,557.0,0.8171918753142189,0.8315307422563607,0.014338866942141815
CS2_38,558.0,0.824283769391675,0.8315307422563607,0.007246972864685675
CS2_38,559.0,0.8256831513431517,0.8315307422563607,0.0058475909132089665
CS2_38,560.0,0.8235375323372401,0.8366294469767148,0.013091914639474678
CS2_38,561.0,0.8167317096270376,0.8366294469767148,0.019897737349677258
CS2_38,562.0,0.8171091985291321,0.8366795974278566,0.019570398898724473
CS2_38,563.0,0.816111485080462,0.8366294469767148,0.020517961896252768
CS2_38,564.0,0.8149703653190171,0.8303632227804552,0.015392857461438036
CS2_38,565.0,0.8128694181993552,0.8297025975068585,0.016833179307503277
CS2_38,566.0,0.8212181257651459,0.8297025975068585,0.00848447174171263
CS2_38,567.0,0.822294553782752,0.8297025975068585,0.007408043724106528
CS2_38,568.0,0.8160242519698321,0.8281954523690643,0.012171200399232251
CS2_38,569.0,0.8099727888052342,0.8258006803494559,0.015827891544221706
CS2_38,570.0,0.811938510725082,0.8288364033471559,0.016897892622073862
CS2_38,571.0,0.8112329727117729,0.8250904826049219,0.013857509893149045
CS2_38,572.0,0.8020618759008105,0.822489113339952,0.020427237439141543
CS2_38,573.0,0.8022416461654023,0.8250904826049219,0.022848836439519626
CS2_38,574.0,0.8128188594835051,0.8288364033471559,0.01601754386365084
CS2_38,575.0,0.8144395206665557,0.8311925258395139,0.01675300517295819
CS2_38,576.0,0.8014137127767,0.8311925258395139,0.029778813062813825
CS2_38,577.0,0.7950924348347191,0.8311925258395139,0.03610009100479472
CS2_38,578.0,0.7966758915615476,0.8094718056587256,0.012795914097177952
CS2_38,579.0,0.7930443401381965,0.8058759899250559,0.012831649786859467
CS2_38,580.0,0.7905636049984499,0.8014745016425355,0.010910896644085621
CS2_38,581.0,0.798221890781237,0.8014745016425355,0.003252610861298577
CS2_38,582.0,0.8054611425685146,0.8094718056587256,0.00401066309021092
CS2_38,583.0,0.8077934511844942,0.8268887696577059,0.019095318473211664
CS2_38,584.0,0.8090679382529012,0.8284996965667183,0.01943175831381705
CS2_38,585.0,0.8097935745614908,0.8300975631600119,0.020303988598521117
CS2_38,587.0,0.8119065890465385,0.8300975631600119,0.01819097411347348
CS2_38,588.0,0.8121570565158874,0.8307282616776211,0.018571205161733717
CS2_38,589.0,0.812516871857099,0.8321835132652712,0.019666641408172203
CS2_38,590.0,0.8114372135256106,0.8321835132652712,0.02074629973966058
CS2_38,591.0,0.8109956041804397,0.8322540923643437,0.021258488183903967
CS2_38,592.0,0.8106991554749078,0.8322540923643437,0.021554936889435883
CS2_38,593.0,0.8104245209734292,0.8314064614445048,0.0209819404710756
CS2_38,594.0,0.8099642116752341,0.8309447711316936,0.02098055945645949
CS2_38,595.0,0.8102909033907989,0.8309447711316936,0.020653867740894727
CS2_38,597.0,0.8101046516820287,0.8306342378349252,0.020529586152896462
CS2_38,598.0,0.7991636054743755,0.8292062864687711,0.030042680994395665
CS2_38,599.0,0.7952002334162531,0.8013694840096305,0.006169250593377362
CS2_38,600.0,0.8042744872850923,0.8013694840096305,-0.002905003275461837
CS2_38,601.0,0.8074595745151916,0.8195795935558112,0.012120019040619656
CS2_38,602.0,0.8089166247978673,0.8195795935558112,0.010662968757943925
CS2_38,603.0,0.7917187630024415,0.8195795935558112,0.027860830553369742
CS2_38,605.0,0.7881649794702454,0.7890397089685436,0.0008747294982981435
CS2_38,606.0,0.7865004044470569,0.7888731318365788,0.002372727389521878
CS2_38,607.0,0.7832426076865305,0.7856686257198429,0.002426018033312327
CS2_38,608.0,0.7919858446863949,0.7888731318365788,-0.0031127128498160683
CS2_38,609.0,0.7975624834052772,0.7890397089685436,-0.00852277443673366
CS2_38,610.0,0.7991278826383098,0.819790558998899,0.02066267636058916
CS2_38,611.0,0.7837777427001268,0.819790558998899,0.03601281629877218
CS2_38,612.0,0.7795293831217454,0.819790558998899,0.04026117587715361
CS2_38,613.0,0.7787428464401362,0.7879042319025191,0.009161385462382876
CS2_38,615.0,0.7837170311813347,0.7859862735389831,0.00226924235764836
CS2_38,616.0,0.7803786244592938,0.7811774612208316,0.0007988367615378023
CS2_38,617.0,0.7793231102098825,0.7811774612208316,0.0018543510109491068
CS2_38,618.0,0.778212157549923,0.782012249757393,0.0038000922074700183
CS2_38,619.0,0.7904360818068532,0.782012249757393,-0.008423832049460178
CS2_38,620.0,0.7931561489299991,0.7844607752968263,-0.008695373633172743
CS2_38,621.0,0.7850646113646804,0.7844607752968263,-0.00060383606785408
CS2_38,622.0,0.7783108126644886,0.7844607752968263,0.006149962632337691
CS2_38,623.0,0.7785437682081747,0.7880714619409916,0.009527693732816922
CS2_38,624.0,0.775776701182809,0.7834491495540146,0.00767244837120562
CS2_38,625.0,0.7749676876940871,0.7834491495540146,0.008481461859927486
CS2_38,627.0,0.7846567776007506,0.7846838815438151,2.7103943064488156e-05
CS2_38,628.0,0.7871149936962522,0.7846838815438151,-0.002431112152437076
CS2_38,629.0,0.778429605021567,0.7846838815438151,0.006254276522248081
CS2_38,635.0,0.7783834677738386,0.7797281112121978,0.001344643438359161
CS2_38,636.0,0.7806548442036627,0.7823727622001824,0.0017179179965196578
CS2_38,643.0,0.7763533484464601,0.7748134360817795,-0.0015399123646805402
CS2_38,644.0,0.7778956379317459,0.7839123282989592,0.0060166903672133065
CS2_38,652.0,0.7744977643275359,0.782468684743388,0.007970920415852123
CS2_38,653.0,0.7751859661820414,0.7919414130083248,0.016755446826283382
CS2_38,654.0,0.7753786955300783,0.7926294209163564,0.017250725386278032
CS2_38,655.0,0.7754127813930924,0.7932282954104194,0.01781551401732695
CS2_38,656.0,0.775579127260554,0.7933978187450331,0.01781869148447912
CS2_38,657.0,0.7755439519947807,0.7933978187450331,0.017853866750252467
CS2_38,658.0,0.7773947873195705,0.7934302129259843,0.0160354256064138
CS2_38,659.0,0.7772755317315533,0.7935558865002738,0.016280354768720473
CS2_38,660.0,0.7774111143011584,0.794936317476482,0.017525203175323578
CS2_38,662.0,0.7768396958726153,0.794936317476482,0.018096621603866714
CS2_38,663.0,0.7769682839373893,0.794875658034309,0.01790737409691978
CS2_38,664.0,0.7769148828256675,0.794875658034309,0.01796077520864159
CS2_38,668.0,0.7762411031909386,0.7883534848128774,0.012112381621938728
CS2_38,669.0,0.7764217876567725,0.7880315712696931,0.011609783612920643
CS2_9,1.0,1.0,1.0,0.0
CS2_9,1.0,1.0173460149827607,1.0,-0.01734601498276067
CS2_9,1.0,1.0320081162625099,1.0,-0.03200811626250988
CS2_9,1.0,1.044675152310158,1.0,-0.04467515231015806
CS2_9,1.0,1.0390063107412648,1.0,-0.039006310741264816
CS2_9,1.0,0.8918582389915247,1.0,0.10814176100847528
CS2_9,2.0,0.9953531639936459,0.976180396442047,-0.019172767551598913
CS2_9,2.0,1.0124445651385416,0.976180396442047,-0.036264168696494625
CS2_9,2.0,1.0249633845225645,0.976180396442047,-0.04878298808051751
CS2_9,2.0,1.0372337095018511,0.976180396442047,-0.061053313059804104
CS2_9,2.0,1.0130513547265696,0.976180396442047,-0.03687095828452258
CS2_9,3.0,0.9892474786250008,0.8322944305047193,-0.15695304812028155
CS2_9,3.0,0.8494270304633083,0.8322944305047193,-0.017132599958588957
CS2_9,4.0,0.9472777624475786,0.9832702932311299,0.03599253078355136
CS2_9,4.0,1.0413223246771448,0.9832702932311299,-0.058052031446014896
CS2_9,4.0,1.043122929328964,0.9832702932311299,-0.0598526360978342
CS2_9,4.0,1.0151453702674138,0.9832702932311299,-0.031875077036283894
CS2_9,4.0,0.9898619760009636,0.9832702932311299,-0.006591682769833684
CS2_9,4.0,1.0287663260058926,0.9832702932311299,-0.04549603277476266
CS2_9,5.0,0.9958953819000378,0.9599396631283142,-0.035955718771723544
CS2_9,5.0,1.010257412727478,0.9599396631283142,-0.050317749599163686
CS2_9,5.0,1.0208973974734867,0.9599396631283142,-0.06095773434517249
CS2_9,6.0,0.9362037991741657,1.006172418888167,0.06996861971400137
CS2_9,6.0,1.029926275512833,1.006172418888167,-0.02375385662466578
CS2_9,6.0,1.029262968755668,1.006172418888167,-0.02309054986750092
CS2_9,6.0,1.0072791277675701,1.006172418888167,-0.0011067088794030067
CS2_9,6.0,0.9914543419409333,1.006172418888167,0.014718076947233816
CS2_9,6.0,1.0184868605192356,1.006172418888167,-0.01231444163106854
CS2_9,7.0,0.9890832454492957,1.018855079277274,0.02977183382797821
CS2_9,7.0,1.0055767871290726,1.018855079277274,0.01327829214820131
CS2_9,7.0,1.016168722753677,1.018855079277274,0.0026863565235968334
CS2_9,7.0,1.027576386551567,1.018855079277274,-0.0087213072742931
CS2_9,7.0,1.023473040435819,1.018855079277274,-0.00461796115854507
CS2_9,7.0,0.9192834182809027,1.018855079277274,0.09957166099637127
CS2_9,8.0,1.0198539221544032,1.0082382183816132,-0.011615703772789976
CS2_9,8.0,1.021183973067249,1.0082382183816132,-0.012945754685635746
CS2_9,8.0,0.9262289688640013,1.0082382183816132,0.0820092495176119
CS2_9,8.0,0.99972616237133,1.0082382183816132,0.008512056010283153
CS2_9,8.0,1.0103073671672493,1.0082382183816132,-0.0020691487856361324
CS2_9,8.0,0.9838804580334926,1.0082382183816132,0.02435776034812065
CS2_9,9.0,0.9791212934491887,0.9726047950802269,-0.006516498368961843
CS2_9,9.0,0.9961290396102574,0.9726047950802269,-0.023524244530030547
CS2_9,9.0,1.00894326413385,0.9726047950802269,-0.036338469053623146
CS2_9,9.0,1.0226331318011268,0.9726047950802269,-0.0500283367208999
CS2_9,9.0,1.0272107087158189,0.9726047950802269,-0.054605913635591974
CS2_9,9.0,0.9339271159012192,0.9726047950802269,0.03867767917900766
CS2_9,10.0,1.005451571441811,1.017592111445899,0.01214054000408793
CS2_9,10.0,1.0154203825680792,1.017592111445899,0.0021717288778198007
CS2_9,10.0,0.9943037531476585,1.017592111445899,0.023288358298240497
CS2_9,10.0,0.979986277792843,1.017592111445899,0.03760583365305603
CS2_9,11.0,0.9695471589681554,0.9938309865658488,0.02428382759769343
CS2_9,11.0,0.9855316476560844,0.9938309865658488,0.00829933890976442
CS2_9,11.0,0.9972670851063306,0.9938309865658488,-0.003436098540481769
CS2_9,11.0,1.0089584414548252,0.9938309865658488,-0.015127454888976377
CS2_9,11.0,1.0061977946938003,0.9938309865658488,-0.012366808127951545
CS2_9,11.0,0.8780328178886255,0.9938309865658488,0.11579816867722326
CS2_9,12.0,1.0034123706708902,0.9494057146965943,-0.05400665597429588
CS2_9,12.0,1.0076887128712517,0.9494057146965943,-0.05828299817465743
CS2_9,12.0,0.8838246649762123,0.9494057146965943,0.06558104972038203
CS2_9,12.0,0.997760659447371,0.9494057146965943,-0.04835494475077673
CS2_9,12.0,0.9732581450045907,0.9494057146965943,-0.02385243030799644
CS2_9,12.0,0.9873342554652068,0.9494057146965943,-0.03792854076861252
CS2_9,13.0,0.9698951226411472,0.9001626523072835,-0.06973247033386365
CS2_9,13.0,0.9833319549015287,0.9001626523072835,-0.08316930259424515
CS2_9,13.0,0.9947765436913814,0.9001626523072835,-0.09461389138409781
CS2_9,13.0,1.0029778673261933,0.9001626523072835,-0.10281521501890978
CS2_9,13.0,0.9935567808451604,0.9001626523072835,-0.09339412853787687
CS2_9,13.0,0.8542077738399216,0.9001626523072835,0.045954878467361904
CS2_9,14.0,0.8347341054150621,0.9863083838555439,0.15157427844048177
CS2_9,14.0,0.9885400883577609,0.9863083838555439,-0.0022317045022169912
CS2_9,14.0,0.9995382829700566,0.9863083838555439,-0.013229899114512778
CS2_9,14.0,0.9798546609578606,0.9863083838555439,0.006453722897683312
CS2_9,14.0,0.9659090818889767,0.9863083838555439,0.02039930196656714
CS2_9,14.0,0.9906748237125595,0.9863083838555439,-0.00436643985701568
CS2_9,15.0,0.9804353428971804,0.9999518093577043,0.019516466460523962
CS2_9,15.0,0.9903597499680694,0.9999518093577043,0.009592059389634922
CS2_9,15.0,0.9972951152451928,0.9999518093577043,0.0026566941125115706
CS2_9,15.0,0.9804153877740078,0.9999518093577043,0.019536421583696506
CS2_9,16.0,0.8652730345353922,0.8992241073228645,0.033951072787472336
CS2_9,16.0,0.9977099695646049,0.8992241073228645,-0.09848586224174039
CS2_9,16.0,1.004555249776743,0.8992241073228645,-0.10533114245387842
CS2_9,16.0,0.978859744007407,0.8992241073228645,-0.07963563668454254
CS2_9,16.0,0.9656139218592122,0.8992241073228645,-0.06638981453634774
CS2_9,16.0,0.9914934740912289,0.8992241073228645,-0.09226936676836439
CS2_9,17.0,0.9665740562734607,0.971205750289519,0.004631694016058341
CS2_9,17.0,0.9796521339783225,0.971205750289519,-0.00844638368880346
CS2_9,17.0,0.9906009749318994,0.971205750289519,-0.019395224642380304
CS2_9,17.0,0.9995772995116322,0.971205750289519,-0.028371549222113157
CS2_9,17.0,0.9912598366402012,0.971205750289519,-0.020054086350682176
CS2_9,17.0,0.8582156661267081,0.971205750289519,0.11299008416281098
CS2_9,18.0,0.9587788235326176,0.8861156808820402,-0.07266314265057738
CS2_9,18.0,0.973091310707235,0.8861156808820402,-0.0869756298251948
CS2_9,18.0,0.9835548362463052,0.8861156808820402,-0.09743915536426506
CS2_9,18.0,0.9916655273273907,0.8861156808820402,-0.10554984644535048
CS2_9,18.0,0.9788808358822325,0.8861156808820402,-0.09276515500019233
CS2_9,19.0,0.8411845006108991,0.9086148039266492,0.06743030331575006
CS2_9,19.0,0.9955743743989243,0.9086148039266492,-0.0869595704722751
CS2_9,19.0,0.9862024527378049,0.9086148039266492,-0.07758764881115576
CS2_9,19.0,0.9752014157516146,0.9086148039266492,-0.06658661182496539
CS2_9,19.0,0.9611775213584006,0.9086148039266492,-0.05256271743175145
CS2_9,19.0,0.9863007558863259,0.9086148039266492,-0.07768595195967676
CS2_9,20.0,0.9575960602305238,0.975420001535583,0.017823941305059154
CS2_9,20.0,0.9709936211025454,0.975420001535583,0.004426380433037558
CS2_9,20.0,0.9812654218377176,0.975420001535583,-0.005845420302134641
CS2_9,20.0,0.9904470861705605,0.975420001535583,-0.015027084634977594
CS2_9,20.0,0.9788890337725844,0.975420001535583,-0.003469032237001457
CS2_9,20.0,0.8301524453908802,0.975420001535583,0.14526755614470277
CS2_9,21.0,0.9694172903822301,0.8748602976348586,-0.0945569927473715
CS2_9,21.0,0.9819409731461107,0.8748602976348586,-0.10708067551125211
CS2_9,21.0,0.9436274169395314,0.8748602976348586,-0.06876711930467283
CS2_9,21.0,0.9611818486241933,0.8748602976348586,-0.0863215509893347
CS2_9,21.0,0.9727133933960375,0.8748602976348586,-0.09785309576117884
CS2_9,22.0,0.9787682201948961,0.9506875593660752,-0.02808066082882088
CS2_9,22.0,0.9382852493064834,0.9506875593660752,0.012402310059591803
CS2_9,22.0,0.9562442942095091,0.9506875593660752,-0.005556734843433886
CS2_9,22.0,0.9675844732998602,0.9506875593660752,-0.016896913933785007
CS2_9,22.0,0.9766025161970612,0.9506875593660752,-0.02591495683098599
CS2_9,22.0,0.8742128047919714,0.9506875593660752,0.0764747545741038
CS2_9,24.0,0.9690043951745729,0.8829329262250987,-0.08607146894947426
CS2_9,24.0,0.9705111997872548,0.8829329262250987,-0.08757827356215608
CS2_9,24.0,0.9802643415810018,0.8829329262250987,-0.09733141535590317
CS2_9,24.0,0.958909732821801,0.8829329262250987,-0.07597680659670236
CS2_9,24.0,0.9433886885152032,0.8829329262250987,-0.06045576229010452
CS2_9,25.0,0.9346215721758696,0.8681373088982058,-0.06648426327766377
CS2_9,25.0,0.9530080786617096,0.8681373088982058,-0.08487076976350372
CS2_9,25.0,0.9643184575488741,0.8681373088982058,-0.09618114865066829
CS2_9,25.0,0.972822831639724,0.8681373088982058,-0.10468552274151821
CS2_9,25.0,0.959922519095178,0.8681373088982058,-0.09178521019697217
CS2_9,26.0,0.8513607024968259,0.9226378762213685,0.07127717372454256
CS2_9,26.0,0.9688150661859328,0.9226378762213685,-0.046177189964564325
CS2_9,26.0,0.9735483020877839,0.9226378762213685,-0.050910425866415365
CS2_9,26.0,0.9503182332967204,0.9226378762213685,-0.02768035707535188
CS2_9,26.0,0.9312665730077664,0.9226378762213685,-0.008628696786397883
CS2_9,26.0,0.9628616045675353,0.9226378762213685,-0.04022372834616683
CS2_9,27.0,0.9305736482399672,0.9454431924731945,0.014869544233227283
CS2_9,27.0,0.9484183175548847,0.9454431924731945,-0.0029751250816901775
CS2_9,27.0,0.9616518865507189,0.9454431924731945,-0.016208694077524344
CS2_9,27.0,0.9731491722800353,0.9454431924731945,-0.027705979806840753
CS2_9,27.0,0.9677593311590742,0.9454431924731945,-0.022316138685879672
CS2_9,27.0,0.8471581945352609,0.9454431924731945,0.09828499793793366
CS2_9,28.0,0.9648697890959497,0.8765105959507801,-0.0883591931451696
CS2_9,28.0,0.9515401316556862,0.8765105959507801,-0.07502953570490611
CS2_9,28.0,0.945466227244073,0.8765105959507801,-0.06895563129329296
CS2_9,28.0,0.9272965665953634,0.8765105959507801,-0.050785970644583345
CS2_9,28.0,0.9559950063968556,0.8765105959507801,-0.07948441044607557
CS2_9,29.0,0.9243177139056518,0.8765105959507801,-0.04780711795487169
CS2_9,30.0,0.9250218794072129,0.9259055693902705,0.0008836899830575451
CS2_9,30.0,0.941027689272328,0.9259055693902705,-0.015122119882057583
CS2_9,30.0,0.9515654336492878,0.9259055693902705,-0.02565986425901734
CS2_9,30.0,0.9578779338275303,0.9259055693902705,-0.031972364437259815
CS2_9,30.0,0.9384335718902773,0.9259055693902705,-0.012528002500006852
CS2_9,31.0,0.918557396868397,0.9259055693902705,0.007348172521873475
CS2_9,32.0,0.9268692788733677,0.9290804087160996,0.0022111298427319737
CS2_9,32.0,0.9219135414792181,0.9290804087160996,0.007166867236881536
CS2_9,32.0,0.936705481298076,0.9290804087160996,-0.007625072581976311
CS2_9,32.0,0.9469277205598272,0.9290804087160996,-0.017847311843727565
CS2_9,32.0,0.9505977674324505,0.9290804087160996,-0.021517358716350854
CS2_9,33.0,0.9397894337805706,0.9181867787042851,-0.02160265507628545
CS2_9,33.0,0.9436005285881403,0.9181867787042851,-0.02541374988385514
CS2_9,33.0,0.9117360634860182,0.9181867787042851,0.0064507152182669
CS2_9,33.0,0.9292070706305358,0.9181867787042851,-0.011020291926250647
CS2_9,33.0,0.9192836236867236,0.9181867787042851,-0.0010968449824384496
CS2_9,34.0,0.9141355285115883,0.9167653110898628,0.002629782578274509
CS2_9,34.0,0.9362493249189329,0.9167653110898628,-0.019484013829070057
CS2_9,34.0,0.9397087962534497,0.9167653110898628,-0.022943485163586907
CS2_9,34.0,0.9257029269307847,0.9167653110898628,-0.008937615840921898
CS2_9,34.0,0.90781512553962,0.9167653110898628,0.00895018555024285
CS2_9,35.0,0.9041933800635793,0.9060511178535077,0.001857737789928371
CS2_9,35.0,0.922944142328379,0.9060511178535077,-0.016893024474871288
CS2_9,35.0,0.9347402123707311,0.9060511178535077,-0.028689094517223457
CS2_9,35.0,0.9402878895004884,0.9060511178535077,-0.03423677164698069
CS2_9,35.0,0.9144863726924481,0.9060511178535077,-0.008435254838940476
CS2_9,36.0,0.9029575365533485,0.7970741900659545,-0.10588334648739406
CS2_9,36.0,0.9314835934662091,0.7970741900659545,-0.13440940340025465
CS2_9,36.0,0.9330705183648096,0.7970741900659545,-0.1359963282988551
CS2_9,36.0,0.9038101296791828,0.7970741900659545,-0.10673593961322836
CS2_9,36.0,0.921645853921751,0.7970741900659545,-0.12457166385579654
CS2_9,37.0,0.9015009395730804,0.7868505410180217,-0.11465039855505876
CS2_9,37.0,0.9215456684158637,0.7868505410180217,-0.13469512739784206
CS2_9,38.0,0.916642827230203,0.8221069958354175,-0.0945358313947855
CS2_9,38.0,0.9315663879477284,0.8221069958354175,-0.10945939211231093
CS2_9,38.0,0.9419701614026692,0.8221069958354175,-0.11986316556725174
CS2_9,38.0,0.9372797642652227,0.8221069958354175,-0.11517276842980528
CS2_9,38.0,0.9041426009576101,0.8221069958354175,-0.08203560512219266
CS2_9,39.0,0.8987019441764702,0.812097345377068,-0.08660459879940219
CS2_9,39.0,0.9302337175837773,0.812097345377068,-0.11813637220670925
CS2_9,39.0,0.924562184995417,0.812097345377068,-0.11246483961834897
CS2_9,39.0,0.9072393658952183,0.812097345377068,-0.09514202051815024
CS2_9,39.0,0.9327932342072703,0.812097345377068,-0.12069588883020232
CS2_9,41.0,0.9089702157939629,0.9129492780907136,0.003979062296750713
CS2_9,41.0,0.9231441105446259,0.9129492780907136,-0.010194832453912284
CS2_9,41.0,0.9324803567578666,0.9129492780907136,-0.01953107866715298
CS2_9,41.0,0.9322824556029513,0.9129492780907136,-0.01933317751223773
CS2_9,41.0,0.9062788317825972,0.9129492780907136,0.006670446308116418
CS2_9,42.0,0.930347317368899,0.8863295276056755,-0.04401778976322346
CS2_9,42.0,0.8867561782979759,0.8863295276056755,-0.0004266506923004121
CS2_9,42.0,0.9267460891334559,0.8863295276056755,-0.04041656152778039
CS2_9,42.0,0.9178980599923157,0.8863295276056755,-0.03156853238664015
CS2_9,42.0,0.9007141922948418,0.8863295276056755,-0.014384664689166327
CS2_9,43.0,0.8988857263096623,0.8992897743694437,0.00040404805978133673
CS2_9,43.0,0.9179518441283112,0.8992897743694437,-0.018662069758867528
CS2_9,43.0,0.9269117500789117,0.8992897743694437,-0.027621975709468005
CS2_9,43.0,0.9273587936545733,0.8992897743694437,-0.028069019285129615
CS2_9,43.0,0.8997456062542698,0.8992897743694437,-0.0004558318848261189
CS2_9,44.0,0.8850898638808596,0.8016124948667049,-0.0834773690141547
CS2_9,44.0,0.9194759558395521,0.8016124948667049,-0.11786346097284717
CS2_9,44.0,0.9122956479322905,0.8016124948667049,-0.11068315306558552
CS2_9,44.0,0.8972326114163744,0.8016124948667049,-0.09562011654966951
CS2_9,44.0,0.9222125301623479,0.8016124948667049,-0.120600035295643
CS2_9,45.0,0.8923562890520739,0.9120683759731695,0.019712086921095606
CS2_9,45.0,0.9088475752422626,0.9120683759731695,0.003220800730906914
CS2_9,45.0,0.9180700561879526,0.9120683759731695,-0.0060016802147830894
CS2_9,45.0,0.9137731734163416,0.9120683759731695,-0.0017047974431720903
CS2_9,45.0,0.8727606611681363,0.9120683759731695,0.039307714805033145
CS2_9,46.0,0.9090255072272762,0.7737927327323958,-0.13523277449488036
CS2_9,46.0,0.8897773150546809,0.7737927327323958,-0.11598458232228515
CS2_9,46.0,0.9162094328388889,0.7737927327323958,-0.1424167001064931
CS2_9,47.0,0.9097282095515624,0.9182664382461255,0.00853822869456311
CS2_9,47.0,0.9241057829110663,0.9182664382461255,-0.005839344664940738
CS2_9,47.0,0.9314598858149733,0.9182664382461255,-0.013193447568847771
CS2_9,47.0,0.9154057597009758,0.9182664382461255,0.0028606785451497085
CS2_9,47.0,0.87293333231285,0.9182664382461255,0.04533310593327555
CS2_9,48.0,0.8667632302417223,0.7909257624436087,-0.07583746779811362
CS2_9,48.0,0.9241977800168814,0.7909257624436087,-0.13327201757327267
CS2_9,48.0,0.9119568365316068,0.7909257624436087,-0.12103107408799807
CS2_9,48.0,0.8986686551033941,0.7909257624436087,-0.10774289265978543
CS2_9,48.0,0.9158089474872463,0.7909257624436087,-0.1248831850436376
CS2_9,49.0,0.894366806069662,0.8983411529016477,0.00397434683198572
CS2_9,49.0,0.9121254596751966,0.8983411529016477,-0.013784306773548916
CS2_9,49.0,0.9207685122463216,0.8983411529016477,-0.02242735934467388
CS2_9,49.0,0.9153185743204948,0.8983411529016477,-0.01697742141884706
CS2_9,49.0,0.8873934396991534,0.8983411529016477,0.010947713202494325
CS2_9,50.0,0.916331143317148,0.8975635847957025,-0.018767558521445515
CS2_9,50.0,0.8664885514524666,0.8975635847957025,0.031075033343235914
CS2_9,50.0,0.9102815816994709,0.8975635847957025,-0.012717996903768403
CS2_9,50.0,0.9064370318546029,0.8975635847957025,-0.008873447058900363
CS2_9,50.0,0.8898348605812514,0.8975635847957025,0.007728724214451144
CS2_9,51.0,0.8867599602111736,0.9106637181234691,0.023903757912295487
CS2_9,51.0,0.903929950474633,0.9106637181234691,0.006733767648836153
CS2_9,51.0,0.9109997501131796,0.9106637181234691,-0.00033603198971043913
CS2_9,51.0,0.8986351413778632,0.9106637181234691,0.012028576745605979
CS2_9,51.0,0.8481995940935317,0.9106637181234691,0.062464124029937396
CS2_9,52.0,0.8978635545612862,0.7913551309164715,-0.10650842364481472
CS2_9,52.0,0.8810014163014992,0.7913551309164715,-0.08964628538502772
CS2_9,52.0,0.9032946092029431,0.7913551309164715,-0.11193947828647166
CS2_9,53.0,0.8662591900934916,0.8747316413851687,0.008472451291677063
CS2_9,53.0,0.9064147002843242,0.8747316413851687,-0.03168305889915557
CS2_9,53.0,0.914936712594165,0.8747316413851687,-0.0402050712089963
CS2_9,53.0,0.9202386551779242,0.8747316413851687,-0.04550701379275557
CS2_9,53.0,0.8989854834202906,0.8747316413851687,-0.02425384203512193
CS2_9,54.0,0.8897058876151146,0.9039043214104832,0.014198433795368559
CS2_9,54.0,0.905361820865609,0.9039043214104832,-0.0014574994551258547
CS2_9,54.0,0.9123787375872613,0.9039043214104832,-0.008474416176778132
CS2_9,54.0,0.9075909626080253,0.9039043214104832,-0.00368664119754214
CS2_9,54.0,0.8801393905885153,0.9039043214104832,0.023764930821967845
CS2_9,56.0,0.8804716477979159,0.8950198935260695,0.014548245728153608
CS2_9,56.0,0.91325001052439,0.8950198935260695,-0.018230116998320556
CS2_9,56.0,0.9273638502224462,0.8950198935260695,-0.032343956696376686
CS2_9,56.0,0.921208430387687,0.8950198935260695,-0.026188536861617484
CS2_9,56.0,0.9058156206117204,0.8950198935260695,-0.010795727085650908
CS2_9,57.0,0.8948014033138513,0.8827008608313857,-0.012100542482465615
CS2_9,57.0,0.912550483858107,0.8827008608313857,-0.02984962302672134
CS2_9,57.0,0.9199053506444015,0.8827008608313857,-0.03720448981301583
CS2_9,57.0,0.9106038419283027,0.8827008608313857,-0.027902981096917023
CS2_9,57.0,0.8592004535558451,0.8827008608313857,0.02350040727554059
CS2_9,58.0,0.8331329819821813,0.8987301926394693,0.06559721065728796
CS2_9,58.0,0.9094212003959449,0.8987301926394693,-0.010691007756475579
CS2_9,58.0,0.8873225684105558,0.8987301926394693,0.011407624228913504
CS2_9,58.0,0.8849452337684292,0.8987301926394693,0.013784958871040143
CS2_9,58.0,0.903962241431356,0.8987301926394693,-0.0052320487918866565
CS2_9,59.0,0.8807850484296089,0.8907308514334016,0.009945803003792664
CS2_9,59.0,0.8990602775980691,0.8907308514334016,-0.008329426164667475
CS2_9,59.0,0.9027882719789805,0.8907308514334016,-0.0120574205455789
CS2_9,59.0,0.8885216600077789,0.8907308514334016,0.002209191425622703
CS2_9,59.0,0.8387592336189589,0.8907308514334016,0.051971617814442705
CS2_9,60.0,0.8892036796792213,0.8912891932274211,0.0020855135481997467
CS2_9,60.0,0.8780990271776797,0.8912891932274211,0.013190166049741325
CS2_9,60.0,0.8935164201275946,0.8912891932274211,-0.002227226900173518
CS2_9,60.0,0.8980449583680402,0.8912891932274211,-0.006755765140619152
CS2_9,60.0,0.8554204925872637,0.8912891932274211,0.03586870064015735
CS2_9,61.0,0.8733752705695965,0.7798151709750882,-0.09356009959450828
CS2_9,61.0,0.890343392415894,0.7798151709750882,-0.11052822144080576
CS2_9,61.0,0.89919242950065,0.7798151709750882,-0.1193772585255618
CS2_9,62.0,0.8851008466382106,0.8850345081115377,-6.633852667292661e-05
CS2_9,62.0,0.8607865523436024,0.8850345081115377,0.02424795576793537
CS2_9,62.0,0.8653152427926818,0.8850345081115377,0.019719265318855927
CS2_9,62.0,0.8828737722866408,0.8850345081115377,0.0021607358248969533
CS2_9,63.0,0.827480254938023,0.7836617690248402,-0.043818485913182825
CS2_9,63.0,0.8742951057152939,0.7836617690248402,-0.0906333366904537
CS2_9,63.0,0.8834450654551733,0.7836617690248402,-0.09978329643033312
CS2_9,63.0,0.865033084758898,0.7836617690248402,-0.08137131573405776
CS2_9,63.0,0.8898725830427443,0.7836617690248402,-0.10621081401790411
CS2_9,64.0,0.8679598516161222,0.8491076811829005,-0.018852170433221738
CS2_9,64.0,0.8865264177936758,0.8491076811829005,-0.03741873661077533
CS2_9,64.0,0.8931604493851241,0.8491076811829005,-0.04405276820222359
CS2_9,64.0,0.8754333822972594,0.8491076811829005,-0.026325701114358946
CS2_9,65.0,0.8653223394542079,0.8765691382404265,0.011246798786218593
CS2_9,65.0,0.8843971767012156,0.8765691382404265,-0.007828038460789166
CS2_9,65.0,0.8851878862804335,0.8765691382404265,-0.008618748040007063
CS2_9,65.0,0.861302374220694,0.8765691382404265,0.015266764019732482
CS2_9,66.0,0.8630754804317855,0.8719532284238276,0.008877747992042107
CS2_9,66.0,0.8788926520360741,0.8719532284238276,-0.006939423612246531
CS2_9,66.0,0.8811276625421032,0.8719532284238276,-0.009174434118275565
CS2_9,66.0,0.8467433641624997,0.8719532284238276,0.025209864261327875
CS2_9,67.0,0.8778010041097625,0.874557528325389,-0.0032434757843734507
CS2_9,67.0,0.8586348205532403,0.874557528325389,0.01592270777214877
CS2_9,67.0,0.8599850701911835,0.874557528325389,0.01457245813420549
CS2_9,67.0,0.8756922456040761,0.874557528325389,-0.0011347172786870807
CS2_9,68.0,0.8790408895314994,0.8644833722398187,-0.014557517291680644
CS2_9,68.0,0.8925043411495033,0.8644833722398187,-0.02802096890968453
CS2_9,68.0,0.8909352741627108,0.8644833722398187,-0.02645190192289204
CS2_9,68.0,0.8559750721187481,0.8644833722398187,0.008508300121070622
CS2_9,69.0,0.8837980346034447,0.8845013534636591,0.0007033188602143525
CS2_9,69.0,0.8591401496831179,0.8845013534636591,0.025361203780541186
CS2_9,69.0,0.8682881956094429,0.8845013534636591,0.016213157854216176
CS2_9,69.0,0.8827666503142234,0.8845013534636591,0.0017347031494356902
CS2_9,70.0,0.8625231146336167,0.8334736163842852,-0.029049498249331562
CS2_9,70.0,0.8784336873633136,0.8334736163842852,-0.04496007097902843
CS2_9,70.0,0.8845403748199524,0.8334736163842852,-0.051066758435667214
CS2_9,70.0,0.8519019377943887,0.8334736163842852,-0.018428321410103532
CS2_9,71.0,0.8530970705640422,0.7532922477076323,-0.0998048228564099
CS2_9,71.0,0.8590318014745645,0.7532922477076323,-0.10573955376693223
CS2_9,71.0,0.8772482829237771,0.7532922477076323,-0.12395603521614484
CS2_9,71.0,0.8807421913246267,0.7532922477076323,-0.12744994361699447
CS2_9,72.0,0.882462811274813,0.8526004982302332,-0.029862313044579758
CS2_9,72.0,0.8598669180592939,0.8526004982302332,-0.007266419829060733
CS2_9,72.0,0.8610908102551379,0.8526004982302332,-0.00849031202490469
CS2_9,72.0,0.8780407866055033,0.8526004982302332,-0.025440288375270126
CS2_9,73.0,0.8730540270598054,0.8802932170218728,0.007239189962067405
CS2_9,73.0,0.8722698371670256,0.8802932170218728,0.008023379854847246
CS2_9,73.0,0.8599314936244844,0.8802932170218728,0.020361723397388398
CS2_9,73.0,0.8448943397550375,0.8802932170218728,0.03539887726683533
CX2_16,5.0,0.9998494473172658,1.0,0.0001505526827342285
CX2_16,6.0,0.9998311222944668,1.0005626185598608,0.0007314962653940382
CX2_16,7.0,0.9993822400356038,1.0014441108696517,0.002061870834047852
CX2_16,8.0,0.9989578014125235,1.0005626185598608,0.0016048171473372896
CX2_16,9.0,0.9984713049997274,0.996382006471638,-0.0020892985280893672
CX2_16,10.0,0.9994427698845927,1.0005626185598608,0.0011198486752681536
CX2_16,11.0,0.9988805489104251,0.9934224779847406,-0.005458070925684511
CX2_16,12.0,0.9981147396426341,0.9934224779847406,-0.004692261657893493
CX2_16,13.0,0.998189213904879,0.9934224779847406,-0.004766735920138432
CX2_16,14.0,0.9981058758123348,0.9929877117983782,-0.005118164013956594
CX2_16,15.0,0.9993069772033937,0.9929877117983782,-0.006319265405015484
CX2_16,16.0,0.9990337750628068,0.9983290766003117,-0.0007046984624951014
CX2_16,17.0,0.997490408323321,0.9929877117983782,-0.00450269652494284
CX2_16,18.0,0.996370428035435,0.9929877117983782,-0.003382716237056771
CX2_16,19.0,0.8363216990176988,0.9862302026427898,0.149908503625091
CX2_16,20.0,0.9971831619957164,0.9862302026427898,-0.010952959352926617
CX2_16,21.0,0.9962269822670055,0.9862302026427898,-0.009996779624215635
CX2_16,22.0,0.9958803659443769,0.9893467964108754,-0.006533569533501482
CX2_16,23.0,0.996664689578471,0.989769298063928,-0.006895391514542992
CX2_16,24.0,0.9961969326190024,0.9922225035514236,-0.003974429067578833
CX2_16,25.0,0.9958681206552461,0.989769298063928,-0.006098822591318109
CX2_16,26.0,0.995436575570086,0.989769298063928,-0.0056672775061580305
CX2_16,27.0,0.9944859750770111,0.988444223006192,-0.00604175207081914
CX2_16,28.0,0.9938093190855296,0.9879538539459192,-0.0058554651396104385
CX2_16,29.0,0.9951583738075938,0.9879538539459192,-0.007204519861674585
CX2_16,30.0,0.9952173551256652,0.9879435407432635,-0.007273814382401711
CX2_16,31.0,0.994760587770881,0.9879435407432635,-0.00681704702761754
CX2_16,32.0,0.9941743611419356,0.9925045854478458,-0.0016697756940897701
CX2_16,33.0,0.9941962827195889,0.9936547699708321,-0.0005415127487568006
CX2_16,34.0,0.993574271021712,0.9925045854478458,-0.0010696855738662192
CX2_16,35.0,0.9937977373072119,0.9925045854478458,-0.0012931518593660707
CX2_16,36.0,0.9934750156108482,0.9925045854478458,-0.000970430163002356
CX2_16,37.0,0.9927162440351956,0.9915633754786375,-0.001152868556558162
CX2_16,38.0,0.992110245529196,0.988188286620278,-0.003921958908918
CX2_16,39.0,0.9917318373830251,0.9867341611351481,-0.004997676247876948
CX2_16,40.0,0.9933633807807373,0.9867341611351481,-0.006629219645589157
CX2_16,41.0,0.9919044469911394,0.9867341611351481,-0.00517028585599133
CX2_16,42.0,0.9918825570482143,0.9881754838404753,-0.003707073207738998
CX2_16,43.0,0.991507576485973,0.9881754838404753,-0.0033320926454977196
CX2_16,44.0,0.9919496717095697,0.9889078350484477,-0.0030418366611220105
CX2_16,45.0,0.9925543449435209,0.9889078350484477,-0.0036465098950732022
CX2_16,46.0,0.9926241109466448,0.9907630423287044,-0.0018610686179404423
CX2_16,47.0,0.9925709601284249,0.9922064133557859,-0.00036454677263908497
CX2_16,48.0,0.9924216899850331,0.9965581009847143,0.004136410999681206
CX2_16,49.0,0.9934965190185685,0.9939520346686235,0.00045551565005497174
CX2_16,50.0,0.9932547673578078,0.9965581009847143,0.0033033336269064906
CX2_16,51.0,1.0038598536830405,0.9965581009847143,-0.007301752698326225
CX2_16,52.0,1.0027928224798064,0.9970528960922416,-0.00573992638756482
CX2_16,53.0,1.0012415830883068,1.004148422080445,0.002906838992138283
CX2_16,54.0,0.9997493656996511,1.004148422080445,0.004399056380793964
CX2_16,55.0,0.99976592753322,1.0075028769888092,0.007736949455589226
CX2_16,56.0,1.0010764754007122,1.0075028769888092,0.0064264015880970415
CX2_16,57.0,0.9988424493748573,1.004148422080445,0.005305972705587747
CX2_16,58.0,0.9977120959090798,1.001494855520414,0.003782759611334119
CX2_16,59.0,0.9974596703098745,1.004417868730213,0.006958198420338513
CX2_16,60.0,0.998335996588663,1.004417868730213,0.006081872141549982
CX2_16,61.0,0.9979126090731182,1.004417868730213,0.0065052596570948085
CX2_16,62.0,0.9965903009012486,1.004417868730213,0.007827567828964432
CX2_16,63.0,0.9963776686296589,1.004417868730213,0.008040200100554062
CX2_16,64.0,0.9953515322318048,1.002590085814123,0.007238553582318175
CX2_16,65.0,0.99633999034357,1.0021200450637104,0.005780054720140426
CX2_16,66.0,0.9965816954139699,1.0021200450637104,0.005538349649740537
CX2_16,67.0,0.9951754457079078,1.001848112117822,0.006672666409914152
CX2_16,68.0,0.8413994580523272,1.0004174603080136,0.1590180022556864
CX2_16,69.0,0.9938843825534062,1.0004174603080136,0.00653307775460743
CX2_16,70.0,0.9935269116617788,0.9960508860217488,0.0025239743599700937
CX2_16,71.0,0.9929535808884514,0.994784361819621,0.0018307809311696177
CX2_16,72.0,0.9924489973454781,0.9944228532594079,0.001973855913929845
CX2_16,73.0,0.9903434544500379,0.9944228532594079,0.004079398809370027
CX2_16,74.0,0.990647823755022,0.9941600149494442,0.003512191194422143
CX2_16,75.0,0.9901439458319253,0.9913878653218964,0.001243919489971046
CX2_16,76.0,0.9908441048450651,0.9913878653218964,0.0005437604768312454
CX2_16,77.0,0.9911257848743643,0.9941600149494442,0.003034230075079858
CX2_16,78.0,0.9891383098561799,0.9941600149494442,0.005021705093264273
CX2_16,79.0,0.9894939929159299,0.9894439046626998,-5.008825323005173e-05
CX2_16,80.0,0.9899041558154007,0.9929321181545268,0.0030279623391260557
CX2_16,81.0,0.9899854005314015,0.9929321181545268,0.002946717623125261
CX2_16,82.0,0.9880376835648158,0.9888338999516567,0.0007962163868409089
CX2_16,83.0,0.9872224507803534,0.9888338999516567,0.001611449171303292
CX2_16,84.0,0.9871561215513608,0.9842277882325666,-0.002928333318794163
CX2_16,85.0,0.9868797641205292,0.9842277882325666,-0.002651975887962621
CX2_16,86.0,0.9867684805436768,0.9842277882325666,-0.002540692311110204
CX2_16,87.0,0.9858187478603989,0.9842277882325666,-0.001590959627832289
CX2_16,88.0,0.984692083047608,0.9842277882325666,-0.00046429481504139947
CX2_16,89.0,0.9844430266617024,0.9800587205690806,-0.004384306092621748
CX2_16,90.0,0.985239746197715,0.9800587205690806,-0.005181025628634428
CX2_16,91.0,0.8321191818765065,0.9788138377316482,0.14669465585514174
CX2_16,92.0,0.9862130976764281,0.9800587205690806,-0.006154377107347453
CX2_16,93.0,0.9853785078412707,0.9792669674850178,-0.006111540356252831
CX2_16,94.0,0.984264835144101,0.980560545626478,-0.0037042895176230273
CX2_16,95.0,0.9853256899521141,0.980560545626478,-0.004765144325636128
CX2_16,96.0,0.9875818328781781,0.9820529279355694,-0.0055289049426087145
CX2_16,98.0,0.9835706589795429,0.980560545626478,-0.0030101133530648916
CX2_16,99.0,0.9831175561393536,0.980560545626478,-0.0025570105128756015
CX2_16,100.0,0.9827952938562661,0.9741467635662785,-0.008648530289987577
CX2_16,101.0,0.9828001670452196,0.9741467635662785,-0.008653403478941057
CX2_16,102.0,0.9844356577476455,0.9741467635662785,-0.010288894181367025
CX2_16,103.0,0.9841986607858579,0.9779005935747388,-0.0062980672111191405
CX2_16,104.0,0.9823148046079058,0.9791791932611009,-0.003135611346804845
CX2_16,105.0,0.982058037163441,0.9797268624567634,-0.0023311747066775412
CX2_16,106.0,0.9829219573443749,0.9810199883867573,-0.001901968957617628
CX2_16,107.0,0.9835032986985593,0.9827647194973824,-0.0007385792011769254
CX2_16,108.0,0.9837222302022449,0.9832127427374907,-0.0005094874647542103
CX2_16,109.0,0.9833343963186637,0.9832127427374907,-0.00012165358117299796
CX2_16,110.0,0.9834505448864185,0.9843242079993771,0.0008736631129586669
CX2_16,111.0,0.9839075576721877,0.9856520100549542,0.001744452382766437
CX2_16,112.0,0.9848777771158391,0.9865345125627887,0.0016567354469495532
CX2_16,113.0,0.983820398277079,0.9865345125627887,0.002714114285709668
CX2_16,114.0,0.9826667176795407,0.9865345125627887,0.0038677948832479547
CX2_16,115.0,0.9802099198154852,0.9843933348855054,0.00418341507002018
CX2_16,116.0,0.9805856295201242,0.9829296410716225,0.002344011551498326
CX2_16,117.0,0.9816741098089936,0.9829296410716225,0.001255531262628895
CX2_16,118.0,0.9802197106880579,0.9760174427547563,-0.0042022679333015844
CX2_16,119.0,0.9784875347303913,0.9713927163800674,-0.007094818350323884
CX2_16,120.0,0.9783841110701095,0.9713287904052017,-0.0070553206649077715
CX2_16,121.0,0.9804142102157767,0.9713287904052017,-0.00908541981057498
CX2_16,122.0,0.9811741666995187,0.9713287904052017,-0.009845376294317032
CX2_16,123.0,0.9803065041748773,0.976189742605013,-0.004116761569864291
CX2_16,124.0,0.9779875325242958,0.976189742605013,-0.0017977899192828106
CX2_16,125.0,0.9775572081482643,0.976189742605013,-0.0013674655432512894
CX2_16,126.0,0.9784404102908345,0.9753180485468635,-0.0031223617439709583
CX2_16,127.0,0.9776105479366705,0.9737485970941337,-0.00386195084253671
CX2_16,128.0,0.9767247093097878,0.9724409980429675,-0.004283711266820367
CX2_16,129.0,0.9758743906516136,0.9689019921596237,-0.0069723984919899396
CX2_16,130.0,0.975569979826087,0.9689019921596237,-0.00666798766646326
CX2_16,131.0,0.9769224631389932,0.9689019921596237,-0.008020470979369532
CX2_16,132.0,0.9781131469066401,0.9689019921596237,-0.009211154747016392
CX2_16,133.0,0.9774829707099346,0.9747994555162497,-0.0026835151936849266
CX2_16,134.0,0.8185978557035957,0.9747994555162497,0.15620159981265402
CX2_16,135.0,0.9759651177526796,0.9747994555162497,-0.0011656622364298874
CX2_16,136.0,0.976806153814815,0.9744988176887075,-0.002307336126107451
CX2_16,137.0,0.9771085167273924,0.9744988176887075,-0.0026096990386849095
CX2_16,138.0,0.9771984310547635,0.9744988176887075,-0.002699613366055953
CX2_16,139.0,0.9769690880180085,0.9752873391030398,-0.0016817489149687503
CX2_16,140.0,0.976801210803071,0.975723676558814,-0.0010775342442570501
CX2_16,141.0,0.9767525921988943,0.9759497064830648,-0.0008028857158295377
CX2_16,142.0,0.9766782840642965,0.975723676558814,-0.0009546075054824854
CX2_16,143.0,0.9761503185391642,0.9754616523987754,-0.0006886661403888716
CX2_16,144.0,0.9733035277124396,0.9754616523987754,0.002158124686335805
CX2_16,145.0,0.9724455041231775,0.9734042934189719,0.0009587892957944044
CX2_16,146.0,0.9738315244907416,0.9734042934189719,-0.0004272310717696737
CX2_16,148.0,0.9805417233674979,0.9734042934189719,-0.007137429948525953
CX2_16,149.0,0.9801296130270204,0.9785583440990857,-0.001571268927934688
CX2_16,150.0,0.9783507332506386,0.9785583440990857,0.00020761084844711508
CX2_16,151.0,0.9769360039778683,0.9785583440990857,0.0016223401212174249
CX2_16,152.0,0.9793230253079229,0.9849991130096039,0.005676087701680932
CX2_16,153.0,0.979369516067276,0.9806844345832433,0.0013149185159673227
CX2_16,154.0,0.9774036883691274,0.9788628541166684,0.0014591657475410136
CX2_16,155.0,0.9768348747509026,0.9788628541166684,0.0020279793657658196
CX2_16,156.0,0.976181579650254,0.9788628541166684,0.0026812744664144184
CX2_16,157.0,0.9780673556734188,0.9788628541166684,0.0007954984432495538
CX2_16,158.0,0.9777906510013202,0.9762469688495725,-0.0015436821517477162
CX2_16,159.0,0.9767817474499739,0.9762469688495725,-0.0005347786004014088
CX2_16,160.0,0.9755685819423552,0.9762469688495725,0.0006783869072173321
CX2_16,161.0,0.9744824296906865,0.9762469688495725,0.0017645391588859693
CX2_16,162.0,0.9769956998243442,0.9762469688495725,-0.000748730974771683
CX2_16,163.0,0.8215316932991329,0.9730919082343852,0.1515602149352523
CX2_16,164.0,0.9749158995836774,0.9699939108988738,-0.0049219886848036465
CX2_16,165.0,0.9732855534677148,0.9730919082343852,-0.00019364523332965344
CX2_16,166.0,0.9715741081513201,0.9699939108988738,-0.0015801972524462915
CX2_16,167.0,0.9715935637097751,0.9699939108988738,-0.001599652810901353
CX2_16,168.0,0.9728805353496539,0.9699939108988738,-0.0028866244507801397
CX2_16,169.0,0.9724831764229446,0.9706786513222848,-0.0018045251006597596
CX2_16,170.0,0.9726165845564969,0.9706786513222848,-0.001937933234212097
CX2_16,171.0,0.9708089148452246,0.9706786513222848,-0.0001302635229397664
CX2_16,172.0,0.9716391785847843,0.9706786513222848,-0.0009605272624995109
CX2_16,173.0,0.9719823706831128,0.9706786513222848,-0.0013037193608279596
CX2_16,174.0,0.9711441667340267,0.9691743530425356,-0.0019698136914910735
CX2_16,175.0,0.9700984500745797,0.9690614696829571,-0.0010369803916225884
CX2_16,176.0,0.9679892356610513,0.9690614696829571,0.0010722340219058157
CX2_16,177.0,0.9694495133122442,0.9686760884803995,-0.0007734248318446157
CX2_16,178.0,0.9709440317543189,0.966661790252392,-0.004282241501926909
CX2_16,179.0,0.9700291778205614,0.966661790252392,-0.0033673875681694554
CX2_16,180.0,0.969452350633515,0.966661790252392,-0.0027905603811230195
CX2_16,181.0,0.9661557411623284,0.966661790252392,0.0005060490900635761
CX2_16,182.0,0.9684633485057882,0.966661790252392,-0.0018015582533962293
CX2_16,183.0,0.8122775920977903,0.9627216788313302,0.15044408673353993
CX2_16,184.0,0.9703901256626479,0.9627216788313302,-0.007668446831317732
CX2_16,185.0,0.9691264558732062,0.9631318822052831,-0.005994573667923109
CX2_16,186.0,0.9689702676493723,0.9631318822052831,-0.005838385444089211
CX2_16,187.0,0.9698448619872444,0.9631318822052831,-0.006712979781961281
CX2_16,188.0,0.9702069127779646,0.9674257233220416,-0.0027811894559229833
CX2_16,189.0,0.9690363217843593,0.9674257233220416,-0.0016105984623177028
CX2_16,190.0,0.9685991656727726,0.9674257233220416,-0.0011734423507310243
CX2_16,191.0,0.9680259537020465,0.9674257233220416,-0.0006002303800048958
CX2_16,192.0,0.9675274180976413,0.9655759083866114,-0.001951509711029864
CX2_16,193.0,0.9691314688111089,0.9641942440622845,-0.004937224748824409
CX2_16,194.0,0.9686082086414222,0.9641942440622845,-0.004413964579137675
CX2_16,195.0,0.9677814253553624,0.9641942440622845,-0.00358718129307789
CX2_16,196.0,0.9669215605101155,0.9641942440622845,-0.002727316447830974
CX2_16,197.0,0.9670351535273668,0.9641942440622845,-0.0028409094650823086
CX2_16,198.0,0.9831693950519774,0.9662315808301137,-0.01693781422186369
CX2_16,199.0,0.9831464737382084,0.9674043145306223,-0.01574215920758615
CX2_16,200.0,0.9805427432193751,0.9720139751119096,-0.0085287681074655
CX2_16,201.0,0.9789737290832583,0.9720139751119096,-0.006959753971348737
CX2_16,202.0,0.9792164992260483,0.9738990389137884,-0.005317460312259881
CX2_16,203.0,0.9794097524178592,0.9738990389137884,-0.005510713504070841
CX2_16,204.0,0.9773192610638274,0.9720139751119096,-0.005305285951917815
CX2_16,205.0,0.9756697948848755,0.9687006359399802,-0.0069691589448952485
CX2_16,206.0,0.9737594226702232,0.9676390560567918,-0.006120366613431405
CX2_16,207.0,0.9732264448973404,0.9652205766162831,-0.008005868281057316
CX2_16,208.0,0.9739712567693279,0.9652205766162831,-0.00875068015304481
CX2_16,209.0,0.9720152172233142,0.9629846277390002,-0.009030589484314011
CX2_16,210.0,0.9693733789772944,0.9576819375089785,-0.01169144146831591
CX2_16,211.0,0.9679993278242759,0.9576819375089785,-0.010317390315297437
CX2_16,212.0,0.8040312661058601,0.9522703000225803,0.14823903391672022
CX2_16,213.0,0.9699442177756153,0.9522703000225803,-0.017673917753035062
CX2_16,214.0,0.9694036640741088,0.9522703000225803,-0.017133364051528543
CX2_16,215.0,0.967681693731693,0.9506338369085545,-0.017047856823138474
CX2_16,216.0,0.9664895134635485,0.9506338369085545,-0.01585567655499398
CX2_16,217.0,0.9655555035922684,0.9506338369085545,-0.014921666683713863
CX2_16,218.0,0.9653255392194956,0.950051165504717,-0.015274373714778577
CX2_16,219.0,0.9657124054060843,0.950051165504717,-0.015661239901367252
CX2_16,220.0,0.9636266261486278,0.9490255451404257,-0.014601081008202121
CX2_16,221.0,0.9626788532674292,0.948697179797701,-0.013981673469728229
CX2_16,222.0,0.9620450497170505,0.9445255844728729,-0.01751946524417758
CX2_16,223.0,0.962129985326184,0.9445255844728729,-0.017604400853311053
CX2_16,224.0,0.9636721134243423,0.9445255844728729,-0.0191465289514694
CX2_16,225.0,0.9618075688812766,0.9445255844728729,-0.017281984408403672
CX2_16,226.0,0.9608095960596339,0.943837684318898,-0.016971911740735868
CX2_16,227.0,0.9610277740649948,0.9458176309825854,-0.015210143082409422
CX2_16,228.0,0.9613610969228197,0.9458176309825854,-0.015543465940234258
CX2_16,229.0,0.9614390182704075,0.9456259817194126,-0.015813036550994863
CX2_16,230.0,0.9602790278095,0.9456259817194126,-0.01465304609008744
CX2_16,231.0,0.9587333963951092,0.9456259817194126,-0.01310741467569665
CX2_16,232.0,0.9592212923473545,0.9456259817194126,-0.013595310627941948
CX2_16,233.0,0.9609203080458859,0.9456259817194126,-0.015294326326473318
CX2_16,234.0,0.96040966511895,0.9457163278810927,-0.014693337237857262
CX2_16,235.0,0.9590827228988394,0.9457163278810927,-0.013366395017746724
CX2_16,236.0,0.957529598244201,0.9457163278810927,-0.011813270363108308
CX2_16,237.0,0.9576204133460894,0.9433861620067554,-0.014234251339333981
CX2_16,238.0,0.9602827468212353,0.9433861620067554,-0.016896584814479865
CX2_16,239.0,0.9592516949840689,0.9431471749057222,-0.01610452007834673
CX2_16,240.0,0.9572491616897094,0.9431471749057222,-0.01410198678398722
CX2_16,241.0,0.9566336383283425,0.9431471749057222,-0.013486463422620276
CX2_16,242.0,0.9570845143599377,0.9431471749057222,-0.013937339454215492
CX2_16,243.0,0.9574968039683546,0.9424683300469323,-0.015028473921422258
CX2_16,244.0,0.9569741757388034,0.941210292382124,-0.015763883356679442
CX2_16,245.0,0.9557940135956482,0.9410394661556003,-0.014754547440047894
CX2_16,246.0,0.9552851032135719,0.9404773767625467,-0.014807726451025127
CX2_16,247.0,0.95575705313536,0.9404773767625467,-0.015279676372813245
CX2_16,248.0,0.9628187162666708,0.9404773767625467,-0.02234133950412409
CX2_16,249.0,0.9618007048449412,0.9434915248949639,-0.018309179949977272
CX2_16,250.0,0.9597064958869941,0.9451163146612767,-0.014590181225717425
CX2_16,251.0,0.958734178355003,0.946604831939944,-0.012129346415058917
CX2_16,252.0,0.9586447802449767,0.946604831939944,-0.012039948305032633
CX2_16,253.0,0.959095911423397,0.9465203494418988,-0.012575561981498229
CX2_16,254.0,0.9579644626288425,0.9457671691932379,-0.012197293435604606
CX2_16,255.0,0.9567335584273741,0.9457671691932379,-0.010966389234136176
CX2_16,256.0,0.9558715938611596,0.9443827023553677,-0.01148889150579191
CX2_16,257.0,0.9563951485450597,0.9432182198079839,-0.013176928737075766
CX2_16,258.0,0.9561960553707025,0.9430044640227274,-0.013191591347975096
CX2_16,259.0,0.9558571052423845,0.9424945270170333,-0.013362578225351252
CX2_16,260.0,0.9556916964241113,0.9429618841163457,-0.012729812307765598
CX2_16,261.0,0.9575309744426699,0.9430044640227274,-0.014526510419942462
CX2_16,262.0,0.9592041025408863,0.9430044640227274,-0.016199638518158865
CX2_16,263.0,0.9577421041980793,0.9483186812361535,-0.009423422961925776
CX2_16,264.0,0.9569402365089826,0.948832138655138,-0.008108097853844587
CX2_16,265.0,0.9566016556941961,0.948832138655138,-0.007769517039058038
CX2_16,266.0,0.9569245197283355,0.948832138655138,-0.00809238107319743
CX2_16,267.0,0.9566930446589094,0.9483186812361535,-0.008374363422755882
CX2_16,268.0,0.9556512100705941,0.9480387937208611,-0.0076124163497329755
CX2_16,269.0,0.9541755778737923,0.9472560567038896,-0.006919521169902687
CX2_16,270.0,0.9534230366055041,0.944284170558023,-0.009138866047481042
CX2_16,271.0,0.9534876060569866,0.9431400950334635,-0.010347511023523048
CX2_16,272.0,0.9551211790758078,0.9431400950334635,-0.011981084042344325
CX2_16,273.0,0.956037547587765,0.9431400950334635,-0.012897452554301525
CX2_16,274.0,0.9553025219312834,0.947573156220433,-0.007729365710850367
CX2_16,275.0,0.9544267704772343,0.947573156220433,-0.00685361425680131
CX2_16,276.0,0.9544616995176035,0.948514071687275,-0.005947627830328539
CX2_16,277.0,0.9556151522735181,0.949233968793082,-0.006381183480436148
CX2_16,278.0,0.9550329086361924,0.948514071687275,-0.006518836948917417
CX2_16,279.0,0.9538575452160444,0.945894433035852,-0.007963112180192411
CX2_16,280.0,0.9522003274816849,0.945894433035852,-0.00630589444583296
CX2_16,281.0,0.9520187487751613,0.9425325987753573,-0.009486149999804017
CX2_16,282.0,0.9537601253266682,0.9425325987753573,-0.011227526551310874
CX2_16,283.0,0.9525325020146043,0.9424945013844577,-0.010038000630146593
CX2_16,284.0,0.9513914070718484,0.94249392660926,-0.008897480462588425
CX2_16,285.0,0.9502153238452562,0.94249392660926,-0.007721397235996186
CX2_16,286.0,0.9499004763698616,0.94146347748075,-0.008436998889111647
CX2_16,287.0,0.9496933900609423,0.9377372173798104,-0.011956172681131916
CX2_16,288.0,0.950330295711401,0.9377372173798104,-0.012593078331590624
CX2_16,289.0,0.9504826373106426,0.9377372173798104,-0.012745419930832225
CX2_16,290.0,0.9503508311918347,0.9399469739621811,-0.010403857229653646
CX2_16,291.0,0.9497336270721463,0.9399469739621811,-0.009786653109965182
CX2_16,292.0,0.949545127412635,0.9399469739621811,-0.009598153450453895
CX2_16,293.0,0.9495170804108762,0.9393813682086989,-0.01013571220217735
CX2_16,294.0,0.9495181905144732,0.9393004264388752,-0.010217764075597935
CX2_16,296.0,0.9489620130601609,0.9390553768621996,-0.009906636197961283
CX2_16,297.0,0.9503920931247175,0.9393004264388752,-0.011091666685842272
CX2_16,298.0,0.9601713790117293,0.9393004264388752,-0.020870952572854096
CX2_16,299.0,0.9595822780899552,0.9428590409026857,-0.016723237187269535
CX2_16,300.0,0.9583934712520814,0.952824105907847,-0.005569365344234356
CX2_16,301.0,0.9570009912645258,0.952824105907847,-0.004176885356678706
CX2_16,302.0,0.9570405263397671,0.952824105907847,-0.004216420431920054
CX2_16,303.0,0.9576008236045028,0.952824105907847,-0.0047767176966557745
CX2_16,304.0,0.956161861782856,0.952639302229235,-0.0035225595536210186
CX2_16,305.0,0.9549303933850476,0.9493921936506319,-0.005538199734415716
CX2_16,306.0,0.9539446750051457,0.9487401831657749,-0.005204491839370773
CX2_16,307.0,0.9541222851209064,0.9485179355757827,-0.005604349545123677
CX2_16,308.0,0.9551426486868863,0.9485179355757827,-0.006624713111103575
CX2_16,310.0,0.953421937113279,0.9468038093689688,-0.006618127744310254
CX2_16,311.0,0.953823583206832,0.9462558762196608,-0.007567706987171241
CX2_16,312.0,0.9530298675309796,0.9485179355757827,-0.004511931955196946
CX2_16,313.0,0.9516461918848026,0.9462558762196608,-0.005390315665141809
CX2_16,314.0,0.9515930351970081,0.9462558762196608,-0.005337158977347323
CX2_16,315.0,0.9534957802110584,0.9469647628382801,-0.0065310173727782805
CX2_16,316.0,0.9532781275373264,0.9472870640817782,-0.005991063455548229
CX2_16,317.0,0.9513939841304115,0.9469647628382801,-0.004429221292131413
CX2_16,319.0,0.9493707130964133,0.9443827826000539,-0.004987930496359372
CX2_16,320.0,0.9507642160154283,0.9443827826000539,-0.006381433415374338
CX2_16,321.0,0.9512018207363375,0.9443827826000539,-0.006819038136283595
CX2_16,322.0,0.9495157361807227,0.9411271832430276,-0.008388552937695137
CX2_16,323.0,0.9484797232512416,0.9411271832430276,-0.007352540008214059
CX2_16,324.0,0.9477611297999694,0.9411271832430276,-0.006633946556941828
CX2_16,325.0,0.9491227817820007,0.9411271832430276,-0.007995598538973137
CX2_16,326.0,0.9494881002537284,0.9411271832430276,-0.008360917010700852
CX2_16,327.0,0.9472298234204735,0.9391269493303916,-0.008102874090081813
CX2_16,328.0,0.9461596914207809,0.9382104311239728,-0.007949260296808092
CX2_16,329.0,0.9455783392688342,0.9371728175370171,-0.008405521731817078
CX2_16,330.0,0.945286640511139,0.9360507442086669,-0.009235896302472124
CX2_16,331.0,0.9456641027183714,0.9360507442086669,-0.009613358509704573
CX2_16,332.0,0.9467886100504244,0.9360507442086669,-0.01073786584175751
CX2_16,333.0,0.9465087165606264,0.9367861077706562,-0.009722608789970222
CX2_16,334.0,0.9458050896625271,0.9378129256580809,-0.007992164004446134
CX2_16,335.0,0.9455742251977179,0.9378129256580809,-0.007761299539637001
CX2_16,336.0,0.9464936970944646,0.9383945305865367,-0.008099166507927968
CX2_16,337.0,0.9465502816801491,0.9383945305865367,-0.00815575109361244
CX2_16,338.0,0.9458422107188897,0.9396589541806295,-0.00618325653826024
CX2_16,339.0,0.9456746683952393,0.9396589541806295,-0.00601571421460978
CX2_16,340.0,0.9469746924624172,0.9403309187600849,-0.006643773702332267
CX2_16,341.0,0.9479496631103906,0.9403309187600849,-0.0076187443503057395
CX2_16,342.0,0.9466948573491422,0.9403309187600849,-0.006363938589057261
CX2_16,343.0,0.9448644168305022,0.9401273108635834,-0.0047371059669187865
CX2_16,344.0,0.9445066013949227,0.9401273108635834,-0.0043792905313393415
CX2_16,345.0,0.9461260304363026,0.9401273108635834,-0.005998719572719247
CX2_16,346.0,0.9474642937867793,0.9401273108635834,-0.007336982923195956
CX2_16,347.0,0.946767951019078,0.9405991533169628,-0.006168797702115203
CX2_16,348.0,0.9448168734667393,0.9405991533169628,-0.004217720149776505
CX2_16,349.0,0.943637272495685,0.9405991533169628,-0.0030381191787222095
CX2_16,350.0,0.9439437768387599,0.9397109741876697,-0.004232802651090162
CX2_16,351.0,0.9460485744140934,0.9397109741876697,-0.006337600226423712
CX2_16,352.0,0.9459525951296353,0.9397109741876697,-0.006241620941965564
CX2_16,353.0,0.9449962658774699,0.9418383862474013,-0.0031578796300685275
CX2_16,354.0,0.9453863539615106,0.9418383862474013,-0.003547967714109257
CX2_16,355.0,0.9456260822994897,0.9424171599689432,-0.003208922330546593
CX2_16,356.0,0.945499428964475,0.9418383862474013,-0.0036610427170736815
CX2_16,357.0,0.945085864259261,0.9416033917375564,-0.003482472521704638
CX2_16,358.0,0.9423007694117846,0.9415397554068686,-0.0007610140049160163
CX2_16,359.0,0.9410785343462282,0.939515260963302,-0.001563273382926278
CX2_16,360.0,0.9488782054579352,0.939515260963302,-0.009362944494633263
CX2_16,361.0,0.9475704622338303,0.939515260963302,-0.00805520127052839
CX2_16,362.0,0.9450106641700029,0.9360771120774256,-0.00893355209257729
CX2_16,363.0,0.9437208223326108,0.9360771120774256,-0.0076437102551851765
CX2_16,364.0,0.9428824526206465,0.9360771120774256,-0.006805340543220906
CX2_16,365.0,0.9424476590316324,0.9328088518765868,-0.009638807155045614
CX2_16,366.0,0.9419670459501172,0.9327206127529428,-0.00924643319717433
CX2_16,367.0,0.9409824610662372,0.932298403388333,-0.008684057677904145
CX2_16,368.0,0.9402297898226781,0.9317730471046168,-0.008456742718061294
CX2_16,369.0,0.939856497777822,0.9290258155334664,-0.010830682244355572
CX2_16,370.0,0.9396813611429365,0.9280259747581122,-0.011655386384824329
CX2_16,371.0,0.9395298631214289,0.9280259747581122,-0.011503888363316728
CX2_16,372.0,0.9389078952459249,0.9280197448817146,-0.010888150364210314
CX2_16,373.0,0.9381159557320834,0.9280197448817146,-0.010096210850368825
CX2_16,374.0,0.9396047017434326,0.9280259747581122,-0.011578726985320364
CX2_16,375.0,0.940630617604621,0.9285314567980066,-0.012099160806614329
CX2_16,376.0,0.9398207659218729,0.9294641819465184,-0.01035658397535455
CX2_16,377.0,0.9386198819554955,0.9294641819465184,-0.009155700008977141
CX2_16,378.0,0.9379504122292375,0.9294641819465184,-0.00848623028271911
CX2_16,379.0,0.9384451562316632,0.9294641819465184,-0.008980974285144883
CX2_16,380.0,0.9401304177109543,0.9294641819465184,-0.010666235764435927
CX2_16,381.0,0.9396432149223838,0.9306023269513248,-0.009040887971058953
CX2_16,382.0,0.9381375545290536,0.9306023269513248,-0.007535227577728731
CX2_16,383.0,0.9373366707803645,0.9306023269513248,-0.006734343829039702
CX2_16,384.0,0.9367061529371055,0.9290274154697635,-0.007678737467341934
CX2_16,385.0,0.9380266397692867,0.9290274154697635,-0.008999224299523156
CX2_16,386.0,0.938512734204776,0.9290274154697635,-0.00948531873501246
CX2_16,387.0,0.9369374090928785,0.9280070050563025,-0.008930404036575967
CX2_16,388.0,0.9357165732188937,0.9280070050563025,-0.007709568162591163
CX2_16,389.0,0.9353573496932034,0.9264727939714517,-0.00888455572175173
CX2_16,390.0,0.9365018829935136,0.9264727939714517,-0.010029089022061899
CX2_16,391.0,0.9363006860137605,0.9248060475886413,-0.011494638425119219
CX2_16,392.0,0.934187445238331,0.9247875798606663,-0.009399865377664685
CX2_16,393.0,0.9334213030622343,0.9247875798606663,-0.008633723201567967
CX2_16,394.0,0.9328589193861745,0.9220978162167202,-0.010761103169454334
CX2_16,395.0,0.93545643804305,0.9220978162167202,-0.013358621826329853
CX2_16,396.0,0.9369059732658808,0.9220978162167202,-0.014808157049160608
CX2_16,397.0,0.9351868481214709,0.9244305682945186,-0.010756279826952264
CX2_16,398.0,0.9338122541396409,0.9244305682945186,-0.009381685845122223
CX2_16,399.0,0.932962261100826,0.9244305682945186,-0.00853169280630739
CX2_16,400.0,0.9322198921151796,0.9222208703355378,-0.009999021779641848
CX2_16,401.0,0.9325454737386468,0.9208701741940251,-0.011675299544621764
CX2_16,402.0,0.9322111905302566,0.9207683963982988,-0.011442794131957812
CX2_16,403.0,0.9319964217877263,0.9204407323492416,-0.011555689438484729
CX2_16,404.0,0.9315387825888947,0.9203374182639011,-0.011201364324993524
CX2_16,405.0,0.9314948562646985,0.9203374182639011,-0.011157438000797382
CX2_16,406.0,0.9313149391412581,0.9198671526360592,-0.011447786505198843
CX2_16,407.0,0.9315655105158176,0.9198671526360592,-0.01169835787975837
CX2_16,408.0,0.9314036230588961,0.9198671526360592,-0.011536470422836897
CX2_16,409.0,0.9306491626486321,0.9198671526360592,-0.01078201001257284
CX2_16,410.0,0.9395318455370104,0.9201793421007166,-0.0193525034362938
CX2_16,411.0,0.9372629712014416,0.9212590256185998,-0.016003945582841794
CX2_16,412.0,0.9363796649773694,0.9251538219545757,-0.011225843022793613
CX2_16,413.0,0.9343618913197597,0.9251538219545757,-0.009208069365183924
CX2_16,414.0,0.9358628674524194,0.9259818201720117,-0.009881047280407729
CX2_16,415.0,0.9368600791909728,0.9259818201720117,-0.010878259018961112
CX2_16,416.0,0.9348197200565873,0.9251538219545757,-0.009665898102011572
CX2_16,417.0,0.9340090894748521,0.9240753742901368,-0.009933715184715308
CX2_16,418.0,0.9333289757680387,0.9240753742901368,-0.009253601477901996
CX2_16,419.0,0.9342563936277102,0.9240753742901368,-0.010181019337573427
CX2_16,420.0,0.9352586575866294,0.9240753742901368,-0.011183283296492652
CX2_16,421.0,0.9334329922576072,0.9228420612390574,-0.010590931018549798
CX2_16,423.0,0.9310298491245802,0.9219265385451276,-0.009103310579452573
CX2_16,424.0,0.9314126981699556,0.9209360621364862,-0.010476636033469489
CX2_16,425.0,0.9327022994430779,0.9209360621364862,-0.011766237306591765
CX2_16,426.0,0.9332772990575025,0.9209360621364862,-0.012341236921016296
CX2_16,428.0,0.9316372765445368,0.9223161124245397,-0.00932116411999706
CX2_16,429.0,0.9308791009673605,0.9223161124245397,-0.008562988542820782
CX2_16,430.0,0.9297963165750613,0.9223161124245397,-0.007480204150521641
CX2_16,431.0,0.9301203803568783,0.9198686162966724,-0.010251764060205892
CX2_16,432.0,0.9296505137155653,0.9188519376521311,-0.010798576063434151
CX2_16,433.0,0.9293479533930029,0.9174404313999106,-0.011907521993092307
CX2_16,435.0,0.9283025180876375,0.9172814463536695,-0.011021071733968046
CX2_16,436.0,0.9285513049392032,0.9162512826483581,-0.012300022290845147
CX2_16,437.0,0.9283118075928402,0.9161029594089469,-0.012208848183893228
CX2_16,438.0,0.928358680989394,0.9161029594089469,-0.012255721580447076
CX2_16,439.0,0.9283919879515881,0.9162512826483581,-0.01214070530322997
CX2_16,440.0,0.927943139155009,0.9161029594089469,-0.011840179746062107
CX2_16,441.0,0.9276422599708793,0.9161029594089469,-0.01153930056193242
CX2_16,442.0,0.927490584893699,0.915722355836114,-0.0117682290575849
CX2_16,443.0,0.9292863859425495,0.915722355836114,-0.013564030106435476
CX2_16,444.0,0.9294647928219486,0.915722355836114,-0.01374243698583455
CX2_16,445.0,0.9278465025748137,0.915722355836114,-0.01212414673869966
CX2_16,446.0,0.9265324715177824,0.915722355836114,-0.010810115681668342
CX2_16,447.0,0.9259813802964607,0.9151440107789395,-0.010837369517521234
CX2_16,448.0,0.927856378336852,0.9151440107789395,-0.012712367557912496
CX2_16,449.0,0.9291047457667662,0.9151440107789395,-0.013960734987826684
CX2_16,450.0,0.9267520231229897,0.9143954316257491,-0.012356591497240554
CX2_16,451.0,0.9261175328070159,0.9143954316257491,-0.01172210118126682
CX2_16,452.0,0.9262227620293783,0.9143954316257491,-0.011827330403629155
CX2_16,453.0,0.9279898992034262,0.9143954316257491,-0.013594467577677127
CX2_16,454.0,0.9283196598182119,0.9143954316257491,-0.013924228192462751
CX2_16,455.0,0.9264144230685876,0.914836343874803,-0.011578079193784618
CX2_16,456.0,0.9259335123548934,0.9151441769975279,-0.010789335357365482
CX2_16,457.0,0.9257207618468078,0.9151441769975279,-0.010576584849279924
CX2_16,458.0,0.9270631086971339,0.9151441769975279,-0.011918931699606006
CX2_16,459.0,0.9275924516115795,0.9151441769975279,-0.012448274614051624
CX2_16,460.0,0.9252796912776756,0.9151441769975279,-0.010135514280147695
CX2_16,461.0,0.9246742051778547,0.9146468314704415,-0.010027373707413245
CX2_16,462.0,0.9236109238377788,0.9123337170114563,-0.011277206826322494
CX2_16,463.0,0.9249756610998666,0.9123337170114563,-0.01264194408841035
CX2_16,464.0,0.9259386137202044,0.9123337170114563,-0.013604896708748093
CX2_16,465.0,0.9258177901980905,0.9148605991055937,-0.01095719109249682
CX2_16,466.0,0.9249456238688011,0.9148605991055937,-0.010085024763207384
CX2_16,467.0,0.924382041835258,0.9148605991055937,-0.009521442729664265
CX2_16,468.0,0.9243345386517751,0.9135130949693588,-0.01082144368241622
CX2_16,469.0,0.924085585417163,0.9135130949693588,-0.010572490447804173
CX2_16,470.0,0.9233202514063746,0.9135097403044861,-0.009810511101888575
CX2_16,471.0,0.9232120651943717,0.9123652584935947,-0.010846806700776979
CX2_16,472.0,0.9231143524075067,0.9114194815014977,-0.01169487090600907
CX2_16,473.0,0.9227931405482489,0.911351737979721,-0.01144140256852788
CX2_16,474.0,0.9225111231763222,0.9109311028652791,-0.011580020311043104
CX2_16,475.0,0.9214706882410212,0.9107154216490645,-0.010755266591956691
CX2_16,476.0,0.9211926899621735,0.9084216618655142,-0.01277102809665931
CX2_16,477.0,0.920778212552961,0.9074538405345772,-0.013324372018383768
CX2_16,478.0,0.952086842649988,0.9074538405345772,-0.04463300211541077
CX2_16,479.0,0.9348123257153665,0.9074538405345772,-0.027358485180789316
CX2_16,480.0,0.9369186673011884,0.9368570804800354,-6.158682115309233e-05
CX2_16,481.0,0.943169446905869,0.9383066444588832,-0.004862802446985781
CX2_16,482.0,0.9406175052909569,0.9383066444588832,-0.002310860832073658
CX2_16,483.0,0.9377823868059407,0.9383066444588832,0.0005242576529425058
CX2_16,484.0,0.938715929305665,0.9384654306714774,-0.00025049863418769025
CX2_16,485.0,0.9371424286749263,0.9384654306714774,0.0013230019965511097
CX2_16,487.0,0.9446547523956812,0.9384654306714774,-0.006189321724203833
CX2_16,488.0,0.9356010203374929,0.9371163858809577,0.001515365543464764
CX2_16,489.0,0.9337647288656279,0.9319863127124184,-0.0017784161532095055
CX2_16,490.0,0.9318527830258561,0.9298848696031028,-0.0019679134227532646
CX2_16,491.0,0.9370175869717453,0.9319863127124184,-0.005031274259326923
CX2_16,492.0,0.9407980619827163,0.9319863127124184,-0.00881174927029793
CX2_16,493.0,0.9324046793141745,0.9298848696031028,-0.0025198097110716855
CX2_16,494.0,0.9314450593686293,0.9268173480745747,-0.004627711294054593
CX2_16,495.0,0.9298675889327798,0.9268173480745747,-0.0030502408582050444
CX2_16,496.0,0.9342333630619178,0.9268173480745747,-0.0074160149873431225
CX2_16,497.0,0.9403791836737131,0.9268173480745747,-0.013561835599138372
CX2_16,498.0,0.9426433918645009,0.9397703667211883,-0.0028730251433125575
CX2_16,499.0,0.9442336667689917,0.9448590225288762,0.0006253557598845383
CX2_16,500.0,0.9457361414863267,0.9479397392131591,0.002203597726832429
CX2_16,501.0,0.9469349515555067,0.9502900321967687,0.0033550806412619982
CX2_16,502.0,0.9478750282938117,0.9521452055692717,0.004270177275460085
CX2_16,503.0,0.9487482162126625,0.9537859436848379,0.005037727472175457
CX2_16,504.0,0.9493643613598252,0.9557961054260535,0.006431744066228373
CX2_16,505.0,0.950051601134951,0.9571203619640133,0.0070687608290622705
CX2_16,506.0,0.9513820855413013,0.9573697400822435,0.005987654540942189
CX2_16,507.0,0.9516827231032523,0.9588847189688314,0.007201995865579125
CX2_16,508.0,0.941876055354841,0.9588847189688314,0.01700866361399045
CX2_16,509.0,0.9356811145933476,0.9588847189688314,0.023203604375483855
CX2_16,510.0,0.9346556370474599,0.9370470247985376,0.0023913877510777226
CX2_16,512.0,0.939721309964584,0.9361553073433398,-0.0035660026212441798
CX2_16,513.0,0.9400398704664464,0.9361553073433398,-0.003884563123106588
CX2_16,514.0,0.945444866250898,0.9361553073433398,-0.009289558907558115
CX2_16,515.0,0.9388269484950074,0.9360390492843539,-0.0027878992106534772
CX2_16,516.0,0.9370315291154757,0.9395497711746174,0.00251824205914164
CX2_16,518.0,0.9395402280856098,0.9395497711746174,9.54308900757983e-06
CX2_16,519.0,0.9417499211740485,0.9395497711746174,-0.002200149999431189
CX2_16,520.0,0.9443226121671265,0.9395497711746174,-0.004772840992509186
CX2_16,521.0,0.9458220263491499,0.9476497602172705,0.001827733868120629
CX2_16,522.0,0.9470618673650525,0.9507041910304407,0.003642323665388192
CX2_16,523.0,0.9481133984830525,0.9530368058735496,0.004923407390497014
CX2_16,524.0,0.9489175832458641,0.9548598508944067,0.005942267648542665
CX2_16,525.0,0.8011197060663161,0.9548598508944067,0.15374014482809062
CX2_16,526.0,0.9494281753151733,0.9563441722738105,0.006915996958637205
CX2_16,527.0,0.9504844923221101,0.9569474548829083,0.006462962560798258
CX2_16,528.0,0.9508697430101478,0.9585734261295878,0.00770368311944003
CX2_16,529.0,0.9514643936530098,0.9595171328723894,0.008052739219379546
CX2_16,530.0,0.951731612599181,0.9596188140707335,0.007887201471552419
CX2_16,531.0,0.9438636095067577,0.9596188140707335,0.015755204563975722
CX2_16,532.0,0.9372393060381261,0.9596188140707335,0.022379508032607354
CX2_16,534.0,0.9449198369011328,0.9425614106144108,-0.002358426286722004
CX2_16,535.0,0.9369907099785787,0.9425614106144108,0.005570700635832093
CX2_16,536.0,0.9429830667790713,0.9425614106144108,-0.00042165616466049993
CX2_16,538.0,0.9332755177681146,0.9425614106144108,0.009285892846296218
CX2_16,539.0,0.9333310135094698,0.9365862969178735,0.003255283408403753
CX2_16,540.0,0.9309394388078925,0.93437263106189,0.003433192253997408
CX2_16,541.0,0.9380264999310807,0.93437263106189,-0.003653868869190724
CX2_16,542.0,0.9373001823553545,0.93437263106189,-0.0029275512934645587
CX2_16,543.0,0.9312592262264947,0.9328645768068432,0.0016053505803484969
CX2_16,544.0,0.9309406329291421,0.9315213106197525,0.0005806776906104316
CX2_16,545.0,0.9291404826156373,0.9315213106197525,0.0023808280041152097
CX2_16,546.0,0.9353420503098188,0.9315213106197525,-0.003820739690066244
CX2_16,547.0,0.9366438929713851,0.9328645768068432,-0.003779316164541857
CX2_16,548.0,0.9296982909233197,0.9301168889673714,0.0004185980440517545
CX2_16,549.0,0.9301032217092241,0.9292273749201382,-0.0008758467890859212
CX2_16,550.0,0.9286118570886919,0.9292273749201382,0.0006155178314463106
CX2_16,551.0,0.9337204374295762,0.9292273749201382,-0.004493062509438039
CX2_16,552.0,0.9371952559693524,0.9292273749201382,-0.007967881049214198
CX2_16,553.0,0.9299010365555358,0.9292273749201382,-0.0006736616353976155
CX2_16,554.0,0.9290034132882083,0.9286623076319117,-0.00034110565629663636
CX2_16,555.0,0.9280023201472833,0.9286623076319117,0.000659987484628366
CX2_16,556.0,0.930484910032654,0.9286623076319117,-0.0018226024007422792
CX2_16,557.0,0.936389072485325,0.9286623076319117,-0.0077267648534132816
CX2_16,558.0,0.9390223639554444,0.9377951778874667,-0.0012271860679776703
CX2_16,559.0,0.9411397926822924,0.9426749653471279,0.0015351726648354935
CX2_16,560.0,0.942737211785276,0.9458091398128934,0.0030719280276173544
CX2_16,561.0,0.9437289452772303,0.9487389363986358,0.005009991121405544
CX2_16,562.0,0.9444857592871925,0.9506139127021339,0.00612815341494144
CX2_16,563.0,0.9451424725225473,0.951700899538039,0.006558427015491697
CX2_16,564.0,0.9457225385822189,0.953296047645975,0.00757350906375609
CX2_16,565.0,0.9463095664831969,0.9541173922697757,0.0078078257865787926
CX2_16,566.0,0.9468498120277561,0.9550232943507595,0.008173482323003411
CX2_16,567.0,0.9472859509737559,0.9556768801870532,0.008390929213297316
CX2_16,568.0,0.9403856657921682,0.9556768801870532,0.015291214394885011
CX2_16,570.0,0.9373426798229102,0.9556768801870532,0.018334200364143016
CX2_16,571.0,0.929676999089322,0.9404784254229804,0.010801426333658437
CX2_16,572.0,0.9367438962510016,0.9404784254229804,0.0037345291719788065
CX2_16,573.0,0.937730713162726,0.9400814532865829,0.0023507401238568315
CX2_16,574.0,0.9299645327540474,0.9385624931242252,0.008597960370177793
CX2_16,575.0,0.9293045716433914,0.9308261919120333,0.0015216202686418878
CX2_16,576.0,0.9285921323600648,0.9308261919120333,0.002234059551968537
CX2_16,577.0,0.9320748089944136,0.9308261919120333,-0.0012486170823803322
CX2_16,578.0,0.9362693786324329,0.9308261919120333,-0.005443186720399562
CX2_16,579.0,0.929149954651517,0.9308261919120333,0.0016762372605163556
CX2_16,580.0,0.9295664363884658,0.9308592387439708,0.0012928023555049961
CX2_16,581.0,0.9276086054837037,0.9308592387439708,0.0032506332602670884
CX2_16,582.0,0.9294860130396173,0.9308592387439708,0.0013732257043534979
CX2_16,583.0,0.9347987209876844,0.9308592387439708,-0.0039394822437135435
CX2_16,584.0,0.9288769992770703,0.9308592387439708,0.0019822394669004595
CX2_16,585.0,0.9292164447096197,0.9301050837924404,0.0008886390828206636
CX2_16,586.0,0.9274396780014893,0.9301050837924404,0.002665405790951092
CX2_16,587.0,0.9274894652051552,0.9301050837924404,0.0026156185872852067
CX2_16,588.0,0.9340597134971591,0.9301050837924404,-0.003954629704718715
CX2_16,589.0,0.9286539832369952,0.9301050837924404,0.0014511005554451728
CX2_16,590.0,0.9266241240926048,0.9265282454366756,-9.587865592919353e-05
CX2_16,591.0,0.9264675356729191,0.9265282454366756,6.070976375649462e-05
CX2_16,592.0,0.9242557485775263,0.925772722955715,0.0015169743781886513
CX2_16,593.0,0.9317657395079942,0.925772722955715,-0.00599301655227924
CX2_16,594.0,0.9346973770599329,0.9265282454366756,-0.008169131623257386
CX2_16,595.0,0.9364941714953,0.9368339710344841,0.00033979953918406025
CX2_16,596.0,0.937845877845447,0.9401258113799125,0.002279933534465428
CX2_16,597.0,0.9391599391436817,0.9417654346166883,0.0026054954730065916
CX2_16,598.0,0.939753408372226,0.943960858575234,0.004207450203008056
CX2_16,599.0,0.9402495264819511,0.9454629679476798,0.005213441465728663
CX2_16,600.0,0.9406533249545294,0.9463131727405539,0.005659847786024574
CX2_16,601.0,0.9406571509453537,0.9469444994220529,0.006287348476699206
CX2_16,602.0,0.9415545742465974,0.947440580096811,0.005886005850213594
CX2_16,603.0,0.9418297936305863,0.9475897326963321,0.005759939065745789
CX2_16,604.0,0.9384250914090251,0.9475897326963321,0.009164641287306985
CX2_16,605.0,0.9287984728613111,0.9475897326963321,0.018791259835020946
CX2_16,606.0,0.9276594009537948,0.9364925378786914,0.008833136924896512
CX2_16,607.0,0.924970153931495,0.9292886159853735,0.004318462053878536
CX2_16,608.0,0.9308154061801175,0.9292886159853735,-0.0015267901947439988
CX2_16,609.0,0.9336797850509507,0.9292886159853735,-0.004391169065577238
CX2_16,610.0,0.9255669539810394,0.9270575556529085,0.0014906016718690962
CX2_16,611.0,0.9263341500802651,0.9278870640983639,0.001552914018098761
CX2_16,612.0,0.9249739857225144,0.9278870640983639,0.0029130783758494205
CX2_16,613.0,0.926703768682227,0.9278870640983639,0.0011832954161368203
CX2_16,614.0,0.9318507546809736,0.9278870640983639,-0.003963690582609702
CX2_16,615.0,0.9239866029615091,0.9278870640983639,0.003900461136854716
CX2_16,616.0,0.9230256884590071,0.9223260616448747,-0.0006996268141323814
CX2_16,617.0,0.9215120521186712,0.9211398482131643,-0.00037220390550685156
CX2_16,618.0,0.9216603072326598,0.9211398482131643,-0.0005204590194954894
CX2_16,619.0,0.9285625677361222,0.9211398482131643,-0.007422719522957921
CX2_16,620.0,0.9355544924531456,0.926671643471313,-0.008882848981832558
CX2_16,621.0,0.9360707621550388,0.9325879009896584,-0.0034828611653804353
CX2_16,622.0,0.9439607024068587,0.9326792019362763,-0.011281500470582406
CX2_16,623.0,0.94334761485686,0.9416483663326981,-0.0016992485241619226
CX2_16,624.0,0.9368482496882311,0.9416483663326981,0.004800116644467001
CX2_16,625.0,0.9372167693893404,0.9368308178435467,-0.0003859515457936835
CX2_16,626.0,0.9339344183108674,0.9368308178435467,0.0028963995326792835
CX2_16,628.0,0.9411395911924898,0.9358632243932417,-0.0052763667992481444
CX2_16,629.0,0.9343421456542744,0.9298951213628475,-0.00444702429142696
CX2_16,631.0,0.9337188269927509,0.9298951213628475,-0.0038237056299034178
CX2_16,632.0,0.9331171334180813,0.9309435082779534,-0.002173625140127977
CX2_16,634.0,0.9458918078110762,0.9309435082779534,-0.014948299533122822
CX2_16,635.0,0.9389593861535059,0.933848300878163,-0.005111085275342986
CX2_16,636.0,0.9409863250939615,0.9421487629053859,0.0011624378114243328
CX2_16,637.0,0.9316439617725516,0.9421487629053859,0.010504801132834252
CX2_16,638.0,0.931604839201709,0.9421487629053859,0.01054392370367685
CX2_16,639.0,0.9296604768859056,0.9328345019361651,0.0031740250502595435
CX2_16,640.0,0.9308796814875672,0.9328345019361651,0.0019548204485979603
CX2_16,641.0,0.9364710932037329,0.9328345019361651,-0.003636591267567768
CX2_16,642.0,0.9294774465942446,0.9328345019361651,0.003357055341920545
CX2_16,643.0,0.9290623419109776,0.9290696818032367,7.339892259095038e-06
CX2_16,644.0,0.9282217515384964,0.9290696818032367,0.000847930264740282
CX2_16,645.0,0.9293666954136187,0.9290696818032367,-0.00029701361038203533
CX2_16,646.0,0.93421998381628,0.9290696818032367,-0.00515030201304334
CX2_16,647.0,0.9268620242729487,0.9290696818032367,0.002207657530287954
CX2_16,648.0,0.9226714449885347,0.9281422347970525,0.005470789808517784
CX2_16,649.0,0.9222507110392176,0.9206313894129565,-0.0016193216262611054
CX2_16,650.0,0.9202330004232654,0.9201879682045492,-4.5032218716212213e-05
CX2_16,651.0,0.9275730505925954,0.9201879682045492,-0.007385082388046249
CX2_16,652.0,0.9254716036170872,0.9187136282892685,-0.006757975327818744
CX2_16,653.0,0.9203572488566575,0.9179815829822395,-0.0023756658744179537
CX2_16,654.0,0.9215861896964589,0.9179815829822395,-0.0036046067142193605
CX2_16,655.0,0.9165727483985145,0.9166921538485702,0.00011940545005562075
CX2_16,656.0,0.9248079802493119,0.9166921538485702,-0.00811582640074171
CX2_16,657.0,0.9286377922932261,0.9191674856181224,-0.009470306675103624
CX2_16,658.0,0.9308112164970136,0.9278110086806923,-0.0030002078163212653
CX2_16,659.0,0.9323329778173001,0.9314812141020908,-0.0008517637152092306
CX2_16,660.0,0.9335899752993354,0.9338592676443395,0.0002692923450040574
CX2_16,661.0,0.9345708275517042,0.935613163802297,0.0010423362505928013
CX2_16,662.0,0.9353732677709675,0.9375274403127206,0.0021541725417530966
CX2_16,663.0,0.93597433995658,0.9385887526139869,0.002614412657406917
CX2_16,664.0,0.9366837633874314,0.9395969046991894,0.0029131413117580163
CX2_16,665.0,0.9374008713963702,0.940214280465725,0.0028134090693547886
CX2_16,666.0,0.9379002374465393,0.9415281017386238,0.003627864292084504
CX2_16,667.0,0.9381598864091826,0.9427634456353404,0.0046035592261578495
CX2_16,668.0,0.928175242635262,0.9427634456353404,0.014588203000078459
CX2_16,669.0,0.9266081326563373,0.9427634456353404,0.016155312979003078
CX2_16,670.0,0.9250724795288581,0.9264181071143772,0.001345627585519149
CX2_16,671.0,0.9257409115707274,0.9264181071143772,0.0006771955436498667
CX2_16,672.0,0.931569135500562,0.9264181071143772,-0.005151028386184753
CX2_16,673.0,0.9254522731266671,0.9254400739373784,-1.2199189288741863e-05
CX2_16,674.0,0.9245831322229859,0.9239472668410741,-0.0006358653819118487
CX2_16,675.0,0.9253117526900992,0.9257584597292832,0.0004467070391839245
CX2_16,676.0,0.9227597913643727,0.9253369566330695,0.0025771652686967794
CX2_16,677.0,0.9285142768707797,0.9253369566330695,-0.003177320237710224
CX2_16,678.0,0.9258579372837287,0.9253369566330695,-0.0005209806506591974
CX2_16,679.0,0.9232337834176381,0.9253369566330695,0.0021031732154314087
CX2_16,680.0,0.9246033495879669,0.9252237695765857,0.0006204199886188366
CX2_16,681.0,0.92192510283238,0.9234674802244678,0.0015423773920877348
CX2_16,682.0,0.9272158779441052,0.9234674802244678,-0.0037483977196374196
CX2_16,683.0,0.9267195397287943,0.9234674802244678,-0.003252059504326499
CX2_16,684.0,0.930420871041488,0.9252237695765857,-0.005197101464902265
CX2_16,685.0,0.9362619257782651,0.9310783148821914,-0.005183610896073665
CX2_16,686.0,0.9348111901548277,0.9340506561010282,-0.0007605340537994998
CX2_16,687.0,0.9300205424366436,0.9340506561010282,0.00403011366438466
CX2_16,688.0,0.9300410270074658,0.9340506561010282,0.004009629093562395
CX2_16,689.0,0.9234168257310532,0.9323863773062067,0.008969551575153445
CX2_16,690.0,0.9305940459837663,0.9323863773062067,0.001792331322440388
CX2_16,691.0,0.933879342285636,0.9323863773062067,-0.001492964979429301
CX2_16,692.0,0.935335445959862,0.9349399863990595,-0.00039545956080244693
CX2_16,693.0,0.936236932348441,0.9377612492613152,0.0015243169128742462
CX2_16,694.0,0.9371925520208357,0.9391076038766564,0.0019150518558206375
CX2_16,695.0,0.9379818784657089,0.9406895914818375,0.002707713016128599
CX2_16,696.0,0.9385691322353292,0.9415759689075134,0.0030068366721841544
CX2_16,697.0,0.938981724533327,0.9429521649011805,0.003970440367853545
CX2_16,698.0,0.9395221879201269,0.9432145690983462,0.0036923811782193505
CX2_16,699.0,0.9398662095921969,0.9432610594643174,0.0033948498721204645
CX2_16,700.0,0.9398914261407644,0.9445619299202019,0.0046705037794375626
CX2_16,701.0,0.9399622058145923,0.9446011259480095,0.004638920133417157
CX2_16,703.0,0.9244576694702062,0.9446011259480095,0.020143456477803245
CX2_16,704.0,0.9238556206086614,0.923194022975906,-0.0006615976327554174
CX2_16,705.0,0.923234457584934,0.923194022975906,-4.043460902802831e-05
CX2_16,706.0,0.9303432512453843,0.923194022975906,-0.0071492282694782805
CX2_16,707.0,0.9269753305468608,0.923194022975906,-0.0037813075709547395
CX2_16,708.0,0.920855221983368,0.9222628061035903,0.0014075841202223494
CX2_16,709.0,0.9189960127937226,0.9205574521667319,0.0015614393730093434
CX2_16,710.0,0.9164876866285622,0.9192954982318393,0.002807811603277144
CX2_16,711.0,0.9240049674317944,0.9192954982318393,-0.004709469199955074
CX2_16,712.0,0.9240016561155558,0.9187105255778547,-0.005291130537701139
CX2_16,713.0,0.9151476510300608,0.9155920129829562,0.00044436195289543345
CX2_16,714.0,0.9145001172371964,0.9099175383625923,-0.004582578874604115
CX2_16,715.0,0.9138482079998058,0.9085195927276051,-0.005328615272200743
CX2_16,716.0,0.9194965094525392,0.9085195927276051,-0.010976916724934171
CX2_16,717.0,0.9225130036946548,0.9085195927276051,-0.013993410967049758
CX2_16,718.0,0.9143299392665807,0.9084300371992002,-0.005899902067380447
CX2_16,719.0,0.9154923425832856,0.9119742338688513,-0.0035181087144342538
CX2_16,720.0,0.9147983542864883,0.9119742338688513,-0.0028241204176369106
CX2_16,721.0,0.9179484019357462,0.9119742338688513,-0.0059741680668948804
CX2_16,722.0,0.9231693604812905,0.9119742338688513,-0.011195126612439155
CX2_16,723.0,0.9158381940866872,0.9119742338688513,-0.00386396021783586
CX2_16,724.0,0.9165374048703475,0.9146273639808268,-0.0019100408895207366
CX2_16,725.0,0.9164089956183298,0.9146273639808268,-0.0017816316375030006
CX2_16,726.0,0.9169653017748284,0.9146273639808268,-0.002337937794001599
CX2_16,727.0,0.9241616629967676,0.9146273639808268,-0.009534299015940828
CX2_16,728.0,0.9271418860779712,0.9193314659022587,-0.00781042017571254
CX2_16,729.0,0.9285729169516421,0.9265662624300993,-0.0020066545215428055
CX2_16,730.0,0.929726966040235,0.9283615546038055,-0.0013654114364294312
CX2_16,731.0,0.9308753763865554,0.9302021060266534,-0.0006732703599019452
CX2_16,732.0,0.9317951221173062,0.9317925424039342,-2.5797133720306675e-06
CX2_16,733.0,0.9324602306573802,0.9339836832467672,0.0015234525893870199
CX2_16,734.0,0.9211920174513678,0.9339836832467672,0.012791665795399365
CX2_16,735.0,0.9233237801367588,0.9339836832467672,0.010659903110008417
CX2_16,736.0,0.9314147673742554,0.9353847255085274,0.003969958134271923
CX2_16,737.0,0.9279041895671933,0.9257809608910581,-0.002123228676135236
CX2_16,738.0,0.9225931149115182,0.9229994102718975,0.00040629536037928293
CX2_16,739.0,0.9225120553165524,0.9212007770948322,-0.00131127822172028
CX2_16,740.0,0.9196388814816279,0.9201114360796497,0.00047255459802186817
CX2_16,741.0,0.9255969806338435,0.9201114360796497,-0.005485544554193811
CX2_16,742.0,0.9250816277295563,0.9195787993154914,-0.005502828414064909
CX2_16,743.0,0.9198256640275053,0.9181442845639977,-0.0016813794635076595
CX2_16,744.0,0.9186553125100158,0.9158541611671722,-0.002801151342843533
CX2_16,745.0,0.9154367749558341,0.9158541611671722,0.00041738621133813325
CX2_16,747.0,0.9157123702052689,0.9146361951152485,-0.001076175090020337
CX2_16,748.0,0.9165960190639891,0.9071670057810304,-0.009429013282958754
CX2_16,749.0,0.9182341193116579,0.9071670057810304,-0.011067113530627504
CX2_16,750.0,0.9233992838873745,0.9071670057810304,-0.01623227810634409
CX2_16,751.0,0.9100280954225103,0.9026188961954869,-0.007409199227023433
CX2_16,752.0,0.9079087037166561,0.9026188961954869,-0.005289807521169254
CX2_16,753.0,0.9100146268304766,0.9020564671382482,-0.007958159692228461
CX2_16,754.0,0.9088376201711895,0.9020564671382482,-0.006781153032941356
CX2_16,755.0,0.9177644089101433,0.9020564671382482,-0.015707941771895162
CX2_16,756.0,0.9090978941128877,0.9020564671382482,-0.0070414269746394975
CX2_16,757.0,0.9070258378026383,0.9020564671382482,-0.0049693706643901825
CX2_16,758.0,0.9074885959034029,0.8981998579153883,-0.009288737988014661
CX2_16,759.0,0.9052536434339425,0.8970568326209405,-0.008196810813002053
CX2_16,760.0,0.9148152427116828,0.8970568326209405,-0.017758410090742305
CX2_16,761.0,0.9114199070560991,0.8970568326209405,-0.014363074435158607
CX2_16,762.0,0.9055674286177636,0.8970568326209405,-0.008510595996823134
CX2_16,763.0,0.9046755817756865,0.8961216038074824,-0.008553977968204118
CX2_16,764.0,0.9007058862239523,0.8943962190169578,-0.006309667206994551
CX2_16,765.0,0.9122770167622927,0.8943962190169578,-0.01788079774533491
CX2_16,766.0,0.9162032836601464,0.8943962190169578,-0.0218070646431886
CX2_16,767.0,0.9182567726052782,0.9093769013562877,-0.008879871248990479
CX2_16,768.0,0.919972649575541,0.9132495535455252,-0.006723096030015863
CX2_16,769.0,0.9214280928406712,0.9160381702734348,-0.00538992256723636
CX2_16,770.0,0.9226097526747036,0.9179645273647657,-0.004645225309937828
CX2_16,771.0,0.9234054402763978,0.9198029463896237,-0.0036024938867741385
CX2_16,772.0,0.9241376408495752,0.9214082037421397,-0.0027294371074354506
CX2_16,773.0,0.9245313188028883,0.9220964865285437,-0.0024348322743446005
CX2_16,774.0,0.9251160149120569,0.923030540554408,-0.002085474357648831
CX2_16,775.0,0.9256509036171087,0.9240134949548691,-0.0016374086622396034
CX2_16,776.0,0.9258856539928595,0.925202317748158,-0.0006833362447015157
CX2_16,777.0,0.9119882543880861,0.925202317748158,0.013214063360071915
CX2_16,778.0,0.9093964175660036,0.925202317748158,0.01580590018215433
CX2_16,779.0,0.9075373600930658,0.9026231109143419,-0.004914249178723962
CX2_16,780.0,0.9074424519904444,0.9026231109143419,-0.00481934107610249
CX2_16,781.0,0.9159253924108991,0.9026231109143419,-0.013302281496557211
CX2_16,782.0,0.9095332869490458,0.9026231109143419,-0.0069101760347038965
CX2_16,783.0,0.9042363359586466,0.9004386113151078,-0.00379772464353878
CX2_16,784.0,0.9019815795729326,0.8967126421166958,-0.0052689374562368
CX2_16,785.0,0.8984077931789041,0.8961648191159202,-0.0022429740629839046
CX2_16,786.0,0.9102468322852904,0.8961648191159202,-0.014082013169370189
CX2_16,787.0,0.9080876078769433,0.8911831138010062,-0.016904494075937082
CX2_16,788.0,0.8983146925505828,0.8901090993276736,-0.008205593222909258
CX2_16,789.0,0.8990436434680024,0.8887462612565923,-0.010297382211410078
CX2_16,790.0,0.8969562212008867,0.8887462612565923,-0.00820995994429441
CX2_16,791.0,0.9034543989150375,0.8887462612565923,-0.014708137658445253
CX2_16,792.0,0.9092966154277766,0.8887462612565923,-0.020550354171184337
CX2_16,793.0,0.899556056690601,0.8890893381666352,-0.010466718523965857
CX2_16,794.0,0.898875326637064,0.8890893381666352,-0.009785988470428886
CX2_16,795.0,0.8977859449681119,0.8890893381666352,-0.00869660680147677
CX2_16,796.0,0.8994754392469272,0.8890893381666352,-0.010386101080292032
CX2_16,797.0,0.9032393735082948,0.8890893381666352,-0.014150035341659595
CX2_16,798.0,0.9147547123185416,0.8964586522818363,-0.018296060036705253
CX2_16,799.0,0.9179724031035871,0.9002898253422621,-0.01768257776132498
CX2_16,800.0,0.9193073929589796,0.9146581791346075,-0.0046492138243721115
CX2_16,801.0,0.9200441945110115,0.9168313014551713,-0.0032128930558401603
CX2_16,802.0,0.9208471408868634,0.9183528812317445,-0.0024942596551188467
CX2_16,803.0,0.9215195035709005,0.9193002036237493,-0.0022192999471511987
CX2_16,804.0,0.9219919352969268,0.9196721997301138,-0.002319735566812975
CX2_16,806.0,0.9206475340970158,0.9196721997301138,-0.0009753343669020031
CX2_16,808.0,0.9222224351366735,0.9193470590672045,-0.002875376069468971
CX2_16,809.0,0.9234003706644174,0.9193470590672045,-0.004053311597212894
CX2_16,810.0,0.9170044377353159,0.9193470590672045,0.0023426213318885614
CX2_16,811.0,0.9066037562133036,0.905215223181275,-0.0013885330320285716
CX2_16,812.0,0.9014085215360659,0.905215223181275,0.003806701645209132
CX2_16,813.0,0.8949265527621019,0.8964006352218973,0.0014740824597954116
CX2_16,814.0,0.9058466194648406,0.8964006352218973,-0.009445984242943295
CX2_16,815.0,0.9048457884151138,0.8928503745458468,-0.011995413869266947
CX2_16,816.0,0.8937168636955746,0.8893027702681884,-0.00441409342738619
CX2_16,817.0,0.892143148845173,0.8792061528523869,-0.012936995992786082
CX2_16,818.0,0.886548643724923,0.8781146685389998,-0.00843397518592326
CX2_16,819.0,0.8930276848452339,0.8781146685389998,-0.014913016306234095
CX2_16,820.0,0.900078188144975,0.8781146685389998,-0.0219635196059752
CX2_16,821.0,0.8873974907477848,0.8770710520048904,-0.010326438742894406
CX2_16,822.0,0.8845872197926213,0.8676438621268602,-0.01694335766576116
CX2_16,823.0,0.8838680591572617,0.8676438621268602,-0.016224197030401566
CX2_16,824.0,0.8858061365666476,0.8676438621268602,-0.018162274439787462
CX2_16,825.0,0.8946444688193024,0.8676438621268602,-0.027000606692442197
CX2_16,826.0,0.8890084436502813,0.8684651217538375,-0.02054332189644381
CX2_16,827.0,0.8849955434172235,0.8684651217538375,-0.01653042166338603
CX2_16,828.0,0.88493284131672,0.8684651217538375,-0.01646771956288251
CX2_16,829.0,0.8837193005570441,0.8674592352395375,-0.016260065317506567
CX2_16,830.0,0.8927936743640915,0.8674592352395375,-0.02533443912455402
CX2_16,831.0,0.8924821709443838,0.8674592352395375,-0.02502293570484626
CX2_16,832.0,0.8847976404029599,0.8685121433898446,-0.016285497013115324
CX2_16,833.0,0.8856130002382935,0.870657489908672,-0.014955510329621502
CX2_16,834.0,0.8833829154576379,0.870657489908672,-0.01272542554896594
CX2_16,835.0,0.8880648420388624,0.870657489908672,-0.0174073521301904
CX2_16,836.0,0.8937618942846728,0.870657489908672,-0.02310440437600081
CX2_16,837.0,0.8963404509440164,0.879343490427181,-0.016996960516835413
CX2_16,838.0,0.8980495776013204,0.8851838414864518,-0.012865736114868631
CX2_16,839.0,0.8993937221468532,0.8878258688781343,-0.011567853268718897
CX2_16,840.0,0.9003652685406395,0.8898547622023135,-0.010510506338325953
CX2_16,841.0,0.901478566875538,0.8919663269117633,-0.009512239963774705
CX2_16,842.0,0.9025455661851933,0.893334819003339,-0.009210747181854329
CX2_16,843.0,0.9027634242569798,0.8951396224689175,-0.007623801788062212
CX2_16,844.0,0.9032772359889135,0.8958109096786787,-0.007466326310234805
CX2_16,845.0,0.9044172694275928,0.8960383009266449,-0.008378968500947881
CX2_16,846.0,0.9048981794875791,0.8974242110883692,-0.007473968399209885
CX2_16,847.0,0.8874260005579129,0.8974242110883692,0.009998210530456353
CX2_16,848.0,0.8864178054323367,0.8974242110883692,0.011006405656032503
CX2_16,849.0,0.8818240539897841,0.874870025244312,-0.0069540287454721295
CX2_16,851.0,0.9081054997037545,0.874870025244312,-0.03323547445944253
CX2_16,852.0,0.8964141199838965,0.874870025244312,-0.02154409473958452
CX2_16,853.0,0.9019158165297761,0.8892138593736447,-0.012701957156131427
CX2_16,854.0,0.8907383261116281,0.8892138593736447,-0.0015244667379833432
CX2_16,855.0,0.891664355838085,0.8892138593736447,-0.0024504964644402882
CX2_16,856.0,0.8882565609901724,0.8844456994676179,-0.0038108615225544984
CX2_16,857.0,0.888500890012404,0.8825933496867203,-0.005907540325683636
CX2_16,858.0,0.8966926027788412,0.8825933496867203,-0.0140992530921209
CX2_16,859.0,0.8916534113909739,0.8825933496867203,-0.009060061704253553
CX2_16,860.0,0.8872546344694936,0.8773750814140022,-0.009879553055491375
CX2_16,861.0,0.8873923877204603,0.8773750814140022,-0.01001730630645803
CX2_16,862.0,0.8826997240322271,0.8759235362474065,-0.0067761877848205865
CX2_16,863.0,0.8931571912682393,0.8759235362474065,-0.01723365502083285
CX2_16,864.0,0.8934079408054522,0.8759235362474065,-0.017484404558045674
CX2_16,865.0,0.8850638542755386,0.8755446568670793,-0.009519197408459301
CX2_16,866.0,0.8854078973569413,0.8726163986988581,-0.012791498658083156
CX2_16,867.0,0.8838870910361701,0.8726163986988581,-0.011270692337312038
CX2_16,868.0,0.8881172392983129,0.8726163986988581,-0.01550084059945478
CX2_16,869.0,0.8948611531112056,0.8726163986988581,-0.022244754412347523
CX2_16,870.0,0.8974858851061563,0.8830710953002529,-0.014414789805903494
CX2_16,871.0,0.8993119160683942,0.8891418180786684,-0.01017009798972579
CX2_16,872.0,0.9012673306159836,0.8902398701508519,-0.0110274604651317
CX2_16,873.0,0.9031467824191596,0.8929487292217363,-0.010198053197423285
CX2_16,874.0,0.9042036960748362,0.895759973789936,-0.008443722284900201
CX2_16,875.0,0.9051582566719439,0.8990201322835901,-0.006138124388353816
CX2_16,876.0,0.9056158676309795,0.8997157471365245,-0.005900120494454986
CX2_16,877.0,0.9063138604192256,0.900352184277624,-0.005961676141601591
CX2_16,878.0,0.9067105770639391,0.9008498659667745,-0.005860711097164573
CX2_16,879.0,0.9074732436316595,0.9022980268176014,-0.005175216814058081
CX2_16,880.0,0.9006057833294512,0.9022980268176014,0.0016922434881502246
CX2_16,881.0,0.8879747921982283,0.9022980268176014,0.014323234619373126
CX2_16,882.0,0.8866905213083497,0.8839537233218929,-0.0027367979864567626
CX2_16,883.0,0.8843583998888526,0.8759104046634136,-0.008447995225438931
CX2_16,884.0,0.8935135721392007,0.8759104046634136,-0.01760316747578705
CX2_16,885.0,0.897164905343155,0.8759104046634136,-0.02125450067974133
CX2_16,886.0,0.8833753569538743,0.8743030840589229,-0.009072272894951383
CX2_16,887.0,0.8826389993174069,0.8709384855095178,-0.011700513807889057
CX2_16,888.0,0.8816507687506123,0.8702572664778919,-0.011393502272720402
CX2_16,889.0,0.8812288490709583,0.8702572664778919,-0.010971582593066409
CX2_16,890.0,0.889324865592982,0.8702572664778919,-0.01906759911509004
CX2_16,891.0,0.8814842520781744,0.8702572664778919,-0.011226985600282458
CX2_16,892.0,0.8784360998361055,0.8678151035325786,-0.010620996303526864
CX2_16,893.0,0.8786556685788386,0.8640397213130865,-0.014615947265752105
CX2_16,894.0,0.8769261726168135,0.8638658645027174,-0.013060308114096086
CX2_16,895.0,0.8848805664182117,0.8638658645027174,-0.02101470191549426
CX2_16,896.0,0.884480154789988,0.8640397213130865,-0.0204404334769015
CX2_16,897.0,0.876417380118687,0.8640397213130865,-0.012377658805600489
CX2_16,898.0,0.8768252338802072,0.861432934270036,-0.01539229961017119
CX2_16,899.0,0.8735683412189628,0.861432934270036,-0.012135406948926786
CX2_16,900.0,0.877927428764562,0.861432934270036,-0.016494494494526002
CX2_16,901.0,0.8666947733609487,0.8602816529663562,-0.00641312039459252
CX2_16,902.0,0.8680160553518967,0.8536013804697284,-0.014414674882168299
CX2_16,903.0,0.8812525485272655,0.8536013804697284,-0.02765116805753709
CX2_16,904.0,0.886631040468009,0.8682082746091367,-0.01842276585887226
CX2_16,905.0,0.8889822761691442,0.8718309457906084,-0.01715133037853578
CX2_16,906.0,0.8908837435271248,0.8763543020958259,-0.014529441431298973
CX2_16,907.0,0.8923771859868583,0.8787973470110827,-0.013579838975775638
CX2_16,908.0,0.8933535279531208,0.8807948323046088,-0.012558695648512086
CX2_16,909.0,0.8938103987507858,0.8824712422715321,-0.011339156479253765
CX2_16,910.0,0.8940580345146736,0.8837566993381352,-0.010301335176538418
CX2_16,911.0,0.8943375251678117,0.8843201822886773,-0.010017342879134472
CX2_16,913.0,0.89450256804411,0.8846678800184552,-0.009834688025654792
CX2_16,914.0,0.8957884152136789,0.8852872102071225,-0.01050120500655638
CX2_16,915.0,0.8869221277758305,0.8852872102071225,-0.0016349175687079276
CX2_16,916.0,0.8732915446411799,0.8631851947474094,-0.010106349893770461
CX2_16,917.0,0.8765543324742284,0.8643837128533479,-0.012170619620880507
CX2_16,918.0,0.8723134701622185,0.8631851947474094,-0.009128275414809095
CX2_16,919.0,0.8802315470570417,0.8631851947474094,-0.01704635230963225
CX2_16,920.0,0.8852567038527426,0.8643837128533479,-0.02087299099939466
CX2_16,921.0,0.8722660667979745,0.8643837128533479,-0.007882353944626552
CX2_16,922.0,0.8716148303123862,0.8529675669909879,-0.018647263321398322
CX2_16,924.0,0.8644400183885742,0.8529675669909879,-0.011472451397586347
CX2_16,925.0,0.872363134882583,0.8529675669909879,-0.019395567891595134
CX2_16,926.0,0.8808536118137712,0.8529675669909879,-0.02788604482278334
CX2_16,927.0,0.8710664931895852,0.8529675669909879,-0.01809892619859732
CX2_16,928.0,0.8707785939940252,0.8529427994999573,-0.017835794494067914
CX2_16,929.0,0.8698207999697426,0.8529427994999573,-0.01687800046978527
CX2_16,930.0,0.8700127583772218,0.8529427994999573,-0.01706995887726448
CX2_16,931.0,0.8799932679034339,0.8529427994999573,-0.02705046840347658
CX2_16,932.0,0.8773892190098188,0.8546412811968488,-0.02274793781297002
CX2_16,933.0,0.8711616885498592,0.8546412811968488,-0.016520407353010413
CX2_16,934.0,0.8717612628587668,0.8546412811968488,-0.01711998166191797
CX2_16,935.0,0.8668064996815852,0.8540142872220456,-0.012792212459539543
CX2_16,936.0,0.8749188694949965,0.8540142872220456,-0.02090458227295089
CX2_16,937.0,0.8808474717781458,0.8540142872220456,-0.026833184556100176
CX2_16,938.0,0.8839336845603929,0.8629858590345754,-0.02094782552581753
CX2_16,939.0,0.8857892024638597,0.868767026408447,-0.017022176055412674
CX2_16,940.0,0.8872773156498878,0.8718578192217857,-0.01541949642810203
CX2_16,941.0,0.888538393695016,0.8743127918785709,-0.014225601816445055
CX2_16,942.0,0.8899396281583999,0.8760477627244692,-0.013891865433930728
CX2_16,943.0,0.8907264119503644,0.8785061384278688,-0.01222027352249555
CX2_16,944.0,0.8912164060661162,0.880374858540695,-0.010841547525421213
CX2_16,945.0,0.8916716876862426,0.8806053490712537,-0.011066338614988958
CX2_16,946.0,0.8921593486206749,0.8809254949169674,-0.011233853703707553
CX2_16,947.0,0.8926161356484783,0.8820662612977962,-0.010549874350682109
CX2_16,948.0,0.8858349260857571,0.8820662612977962,-0.003768664787960896
CX2_16,949.0,0.8743894015376834,0.8820662612977962,0.007676859760112786
CX2_16,950.0,0.8732431885140937,0.8653604037457101,-0.007882784768383555
CX2_16,951.0,0.8710223068818396,0.8570562259612209,-0.013966080920618684
CX2_16,952.0,0.8793575047153036,0.8570562259612209,-0.02230127875408272
CX2_16,953.0,0.8840922782877748,0.8570562259612209,-0.027036052326553928
CX2_16,954.0,0.8726183407994361,0.8568792352397808,-0.015739105559655298
CX2_16,955.0,0.8715668390068977,0.8551431795030585,-0.016423659503839172
CX2_16,956.0,0.8694474718065585,0.8551431795030585,-0.014304292303499944
CX2_16,957.0,0.8705207693863477,0.8551431795030585,-0.015377589883289189
CX2_16,958.0,0.8801873225485947,0.8551431795030585,-0.02504414304553615
CX2_16,959.0,0.8729357869210352,0.8545735697497961,-0.018362217171239092
CX2_16,960.0,0.8686401893194969,0.8510592803116044,-0.017580909007892553
CX2_16,961.0,0.8682451707711986,0.8510592803116044,-0.017185890459594177
CX2_16,962.0,0.8658586894184049,0.8503477404753697,-0.015510948943035285
CX2_16,963.0,0.8752649398555253,0.8503477404753697,-0.024917199380155686
CX2_16,964.0,0.8757957568848306,0.8503477404753697,-0.025448016409460927
CX2_16,965.0,0.8675783739100476,0.849316654957934,-0.018261718952113593
CX2_16,967.0,0.864752970261192,0.8495414813169543,-0.015211488944237739
CX2_16,968.0,0.8580273678981599,0.8478321869573165,-0.010195180940843374
CX2_16,969.0,0.8690747487837014,0.8478321869573165,-0.021242561826384843
CX2_16,970.0,0.8745585444506089,0.8495414813169543,-0.025017063133654593
CX2_16,971.0,0.8768322639183974,0.8554508048625926,-0.021381459055804797
CX2_16,972.0,0.8780319279530482,0.8608062166561352,-0.01722571129691297
CX2_16,973.0,0.879344241095461,0.8629949000293229,-0.016349341066138168
CX2_16,974.0,0.8518614489424935,0.8629949000293229,0.011133451086829393
CX2_16,975.0,0.8638535471546971,0.8629949000293229,-0.0008586471253742012
CX2_16,976.0,0.8754935424423825,0.8641336179749279,-0.011359924467454596
CX2_16,977.0,0.8634220417376626,0.8534123447329899,-0.01000969700467269
CX2_16,978.0,0.8604304407381049,0.8368948654569687,-0.023535575281136256
CX2_16,979.0,0.8600664861845694,0.8368948654569687,-0.023171620727600706
CX2_16,980.0,0.8599015801426428,0.8360740638402337,-0.02382751630240909
CX2_16,981.0,0.8729596231336946,0.8360740638402337,-0.03688555929346082
CX2_16,982.0,0.8665459377218765,0.8355415238355693,-0.031004413886307147
CX2_16,983.0,0.8529268979504696,0.8350427414769609,-0.017884156473508717
CX2_16,984.0,0.8502713171440568,0.8334037475298567,-0.016867569614200106
CX2_16,985.0,0.8478580105302963,0.8209267902411206,-0.026931220289175717
CX2_16,986.0,0.8596554816861605,0.8209267902411206,-0.038728691445039876
CX2_16,987.0,0.8674219549114012,0.8209267902411206,-0.046495164670280587
CX2_16,988.0,0.849297907454598,0.8182733304453924,-0.03102457700920558
CX2_16,989.0,0.8504911450982066,0.8208348363829228,-0.029656308715283797
CX2_16,990.0,0.8489922813241888,0.8208348363829228,-0.02815744494126604
CX2_16,991.0,0.8496280050264342,0.8208348363829228,-0.028793168643511446
CX2_16,992.0,0.8612722974343305,0.8208348363829228,-0.040437461051407775
CX2_16,993.0,0.8656203078884399,0.8241978212205796,-0.0414224866678603
CX2_16,994.0,0.8681588510958455,0.8402393641831831,-0.027919486912662328
CX2_16,995.0,0.8705294604999017,0.8447081210870807,-0.025821339412820943
CX2_16,996.0,0.8727747947691444,0.8481363897418841,-0.024638405027260335
CX2_16,997.0,0.8744362935022468,0.8508876481767202,-0.023548645325526585
CX2_16,998.0,0.875427268475548,0.8546114165205215,-0.020815851955026443
CX2_16,999.0,0.8761425775461696,0.8564239892284531,-0.019718588317716557
CX2_16,1000.0,0.876827156413226,0.8578091163986225,-0.0190180400146035
CX2_16,1001.0,0.8786526039974076,0.8578302341559523,-0.020822369841455357
CX2_16,1002.0,0.879528593494373,0.8591459407045217,-0.020382652789851297
CX2_16,1003.0,0.8801482522333587,0.8618933342492973,-0.018254917984061425
CX2_16,1004.0,0.8617549323591797,0.8618933342492973,0.00013840189011760096
CX2_16,1005.0,0.8508087751030767,0.8618933342492973,0.01108455914622053
CX2_16,1006.0,0.8505514235485538,0.8293967239066408,-0.021154699641913077
CX2_16,1007.0,0.849102366773414,0.8221690513034383,-0.026933315469975683
CX2_16,1008.0,0.8475625763371097,0.8219602615223729,-0.02560231481473685
CX2_16,1009.0,0.8446461169840283,0.8183222040827006,-0.02632391290132763
CX2_16,1010.0,0.8437596382984965,0.8168465711414887,-0.02691306715700781
CX2_16,1011.0,0.8453390679471083,0.814997731687386,-0.03034133625972235
CX2_16,1012.0,0.8448804460656261,0.8139984546149918,-0.030881991450634305
CX2_16,1013.0,0.8428355312172711,0.8124761473880838,-0.030359383829187236
CX2_16,1014.0,0.8418304064163475,0.8124761473880838,-0.02935425902826372
CX2_16,1015.0,0.8406620927551495,0.8110063353966684,-0.029655757358481027
CX2_16,1016.0,0.8432078609783261,0.8110063353966684,-0.032201525581657675
CX2_16,1017.0,0.8436795405196533,0.8110063353966684,-0.03267320512298488
CX2_16,1018.0,0.8402963772815332,0.808980294840474,-0.03131608244105921
CX2_16,1019.0,0.8401896402080756,0.8083509133283517,-0.03183872687972389
CX2_16,1020.0,0.8399877618447114,0.8083509133283517,-0.03163684851635962
CX2_16,1021.0,0.8398787229436037,0.8071384544340378,-0.032740268509565906
CX2_16,1022.0,0.8412057684952383,0.8071384544340378,-0.03406731406120056
CX2_16,1023.0,0.841025992097427,0.8083509133283517,-0.03267507876907527
CX2_16,1024.0,0.8466867789468775,0.8085041595637127,-0.038182619383164806
CX2_16,1025.0,0.8474400269100854,0.8087912803850033,-0.0386487465250821
CX2_16,1026.0,0.8441658522054499,0.8150589422870592,-0.02910690991839071
CX2_16,1027.0,0.8421220466653186,0.8150589422870592,-0.02706310437825943
CX2_16,1028.0,0.8414578302206082,0.8150589422870592,-0.026398887933548942
CX2_16,1029.0,0.8400134306271055,0.8091860674834696,-0.03082736314363599
CX2_16,1031.0,0.8334479894501104,0.8076701615239811,-0.02577782792612937
CX2_16,1032.0,0.8355014690888859,0.8063258111416772,-0.029175657947208666
CX2_16,1033.0,0.8350897018378942,0.8027505780777987,-0.03233912376009551
CX2_16,1034.0,0.8348057342326841,0.7999983844457625,-0.03480734978692157
CX2_16,1035.0,0.8356601418542272,0.7996497745498622,-0.03601036730436502
CX2_16,1036.0,0.8382825037556625,0.7996497745498622,-0.0386327292058003
CX2_16,1037.0,0.8415895289236079,0.7996497745498622,-0.04193975437374575
CX2_16,1038.0,0.8408648654024841,0.8051323520304166,-0.03573251337206751
CX2_16,1039.0,0.8402796206371621,0.8077611988921201,-0.03251842174504205
CX2_16,1040.0,0.8367599223838046,0.8077611988921201,-0.02899872349168453
CX2_16,1041.0,0.8350113951181241,0.8077611988921201,-0.027250196226003998
CX2_16,1042.0,0.8364642376865312,0.8021250646718694,-0.03433917301466183
CX2_16,1043.0,0.8371171077569415,0.8021250646718694,-0.03499204308507209
CX2_16,1044.0,0.835476882658378,0.8019458239983327,-0.033531058660045354
CX2_16,1045.0,0.834421968041642,0.8010853776892635,-0.03333659035237857
CX2_16,1046.0,0.8332862545412941,0.8010853776892635,-0.03220087685203066
CX2_16,1047.0,0.8333316874494867,0.7993270254833378,-0.03400466196614893
CX2_16,1048.0,0.8336912839315634,0.7993270254833378,-0.03436425844822566
CX2_16,1049.0,0.8282111523793773,0.7977552992040619,-0.030455853175315406
CX2_16,1050.0,0.8309924328927296,0.7975223013242644,-0.03347013156846523
CX2_16,1051.0,0.8309161464173969,0.7960631140687554,-0.034853032348641455
CX2_16,1052.0,0.8293503328400333,0.7952680718204858,-0.03408226101954759
CX2_16,1053.0,0.8286260333805101,0.7925183776586796,-0.0361076557218305
CX2_16,1054.0,0.8263861543217736,0.7925183776586796,-0.03386777666309404
CX2_16,1055.0,0.8249821021416307,0.7918919193695464,-0.03309018277208431
CX2_16,1056.0,0.8237298436762902,0.7862952043055768,-0.03743463937071345
CX2_16,1057.0,0.822362927809137,0.7856360795469343,-0.03672684826220274
CX2_16,1058.0,0.8221597194737534,0.783194199038934,-0.03896552043481949
CX2_16,1059.0,0.822325237277484,0.783053569946811,-0.039271667330673
CX2_16,1060.0,0.8223908326517113,0.783053569946811,-0.039337262704900344
CX2_16,1061.0,0.8222857141229959,0.7822271818220995,-0.0400585323008964
CX2_16,1062.0,0.8219392368638695,0.7822271818220995,-0.03971205504177
CX2_16,1063.0,0.822709886718325,0.783053569946811,-0.039656316771514044
CX2_16,1064.0,0.822896269774173,0.7831910007135081,-0.03970526906066485
CX2_16,1065.0,0.8206749718167528,0.7821903077245963,-0.03848466409215645
CX2_16,1066.0,0.8188060368786018,0.7815622594727617,-0.03724377740584006
CX2_16,1067.0,0.8157527200556338,0.777228187593457,-0.0385245324621768
CX2_16,1068.0,0.815598046141909,0.7769794452814832,-0.03861860086042579
CX2_16,1069.0,0.8198752070509937,0.7769794452814832,-0.04289576176951049
CX2_16,1070.0,0.8239113655632957,0.777228187593457,-0.046683177969838674
CX2_16,1072.0,0.8274122809294062,0.7795883087967231,-0.04782397213268308
CX2_16,1073.0,0.8211158115561606,0.7795883087967231,-0.04152750275943751
CX2_16,1074.0,0.8203030128072446,0.7795883087967231,-0.04071470401052146
CX2_16,1075.0,0.8190559996332689,0.77554066568035,-0.043515333952918955
CX2_16,1076.0,0.8177166899511977,0.7741590548828237,-0.04355763506837407
CX2_16,1077.0,0.8221727271641169,0.7741590548828237,-0.048013672281293274
CX2_16,1078.0,0.8222885584427447,0.77554066568035,-0.04674789276239477
CX2_16,1079.0,0.8172495288182122,0.7732880467595328,-0.043961482058679446
CX2_16,1080.0,0.8171973806817209,0.7718282811953038,-0.0453690994864171
CX2_16,1081.0,0.8173223217283251,0.7722991225216758,-0.04502319920664932
CX2_16,1082.0,0.817705140748885,0.7722991225216758,-0.045406018227209244
CX2_16,1083.0,0.8216283148786802,0.7722991225216758,-0.04932919235700439
CX2_16,1084.0,0.8181981086553172,0.7724387672601014,-0.04575934139521576
CX2_16,1085.0,0.8152214261877773,0.7724387672601014,-0.042782658927675854
CX2_16,1086.0,0.8156138859876187,0.7724387672601014,-0.043175118727517336
CX2_16,1087.0,0.8161321876669824,0.7711435330604921,-0.044988654606490264
CX2_16,1088.0,0.8165239154657756,0.7711435330604921,-0.045380382405283526
CX2_16,1089.0,0.8273597910588426,0.7711435330604921,-0.056216257998350505
CX2_16,1090.0,0.8237251467765595,0.7720859700215856,-0.05163917675497387
CX2_16,1091.0,0.8259179782681546,0.781515456738965,-0.044402521529189554
CX2_16,1092.0,0.8259651965566038,0.7856531074664894,-0.04031208909011441
CX2_16,1093.0,0.8254644188048486,0.7856531074664894,-0.039811311338359134
CX2_16,1094.0,0.8276169398026271,0.7856531074664894,-0.04196383233613765
CX2_16,1095.0,0.8276769963463069,0.78614348971168,-0.04153350663462685
CX2_16,1096.0,0.8266452428143153,0.7870442716101337,-0.0396009712041816
CX2_16,1097.0,0.8250449635036301,0.7870442716101337,-0.03800069189349642
CX2_16,1098.0,0.8234634235480387,0.7870442716101337,-0.036419151937905014
CX2_16,1099.0,0.8289888824760798,0.7870442716101337,-0.04194461086594614
CX2_16,1100.0,0.832963125537142,0.7870442716101337,-0.04591885392700834
CX2_16,1101.0,0.8283630175515123,0.7880857975928509,-0.0402772199586614
CX2_16,1102.0,0.8230325557116633,0.7880857975928509,-0.03494675811881243
CX2_16,1103.0,0.8179752741565355,0.7880857975928509,-0.02988947656368457
CX2_16,1104.0,0.8153271029208373,0.7783161708613335,-0.03701093205950379
CX2_16,1105.0,0.8202675534789581,0.7783161708613335,-0.041951382617624544
CX2_16,1106.0,0.8184870527192678,0.7752977127828047,-0.04318933993646312
CX2_16,1107.0,0.8136334648771596,0.7735282551915988,-0.04010520968556075
CX2_16,1108.0,0.8146918806763508,0.7700234537479238,-0.044668426928426985
CX2_16,1109.0,0.8133097674344925,0.7700234537479238,-0.043286313686568656
CX2_16,1110.0,0.8154926349618398,0.7700234537479238,-0.045469181213915966
CX2_16,1111.0,0.8172808316524268,0.7700234537479238,-0.04725737790450302
CX2_16,1113.0,0.8109028192398411,0.7700005549573261,-0.04090226428251498
CX2_16,1114.0,0.8133328716810034,0.7690978208334173,-0.044235050847586166
CX2_16,1115.0,0.8130034199661255,0.7681404049311876,-0.044863015034937836
CX2_16,1116.0,0.816694170230814,0.7681404049311876,-0.048553765299626406
CX2_16,1117.0,0.8195474514968334,0.7690978208334173,-0.05044963066341612
CX2_16,1118.0,0.8170717164157898,0.7729704155854179,-0.04410130083037189
CX2_16,1119.0,0.8153716399571737,0.7729704155854179,-0.04240122437175575
CX2_16,1120.0,0.8160026918600293,0.7732184767904761,-0.04278421506955321
CX2_16,1121.0,0.8141435848062825,0.7729704155854179,-0.04117316922086456
CX2_16,1122.0,0.8310600149085381,0.7720278109531865,-0.05903220395535158
CX2_16,1123.0,0.8043163672667306,0.7695738603342266,-0.034742506932504025
CX2_16,1124.0,0.8008543817021279,0.768972084055918,-0.03188229764620987
CX2_16,1125.0,0.7995829081146486,0.7414267434123494,-0.05815616470229923
CX2_16,1173.0,0.8358809014390615,0.7168639279995783,-0.11901697343948314
CX2_16,1274.0,0.8105767818739139,0.6797239721049458,-0.13085280976896807
CX2_16,1275.0,0.8216797035964765,0.7270458311472014,-0.09463387244927501
CX2_16,1276.0,0.8012854636102441,0.7367512812029385,-0.06453418240730557
CX2_16,1280.0,0.8032598214397977,0.7306170606593483,-0.0726427607804494
CX2_16,1281.0,0.8127396853917815,0.7306170606593483,-0.08212262473243326
CX2_16,1287.0,0.8066027214185044,0.7192356514081631,-0.08736707001034127
CX2_16,1290.0,0.8106024846517631,0.7242839588790678,-0.08631852577269528
CX2_16,1318.0,0.800065414944008,0.7306852811976781,-0.0693801337463299
CX2_16,1319.0,0.8007339425549383,0.7334611149868893,-0.06727282756804909
CX2_16,1320.0,0.8017821372446896,0.7340947901559421,-0.06768734708874746
CX2_16,1321.0,0.8033353272514114,0.7348791076703228,-0.0684562195810886
CX2_16,1322.0,0.8048103153391255,0.7362728129183238,-0.0685375024208017
CX2_16,1323.0,0.8065068865301358,0.7379717962692928,-0.06853509026084303
CX2_16,1324.0,0.8012195710642961,0.7396858777244539,-0.061533693339842155
CX2_16,1354.0,0.8004139818037551,0.7242347423520364,-0.07617923945171867
CX2_16,1355.0,0.8008461837956619,0.7290609353241485,-0.07178524847151335
CX2_16,1356.0,0.7991401832476571,0.7294830839654228,-0.06965709928223429
CX2_16,1357.0,0.799952225322758,0.7304428629628402,-0.06950936235991778
CX2_16,1358.0,0.8032758399048944,0.7313008541073813,-0.07197498579751305
CX2_16,1359.0,0.806442999917748,0.7314100563528894,-0.07503294356485868
CX2_16,1360.0,0.8079634522816446,0.7347009000993859,-0.07326255218225863
CX2_16,1361.0,0.8082764377463288,0.7379914522229597,-0.07028498552336915
CX2_16,1462.0,0.8002011475437892,0.6851757866169778,-0.11502536092681148
CX2_16,1496.0,0.7995733505163031,0.7100679406713994,-0.08950540984490363
CX2_16,1497.0,0.8009416038011271,0.7133857527920419,-0.08755585100908525
CX2_16,1498.0,0.802913140251259,0.715719440162478,-0.08719370008878102
CX2_16,1532.0,0.8019539130012909,0.6998639936248571,-0.10208991937643386
CX2_16,1533.0,0.8068350413601921,0.707247551192032,-0.09958749016816015
CX2_16,1534.0,0.8108424264693046,0.7128391795196367,-0.09800324694966789
CX2_16,1535.0,0.8145406707428895,0.7186398263182109,-0.09590084442467861
CX2_16,1536.0,0.817634660434801,0.7227892599509658,-0.09484540048383527
CX2_16,1537.0,0.8199495396247921,0.7275243324456241,-0.09242520717916802
CX2_16,1538.0,0.8217852431632889,0.730987523965739,-0.09079771919754998
CX2_16,1539.0,0.8238562638219715,0.7335866084322145,-0.09026965538975706
CX2_16,1540.0,0.8258036053907708,0.7357580581964595,-0.09004554719431135
CX2_16,1541.0,0.827358136749025,0.7388040020681025,-0.08855413468092255
CX2_16,1542.0,0.8010475085069668,0.7388040020681025,-0.06224350643886434
CX2_16,1547.0,0.802514146237702,0.6851664035236057,-0.11734774271409631
CX2_16,1567.0,0.8014780119237285,0.7018261243316871,-0.09965188759204135
CX2_16,1568.0,0.8057154984750906,0.7030356194151998,-0.10267987905989084
CX2_16,1569.0,0.8063978617931248,0.7105996485528224,-0.09579821324030235
CX2_16,1570.0,0.8068593430930903,0.7124815408821742,-0.09437780221091607
CX2_16,1571.0,0.8064572819308227,0.7124815408821742,-0.09397574104864848
CX2_16,1572.0,0.8091053241392187,0.7128265496346485,-0.09627877450457012
CX2_16,1573.0,0.8145133811568969,0.7133126460751952,-0.10120073508170169
CX2_16,1635.0,0.8019860373646408,0.6899316387337671,-0.11205439863087374
CX2_16,1636.0,0.8047601791132388,0.695221708601437,-0.10953847051180188
CX2_16,1637.0,0.8070964166377187,0.6994055413720377,-0.107690875265681
CX2_16,1638.0,0.8090693431951157,0.7028722861926979,-0.10619705700241777
CX2_16,1639.0,0.8112304175092628,0.7057163283751363,-0.10551408913412652
CX2_16,1640.0,0.8128573011125595,0.7085709953170557,-0.1042863057955038
CX2_16,1641.0,0.814523150337492,0.7110453936497879,-0.10347775668770409
CX2_16,1642.0,0.8166267790538599,0.7118923792608873,-0.10473439979297261
CX2_16,1694.0,0.7998237970293446,0.6854549611639681,-0.1143688358653765
CX2_16,1695.0,0.8029328893363377,0.6898633419931723,-0.11306954734316532
CX2_16,1696.0,0.8056482802476533,0.6940885040518264,-0.11155977619582691
CX2_16,1697.0,0.807842990118415,0.6976475361248338,-0.11019545399358122
CX2_16,1698.0,0.8104201726378246,0.7009826642015924,-0.10943750843623223
CX2_16,1699.0,0.8117410882145156,0.70391212349456,-0.10782896471995562
CX2_16,1700.0,0.8126773318602412,0.7069798562658303,-0.1056974755944109
CX2_16,1701.0,0.8000910543867769,0.7069798562658303,-0.09311119812094659
CX2_33,5.0,0.9997294022940671,1.0,0.00027059770593285126
CX2_33,6.0,0.9988472873154421,1.0,0.001152712684557855
CX2_33,7.0,0.999438290140024,1.0,0.0005617098599759451
CX2_33,8.0,1.000336255352717,1.0,-0.0003362553527170853
CX2_33,9.0,0.9999067375892655,1.0079402811823175,0.008033543593051973
CX2_33,10.0,0.9993391751868863,1.0098645897485417,0.010525414561655344
CX2_33,11.0,0.9997921346095764,1.0107988121368465,0.011006677527270137
CX2_33,12.0,0.9987111910585609,1.0098645897485417,0.011153398689980776
CX2_33,13.0,0.9982518231494906,1.0093834464468332,0.01113162329734263
CX2_33,14.0,0.9976317624200108,1.0093834464468332,0.011751684026822362
CX2_33,15.0,0.9971749402187897,1.0087453177784125,0.011570377559622758
CX2_33,16.0,0.996952991953494,1.0087289240683766,0.011775932114882592
CX2_33,17.0,0.9967286938880117,1.0085064830949073,0.01177778920689565
CX2_33,18.0,0.995976355443497,1.0085064830949073,0.012530127651410261
CX2_33,19.0,0.9934669259413698,1.0078440671261915,0.014377141184821696
CX2_33,20.0,0.9891260513102051,1.0070931134477652,0.017967062137560053
CX2_33,21.0,0.9883289494438772,0.9939436365604667,0.005614687116589523
CX2_33,23.0,0.9908141010651685,0.9907561257388854,-5.797532628315505e-05
CX2_33,24.0,0.9920497344121377,0.9907561257388854,-0.0012936086732523444
CX2_33,25.0,0.9971534968253786,0.9907561257388854,-0.0063973710864931865
CX2_33,26.0,0.9985905356957568,0.9955687331822417,-0.003021802513515137
CX2_33,27.0,0.9916716668714514,0.9995284818353515,0.007856814963900116
CX2_33,28.0,0.9929018466432271,1.0045176761622439,0.01161582951901674
CX2_33,29.0,0.9915789721851471,1.0045176761622439,0.012938703977096733
CX2_33,30.0,0.993981438515297,1.0045176761622439,0.010536237646946889
CX2_33,31.0,0.9971241943960949,1.0045176761622439,0.007393481766148957
CX2_33,32.0,0.9905964503316358,1.0045176761622439,0.013921225830608064
CX2_33,33.0,0.989133965480808,0.9979276061898599,0.008793640709051864
CX2_33,34.0,0.988855635400596,0.993448354980925,0.00459271958032903
CX2_33,35.0,0.9881707732345627,0.993448354980925,0.005277581746362281
CX2_33,36.0,0.993824713227776,0.993448354980925,-0.00037635824685100516
CX2_33,37.0,0.9907617032233269,0.993448354980925,0.0026866517575980797
CX2_33,38.0,0.9869835482534937,0.9930967500082781,0.00611320175478447
CX2_33,39.0,0.986722524542105,0.9919120632778868,0.005189538735781873
CX2_33,40.0,0.9840936693510333,0.9907658409552975,0.006672171604264254
CX2_33,41.0,0.9910524576936153,0.9907658409552975,-0.0002866167383177576
CX2_33,42.0,0.9920610086093453,0.9919120632778868,-0.0001489453314584832
CX2_33,43.0,0.9943899565517135,1.010543385712332,0.01615342916061857
CX2_33,44.0,0.9953270688162317,1.0134010086812568,0.018073939865025146
CX2_33,45.0,0.995941273967027,1.015572463137571,0.019631189170544072
CX2_33,46.0,0.9968936118424179,1.0175454885293704,0.020651876686952564
CX2_33,47.0,0.9970462801723671,1.0183360218949824,0.02128974172261533
CX2_33,48.0,0.997533500149362,1.0183360218949824,0.02080252174562036
CX2_33,49.0,0.997628377755547,1.0190988471046163,0.021470469349069266
CX2_33,50.0,0.9979307833730926,1.019367052518482,0.02143626914538932
CX2_33,51.0,0.9981672025427188,1.019367052518482,0.021199849975763074
CX2_33,52.0,0.99813578809524,1.019367052518482,0.02123126442324197
CX2_33,53.0,0.9916187735500823,1.019367052518482,0.027748278968399598
CX2_33,54.0,0.9856162357194715,1.0193665971759467,0.03375036145647514
CX2_33,55.0,0.9842173494979938,0.9939516205256812,0.009734271027687424
CX2_33,56.0,0.9818394223487249,0.9869667648427344,0.005127342494009479
CX2_33,57.0,0.9913098513910314,0.9869667648427344,-0.00434308654829707
CX2_33,58.0,0.9930553139062619,0.9939516205256812,0.000896306619419307
CX2_33,59.0,0.981817744077664,0.9869667648427344,0.0051490207650704
CX2_33,60.0,0.9832328934168988,0.9854219262522582,0.002189032835359428
CX2_33,61.0,0.9818771779002968,0.9944659419042774,0.012588764003980568
CX2_33,62.0,0.985828921452258,0.9944659419042774,0.008637020452019417
CX2_33,63.0,0.9897158089806929,0.9944659419042774,0.004750132923584505
CX2_33,64.0,0.980174891538079,0.9944659419042774,0.014291050366198377
CX2_33,65.0,0.9772039306054604,0.9944659419042774,0.017262011298816993
CX2_33,66.0,0.9799762495596487,0.9969400184946836,0.01696376893503493
CX2_33,67.0,0.9792801374180446,0.9873182827140464,0.008038145296001775
CX2_33,68.0,0.9867063537754778,0.9873182827140464,0.000611928938568651
CX2_33,69.0,0.9820961362070066,0.9873182827140464,0.005222146507039782
CX2_33,70.0,0.9773775378131843,0.9873182827140464,0.009940744900862164
CX2_33,71.0,0.9778798724756331,0.9850321832090941,0.007152310733461009
CX2_33,72.0,0.9755663946229473,0.9807313666614813,0.005164972038534055
CX2_33,73.0,0.9889697136652421,0.9807313666614813,-0.008238347003760804
CX2_33,74.0,0.9903357326878846,0.9850321832090941,-0.005303549478790415
CX2_33,75.0,0.9954412582834296,0.9983501967948292,0.002908938511399617
CX2_33,76.0,0.9954991084545529,1.0161452403492766,0.02064613189472364
CX2_33,77.0,0.9948414982186277,1.0161452403492766,0.021303742130648895
CX2_33,78.0,0.9950550264648917,1.0174575490453424,0.022402522580450612
CX2_33,79.0,0.9949697899926068,1.0174575490453424,0.02248775905273559
CX2_33,80.0,0.9950694440903806,1.0174575490453424,0.022388104954961796
CX2_33,81.0,0.9945389339612325,1.016769020748929,0.022230086787696557
CX2_33,82.0,0.9939872821361124,1.016769020748929,0.022781738612816627
CX2_33,83.0,0.9940144788617584,1.0150133814147246,0.020998902552966214
CX2_33,84.0,0.9939606212898199,1.0150133814147246,0.021052760124904757
CX2_33,85.0,0.9942339614937767,1.0150133814147246,0.020779419920947895
CX2_33,86.0,0.9947101923928787,1.0150133814147246,0.020303189021845913
CX2_33,87.0,0.9833176682138476,1.0150133814147246,0.03169571320087705
CX2_33,88.0,0.982173943496198,1.014059754674915,0.03188581117871703
CX2_33,89.0,0.9807584201682786,0.992486154023881,0.01172773385560233
CX2_33,90.0,0.9810045285965268,0.992486154023881,0.011481625427354203
CX2_33,91.0,0.9872800348796799,0.992486154023881,0.0052061191442011046
CX2_33,92.0,0.9817817767042257,0.992486154023881,0.010704377319655234
CX2_33,93.0,0.9768472234416002,0.992486154023881,0.01563893058228072
CX2_33,94.0,0.9770594556574493,0.9874032111440156,0.010343755486566297
CX2_33,95.0,0.9756352178746627,0.9855532666550365,0.009918048780373834
CX2_33,96.0,0.9825502146210615,0.9855532666550365,0.0030030520339749955
CX2_33,97.0,0.8291474666332604,0.9855532666550365,0.15640580002177606
CX2_33,98.0,0.9749996172846095,0.9838451236619087,0.008845506377299195
CX2_33,99.0,0.9763583350975861,0.9838451236619087,0.007486788564322611
CX2_33,100.0,0.9757521437508144,0.9808377969481097,0.005085653197295259
CX2_33,101.0,0.9774226914684413,0.9808377969481097,0.00341510547966839
CX2_33,102.0,0.9830065274387191,0.9938622040319866,0.010855676593267471
CX2_33,103.0,0.9786500354595874,0.9938622040319866,0.015212168572399154
CX2_33,104.0,0.9741164673139375,0.9841316224167593,0.010015155102821804
CX2_33,105.0,0.9739240696335791,0.9841316224167593,0.010207552783180196
CX2_33,106.0,0.9729009495944798,0.980485274950036,0.0075843253555561985
CX2_33,107.0,0.9810168728124323,0.980485274950036,-0.0005315978623963158
CX2_33,108.0,0.9831608674697391,0.9841316224167593,0.0009707549470202581
CX2_33,109.0,0.9728713546459895,0.9825124978392706,0.009641143193281132
CX2_33,110.0,0.9749159624293229,0.9861156132983229,0.011199650868999989
CX2_33,111.0,0.9829480396743878,1.0022809757685065,0.01933293609411868
CX2_33,112.0,0.9840606977731112,1.0029375076132656,0.018876809840154385
CX2_33,113.0,0.9840859082902742,1.0039785794803011,0.01989267119002691
CX2_33,114.0,0.9846491991045562,1.0047895206139457,0.02014032150938949
CX2_33,115.0,0.9848865191827767,1.0053138538101745,0.020427334627397764
CX2_33,116.0,0.9857841619926009,1.0055655635856569,0.01978140159305597
CX2_33,117.0,0.9858075103101779,1.0058229977723838,0.02001548746220594
CX2_33,118.0,0.9859829291920381,1.0058229977723838,0.019840068580345704
CX2_33,119.0,0.9860484646109448,1.0065294966152503,0.02048103200430551
CX2_33,120.0,0.9861804256663955,1.007107709628522,0.020927283962126397
CX2_33,121.0,0.9864044614711626,1.0065294966152503,0.0201250351440877
CX2_33,122.0,0.9865168235225867,1.0067058162317772,0.0201889927091905
CX2_33,123.0,0.9853271797629118,1.0067058162317772,0.021378636468865397
CX2_33,124.0,0.9940381521676805,1.0067058162317772,0.012667664064096695
CX2_33,125.0,0.9953339089616441,1.0067058162317772,0.011371907270133153
CX2_33,126.0,0.9824967539074442,1.0067058162317772,0.024209062324333064
CX2_33,127.0,0.9833003223376904,1.0025874452964187,0.019287122958728364
CX2_33,128.0,0.9809855686835183,1.0025874452964187,0.021601876612900472
CX2_33,129.0,0.9823010199034706,1.0025874452964187,0.020286425392948115
CX2_33,130.0,0.9868101298503492,1.0025874452964187,0.01577731544606953
CX2_33,131.0,0.9769908774511598,1.0025874452964187,0.02559656784525899
CX2_33,132.0,0.9752822064007243,0.9960268086878981,0.020744602287173786
CX2_33,133.0,0.9724700756362946,0.9844922878627685,0.012022212226473927
CX2_33,134.0,0.9714113546165434,0.9808813073551483,0.009469952738604959
CX2_33,135.0,0.9795831670858365,0.9808813073551483,0.0012981402693118538
CX2_33,136.0,0.9768017418826026,0.9808813073551483,0.004079565472545732
CX2_33,137.0,0.9698721318545828,0.9802220998228761,0.01034996796829335
CX2_33,138.0,0.9710715007095069,0.9802220998228761,0.00915059911336924
CX2_33,139.0,0.96995387536635,0.9831000060109989,0.013146130644648868
CX2_33,140.0,0.976253236558976,0.9831000060109989,0.006846769452022894
CX2_33,141.0,0.9788606405867663,0.9911781871493006,0.012317546562534365
CX2_33,142.0,0.967379895771648,0.9911781871493006,0.02379829137765266
CX2_33,143.0,0.9665606960189994,0.9831000060109989,0.016539309991999485
CX2_33,144.0,0.9676264587857957,0.9800920130260139,0.012465554240218224
CX2_33,146.0,0.9603865305906472,0.9724799548693592,0.012093424278712073
CX2_33,147.0,0.9695400225993464,0.9724799548693592,0.0029399322700128794
CX2_33,148.0,0.9727163995970195,0.9800920130260139,0.007375613428994399
CX2_33,149.0,0.9618577927234354,0.9800920130260139,0.018234220302578485
CX2_33,150.0,0.9603591182874669,0.9621354967575093,0.0017763784700424168
CX2_33,151.0,0.9597993382314117,0.9637568159078851,0.003957477676473364
CX2_33,153.0,0.9642390684094042,0.9637568159078851,-0.00048225250151912036
CX2_33,154.0,0.803854634260926,0.9621354967575093,0.15828086249658335
CX2_33,155.0,0.9688405402679202,0.9637568159078851,-0.0050837243600351245
CX2_33,156.0,0.9636859162143956,0.9693348255770309,0.00564890936263529
CX2_33,157.0,0.9629396763038327,0.9706286345464905,0.007688958242657806
CX2_33,158.0,0.9655048381309052,0.9758631423739392,0.010358304243034078
CX2_33,159.0,0.9653100857177495,0.9780103937574239,0.01270030803967448
CX2_33,160.0,0.9700241598807684,0.9780103937574239,0.007986233876655535
CX2_33,161.0,0.968514878036176,0.9790079662705923,0.010493088234416303
CX2_33,162.0,0.9625052763096523,0.9790079662705923,0.016502689960939954
CX2_33,163.0,0.9627797986200308,0.9780103937574239,0.01523059513739311
CX2_33,164.0,0.9626248499860147,0.9750811987833974,0.012456348797382666
CX2_33,165.0,0.9657557294368347,0.9750811987833974,0.009325469346562643
CX2_33,166.0,0.967428898361557,0.9750811987833974,0.007652300421840397
CX2_33,167.0,0.9605376536679288,0.9750811987833974,0.014543545115468626
CX2_33,168.0,0.9606473002534633,0.9741422557047399,0.013494955451276547
CX2_33,169.0,0.9600009021525092,0.97418454812514,0.014183645972630776
CX2_33,170.0,0.9593696205709886,0.9741422557047399,0.014772635133751266
CX2_33,171.0,0.9650519849592203,0.9741422557047399,0.009090270745519602
CX2_33,172.0,0.9620659760421184,0.9741422557047399,0.01207627966262148
CX2_33,173.0,0.9582706906559672,0.9727862746401125,0.01451558398414532
CX2_33,174.0,0.9587219561905166,0.9721426306606537,0.013420674470137062
CX2_33,175.0,0.9593593800587671,0.9727862746401125,0.013426894581345383
CX2_33,176.0,0.9631000852466634,0.9727862746401125,0.009686189393449118
CX2_33,177.0,0.9646651536395304,0.9731197447975917,0.008454591158061242
CX2_33,178.0,0.9652688139182897,0.985211234900879,0.01994242098258936
CX2_33,179.0,0.9658873916115858,0.9856055545306697,0.019718162919083904
CX2_33,180.0,0.9667363786997714,0.9856258277823381,0.018889449082566734
CX2_33,181.0,0.9675592738799956,0.9862417015877187,0.018682427707723104
CX2_33,182.0,0.9677858632862126,0.9877968169856209,0.020010953699408307
CX2_33,183.0,0.9679212992473287,0.9882365190575134,0.020315219810184693
CX2_33,184.0,0.9677922273992214,0.9882418591684146,0.020449631769193122
CX2_33,185.0,0.9678395067795459,0.9883612350123897,0.020521728232843817
CX2_33,186.0,0.9681069807889363,0.9888130138702128,0.020706033081276498
CX2_33,187.0,0.9680089141203314,0.9888130138702128,0.0208040997498814
CX2_33,188.0,0.9680932516282083,0.9888103456830085,0.020717094054800267
CX2_33,189.0,0.9586107096976437,0.9885660537819259,0.02995534408428213
CX2_33,190.0,0.9575682015995293,0.9885660537819259,0.03099785218239659
CX2_33,191.0,0.9577812864487577,0.9743462071353036,0.016564920686545914
CX2_33,192.0,0.9565976306787161,0.9736681624739826,0.01707053179526652
CX2_33,193.0,0.9620835299107439,0.9736681624739826,0.011584632563238717
CX2_33,194.0,0.9602491535963048,0.9736681624739826,0.013419008877677774
CX2_33,195.0,0.9552832462429999,0.9721632689744321,0.016880022731432187
CX2_33,196.0,0.9573952210879145,0.9721632689744321,0.014768047886517532
CX2_33,197.0,0.9565765810057997,0.9721632689744321,0.015586687968632384
CX2_33,198.0,0.9597187821909426,0.9721632689744321,0.012444486783489417
CX2_33,199.0,0.9621303668487214,0.9753986674801224,0.013268300631400942
CX2_33,200.0,0.9555578567995721,0.9753986674801224,0.019840810680550325
CX2_33,201.0,0.9562955401355271,0.9752725717300786,0.018977031594551552
CX2_33,202.0,0.9564186656447675,0.9752725717300786,0.018853906085311123
CX2_33,203.0,0.9674909970216508,0.9752725717300786,0.007781574708427885
CX2_33,204.0,0.966861922406916,0.9752725717300786,0.0084106493231626
CX2_33,205.0,0.9706933903481536,0.9843636286999169,0.013670238351763286
CX2_33,206.0,0.9715461364918024,0.988817294166518,0.017271157674715543
CX2_33,207.0,0.961935952047409,0.988817294166518,0.026881342119108975
CX2_33,208.0,0.9617880189478392,0.9843636286999169,0.02257560975207773
CX2_33,209.0,0.9619021436805448,0.980457657499205,0.018555513818660163
CX2_33,210.0,0.9629426093954581,0.980457657499205,0.017515048103746933
CX2_33,211.0,0.96623791276642,0.980457657499205,0.014219744732784978
CX2_33,212.0,0.9663617872137865,0.9880788590830079,0.021717071869221338
CX2_33,213.0,0.9665301245334579,0.9883510665600788,0.021820942026620882
CX2_33,214.0,0.9667948222985431,0.9885172895477541,0.021722467249211008
CX2_33,215.0,0.9667425942572743,0.9883510665600788,0.021608472302804493
CX2_33,216.0,0.9666649017297195,0.9880788590830079,0.021413957353288327
CX2_33,217.0,0.9663242001853238,0.9878369418560904,0.021512741670766555
CX2_33,218.0,0.9658698313849481,0.9876725470464264,0.02180271566147829
CX2_33,219.0,0.9657346951655771,0.9871161799049492,0.02138148473937207
CX2_33,220.0,0.9658463687631385,0.9868556900091693,0.021009321246030832
CX2_33,221.0,0.9658470474936411,0.9866295857371533,0.020782538243512172
CX2_33,222.0,0.9657703411573372,0.9863624452120211,0.020592104054683924
CX2_33,223.0,0.9587394689762322,0.9863088810430833,0.02756941206685115
CX2_33,224.0,0.9554662134179218,0.9861473748250168,0.03068116140709498
CX2_33,225.0,0.9553720906221256,0.9717590461104931,0.01638695548836755
CX2_33,226.0,0.9538266753684926,0.97157398713811,0.017747311769617413
CX2_33,227.0,0.9606749101456542,0.97157398713811,0.010899076992455847
CX2_33,228.0,0.9613770998482609,0.9717590461104931,0.010381946262232211
CX2_33,229.0,0.9521581849754301,0.97157398713811,0.019415802162679907
CX2_33,230.0,0.9524412161755286,0.9672342534319627,0.014793037256434105
CX2_33,231.0,0.9525917143414372,0.9675941535349506,0.015002439193513406
CX2_33,232.0,0.955913023179157,0.9675941535349506,0.011681130355793545
CX2_33,233.0,0.9594321376116571,0.9675941535349506,0.008162015923293464
CX2_33,234.0,0.8060955786381946,0.9675941535349506,0.161498574896756
CX2_33,235.0,0.9513080750183321,0.967882386428912,0.016574311410579856
CX2_33,236.0,0.9521184369148565,0.967882386428912,0.015763949514055464
CX2_33,237.0,0.9509670833093329,0.9671553756630122,0.016188292353679357
CX2_33,239.0,0.9580471640178686,0.9671553756630122,0.009108211645143638
CX2_33,240.0,0.9526191541090391,0.9639439716313675,0.01132481752232839
CX2_33,241.0,0.9493182419265831,0.9639439716313675,0.014625729704784374
CX2_33,242.0,0.949351043438243,0.9648455896114572,0.015494546173214219
CX2_33,243.0,0.940504708917957,0.9648455896114572,0.024340880693500155
CX2_33,244.0,0.951711001742006,0.9648455896114572,0.013134587869451209
CX2_33,245.0,0.9540038733554159,0.9673333643569508,0.01332949100153491
CX2_33,246.0,0.9386999493521531,0.9648455896114572,0.026145640259304104
CX2_33,247.0,0.938792717380931,0.9479491962677971,0.009156478886866104
CX2_33,248.0,0.9369966673719023,0.9475369610909021,0.010540293718999783
CX2_33,249.0,0.9410338535318051,0.9475369610909021,0.006503107559096999
CX2_33,250.0,0.9486823578532142,0.9475369610909021,-0.0011453967623120676
CX2_33,251.0,0.9504134806005751,0.9692451716337627,0.018831691033187603
CX2_33,252.0,0.9515085347242064,0.9704139084287372,0.018905373704530826
CX2_33,253.0,0.950909379224001,0.9704139084287372,0.01950452920473622
CX2_33,254.0,0.9575653340104442,0.9704139084287372,0.012848574418293013
CX2_33,255.0,0.9644158969011886,0.9712967052607003,0.00688080835951177
CX2_33,256.0,0.954717756202046,0.9712967052607003,0.016578949058654313
CX2_33,257.0,0.9487750595965772,0.9636341191020558,0.014859059505478611
CX2_33,258.0,0.947083503725404,0.9636341191020558,0.01655061537665181
CX2_33,259.0,0.943286940655644,0.9594987274712892,0.01621178681564517
CX2_33,260.0,0.9539179890608411,0.9594987274712892,0.005580738410448038
CX2_33,261.0,0.9557974601830823,0.9636341191020558,0.00783665891897345
CX2_33,262.0,0.9407807897918868,0.9587712725054591,0.017990482713572287
CX2_33,263.0,0.9392656488699292,0.9483926287645776,0.00912697989464839
CX2_33,265.0,0.9386733337307716,0.9474421768726697,0.008768843141898186
CX2_33,266.0,0.9351191677046237,0.9470295436314639,0.011910375926840189
CX2_33,267.0,0.9388654308208435,0.9470295436314639,0.00816411281062035
CX2_33,268.0,0.9459058700986115,0.9474421768726697,0.0015363067740582492
CX2_33,270.0,0.9326364563864632,0.9375488029199022,0.0049123465334389715
CX2_33,271.0,0.932506071955075,0.9363365927684227,0.003830520813347782
CX2_33,272.0,0.9307432714846904,0.9363365927684227,0.005593321283732355
CX2_33,273.0,0.9368897425879695,0.9363365927684227,-0.0005531498195467943
CX2_33,274.0,0.9421411648836278,0.936534954125863,-0.005606210757764796
CX2_33,275.0,0.932439783582466,0.936534954125863,0.00409517054339692
CX2_33,276.0,0.9304434521104006,0.937781465594836,0.007338013484435413
CX2_33,277.0,0.9282245635075664,0.937781465594836,0.009556902087269559
CX2_33,278.0,0.9271220543545553,0.9339410751726356,0.006819020818080279
CX2_33,279.0,0.9371669319996513,0.9339410751726356,-0.003225856827015705
CX2_33,280.0,0.9355081018125604,0.937781465594836,0.002273363782275606
CX2_33,281.0,0.9277883622899192,0.9342922725139475,0.0065039102240282975
CX2_33,282.0,0.9302526236334872,0.9365502498446662,0.006297626211179019
CX2_33,283.0,0.930228960566848,0.9377517551435454,0.007522794576697356
CX2_33,285.0,0.9373361673359556,0.9365502498446662,-0.0007859174912894229
CX2_33,286.0,0.9344252850860227,0.9365502498446662,0.002124964758643433
CX2_33,287.0,0.9299702608484777,0.9377517551435454,0.007781494295067692
CX2_33,288.0,0.9302362509553246,0.9391643887979098,0.008928137842585171
CX2_33,289.0,0.9294601715089281,0.9391643887979098,0.009704217288981631
CX2_33,290.0,0.934429963296149,0.9391643887979098,0.004734425501760731
CX2_33,291.0,0.9367167408327223,0.9404569576000525,0.0037402167673302733
CX2_33,292.0,0.937586316371069,0.9546592898166548,0.017072973445585782
CX2_33,293.0,0.9378926072244839,0.955080036311201,0.01718742908671711
CX2_33,294.0,0.9381714246219678,0.9558763933282163,0.01770496870624849
CX2_33,295.0,0.939482182915119,0.9560488032600545,0.0165666203449355
CX2_33,296.0,0.9399900077137825,0.9570017928394053,0.017011785125622847
CX2_33,297.0,0.9401380793284864,0.9590887718929252,0.01895069256443882
CX2_33,298.0,0.9398293367524723,0.9592383905744427,0.019409053821970446
CX2_33,299.0,0.9399825332251944,0.9592383905744427,0.019255857349248284
CX2_33,301.0,0.93827542224284,0.9591829144629606,0.02090749222012056
CX2_33,302.0,0.9384024354286007,0.9569258931744204,0.01852345774581976
CX2_33,303.0,0.9332822733291141,0.9565416411311283,0.023259367802014208
CX2_33,304.0,0.9270562726715823,0.937182627699763,0.010126355028180711
CX2_33,305.0,0.9261165743928992,0.937182627699763,0.011066053306863832
CX2_33,306.0,0.9255500943406525,0.9333745508213701,0.007824456480717612
CX2_33,307.0,0.9316364681443092,0.9333745508213701,0.0017380826770608815
CX2_33,308.0,0.9344484817829406,0.937182627699763,0.002734145916822417
CX2_33,309.0,0.9248196637843892,0.9333745508213701,0.00855488703698093
CX2_33,310.0,0.9241576211061536,0.9356212263912632,0.01146360528510959
CX2_33,311.0,0.9238682880600422,0.9356212263912632,0.011752938331221041
CX2_33,312.0,0.9226483728415297,0.9309095772539406,0.00826120441241096
CX2_33,313.0,0.9311020964070373,0.9309095772539406,-0.0001925191530967041
CX2_33,314.0,0.9279882924517849,0.9356212263912632,0.007632933939478281
CX2_33,315.0,0.9287482432244092,0.93213704016249,0.003388796938080807
CX2_33,316.0,0.9351800540110531,0.9359406416454136,0.0007605876343604878
CX2_33,317.0,0.9436860298974742,0.9499709551025475,0.0062849252050732884
CX2_33,318.0,0.9381903158552265,0.9359406416454136,-0.002249674209812924
CX2_33,319.0,0.9337141576315707,0.9410295027181489,0.007315345086578162
CX2_33,320.0,0.9329942389633358,0.9430698242559623,0.010075585292626532
CX2_33,321.0,0.9327570254170072,0.9410295027181489,0.008272477301141667
CX2_33,322.0,0.9382889366314969,0.9410295027181489,0.0027405660866519632
CX2_33,323.0,0.9391847649094999,0.9430698242559623,0.0038850593464624383
CX2_33,324.0,0.9301480348659519,0.9430698242559623,0.01292178939001043
CX2_33,325.0,0.9299639791979819,0.9374895694340288,0.007525590236046931
CX2_33,326.0,0.9301755803018721,0.9386221297862946,0.008446549484422472
CX2_33,327.0,0.931417328501955,0.9386221297862946,0.007204801284339535
CX2_33,328.0,0.9350732480536831,0.9386221297862946,0.003548881732611475
CX2_33,329.0,0.9292623410633699,0.9386221297862946,0.009359788722924645
CX2_33,330.0,0.9250433977463642,0.9386221297862946,0.013578732039930319
CX2_33,331.0,0.9251229636989322,0.9317222567240331,0.006599293025100872
CX2_33,332.0,0.923684862497937,0.9313557295128556,0.007670867014918592
CX2_33,333.0,0.9306332969668362,0.9313557295128556,0.000722432546019447
CX2_33,334.0,0.9331682152227494,0.9317222567240331,-0.0014459584987163154
CX2_33,335.0,0.9267676899328997,0.9348831292127058,0.00811543927980607
CX2_33,336.0,0.9263398554626616,0.9364065711663795,0.010066715703717866
CX2_33,337.0,0.9272252408784644,0.9376983879501263,0.010473147071661915
CX2_33,338.0,0.9269253550685893,0.9376983879501263,0.01077303288153697
CX2_33,339.0,0.9334858453421871,0.9376983879501263,0.004212542607939129
CX2_33,340.0,0.9341505778137004,0.9377989156112267,0.0036483377975263798
CX2_33,341.0,0.9346106487696055,0.9517121088308882,0.01710146006128266
CX2_33,342.0,0.9348880849117646,0.9521253276777462,0.017237242765981597
CX2_33,343.0,0.9354011650672323,0.9521782276554981,0.016777062588265834
CX2_33,344.0,0.9357427705668666,0.9525514850021692,0.01680871443530263
CX2_33,345.0,0.9361045894083664,0.9532739050006044,0.017169315592238
CX2_33,346.0,0.9364267415578265,0.953686453358594,0.017259711800767574
CX2_33,347.0,0.9362266012687346,0.9537479556904777,0.017521354421743074
CX2_33,348.0,0.9363442547562009,0.9543915903922503,0.018047335636049433
CX2_33,349.0,0.9368777614862832,0.9543915903922503,0.017513828905967088
CX2_33,351.0,0.9359845381902167,0.9543384237641296,0.01835388557391293
CX2_33,352.0,0.9299580735772803,0.9539618230873562,0.02400374951007589
CX2_33,353.0,0.9288485161674781,0.9430648355656019,0.014216319398123844
CX2_33,354.0,0.9270085351344359,0.9413076930652363,0.014299157930800388
CX2_33,355.0,0.9260604730195745,0.9413076930652363,0.015247220045661813
CX2_33,356.0,0.9327574706766808,0.9413076930652363,0.008550222388555517
CX2_33,357.0,0.9321614692210495,0.9430648355656019,0.010903366344552468
CX2_33,358.0,0.9257410013572772,0.9396161847430504,0.013875183385773204
CX2_33,359.0,0.9253944678198254,0.9382592329127191,0.012864765092893693
CX2_33,361.0,0.925694632030662,0.9378180578249921,0.012123425794330012
CX2_33,362.0,0.9330358079831224,0.9378180578249921,0.004782249841869701
CX2_33,363.0,0.9306494503778205,0.9382592329127191,0.007609782534898524
CX2_33,365.0,0.9547353560290408,0.9400151751182758,-0.01472018091076499
CX2_33,366.0,0.9370506252467734,0.9427774011850832,0.005726775938309836
CX2_33,367.0,0.9470414873413685,0.9427774011850832,-0.004264086156285263
CX2_33,369.0,0.9363094144415604,0.9427774011850832,0.006467986743522891
CX2_33,370.0,0.9278044040808879,0.9403149591845908,0.012510555103702914
CX2_33,371.0,0.9227427117899539,0.9308043373224121,0.00806162553245815
CX2_33,372.0,0.9210595260024648,0.9259077451488317,0.0048482191463669055
CX2_33,373.0,0.9319401088405931,0.9308043373224121,-0.0011357715181810057
CX2_33,374.0,0.9347214577771745,0.9308043373224121,-0.003917120454762446
CX2_33,375.0,0.9191762995890609,0.9228312735212981,0.0036549739322372377
CX2_33,376.0,0.9168109322577276,0.9228312735212981,0.006020341263570539
CX2_33,377.0,0.9149611694225408,0.9225705486917274,0.007609379269186589
CX2_33,378.0,0.9179510863361701,0.9225705486917274,0.004619462355557324
CX2_33,379.0,0.9253920467366644,0.9225705486917274,-0.002821498044937032
CX2_33,380.0,0.9172360704124531,0.9174436572896689,0.00020758687721578184
CX2_33,381.0,0.9106012176293793,0.9165210773975995,0.0059198597682201815
CX2_33,382.0,0.9094935268772606,0.9146979924141562,0.005204465536895575
CX2_33,384.0,0.9053463896894707,0.9098837178430019,0.00453732815353125
CX2_33,385.0,0.9042249717882801,0.90448568341184,0.00026071162355989497
CX2_33,386.0,0.9030330305705089,0.9040506194586858,0.0010175888881769346
CX2_33,387.0,0.9039828002973168,0.9040506194586858,6.781916136899824e-05
CX2_33,388.0,0.9088926098705139,0.90448568341184,-0.00440692645867391
CX2_33,389.0,0.9102027178985507,0.908566314676742,-0.001636403221808691
CX2_33,390.0,0.9101321205552813,0.913742399824124,0.00361027926884272
CX2_33,391.0,0.9107916456269921,0.913997491252431,0.003205845625438908
CX2_33,392.0,0.9114075048493379,0.9152515900752553,0.003844085225917393
CX2_33,393.0,0.9117659358927505,0.9153179393931509,0.0035520035004004136
CX2_33,394.0,0.9117844287833119,0.9161688287055142,0.004384399922202298
CX2_33,395.0,0.9111983218725627,0.9166167874215664,0.005418465549003715
CX2_33,396.0,0.9105271205798631,0.9166167874215664,0.006089666841703312
CX2_33,397.0,0.9099663832213519,0.9166167874215664,0.006650404200214455
CX2_33,398.0,0.9095519781864408,0.91638946169046,0.006837483504019137
CX2_33,399.0,0.9097287260497976,0.9160365122615526,0.006307786211754984
CX2_33,400.0,0.9100192068083311,0.9160365122615526,0.006017305453221433
CX2_33,401.0,0.9094817637236531,0.9159821418365904,0.006500378112937355
CX2_33,402.0,0.9090411605608605,0.9156103671198298,0.006569206558969309
CX2_33,403.0,0.9084587443525421,0.9156103671198298,0.0071516227672876465
CX2_33,405.0,0.9108578596817072,0.9151613769215359,0.004303517239828691
CX2_33,406.0,0.9111902037671309,0.9151613769215359,0.003971173154404983
CX2_33,407.0,0.9086083180284379,0.915122806251892,0.006514488223454129
CX2_33,408.0,0.9074889943201436,0.915122806251892,0.007633811931748391
CX2_33,409.0,0.9070505862237669,0.915122806251892,0.008072220028125132
CX2_33,410.0,0.9099101855883077,0.915122806251892,0.0052126206635843
CX2_33,411.0,0.9113519275777735,0.915122806251892,0.0037708786741185163
CX2_33,412.0,0.9088535413629257,0.9171356333513778,0.00828209198845209
CX2_33,413.0,0.907311468311025,0.9171356333513778,0.009824165040352772
CX2_33,414.0,0.9071000135957759,0.9171356333513778,0.010035619755601966
CX2_33,415.0,0.9154998436791185,0.9171356333513778,0.0016357896722593024
CX2_33,416.0,0.9119666567574808,0.9171356333513778,0.0051689765938970345
CX2_33,417.0,0.9094583854001955,0.9176369462818571,0.008178560881661578
CX2_33,418.0,0.9075156679807203,0.9176369462818571,0.010121278301136849
CX2_33,420.0,0.9063679717880425,0.9146540955164377,0.008286123728395212
CX2_33,421.0,0.9062882749927129,0.9138491826670205,0.007560907674307615
CX2_33,422.0,0.9038474445456972,0.9133621483445431,0.009514703798845892
CX2_33,423.0,0.9014901852486403,0.9103939411414832,0.008903755892842868
CX2_33,424.0,0.8982406329158757,0.9103939411414832,0.012153308225607451
CX2_33,426.0,0.8980456058985965,0.9038015862054547,0.005755980306858199
CX2_33,427.0,0.8981457069808596,0.9037464884918209,0.005600781510961328
CX2_33,428.0,0.8958122074751642,0.9021284881803268,0.006316280705162547
CX2_33,429.0,0.8947581021341086,0.8985932335265693,0.003835131392460722
CX2_33,430.0,0.8935979776753359,0.8985932335265693,0.004995255851233393
CX2_33,431.0,0.8926698288575431,0.89757702763995,0.004907198782406863
CX2_33,432.0,0.8932052771487509,0.8968413778876716,0.0036361007389207334
CX2_33,433.0,0.8928203821133882,0.8965657208817954,0.0037453387684072137
CX2_33,434.0,0.8923993159524675,0.8953442124505984,0.0029448964981309
CX2_33,435.0,0.8917154963890371,0.8949507724187001,0.0032352760296630034
CX2_33,436.0,0.8914829568378974,0.8946689166363281,0.0031859597984307264
CX2_33,437.0,0.8911903366880319,0.8946689166363281,0.0034785799482961455
CX2_33,438.0,0.8904186459308474,0.8946689166363281,0.004250270705480674
CX2_33,439.0,0.8902852431162939,0.8946125632693965,0.004327320153102665
CX2_33,440.0,0.8897418811634651,0.8946125632693965,0.004870682105931445
CX2_33,441.0,0.8889003893983745,0.8939756454665889,0.005075256068214462
CX2_33,442.0,0.8904452169688439,0.893766634955698,0.003321417986854036
CX2_33,443.0,0.8998398254690235,0.893766634955698,-0.006073190513325555
CX2_33,444.0,0.8969291165090684,0.893715314362253,-0.0032138021468153255
CX2_33,445.0,0.8914497535429623,0.893766634955698,0.002316881412735672
CX2_33,446.0,0.8893731951734579,0.893766634955698,0.0043934397822400495
CX2_33,447.0,0.8878310162716221,0.8919466343504345,0.004115618078812444
CX2_33,448.0,0.8879258592838726,0.8919466343504345,0.004020775066561955
CX2_33,449.0,0.8887996711296521,0.8935374908147814,0.004737819685129319
CX2_33,450.0,0.8888958952831308,0.8935374908147814,0.004641595531650555
CX2_33,451.0,0.886218391901895,0.8935374908147814,0.0073190989128864015
CX2_33,452.0,0.885205212853796,0.8935374908147814,0.008332277960985346
CX2_33,453.0,0.8843397909756188,0.8887183489340056,0.0043785579583868195
CX2_33,454.0,0.8853398350557148,0.8887183489340056,0.003378513878290801
CX2_33,455.0,0.8883346907048625,0.887870660608166,-0.0004640300966964883
CX2_33,456.0,0.8852534594139458,0.8872351082548214,0.001981648840875594
CX2_33,457.0,0.8815120349559171,0.88569479676042,0.0041827618045028325
CX2_33,458.0,0.879022107203773,0.884444495197782,0.005422387994008959
CX2_33,459.0,0.8782860073910985,0.8779679275164847,-0.00031807987461385245
CX2_33,460.0,0.879775419958062,0.8779679275164847,-0.0018074924415772964
CX2_33,461.0,0.8811790248358015,0.8779679275164847,-0.0032110973193167913
CX2_33,462.0,0.8791149348423202,0.8759916385568641,-0.0031232962854560453
CX2_33,463.0,0.8768046017580549,0.8759916385568641,-0.0008129632011907306
CX2_33,464.0,0.876442815960671,0.8759916385568641,-0.0004511774038068461
CX2_33,465.0,0.8894395279787292,0.8759916385568641,-0.013447889421865034
CX2_33,466.0,0.891036993799723,0.8759916385568641,-0.015045355242858882
CX2_33,467.0,0.8893449127025935,0.8907104034875735,0.0013654907849799391
CX2_33,468.0,0.888213871305638,0.8907104034875735,0.0024965321819354624
CX2_33,469.0,0.8874344083195279,0.8907104034875735,0.0032759951680455535
CX2_33,470.0,0.8886105736266665,0.8896087695195102,0.0009981958928436674
CX2_33,471.0,0.8888181151314711,0.8896087695195102,0.0007906543880390471
CX2_33,472.0,0.8853969283660766,0.8884606146994922,0.003063686333415583
CX2_33,473.0,0.8827023559290568,0.886492255556567,0.003789899627510196
CX2_33,474.0,0.8846407367673923,0.885480612140369,0.000839875372976695
CX2_33,475.0,0.8846501962735576,0.8852973276140529,0.0006471313404953216
CX2_33,476.0,0.8866738005693757,0.8852973276140529,-0.0013764729553228383
CX2_33,477.0,0.8851441690075585,0.8852973276140529,0.00015315860649434132
CX2_33,478.0,0.8834272509193993,0.8852973276140529,0.0018700766946535552
CX2_33,479.0,0.8808132249397308,0.8848958161338024,0.004082591194071616
CX2_33,480.0,0.8788489003494208,0.8843854023568731,0.005536502007452371
CX2_33,481.0,0.8785953591334661,0.877632886154396,-0.0009624729790700393
CX2_33,482.0,0.87742723376028,0.8768001809650409,-0.0006270527952391136
CX2_33,484.0,0.880514118981481,0.8767703771832371,-0.0037437417982438825
CX2_33,485.0,0.88423847932303,0.8767703771832371,-0.007468102139792876
CX2_33,486.0,0.8827550603248715,0.8845512094746094,0.0017961491497379134
CX2_33,487.0,0.8816626648790017,0.8845512094746094,0.0028885445956077227
CX2_33,488.0,0.8803990993340252,0.8845512094746094,0.004152110140584253
CX2_33,489.0,0.882430325140832,0.8851511236658559,0.0027207985250239375
CX2_33,490.0,0.8822157284812681,0.8835500770469707,0.0013343485657026921
CX2_33,491.0,0.8797807589109441,0.8827380642987168,0.002957305387772724
CX2_33,492.0,0.8780029557301402,0.880027053757038,0.002024098026897847
CX2_33,493.0,0.8770202541666628,0.8784134240053653,0.0013931698387024127
CX2_33,494.0,0.8759108126822319,0.8764767383725138,0.0005659256902819099
CX2_33,495.0,0.8780059984914035,0.8764767383725138,-0.0015292601188896526
CX2_33,497.0,0.8750278216348416,0.8748052421873568,-0.0002225794474848275
CX2_33,498.0,0.8729224451132036,0.8705784782320939,-0.002343966881109716
CX2_33,499.0,0.8718529639611426,0.8702551278869171,-0.0015978360742255893
CX2_33,500.0,0.8707449466974425,0.8701556415422055,-0.0005893051552370299
CX2_33,501.0,0.8723668587612564,0.8702551278869171,-0.002111730874339357
CX2_33,502.0,0.8714328471663503,0.8705784782320939,-0.0008543689342563887
CX2_33,503.0,0.8697161982259889,0.8701556415422055,0.00043944331621659227
CX2_33,504.0,0.8687347098704854,0.8682895350291449,-0.0004451748413405454
CX2_33,505.0,0.8677210342150498,0.8664743043926917,-0.0012467298223580725
CX2_33,506.0,0.8676538100882472,0.8660503395958371,-0.001603470492410053
CX2_33,507.0,0.8699623590146255,0.8660503395958371,-0.003912019418788382
CX2_33,508.0,0.870229390732928,0.8660503395958371,-0.004179051137090939
CX2_33,509.0,0.8675794581023167,0.8660503395958371,-0.001529118506479632
CX2_33,510.0,0.865903005791308,0.8660503395958371,0.00014733380452913725
CX2_33,511.0,0.865547529253422,0.8640436881512114,-0.0015038411022106901
CX2_33,512.0,0.8648719628790267,0.8617403572984097,-0.0031316055806169807
CX2_33,513.0,0.8642198529984949,0.8615346822295878,-0.0026851707689070636
CX2_33,514.0,0.8636469178561471,0.8614116770081329,-0.002235240848014186
CX2_33,515.0,0.8633772521959552,0.8600081945491571,-0.003369057646798068
CX2_33,516.0,0.8625162617329049,0.8590116853836821,-0.0035045763492227433
CX2_33,517.0,0.8618602392349121,0.8584075543123418,-0.003452684922570226
CX2_33,518.0,0.8612388168236672,0.8574814082407265,-0.0037574085829407133
CX2_33,519.0,0.8625132086175978,0.8574814082407265,-0.005031800376871343
CX2_33,520.0,0.8631466945821625,0.8574814082407265,-0.005665286341436038
CX2_33,521.0,0.8610755758333022,0.8561161439449856,-0.004959431888316601
CX2_33,522.0,0.8613107556232253,0.858943368414959,-0.002367387208266347
CX2_33,523.0,0.8606686024984729,0.858943368414959,-0.0017252340835138824
CX2_33,524.0,0.8628522934659992,0.858943368414959,-0.003908925051040235
CX2_33,525.0,0.8653669037134081,0.858943368414959,-0.006423535298449079
CX2_33,526.0,0.8637240110792155,0.8603680221987424,-0.0033559888804730598
CX2_33,527.0,0.8623373047778694,0.8603680221987424,-0.0019692825791269852
CX2_33,528.0,0.8600879813567733,0.8603680221987424,0.00028004084196908696
CX2_33,529.0,0.8597196405890096,0.8598471639476108,0.00012752335860122255
CX2_33,530.0,0.8615356080619687,0.8597146206058718,-0.0018209874560969341
CX2_33,531.0,0.8605665448205241,0.8573652922736958,-0.003201252546828237
CX2_33,532.0,0.858758969711767,0.8565900082643525,-0.002168961447414519
CX2_33,533.0,0.8582924715618908,0.8565900082643525,-0.0017024632975383147
CX2_33,534.0,0.8667817460459992,0.8573652922736958,-0.00941645377230338
CX2_33,535.0,0.869055050654472,0.8573652922736958,-0.011689758380776127
CX2_33,536.0,0.8698492730119285,0.8672795461096025,-0.0025697269023260416
CX2_33,537.0,0.8686186107234927,0.8672938045151687,-0.0013248062083239809
CX2_33,538.0,0.8674477146246207,0.8672938045151687,-0.00015391010945198236
CX2_33,539.0,0.866908042490258,0.8672938045151687,0.00038576202491069633
CX2_33,540.0,0.8664219766924991,0.8657647127547886,-0.0006572639377104839
CX2_33,541.0,0.8632081051576956,0.863919605887386,0.0007115007296903952
CX2_33,542.0,0.8620186983175143,0.8628223918952036,0.0008036935776892795
CX2_33,543.0,0.8608968907861032,0.858868723755902,-0.0020281670302012555
CX2_33,544.0,0.8598512562967402,0.8566907715307078,-0.0031604847660323676
CX2_33,545.0,0.8590195353437428,0.8563207659896727,-0.0026987693540700963
CX2_33,546.0,0.8600579548211619,0.8551023082384595,-0.004955646582702422
CX2_33,547.0,0.858048782263797,0.853198653789483,-0.004850128474313986
CX2_33,548.0,0.8577990718015702,0.8528379462803742,-0.004961125521195986
CX2_33,549.0,0.856819783536508,0.8520950353530115,-0.004724748183496552
CX2_33,550.0,0.855973122968038,0.8504173587260347,-0.005555764242003214
CX2_33,551.0,0.8586288882366987,0.8520950353530115,-0.006533852883687241
CX2_33,552.0,0.858731917426789,0.8528379462803742,-0.005893971146414767
CX2_33,553.0,0.8576089468262093,0.8542083012651771,-0.003400645561032145
CX2_33,554.0,0.8575234687045253,0.8542083012651771,-0.003315167439348232
CX2_33,555.0,0.8576069301392911,0.8542083012651771,-0.003398628874114018
CX2_33,556.0,0.8597839889769756,0.8542083012651771,-0.005575687711798505
CX2_33,557.0,0.859872292122281,0.8542083012651771,-0.0056639908571038955
CX2_33,558.0,0.8581664148355161,0.8541883564734362,-0.003978058362079984
CX2_33,559.0,0.856723444925835,0.8541313421870564,-0.0025921027387785234
CX2_33,560.0,0.8536313500196278,0.8541313421870564,0.0004999921674286867
CX2_33,561.0,0.853427988051256,0.8521910193940276,-0.0012369686572283323
CX2_33,562.0,0.8552283294677313,0.8508541429940287,-0.004374186473702579
CX2_33,563.0,0.8542578041610176,0.848748798108235,-0.005509006052782595
CX2_33,564.0,0.8518342011228822,0.8473452457332806,-0.00448895538960159
CX2_33,566.0,0.8488786057813678,0.843470514505885,-0.005408091275482807
CX2_33,567.0,0.8489416116927279,0.8409526850799254,-0.007988926612802483
CX2_33,568.0,0.8512526005218201,0.8409526850799254,-0.01029991544189468
CX2_33,569.0,0.8524668756715951,0.8409526850799254,-0.011514190591669693
CX2_33,570.0,0.8514521711366874,0.8440404760019964,-0.0074116951346909765
CX2_33,571.0,0.8506290403173498,0.8440404760019964,-0.0065885643153533735
CX2_33,572.0,0.8504622595083449,0.8440404760019964,-0.006421783506348477
CX2_33,573.0,0.850629789047947,0.8440404760019964,-0.006589313045950562
CX2_33,574.0,0.8531876487083099,0.8440404760019964,-0.009147172706313489
CX2_33,575.0,0.8531505887614285,0.8448034638395746,-0.008347124921853855
CX2_33,576.0,0.851506231410643,0.845764217159951,-0.005742014250691985
CX2_33,577.0,0.8511456987813631,0.8458879139891303,-0.0052577847922328225
CX2_33,578.0,0.8509523773492216,0.8458879139891303,-0.005064463360091254
CX2_33,579.0,0.8505662774234535,0.845764217159951,-0.0048020602635024945
CX2_33,580.0,0.8534631950798203,0.845764217159951,-0.007698977919869288
CX2_33,581.0,0.8536604544832179,0.8458879139891303,-0.007772540494087599
CX2_33,582.0,0.8508338651499179,0.8457143960517652,-0.00511946909815264
CX2_33,583.0,0.849678535195562,0.844969620475394,-0.004708914720167989
CX2_33,584.0,0.8563120089563122,0.850249044194149,-0.00606296476216317
CX2_33,585.0,0.858050701718558,0.851114569872336,-0.006936131846221993
CX2_33,586.0,0.8572864602111684,0.853910688180194,-0.003375772030974389
CX2_33,587.0,0.8557295846036487,0.853910688180194,-0.0018188964234546745
CX2_33,588.0,0.8548912533887959,0.853910688180194,-0.0009805652086019023
CX2_33,589.0,0.8556078956596477,0.8521287861789804,-0.0034791094806673195
CX2_33,590.0,0.8545036690702431,0.8512132370628658,-0.0032904320073773308
CX2_33,591.0,0.8510926114000914,0.8511158233957157,2.3211995624272674e-05
CX2_33,592.0,0.8495077725687175,0.8495650598411221,5.728727240461584e-05
CX2_33,594.0,0.8470211665217098,0.8406629377116737,-0.006358228810036115
CX2_33,595.0,0.8508367822584436,0.8406629377116737,-0.01017384454676995
CX2_33,596.0,0.8510413860991966,0.8406629377116737,-0.010378448387522887
CX2_33,597.0,0.8507681411748427,0.8452492547150877,-0.005518886459754957
CX2_33,598.0,0.8496985422274073,0.8452492547150877,-0.004449287512319544
CX2_33,599.0,0.8468518808937172,0.8452492547150877,-0.001602626178629496
CX2_33,600.0,0.8460179921199623,0.8445921783870273,-0.001425813732935044
CX2_33,601.0,0.8496037750013443,0.8445921783870273,-0.005011596614317049
CX2_33,604.0,0.8644863898261945,0.8394274265882858,-0.025058963237908682
CX2_33,605.0,0.8468460270827036,0.8394274265882858,-0.007418600494417782
CX2_33,606.0,0.8439600322143807,0.8362296939457841,-0.007730338268596593
CX2_33,607.0,0.8424879355473822,0.8327917772403923,-0.009696158306989888
CX2_33,608.0,0.8410006010546889,0.8327917772403923,-0.00820882381429655
CX2_33,609.0,0.8430108691047808,0.8327917772403923,-0.010219091864388519
CX2_33,610.0,0.8430074978331599,0.8327917772403923,-0.010215720592767541
CX2_33,611.0,0.8400704767726729,0.8308943920603661,-0.009176084712306798
CX2_33,612.0,0.8389856744058752,0.8291932882854557,-0.00979238612041955
CX2_33,613.0,0.838552419409159,0.8274545431866891,-0.011097876222469938
CX2_33,614.0,0.8390946362563254,0.8274545431866891,-0.011640093069636315
CX2_33,615.0,0.8402677769253515,0.8274545431866891,-0.012813233738662388
CX2_33,616.0,0.8401768818046224,0.83027004171471,-0.009906840089912383
CX2_33,617.0,0.8397222940191911,0.83027004171471,-0.009452252304481101
CX2_33,618.0,0.8395312215956479,0.83027004171471,-0.009261179880937886
CX2_33,619.0,0.8391270182606352,0.829333552101391,-0.009793466159244146
CX2_33,620.0,0.8409309070984683,0.829333552101391,-0.011597354997077258
CX2_33,621.0,0.8426165060645412,0.829333552101391,-0.013282953963150157
CX2_33,622.0,0.8400548579327618,0.829018437717356,-0.011036420215405851
CX2_33,623.0,0.8385741671023847,0.829018437717356,-0.0095557293850288
CX2_33,624.0,0.8354265081290888,0.8285100828579224,-0.0069164252711664265
CX2_33,625.0,0.8337046786441629,0.8274032773851897,-0.0063014012589731605
CX2_33,626.0,0.8351703905494526,0.8269754533657522,-0.008194937183700457
CX2_33,627.0,0.8363607787134983,0.8269754533657522,-0.009385325347746165
CX2_33,628.0,0.83497372363275,0.8221497730508075,-0.012823950581942523
CX2_33,629.0,0.8314490499087009,0.8221497730508075,-0.009299276857893446
CX2_33,630.0,0.83030684621908,0.8221497730508075,-0.008157073168272522
CX2_33,631.0,0.8303474839052609,0.8166920130400208,-0.013655470865240105
CX2_33,632.0,0.8350632809807278,0.8166920130400208,-0.01837126794070698
CX2_33,633.0,0.8345447460576715,0.8166920130400208,-0.017852733017650668
CX2_33,634.0,0.8331156119384899,0.8205393474293293,-0.012576264509160606
CX2_33,635.0,0.830760456700035,0.8205393474293293,-0.01022110927070563
CX2_33,636.0,0.82889443594471,0.8205393474293293,-0.008355088515380693
CX2_33,637.0,0.8284758382012026,0.8139392440556926,-0.014536594145510007
CX2_33,638.0,0.8302839417815565,0.8139392440556926,-0.016344697725863888
CX2_33,639.0,0.8286907509255907,0.8139392440556926,-0.014751506869898123
CX2_33,640.0,0.8273386044158961,0.8139392440556926,-0.013399360360203505
CX2_33,641.0,0.8265227033921492,0.8139392440556926,-0.012583459336456548
CX2_33,642.0,0.8258183641896932,0.8123717520708845,-0.01344661211880871
CX2_33,643.0,0.825956972184017,0.8117626730192465,-0.01419429916477044
CX2_33,644.0,0.8282388801147553,0.8117626730192465,-0.016476207095508788
CX2_33,645.0,0.8302803080631396,0.8117626730192465,-0.018517635043893033
CX2_33,646.0,0.8286074480735525,0.8135761014750614,-0.015031346598491035
CX2_33,647.0,0.8262449300035448,0.8135761014750614,-0.012668828528483389
CX2_33,648.0,0.8256383526454134,0.8135761014750614,-0.012062251170351979
CX2_33,649.0,0.8268470469284824,0.8135886185082146,-0.01325842842026781
CX2_33,650.0,0.8273032021261232,0.8135886185082146,-0.01371458361790856
CX2_33,651.0,0.8276697012941646,0.8135886185082146,-0.014081082785949994
CX2_33,652.0,0.8274707668759621,0.8143656543111469,-0.013105112564815169
CX2_33,653.0,0.8273166134247996,0.8143656543111469,-0.012950959113652627
CX2_33,654.0,0.8342359527520643,0.8149685901540712,-0.01926736259799311
CX2_33,655.0,0.8380631023850187,0.815838738181652,-0.02222436420336671
CX2_33,656.0,0.8337869517640812,0.8187574627675064,-0.015029488996574858
CX2_33,657.0,0.8320464864843714,0.8192858893561674,-0.012760597128203988
CX2_33,658.0,0.8313178072093299,0.8192858893561674,-0.012031917853162488
CX2_33,659.0,0.8327599330911478,0.8192858893561674,-0.013474043734980401
CX2_33,660.0,0.8345388534961443,0.8192858893561674,-0.015252964139976899
CX2_33,661.0,0.8337916136224152,0.8202802976982982,-0.013511315924116918
CX2_33,662.0,0.8295597455417587,0.8202802976982982,-0.009279447843460464
CX2_33,663.0,0.8273484428909248,0.8202802976982982,-0.0070681451926265515
CX2_33,664.0,0.8263199959025631,0.8150860729105891,-0.01123392299197401
CX2_33,665.0,0.8308936834555615,0.8150860729105891,-0.015807610544972373
CX2_33,666.0,0.8311967074244184,0.8150860729105891,-0.016110634513829325
CX2_33,667.0,0.831429753343554,0.8190833819725434,-0.012346371371010578
CX2_33,668.0,0.8299562623912262,0.8201611662468568,-0.009795096144369464
CX2_33,669.0,0.8295559467245109,0.8201611662468568,-0.009394780477654185
CX2_33,670.0,0.8299841740455993,0.8197086421422058,-0.010275531903393476
CX2_33,671.0,0.8324028149593026,0.8201611662468568,-0.012241648712445818
CX2_33,672.0,0.8324288101967405,0.8201611662468568,-0.012267643949883777
CX2_33,673.0,0.829607439804557,0.8197086421422058,-0.009898797662351133
CX2_33,674.0,0.830942093302317,0.8236272581340274,-0.0073148351682896795
CX2_33,675.0,0.8281775543592784,0.8236272581340274,-0.004550296225251049
CX2_33,676.0,0.8269579769132088,0.8197059487594149,-0.007252028153793888
CX2_33,677.0,0.8298480664066918,0.8197059487594149,-0.010142117647276905
CX2_33,678.0,0.828380584182655,0.8178256868297796,-0.010554897352875403
CX2_33,679.0,0.8266626994731662,0.8172546151990753,-0.0094080842740909
CX2_33,680.0,0.8242277550745303,0.8168079748282542,-0.0074197802462760976
CX2_33,681.0,0.8205675892695851,0.8168079748282542,-0.003759614441330883
CX2_33,682.0,0.8192842757354559,0.8115848458669056,-0.007699429868550323
CX2_33,684.0,0.8209659627931171,0.8049301346393862,-0.016035828153730836
CX2_33,685.0,0.8218815594899865,0.8049301346393862,-0.016951424850600305
CX2_33,686.0,0.8215225586759131,0.8082232998323943,-0.01329925884351879
CX2_33,687.0,0.819127097425899,0.8082232998323943,-0.010903797593504683
CX2_33,688.0,0.8198015305429077,0.8082232998323943,-0.011578230710513449
CX2_33,689.0,0.820282471398496,0.806897876008165,-0.013384595390330989
CX2_33,690.0,0.8200717770100284,0.806897876008165,-0.013173901001863442
CX2_33,691.0,0.8200814871624187,0.8067546077057854,-0.013326879456633245
CX2_33,692.0,0.8191364869952151,0.8067546077057854,-0.012381879289429687
CX2_33,693.0,0.8157866084156649,0.8065432813358532,-0.00924332707981168
CX2_33,694.0,0.8149891455704608,0.805359284512295,-0.009629861058165767
CX2_33,695.0,0.8186200528657026,0.805359284512295,-0.013260768353407615
CX2_33,696.0,0.819646466565463,0.805359284512295,-0.014287182053168035
CX2_33,697.0,0.8186861874480096,0.8058247685040877,-0.012861418943921898
CX2_33,698.0,0.8175777882931935,0.8058247685040877,-0.011753019789105812
CX2_33,699.0,0.8147739679385964,0.8058247685040877,-0.00894919943450867
CX2_33,700.0,0.8132960092248364,0.8040642574441742,-0.009231751780662156
CX2_33,701.0,0.8169149472844951,0.8040642574441742,-0.012850689840320895
CX2_33,702.0,0.8193222294256814,0.8040642574441742,-0.015257971981507246
CX2_33,703.0,0.8177923150069731,0.8040713131927437,-0.013721001814229417
CX2_33,704.0,0.8232912908091913,0.8069770338435426,-0.0163142569656487
CX2_33,705.0,0.8301960011226069,0.8083378624492811,-0.021858138673325866
CX2_33,706.0,0.8297827333020983,0.8194999730626752,-0.010282760239423094
CX2_33,707.0,0.8281922192413461,0.8194999730626752,-0.008692246178670926
CX2_33,708.0,0.827240866357232,0.8194999730626752,-0.00774089329455685
CX2_33,709.0,0.8317649224165882,0.8224786721677936,-0.009286250248794592
CX2_33,710.0,0.8317113823980656,0.8229947449738217,-0.00871663742424389
CX2_33,711.0,0.8293356874800766,0.8186585446084039,-0.010677142871672651
CX2_33,712.0,0.8291706117475377,0.8194029328775605,-0.009767678869977203
CX2_33,713.0,0.8266346151752081,0.8194029328775605,-0.00723168229764759
CX2_33,714.0,0.8227767722756559,0.8180061221356115,-0.004770650140044408
CX2_33,715.0,0.8234869006273755,0.8124885707119055,-0.010998329915470006
CX2_33,716.0,0.8241131497564196,0.8108802208809627,-0.013232928875456906
CX2_33,717.0,0.8217391693346254,0.8078184263821339,-0.013920742952491572
CX2_33,718.0,0.8174711207004175,0.8062769762836152,-0.011194144416802332
CX2_33,719.0,0.8160883556519892,0.8046591375578409,-0.011429218094148319
CX2_33,720.0,0.8146281889200774,0.8035351841601295,-0.0110930047599479
CX2_33,721.0,0.8182394922781161,0.8035351841601295,-0.01470430811798662
CX2_33,722.0,0.8206135748420994,0.8035351841601295,-0.017078390681969924
CX2_33,723.0,0.8185557253118235,0.8017916702837197,-0.016764055028103853
CX2_33,724.0,0.8152826140905802,0.8017916702837197,-0.013490943806860556
CX2_33,725.0,0.8142568308335083,0.8017916702837197,-0.012465160549788634
CX2_33,726.0,0.8140461548945717,0.7969324091571405,-0.017113745737431185
CX2_33,727.0,0.8115201195971223,0.7966760230118929,-0.01484409658522945
CX2_33,728.0,0.813094850405222,0.7961500557372686,-0.0169447946679534
CX2_33,729.0,0.8140575591781888,0.7961500557372686,-0.01790750344092018
CX2_33,730.0,0.8087826007725699,0.7961500557372686,-0.012632545035301312
CX2_33,731.0,0.8078017953888221,0.7910651885790322,-0.016736606809789945
CX2_33,732.0,0.8081222212422443,0.792378092743317,-0.015744128498927257
CX2_33,733.0,0.805946961396061,0.7864773086281517,-0.01946965276790935
CX2_33,734.0,0.8089848076339278,0.7864773086281517,-0.022507499005776088
CX2_33,735.0,0.8097629948838176,0.7914614673484317,-0.018301527535385942
CX2_33,736.0,0.8081628304359199,0.7914614673484317,-0.016701363087488152
CX2_33,737.0,0.8054824703143846,0.7865167168052463,-0.018965753509138317
CX2_33,738.0,0.8046276289462048,0.7865167168052463,-0.0181109121409585
CX2_33,739.0,0.8074297475202227,0.7865167168052463,-0.02091303071497641
CX2_33,740.0,0.808641926825922,0.7865167168052463,-0.02212521002067569
CX2_33,741.0,0.807832999965504,0.7903607960452834,-0.01747220392022053
CX2_33,742.0,0.8051506893658761,0.7903607960452834,-0.014789893320592662
CX2_33,743.0,0.8033525216791458,0.7903607960452834,-0.012991725633862417
CX2_33,744.0,0.8024166475238718,0.7829312348105117,-0.019485412713360017
CX2_33,745.0,0.805520900952964,0.7829312348105117,-0.02258966614245228
CX2_33,746.0,0.8072270158023669,0.7829312348105117,-0.024295780991855143
CX2_33,747.0,0.8059122835843224,0.7888259962966305,-0.017086287287691904
CX2_33,748.0,0.8029923178857266,0.7888259962966305,-0.014166321589096031
CX2_33,749.0,0.8009760307345187,0.7888259962966305,-0.012150034437888202
CX2_33,750.0,0.7998400270151343,0.7797454722581781,-0.020094554756956207
CX2_33,751.0,0.8042813281816102,0.7797454722581781,-0.024535855923432104
CX2_33,752.0,0.8046694539118725,0.7797454722581781,-0.02492398165369436
CX2_33,753.0,0.802394440321323,0.7815139096153645,-0.020880530705958522
CX2_33,754.0,0.8104577255237965,0.7850673387569653,-0.02539038676683114
CX2_33,755.0,0.8181444990694597,0.7879734012279778,-0.030171097841481975
CX2_33,756.0,0.8182788201259924,0.7972854282473406,-0.02099339187865179
CX2_33,757.0,0.816801938119686,0.8019403625651216,-0.014861575554564466
CX2_33,758.0,0.816210084949359,0.8019403625651216,-0.014269722384237404
CX2_33,759.0,0.8170722136867317,0.8024479807730274,-0.014624232913704294
CX2_33,760.0,0.8203192904556776,0.8024479807730274,-0.01787130968265027
CX2_33,761.0,0.8216143318414059,0.8024479807730274,-0.019166351068378495
CX2_33,762.0,0.8201204459640216,0.8053235770185976,-0.01479686894542398
CX2_33,763.0,0.8195618215402769,0.8053235770185976,-0.014238244521679322
CX2_33,764.0,0.8171197213870048,0.8053235770185976,-0.011796144368407258
CX2_33,765.0,0.8203032275109664,0.8053235770185976,-0.014979650492368823
CX2_33,766.0,0.8188525805774436,0.8024063787249119,-0.01644620185253165
CX2_33,767.0,0.8177278719509683,0.8001376253100224,-0.017590246640945884
CX2_33,768.0,0.8154382616525331,0.8001376253100224,-0.015300636342510665
CX2_33,769.0,0.8134891294509463,0.8001376253100224,-0.013351504140923898
CX2_33,770.0,0.8109294548368827,0.799963143086652,-0.010966311750230773
CX2_33,771.0,0.812479992654908,0.7959060936271753,-0.016573899027732653
CX2_33,772.0,0.8145136450093414,0.7959060936271753,-0.018607551382166077
CX2_33,773.0,0.8110412309645795,0.7933665069410448,-0.01767472402353465
CX2_33,774.0,0.808744472648,0.7891882683890794,-0.019556204258920573
CX2_33,775.0,0.8061929443254253,0.7876034408989527,-0.018589503426472587
CX2_33,776.0,0.8059783232817557,0.7874617227806653,-0.018516600501090386
CX2_33,777.0,0.805549371281929,0.7869292052540442,-0.018620166027884855
CX2_33,778.0,0.8045427376461628,0.7839648665538302,-0.020577871092332556
CX2_33,779.0,0.8078629748451536,0.7839648665538302,-0.023898108291323328
CX2_33,780.0,0.8086853005840384,0.7839648665538302,-0.024720434030208183
CX2_33,781.0,0.8057210269440281,0.7835455266078915,-0.02217550033613669
CX2_33,782.0,0.8042334668711802,0.7835455266078915,-0.020687940263288795
CX2_33,783.0,0.8045095853650385,0.7874521296246495,-0.01705745574038897
CX2_33,784.0,0.8031123394925559,0.7835455266078915,-0.019566812884664442
CX2_33,786.0,0.8020526759477651,0.779964700524211,-0.022087975423554118
CX2_33,787.0,0.8037378340209916,0.779964700524211,-0.023773133496780674
CX2_33,788.0,0.8025747787367445,0.779964700524211,-0.02261007821253358
CX2_33,789.0,0.8033214659333326,0.7808129965847618,-0.02250846934857087
CX2_33,790.0,0.8060023995598012,0.783439522235393,-0.022562877324408204
CX2_33,791.0,0.8047275843884271,0.7840597047181921,-0.02066787967023498
CX2_33,792.0,0.8043021205642363,0.7840597047181921,-0.020242415846044248
CX2_33,793.0,0.8040935970752487,0.7840597047181921,-0.02003389235705666
CX2_33,795.0,0.7998100596497781,0.7832366600287727,-0.016573399621005458
CX2_33,796.0,0.8034511766471671,0.7832366600287727,-0.020214516618394462
CX2_33,797.0,0.8035806091818999,0.7794298561677222,-0.024150753014177684
CX2_33,798.0,0.8032367519908247,0.7794298561677222,-0.02380689582310247
CX2_33,799.0,0.8006286323206087,0.7794298561677222,-0.021198776152886456
CX2_33,800.0,0.7997011533981813,0.7794298561677222,-0.020271297230459062
CX2_33,801.0,0.8000777591834648,0.7785259794159528,-0.02155177976751199
CX2_33,802.0,0.8013480740778417,0.7785259794159528,-0.022822094661888892
CX2_33,803.0,0.8023335102346032,0.7785259794159528,-0.02380753081865039
CX2_33,804.0,0.8069553779026283,0.7796170392653473,-0.027338338637280968
CX2_33,805.0,0.8091134115023254,0.7813634862600546,-0.027749925242270823
CX2_33,806.0,0.8082527509626332,0.7881165411967215,-0.020136209765911683
CX2_33,807.0,0.8077987162373419,0.7883274421737685,-0.019471274063573407
CX2_33,808.0,0.808454632171655,0.7883274421737685,-0.02012718999788654
CX2_33,809.0,0.8095030978417784,0.790234268255651,-0.01926882958612741
CX2_33,811.0,0.8054899037397998,0.7886087769628161,-0.016881126776983724
CX2_33,812.0,0.8082931333503219,0.7897047115377905,-0.018588421812531397
CX2_33,813.0,0.8077840780780241,0.7897047115377905,-0.018079366540233566
CX2_33,814.0,0.8076118125349524,0.7897643824014914,-0.017847430133461017
CX2_33,815.0,0.8054906546199507,0.7897047115377905,-0.015785943082160192
CX2_33,816.0,0.8065695209586309,0.7897047115377905,-0.016864809420840343
CX2_33,817.0,0.8093865534589602,0.7897643824014914,-0.019622171057468774
CX2_33,818.0,0.80939925581414,0.7897445369625025,-0.019654718851637498
CX2_33,819.0,0.8075899430321849,0.7892187982783769,-0.018371144753807966
CX2_33,820.0,0.8058675029526222,0.7892187982783769,-0.016648704674245285
CX2_33,821.0,0.8041298026763605,0.7892187982783769,-0.01491100439798354
CX2_33,822.0,0.80326169819597,0.7864948595773373,-0.016766838618632707
CX2_33,823.0,0.8031194697196377,0.7822176447310317,-0.020901824988605933
CX2_33,824.0,0.8049990646052222,0.7822176447310317,-0.022781419874190467
CX2_33,825.0,0.8016929811291087,0.7819994821617245,-0.01969349896738415
CX2_33,826.0,0.8004645761801057,0.7816040036912175,-0.018860572488888172
CX2_33,827.0,0.798349178738258,0.7776318524968494,-0.02071732624140854
CX2_33,828.0,0.800577391630451,0.7776318524968494,-0.022945539133601645
CX2_33,829.0,0.8013385359117003,0.7776318524968494,-0.023706683414850938
CX2_33,855.0,0.8145967414453852,0.7702193432121698,-0.044377398233215404
CX2_33,856.0,0.8015717430521341,0.7702193432121698,-0.031352399839964296
CX2_33,857.0,0.7997401559763462,0.7778721936523258,-0.02186796232402033
CX2_33,858.0,0.7988643250653209,0.7781413138299191,-0.020723011235401767
CX2_33,1045.0,0.7984453800346314,0.7624211272496317,-0.036024252784999655
CX2_33,1046.0,0.8004952475120353,0.767432314999569,-0.03306293251246628
CX2_33,1047.0,0.80284020787128,0.7684796977294953,-0.03436051014178465
CX2_33,1048.0,0.8044167908340554,0.7736578000761345,-0.03075899075792088
CX2_33,1049.0,0.806143397298828,0.7750955214934319,-0.03104787580539614
CX2_33,1050.0,0.8072494878432372,0.7765688777041928,-0.03068061013904444
CX2_33,1051.0,0.8085833131673078,0.7803845806466652,-0.028198732520642644
CX2_33,1052.0,0.8099820736968117,0.7804051524227752,-0.02957692127403655
CX2_33,1053.0,0.8113328548565787,0.7810109295196381,-0.03032192533694056
CX2_33,1054.0,0.7993957129193627,0.7810109295196381,-0.018384783399724602
CX2_33,1059.0,0.8003271648513814,0.7423740630340934,-0.05795310181728808
CX2_33,1072.0,0.799109514141007,0.7637614814970993,-0.03534803264390762
CX2_33,1073.0,0.8002552358424458,0.7668798922038643,-0.03337534363858152
CX2_33,1074.0,0.8014780018621073,0.7677086426162678,-0.03376935924583946
CX2_33,1075.0,0.8019420067042645,0.7696632900021302,-0.032278716702134336
CX2_33,1076.0,0.8035044724210811,0.769833343671444,-0.03367112874963718
CX2_33,1077.0,0.8037543413506982,0.7703045804024894,-0.03344976094820884
CX2_33,1078.0,0.8051025424958743,0.7718032028247345,-0.03329933967113985
CX2_33,1079.0,0.8058786734552104,0.7721881391332777,-0.0336905343219327
CX2_33,1080.0,0.806040952280725,0.7744861482685861,-0.03155480401213895
CX2_34,6.0,0.9891238603223124,1.0,0.010876139677687635
CX2_34,7.0,0.9871942252991731,0.9942929465846535,0.007098721285480392
CX2_34,8.0,0.9844865422689782,0.9913845228230088,0.006897980554030569
CX2_34,9.0,0.9820691772686148,0.9901109536300562,0.008041776361441433
CX2_34,10.0,0.9863376247786644,0.9913845228230088,0.005046898044344439
CX2_34,11.0,0.9864361871017944,0.9913845228230088,0.004948335721214447
CX2_34,12.0,0.9802924783463628,0.9897576273888483,0.009465149042485521
CX2_34,13.0,0.977729830360808,0.9854840308135855,0.0077542004527775266
CX2_34,14.0,0.976060753087004,0.981937767495546,0.005877014408541936
CX2_34,15.0,0.9743953063911467,0.9798697354383785,0.0054744290472318324
CX2_34,16.0,0.9751144973884416,0.9798697354383785,0.0047552380499369384
CX2_34,17.0,0.9781535734028844,0.9798697354383785,0.0017161620354940732
CX2_34,18.0,0.9781518709090191,0.9798273938722076,0.0016755229631885138
CX2_34,19.0,0.9711945064790839,0.9798273938722076,0.008632887393123734
CX2_34,20.0,0.96971763504253,0.9798273938722076,0.010109758829677684
CX2_34,21.0,0.9687149750048402,0.9707487589820433,0.0020337839772031074
CX2_34,22.0,0.9670193077217454,0.9683380564940937,0.0013187487723482771
CX2_34,23.0,0.9704333207535905,0.9683380564940937,-0.0020952642594967985
CX2_34,24.0,0.9716412323938597,0.9683380564940937,-0.003303175899766031
CX2_34,25.0,0.971868063681373,0.972571155705061,0.0007030920236880123
CX2_34,26.0,0.8313029477334437,0.972571155705061,0.14126820797161732
CX2_34,27.0,0.9718828348079591,0.9731009535641229,0.001218118756163733
CX2_34,28.0,0.9718557452647745,0.972571155705061,0.0007154104402865569
CX2_34,29.0,0.9716771647011428,0.9717245151824374,4.735048129456132e-05
CX2_34,30.0,0.9714685887326991,0.9714024026737069,-6.618605899222363e-05
CX2_34,31.0,0.9709502414668664,0.9714024026737069,0.00045216120684055117
CX2_34,32.0,0.9705209050720615,0.9712215404079966,0.0007006353359351181
CX2_34,33.0,0.970145941352582,0.9702770522495516,0.00013111089696959954
CX2_34,34.0,0.9698509697899184,0.9702160418534184,0.0003650720635000049
CX2_34,35.0,0.9697358135604044,0.9689314217114395,-0.0008043918489648583
CX2_34,36.0,0.9693451265481027,0.9685213154038314,-0.0008238111442713247
CX2_34,37.0,0.9688478624567908,0.9674517156740237,-0.001396146782767116
CX2_34,38.0,0.9683443605286556,0.9673857133923054,-0.0009586471363501881
CX2_34,39.0,0.9620090910479538,0.967184771978555,0.0051756809306011675
CX2_34,40.0,0.9587586614699498,0.966577769757272,0.00781910828732224
CX2_34,41.0,0.9572809153494705,0.954814227086909,-0.0024666882625614672
CX2_34,42.0,0.9560044321443173,0.9536497566338787,-0.002354675510438553
CX2_34,43.0,0.9548883671771041,0.9527844144287129,-0.002103952748391258
CX2_34,44.0,0.9600153920372246,0.9527844144287129,-0.007230977608511768
CX2_34,45.0,0.9607129680544205,0.9527844144287129,-0.007928553625707657
CX2_34,46.0,0.9539745328924922,0.9517187978361171,-0.0022557350563751077
CX2_34,47.0,0.9514205951675437,0.949452667881125,-0.0019679272864187025
CX2_34,48.0,0.9510216491186777,0.9474047911226727,-0.003616857996004974
CX2_34,49.0,0.9499731527106271,0.9469404828817608,-0.0030326698288662968
CX2_34,50.0,0.951830038613949,0.9469404828817608,-0.004889555732188189
CX2_34,51.0,0.9550086551772163,0.9474047911226727,-0.007603864054543608
CX2_34,52.0,0.9817824662488063,0.9534049337605214,-0.028377532488284896
CX2_34,53.0,0.9796479966413206,0.9618513502403674,-0.017796646400953242
CX2_34,54.0,0.9814509427952631,0.9823955262066276,0.0009445834113644969
CX2_34,55.0,0.9804008232260866,0.9823955262066276,0.001994702980541052
CX2_34,56.0,0.9732361088198287,0.9823955262066276,0.00915941738679893
CX2_34,57.0,0.9703277699599863,0.9819610912785152,0.0116333213185289
CX2_34,58.0,0.9686395279900395,0.9710363041642623,0.0023967761742228477
CX2_34,59.0,0.9650528922279084,0.9705237159765604,0.005470823748652043
CX2_34,60.0,0.9628643327967593,0.9681364306757908,0.00527209787903149
CX2_34,61.0,0.9616836371722425,0.9624707988557554,0.0007871616835128936
CX2_34,62.0,0.9587734659885184,0.957599041781528,-0.001174424206990432
CX2_34,63.0,0.955654660887985,0.9494533231369192,-0.006201337751065794
CX2_34,64.0,0.9545519319552817,0.9471292699994116,-0.007422661955870047
CX2_34,65.0,0.9531984366771309,0.9465114471591001,-0.006686989518030817
CX2_34,66.0,0.9505090584697038,0.9461396233143975,-0.0043694351553063004
CX2_34,67.0,0.9506039380011653,0.9446872200012748,-0.005916717999890464
CX2_34,68.0,0.9499569646827128,0.9446872200012748,-0.005269744681438038
CX2_34,69.0,0.9474854329881308,0.9446610774817091,-0.002824355506421683
CX2_34,70.0,0.9457404849656494,0.9392143407592627,-0.0065261442063867525
CX2_34,71.0,0.9450560419419881,0.9388325048568003,-0.006223537085187858
CX2_34,72.0,0.944289262421471,0.9377495476078429,-0.006539714813628139
CX2_34,73.0,0.9421933597561774,0.9370395905989618,-0.005153769157215549
CX2_34,74.0,0.9432815079422128,0.9370395905989618,-0.006241917343250969
CX2_34,75.0,0.9424755036009813,0.9365162874937465,-0.0059592161072348215
CX2_34,76.0,0.941474088609558,0.9356423995767872,-0.005831689032770759
CX2_34,77.0,0.9406281219101519,0.9352626167534952,-0.00536550515665668
CX2_34,78.0,0.9398118314992282,0.9352626167534952,-0.004549214745732999
CX2_34,79.0,0.9392971704075473,0.9348775855135079,-0.0044195848940394855
CX2_34,80.0,0.9381536151763319,0.9344207827130213,-0.003732832463310576
CX2_34,81.0,0.9374008741146685,0.9332363880152307,-0.00416448609943787
CX2_34,82.0,0.9362435432675162,0.9310615390453938,-0.005182004222122449
CX2_34,83.0,0.9353349147827794,0.9308551434352172,-0.004479771347562167
CX2_34,84.0,0.9345559401147296,0.930128434708959,-0.0044275054057706376
CX2_34,85.0,0.9339119342022183,0.9292997001362131,-0.004612234066005194
CX2_34,86.0,0.933601605328795,0.9269057847453777,-0.0066958205834173334
CX2_34,87.0,0.9324121217272704,0.9268614156832988,-0.005550706043971565
CX2_34,88.0,0.9316820869758028,0.9264746557988174,-0.005207431176985411
CX2_34,89.0,0.9301999192556935,0.9243237208257008,-0.005876198429992652
CX2_34,90.0,0.9260660886361929,0.9237044357839476,-0.0023616528522453217
CX2_34,91.0,0.924612720959545,0.9217338093255587,-0.0028789116339863474
CX2_34,92.0,0.9234492091900448,0.9105204719416559,-0.012928737248388944
CX2_34,94.0,0.9253984190361626,0.9105204719416559,-0.014877947094506738
CX2_34,95.0,0.9258379700989616,0.9105204719416559,-0.015317498157305764
CX2_34,96.0,0.9256160887226245,0.9116433663969703,-0.013972722325654163
CX2_34,97.0,0.9297958284348368,0.9125965306460451,-0.0171992977887917
CX2_34,98.0,0.9302550342751372,0.9127738622006293,-0.017481172074507945
CX2_34,99.0,0.9264676090692409,0.9125965306460451,-0.013871078423195793
CX2_34,100.0,0.9239307913703062,0.9131817307315739,-0.010749060638732266
CX2_34,102.0,0.9484713392497992,0.9244420389664605,-0.024029300283338717
CX2_34,103.0,0.9502199082253895,0.9244420389664605,-0.025777869258928998
CX2_34,104.0,0.9545782021693474,0.9456006742139511,-0.008977527955396303
CX2_34,105.0,0.9545977638546009,0.9526088796507948,-0.0019888842038061627
CX2_34,106.0,0.944847133832904,0.9526088796507948,0.007761745817890797
CX2_34,107.0,0.9451193671559678,0.9526088796507948,0.007489512494826989
CX2_34,108.0,0.9433942263898191,0.9489876587897816,0.005593432399962572
CX2_34,109.0,0.9408827734968557,0.9471518280221313,0.006269054525275597
CX2_34,110.0,0.944411909190602,0.9471518280221313,0.002739918831529242
CX2_34,111.0,0.9462388083866788,0.9489876587897816,0.0027488504031027983
CX2_34,112.0,0.9428781537960329,0.9471518280221313,0.004273674226098367
CX2_34,113.0,0.9362344808723877,0.9413728823387456,0.005138401466357911
CX2_34,114.0,0.9354314796915842,0.9401475217195192,0.0047160420279349635
CX2_34,115.0,0.9341430242035814,0.9374258231984816,0.003282798994900138
CX2_34,116.0,0.9317803445226566,0.936713592562247,0.004933248039590388
CX2_34,117.0,0.9360998543101003,0.9374258231984816,0.0013259688883812126
CX2_34,118.0,0.937625247199662,0.9374258231984816,-0.00019942400118044823
CX2_34,119.0,0.933013146344296,0.9374258231984816,0.00441267685418556
CX2_34,120.0,0.9278272291126747,0.9253552696104949,-0.0024719595021798213
CX2_34,121.0,0.9279454988260322,0.926951867428981,-0.00099363139705122
CX2_34,122.0,0.9264710366982103,0.9251400992319744,-0.0013309374662359152
CX2_34,123.0,0.9241955601305405,0.9247050650658636,0.0005095049353230907
CX2_34,124.0,0.9299755975835224,0.9251400992319744,-0.004835498351548062
CX2_34,125.0,0.9313148030573194,0.926951867428981,-0.004362935628338449
CX2_34,126.0,0.9311652336437028,0.929626395533237,-0.0015388381104658455
CX2_34,127.0,0.9310373108293909,0.929626395533237,-0.0014109152961538918
CX2_34,128.0,0.9309437834301774,0.929626395533237,-0.0013173878969403585
CX2_34,129.0,0.9315687599720459,0.9288908796901167,-0.002677880281929168
CX2_34,130.0,0.9313740165461606,0.9288356356587691,-0.002538380887391445
CX2_34,131.0,0.9312565837230342,0.9283808451547935,-0.002875738568240749
CX2_34,132.0,0.9307134403375231,0.9276810677654307,-0.0030323725720924344
CX2_34,133.0,0.9305522093064127,0.9274439016971116,-0.003108307609301142
CX2_34,134.0,0.9300875670824126,0.9274389188087625,-0.0026486482736500783
CX2_34,135.0,0.9297775307897187,0.9270548596962953,-0.00272267109342339
CX2_34,136.0,0.9296211605098423,0.9269097025248128,-0.002711457985029586
CX2_34,137.0,0.9296952361733343,0.92615456181332,-0.003540674360014262
CX2_34,138.0,0.7930397104226845,0.92615456181332,0.1331148513906355
CX2_34,139.0,0.9303976081641109,0.9269097025248128,-0.003487905639298128
CX2_34,140.0,0.7947002143518761,0.9246851824109091,0.12998496805903303
CX2_34,141.0,0.9193588104298149,0.9126332968867641,-0.006725513543050843
CX2_34,142.0,0.9181767056680915,0.9126332968867641,-0.005543408781327419
CX2_34,143.0,0.9166141821338913,0.9126332968867641,-0.003980885247127253
CX2_34,144.0,0.915329951041776,0.9118091740657494,-0.003520776976026596
CX2_34,145.0,0.9175900183807877,0.9126332968867641,-0.004956721494023597
CX2_34,146.0,0.9217634832738625,0.9151384142348791,-0.006625069038983411
CX2_34,147.0,0.9224157324295064,0.9209222507228172,-0.0014934817066891704
CX2_34,148.0,0.9113027682994825,0.9209222507228172,0.009619482423334658
CX2_34,149.0,0.9113644925212434,0.9209222507228172,0.009557758201573785
CX2_34,150.0,0.9111289586120922,0.9050469078936665,-0.006082050718425713
CX2_34,151.0,0.9098991041368166,0.9026528783852708,-0.007246225751545876
CX2_34,152.0,0.9359593527214297,0.9026528783852708,-0.033306474336158964
CX2_34,153.0,0.9409467509357451,0.9050469078936665,-0.035899843042078605
CX2_34,154.0,0.9431281671098228,0.9406328867648347,-0.0024952803449881378
CX2_34,155.0,0.9386953112620047,0.9406328867648347,0.0019375755028300246
CX2_34,156.0,0.9319684550048182,0.9406328867648347,0.008664431760016522
CX2_34,157.0,0.9318398437978272,0.9362271803832317,0.004387336585404467
CX2_34,158.0,0.9368675356249911,0.9362271803832317,-0.0006403552417594272
CX2_34,159.0,0.9376767043053449,0.9362271803832317,-0.0014495239221131717
CX2_34,160.0,0.8000018236601126,0.9362271803832317,0.13622535672311908
CX2_34,161.0,0.9364431493242865,0.9352566648859911,-0.0011864844382953876
CX2_34,162.0,0.9356254089197343,0.9352566648859911,-0.00036874403374320686
CX2_34,163.0,0.9350619706748862,0.9351397494202425,7.777874535630502e-05
CX2_34,164.0,0.9347198146856849,0.9340171473966291,-0.0007026672890557695
CX2_34,165.0,0.9346434573904233,0.93414533931664,-0.0004981180737833046
CX2_34,166.0,0.9342833320671595,0.9340171473966291,-0.0002661846705304116
CX2_34,167.0,0.9336675402143335,0.9336319121840778,-3.562803025569661e-05
CX2_34,168.0,0.932906388007121,0.9331145749158063,0.00020818690868529277
CX2_34,169.0,0.93237998007118,0.9312484083245683,-0.0011315717466116038
CX2_34,170.0,0.931959938520786,0.9312357608493487,-0.0007241776714372872
CX2_34,171.0,0.9316792420680913,0.9302498107381341,-0.0014294313299572092
CX2_34,172.0,0.9313190895302956,0.9301250606679301,-0.001194028862365526
CX2_34,173.0,0.9306938717461757,0.9295994104375903,-0.0010944613085853705
CX2_34,174.0,0.9301783971097428,0.9287970369110282,-0.0013813601987145985
CX2_34,175.0,0.9299463122740428,0.9280509351943306,-0.0018953770797122127
CX2_34,176.0,0.7956993220957828,0.9274228703047266,0.13172354820894383
CX2_34,177.0,0.9191847179958522,0.925148105775109,0.005963387779256757
CX2_34,178.0,0.9187810040113472,0.9160809616563781,-0.0027000423549691233
CX2_34,179.0,0.9169674695120154,0.9144876802183124,-0.002479789293702961
CX2_34,180.0,0.9147318838343006,0.9136443724288659,-0.0010875114054347268
CX2_34,181.0,0.9155228507458067,0.9144876802183124,-0.0010351705274943557
CX2_34,182.0,0.7820373167000143,0.9136443724288659,0.13160705572885156
CX2_34,183.0,0.9217889418199992,0.9136443724288659,-0.008144569391133283
CX2_34,184.0,0.914157073700408,0.9116445297594388,-0.002512543940969225
CX2_34,185.0,0.9109821118997018,0.9067239148295059,-0.004258197070195924
CX2_34,186.0,0.9109805621830008,0.9067239148295059,-0.004256647353494958
CX2_34,187.0,0.910459615455721,0.9067239148295059,-0.0037357006262150882
CX2_34,188.0,0.9068682651981895,0.9066617221803125,-0.00020654301787703666
CX2_34,189.0,0.9141037158142582,0.9066617221803125,-0.007441993633945709
CX2_34,190.0,0.9153430299670563,0.9080763145258933,-0.007266715441162974
CX2_34,191.0,0.908436284070193,0.9037547447749915,-0.004681539295201431
CX2_34,192.0,0.9046585246010885,0.9032692046472833,-0.0013893199538052015
CX2_34,194.0,0.9032610665603771,0.8976325669515556,-0.005628499608821502
CX2_34,195.0,0.9019112049842805,0.8967860723388646,-0.005125132645415809
CX2_34,196.0,0.9068055342876588,0.8967860723388646,-0.010019461948794106
CX2_34,197.0,0.909210408769961,0.8967860723388646,-0.012424336431096306
CX2_34,198.0,0.9071932452936693,0.8967860723388646,-0.010407172954804644
CX2_34,199.0,0.9002257945286509,0.8945646489856408,-0.005661145543010115
CX2_34,200.0,0.9005089982453882,0.8984350951107282,-0.002073903134660049
CX2_34,201.0,0.9007490223735869,0.8984350951107282,-0.002313927262858728
CX2_34,202.0,0.9335349922429366,0.8984350951107282,-0.0350998971322084
CX2_34,203.0,0.9378066890891216,0.8986425463617853,-0.03916414272733626
CX2_34,204.0,0.9398136098381713,0.9400797068783082,0.0002660970401369145
CX2_34,205.0,0.9395378172324219,0.9467864911742864,0.007248673941864459
CX2_34,206.0,0.9387874304433228,0.9470720012765247,0.008284570833201887
CX2_34,207.0,0.9379801260017745,0.9470720012765247,0.009091875274750194
CX2_34,208.0,0.9374233233296286,0.9467864911742864,0.009363167844657738
CX2_34,209.0,0.9365061509093644,0.945808220153692,0.009302069244327638
CX2_34,210.0,0.9362265907195372,0.9443855328319449,0.008158942112407752
CX2_34,211.0,0.9356110975033404,0.9411072245427612,0.005496127039420817
CX2_34,212.0,0.9344134866338449,0.9409785643109707,0.006565077677125775
CX2_34,213.0,0.9335112431732175,0.9403904762546783,0.006879233081460767
CX2_34,214.0,0.9333974630881345,0.940032254150702,0.00663479106256748
CX2_34,215.0,0.9325747467754563,0.9391209591487527,0.006546212373296445
CX2_34,216.0,0.932068138609503,0.9380399895755152,0.00597185096601216
CX2_34,217.0,0.9318164971226061,0.9376469885696261,0.005830491447020081
CX2_34,218.0,0.9313666471401163,0.9369721486655368,0.005605501525420498
CX2_34,219.0,0.9247596829764696,0.9368705416352756,0.012110858658806012
CX2_34,221.0,0.9180199689909099,0.9330575717175189,0.015037602726609034
CX2_34,222.0,0.9166403075313367,0.9259845144144062,0.009344206883069472
CX2_34,223.0,0.9148854119517139,0.9259845144144062,0.0110991024626923
CX2_34,224.0,0.9185889463769398,0.9261532262016662,0.007564279824726405
CX2_34,225.0,0.9215321937954263,0.9327964020418785,0.011264208246452245
CX2_34,226.0,0.9197135883506988,0.9261532262016662,0.00643963785096735
CX2_34,227.0,0.9107968803810562,0.9261532262016662,0.015356345820609962
CX2_34,228.0,0.9101513416009099,0.9241929613591853,0.014041619758275337
CX2_34,229.0,0.9092394677026324,0.9224147862213166,0.013175318518684143
CX2_34,230.0,0.9082447345991564,0.9224070023875418,0.014162267788385363
CX2_34,231.0,0.911165652216789,0.9224070023875418,0.011241350170752784
CX2_34,232.0,0.9135235751072083,0.9241929613591853,0.010669386251976998
CX2_34,233.0,0.9113488453272092,0.9224070023875418,0.01105815706033264
CX2_34,234.0,0.9030476021064656,0.919162819662757,0.016115217556291417
CX2_34,236.0,0.9015297915488573,0.9128624844962162,0.011332692947358947
CX2_34,237.0,0.9010719559795807,0.9120295241786268,0.010957568199046142
CX2_34,238.0,0.9017702066191682,0.9128624844962162,0.011092277877048029
CX2_34,239.0,0.9071263405618973,0.9129426950296764,0.005816354467779061
CX2_34,240.0,0.9076579835356562,0.9180606815378313,0.010402698002175081
CX2_34,241.0,0.8990886018271348,0.9180606815378313,0.018972079710696477
CX2_34,242.0,0.8975418792860026,0.9180606815378313,0.02051880225182867
CX2_34,243.0,0.8971057674829453,0.9097244993953895,0.012618731912444114
CX2_34,244.0,0.8959605032417298,0.9066794802409811,0.010718976999251284
CX2_34,245.0,0.8963727956892767,0.9066794802409811,0.01030668455170436
CX2_34,246.0,0.9014541559932808,0.9097244993953895,0.008270343402108637
CX2_34,247.0,0.9021911304506189,0.9100226058946062,0.007831475443987213
CX2_34,248.0,0.8937147075569415,0.9100226058946062,0.01630789833766466
CX2_34,249.0,0.8921337195588577,0.9100226058946062,0.017888886335748477
CX2_34,250.0,0.8917549135562839,0.905273536861698,0.01351862330541409
CX2_34,251.0,0.8907362182996731,0.9016497548633778,0.010913536563704751
CX2_34,252.0,0.8927070406068462,0.9016497548633778,0.008942714256531592
CX2_34,253.0,0.8976773861214641,0.905273536861698,0.007596150740233898
CX2_34,254.0,0.8982790819713796,0.907459054214014,0.009179972242634338
CX2_34,255.0,0.8986866303767572,0.907459054214014,0.008772423837256738
CX2_34,256.0,0.8989563552228848,0.907459054214014,0.00850269899112921
CX2_34,257.0,0.8998416608491686,0.9072653463418521,0.007423685492683463
CX2_34,258.0,0.9000926383847777,0.9072653463418521,0.007172707957074365
CX2_34,259.0,0.8998663466189901,0.906611395738222,0.006745049119231905
CX2_34,260.0,0.899870672768914,0.9065080536780614,0.00663738090914745
CX2_34,261.0,0.8998832676528539,0.906611395738222,0.006728128085368157
CX2_34,262.0,0.8995181261759475,0.9065080536780614,0.006989927502113913
CX2_34,263.0,0.899461177760891,0.9063309093209514,0.0068697315600604325
CX2_34,264.0,0.8995308289997413,0.9063309093209514,0.006800080321210045
CX2_34,265.0,0.8998519829581426,0.9058619825341692,0.006009999576026548
CX2_34,266.0,0.8998254840005551,0.9058619825341692,0.006036498533614099
CX2_34,267.0,0.8996373678833387,0.9058315348689745,0.006194166985635796
CX2_34,268.0,0.8995017747398355,0.9058315348689745,0.006329760129138995
CX2_34,269.0,0.8905463424010598,0.9055189731252198,0.014972630724159997
CX2_34,270.0,0.8858344294448747,0.9054103717335736,0.019575942288698966
CX2_34,271.0,0.8847666152325052,0.8949063433571488,0.010139728124643588
CX2_34,272.0,0.8838226859787033,0.8911735041800031,0.007350818201299791
CX2_34,273.0,0.8813097499462457,0.8875741416207708,0.006264391674525083
CX2_34,274.0,0.889785350274085,0.8875741416207708,-0.002211208653314256
CX2_34,275.0,0.8913895263302379,0.8875741416207708,-0.0038153847094671844
CX2_34,276.0,0.8851242159081503,0.8865496172873291,0.0014254013791787923
CX2_34,277.0,0.880324148983653,0.8840145915624643,0.003690442578811348
CX2_34,278.0,0.8804095742277197,0.8840145915624643,0.003605017334744609
CX2_34,279.0,0.8788865056234036,0.8834059109367206,0.00451940531331696
CX2_34,280.0,0.8794402740938377,0.8828283164194544,0.0033880423256166248
CX2_34,281.0,0.8851533501515343,0.8828283164194544,-0.0023250337320799286
CX2_34,282.0,0.8861532205710703,0.8828283164194544,-0.003324904151615904
CX2_34,283.0,0.8833377405579782,0.882004836581175,-0.0013329039768031903
CX2_34,284.0,0.8768718957317977,0.8813396558156767,0.004467760083879058
CX2_34,285.0,0.8769151034192935,0.8803556584671144,0.0034405550478209257
CX2_34,286.0,0.8746894348387098,0.8781694231341033,0.0034799882953935324
CX2_34,287.0,0.8746738381292924,0.8761834953572956,0.001509657228003114
CX2_34,288.0,0.880670796974306,0.8781694231341033,-0.0025013738402026586
CX2_34,289.0,0.8834191777587442,0.8803556584671144,-0.003063519291629846
CX2_34,290.0,0.8810924877419688,0.8761834953572956,-0.004908992384673239
CX2_34,291.0,0.8732431276834508,0.8738474655451317,0.0006043378616809036
CX2_34,292.0,0.8743638593813404,0.8776548727118623,0.0032910133305218414
CX2_34,293.0,0.8734055316216569,0.8769777775862763,0.0035722459646193583
CX2_34,294.0,0.8723572311432154,0.8738474655451317,0.0014902344019163127
CX2_34,295.0,0.8755037858037379,0.8769777775862763,0.0014739917825383753
CX2_34,296.0,0.8799854480559864,0.8776548727118623,-0.002330575344124175
CX2_34,297.0,0.8811219694012087,0.8865040210533103,0.005382051652101594
CX2_34,298.0,0.8707151867379096,0.8865040210533103,0.01578883431540068
CX2_34,299.0,0.8705826332975051,0.8865040210533103,0.015921387755805205
CX2_34,300.0,0.8698888392083858,0.8721747405645214,0.0022859013561356
CX2_34,301.0,0.8692401056374428,0.8715075101581579,0.002267404520715055
CX2_34,302.0,0.9216744305093877,0.8715075101581579,-0.05016692035122983
CX2_34,303.0,0.9223283791113346,0.8721747405645214,-0.050153638546813206
CX2_34,304.0,0.9254167264801333,0.90948210619113,-0.015934620289003276
CX2_34,305.0,0.9260241662287276,0.9138560045347373,-0.012168161693990376
CX2_34,306.0,0.9235742409494189,0.9138560045347373,-0.009718236414681614
CX2_34,307.0,0.9183141566634871,0.9145807313531514,-0.003733425310335714
CX2_34,308.0,0.9173508708217206,0.9148171273139935,-0.002533743507727171
CX2_34,310.0,0.9158533774498968,0.9184713924487692,0.0026180149988723755
CX2_34,311.0,0.9171110658188721,0.9190640372321425,0.0019529714132703324
CX2_34,312.0,0.9192617520687653,0.9190640372321425,-0.00019771483662278655
CX2_34,313.0,0.9192612134892917,0.922604899693105,0.003343686203813312
CX2_34,314.0,0.9134991852883475,0.922604899693105,0.009105714404757492
CX2_34,315.0,0.9124956489873192,0.922604899693105,0.010109250705785833
CX2_34,316.0,0.9118717473535688,0.9220018622239993,0.010130114870430473
CX2_34,317.0,0.9103871918330595,0.9206449324901076,0.010257740657048098
CX2_34,318.0,0.9114681215959056,0.9206449324901076,0.00917681089420197
CX2_34,319.0,0.9137813438098198,0.9192211717993872,0.005439827989567436
CX2_34,320.0,0.9138966413998578,0.9188425442262836,0.004945902826425819
CX2_34,321.0,0.906647072800156,0.9174341347520952,0.010787061951939236
CX2_34,322.0,0.9060758830622132,0.9181540694826009,0.012078186420387715
CX2_34,323.0,0.9060894690866796,0.9174341347520952,0.011344665665415588
CX2_34,324.0,0.8985186112583474,0.916383757961664,0.017865146703316626
CX2_34,325.0,0.8990553071617221,0.916383757961664,0.01732845079994194
CX2_34,326.0,0.9051699689710927,0.916383757961664,0.01121378899057135
CX2_34,327.0,0.9057687510261404,0.9148436735322826,0.009074922506142169
CX2_34,328.0,0.8933463412897676,0.9137064608490889,0.020360119559321266
CX2_34,329.0,0.8914958099894968,0.9137064608490889,0.022210650859592063
CX2_34,330.0,0.8895897441695737,0.9049065422412598,0.015316798071686066
CX2_34,331.0,0.8881437440833894,0.9011001468100588,0.012956402726669425
CX2_34,333.0,0.8952465542660203,0.9008524038193447,0.005605849553324438
CX2_34,334.0,0.8969970636823936,0.9008524038193447,0.003855340136951102
CX2_34,335.0,0.8976552074397587,0.9059118600288439,0.008256652589085256
CX2_34,336.0,0.8979740584510689,0.9059118600288439,0.007937801577775017
CX2_34,337.0,0.8982529232913189,0.9059118600288439,0.007658936737525046
CX2_34,338.0,0.899461007015163,0.9056923168851632,0.006231309870000201
CX2_34,339.0,0.8992130326568084,0.9053108013341786,0.006097768677370219
CX2_34,341.0,0.8982846964863864,0.9034303406748998,0.005145644188513376
CX2_34,342.0,0.8979142101258761,0.9031932087597163,0.005278998633840182
CX2_34,343.0,0.8975697025973955,0.9029645706225113,0.0053948680251157954
CX2_34,344.0,0.8970174981418736,0.9027947725740808,0.005777274432207213
CX2_34,345.0,0.8970517571901625,0.9030475827463105,0.005995825556147971
CX2_34,346.0,0.8968421370646332,0.9027947725740808,0.005952635509447579
CX2_34,347.0,0.8967020050632951,0.9026883195374188,0.005986314474123677
CX2_34,348.0,0.8964337430854509,0.902193775462413,0.005760032376962099
CX2_34,349.0,0.8962047292691104,0.9015329746216098,0.005328245352499317
CX2_34,350.0,0.882222421589657,0.9012999454734655,0.019077523883808456
CX2_34,351.0,0.8798031327335059,0.9010575603339345,0.021254427600428616
CX2_34,352.0,0.8839349700041393,0.8996467322552663,0.015711762251126915
CX2_34,353.0,0.8811455700988069,0.8951484812918,0.014002911192993128
CX2_34,354.0,0.888322001917134,0.8951484812918,0.006826479374666072
CX2_34,355.0,0.8905947568498078,0.8996467322552663,0.009051975405458434
CX2_34,356.0,0.8855584728720721,0.8996467322552663,0.014088259383194135
CX2_34,357.0,0.8775308595094227,0.8951484812918,0.017617621782377357
CX2_34,358.0,0.877373382003522,0.8922834779201417,0.014910095916619737
CX2_34,359.0,0.876436291073335,0.8905144060766658,0.014078115003330782
CX2_34,360.0,0.8738090998030518,0.8904557156100745,0.016646615807022758
CX2_34,361.0,0.8794403345267492,0.8905144060766658,0.011074071549916575
CX2_34,362.0,0.8833703607612818,0.8922834779201417,0.008913117158859896
CX2_34,363.0,0.8820880698396515,0.8905144060766658,0.008426336237014276
CX2_34,364.0,0.870967711566768,0.8860432465840933,0.015075535017325281
CX2_34,365.0,0.8699483397758059,0.8860432465840933,0.0160949068082874
CX2_34,367.0,0.8746656573411237,0.882650270765262,0.007984613424138365
CX2_34,368.0,0.8753585482307262,0.8792220246317305,0.003863476401004262
CX2_34,369.0,0.8751566922050036,0.8759060680285217,0.0007493758235180836
CX2_34,370.0,0.8838460348850483,0.8759060680285217,-0.007939966856526648
CX2_34,371.0,0.8872377771258244,0.8759060680285217,-0.011331709097302745
CX2_34,373.0,0.8767585068449552,0.8830438265336992,0.006285319688744018
CX2_34,374.0,0.876392100389594,0.8868092881420973,0.01041718775250322
CX2_34,375.0,0.8750772957602919,0.8836334372655573,0.008556141505265402
CX2_34,376.0,0.8739778726967639,0.8836334372655573,0.009655564568793462
CX2_34,377.0,0.8753584052460746,0.8845402786502536,0.009181873404179086
CX2_34,378.0,0.880720986343065,0.8868092881420973,0.006088301799032303
CX2_34,379.0,0.8820482611296697,0.8907342474599743,0.008685986330304596
CX2_34,380.0,0.872870471922706,0.8907342474599743,0.017863775537268367
CX2_34,381.0,0.8707959352464542,0.8907342474599743,0.01993831221352016
CX2_34,382.0,0.8687991455143951,0.8837152502846537,0.01491610477025862
CX2_34,383.0,0.8673272615169545,0.8806119184000197,0.013284656883065238
CX2_34,384.0,0.8666784541159235,0.879049217334461,0.012370763218537473
CX2_34,385.0,0.8738957551977153,0.879049217334461,0.005153462136745612
CX2_34,387.0,0.8690773706764704,0.8790364863548276,0.009959115678357167
CX2_34,388.0,0.8661530196596172,0.8781783073286373,0.012025287669020113
CX2_34,389.0,0.8676765669543429,0.8781783073286373,0.01050174037429441
CX2_34,390.0,0.867215879726371,0.8781783073286373,0.01096242760226629
CX2_34,391.0,0.866965859674976,0.8781783073286373,0.011212447653661362
CX2_34,392.0,0.8702978403164561,0.8787435589625627,0.008445718646106659
CX2_34,393.0,0.872522222753487,0.8788741157090787,0.006351892955591687
CX2_34,394.0,0.871988655811594,0.8790891976858524,0.007100541874258348
CX2_34,395.0,0.8657261670755396,0.8790891976858524,0.013363030610312743
CX2_34,396.0,0.8662410991807026,0.8790891976858524,0.012848098505149785
CX2_34,397.0,0.8660373892828256,0.8777029534119974,0.011665564129171857
CX2_34,398.0,0.8653387165746704,0.8774049917988854,0.012066275224214995
CX2_34,399.0,0.8665897417663034,0.8774049917988854,0.010815250032581991
CX2_34,400.0,0.8703945199352923,0.8777029534119974,0.007308433476705178
CX2_34,401.0,0.8711775426563578,0.8818690400526666,0.010691497396308813
CX2_34,402.0,0.8713588557837373,0.8818690400526666,0.010510184268929357
CX2_34,403.0,0.8712693621624438,0.8820152208511801,0.010745858688736343
CX2_34,404.0,0.8713753604958862,0.8820152208511801,0.010639860355293962
CX2_34,405.0,0.8715321373968324,0.8821788708060935,0.010646733409261033
CX2_34,406.0,0.8725916052896716,0.8821788708060935,0.009587265516421861
CX2_34,407.0,0.8726857679987422,0.8823359618839967,0.009650193885254454
CX2_34,408.0,0.8727262804452484,0.8825052252906342,0.009778944845385884
CX2_34,409.0,0.8727312224602755,0.8825052252906342,0.009774002830358786
CX2_34,410.0,0.8726675502836414,0.8826104034690889,0.00994285318544752
CX2_34,411.0,0.8724489139958524,0.8825143723955018,0.01006545839964934
CX2_34,412.0,0.8710605822790297,0.8825052252906342,0.011444643011604527
CX2_34,413.0,0.8708285432213183,0.8820793122650132,0.01125076904369493
CX2_34,414.0,0.8706912137321854,0.8816215967144503,0.010930382982264897
CX2_34,415.0,0.8703604136842396,0.881581971222876,0.011221557538636406
CX2_34,416.0,0.8663108942784832,0.8813765590932888,0.015065664814805646
CX2_34,417.0,0.8692801768279849,0.881581971222876,0.012301794394891097
CX2_34,418.0,0.867756576472935,0.8813765590932888,0.013619982620353799
CX2_34,419.0,0.8718601319527227,0.8813765590932888,0.009516427140566108
CX2_34,420.0,0.8743363535134016,0.8849609941532468,0.01062464063984525
CX2_34,421.0,0.8729742847236368,0.8849609941532468,0.011986709429609999
CX2_34,422.0,0.8649863414891142,0.884678085328912,0.01969174383979777
CX2_34,423.0,0.8624132197690324,0.884678085328912,0.02226486555987961
CX2_34,424.0,0.8636413671335571,0.8769540950517835,0.013312727918226352
CX2_34,425.0,0.8625981985119087,0.8767891940193002,0.014190995507391557
CX2_34,426.0,0.8642551628187417,0.8767891940193002,0.012534031200558515
CX2_34,427.0,0.8678729943310671,0.8767891940193002,0.008916199688233095
CX2_34,428.0,0.8683903839557058,0.8802536897621582,0.011863305806452451
CX2_34,429.0,0.8609317841821663,0.8802536897621582,0.019321905579991916
CX2_34,430.0,0.8594568676570655,0.8802536897621582,0.020796822105092705
CX2_34,431.0,0.8601226240017805,0.8721799773133596,0.012057353311579089
CX2_34,432.0,0.8590510783344283,0.8705541898849632,0.011503111550534961
CX2_34,433.0,0.8579728323335585,0.8702885333915161,0.012315701057957651
CX2_34,434.0,0.8636513228306059,0.8705541898849632,0.006902867054357387
CX2_34,435.0,0.8643555701806003,0.8721799773133596,0.007824407132759337
CX2_34,436.0,0.8587837558984736,0.8705541898849632,0.011770433986489692
CX2_34,437.0,0.8555521437152495,0.8684900428618183,0.012937899146568843
CX2_34,438.0,0.8567414378276744,0.8691143888865782,0.012372951058903792
CX2_34,439.0,0.8563749844870833,0.8675261898648331,0.011151205377749829
CX2_34,440.0,0.8542453727199663,0.8662587631136912,0.012013390393724954
CX2_34,441.0,0.8590600287992347,0.8662587631136912,0.007198734314456501
CX2_34,442.0,0.860748603946344,0.8691143888865782,0.008365784940234211
CX2_34,443.0,0.8584457115119928,0.8648997031728268,0.006453991660834046
CX2_34,444.0,0.8529506798008786,0.8637372267029114,0.010786546902032845
CX2_34,445.0,0.8540877081110582,0.866624080500288,0.012536372389229888
CX2_34,446.0,0.8540601890124909,0.8657975791388443,0.011737390126353331
CX2_34,447.0,0.8533592043918689,0.863854647742257,0.0104954433503881
CX2_34,448.0,0.8554153019334155,0.8657975791388443,0.010382277205428725
CX2_34,449.0,0.8584401415274816,0.866624080500288,0.008183938972806448
CX2_34,450.0,0.8588918716120768,0.8735606894358063,0.01466881782372953
CX2_34,451.0,0.8592623948969776,0.8735606894358063,0.014298294538828693
CX2_34,452.0,0.8595100717189318,0.8735606894358063,0.014050617716874547
CX2_34,453.0,0.8598344737205895,0.8732753708282529,0.013440897107663385
CX2_34,454.0,0.8603581129229101,0.8732753708282529,0.012917257905342816
CX2_34,455.0,0.8607058631728831,0.8732753708282529,0.012569507655369794
CX2_34,456.0,0.8609201213021659,0.8737033099587165,0.012783188656550593
CX2_34,457.0,0.8611492684943467,0.8737516982190767,0.012602429724730024
CX2_34,458.0,0.861508529870986,0.8741109471319904,0.012602417261004417
CX2_34,459.0,0.8618189114985709,0.874220421818886,0.012401510320315112
CX2_34,460.0,0.8618114490214779,0.874220421818886,0.012408972797408158
CX2_34,461.0,0.8619529469548438,0.8741109471319904,0.012158000177146633
CX2_34,462.0,0.8621764430274823,0.8740079962584866,0.011831553231004266
CX2_34,463.0,0.8623980130072354,0.8740079962584866,0.011609983251251177
CX2_34,464.0,0.8624164064739139,0.8740079962584866,0.011591589784572642
CX2_34,465.0,0.8574541414053759,0.8740079962584866,0.016553854853110672
CX2_34,466.0,0.8469489646488901,0.8739926780780337,0.02704371342914358
CX2_34,467.0,0.8485047332404574,0.859282699726669,0.010777966486211654
CX2_34,468.0,0.8472530441493321,0.856083435122166,0.00883039097283389
CX2_34,469.0,0.8519370282620586,0.856083435122166,0.004146406860107366
CX2_34,470.0,0.8556829945140578,0.859282699726669,0.003599705212611215
CX2_34,471.0,0.855797596286727,0.8716223918740306,0.015824795587303542
CX2_34,472.0,0.8482915127090125,0.8716223918740306,0.02333087916501808
CX2_34,473.0,0.8487189599635028,0.8716223918740306,0.022903431910527794
CX2_34,474.0,0.8493089035738958,0.8611367871481579,0.011827883574262121
CX2_34,475.0,0.8494527413185682,0.8604056213446306,0.010952880026062428
CX2_34,476.0,0.8500996620086824,0.8604056213446306,0.010305959335948245
CX2_34,477.0,0.8532289229457592,0.8611367871481579,0.00790786420239864
CX2_34,478.0,0.8538447939801745,0.8678317428474231,0.013986948867248605
CX2_34,479.0,0.8478449038825249,0.8678317428474231,0.01998683896489828
CX2_34,480.0,0.8474555264030612,0.8678317428474231,0.02037621644436194
CX2_34,481.0,0.8482612494705243,0.8600438707346774,0.011782621264153081
CX2_34,482.0,0.8488952971814406,0.8600438707346774,0.01114857355323673
CX2_34,483.0,0.8474046522045723,0.8578183285026661,0.010413676298093866
CX2_34,484.0,0.8512407759843196,0.8600438707346774,0.008803094750357787
CX2_34,485.0,0.8516149526258936,0.8603622267043205,0.008747274078426903
CX2_34,486.0,0.8473962701489588,0.8603622267043205,0.012965956555361702
CX2_34,487.0,0.8444821449504308,0.8574234434500866,0.012941298499655751
CX2_34,488.0,0.8447786864759957,0.8560011714700438,0.011222484994048099
CX2_34,489.0,0.8446223619092048,0.8560011714700438,0.011378809560839032
CX2_34,490.0,0.8443105811133862,0.8558201370314632,0.011509555918077008
CX2_34,491.0,0.8482758131827656,0.8560011714700438,0.007725358287278272
CX2_34,492.0,0.850445781089356,0.8563145101046852,0.005868729015329199
CX2_34,493.0,0.8513996098809198,0.8644734038791634,0.013073793998243599
CX2_34,494.0,0.8481646171591827,0.8644734038791634,0.016308786719980706
CX2_34,496.0,0.8476945501067668,0.8594739083532918,0.011779358246525096
CX2_34,497.0,0.8483928010639487,0.8592268987584333,0.010834097694484623
CX2_34,498.0,0.8482190685057853,0.8591170412776693,0.01089797277188398
CX2_34,499.0,0.8516142118156772,0.8591170412776693,0.0075028294619921
CX2_34,500.0,0.8524669549544411,0.8594739083532918,0.007006953398850713
CX2_34,501.0,0.8530540883502056,0.8648571226607323,0.011803034310526761
CX2_34,502.0,0.8533472916413731,0.8652100601807532,0.011862768539380064
CX2_34,503.0,0.8535796022796714,0.8652460203526777,0.01166641807300628
CX2_34,504.0,0.8541183908858113,0.8658476741588464,0.01172928327303513
CX2_34,505.0,0.8545007712875152,0.8659655506282297,0.011464779340714437
CX2_34,507.0,0.8544726739686744,0.8659655506282297,0.011492876659555229
CX2_34,508.0,0.8550846727751102,0.8660595086235157,0.010974835848405418
CX2_34,509.0,0.8552599427841,0.8658760392714965,0.010616096487396476
CX2_34,511.0,0.854680799418185,0.8658760392714965,0.0111952398533115
CX2_34,512.0,0.8551964163909798,0.8660004742415908,0.010804057850611004
CX2_34,513.0,0.8559396949948237,0.8660004742415908,0.010060779246767071
CX2_34,514.0,0.8556349778094046,0.8661937636192139,0.01055878580980929
CX2_34,515.0,0.8554730020348758,0.8663337106049678,0.010860708570092026
CX2_34,516.0,0.8551322257104901,0.8663337106049678,0.011201484894477698
CX2_34,517.0,0.8566128087074109,0.8663337106049678,0.009720901897556922
CX2_34,518.0,0.8566059023874455,0.8665142143130161,0.009908311925570623
CX2_34,519.0,0.8580369039755891,0.8698321707601065,0.011795266784517477
CX2_34,520.0,0.8603882402732606,0.8699970469504953,0.009608806677234738
CX2_34,521.0,0.860579186650875,0.872784941859923,0.012205755209047986
CX2_34,522.0,0.8562684562899558,0.872784941859923,0.0165164855699671
CX2_34,523.0,0.8539849140815092,0.872784941859923,0.01880002777841372
CX2_34,524.0,0.8542317032605412,0.8656036190887665,0.011371915828225276
CX2_34,525.0,0.8538406175386036,0.8655382764636617,0.01169765892505803
CX2_34,526.0,0.8528877529596378,0.8653515407591135,0.012463787799475656
CX2_34,527.0,0.8576126242261725,0.8655382764636617,0.0079256522374892
CX2_34,528.0,0.8578904568908989,0.8655382764636617,0.007647819572762726
CX2_34,529.0,0.8550351635924227,0.8652407976108799,0.0102056340184572
CX2_34,530.0,0.8522565129678432,0.8637022183794371,0.011445705411593843
CX2_34,531.0,0.8514173629230211,0.8631048560011954,0.011687493078174294
CX2_34,532.0,0.8507717530085903,0.8630660559488342,0.012294302940243917
CX2_34,533.0,0.8499770395141165,0.8621760248725138,0.012198985358397252
CX2_34,534.0,0.8537781085518664,0.8621760248725138,0.008397916320647347
CX2_34,535.0,0.8550826969886144,0.8621760248725138,0.007093327883899381
CX2_34,536.0,0.8542161911704984,0.861900150003665,0.0076839588331666375
CX2_34,537.0,0.8500132656661243,0.8612358384233907,0.011222572757266347
CX2_34,538.0,0.8481758914224315,0.860718021155408,0.012542129732976415
CX2_34,540.0,0.8597639588073771,0.8594044570300308,-0.00035950177734633826
CX2_34,541.0,0.8562507968037294,0.8593257827786203,0.0030749859748908648
CX2_34,542.0,0.8455463306364753,0.8468499422685544,0.001303611632079038
CX2_34,543.0,0.8544402298584483,0.8468499422685544,-0.007590287589893885
CX2_34,544.0,0.8593184536788822,0.8468499422685544,-0.012468511410327787
CX2_34,545.0,0.8579771175494564,0.8508156900274704,-0.007161427521986008
CX2_34,546.0,0.8458026909856758,0.8515276360167999,0.005724945031124085
CX2_34,547.0,0.8431961037755655,0.8515276360167999,0.008331532241234396
CX2_34,548.0,0.8406450068643253,0.8508156900274704,0.010170683163145067
CX2_34,549.0,0.8402708085158314,0.8487760742053585,0.008505265689527142
CX2_34,550.0,0.841856918452443,0.8487760742053585,0.006919155752915462
CX2_34,551.0,0.8492985926458816,0.8487760742053585,-0.0005225184405230898
CX2_34,552.0,0.8511975093000502,0.8604381527229613,0.009240643422911088
CX2_34,553.0,0.839074855150932,0.8604381527229613,0.02136329757202926
CX2_34,554.0,0.8364212538543909,0.8604381527229613,0.02401689886857039
CX2_34,555.0,0.8350760703378868,0.8447335795889543,0.009657509251067564
CX2_34,556.0,0.8339529051976629,0.8428010400979999,0.00884813490033709
CX2_34,557.0,0.8313822844435549,0.8417913196448944,0.010409035201339512
CX2_34,558.0,0.8399220101567454,0.8417913196448944,0.0018693094881490069
CX2_34,559.0,0.842252763673898,0.8417913196448944,-0.00046144402900361037
CX2_34,560.0,0.8356225119158321,0.8399890481451695,0.004366536229337359
CX2_34,561.0,0.8293525128207974,0.8376073674986035,0.008254854677806178
CX2_34,562.0,0.8289465221589235,0.8364115467124007,0.007465024553477195
CX2_34,563.0,0.827772394048338,0.8361650887208589,0.008392694672520906
CX2_34,564.0,0.8252721701999477,0.8346864500706211,0.009414279870673448
CX2_34,565.0,0.8234396844782883,0.8340982273133658,0.0106585428350775
CX2_34,566.0,0.8219615081009465,0.8301769245659685,0.008215416465021996
CX2_34,567.0,0.8208790317809941,0.8289008253374547,0.008021793556460599
CX2_34,568.0,0.8199213569164404,0.8272048603407348,0.007283503424294402
CX2_34,569.0,0.8209888446245877,0.8272048603407348,0.006216015716147161
CX2_34,570.0,0.8262145397925988,0.8272048603407348,0.00099032054813597
CX2_34,571.0,0.8297334392975326,0.8284178801712553,-0.0013155591262773436
CX2_34,572.0,0.8293083526307432,0.8383502634247112,0.009041910793967989
CX2_34,573.0,0.8293344521731134,0.8384500236780279,0.009115571504914488
CX2_34,574.0,0.8297375884733152,0.8388698209063781,0.009132232433062826
CX2_34,575.0,0.8300116075074826,0.8388698209063781,0.008858213398895476
CX2_34,576.0,0.8300344119095385,0.8394504584123534,0.009416046502814912
CX2_34,577.0,0.8302266551122505,0.8394504584123534,0.009223803300102973
CX2_34,578.0,0.8302607647177556,0.8394504584123534,0.009189693694597878
CX2_34,579.0,0.8298075549265357,0.8394493245219634,0.00964176959542773
CX2_34,580.0,0.8291982232957211,0.8393873924194336,0.010189169123712483
CX2_34,581.0,0.8285023857416447,0.8391020511655705,0.010599665423925764
CX2_34,582.0,0.8281675223547444,0.8373733213589001,0.009205799004155635
CX2_34,583.0,0.8276947063896303,0.8364980527032125,0.008803346313582261
CX2_34,584.0,0.8274639786439424,0.8363004619609676,0.008836483317025245
CX2_34,585.0,0.8278059384879264,0.8361870167278416,0.008381078239915185
CX2_34,586.0,0.8280029104218073,0.8363004619609676,0.008297551539160342
CX2_34,587.0,0.8274229840436752,0.8359502382840176,0.008527254240342397
CX2_34,588.0,0.826798650439551,0.8359427225924507,0.009144072152899696
CX2_34,589.0,0.8265142559326399,0.8359427225924507,0.009428466659810786
CX2_34,590.0,0.8351399901459766,0.8359502382840176,0.000810248138040981
CX2_34,591.0,0.8363321031706934,0.8359502382840176,-0.0003818648866757979
CX2_34,592.0,0.8340493807034594,0.8441207493289244,0.010071368625465094
CX2_34,593.0,0.8327367554173163,0.8441207493289244,0.011383993911608159
CX2_34,594.0,0.8317641458219844,0.8441207493289244,0.012356603506940012
CX2_34,595.0,0.8312227000956024,0.8430385499955686,0.011815849899966202
CX2_34,596.0,0.8317789344975499,0.8425796805401904,0.010800746042640474
CX2_34,597.0,0.8322354683513989,0.8419441840434613,0.00970871569206233
CX2_34,598.0,0.832666201672259,0.8416947823426761,0.009028580670417119
CX2_34,599.0,0.8307080536568028,0.8414125112301085,0.010704457573305737
CX2_34,600.0,0.8296373963842433,0.841045766272283,0.011408369888039727
CX2_34,601.0,0.8289423801534769,0.8391520656211249,0.010209685467648
CX2_34,602.0,0.8282863999950426,0.8389734974801825,0.010687097485139851
CX2_34,603.0,0.8275634344790974,0.8386577539874128,0.011094319508315409
CX2_34,604.0,0.8290329738383571,0.8385612636518073,0.00952828981345022
CX2_34,605.0,0.8281241547517764,0.838072386751507,0.009948231999730606
CX2_34,606.0,0.8237565194550492,0.8369563685766052,0.013199849121555918
CX2_34,607.0,0.8210496088514317,0.8309811905725286,0.009931581721096872
CX2_34,608.0,0.819651262621955,0.8296978586188303,0.010046595996875296
CX2_34,609.0,0.8183907654624507,0.8277637560199482,0.009372990557497518
CX2_34,610.0,0.817037046826739,0.8268465475735365,0.009809500746797428
CX2_34,611.0,0.817285842327063,0.8268465475735365,0.009560705246473455
CX2_34,613.0,0.8172163917144684,0.8236036681412766,0.006387276426808253
CX2_34,614.0,0.8166714420202488,0.8232598720712806,0.006588430051031824
CX2_34,615.0,0.8150944841073899,0.8209222569255534,0.00582777281816349
CX2_34,616.0,0.8122276833691879,0.8207999502933477,0.0085722669241598
CX2_34,617.0,0.8095579397374234,0.8207999502933477,0.011242010555924331
CX2_34,618.0,0.8083751679673147,0.8144324377083204,0.006057269741005733
CX2_34,619.0,0.8094344867834027,0.8144324377083204,0.004997950924917727
CX2_34,620.0,0.8088897702453933,0.8127137643674037,0.003823994122010399
CX2_34,621.0,0.8087999838087697,0.8126806816078921,0.003880697799122368
CX2_34,622.0,0.8070354751626458,0.812389833608925,0.005354358446279184
CX2_34,623.0,0.806264948717987,0.812389833608925,0.006124884890937987
CX2_34,624.0,0.8052687132387749,0.8100712028514123,0.004802489612637406
CX2_34,625.0,0.804614624127589,0.8093480854020736,0.004733461274484596
CX2_34,626.0,0.8040217651699504,0.8088266340406273,0.004804868870676882
CX2_34,627.0,0.8048179958642608,0.8088266340406273,0.00400863817636643
CX2_34,628.0,0.8049730566554734,0.8088266340406273,0.0038535773851539057
CX2_34,629.0,0.8052444744281824,0.8093792407522338,0.004134766324051409
CX2_34,630.0,0.8051714492125346,0.8101352184216508,0.004963769209116231
CX2_34,631.0,0.8046988439305851,0.8101352184216508,0.00543637449106571
CX2_34,632.0,0.8044287785688687,0.8098174583025182,0.005388679733649426
CX2_34,633.0,0.8040759617039197,0.8098174583025182,0.005741496598598461
CX2_34,634.0,0.8036565405506697,0.8090333826511535,0.005376842100483836
CX2_34,635.0,0.8032869707935594,0.8085177542204232,0.005230783426863783
CX2_34,636.0,0.8030404374531995,0.8080118553861181,0.004971417932918554
CX2_34,637.0,0.8028117998910934,0.8079516097054863,0.005139809814392882
CX2_34,638.0,0.80188128228921,0.8077772872264376,0.005896004937227639
CX2_34,639.0,0.8011337262068544,0.8056501201137356,0.004516393906881189
CX2_34,640.0,0.8107981152017285,0.8056501201137356,-0.005147995087992907
CX2_34,641.0,0.812348091730281,0.8056501201137356,-0.006697971616545395
CX2_34,642.0,0.8120601572773166,0.8158068014106777,0.003746644133361121
CX2_34,643.0,0.8119079141249883,0.8187118038339636,0.006803889708975275
CX2_34,644.0,0.8117539731414924,0.8187118038339636,0.006957830692471134
CX2_34,645.0,0.8114379659926245,0.8187118038339636,0.007273837841339059
CX2_34,646.0,0.8133097440659905,0.8191021688833044,0.0057924248173139015
CX2_34,647.0,0.8148497989346125,0.8193564713341344,0.004506672399521849
CX2_34,648.0,0.8126620600794601,0.8189169603088249,0.006254900229364813
CX2_34,649.0,0.8102535438903915,0.8189169603088249,0.008663416418433378
CX2_34,650.0,0.8071613689348343,0.8189169603088249,0.011755591373990626
CX2_34,651.0,0.8053488961674037,0.8164210399888976,0.011072143821493907
CX2_34,652.0,0.8041044646137049,0.8119271524355611,0.007822687821856245
CX2_34,653.0,0.8036494998497825,0.8089704433917816,0.005320943541999079
CX2_34,654.0,0.8046163764671417,0.8089704433917816,0.00435406692463991
CX2_34,655.0,0.8050488111026621,0.8089704433917816,0.003921632289119459
CX2_34,656.0,0.8027700420918713,0.8075459317556951,0.004775889663823807
CX2_34,657.0,0.8006877192581171,0.8075459317556951,0.006858212497578009
CX2_34,658.0,0.7996158414589865,0.8039559663200849,0.004340124861098471
CX2_34,659.0,0.7988558892953385,0.8031408623076273,0.004284973012288806
CX2_34,660.0,0.7977886234211141,0.8025174144190876,0.00472879099797352
CX2_34,661.0,0.7991214940670947,0.8025174144190876,0.003395920351992987
CX2_34,662.0,0.7989266392700842,0.8016680396525661,0.002741400382481829
CX2_34,663.0,0.7984490390051303,0.8015698499123931,0.0031208109072627943
CX2_34,664.0,0.7960881758332949,0.8015063577359728,0.005418181902677843
CX2_34,665.0,0.7949092390681378,0.8015063577359728,0.006597118667834967
CX2_34,666.0,0.7939198086331528,0.7976756578555432,0.0037558492223903617
CX2_34,667.0,0.7932317910075583,0.7959362412177509,0.0027044502101926104
CX2_34,668.0,0.7926568898521602,0.7948489673376818,0.0021920774855216374
CX2_34,669.0,0.7920596459272659,0.7941858274414105,0.002126181514144676
CX2_34,670.0,0.793743632408383,0.7941858274414105,0.00044219503302755925
CX2_34,671.0,0.7985702253494469,0.7941858274414105,-0.004384397908036353
CX2_34,672.0,0.7999525077453358,0.8024998869059766,0.0025473791606408502
CX2_34,673.0,0.8007849423649868,0.8076209288069414,0.0068359864419546
CX2_34,674.0,0.801161082058779,0.8083736578595746,0.007212575800795595
CX2_34,675.0,0.8013180084534822,0.8090415472154115,0.007723538761929327
CX2_34,676.0,0.8014637421412661,0.8090898314852306,0.007626089343964471
CX2_34,677.0,0.8015692947204514,0.8091333763202295,0.007564081599778172
CX2_34,679.0,0.8006940389831997,0.8091333763202295,0.00843933733702984
CX2_34,680.0,0.8011975658048393,0.8086339623819783,0.007436396577139015
CX2_34,681.0,0.8011864359637646,0.8086339623819783,0.007447526418213668
CX2_34,682.0,0.8010116445392029,0.8084620473320967,0.007450402792893773
CX2_34,683.0,0.7989878613684008,0.8084620473320967,0.00947418596369587
CX2_34,684.0,0.7920317822973555,0.8084620473320967,0.01643026503474121
CX2_34,685.0,0.7922156008747148,0.8012968995575684,0.009081298682853678
CX2_34,686.0,0.7909520101692343,0.7911952627293042,0.00024325256006985096
CX2_34,687.0,0.7888004307470998,0.7909249527100852,0.002124521962985404
CX2_34,688.0,0.7876523407948164,0.7877445882574039,9.22474625875136e-05
CX2_34,689.0,0.786759072542871,0.7860386013650281,-0.0007204711778429074
CX2_34,690.0,0.7934452499257345,0.7860386013650281,-0.007406648560706386
CX2_34,691.0,0.7960907242298646,0.7860386013650281,-0.010052122864836477
CX2_34,692.0,0.7924061058695849,0.7921360639347522,-0.0002700419348327099
CX2_34,693.0,0.7907791836187489,0.7921360639347522,0.0013568803160033394
CX2_34,695.0,0.7911359235081871,0.7921360639347522,0.0010001404265651548
CX2_34,696.0,0.7918820114608938,0.7921360639347522,0.0002540524738584571
CX2_34,697.0,0.7932748829861951,0.792414084791492,-0.0008607981947030829
CX2_34,698.0,0.7939164373953851,0.7936635113864469,-0.0002529260089382257
CX2_34,699.0,0.7921922606797457,0.7951002178866878,0.0029079572069421467
CX2_34,700.0,0.7914290491877491,0.7951002178866878,0.003671168698938687
CX2_34,701.0,0.7903507645797979,0.7951002178866878,0.004749453306889917
CX2_34,702.0,0.7876119202734122,0.7946907906194044,0.007078870345992194
CX2_34,703.0,0.7865520287176837,0.7928416961946074,0.0062896674769237215
CX2_34,704.0,0.7859758511512877,0.7879139575673341,0.0019381064160464145
CX2_34,705.0,0.7849823099668417,0.7866557717940104,0.001673461827168654
CX2_34,706.0,0.7843362054481456,0.7844559325627627,0.00011972711461705199
CX2_34,708.0,0.7987601459053375,0.7844559325627627,-0.014304213342574812
CX2_34,709.0,0.7862563697641799,0.7829397476101142,-0.003316622154065696
CX2_34,710.0,0.7860745975696314,0.7829397476101142,-0.003134849959517183
CX2_34,711.0,0.7839081003802741,0.7827462827355903,-0.0011618176446838158
CX2_34,712.0,0.7831830229241141,0.782614050937355,-0.0005689719867590926
CX2_34,713.0,0.7827037573988058,0.7823772731254471,-0.0003264842733586848
CX2_34,714.0,0.7820025976934626,0.7823772731254471,0.0003746754319845502
CX2_34,716.0,0.7835913402113129,0.7822355197473981,-0.001355820463914803
CX2_34,717.0,0.7846981114779271,0.7823772731254471,-0.0023208383524799814
CX2_34,718.0,0.7829785243109382,0.7832142395796509,0.00023571526871268844
CX2_35,5.0,1.0011589998905235,1.0,-0.0011589998905234822
CX2_35,6.0,0.9993442112518648,1.0,0.0006557887481352109
CX2_35,7.0,0.9937689975301449,0.9922359366916146,-0.0015330608385303313
CX2_35,8.0,0.9924163387079005,0.9919870886439051,-0.0004292500639954122
CX2_35,9.0,0.9900321018213446,0.9919870886439051,0.001954986822560456
CX2_35,10.0,0.9935923561196199,0.9919870886439051,-0.0016052674757148777
CX2_35,11.0,0.9940048390172315,0.9915902872337364,-0.0024145517834950336
CX2_35,12.0,0.9886778341072197,0.9805444022127354,-0.008133431894484233
CX2_35,13.0,0.9868361585129042,0.978920688685474,-0.007915469827430188
CX2_35,14.0,0.985670135411981,0.9795449791416238,-0.006125156270357257
CX2_35,15.0,0.98863981585153,0.9795449791416238,-0.009094836709906295
CX2_35,16.0,0.9895995299567804,0.9795449791416238,-0.010054550815156604
CX2_35,17.0,0.9842299834581746,0.9795449791416238,-0.004685004316550834
CX2_35,18.0,0.9829049731427867,0.9795449791416238,-0.003359994001162936
CX2_35,19.0,0.9820086669469388,0.9788026656927655,-0.003206001254173252
CX2_35,20.0,0.9836647845136128,0.9788026656927655,-0.004862118820847305
CX2_35,21.0,0.9858554795898296,0.9788026656927655,-0.007052813897064025
CX2_35,22.0,0.9865087099167125,0.9799676387339332,-0.006541071182779246
CX2_35,23.0,0.9862455954924455,0.9821271803198196,-0.0041184151726259
CX2_35,24.0,0.9865298779865858,0.9821271803198196,-0.004402697666766153
CX2_35,25.0,0.9862241855281644,0.9807455532918488,-0.005478632236315617
CX2_35,26.0,0.9861439810572303,0.9807455532918488,-0.005398427765381575
CX2_35,27.0,0.98576769024415,0.9807455532918488,-0.005022136952301248
CX2_35,28.0,0.9854979445838953,0.9801662501889488,-0.005331694394946518
CX2_35,29.0,0.9855531368222556,0.9801411024395629,-0.005412034382692776
CX2_35,30.0,0.8475253623121378,0.9796977530544632,0.13217239074232534
CX2_35,31.0,0.8473952320096002,0.9788106792479723,0.13141544723837206
CX2_35,32.0,0.9853972425665474,0.9785167433418724,-0.00688049922467493
CX2_35,33.0,0.9791333591714313,0.9672921615117416,-0.011841197659689717
CX2_35,34.0,0.9773122270466141,0.9646171075083958,-0.012695119538218336
CX2_35,35.0,0.9760232700258532,0.9646171075083958,-0.011406162517457408
CX2_35,36.0,0.977804112274415,0.9672921615117416,-0.010511950762673417
CX2_35,37.0,0.9802667394615606,0.9672921615117416,-0.012974577949819044
CX2_35,38.0,0.9749719230921577,0.9646171075083958,-0.010354815583761945
CX2_35,39.0,0.973329559959304,0.9643934483551226,-0.008936111604181396
CX2_35,40.0,0.9727465351807143,0.9635408003392985,-0.009205734841415847
CX2_35,41.0,0.9742488226209284,0.9635408003392985,-0.010708022281629925
CX2_35,42.0,0.9776620126513933,0.9635408003392985,-0.014121212312094844
CX2_35,43.0,0.9731304870635573,0.9596043941082788,-0.013526092955278513
CX2_35,44.0,0.9710099781352255,0.961050461125108,-0.009959517010117547
CX2_35,45.0,0.9706644096498631,0.961050461125108,-0.009613948524755167
CX2_35,46.0,0.9701240020357068,0.9592338796772016,-0.010890122358505172
CX2_35,47.0,0.9744258174573315,0.9592338796772016,-0.015191937780129838
CX2_35,48.0,0.9730882334253141,0.9592338796772016,-0.013854353748112502
CX2_35,49.0,0.9694280008513899,0.9591118846520195,-0.010316116199370451
CX2_35,50.0,0.9688373014315528,0.9591118846520195,-0.009725416779533314
CX2_35,51.0,0.9674342829103361,0.9562867757877676,-0.011147507122568512
CX2_35,52.0,0.971529901545153,0.9562867757877676,-0.0152431257573854
CX2_35,53.0,0.9714565550277114,0.9585921884314087,-0.012864366596302745
CX2_35,54.0,0.9847160550134847,0.9585921884314087,-0.026123866582075994
CX2_35,55.0,0.986071609771167,0.9643018545054076,-0.021769755265759416
CX2_35,56.0,0.9859697327036302,0.9711060281362127,-0.01486370456741748
CX2_35,57.0,0.9805309914990329,0.9711060281362127,-0.009424963362820171
CX2_35,58.0,0.9790133729509775,0.9711060281362127,-0.007907344814764738
CX2_35,59.0,0.9773341452838574,0.969849805432164,-0.007484339851693389
CX2_35,60.0,0.9744531717298881,0.9681651225791259,-0.006288049150762198
CX2_35,61.0,0.974070228152545,0.9632793327139797,-0.010790895438565262
CX2_35,62.0,0.9707370184249868,0.9631488096551709,-0.007588208769815918
CX2_35,63.0,0.9696777127288364,0.9584887887694611,-0.011188923959375319
CX2_35,64.0,0.9686856842166067,0.9529900798958709,-0.0156956043207358
CX2_35,65.0,0.9674167314693356,0.9515911345955587,-0.015825596873776937
CX2_35,66.0,0.967463266192015,0.9493740468587625,-0.01808921933325247
CX2_35,67.0,0.9657838998297003,0.9495664637344863,-0.016217436095213977
CX2_35,68.0,0.9646259536397632,0.9493740468587625,-0.015251906781000746
CX2_35,69.0,0.9639366346387261,0.9473329349316844,-0.016603699707041786
CX2_35,70.0,0.9629311651147208,0.9488903350222736,-0.014040830092447165
CX2_35,71.0,0.9639912287662218,0.9467856819802185,-0.01720554678600328
CX2_35,72.0,0.9635671259716999,0.9452824229224995,-0.01828470304920038
CX2_35,73.0,0.9628778038564954,0.9467856819802185,-0.016092121876276844
CX2_35,74.0,0.9624241258900431,0.9484046547023437,-0.014019471187699417
CX2_35,75.0,0.9623167572795575,0.9467856819802185,-0.015531075299338948
CX2_35,76.0,0.9613628827857875,0.9459948670920103,-0.015368015693777215
CX2_35,77.0,0.9608555417082187,0.9468641603032302,-0.013991381404988568
CX2_35,78.0,0.8034274016292926,0.9459948670920103,0.1425674654627177
CX2_35,79.0,0.9602292076076027,0.9426814708278103,-0.017547736779792378
CX2_35,80.0,0.9600155727511713,0.9416919967479445,-0.01832357600322687
CX2_35,81.0,0.8035766441431083,0.9406552618505564,0.1370786177074481
CX2_35,82.0,0.9590608432786917,0.9406552618505564,-0.01840558142813531
CX2_35,83.0,0.9568523887077469,0.9406552618505564,-0.016197126857190547
CX2_35,84.0,0.9538772692052576,0.9276925589594971,-0.026184710245760523
CX2_35,85.0,0.9532656786617918,0.9276925589594971,-0.0255731197022947
CX2_35,87.0,0.9527341058563765,0.9313530282238407,-0.021381077632535828
CX2_35,88.0,0.9551780024964553,0.9313530282238407,-0.023824974272614652
CX2_35,89.0,0.9577238079728553,0.9373417293178731,-0.020382078654982205
CX2_35,90.0,0.9591158100345631,0.938123749124493,-0.02099206091007011
CX2_35,91.0,0.955532659590375,0.938123749124493,-0.017408910465882
CX2_35,93.0,0.9543707625532202,0.9382710033548196,-0.016099759198400565
CX2_35,94.0,0.9557579549932237,0.9484899705930689,-0.007267984400154748
CX2_35,95.0,0.9595185971959964,0.9484899705930689,-0.011028626602927472
CX2_35,96.0,0.9548240955969013,0.9382710033548196,-0.01655309224208168
CX2_35,97.0,0.7977834633550336,0.9382710033548196,0.14048753999978603
CX2_35,98.0,0.9531055263692387,0.9379914362817376,-0.015114090087501086
CX2_35,99.0,0.9518835649437859,0.937010229755336,-0.01487333518844991
CX2_35,100.0,0.956597686122207,0.937010229755336,-0.01958745636687098
CX2_35,101.0,0.9571941440803121,0.9379914362817376,-0.01920270779857447
CX2_35,102.0,0.9512786779606132,0.9395901175483382,-0.011688560412274951
CX2_35,103.0,0.9511020842285771,0.9395901175483382,-0.011511966680238905
CX2_35,104.0,0.9504733451488032,0.9395901175483382,-0.010883227600465006
CX2_35,105.0,0.9527774159614976,0.9395901175483382,-0.013187298413159354
CX2_35,106.0,0.9557656017723731,0.9395901175483382,-0.01617548422403492
CX2_35,107.0,0.9497557882142562,0.9360340207164658,-0.013721767497790416
CX2_35,108.0,0.9492521374849684,0.9372988350724835,-0.011953302412484934
CX2_35,109.0,0.9490930179536508,0.9372988350724835,-0.011794182881167292
CX2_35,110.0,0.9498460294430099,0.9372988350724835,-0.012547194370526427
CX2_35,111.0,0.9534822701079742,0.9372988350724835,-0.01618343503549069
CX2_35,112.0,0.9544811160801966,0.9455745657443025,-0.008906550335894048
CX2_35,113.0,0.9547007769924383,0.9455745657443025,-0.00912621124813573
CX2_35,114.0,0.9551320396796729,0.9465600361722751,-0.00857200350739773
CX2_35,115.0,0.9556168241760615,0.9465600361722751,-0.009056788003786398
CX2_35,116.0,0.955745345620778,0.9465600361722751,-0.00918530944850282
CX2_35,117.0,0.9555580462829882,0.9465600361722751,-0.008998010110713106
CX2_35,118.0,0.9555575130769605,0.9467745211417778,-0.008782991935182616
CX2_35,119.0,0.9555658242271757,0.9467745211417778,-0.008791303085397884
CX2_35,120.0,0.9556690811460288,0.9467745211417778,-0.008894560004250929
CX2_35,121.0,0.9560662085210841,0.9469248249387348,-0.009141383582349394
CX2_35,122.0,0.9565799326406412,0.9469248249387348,-0.009655107701906473
CX2_35,123.0,0.9489984415891005,0.9465097664082418,-0.0024886751808587126
CX2_35,124.0,0.9478937817395661,0.9465097664082418,-0.001384015331324262
CX2_35,125.0,0.9467021833158016,0.9344509952193725,-0.012251188096429111
CX2_35,126.0,0.9475262369795593,0.9344509952193725,-0.013075241760186818
CX2_35,127.0,0.8062263437046748,0.9329910746522186,0.1267647309475438
CX2_35,128.0,0.9492785484632692,0.9329705084291482,-0.016308040034121007
CX2_35,129.0,0.9444429667446217,0.9295712628963378,-0.014871703848283846
CX2_35,130.0,0.9445979991523183,0.9295712628963378,-0.0150267362559805
CX2_35,131.0,0.9436303458643965,0.9265842503990017,-0.017046095465394817
CX2_35,132.0,0.9482143396691298,0.9295712628963378,-0.018643076772791978
CX2_35,133.0,0.8045293980248538,0.9295712628963378,0.12504186487148405
CX2_35,134.0,0.9438658528315106,0.9265842503990017,-0.01728160243250887
CX2_35,135.0,0.789519649588311,0.9258402094389525,0.1363205598506415
CX2_35,136.0,0.9442897708193266,0.9258402094389525,-0.018449561380374124
CX2_35,137.0,0.9435234432593476,0.9258402094389525,-0.01768323382039505
CX2_35,138.0,0.9479673483046694,0.9312948411034626,-0.016672507201206832
CX2_35,139.0,0.9477447307381199,0.9316375617986906,-0.016107168939429317
CX2_35,140.0,0.942474191010399,0.9316375617986906,-0.01083662921170836
CX2_35,141.0,0.9426078790813782,0.9312948411034626,-0.011313037977915608
CX2_35,142.0,0.9422835089206996,0.9307694357803763,-0.011514073140323267
CX2_35,143.0,0.960678920924787,0.9307694357803763,-0.02990948514441072
CX2_35,144.0,0.9617488762273088,0.9307694357803763,-0.03097944044693246
CX2_35,145.0,0.960534432906123,0.9544338224839091,-0.006100610422213881
CX2_35,146.0,0.9595205429267659,0.9544338224839091,-0.005086720442856851
CX2_35,147.0,0.9587558335554703,0.9544338224839091,-0.004322011071561271
CX2_35,148.0,0.9581603640372864,0.9521182668240821,-0.006042097213204367
CX2_35,149.0,0.8196239980582753,0.9510797489234529,0.13145575086517758
CX2_35,150.0,0.8188360758118989,0.9510113275522988,0.1321752517403999
CX2_35,151.0,0.9572777021027437,0.9487549899463656,-0.00852271215637801
CX2_35,152.0,0.956727978414869,0.9466603607557454,-0.010067617659123562
CX2_35,153.0,0.9560553140913063,0.9466308003254942,-0.009424513765812104
CX2_35,154.0,0.9557539853218165,0.9466603607557454,-0.009093624566071101
CX2_35,155.0,0.9552807445988475,0.9466603607557454,-0.008620383843102042
CX2_35,156.0,0.9548639033433372,0.9466308003254942,-0.008233103017842969
CX2_35,157.0,0.952942330972524,0.9450230427113562,-0.007919288261167834
CX2_35,158.0,0.9468356015992717,0.9443119212309747,-0.0025236803682969766
CX2_35,159.0,0.9460267743001012,0.9381517533250341,-0.007875020975067093
CX2_35,160.0,0.9440054434264783,0.9358336919597655,-0.008171751466712784
CX2_35,161.0,0.7952553567702927,0.9340184853507363,0.1387631285804436
CX2_35,162.0,0.9495838602762161,0.9340184853507363,-0.015565374925479825
CX2_35,163.0,0.9451476749759707,0.9300065898128302,-0.0151410851631405
CX2_35,164.0,0.9428036363811522,0.9300065898128302,-0.012797046568321924
CX2_35,165.0,0.9427193199192263,0.9301585562618322,-0.012560763657394114
CX2_35,166.0,0.9406329072077815,0.9301585562618322,-0.010474350945949285
CX2_35,167.0,0.9459462382058063,0.9301585562618322,-0.015787681943974063
CX2_35,168.0,0.9448994895760034,0.9301585562618322,-0.014740933314171256
CX2_35,169.0,0.93907683697297,0.927797894342597,-0.01127894263037299
CX2_35,170.0,0.9385951173515277,0.9274983753660143,-0.011096741985513359
CX2_35,171.0,0.9373768849184072,0.9236837800537111,-0.013693104864696104
CX2_35,172.0,0.941405339107593,0.9236837800537111,-0.017721559053881952
CX2_35,173.0,0.9435394314612783,0.9274983753660143,-0.01604105609526396
CX2_35,174.0,0.936978599507129,0.9220673837347081,-0.014911215772420938
CX2_35,175.0,0.9368983426777153,0.9240934172986369,-0.012804925379078402
CX2_35,176.0,0.9373682873411935,0.9240934172986369,-0.013274870042556564
CX2_35,177.0,0.9385973473936248,0.9240934172986369,-0.014503930094987849
CX2_35,178.0,0.9424031975802231,0.9240934172986369,-0.01830978028158614
CX2_35,179.0,0.9374517991213049,0.9240934172986369,-0.01335838182266802
CX2_35,180.0,0.935175431765761,0.9239728631193491,-0.011202568646411892
CX2_35,181.0,0.93463052090051,0.9237968616792552,-0.010833659221254788
CX2_35,183.0,0.931717742167787,0.9231905853652708,-0.008527156802516256
CX2_35,184.0,0.9370400474997314,0.919011040293881,-0.018029007205850323
CX2_35,185.0,0.9382591552331233,0.9231905853652708,-0.015068569867852544
CX2_35,186.0,0.9385263147938763,0.9231905853652708,-0.015335729428605505
CX2_35,187.0,0.9386673341704436,0.9239237402885154,-0.014743593881928141
CX2_35,188.0,0.9394904063003935,0.9239237402885154,-0.015566666011878061
CX2_35,189.0,0.9389783815669135,0.9258839409400652,-0.01309444062684828
CX2_35,190.0,0.9394873575047138,0.9271064038491997,-0.01238095365551406
CX2_35,191.0,0.9389558043863989,0.9258839409400652,-0.013071863446333709
CX2_35,192.0,0.9391957560612296,0.9258839409400652,-0.013311815121164416
CX2_35,193.0,0.9389971453168211,0.9277706744769143,-0.0112264708399068
CX2_35,194.0,0.9392493002454076,0.9280162985603893,-0.011233001685018396
CX2_35,195.0,0.9400304724315183,0.9277706744769143,-0.012259797954603968
CX2_35,196.0,0.9371603846237517,0.9277706744769143,-0.009389710146837427
CX2_35,197.0,0.9288498890228293,0.9250121940219727,-0.0038376950008566224
CX2_35,198.0,0.9294406115689072,0.9147125910341255,-0.014728020534781727
CX2_35,199.0,0.9281243909881259,0.9111929310128007,-0.01693145997532519
CX2_35,200.0,0.931784966836482,0.9111929310128007,-0.0205920358236813
CX2_35,201.0,0.934913393248634,0.9111929310128007,-0.02372046223583324
CX2_35,202.0,0.926625120348861,0.9111929310128007,-0.015432189336060276
CX2_35,203.0,0.9259303261838727,0.9106681113930927,-0.015262214790780049
CX2_35,204.0,0.9257938495391824,0.9106681113930927,-0.015125738146089751
CX2_35,205.0,0.9253136521447078,0.9106681113930927,-0.014645540751615171
CX2_35,206.0,0.9303542416993814,0.9106681113930927,-0.01968613030628874
CX2_35,207.0,0.9268288123301983,0.9106681113930927,-0.016160700937105643
CX2_35,208.0,0.9225678109351511,0.902724572482912,-0.01984323845223901
CX2_35,209.0,0.9214184692288597,0.9022518752450206,-0.01916659398383913
CX2_35,210.0,0.9212461644622235,0.9010897885164764,-0.02015637594574715
CX2_35,211.0,0.9261788377484158,0.9010897885164764,-0.025089049231939442
CX2_35,212.0,0.9276506040597826,0.9022518752450206,-0.025398728814762017
CX2_35,213.0,0.9204382197207149,0.9010897885164764,-0.01934843120423857
CX2_35,214.0,0.9199649966287564,0.8973147372233512,-0.022650259405405215
CX2_35,215.0,0.9197328730029058,0.9034116133710868,-0.016321259631819074
CX2_35,216.0,0.9217758885605509,0.9034116133710868,-0.018364275189464152
CX2_35,217.0,0.9251209917878308,0.9034116133710868,-0.02170937841674403
CX2_35,218.0,0.9198152353163707,0.9034116133710868,-0.016403621945283886
CX2_35,219.0,0.9177172133989376,0.9034116133710868,-0.014305600027850862
CX2_35,220.0,0.9176844685561258,0.8966531715235591,-0.021031297032566787
CX2_35,221.0,0.9156490386371581,0.8958051183437328,-0.0198439202934253
CX2_35,222.0,0.9220208018590931,0.8958051183437328,-0.0262156835153603
CX2_35,223.0,0.923348097785703,0.8958051183437328,-0.02754297944197026
CX2_35,224.0,0.9236002059954267,0.9039291637340721,-0.019671042261354632
CX2_35,225.0,0.924898992943436,0.9090632678822477,-0.015835725061188355
CX2_35,226.0,0.9253874378246568,0.9099625042851774,-0.01542493353947938
CX2_35,227.0,0.9255637196650334,0.9099625042851774,-0.015601215379855926
CX2_35,228.0,0.9255941080668286,0.9109995440937556,-0.014594563973073016
CX2_35,229.0,0.925515930712159,0.9117792077421717,-0.013736722969987292
CX2_35,230.0,0.9259652622538808,0.911053010346481,-0.014912251907399754
CX2_35,231.0,0.9258554750390352,0.9117792077421717,-0.01407626729686351
CX2_35,232.0,0.9261286012691208,0.913823766368378,-0.012304834900742745
CX2_35,233.0,0.9284470374977245,0.9117792077421717,-0.01666782975555281
CX2_35,234.0,0.9281114512370515,0.9139067477547099,-0.014204703482341596
CX2_35,235.0,0.9330736582810306,0.9144793910261012,-0.01859426725492941
CX2_35,236.0,0.9290453017092372,0.9144793910261012,-0.014565910683135952
CX2_35,237.0,0.9225235950878502,0.9114720011387824,-0.01105159394906785
CX2_35,238.0,0.9211836891706232,0.9021894210894141,-0.018994268081209076
CX2_35,239.0,0.9209535666402154,0.9012340156713279,-0.019719550968887556
CX2_35,240.0,0.9251184181437071,0.9012340156713279,-0.023884402472379218
CX2_35,241.0,0.9264152732693356,0.9012340156713279,-0.02518125759800771
CX2_35,243.0,0.9176129823884946,0.9012340156713279,-0.016378966717166765
CX2_35,244.0,0.9158604694721498,0.896320517237841,-0.01953995223430882
CX2_35,245.0,0.9172209583302351,0.896320517237841,-0.020900441092394084
CX2_35,246.0,0.9216515961903491,0.896320517237841,-0.02533107895250808
CX2_35,247.0,0.9189589921705147,0.896320517237841,-0.02263847493267368
CX2_35,248.0,0.9143937372427446,0.896100520949988,-0.018293216292756598
CX2_35,249.0,0.9136227991161905,0.8909098456340624,-0.022712953482128095
CX2_35,250.0,0.912772756905433,0.8904977144844358,-0.022275042420997204
CX2_35,251.0,0.9172157156225044,0.8904977144844358,-0.026718001138068548
CX2_35,252.0,0.9187426944896694,0.8909098456340624,-0.027832848855606995
CX2_35,253.0,0.9112897783647699,0.8909098456340624,-0.020379932730707484
CX2_35,254.0,0.9111535656063774,0.8906229559427125,-0.020530609663664934
CX2_35,255.0,0.9101012549281393,0.8906229559427125,-0.019478298985426856
CX2_35,256.0,0.911404381801257,0.8906229559427125,-0.02078142585854459
CX2_35,257.0,0.9151224906661278,0.8906229559427125,-0.024499534723415373
CX2_35,258.0,0.9157375999563899,0.899488810049441,-0.01624878990694889
CX2_35,259.0,0.9160728905110437,0.9006401366853847,-0.015432753825659007
CX2_35,260.0,0.9173747607121049,0.9021423561078653,-0.01523240460423958
CX2_35,261.0,0.9180393674143921,0.9021423561078653,-0.015897011306526765
CX2_35,262.0,0.9183911237359829,0.9042385625107625,-0.01415256122522035
CX2_35,263.0,0.9186572717897152,0.904416364166665,-0.014240907623050192
CX2_35,264.0,0.9188421088589144,0.9054366655379653,-0.013405443320949062
CX2_35,265.0,0.9189726683595781,0.9056136654716567,-0.013359002887921467
CX2_35,266.0,0.9192242236364984,0.9058192374738827,-0.01340498616261565
CX2_35,267.0,0.9195080312668132,0.906303798204242,-0.013204233062571236
CX2_35,268.0,0.9195273895373834,0.9065727295511318,-0.012954659986251671
CX2_35,269.0,0.9113920967141002,0.9065727295511318,-0.00481936716296838
CX2_35,270.0,0.9080439725661763,0.906303798204242,-0.001740174361934299
CX2_35,271.0,0.907484950429914,0.8861548872558298,-0.021330063174084146
CX2_35,272.0,0.9060587212464439,0.8843985713179681,-0.02166014992847587
CX2_35,274.0,0.9140868513675274,0.8832767331799086,-0.030810118187618807
CX2_35,275.0,0.906488988865605,0.8806102070663633,-0.025878781799241746
CX2_35,276.0,0.9065259977722159,0.8806102070663633,-0.025915790705852593
CX2_35,277.0,0.9059016772817442,0.8833150503303984,-0.022586626951345834
CX2_35,278.0,0.9064596196256424,0.8865430648386495,-0.019916554786992835
CX2_35,279.0,0.9117698205625778,0.8865430648386495,-0.025226755723928296
CX2_35,280.0,0.9094859856149586,0.8865430648386495,-0.022942920776309106
CX2_35,281.0,0.9051067629434225,0.8863829227507255,-0.018723840192697017
CX2_35,282.0,0.9049456380913864,0.8863829227507255,-0.018562715340660896
CX2_35,283.0,0.9160130588762604,0.8863829227507255,-0.02963013612553489
CX2_35,284.0,0.9182396267147523,0.8863829227507255,-0.031856703964026845
CX2_35,285.0,0.912568056152878,0.888462929581514,-0.02410512657136399
CX2_35,286.0,0.9108365219985024,0.8897510634486113,-0.02108545854989108
CX2_35,288.0,0.9094372448423275,0.888462929581514,-0.020974315260813503
CX2_35,289.0,0.9075681713693692,0.8854363570645783,-0.02213181430479083
CX2_35,290.0,0.9128856867822918,0.8854363570645783,-0.02744932971771341
CX2_35,291.0,0.9137478298778812,0.8854363570645783,-0.028311472813302818
CX2_35,292.0,0.9138779292115369,0.8965001898010561,-0.01737773941048082
CX2_35,293.0,0.9138100216336588,0.8975478950779672,-0.01626212655569159
CX2_35,294.0,0.9137920038928974,0.8989071967436598,-0.014884807149237567
CX2_35,296.0,0.9158268370248797,0.8991338958531706,-0.016692941171709053
CX2_35,297.0,0.9186521558565048,0.8995699844269259,-0.01908217142957891
CX2_35,298.0,0.9185118008067523,0.8999570031093883,-0.01855479769736401
CX2_35,299.0,0.9127210711407487,0.8999570031093883,-0.012764068031360432
CX2_35,300.0,0.9133789442312608,0.8999570031093883,-0.01342194112187245
CX2_35,301.0,0.9150318760179804,0.9018698097837492,-0.013162066234231218
CX2_35,302.0,0.915691689770775,0.9018698097837492,-0.013821879987025776
CX2_35,303.0,0.9168013799285877,0.9018698097837492,-0.01493157014483848
CX2_35,304.0,0.9141666086982873,0.9018698097837492,-0.012296798914538054
CX2_35,305.0,0.911134979095264,0.9018698097837492,-0.009265169311514776
CX2_35,306.0,0.9125283921313321,0.8981578944177455,-0.01437049771358656
CX2_35,307.0,0.9120423044473263,0.8952826309799977,-0.01675967346732854
CX2_35,308.0,0.9141779944940525,0.8952826309799977,-0.01889536351405474
CX2_35,310.0,0.9098315402589695,0.8944261631425443,-0.0154053771164252
CX2_35,311.0,0.9095200858942558,0.8921967920959933,-0.017323293798262474
CX2_35,312.0,0.9088091222780608,0.8917361811559116,-0.017072941122149188
CX2_35,313.0,0.9080239142334116,0.8915019325981468,-0.01652198163526475
CX2_35,314.0,0.9117647802393509,0.8917361811559116,-0.020028599083439347
CX2_35,315.0,0.9103051690895726,0.8917361811559116,-0.01856898793366102
CX2_35,316.0,0.9068851232985801,0.8912885721296636,-0.01559655116891645
CX2_35,317.0,0.9075573910269842,0.8897926114640768,-0.01776477956290734
CX2_35,318.0,0.907757952294426,0.8901547153177672,-0.017603236976658776
CX2_35,319.0,0.9100280928147932,0.8901547153177672,-0.019873377497026
CX2_35,320.0,0.9117038537360727,0.8912885721296636,-0.02041528160640904
CX2_35,321.0,0.9121563625642556,0.8986386155726296,-0.013517746991626
CX2_35,322.0,0.9124431085902956,0.899438058824817,-0.013005049765478671
CX2_35,323.0,0.9132082739109963,0.8999138818019021,-0.013294392109094222
CX2_35,324.0,0.9139519487556974,0.900554454603159,-0.013397494152538436
CX2_35,325.0,0.9141668795352762,0.9009587731826821,-0.013208106352594062
CX2_35,326.0,0.9141720404495516,0.9011545041297081,-0.013017536319843481
CX2_35,327.0,0.9141409649381087,0.9015120477583574,-0.012628917179751342
CX2_35,328.0,0.9141309888791198,0.9018508195369365,-0.012280169342183345
CX2_35,329.0,0.9142863790793739,0.9015120477583574,-0.012774331321016574
CX2_35,330.0,0.9142987092922308,0.9015120477583574,-0.012786661533873422
CX2_35,331.0,0.9141742503260277,0.9017974962811857,-0.012376754044842064
CX2_35,332.0,0.9066772160669567,0.9017974962811857,-0.004879719785771064
CX2_35,333.0,0.9056638545083312,0.9012360063653783,-0.004427848142952939
CX2_35,334.0,0.9060813798488807,0.8909567190456952,-0.01512466080318553
CX2_35,335.0,0.905081568865878,0.8909241769064458,-0.01415739195943222
CX2_35,336.0,0.9086130279976236,0.8909241769064458,-0.017688851091177793
CX2_35,337.0,0.90954316836029,0.8909567190456952,-0.018586449314594855
CX2_35,338.0,0.904095698286778,0.8909567190456952,-0.013138979241082871
CX2_35,339.0,0.9055092722872577,0.8925889873030199,-0.012920284984237806
CX2_35,340.0,0.9054038644826989,0.8925889873030199,-0.012814877179678996
CX2_35,341.0,0.9060488615848828,0.8925889873030199,-0.013459874281862905
CX2_35,342.0,0.9086288955198865,0.8925889873030199,-0.016039908216866516
CX2_35,343.0,0.9056924588480486,0.8925889873030199,-0.013103471545028667
CX2_35,344.0,0.9041770100931187,0.8897293625073717,-0.014447647585747014
CX2_35,345.0,0.9061477220361173,0.8914171015169681,-0.014730620519149196
CX2_35,346.0,0.9069004961423147,0.8914171015169681,-0.015483394625346647
CX2_35,347.0,0.9104863627675065,0.8914171015169681,-0.019069261250538427
CX2_35,348.0,0.9094703696585011,0.8934874434124702,-0.015982926246030926
CX2_35,349.0,0.9043076888664899,0.8934874434124702,-0.010820245454019717
CX2_35,350.0,0.9044933337691557,0.8934874434124702,-0.011005890356685533
CX2_35,351.0,0.9044637794146074,0.8907304356396918,-0.01373334377491564
CX2_35,352.0,0.9060459673232871,0.8907304356396918,-0.01531553168359534
CX2_35,353.0,0.9083038688940381,0.8907304356396918,-0.01757343325434635
CX2_35,355.0,0.9016249003084517,0.8902942580382377,-0.011330642270213964
CX2_35,356.0,0.9030728128177652,0.8895033557249292,-0.013569457092835968
CX2_35,357.0,0.9026678165094324,0.887292910480217,-0.01537490602921543
CX2_35,358.0,0.905742402826503,0.887292910480217,-0.01844949234628601
CX2_35,359.0,0.9070768040639149,0.8895033557249292,-0.017573448338985664
CX2_35,360.0,0.9072622242480385,0.8945654447685275,-0.012696779479510978
CX2_35,361.0,0.9076220274049878,0.8950885833843832,-0.012533444020604523
CX2_35,362.0,0.9083347937678206,0.8954052813303227,-0.012929512437497848
CX2_35,363.0,0.908591357775542,0.8961170888506087,-0.012474268924933307
CX2_35,364.0,0.9084469042356748,0.8961626246925701,-0.012284279543104626
CX2_35,365.0,0.9084438186475517,0.8961626246925701,-0.012281193954981617
CX2_35,366.0,0.9081744557351092,0.8961626246925701,-0.012011831042539112
CX2_35,367.0,0.9083051438512613,0.8961626246925701,-0.012142519158691134
CX2_35,368.0,0.908507939905021,0.8958203197804684,-0.012687620124552601
CX2_35,369.0,0.9084543197860289,0.8958203197804684,-0.012634000005560475
CX2_35,370.0,0.908443793029669,0.8963308172340906,-0.012112975795578462
CX2_35,371.0,0.9016716295263026,0.8963308172340906,-0.0053408122922120604
CX2_35,372.0,0.90257833383109,0.8957585762171949,-0.006819757613895083
CX2_35,373.0,0.9030747216114628,0.8930195789878327,-0.010055142623630164
CX2_35,374.0,0.902760903488288,0.8925828203137319,-0.01017808317455604
CX2_35,375.0,0.9063947105220033,0.8925828203137319,-0.013811890208271338
CX2_35,376.0,0.905456855785736,0.8925828203137319,-0.012874035472004053
CX2_35,377.0,0.900765638114524,0.8919779600157809,-0.008787678098743146
CX2_35,378.0,0.9009594489464581,0.8899474256390778,-0.01101202330738027
CX2_35,379.0,0.9010648298424624,0.8899474256390778,-0.011117404203384584
CX2_35,380.0,0.9039829708103375,0.8899474256390778,-0.014035545171259711
CX2_35,381.0,0.9062088955746399,0.8903607478283303,-0.015848147746309604
CX2_35,382.0,0.9016884323792911,0.8903607478283303,-0.011327684550960782
CX2_35,383.0,0.9010884905275435,0.8920356057226916,-0.00905288480485189
CX2_35,384.0,0.9009928170630893,0.8920356057226916,-0.00895721134039773
CX2_35,385.0,0.8999236660791311,0.8883113901630969,-0.011612275916034198
CX2_35,386.0,0.9048245736912218,0.8883113901630969,-0.01651318352812492
CX2_35,387.0,0.9037450178896295,0.888391657888292,-0.015353360001337468
CX2_35,388.0,0.8985781820095461,0.8871921663874974,-0.011386015622048662
CX2_35,389.0,0.8996095608794751,0.887424228450009,-0.012185332429466067
CX2_35,390.0,0.8938215981802843,0.887424228450009,-0.006397369730275271
CX2_35,391.0,0.89616654896352,0.887424228450009,-0.008742320513510982
CX2_35,392.0,0.9014671882747021,0.887424228450009,-0.014042959824693058
CX2_35,393.0,0.892673378875295,0.887424228450009,-0.005249150425285953
CX2_35,394.0,0.8898101071752172,0.8786277780538837,-0.011182329121333545
CX2_35,395.0,0.8884885937592708,0.8786277780538837,-0.009860815705387105
CX2_35,396.0,0.9044001270849779,0.8786277780538837,-0.025772349031094155
CX2_35,397.0,0.9082141841057211,0.8786277780538837,-0.029586406051837377
CX2_35,398.0,0.9143717157433658,0.8884915434033153,-0.025880172340050578
CX2_35,399.0,0.9091105937677022,0.8884915434033153,-0.020619050364386937
CX2_35,400.0,0.9023194909390199,0.8884915434033153,-0.013827947535704599
CX2_35,401.0,0.9009297888297576,0.8872628503892662,-0.013666938440491383
CX2_35,402.0,0.8984209147957467,0.887115417972539,-0.011305496823207695
CX2_35,403.0,0.905000232608678,0.887115417972539,-0.017884814636139
CX2_35,404.0,0.9067998867444105,0.8872628503892662,-0.019537036355144255
CX2_35,405.0,0.8961075273037131,0.886466931150128,-0.009640596153585146
CX2_35,406.0,0.8942862565296106,0.881525915099273,-0.012760341430337552
CX2_35,408.0,0.8906592343243759,0.8779294373936702,-0.012729796930705639
CX2_35,409.0,0.8881610070100728,0.8757772569495688,-0.012383750060504073
CX2_35,410.0,0.8897215495398938,0.8757772569495688,-0.013944292590325036
CX2_35,411.0,0.8962999155012192,0.8757772569495688,-0.020522658551650474
CX2_35,412.0,0.8922514760662058,0.8757772569495688,-0.016474219116637046
CX2_35,413.0,0.8864493910420823,0.8691466800169928,-0.017302711025089512
CX2_35,414.0,0.8864502682801322,0.8691466800169928,-0.01730358826313938
CX2_35,415.0,0.8850004619091021,0.8685992968788052,-0.01640116503029687
CX2_35,417.0,0.8935804519195204,0.8685992968788052,-0.024981155040715186
CX2_35,418.0,0.8886646546169698,0.8658200629702101,-0.02284459164675967
CX2_35,419.0,0.8854189638292626,0.8658200629702101,-0.01959890085905247
CX2_35,420.0,0.8833902038099395,0.8658200629702101,-0.01757014083972941
CX2_35,421.0,0.8822322260457135,0.8658200629702101,-0.016412163075503416
CX2_35,422.0,0.8893240481475739,0.8658200629702101,-0.02350398517736385
CX2_35,423.0,0.8915245597502429,0.8731811066105349,-0.018343453139707977
CX2_35,424.0,0.8830984241959544,0.866046367996439,-0.017052056199515442
CX2_35,425.0,0.8852366023814858,0.8687161856217498,-0.016520416759736034
CX2_35,426.0,0.8853191778284393,0.8687161856217498,-0.016602992206689482
CX2_35,427.0,0.8863243874679857,0.8687161856217498,-0.017608201846235905
CX2_35,428.0,0.8906857501568358,0.8687161856217498,-0.021969564535086028
CX2_35,429.0,0.8881816646619932,0.8687161856217498,-0.019465479040243427
CX2_35,430.0,0.8850512625640526,0.8697784317027101,-0.015272830861342568
CX2_35,431.0,0.8854945911876523,0.8711368629931616,-0.01435772819449066
CX2_35,432.0,0.8845071478263442,0.8697784317027101,-0.014728716123634134
CX2_35,433.0,0.8888469080843133,0.8697784317027101,-0.01906847638160325
CX2_35,434.0,0.8900665838783135,0.8711368629931616,-0.01892972088515188
CX2_35,435.0,0.8907097711006924,0.8766121044062796,-0.014097666694412814
CX2_35,436.0,0.8908735035785276,0.8768643601489755,-0.014009143429552062
CX2_35,437.0,0.8910668539898838,0.8784837657485717,-0.012583088241312157
CX2_35,438.0,0.8924315024574573,0.8792564757747955,-0.013175026682661795
CX2_35,439.0,0.8924295043997369,0.8792564757747955,-0.013173028624941407
CX2_35,440.0,0.892683324361587,0.879464397438165,-0.01321892692342208
CX2_35,441.0,0.8925654077730036,0.8815233222099345,-0.011042085563069182
CX2_35,442.0,0.8922614971427454,0.8815233222099345,-0.010738174932810929
CX2_35,443.0,0.8912387480435018,0.8802257477419323,-0.011013000301569487
CX2_35,444.0,0.8910599137492337,0.8802257477419323,-0.01083416600730136
CX2_35,445.0,0.8908238873302413,0.8800843442608197,-0.010739543069421598
CX2_35,446.0,0.8847619947958392,0.8788602083826349,-0.0059017864132042686
CX2_35,447.0,0.8820246742678477,0.8779543349041615,-0.004070339363686171
CX2_35,448.0,0.8824137883858096,0.8712308009521511,-0.011182987433658531
CX2_35,449.0,0.8803880399970787,0.8654513949147908,-0.01493664508228787
CX2_35,450.0,0.8868771282679194,0.8654513949147908,-0.021425733353128584
CX2_35,451.0,0.88762381705706,0.8712308009521511,-0.016393016104908842
CX2_35,452.0,0.8802918984554163,0.8712308009521511,-0.009061097503265225
CX2_35,453.0,0.8804904966906735,0.8624966664223649,-0.017993830268308586
CX2_35,454.0,0.8800157201164562,0.8636791054318744,-0.016336614684581807
CX2_35,455.0,0.881934796885703,0.8636791054318744,-0.01825569145382855
CX2_35,456.0,0.885226144276299,0.8636791054318744,-0.02154703884442455
CX2_35,457.0,0.8820814832597578,0.8636791054318744,-0.018402377827883343
CX2_35,458.0,0.885933143750032,0.8707046186565904,-0.015228525093441525
CX2_35,459.0,0.8860989868248242,0.8721220763983158,-0.013976910426508393
CX2_35,460.0,0.8898862295046014,0.8721220763983158,-0.01776415310628554
CX2_35,461.0,0.8870368346114189,0.8721220763983158,-0.014914758213103063
CX2_35,462.0,0.8819000082734936,0.8721220763983158,-0.009777931875177726
CX2_35,463.0,0.8826344099725881,0.8676161525251481,-0.015018257447440009
CX2_35,464.0,0.8807946121480039,0.8664683151480742,-0.01432629699992971
CX2_35,465.0,0.8828736294955397,0.8664683151480742,-0.016405314347465505
CX2_35,466.0,0.8852853475579652,0.8676161525251481,-0.017669195032817053
CX2_35,467.0,0.8799600214248339,0.8676161525251481,-0.01234386889968575
CX2_35,468.0,0.8790512747599774,0.8627064074849464,-0.016344867275030928
CX2_35,469.0,0.8788391323667889,0.8638777722570369,-0.01496136010975202
CX2_35,470.0,0.8778473093408855,0.8627064074849464,-0.015140901855939082
CX2_35,471.0,0.8822697284195242,0.8627064074849464,-0.0195633209345778
CX2_35,472.0,0.8832737558360106,0.8638777722570369,-0.019395983578973763
CX2_35,474.0,0.8834120968460861,0.8684374594241253,-0.014974637421960812
CX2_35,475.0,0.8839916669719701,0.8687729782643576,-0.015218688707612449
CX2_35,476.0,0.884424042709636,0.8705939965640795,-0.013830046145556496
CX2_35,477.0,0.8844407215811448,0.8705939965640795,-0.013846725017065298
CX2_35,478.0,0.8848624188142015,0.8712083862997219,-0.013654032514479608
CX2_35,479.0,0.8853122759500712,0.8716260702455875,-0.013686205704483756
CX2_35,480.0,0.8854157281199443,0.8721151826265227,-0.013300545493421634
CX2_35,481.0,0.8855647864821011,0.8716974131116247,-0.013867373370476388
CX2_35,482.0,0.8858709183186542,0.8725140368608241,-0.013356881457830094
CX2_35,483.0,0.8861125895626187,0.8726522924389698,-0.013460297123648934
CX2_35,484.0,0.8772553620390892,0.8726522924389698,-0.004603069600119358
CX2_35,485.0,0.8709072934677554,0.8716974131116247,0.0007901196438693248
CX2_35,486.0,0.8698329335463757,0.8486974401262819,-0.0211354934200938
CX2_35,487.0,0.8682377297819178,0.8479851309177553,-0.02025259886416253
CX2_35,488.0,0.8751178600019272,0.8479851309177553,-0.027132729084171858
CX2_35,489.0,0.8770840340718932,0.8479851309177553,-0.02909890315413788
CX2_35,490.0,0.8709548205032663,0.8515172731329161,-0.019437547370350194
CX2_35,491.0,0.8714676383629664,0.8515172731329161,-0.019950365230050227
CX2_35,492.0,0.8725830389839885,0.8539252566433405,-0.018657782340647966
CX2_35,493.0,0.8735252019307028,0.8539252566433405,-0.019599945287362308
CX2_35,494.0,0.8764627449251059,0.8539252566433405,-0.022537488281765383
CX2_35,495.0,0.8743975262816369,0.8539252566433405,-0.020472269638296403
CX2_35,496.0,0.8718540511440908,0.8539252566433405,-0.017928794500750245
CX2_35,497.0,0.8729413901641601,0.8580114716205848,-0.014929918543575282
CX2_35,498.0,0.872995517295526,0.8544026711598419,-0.018592846135684127
CX2_35,499.0,0.8748848104434034,0.8544026711598419,-0.020482139283561462
CX2_35,500.0,0.8760874592396811,0.8580114716205848,-0.018075987619096345
CX2_35,501.0,0.8710176224758704,0.8580114716205848,-0.01300615085528567
CX2_35,502.0,0.8700406730016433,0.8544026711598419,-0.01563800184180142
CX2_35,503.0,0.870697532597632,0.8561049969208137,-0.014592535676818397
CX2_35,504.0,0.8706132747385009,0.8539451616223516,-0.016668113116149352
CX2_35,505.0,0.8746020096762867,0.8539451616223516,-0.020656848053935084
CX2_35,506.0,0.8761019982124818,0.8561049969208137,-0.01999700129166815
CX2_35,507.0,0.8733636391865314,0.8564707538843723,-0.016892885302159044
CX2_35,508.0,0.8930143425685143,0.8607492390647103,-0.03226510350380396
CX2_35,509.0,0.8943105044348861,0.8639671733923084,-0.030343331042577693
CX2_35,510.0,0.8981337668832453,0.8810222238687053,-0.017111543014539987
CX2_35,511.0,0.8970049252133838,0.8820437620151274,-0.014961163198256466
CX2_35,512.0,0.8918436281127023,0.8820437620151274,-0.009799866097574994
CX2_35,513.0,0.8912902201471564,0.8820437620151274,-0.009246458132029067
CX2_35,514.0,0.8902807775527274,0.8806695028729296,-0.009611274679797832
CX2_35,515.0,0.8915073952063144,0.8806695028729296,-0.010837892333384835
CX2_35,516.0,0.8936183034512193,0.8806695028729296,-0.012948800578289732
CX2_35,517.0,0.8908513871765861,0.8806695028729296,-0.010181884303656519
CX2_35,518.0,0.8878328614433567,0.8776518304006586,-0.010181031042698074
CX2_35,519.0,0.8868905701597085,0.8769365046693551,-0.009954065490353381
CX2_35,520.0,0.8861390335761016,0.8740078000920403,-0.01213123348406131
CX2_35,521.0,0.8898255145614516,0.8740078000920403,-0.01581771446941138
CX2_35,522.0,0.8902424915665362,0.8740078000920403,-0.016234691474495966
CX2_35,523.0,0.88567808033297,0.8740078000920403,-0.011670280240929753
CX2_35,525.0,0.8880613014255566,0.8740078000920403,-0.01405350133351635
CX2_35,526.0,0.8778120943357465,0.8709712987510809,-0.006840795584665549
CX2_35,527.0,0.8792962666976157,0.8709712987510809,-0.008324967946534811
CX2_35,529.0,0.8811131974865098,0.8488969383904851,-0.03221625909602477
CX2_35,530.0,0.8709102896742263,0.8487077356432928,-0.02220255403093352
CX2_35,531.0,0.8679495634972022,0.8418052451806054,-0.026144318316596804
CX2_35,532.0,0.8671904950292204,0.8416423708568449,-0.025548124172375508
CX2_35,533.0,0.8714346984124555,0.8418052451806054,-0.029629453231850067
CX2_35,534.0,0.8762501263688421,0.8418052451806054,-0.03444488118823674
CX2_35,535.0,0.8676855469003278,0.8416423708568449,-0.02604317604348294
CX2_35,536.0,0.8647146658965087,0.8416423708568449,-0.023072295039663793
CX2_35,537.0,0.8636065808398363,0.8405026561257657,-0.023103924714070634
CX2_35,538.0,0.8616711622880906,0.8393963035877103,-0.022274858700380262
CX2_35,539.0,0.8692462599227869,0.8393963035877103,-0.02984995633507659
CX2_35,540.0,0.8718113704976527,0.8393963035877103,-0.032415066909942336
CX2_35,541.0,0.8612293427937365,0.8386251927551935,-0.02260415003854299
CX2_35,542.0,0.8606493761283924,0.838092121193461,-0.022557254934931437
CX2_35,543.0,0.859696522021274,0.838092121193461,-0.02160440082781301
CX2_35,544.0,0.8570249410636958,0.8346547542780673,-0.02237018678562841
CX2_35,545.0,0.8559373208779493,0.8314081162431698,-0.024529204634779478
CX2_35,546.0,0.855024734683193,0.8310588140407005,-0.023965920642492478
CX2_35,547.0,0.8550221076582057,0.8292344410965745,-0.02578766656163123
CX2_35,548.0,0.8602460263498156,0.8292344410965745,-0.031011585253241103
CX2_35,549.0,0.8633466499267286,0.8314081162431698,-0.03193853368355881
CX2_35,550.0,0.863155757239562,0.8407379782336166,-0.022417779005945326
CX2_35,551.0,0.8638894435926521,0.8423753146559654,-0.021514128936686694
CX2_35,552.0,0.8641542243543965,0.8443464039843835,-0.01980782037001294
CX2_35,553.0,0.8646581673610833,0.8443464039843835,-0.02031176337669971
CX2_35,554.0,0.8649118858438637,0.845442822679486,-0.019469063164377687
CX2_35,555.0,0.864487982116894,0.845442822679486,-0.019045159437408032
CX2_35,556.0,0.8642093056583255,0.8449125467770163,-0.019296758881309217
CX2_35,557.0,0.8637199381634758,0.8449125467770163,-0.018807391386459482
CX2_35,558.0,0.8634765439532867,0.8449125467770163,-0.01856399717627033
CX2_35,559.0,0.863616716788539,0.8437357004407501,-0.019881016347788938
CX2_35,560.0,0.8639157629989758,0.8437357004407501,-0.020180062558225687
CX2_35,561.0,0.8637147903806323,0.8443638324451406,-0.019350957935491686
CX2_35,562.0,0.8632608779207227,0.8443638324451406,-0.01889704547558213
CX2_35,563.0,0.8628712754419032,0.8436568832658902,-0.019214392176013062
CX2_35,564.0,0.862716696448066,0.8440512772684452,-0.018665419179620835
CX2_35,565.0,0.8649767140679226,0.8440512772684452,-0.020925436799477448
CX2_35,566.0,0.8649258330400738,0.8440512772684452,-0.020874555771628556
CX2_35,567.0,0.8633210696598813,0.8440904799198655,-0.01923058974001579
CX2_35,568.0,0.8625195720887854,0.8440904799198655,-0.01842909216891986
CX2_35,569.0,0.8624481330201467,0.8454186696941778,-0.017029463325968885
CX2_35,570.0,0.864132779976312,0.8447040983302494,-0.019428681646062596
CX2_35,571.0,0.8648260222138814,0.8447040983302494,-0.020121923883631987
CX2_35,573.0,0.8627502186681286,0.8451592823952245,-0.01759093627290409
CX2_35,574.0,0.8625371389837749,0.8447040983302494,-0.017833040653525534
CX2_35,575.0,0.8710861778137052,0.8451592823952245,-0.0259268954184807
CX2_35,576.0,0.8675418458278028,0.8451592823952245,-0.022382563432578273
CX2_35,577.0,0.8653246198894009,0.8462065979640901,-0.019118021925310758
CX2_35,578.0,0.8631748137924099,0.8462065979640901,-0.016968215828319755
CX2_35,579.0,0.8616452608426594,0.8462065979640901,-0.01543866287856921
CX2_35,580.0,0.8625689765487256,0.8417714461215536,-0.020797530427171917
CX2_35,581.0,0.8622451047308272,0.8417714461215536,-0.020473658609273526
CX2_35,582.0,0.859873347852848,0.8415524605515768,-0.018320887301271127
CX2_35,583.0,0.8568615533345824,0.8386521926025781,-0.0182093607320043
CX2_35,584.0,0.8546045410543596,0.8377105796135328,-0.016893961440826777
CX2_35,585.0,0.8547896845051602,0.8330660241329166,-0.021723660372243603
CX2_35,586.0,0.8543221058667133,0.8326735779190797,-0.02164852794763361
CX2_35,587.0,0.8536839414168187,0.8323127886711428,-0.021371152745675914
CX2_35,588.0,0.8519955737669297,0.8280131734355498,-0.023982400331379883
CX2_35,589.0,0.8510334526517859,0.8285071155233407,-0.022526337128445206
CX2_35,590.0,0.8506489426822503,0.8267958687953656,-0.023853073886884735
CX2_35,591.0,0.8504484081982449,0.8264535964669861,-0.023994811731258725
CX2_35,592.0,0.8507839793198004,0.8264535964669861,-0.024330382852814303
CX2_35,593.0,0.8504479206170411,0.8258270466112694,-0.02462087400577173
CX2_35,594.0,0.850076499219567,0.8246826216576564,-0.025393877561910583
CX2_35,595.0,0.8497838080202376,0.8258270466112694,-0.023956761408968186
CX2_35,596.0,0.8494108277723952,0.8246826216576564,-0.024728206114738804
CX2_35,597.0,0.848675135742234,0.8238630402899166,-0.02481209545231733
CX2_35,598.0,0.8487970603565606,0.8246826216576564,-0.024114438698904173
CX2_35,599.0,0.8484306359523576,0.8228166093564225,-0.025614026595935036
CX2_35,600.0,0.8471895096900554,0.8218053272314007,-0.025384182458654703
CX2_35,601.0,0.8464535251267901,0.8212740887232749,-0.025179436403515165
CX2_35,602.0,0.8527214385744042,0.8212740887232749,-0.03144734985112929
CX2_35,603.0,0.8563628831288597,0.8212740887232749,-0.03508879440558477
CX2_35,604.0,0.8505980983166751,0.8270908787176429,-0.023507219599032236
CX2_35,605.0,0.849229117743142,0.8270908787176429,-0.022138239025499162
CX2_35,606.0,0.8466534037990069,0.8270908787176429,-0.019562525081364024
CX2_35,607.0,0.8460685291726926,0.8250800271501203,-0.020988502022572297
CX2_35,608.0,0.8470529816476411,0.8238182241631343,-0.023234757484506763
CX2_35,609.0,0.847886314576413,0.823450971247601,-0.02443534332881192
CX2_35,610.0,0.8468423308603061,0.823450971247601,-0.02339135961270511
CX2_35,611.0,0.8458759332864902,0.823450971247601,-0.022424962038889218
CX2_35,612.0,0.845253933594296,0.823450971247601,-0.021802962346694987
CX2_35,613.0,0.8451171658970577,0.8224504028887388,-0.022666763008318824
CX2_35,614.0,0.848338447332849,0.8224504028887388,-0.025888044444110192
CX2_35,615.0,0.8469152463839222,0.8221952868337532,-0.024719959550169035
CX2_35,616.0,0.8452388047570781,0.8222900596992055,-0.022948745057872588
CX2_35,617.0,0.8422300670571198,0.8222900596992055,-0.019940007357914236
CX2_35,618.0,0.8414868677318373,0.8221952868337532,-0.019291580898084137
CX2_35,619.0,0.8411853327702283,0.8165569167819181,-0.024628415988310226
CX2_35,620.0,0.8423258801634975,0.8165569167819181,-0.025768963381579413
CX2_35,621.0,0.8434348525299851,0.8165569167819181,-0.02687793574806696
CX2_35,622.0,0.840269248215707,0.8165569167819181,-0.023712331433788925
CX2_35,624.0,0.8389125946006671,0.8143397854483981,-0.024572809152269004
CX2_35,625.0,0.8536945228707785,0.8143397854483981,-0.03935473742238038
CX2_35,626.0,0.8545932905451281,0.8143397854483981,-0.04025350509672998
CX2_35,627.0,0.8524137677648199,0.8247842528156443,-0.02762951494917565
CX2_35,628.0,0.851063432061773,0.8253983247325539,-0.025665107329219117
CX2_35,629.0,0.8495431761969928,0.8253983247325539,-0.0241448514644389
CX2_35,630.0,0.850615582738634,0.8247842528156443,-0.025831329922989754
CX2_35,631.0,0.8510577695642504,0.8247842528156443,-0.02627351674860612
CX2_35,632.0,0.8489270263314084,0.8225903118280596,-0.026336714503348735
CX2_35,633.0,0.8465397999007342,0.8197170727890902,-0.026822727111644018
CX2_35,634.0,0.8473695787657104,0.8197170727890902,-0.027652505976620168
CX2_35,635.0,0.847460872550986,0.8197170727890902,-0.027743799761895782
CX2_35,636.0,0.8486937470807256,0.8197170727890902,-0.028976674291635418
CX2_35,637.0,0.8475185399067363,0.8197170727890902,-0.027801467117646084
CX2_35,638.0,0.8460124902634008,0.8215780947520007,-0.02443439551140003
CX2_35,639.0,0.8446521256738824,0.8215780947520007,-0.02307403092188165
CX2_35,640.0,0.8427433519680552,0.8186029250419545,-0.024140426926100633
CX2_35,641.0,0.8418784102482814,0.8136332748198652,-0.028245135428416113
CX2_35,642.0,0.8411063869561147,0.8130575577930719,-0.028048829163042854
CX2_35,644.0,0.8370670284363518,0.8127233657615927,-0.02434366267475918
CX2_35,645.0,0.8396369716008424,0.8094458637919296,-0.030191107808912765
CX2_35,646.0,0.83814246410166,0.803103090451837,-0.035039373649823014
CX2_35,647.0,0.8371063979456063,0.7957536486760466,-0.041352749269559674
CX2_35,648.0,0.8361932335462621,0.7957536486760466,-0.040439584870215484
CX2_35,649.0,0.8370344770254315,0.7994390984286127,-0.03759537859681883
CX2_35,650.0,0.8375804979133317,0.7994390984286127,-0.03814139948471895
CX2_35,651.0,0.8362480912754992,0.8001175383548933,-0.03613055292060585
CX2_35,652.0,0.8350232180486492,0.8001175383548933,-0.03490567969375591
CX2_35,653.0,0.8339941558055112,0.7994390984286127,-0.03455505737689846
CX2_35,654.0,0.8332066602796165,0.7975953476588625,-0.03561131262075401
CX2_35,656.0,0.8352486839110886,0.7944723417019266,-0.04077634220916204
CX2_35,657.0,0.8339574108930785,0.7953895548511286,-0.0385678560419499
CX2_35,658.0,0.8314882973707813,0.7959194527434366,-0.035568844627344776
CX2_35,659.0,0.8303891344008226,0.7953895548511286,-0.034999579549694015
CX2_35,660.0,0.829090245540434,0.7953895548511286,-0.03370069068930537
CX2_35,661.0,0.8304526839201487,0.7953895548511286,-0.035063129069020094
CX2_35,662.0,0.8297174636488016,0.7890668799394409,-0.0406505837093607
CX2_35,663.0,0.8285076380545182,0.7874885856576407,-0.04101905239687753
CX2_35,665.0,0.8270622043076241,0.7873228206278519,-0.039739383679772255
CX2_35,666.0,0.8264762519538295,0.7869677099943229,-0.03950854195950659
CX2_35,667.0,0.8285280419771501,0.7869677099943229,-0.04156033198282727
CX2_35,668.0,0.8283552989127809,0.7869677099943229,-0.04138758891845806
CX2_35,669.0,0.8281389162942898,0.7884735397167831,-0.039665376577506684
CX2_35,670.0,0.8267319221547975,0.7884735397167831,-0.03825838243801438
CX2_35,671.0,0.8258152931666536,0.7884735397167831,-0.03734175344987045
CX2_35,672.0,0.8255968504074579,0.7877516814649166,-0.03784516894254131
CX2_35,673.0,0.8254063265724788,0.7866932300309658,-0.038713096541513004
CX2_35,674.0,0.8243959622890764,0.7856106483711643,-0.03878531391791207
CX2_35,675.0,0.8253142028031385,0.7856106483711643,-0.03970355443197415
CX2_35,676.0,0.823778698439222,0.7846945010999464,-0.039084197339275595
CX2_35,677.0,0.8232479602805609,0.7846945010999464,-0.03855345918061448
CX2_35,678.0,0.8232636689336541,0.7846945010999464,-0.038569167833707674
CX2_35,679.0,0.8227839064553828,0.7824654482328489,-0.04031845822253388
CX2_35,680.0,0.8241654875727443,0.7824654482328489,-0.04170003933989541
CX2_35,681.0,0.8225300689869173,0.7824654482328489,-0.04006462075406836
CX2_35,682.0,0.821409526362707,0.782151012078795,-0.03925851428391203
CX2_35,683.0,0.8218161818578168,0.7810383256985618,-0.040777856159255
CX2_35,684.0,0.8215796006930625,0.7810383256985618,-0.040541274994500665
CX2_35,685.0,0.8243704664615018,0.7810383256985618,-0.04333214076294001
CX2_35,686.0,0.8245374674520145,0.7837937673787305,-0.040743700073283984
CX2_35,687.0,0.8229954174663343,0.7850287984312387,-0.03796661903509557
CX2_35,688.0,0.8215086830878747,0.7850287984312387,-0.036479884656635986
CX2_35,689.0,0.8206537802637353,0.7850287984312387,-0.035624981832496516
CX2_35,690.0,0.8214104370830638,0.7825956352705162,-0.038814801812547595
CX2_35,691.0,0.8212574838033149,0.7822877799192416,-0.03896970388407328
CX2_35,692.0,0.8201403347731177,0.7804808935249278,-0.039659441248189875
CX2_35,693.0,0.8190258670259505,0.779415139879423,-0.03961072714652747
CX2_35,694.0,0.8296442943527461,0.7822877799192416,-0.047356514433504526
CX2_35,695.0,0.8310408681319748,0.7822877799192416,-0.048753088212733164
CX2_35,696.0,0.8312293783983192,0.791333320663336,-0.03989605773498328
CX2_35,698.0,0.8276773929436719,0.791333320663336,-0.03634407228033598
CX2_35,699.0,0.8287355690212378,0.7909498029836404,-0.037785766037597424
CX2_35,701.0,0.8263329822424457,0.7829851232213376,-0.04334785902110805
CX2_35,702.0,0.8253009535620012,0.7876081702014162,-0.037692783360585014
CX2_35,703.0,0.8238724171700897,0.7829851232213376,-0.040887293948752124
CX2_35,705.0,0.8222712224363249,0.7815134571968351,-0.04075776523948982
CX2_35,706.0,0.821801436438058,0.7789539297273621,-0.042847506710695926
CX2_35,707.0,0.8229326156394073,0.7789019391610003,-0.04403067647840708
CX2_35,708.0,0.8214850503903935,0.7789019391610003,-0.04258311122939329
CX2_35,709.0,0.820376545572458,0.7797220592937317,-0.040654486278726254
CX2_35,710.0,0.8201584889062006,0.7789019391610003,-0.04125654974520032
CX2_35,711.0,0.8196415124195732,0.7785071636571438,-0.041134348762429385
CX2_35,712.0,0.8209102543062319,0.7797220592937317,-0.04118819501250015
CX2_35,713.0,0.821530662632178,0.7797220592937317,-0.04180860333844627
CX2_35,714.0,0.8208788471001037,0.7816455939048944,-0.03923325319520932
CX2_35,715.0,0.8204866300142541,0.7828761046157771,-0.03761052539847709
CX2_35,716.0,0.8207031558018725,0.7828761046157771,-0.03782705118609542
CX2_35,717.0,0.8219761597609151,0.7828761046157771,-0.039100055145138035
CX2_35,718.0,0.8219649280866321,0.7842227517541306,-0.03774217633250154
CX2_35,719.0,0.8208800022953049,0.7842227517541306,-0.0366572505411743
CX2_35,720.0,0.8195487493882435,0.7804837169045874,-0.039065032483656115
CX2_35,721.0,0.8172237663995767,0.7801624584277063,-0.03706130797187046
CX2_35,722.0,0.8168795541703181,0.7801435735082529,-0.03673598066206518
CX2_35,723.0,0.8181557488257836,0.7794550563239958,-0.03870069250178776
CX2_35,724.0,0.8186420791833031,0.7794550563239958,-0.03918702285930731
CX2_35,725.0,0.816353986002937,0.7791441721548356,-0.0372098138481014
CX2_35,726.0,0.8151128680694887,0.7732021404336978,-0.041910727635790845
CX2_35,727.0,0.8146079930669539,0.7773036480582921,-0.037304345008661755
CX2_35,728.0,0.8144263143673444,0.7733159467007122,-0.04111036766663212
CX2_35,729.0,0.8167869080458718,0.7733159467007122,-0.0434709613451596
CX2_35,730.0,0.8174843488042259,0.7773036480582921,-0.04018070074593383
CX2_35,731.0,0.815975163137904,0.7773036480582921,-0.03867151507961186
CX2_35,732.0,0.8155132748132028,0.7756454694850776,-0.03986780532812517
CX2_35,733.0,0.8148968462427963,0.7756793196578373,-0.03921752658495903
CX2_35,734.0,0.816203030833151,0.7756793196578373,-0.040523711175313726
CX2_35,735.0,0.816722894062956,0.7756793196578373,-0.04104357440511863
CX2_35,736.0,0.8171620805547336,0.7778386112925674,-0.03932346926216623
CX2_35,737.0,0.8165007743858088,0.7778386112925674,-0.03866216309324144
CX2_35,738.0,0.8160580861179453,0.7778386112925674,-0.03821947482537791
CX2_35,739.0,0.8156876715094956,0.7778386112925674,-0.03784906021692824
CX2_35,740.0,0.8171870560914126,0.7811171160810327,-0.036069940010379886
CX2_35,741.0,0.8175303559509758,0.7819362234211429,-0.0355941325298329
CX2_35,742.0,0.8166051752699177,0.7828262524896207,-0.03377892278029704
CX2_35,743.0,0.8151967582645345,0.7828262524896207,-0.03237050577491385
CX2_35,744.0,0.8236004251491135,0.7835396732093988,-0.0400607519397147
CX2_35,745.0,0.8239735826175976,0.784574782962699,-0.039398799654898564
CX2_35,746.0,0.8230701516948244,0.784574782962699,-0.038495368732125446
CX2_35,747.0,0.8213353701985725,0.7831357392112661,-0.03819963098730639
CX2_35,748.0,0.8195473113235544,0.7831357392112661,-0.03641157211228829
CX2_35,749.0,0.8200764980963982,0.7810548459018987,-0.03902165219449949
CX2_35,750.0,0.8196622282914511,0.7802026391269389,-0.0394595891645122
CX2_35,751.0,0.8162154593447576,0.7801607593512846,-0.036054699993472994
CX2_35,752.0,0.8147702550218695,0.7798547965462663,-0.03491545847560318
CX2_35,753.0,0.8142552730793425,0.7722795111621348,-0.041975761917207755
CX2_35,754.0,0.8138733648443721,0.7717590100887606,-0.04211435475561154
CX2_35,755.0,0.8157898804783884,0.7717590100887606,-0.04403087038962783
CX2_35,756.0,0.8165193988456121,0.7722795111621348,-0.04423988768347731
CX2_35,757.0,0.8145139169461127,0.7722795111621348,-0.04223440578397797
CX2_35,758.0,0.812760931358292,0.7718516068984352,-0.04090932445985673
CX2_35,759.0,0.8110096267546807,0.7718516068984352,-0.03915801985624545
CX2_35,760.0,0.8124937843069893,0.7718516068984352,-0.040642177408554025
CX2_35,761.0,0.8143544392823483,0.7718516068984352,-0.04250283238391306
CX2_35,763.0,0.8123896616649765,0.7689381244872148,-0.043451537177761734
CX2_35,764.0,0.8101688320901204,0.7679985321024685,-0.04217029998765187
CX2_35,765.0,0.809694602653673,0.7679985321024685,-0.0416960705512045
CX2_35,766.0,0.8094452821793783,0.7676839164425815,-0.041761365736796785
CX2_35,767.0,0.8089165797038331,0.7659728208858133,-0.04294375881801982
CX2_35,768.0,0.8103465256875494,0.7659728208858133,-0.04437370480173608
CX2_35,769.0,0.8104402850841144,0.7676839164425815,-0.04275636864153287
CX2_35,770.0,0.8078310452981606,0.7676839164425815,-0.04014712885557914
CX2_35,771.0,0.807430839988725,0.7659728208858133,-0.04145801910291169
CX2_35,772.0,0.8070493546767027,0.7652898324164324,-0.04175952226027024
CX2_35,773.0,0.8077256608041306,0.7652898324164324,-0.042435828387698105
CX2_35,774.0,0.8086098420504827,0.7652898324164324,-0.04332000963405025
CX2_35,775.0,0.8085685436380908,0.7681729558001161,-0.0403955878379747
CX2_35,776.0,0.8078501932259438,0.7684484993858878,-0.039401693840055985
CX2_35,777.0,0.8078040449008019,0.7684484993858878,-0.03935554551491416
CX2_35,778.0,0.8080743141698725,0.7692336206455112,-0.03884069352436137
CX2_35,779.0,0.8091210279127501,0.7695783884888936,-0.039542639423856496
CX2_35,780.0,0.8095826038559,0.7694681726441414,-0.04011443121175862
CX2_35,781.0,0.8081290294055012,0.7694681726441414,-0.038660856761359885
CX2_35,782.0,0.8066055823826954,0.7694681726441414,-0.03713740973855406
CX2_35,783.0,0.8036441663721864,0.7689384750407071,-0.03470569133147927
CX2_35,784.0,0.8034299059333578,0.7665722250251551,-0.03685768090820274
CX2_35,785.0,0.8042529148315756,0.7625675518092475,-0.04168536302232806
CX2_35,786.0,0.8059582418516648,0.7625675518092475,-0.043390690042417246
CX2_35,787.0,0.802639712969733,0.7620833806119417,-0.040556332357791325
CX2_35,788.0,0.80113710173975,0.7620833806119417,-0.03905372112780825
CX2_35,789.0,0.8009675496117766,0.7576523301058332,-0.043315219505943414
CX2_35,790.0,0.8016123685058604,0.7576523301058332,-0.04396003840002716
CX2_35,791.0,0.8039885276576929,0.7576523301058332,-0.04633619755185969
CX2_35,792.0,0.8040295151977156,0.7604607815933597,-0.04356873360435587
CX2_35,793.0,0.8024288768509933,0.7608332013303092,-0.041595675520684106
CX2_35,794.0,0.7997785471730396,0.7608332013303092,-0.03894534584273046
CX2_35,795.0,0.7996747702114549,0.7608332013303092,-0.03884156888114576
CX2_35,796.0,0.7994958690300222,0.7582050497728365,-0.041290819257185696
CX2_35,797.0,0.7993373017254607,0.7554707707929493,-0.04386653093251136
CX2_35,798.0,0.7990667815986464,0.7554707707929493,-0.04359601080569708
CX2_35,799.0,0.7972817704348307,0.7554707707929493,-0.0418109996418814
CX2_35,800.0,0.7966618511721676,0.7552781647418404,-0.04138368643032719
CX2_35,801.0,0.7957564135901559,0.7513812920605341,-0.044375121529621864
CX2_35,802.0,0.7968990377750574,0.7513812920605341,-0.04551774571452338
CX2_35,803.0,0.7986674696892877,0.7513812920605341,-0.047286177628753645
CX2_35,804.0,0.7986882133752705,0.7543089370590199,-0.044379276316250604
CX2_35,805.0,0.7972785355500003,0.7544232990120484,-0.04285523653795187
CX2_35,806.0,0.7957758476936252,0.7544232990120484,-0.041352548681576784
CX2_35,807.0,0.7968672938392396,0.7550528872844119,-0.04181440655482771
CX2_35,808.0,0.7970609760666157,0.7550528872844119,-0.042008088782203856
CX2_35,809.0,0.7974053564068061,0.7550528872844119,-0.04235246912239421
CX2_35,810.0,0.7973810442889826,0.7551763625652431,-0.04220468172373948
CX2_35,811.0,0.7971658825141121,0.7559019137218316,-0.04126396879228056
CX2_35,812.0,0.796901969862791,0.7559019137218316,-0.04100005614095947
CX2_35,813.0,0.8057371233865545,0.7563832751992158,-0.04935384818733868
CX2_35,815.0,0.8055636468257538,0.7559019137218316,-0.04966173310392219
CX2_35,817.0,0.8012075391877556,0.7550493412332444,-0.04615819795451115
CX2_35,818.0,0.801312399408098,0.7550493412332444,-0.046263058174853544
CX2_35,819.0,0.802791524796991,0.7590071140915247,-0.04378441070546635
CX2_35,820.0,0.8036829579040636,0.7590071140915247,-0.04467584381253897
CX2_35,821.0,0.802067519858926,0.7616907636952663,-0.040376756163659655
CX2_35,822.0,0.7990065858038657,0.7616907636952663,-0.037315822108599406
CX2_35,823.0,0.7974650109938148,0.7590071140915247,-0.03845789690229018
CX2_35,824.0,0.7977291151437231,0.758272211009065,-0.03945690413465819
CX2_35,825.0,0.8003868616089606,0.7556026482801763,-0.04478421332878424
CX2_35,826.0,0.800719007421955,0.7556026482801763,-0.045116359141778695
CX2_35,827.0,0.7989103403895602,0.758272211009065,-0.04063812938049527
CX2_35,828.0,0.7979789352783317,0.758272211009065,-0.0397067242692668
CX2_35,829.0,0.7976316275351064,0.7556026482801763,-0.0420289792549301
CX2_35,830.0,0.7982903952988755,0.7594374522838608,-0.03885294301501463
CX2_35,831.0,0.799608052200666,0.7554451679481492,-0.0441628842525168
CX2_35,832.0,0.7989716269587284,0.7554451679481492,-0.043526459010579166
CX2_35,833.0,0.7983300316495534,0.7563471944567257,-0.04198283719282769
CX2_35,834.0,0.7975256743103788,0.7563471944567257,-0.04117847985365308
CX2_35,835.0,0.7963013155670693,0.7554451679481492,-0.04085614761892009
CX2_35,836.0,0.7964568326782243,0.7563471944567257,-0.0401096382214986
CX2_35,837.0,0.7968687263389381,0.7526655156308326,-0.04420321070810551
CX2_35,838.0,0.7961474888077896,0.7526655156308326,-0.04348197317695701
CX2_35,839.0,0.7940535564433795,0.7528215579795783,-0.04123199846380121
CX2_35,840.0,0.7919544688103641,0.7528215579795783,-0.03913291083078585
CX2_35,841.0,0.7897405609627686,0.7516825544086229,-0.03805800655414571
CX2_35,842.0,0.7904707917607074,0.7526934822516927,-0.0377773095090147
CX2_35,843.0,0.7913664166916632,0.7434069384770845,-0.04795947821457869
CX2_35,844.0,0.7913716192446913,0.7434069384770845,-0.04796468076760685
CX2_35,845.0,0.7912366250622823,0.745480374188951,-0.04575625087333135
CX2_35,848.0,0.7897028406589618,0.7429082272361223,-0.046794613422839526
CX2_35,849.0,0.7900922936193217,0.7429082272361223,-0.047184066383199386
CX2_35,850.0,0.789560512695126,0.7429082272361223,-0.046652285459003684
CX2_35,851.0,0.7891256339535199,0.7429082272361223,-0.0462174067173976
CX2_35,855.0,0.7891463526837268,0.7397314104683255,-0.049414942215401325
CX2_35,863.0,0.8025761253058096,0.7430458451729871,-0.059530280132822466
CX2_35,864.0,0.8068425789796244,0.7485751264325354,-0.05826745254708898
CX2_35,865.0,0.805743780332709,0.7715446209437207,-0.03419915938898832
CX2_35,866.0,0.804718339225074,0.7717121337286345,-0.03300620549643951
CX2_35,867.0,0.802841990330553,0.7717121337286345,-0.031129856601918582
CX2_35,868.0,0.8047222430357014,0.7732096056051628,-0.03151263743053856
CX2_35,869.0,0.8056466050033342,0.7717121337286345,-0.03393447127469973
CX2_35,870.0,0.8039431955273948,0.769299456236549,-0.03464373929084574
CX2_35,871.0,0.8014577631078904,0.7688071729743254,-0.03265059013356497
CX2_35,872.0,0.8003636125505638,0.7688071729743254,-0.031556439576238327
CX2_35,873.0,0.7979190230790858,0.7644035038655568,-0.03351551921352902
CX2_35,874.0,0.7984463082536167,0.7641184941427924,-0.034327814110824306
CX2_35,875.0,0.7997505985307103,0.7627421617095297,-0.0370084368211806
CX2_35,876.0,0.7973683032833363,0.7627421617095297,-0.03462614157380661
CX2_35,877.0,0.794430944633153,0.7627421617095297,-0.031688782923623315
CX2_35,878.0,0.7937407856448636,0.7568624686576174,-0.036878316987246196
CX2_35,879.0,0.7922437110701468,0.7555115338348616,-0.03673217723528521
CX2_35,880.0,0.7945543929627022,0.7555115338348616,-0.03904285912784067
CX2_35,881.0,0.796084978791484,0.7555115338348616,-0.040573444956622406
CX2_35,882.0,0.7945432615672318,0.7555115338348616,-0.03903172773237018
CX2_35,883.0,0.792266866928394,0.7534936230125193,-0.03877324391587467
CX2_35,884.0,0.7911734220603386,0.7545206991127691,-0.036652722947569494
CX2_35,885.0,0.7904893874112108,0.7534936230125193,-0.036995764398691455
CX2_35,886.0,0.7908552109725377,0.7534936230125193,-0.03736158796001843
CX2_35,888.0,0.7895755064045702,0.7517046172760586,-0.03787088912851155
CX2_35,894.0,0.7896038913806473,0.7525365553843956,-0.03706733599625178
CX2_35,913.0,0.7932835444073092,0.7450910569612732,-0.04819248744603599
CX2_35,914.0,0.7983078366745414,0.7459995362613236,-0.05230830041321777
CX2_35,915.0,0.7975828691695963,0.7583530597143646,-0.03922980945523169
CX2_35,916.0,0.7957405142221606,0.7583530597143646,-0.037387454507796014
CX2_35,917.0,0.7943648354877988,0.7583530597143646,-0.036011775773434174
CX2_35,918.0,0.7941666886279165,0.7601980704409188,-0.0339686181869977
CX2_35,919.0,0.7957938788785464,0.7553039769026267,-0.04048990197591962
CX2_35,920.0,0.7978548562028426,0.7553039769026267,-0.04255087930021584
CX2_35,921.0,0.7949399066605731,0.7568747721777976,-0.03806513448277549
CX2_35,922.0,0.7945177506517396,0.7568747721777976,-0.037642978473941935
CX2_35,923.0,0.7934565659381675,0.7568747721777976,-0.03658179376036985
CX2_35,924.0,0.794584671977045,0.7568747721777976,-0.037709899799247326
CX2_35,925.0,0.7938721321144012,0.7546887290917751,-0.03918340302262613
CX2_35,926.0,0.7931634302127292,0.7546887290917751,-0.03847470112095408
CX2_35,927.0,0.791968203011643,0.7546887290917751,-0.037279473919867856
CX2_35,928.0,0.7899958930634184,0.7541010806264087,-0.03589481243700976
CX2_35,930.0,0.7894862915157039,0.749156334259353,-0.04032995725635091
CX2_35,931.0,0.7903193350236827,0.749156334259353,-0.04116300076432966
CX2_36,5.0,1.0030587242255022,1.0,-0.0030587242255022407
CX2_36,6.0,1.002560506640474,1.0,-0.002560506640473914
CX2_36,7.0,0.9935064165391121,0.9917850731640351,-0.0017213433750770113
CX2_36,8.0,0.9881250383889721,0.9777603147420363,-0.010364723646935858
CX2_36,9.0,0.985654252830508,0.9693566511475875,-0.016297601682920493
CX2_36,10.0,0.9830348234344786,0.9637489016284848,-0.019285921805993755
CX2_36,11.0,0.981217065580736,0.9614921862028492,-0.019724879377886806
CX2_36,12.0,0.9906644430975114,0.9614921862028492,-0.029172256894662296
CX2_36,13.0,0.9903581553609399,0.9614921862028492,-0.0288659691580907
CX2_36,14.0,0.9793802811503197,0.9599885598567771,-0.019391721293542608
CX2_36,15.0,0.9765014407244029,0.9596833296021882,-0.016818111122214763
CX2_36,16.0,0.974810259618827,0.9545116773387369,-0.02029858228009007
CX2_36,17.0,0.9728535784487787,0.9514727744247443,-0.021380804024034417
CX2_36,18.0,0.980005038969869,0.9514727744247443,-0.028532264545124697
CX2_36,19.0,0.9820232280967645,0.9514727744247443,-0.03055045367202014
CX2_36,20.0,0.9769401632795066,0.9469166843499283,-0.03002347892957835
CX2_36,21.0,0.9699889692069654,0.943210690300416,-0.02677827890654938
CX2_36,22.0,0.9683183436361916,0.943210690300416,-0.02510765333577558
CX2_36,23.0,0.9669801517446036,0.9407466314754235,-0.026233520269180133
CX2_36,24.0,0.9655000724006778,0.9400036479864374,-0.025496424414240382
CX2_36,25.0,0.9733136098651942,0.9407466314754235,-0.03256697838977074
CX2_36,26.0,0.9759766906231966,0.9407466314754235,-0.03523005914777311
CX2_36,27.0,0.976053993399139,0.9536593593392851,-0.02239463405985387
CX2_36,28.0,0.9760354602479939,0.9539595021494793,-0.022075958098514592
CX2_36,29.0,0.9766078390884411,0.9543026847615109,-0.022305154326930143
CX2_36,30.0,0.97652591037141,0.9544645862629405,-0.022061324108469504
CX2_36,31.0,0.976738240416882,0.9550133931283142,-0.021724847288567717
CX2_36,32.0,0.9755966474148696,0.9550133931283142,-0.020583254286555386
CX2_36,33.0,0.975365772743726,0.9544645862629405,-0.02090118648078554
CX2_36,34.0,0.9754623329853221,0.9538151644520839,-0.021647168533238226
CX2_36,35.0,0.9744856308238643,0.9524434754875304,-0.022042155336333913
CX2_36,36.0,0.9749427570831053,0.9524434754875304,-0.022499281595574905
CX2_36,37.0,0.9745085933150776,0.9523259921479298,-0.022182601167147764
CX2_36,38.0,0.9738796741584999,0.9520788987085234,-0.021800775449976495
CX2_36,39.0,0.9734108762828894,0.951964219373336,-0.021446656909553385
CX2_36,40.0,0.9684949442625493,0.9512086333409759,-0.0172863109215734
CX2_36,41.0,0.9594999343444711,0.9507701978305565,-0.008729736513914621
CX2_36,42.0,0.9573857911545363,0.9326155702917339,-0.02477022086280234
CX2_36,43.0,0.9556117518265411,0.9304815431221757,-0.025130208704365442
CX2_36,44.0,0.9542934177937324,0.9292077092383942,-0.025085708555338204
CX2_36,45.0,0.9635693302915516,0.9304815431221757,-0.03308778716937588
CX2_36,46.0,0.8243526453056761,0.9292077092383942,0.10485506393271815
CX2_36,47.0,0.9608629419196218,0.9284673019487809,-0.03239563997084094
CX2_36,48.0,0.9530557468085937,0.9250677141428023,-0.027988032665791418
CX2_36,49.0,0.9509373371795815,0.9212866974991224,-0.029650639680459112
CX2_36,50.0,0.9511707626966652,0.9212866974991224,-0.02988406519754283
CX2_36,51.0,0.9490135129435836,0.9250677141428023,-0.023945798800781293
CX2_36,52.0,0.9589728044292976,0.9256154606818409,-0.03335734374745669
CX2_36,53.0,0.9600369437893413,0.9292507472576205,-0.030786196531720877
CX2_36,54.0,0.9786574928106474,0.939347097289144,-0.039310395521503394
CX2_36,55.0,0.9801291654520548,0.9426798017413599,-0.03744936371069485
CX2_36,56.0,0.9824788681514313,0.9594504739945022,-0.023028394156929033
CX2_36,57.0,0.9815610939023355,0.9629632533390271,-0.018597840563308377
CX2_36,58.0,0.9699842498668737,0.9629632533390271,-0.007020996527846601
CX2_36,59.0,0.9673895029724459,0.9629632533390271,-0.004426249633418755
CX2_36,60.0,0.9660949648182033,0.9483906739589494,-0.017704290859253957
CX2_36,61.0,0.9608601132449647,0.9455939457559753,-0.015266167488989346
CX2_36,62.0,0.9614638747514623,0.9455939457559753,-0.015869928995487004
CX2_36,63.0,0.9601741370967177,0.9452485279877115,-0.0149256091090062
CX2_36,64.0,0.9545095824635362,0.9452485279877115,-0.009261054475824704
CX2_36,65.0,0.9518263763824384,0.927611472555595,-0.024214903826843437
CX2_36,66.0,0.9507480367786316,0.927611472555595,-0.02313656422303667
CX2_36,67.0,0.9495717699795694,0.9245476709153067,-0.025024099064262728
CX2_36,68.0,0.9456065315691958,0.922273027409103,-0.023333504160092833
CX2_36,69.0,0.9476441417747152,0.9245476709153067,-0.02309647085940858
CX2_36,70.0,0.9472302193273141,0.9216133553222351,-0.02561686400507901
CX2_36,71.0,0.9426336228412622,0.9210270086850822,-0.021606614156179926
CX2_36,72.0,0.9415253855309548,0.9159244151182195,-0.025600970412735236
CX2_36,73.0,0.9412662531206032,0.9154822403645982,-0.025784012756004948
CX2_36,74.0,0.9404347447595004,0.9141372816278656,-0.026297463131634835
CX2_36,75.0,0.940448263042921,0.9141372816278656,-0.02631098141505539
CX2_36,76.0,0.941155615009149,0.9154822403645982,-0.025673374644550773
CX2_36,77.0,0.9400488748550445,0.9174654298457251,-0.022583445009319414
CX2_36,78.0,0.9390245440880547,0.9174654298457251,-0.02155911424232959
CX2_36,79.0,0.9385341067069213,0.9174654298457251,-0.02106867686119618
CX2_36,80.0,0.9387158102424419,0.9174654298457251,-0.021250380396716784
CX2_36,81.0,0.9379303428679896,0.9155355129500388,-0.02239482991795083
CX2_36,82.0,0.9363642408037692,0.915453721258336,-0.020910519545433215
CX2_36,83.0,0.9357331880304771,0.9139846383243768,-0.021748549706100295
CX2_36,84.0,0.9348051935556703,0.9119674698391723,-0.02283772371649795
CX2_36,85.0,0.9338258350252953,0.9113722713956622,-0.022453563629633022
CX2_36,86.0,0.9329063855411771,0.9113441730517553,-0.021562212489421806
CX2_36,87.0,0.9331518831034646,0.9113441730517553,-0.02180771005170934
CX2_36,88.0,0.9319545650594774,0.9113441730517553,-0.020610392007722078
CX2_36,89.0,0.9311316219041715,0.910390365291061,-0.020741256613110548
CX2_36,90.0,0.9304470431814649,0.9093876320654494,-0.021059411116015503
CX2_36,91.0,0.9241419106976612,0.9088769863441298,-0.015264924353531328
CX2_36,92.0,0.9203573643614126,0.9066654604885862,-0.013691903872826372
CX2_36,93.0,0.9196066676387419,0.8924367753156343,-0.027169892323107625
CX2_36,94.0,0.9189384378958569,0.889900194514752,-0.029038243381104945
CX2_36,96.0,0.926298122872125,0.889900194514752,-0.03639792835737299
CX2_36,97.0,0.9276727258563524,0.8924367753156343,-0.03523595054071815
CX2_36,98.0,0.9291832997316923,0.8952959976363508,-0.03388730209534152
CX2_36,99.0,0.9334760662371896,0.9033787835984092,-0.03009728263878042
CX2_36,100.0,0.9338130761204368,0.9132640120310086,-0.02054906408942825
CX2_36,101.0,0.924799722107952,0.9132640120310086,-0.011535710076943428
CX2_36,102.0,0.9243654519775562,0.9132640120310086,-0.011101439946547553
CX2_36,103.0,0.9259557550927398,0.9061361439023244,-0.01981961119041531
CX2_36,104.0,0.9222776708230305,0.8972044466139067,-0.025073224209123723
CX2_36,105.0,0.9250565088101854,0.8972044466139067,-0.02785206219627867
CX2_36,106.0,0.9281112341568448,0.9061361439023244,-0.02197509025452038
CX2_36,107.0,0.9286533763634401,0.9078513330397346,-0.0208020433237055
CX2_36,108.0,0.9178075130276236,0.9078513330397346,-0.009956179987889002
CX2_36,109.0,0.9176544495756408,0.9078513330397346,-0.009803116535906153
CX2_36,110.0,0.9162354229480585,0.89238747781319,-0.02384794513486843
CX2_36,111.0,0.9136247359423795,0.8897481969076485,-0.02387653903473097
CX2_36,112.0,0.9194807619144105,0.8897481969076485,-0.029732565006762024
CX2_36,113.0,0.9225173013249913,0.89238747781319,-0.030129823511801268
CX2_36,114.0,0.9193341929423766,0.8847211223211153,-0.03461307062126129
CX2_36,115.0,0.9110237389384245,0.8847211223211153,-0.02630261661730915
CX2_36,116.0,0.9110607047825316,0.8847211223211153,-0.026339582461416322
CX2_36,117.0,0.9114850097817129,0.8847211223211153,-0.026763887460597546
CX2_36,118.0,0.9068544835430976,0.8829638593735557,-0.023890624169541907
CX2_36,119.0,0.9167187054628005,0.8829638593735557,-0.03375484608924484
CX2_36,120.0,0.9176722247926519,0.8887890795652716,-0.028883145227380225
CX2_36,121.0,0.9182749634931663,0.8973122108550188,-0.020962752638147508
CX2_36,122.0,0.9223306918913127,0.9000458979283441,-0.022284793962968563
CX2_36,123.0,0.9230341670134473,0.9014579449746699,-0.021576222038777404
CX2_36,124.0,0.9236290962703521,0.9060515975303379,-0.01757749874001413
CX2_36,125.0,0.9242881832219445,0.9064972661500081,-0.017790917071936363
CX2_36,126.0,0.9250920469260532,0.9064972661500081,-0.01859478077604504
CX2_36,127.0,0.9250228430208761,0.9064972661500081,-0.018525576870867977
CX2_36,128.0,0.9252562386092809,0.9062217401853581,-0.019034498423922797
CX2_36,129.0,0.9252904957697432,0.9059790785417907,-0.019311417227952488
CX2_36,130.0,0.925383730112994,0.9059790785417907,-0.019404651571203302
CX2_36,131.0,0.9255499113512059,0.9062217401853581,-0.01932817116584784
CX2_36,132.0,0.9254674286956832,0.9064252479828528,-0.01904218071283037
CX2_36,133.0,0.9254527776198113,0.9064252479828528,-0.019027529636958418
CX2_36,134.0,0.9255947274868848,0.9064252479828528,-0.019169479504031917
CX2_36,135.0,0.9128461085157629,0.906163904267989,-0.006682204247773882
CX2_36,136.0,0.9069315886132101,0.9057986025159965,-0.001132986097213573
CX2_36,137.0,0.9064708587169868,0.8802854545628462,-0.026185404154140612
CX2_36,138.0,0.9041450326506472,0.8789931966598653,-0.025151835990781857
CX2_36,139.0,0.9010858272545779,0.8705756852369319,-0.030510142017646014
CX2_36,140.0,0.9152267099700896,0.8789931966598653,-0.036233513310224286
CX2_36,141.0,0.9172386236585037,0.8802854545628462,-0.03695316909565749
CX2_36,142.0,0.9056960290936918,0.8705756852369319,-0.035120343856759995
CX2_36,143.0,0.9001878949647556,0.8645528996594213,-0.035634995305334316
CX2_36,144.0,0.9023227082130413,0.8715522645437082,-0.030770443669333125
CX2_36,145.0,0.9022462044334694,0.8652168970975787,-0.037029307335890715
CX2_36,146.0,0.9138417023356556,0.8652168970975787,-0.048624805238076996
CX2_36,147.0,0.9264573815084663,0.8715522645437082,-0.054905116964758194
CX2_36,148.0,0.9302515199305037,0.8810183338926783,-0.04923318603782545
CX2_36,149.0,0.9204398299511295,0.8810183338926783,-0.039421496058451244
CX2_36,150.0,0.9128024952372876,0.8889792883583418,-0.02382320687894579
CX2_36,151.0,0.9139752173257669,0.8936375201815516,-0.020337697144215294
CX2_36,152.0,0.912632862444783,0.8919584415859623,-0.020674420858820763
CX2_36,153.0,0.9078368206090209,0.8889792883583418,-0.0188575322506791
CX2_36,154.0,0.9184948583015,0.8919584415859623,-0.026536416715537747
CX2_36,155.0,0.9204714469538535,0.8936375201815516,-0.026833926772301897
CX2_36,156.0,0.9111944091939547,0.8919584415859623,-0.0192359676079924
CX2_36,157.0,0.9042532698791467,0.8721812360693024,-0.03207203380984425
CX2_36,158.0,0.9047519213332142,0.8721812360693024,-0.032570685263911825
CX2_36,159.0,0.9032557877869406,0.8700697462046214,-0.03318604158231919
CX2_36,160.0,0.9011434400836613,0.8700697462046214,-0.03107369387903991
CX2_36,161.0,0.9119063749405865,0.8703320636598312,-0.04157431128075528
CX2_36,162.0,0.9137554801267487,0.8703320636598312,-0.0434234164669175
CX2_36,163.0,0.9140549703564612,0.8946417294888336,-0.019413240867627635
CX2_36,164.0,0.9143418880754458,0.8960910434898423,-0.018250844585603554
CX2_36,165.0,0.914398211078826,0.8960910434898423,-0.018307167588983764
CX2_36,166.0,0.9159336938422958,0.8960910434898423,-0.019842650352453584
CX2_36,167.0,0.9158745769525941,0.8958479518854504,-0.0200266250671437
CX2_36,168.0,0.9164975064545937,0.8960910434898423,-0.02040646296475146
CX2_36,169.0,0.9158133209680637,0.8967865001737806,-0.019026820794283084
CX2_36,170.0,0.9157227167475208,0.8968675494285918,-0.018855167318929
CX2_36,171.0,0.9154496230166228,0.8968675494285918,-0.01858207358803099
CX2_36,172.0,0.915452951481197,0.8968675494285918,-0.01858540205260517
CX2_36,173.0,0.9153892710160051,0.8967865001737806,-0.018602770842224503
CX2_36,174.0,0.9155709836791347,0.8968614048180699,-0.018709578861064835
CX2_36,175.0,0.9167117380225898,0.8968614048180699,-0.0198503332045199
CX2_36,176.0,0.9171222201888616,0.8964550025295811,-0.02066721765928048
CX2_36,177.0,0.9048051583727456,0.8961472759437608,-0.008657882428984798
CX2_36,178.0,0.8984211438409346,0.8961472759437608,-0.0022738678971738757
CX2_36,179.0,0.8976927830712149,0.8712365766355152,-0.02645620643569968
CX2_36,180.0,0.8966494282279357,0.8710582539121271,-0.025591174315808596
CX2_36,181.0,0.8936527870906077,0.869773394446131,-0.023879392644476694
CX2_36,182.0,0.9055651129295774,0.8710582539121271,-0.03450685901745032
CX2_36,183.0,0.9078306663570362,0.8712365766355152,-0.036594089721521006
CX2_36,184.0,0.8968421313684057,0.8675558175920403,-0.02928631377636548
CX2_36,185.0,0.8911298395584855,0.8620280270179377,-0.029101812540547778
CX2_36,186.0,0.8922775006510085,0.8621423844187825,-0.030135116232225978
CX2_36,187.0,0.8916985544972172,0.8621423844187825,-0.029556170078434696
CX2_36,188.0,0.8895289030089708,0.8570983483552613,-0.032430554653709476
CX2_36,189.0,0.9000336670624708,0.8621423844187825,-0.03789128264368824
CX2_36,190.0,0.9032323544920742,0.8625654446667076,-0.04066690982536658
CX2_36,191.0,0.8939044361103414,0.8625654446667076,-0.031338991443633835
CX2_36,192.0,0.8880676607850371,0.8576348431270026,-0.030432817658034517
CX2_36,193.0,0.8913405600659591,0.8711087638000942,-0.02023179626586491
CX2_36,194.0,0.8895977231305019,0.8585535736516599,-0.031044149478842042
CX2_36,195.0,0.8883348257924059,0.8585535736516599,-0.029781252140746006
CX2_36,196.0,0.9035213358694151,0.8598334178865665,-0.043687917982848545
CX2_36,197.0,0.9150847085310819,0.8711087638000942,-0.04397594473098776
CX2_36,198.0,0.918628524379038,0.879308920742949,-0.039319603636088996
CX2_36,199.0,0.9094775651628172,0.879308920742949,-0.030168644419868218
CX2_36,200.0,0.9019073411781693,0.880014115236424,-0.021893225941745253
CX2_36,201.0,0.9043264848814064,0.8833482862333468,-0.02097819864805961
CX2_36,202.0,0.9136746194958374,0.8833482862333468,-0.030326333262490568
CX2_36,203.0,0.9155467732075325,0.8833482862333468,-0.0321984869741857
CX2_36,204.0,0.9153631574674648,0.8938391654162431,-0.021523992051221685
CX2_36,205.0,0.9153272251775123,0.8939247441873099,-0.021402480990202366
CX2_36,206.0,0.9151062516106805,0.8944325267892359,-0.020673724821444583
CX2_36,207.0,0.9148455315056733,0.8939247441873099,-0.020920787318363332
CX2_36,208.0,0.9148609794333253,0.8939247441873099,-0.0209362352460154
CX2_36,209.0,0.9147263123751342,0.8939247441873099,-0.020801568187824304
CX2_36,210.0,0.9148294207041452,0.8941741995948478,-0.020655221109297406
CX2_36,211.0,0.9147945616622536,0.8941741995948478,-0.020620362067405806
CX2_36,212.0,0.9144406945048266,0.895104622709847,-0.019336071794979537
CX2_36,213.0,0.9142201959288314,0.895104622709847,-0.019115573218984383
CX2_36,214.0,0.9139806553156656,0.895104622709847,-0.018876032605818605
CX2_36,215.0,0.9137512259524969,0.8946523095562725,-0.019098916396224408
CX2_36,216.0,0.9139099824029328,0.8946523095562725,-0.019257672846660245
CX2_36,217.0,0.9131694100378246,0.8939482824403553,-0.0192211275974693
CX2_36,218.0,0.9128204062377726,0.8937854597614739,-0.019034946476298664
CX2_36,219.0,0.9124485317568708,0.8934237552996558,-0.01902477645721501
CX2_36,220.0,0.90320383104491,0.8932343004907277,-0.00996953055418226
CX2_36,221.0,0.895883011031516,0.8919439603366107,-0.0039390506949052995
CX2_36,222.0,0.8962602889931864,0.8725445153501886,-0.023715773642997817
CX2_36,223.0,0.8920079403062448,0.8722140098558809,-0.019793930450363817
CX2_36,224.0,0.8900185332318079,0.8617404516044137,-0.028278081627394203
CX2_36,225.0,0.9004991135584881,0.8722140098558809,-0.028285103702607173
CX2_36,226.0,0.902986653464659,0.8722140098558809,-0.030772643608778072
CX2_36,227.0,0.8977766572420903,0.8617404516044137,-0.03603620563767662
CX2_36,228.0,0.8883684571799385,0.8624308163417017,-0.025937640838236797
CX2_36,229.0,0.8892793898093572,0.8712095886092378,-0.018069801200119362
CX2_36,230.0,0.8900543798612446,0.8712095886092378,-0.018844791252006776
CX2_36,231.0,0.8848946608646245,0.8624308163417017,-0.022463844522922827
CX2_36,233.0,0.8980497323530491,0.8712095886092378,-0.026840143743811273
CX2_36,234.0,0.8993332034331397,0.8726917917706017,-0.026641411662537973
CX2_36,235.0,0.884315284404837,0.8566537106863539,-0.0276615737184831
CX2_36,236.0,0.883186462624395,0.8556822120578272,-0.0275042505665678
CX2_36,237.0,0.8830176741404745,0.8556822120578272,-0.027335462082647255
CX2_36,238.0,0.881799369035084,0.8556822120578272,-0.026117156977256806
CX2_36,239.0,0.8817952777013427,0.8546786829551827,-0.027116594746160017
CX2_36,240.0,0.8910210223399667,0.8556822120578272,-0.03533881028213948
CX2_36,241.0,0.8927306145578737,0.8650954565821795,-0.02763515797569427
CX2_36,242.0,0.8808076134363162,0.8650954565821795,-0.01571215685413674
CX2_36,243.0,0.8789229208671305,0.8535351283994389,-0.025387792467691628
CX2_36,244.0,0.8813338211310627,0.8644389188188701,-0.016894902312192595
CX2_36,245.0,0.8794882187468229,0.8535351283994389,-0.025953090347384022
CX2_36,246.0,0.8881283159739484,0.8535351283994389,-0.034593187574509465
CX2_36,247.0,0.892094860713277,0.8601175878546093,-0.031977272858667694
CX2_36,249.0,0.8868050462059412,0.8601175878546093,-0.026687458351331905
CX2_36,250.0,0.895855652640902,0.8601175878546093,-0.0357380647862926
CX2_36,251.0,0.9034450836613339,0.8743749840615733,-0.02907009959976059
CX2_36,252.0,0.9043062539941555,0.8840115256739938,-0.02029472832016177
CX2_36,253.0,0.8883143899987399,0.8840115256739938,-0.004302864324746136
CX2_36,254.0,0.8879823342282032,0.8840115256739938,-0.003970808554209393
CX2_36,255.0,0.8853816744208529,0.8529270226262422,-0.03245465179461071
CX2_36,257.0,0.8941148467349184,0.8529270226262422,-0.04118782410867616
CX2_36,258.0,0.8829829883361635,0.8492719074700222,-0.033711080866141274
CX2_36,259.0,0.8826182261028908,0.8492719074700222,-0.03334631863286852
CX2_36,260.0,0.8907087156742599,0.8492719074700222,-0.041436808204237674
CX2_36,261.0,0.8964161784085697,0.8671225961765263,-0.02929358223204337
CX2_36,262.0,0.8974816813367241,0.8790872384947388,-0.018394442841985326
CX2_36,263.0,0.8790680759514471,0.8790872384947388,1.9162543291706413e-05
CX2_36,264.0,0.879586737952235,0.8790872384947388,-0.0004994994574961664
CX2_36,265.0,0.8769332708076978,0.8508943692994544,-0.026038901508243395
CX2_36,266.0,0.878136939483181,0.8486564509713749,-0.02948048851180607
CX2_36,267.0,0.8808809714780833,0.8486564509713749,-0.03222452050670843
CX2_36,268.0,0.8863580511406457,0.8508943692994544,-0.03546368184119131
CX2_36,269.0,0.8876476904123457,0.866450837265845,-0.02119685314650066
CX2_36,271.0,0.8716166137262245,0.866450837265845,-0.005165776460379412
CX2_36,272.0,0.8714737206518987,0.8362434195983212,-0.035230301053577495
CX2_36,273.0,0.8697907465936312,0.8356829207381957,-0.03410782585543548
CX2_36,274.0,0.867782239014681,0.8320056075470177,-0.0357766314676633
CX2_36,275.0,0.8795922130278376,0.8356829207381957,-0.04390929228964191
CX2_36,276.0,0.8807069263934395,0.8356829207381957,-0.04502400565524378
CX2_36,277.0,0.8816860889379265,0.8575160326670915,-0.024170056270835016
CX2_36,278.0,0.8822586109168469,0.8587606875296911,-0.023497923387155728
CX2_36,279.0,0.8826128012053635,0.8592488071859437,-0.023363994019419798
CX2_36,280.0,0.8829476434058738,0.8598889792877353,-0.023058664118138505
CX2_36,281.0,0.8843399537513836,0.8611435277070127,-0.023196426044370888
CX2_36,282.0,0.8837300014208047,0.8626812269668173,-0.02104877445398745
CX2_36,284.0,0.8836500063141671,0.8629180227559455,-0.02073198355822159
CX2_36,285.0,0.8841022342459117,0.8633498206016861,-0.020752413644225642
CX2_36,286.0,0.8846941530826937,0.8633498206016861,-0.021344332481007644
CX2_36,287.0,0.8842732611889172,0.8640890175442493,-0.020184243644667976
CX2_36,288.0,0.8846336807032118,0.8648559905377462,-0.0197776901654656
CX2_36,289.0,0.8858790460001917,0.8652754921266522,-0.020603553873539515
CX2_36,290.0,0.8856174194536907,0.8652754921266522,-0.020341927327038434
CX2_36,291.0,0.8851387911951397,0.8651776459472995,-0.019961145247840206
CX2_36,292.0,0.8659536537423124,0.8651776459472995,-0.0007760077950128563
CX2_36,293.0,0.8657407203229525,0.8651205036126768,-0.0006202167102756784
CX2_36,294.0,0.8672872106388801,0.8447814963582735,-0.02250571428060666
CX2_36,295.0,0.8635995511862339,0.8394782196901477,-0.024121331496086196
CX2_36,296.0,0.8671439906999671,0.8394782196901477,-0.027665771009819373
CX2_36,297.0,0.875824474603759,0.841785876793828,-0.034038597809931015
CX2_36,298.0,0.8775428728980826,0.841785876793828,-0.035756996104254646
CX2_36,299.0,0.8619060943358787,0.841785876793828,-0.020120217542050733
CX2_36,300.0,0.8609227478760655,0.841785876793828,-0.019136871082237494
CX2_36,301.0,0.8624659568647595,0.8317218473523401,-0.03074410951241935
CX2_36,302.0,0.8623596246827296,0.8317218473523401,-0.030637777330389526
CX2_36,303.0,0.8571179088371386,0.8273609382457189,-0.029756970591419685
CX2_36,304.0,0.8697312900329984,0.8317218473523401,-0.03800944268065831
CX2_36,305.0,0.8713089545920448,0.8361881238370396,-0.03512083075500527
CX2_36,306.0,0.8594445139022517,0.8361881238370396,-0.023256390065212185
CX2_36,307.0,0.8676247158203094,0.8336826505106425,-0.033942065309666924
CX2_36,308.0,0.8688487943257246,0.8336826505106425,-0.035166143815082096
CX2_36,309.0,0.8787135933822952,0.8336826505106425,-0.04503094287165266
CX2_36,310.0,0.8817542000814954,0.8336826505106425,-0.04807154957085291
CX2_36,311.0,0.8769437772290567,0.8381046405456923,-0.03883913668336436
CX2_36,313.0,0.8670431083433466,0.8381046405456923,-0.0289384677976543
CX2_36,314.0,0.8660698693482121,0.8374658926605176,-0.028603976687694432
CX2_36,315.0,0.8642692484045144,0.8307514966107001,-0.03351775179381422
CX2_36,316.0,0.864791074018694,0.8241638044299667,-0.04062726958872731
CX2_36,317.0,0.8724787873778734,0.8307514966107001,-0.0417272907671733
CX2_36,318.0,0.8737092206532171,0.8307514966107001,-0.042957724042516965
CX2_36,319.0,0.8746627294636685,0.8496889463668775,-0.02497378309679099
CX2_36,320.0,0.8751629602311192,0.8500103691992507,-0.02515259103186851
CX2_36,321.0,0.8763653088013486,0.8515976858883797,-0.024767622912968856
CX2_36,322.0,0.8766501724770546,0.8528280535912618,-0.023822118885792776
CX2_36,323.0,0.8752156725407669,0.8528280535912618,-0.02238761894950514
CX2_36,324.0,0.8750886199029483,0.8528280535912618,-0.02226056631168649
CX2_36,325.0,0.8747742770409301,0.8526419411108715,-0.02213233593005859
CX2_36,326.0,0.8744079868429816,0.8524858176367083,-0.021922169206273323
CX2_36,327.0,0.8741134018853566,0.8524858176367083,-0.0216275842486483
CX2_36,328.0,0.8741220720793196,0.8526419411108715,-0.02148013096844803
CX2_36,329.0,0.8740989049636804,0.8526757801247006,-0.02142312483897979
CX2_36,330.0,0.8741737901544455,0.8526764871693758,-0.02149730298506969
CX2_36,331.0,0.8740320374736417,0.8527396000919971,-0.021292437381644547
CX2_36,332.0,0.873777846289581,0.8535793637854088,-0.02019848250417222
CX2_36,333.0,0.8642698242699318,0.8535793637854088,-0.010690460484523046
CX2_36,334.0,0.8563449785577525,0.8527396000919971,-0.003605378465755371
CX2_36,335.0,0.8552427124087656,0.8224214078868539,-0.032821304521911676
CX2_36,336.0,0.8534983616951876,0.8205181767086982,-0.03298018498648936
CX2_36,337.0,0.8510007957034468,0.8195318075632662,-0.03146898814018062
CX2_36,338.0,0.8617001061709699,0.8195318075632662,-0.04216829860770377
CX2_36,339.0,0.8651704656713688,0.8195318075632662,-0.04563865810810264
CX2_36,340.0,0.8623934214755309,0.8324661146876235,-0.029927306787907337
CX2_36,341.0,0.8516318824356809,0.8324661146876235,-0.01916576774805734
CX2_36,342.0,0.8512345845566297,0.8324661146876235,-0.018768469869006155
CX2_36,343.0,0.8488399406875281,0.8168802633513992,-0.03195967733612892
CX2_36,344.0,0.8493807732669888,0.8150037526550797,-0.03437702061190906
CX2_36,345.0,0.8547537464363856,0.8150037526550797,-0.03974999378130584
CX2_36,346.0,0.8602240644452512,0.8150037526550797,-0.0452203117901715
CX2_36,347.0,0.8636248679246907,0.8366725934787376,-0.02695227444595316
CX2_36,348.0,0.8478508391626587,0.8366725934787376,-0.011178245683921118
CX2_36,350.0,0.8461504854840094,0.8028983629911519,-0.04325212249285748
CX2_36,351.0,0.844974523927688,0.8028983629911519,-0.0420761609365361
CX2_36,352.0,0.8450191134966645,0.8021108916312687,-0.04290822186539578
CX2_36,353.0,0.8562662808273329,0.8021108916312687,-0.05415538919606422
CX2_36,354.0,0.8587929145636058,0.8044823942370801,-0.054310520326525724
CX2_36,355.0,0.8508940184759548,0.8044823942370801,-0.04641162423887468
CX2_36,356.0,0.8437382712260969,0.8017545442678964,-0.04198372695820052
CX2_36,357.0,0.8472508603506613,0.8072306194598039,-0.04002024089085743
CX2_36,358.0,0.8464883500989009,0.8061646437716878,-0.04032370632721305
CX2_36,360.0,0.8534563235369551,0.8061646437716878,-0.04729167976526727
CX2_36,361.0,0.8563782805193477,0.8072306194598039,-0.049147661059543823
CX2_36,362.0,0.8497522114099746,0.8061646437716878,-0.04358756763828675
CX2_36,363.0,0.8421034436137887,0.7965980420721639,-0.04550540154162486
CX2_36,364.0,0.8430201092564915,0.8027192238493219,-0.040300885407169584
CX2_36,365.0,0.8420577243844679,0.8005218674762469,-0.041535856908221036
CX2_36,366.0,0.8411069677244488,0.7965980420721639,-0.044508925652284925
CX2_36,367.0,0.8496879032782744,0.8005218674762469,-0.0491660358020275
CX2_36,368.0,0.8525050765668669,0.8027192238493219,-0.04978585271754499
CX2_36,369.0,0.8544792266034623,0.8299476646989145,-0.02453156190454786
CX2_36,370.0,0.855270586593509,0.8318306910833387,-0.023439895510170228
CX2_36,371.0,0.8560391661790115,0.8349261576431338,-0.02111300853587772
CX2_36,372.0,0.857661764737774,0.8355249155923503,-0.022136849145423687
CX2_36,373.0,0.8576355373692922,0.8362274809879608,-0.021408056381331364
CX2_36,374.0,0.8582488847577048,0.8362274809879608,-0.02202140376974393
CX2_36,375.0,0.8588198878933622,0.8372065710837148,-0.021613316809647398
CX2_36,376.0,0.8590572143594928,0.8380726974094326,-0.020984516950060206
CX2_36,377.0,0.8593780123301903,0.8380726974094326,-0.021305314920757712
CX2_36,378.0,0.8594724948521808,0.8381656095721125,-0.0213068852800683
CX2_36,379.0,0.8599648038112657,0.8383800150266177,-0.02158478878464798
CX2_36,380.0,0.8602702409825191,0.8387583707349492,-0.021511870247569953
CX2_36,381.0,0.8609028789745122,0.8397032068453022,-0.021199672129210034
CX2_36,382.0,0.8608685337574962,0.8403065508323889,-0.020561982925107247
CX2_36,383.0,0.8611749042610627,0.8407824815864784,-0.0203924226745843
CX2_36,384.0,0.8463093147784492,0.8407824815864784,-0.005526833191970781
CX2_36,385.0,0.841816213734823,0.8407824815864784,-0.0010337321483445683
CX2_36,386.0,0.8404097359928602,0.8045412022967541,-0.0358685336961061
CX2_36,387.0,0.8399510475233964,0.8014323257829553,-0.03851872174044113
CX2_36,388.0,0.8379342590585028,0.7962686049806315,-0.04166565407787137
CX2_36,389.0,0.8494610275977917,0.7962686049806315,-0.053192422617160284
CX2_36,390.0,0.853467489397428,0.7962686049806315,-0.05719888441679655
CX2_36,391.0,0.8486633706785002,0.8056457198966964,-0.04301765078180375
CX2_36,392.0,0.8376839131924997,0.8056457198966964,-0.03203819329580326
CX2_36,393.0,0.8405248972658156,0.8098278759553476,-0.03069702131046803
CX2_36,394.0,0.839822084569235,0.8056457198966964,-0.034176364672538595
CX2_36,395.0,0.839624009310278,0.8049185179427862,-0.03470549136749179
CX2_36,396.0,0.8445615943303417,0.8049185179427862,-0.03964307638755549
CX2_36,397.0,0.8501094944813312,0.8098278759553476,-0.040281618525983665
CX2_36,398.0,0.8521161839200337,0.8282486392755332,-0.023867544644500582
CX2_36,399.0,0.8413294633278351,0.8282486392755332,-0.013080824052301931
CX2_36,400.0,0.840731883547956,0.8282486392755332,-0.012483244272422866
CX2_36,401.0,0.8396244113137005,0.8129261593540913,-0.026698251959609176
CX2_36,402.0,0.8374682371626738,0.8075586483712027,-0.029909588791471098
CX2_36,403.0,0.8361316559002581,0.8044174990716092,-0.031714156828648865
CX2_36,404.0,0.8507385465675859,0.8044174990716092,-0.04632104749597665
CX2_36,405.0,0.8506951510783993,0.8044174990716092,-0.046277652006790126
CX2_36,406.0,0.8395796375283698,0.7995048769565968,-0.04007476057177306
CX2_36,407.0,0.8392425274577316,0.7995048769565968,-0.03973765050113487
CX2_36,408.0,0.8454829515696544,0.8280127002191594,-0.01747025135049496
CX2_36,409.0,0.8388680860060292,0.7995048769565968,-0.03936320904943247
CX2_36,411.0,0.8344126429984111,0.7917880249912367,-0.04262461800717443
CX2_36,412.0,0.835109481543777,0.7868149612767221,-0.04829452026705483
CX2_36,413.0,0.8356053605984674,0.7868149612767221,-0.048790399321745226
CX2_36,414.0,0.8345976657220101,0.7868149612767221,-0.04778270444528798
CX2_36,415.0,0.8319099896049013,0.7868149612767221,-0.04509502832817913
CX2_36,416.0,0.8423476414884767,0.7888639558809742,-0.053483685607502496
CX2_36,417.0,0.8461805613521087,0.7897494841941849,-0.05643107715792384
CX2_36,418.0,0.8482183993499129,0.8164506307497699,-0.031767768600143076
CX2_36,419.0,0.8483345972989289,0.8232169962364158,-0.02511760106251315
CX2_36,420.0,0.8482630622014783,0.826065433928857,-0.022197628272621284
CX2_36,421.0,0.8481060951077136,0.826065433928857,-0.022040661178856613
CX2_36,422.0,0.8491142953362393,0.8279468779447452,-0.02116741739149408
CX2_36,424.0,0.8430833831129091,0.826065433928857,-0.017017949184052084
CX2_36,425.0,0.8500662351098156,0.826065433928857,-0.024000801180958597
CX2_36,426.0,0.8531887858746648,0.8284242746910556,-0.024764511183609228
CX2_36,427.0,0.8548423125965293,0.8289650395161945,-0.02587727308033483
CX2_36,428.0,0.8458355973592059,0.8289650395161945,-0.01687055784301139
CX2_36,429.0,0.8469594498804441,0.8289650395161945,-0.017994410364249647
CX2_36,430.0,0.8475845820927352,0.8112198888834712,-0.036364693209264054
CX2_36,431.0,0.8500054926899034,0.8112198888834712,-0.038785603806432256
CX2_36,432.0,0.849229997080668,0.8112198888834712,-0.03801010819719686
CX2_36,433.0,0.8562858592128954,0.8166559054013076,-0.03962995381158774
CX2_36,434.0,0.8566336666406362,0.8203863443031815,-0.03624732233745476
CX2_36,435.0,0.8478679981402,0.8203863443031815,-0.027481653837018505
CX2_36,436.0,0.8442433999395825,0.8166559054013076,-0.027587494538274915
CX2_36,438.0,0.8459107381786304,0.8093029960637858,-0.03660774211484463
CX2_36,439.0,0.8457642831275702,0.8090255794413057,-0.03673870368626453
CX2_36,440.0,0.8512927327884922,0.8090255794413057,-0.04226715334718645
CX2_36,441.0,0.8536186175052232,0.8093029960637858,-0.044315621441437414
CX2_36,442.0,0.8542305472865628,0.8332913713458365,-0.02093917594072625
CX2_36,443.0,0.8434710382857927,0.8332913713458365,-0.0101796669399562
CX2_36,444.0,0.8442710648312293,0.8332913713458365,-0.010979693485392739
CX2_36,445.0,0.8430035675880994,0.8152293903928813,-0.02777417719521802
CX2_36,446.0,0.8426506571879558,0.8097321701308449,-0.03291848705711098
CX2_36,447.0,0.8410750348970158,0.8093766016545576,-0.031698433242458246
CX2_36,448.0,0.8507830941451352,0.8093766016545576,-0.041406492490577596
CX2_36,449.0,0.8517526215771618,0.8093766016545576,-0.0423760199226042
CX2_36,450.0,0.8419997635310272,0.8093766016545576,-0.03262316187646963
CX2_36,451.0,0.840919815443205,0.8090506004939811,-0.0318692149492239
CX2_36,452.0,0.8413213082191153,0.8091418529065619,-0.032179455312553396
CX2_36,453.0,0.8424726433198676,0.8091418529065619,-0.033330790413305666
CX2_36,454.0,0.8413522792670904,0.8091418529065619,-0.03221042636052851
CX2_36,455.0,0.8486844297838384,0.809871450060767,-0.038812979723071406
CX2_36,456.0,0.8502677035560022,0.8117695017232935,-0.03849820183270869
CX2_36,457.0,0.8509653418900072,0.8290932164332873,-0.021872125456719904
CX2_36,458.0,0.8519531401799544,0.8309782141265035,-0.02097492605345086
CX2_36,459.0,0.8523924441402487,0.8311623085759517,-0.02123013556429698
CX2_36,460.0,0.853616671372723,0.8320976954255815,-0.021518975947141472
CX2_36,461.0,0.8549219785532501,0.8351554972050349,-0.019766481348215237
CX2_36,462.0,0.8558837385145671,0.8365517414128965,-0.01933199710167066
CX2_36,463.0,0.8563583336307424,0.8375240772980787,-0.01883425633266378
CX2_36,464.0,0.8564718028596575,0.8388523656295859,-0.017619437230071644
CX2_36,465.0,0.856385292536811,0.8388523656295859,-0.017532926907225077
CX2_36,466.0,0.8568645773888829,0.8408023909360044,-0.01606218645287849
CX2_36,467.0,0.8566834474445232,0.8408270092616803,-0.01585643818284288
CX2_36,468.0,0.8569318529574532,0.8408270092616803,-0.01610484369577292
CX2_36,469.0,0.8568162545926035,0.8408170264978219,-0.015999228094781603
CX2_36,470.0,0.8572351746869852,0.8408023909360044,-0.016432783750980784
CX2_36,471.0,0.8570690488294144,0.8408170264978219,-0.01625202233159251
CX2_36,472.0,0.8427382901851354,0.8406987645338698,-0.002039525651265528
CX2_36,473.0,0.839402960721572,0.8404249680102905,0.001022007288718596
CX2_36,475.0,0.8442581565739834,0.8141335689909897,-0.030124587582993745
CX2_36,476.0,0.8470555987623333,0.8141335689909897,-0.03292202977134362
CX2_36,477.0,0.8520321248025747,0.8142577064885799,-0.03777441831399486
CX2_36,478.0,0.8528139399388566,0.8335638400037522,-0.019250099935104403
CX2_36,479.0,0.8417956200489994,0.8335638400037522,-0.008231780045247272
CX2_36,480.0,0.8415476889248766,0.8335638400037522,-0.00798384892112447
CX2_36,481.0,0.8432729200692171,0.8151924594395565,-0.02808046062966052
CX2_36,482.0,0.8422831094924128,0.812531795981602,-0.02975131351081084
CX2_36,483.0,0.8398852278266896,0.8116646411181461,-0.02822058670854355
CX2_36,484.0,0.8486279870805872,0.812531795981602,-0.03609619109898521
CX2_36,485.0,0.8500037113274779,0.8151924594395565,-0.034811251887921335
CX2_36,486.0,0.8423264969201795,0.8110216398857445,-0.031304857034434974
CX2_36,487.0,0.8384797192679196,0.8110216398857445,-0.02745807938217515
CX2_36,488.0,0.8413579410429928,0.8110216398857445,-0.03033630115724828
CX2_36,489.0,0.8411025919441624,0.8110216398857445,-0.030080952058417876
CX2_36,490.0,0.8395484709682726,0.8109760758622283,-0.028572395106044257
CX2_36,491.0,0.8456419183395116,0.8109760758622283,-0.034665842477283326
CX2_36,492.0,0.8481669747344391,0.8130611147858615,-0.03510585994857762
CX2_36,493.0,0.8488087116469214,0.8281441537919924,-0.020664557854929044
CX2_36,494.0,0.8373272808382547,0.8281441537919924,-0.00918312704626234
CX2_36,495.0,0.8387849296014952,0.8281441537919924,-0.010640775809502845
CX2_36,496.0,0.8375275831402458,0.81249967736452,-0.02502790577572578
CX2_36,497.0,0.8374253299670221,0.8091983745993314,-0.02822695536769071
CX2_36,498.0,0.839265207013469,0.8091983745993314,-0.030066832414137545
CX2_36,499.0,0.8458706286398001,0.81249967736452,-0.033370951275280114
CX2_36,500.0,0.8476577743351745,0.8230687435593796,-0.024589030775794884
CX2_36,501.0,0.8356981258620199,0.8230687435593796,-0.012629382302640213
CX2_36,502.0,0.8350300860855604,0.8230687435593796,-0.011961342526180752
CX2_36,503.0,0.8350270147942388,0.809662064205112,-0.0253649505891268
CX2_36,504.0,0.8359206964889,0.8071395245917741,-0.028781171897125923
CX2_36,505.0,0.8346225434940716,0.8062879580808991,-0.028334585413172464
CX2_36,506.0,0.8429357968521044,0.8071395245917741,-0.03579627226033033
CX2_36,507.0,0.8450024167803514,0.8071395245917741,-0.0378628921885773
CX2_36,508.0,0.8451519388264346,0.8253116760721221,-0.0198402627543125
CX2_36,509.0,0.8455676862663744,0.8257570535605003,-0.01981063270587402
CX2_36,510.0,0.8458487689960607,0.8263656267070484,-0.019483142289012267
CX2_36,511.0,0.8468466143280646,0.8268169437426792,-0.020029670585385406
CX2_36,512.0,0.8483321264456567,0.8269237724611737,-0.02140835398448304
CX2_36,513.0,0.8473468592620201,0.8289449739169606,-0.018401885345059488
CX2_36,514.0,0.847373443843225,0.8289473475879493,-0.018426096255275692
CX2_36,515.0,0.8470783420900864,0.8289473475879493,-0.018130994502137066
CX2_36,516.0,0.8469625626223085,0.8289473475879493,-0.01801521503435921
CX2_36,517.0,0.8469919417608638,0.8288553477364682,-0.018136594024395603
CX2_36,518.0,0.8471168510592448,0.8288553477364682,-0.01826150332277665
CX2_36,519.0,0.8473414421598132,0.8288553477364682,-0.018486094423345034
CX2_36,520.0,0.8473418564840293,0.8295776878450445,-0.01776416863898478
CX2_36,521.0,0.8474374697340786,0.829649916427238,-0.017787553306840675
CX2_36,522.0,0.8471612079817946,0.829649916427238,-0.017511291554556663
CX2_36,523.0,0.835900082020805,0.8295776878450445,-0.006322394175760526
CX2_36,525.0,0.8395159960141201,0.8141585753597825,-0.025357420654337548
CX2_36,526.0,0.8427757886275254,0.8141585753597825,-0.028617213267742914
CX2_36,527.0,0.8473336887452333,0.8141585753597825,-0.03317511338545076
CX2_36,528.0,0.8478342326953753,0.8295282944459518,-0.018305938249423503
CX2_36,529.0,0.8373869662684565,0.8295282944459518,-0.00785867182250477
CX2_36,530.0,0.836470816821303,0.8295282944459518,-0.006942522375351201
CX2_36,531.0,0.834954563878043,0.8115242060939438,-0.023430357784099187
CX2_36,532.0,0.8352632211480342,0.8085553852864891,-0.026707835861545126
CX2_36,533.0,0.8337418886707404,0.8051369746286515,-0.02860491404208887
CX2_36,534.0,0.8433170019540799,0.8051369746286515,-0.038180027325428356
CX2_36,535.0,0.8446504572291569,0.8051369746286515,-0.039513482600505356
CX2_36,536.0,0.8375378007315716,0.8078967122541494,-0.029641088477422195
CX2_36,537.0,0.833482759603923,0.8078967122541494,-0.025586047349773655
CX2_36,538.0,0.8338617187120501,0.8078967122541494,-0.025965006457900675
CX2_36,539.0,0.8339151142886724,0.8057371566262145,-0.028177957662457898
CX2_36,540.0,0.8317495479596909,0.8045492874294069,-0.027200260530284015
CX2_36,541.0,0.8393369490847103,0.8045492874294069,-0.03478766165530345
CX2_36,542.0,0.8421957869146638,0.8057371566262145,-0.03645863028844931
CX2_36,543.0,0.842840622620181,0.8235415905304968,-0.019299032089684198
CX2_36,544.0,0.8295629231429299,0.8235415905304968,-0.006021332612433095
CX2_36,545.0,0.8302763268227645,0.8235415905304968,-0.006734736292267729
CX2_36,546.0,0.8314097909632321,0.8052597388497775,-0.02615005211345456
CX2_36,547.0,0.822184723735252,0.8034116263487128,-0.018773097386539206
CX2_36,548.0,0.8205734699214082,0.7976725122053757,-0.02290095771603251
CX2_36,549.0,0.8335897416524369,0.8034116263487128,-0.030178115303724162
CX2_36,550.0,0.8356044169039353,0.8052597388497775,-0.030344678054157748
CX2_36,551.0,0.819572909023567,0.785814082896776,-0.03375882612679104
CX2_36,552.0,0.8139376337095773,0.7830471465384815,-0.03089048717109577
CX2_36,553.0,0.8161626751079418,0.7790035009764745,-0.0371591741314673
CX2_36,554.0,0.811934301059083,0.7770683714903505,-0.03486592956873258
CX2_36,555.0,0.8092048896948979,0.7723130140633181,-0.03689187563157981
CX2_36,556.0,0.8243499594796255,0.7723130140633181,-0.052036945416307434
CX2_36,557.0,0.8291082100387477,0.7770683714903505,-0.05203983854839722
CX2_36,558.0,0.8308921063984227,0.8036183360119299,-0.027273770386492813
CX2_36,559.0,0.8319444290617934,0.8100586083500404,-0.021885820711753046
CX2_36,560.0,0.8325627651750915,0.811984657383291,-0.02057810779180058
CX2_36,561.0,0.8354849189106114,0.812749175959555,-0.022735742951056404
CX2_36,562.0,0.8359146459259006,0.8133248173342831,-0.02258982859161751
CX2_36,564.0,0.8353711346497668,0.8144763508789754,-0.020894783770791348
CX2_36,565.0,0.8352303107127786,0.8161977978016,-0.01903251291117869
CX2_36,567.0,0.8345276259155605,0.8144763508789754,-0.020051275036585103
CX2_36,568.0,0.8344441601140801,0.8150875161092737,-0.01935664400480641
CX2_36,569.0,0.834658913721771,0.8161977978016,-0.01846111592017108
CX2_36,570.0,0.8349322318928876,0.8156561925431436,-0.01927603934974398
CX2_36,571.0,0.8351874814593789,0.8158718532246639,-0.019315628234715
CX2_36,572.0,0.8352273582539853,0.8157310356938734,-0.01949632256011191
CX2_36,573.0,0.8354210125184944,0.8157781449158621,-0.01964286760263234
CX2_36,574.0,0.8162011109467133,0.8157310356938734,-0.0004700752528399299
CX2_36,575.0,0.8150381687932604,0.8157310356938734,0.0006928669006129873
CX2_36,576.0,0.8300573996168041,0.8092426277405983,-0.02081477187620584
CX2_36,577.0,0.8336896848158288,0.8092426277405983,-0.02444705707523054
CX2_36,578.0,0.8256244988390432,0.7709641667605046,-0.0546603320785386
CX2_36,579.0,0.8144264652372833,0.7691068558824512,-0.04531960935483215
CX2_36,580.0,0.8150691034216867,0.7721865779698888,-0.04288252545179794
CX2_36,581.0,0.812629371442188,0.7691068558824512,-0.04352251555973685
CX2_36,582.0,0.8106030950452777,0.7672908418231285,-0.043312253222149266
CX2_36,583.0,0.8178680558631755,0.7672908418231285,-0.050577214040047
CX2_36,584.0,0.8263362355067768,0.7721865779698888,-0.05414965753688805
CX2_36,585.0,0.8278046659872771,0.8062503416981073,-0.021554324289169813
CX2_36,586.0,0.8088989448876611,0.8062503416981073,-0.0026486031895538442
CX2_36,587.0,0.8075404506889791,0.8062503416981073,-0.0012901089908717855
CX2_36,588.0,0.8058708742524803,0.7644749791308718,-0.04139589512160846
CX2_36,590.0,0.8144917642409997,0.7556658892321773,-0.058825875008822415
CX2_36,591.0,0.8118539964828004,0.7556658892321773,-0.056188107250623176
CX2_36,592.0,0.8062114943073406,0.7556658892321773,-0.05054560507516337
CX2_36,593.0,0.8176153772956455,0.7556658892321773,-0.06194948806346823
CX2_36,594.0,0.8232250390227407,0.765303461889699,-0.05792157713304169
CX2_36,595.0,0.8252912656932843,0.7942039455965907,-0.03108732009669357
CX2_36,596.0,0.807316610570263,0.7942039455965907,-0.013112664973672361
CX2_36,597.0,0.8070375335546267,0.7942039455965907,-0.012833587958036019
CX2_36,598.0,0.8051980452265721,0.7596444596457168,-0.045553585580855316
CX2_36,599.0,0.8037519655201516,0.7531640747510032,-0.05058789076914838
CX2_36,600.0,0.80241491122052,0.7524313776436915,-0.0499835335768285
CX2_36,601.0,0.8165876846880872,0.7531640747510032,-0.06342360993708396
CX2_36,602.0,0.8212231243353276,0.7531640747510032,-0.0680590495843244
CX2_36,603.0,0.8088908077630199,0.7618202506242546,-0.04707055713876529
CX2_36,604.0,0.8032007339765912,0.7618202506242546,-0.04138048335233657
CX2_36,606.0,0.800404700593802,0.7530643400442486,-0.04734036054955337
CX2_36,607.0,0.800182209573161,0.7507956209667496,-0.04938658860641143
CX2_36,608.0,0.8046320409918474,0.7507956209667496,-0.05383642002509781
CX2_36,609.0,0.8135891714374572,0.7507956209667496,-0.06279355047070767
CX2_36,610.0,0.8156468741803382,0.772974832969787,-0.04267204121055124
CX2_36,611.0,0.8003321455851159,0.772974832969787,-0.02735731261532892
CX2_36,612.0,0.8017868494330384,0.772974832969787,-0.028812016463251378
CX2_36,613.0,0.8034233979279761,0.7552804804933815,-0.048142917434594645
CX2_36,614.0,0.803631842364445,0.7552804804933815,-0.04835136187106348
CX2_36,615.0,0.802167479651929,0.7524586840153026,-0.049708795636626446
CX2_36,616.0,0.8124619709737285,0.7552804804933815,-0.05718149048034704
CX2_36,617.0,0.8142991573644949,0.7592676148750804,-0.05503154248941444
CX2_36,618.0,0.8113528910958315,0.7759188586903408,-0.0354340324054907
CX2_36,619.0,0.803021878277496,0.7759188586903408,-0.02710301958715522
CX2_36,620.0,0.8044324425085784,0.7759188586903408,-0.028513583818237542
CX2_36,621.0,0.8042176612790419,0.7645793353350793,-0.03963832594396266
CX2_36,622.0,0.8035149115769983,0.7638751867392026,-0.039639724837795653
CX2_36,623.0,0.8052880777213615,0.7638751867392026,-0.041412890982158834
CX2_36,624.0,0.8130366504303841,0.7645793353350793,-0.04845731509530482
CX2_36,625.0,0.8143294556492838,0.7755272410394632,-0.038802214609820584
CX2_36,626.0,0.8152004648918962,0.7895770857256476,-0.025623379166248683
CX2_36,627.0,0.8159262185964249,0.792235941500987,-0.023690277095437917
CX2_36,628.0,0.816461527126813,0.793231081585197,-0.02323044554161602
CX2_36,629.0,0.8168735706014597,0.7951432723364483,-0.021730298265011383
CX2_36,630.0,0.81857085180008,0.7962282624476387,-0.022342589352441378
CX2_36,631.0,0.8193671027722232,0.7983229605244836,-0.02104414224773965
CX2_36,632.0,0.8199744643861434,0.8006145337835554,-0.019359930602588005
CX2_36,633.0,0.8198983881714973,0.8018385217887307,-0.018059866382766576
CX2_36,634.0,0.819484363327788,0.8019320314644852,-0.01755233186330274
CX2_36,635.0,0.81948229484405,0.8019320314644852,-0.01755026337956478
CX2_36,636.0,0.8189226497136047,0.8021942676380417,-0.016728382075563042
CX2_36,637.0,0.8165970871353008,0.8021942676380417,-0.014402819497259078
CX2_36,638.0,0.8164456814589068,0.8019019592705352,-0.014543722188371633
CX2_36,639.0,0.81626976204441,0.7967676913502422,-0.019502070694167872
CX2_36,640.0,0.8046352085613837,0.7965430160299329,-0.00809219253145077
CX2_36,641.0,0.8042390535943228,0.7959417374692582,-0.008297316125064569
CX2_36,642.0,0.8144528824302902,0.7931372152690296,-0.021315667161260654
CX2_36,643.0,0.8199753030810331,0.7931372152690296,-0.026838087812003475
CX2_36,644.0,0.819674246641277,0.7931372152690296,-0.02653703137224739
CX2_36,645.0,0.8034626494660455,0.7931372152690296,-0.010325434197015926
CX2_36,646.0,0.8036956226383561,0.7931372152690296,-0.010558407369326561
CX2_36,647.0,0.8030120852737064,0.7621985824750267,-0.04081350279867968
CX2_36,648.0,0.8022408143928993,0.7598393745512053,-0.04240143984169398
CX2_36,649.0,0.8007227339340451,0.759147341149288,-0.04157539278475719
CX2_36,650.0,0.8116633419484724,0.7598393745512053,-0.051823967397267134
CX2_36,651.0,0.8126730631084348,0.7598393745512053,-0.052833688557229475
CX2_36,652.0,0.802056721411485,0.7598393745512053,-0.04221734686027967
CX2_36,653.0,0.7980473204887788,0.7583118219048185,-0.039735498583960305
CX2_36,654.0,0.7987391593187092,0.7583118219048185,-0.04042733741389071
CX2_36,655.0,0.7978422337096651,0.7547371962612662,-0.043105037448398886
CX2_36,656.0,0.7972969831943406,0.7534380513504368,-0.04385893184390377
CX2_36,657.0,0.8072559153867095,0.7534380513504368,-0.053817864036272645
CX2_36,658.0,0.8096681511033227,0.7534380513504368,-0.05623009975288584
CX2_36,659.0,0.8096370353357025,0.7874632752635303,-0.0221737600721722
CX2_36,660.0,0.795094558650263,0.7874632752635303,-0.00763128338673269
CX2_36,661.0,0.794744148688662,0.7874632752635303,-0.007280873425131729
CX2_36,662.0,0.7955634240246708,0.7515496742936931,-0.044013749730977714
CX2_36,663.0,0.7936944107314896,0.751460428536183,-0.04223398219530661
CX2_36,664.0,0.7906730497149812,0.7463384157683006,-0.04433463394668058
CX2_36,665.0,0.8033589297673156,0.751460428536183,-0.0518985012311326
CX2_36,666.0,0.8054083788176964,0.7515496742936931,-0.05385870452400332
CX2_36,667.0,0.7946799667991075,0.7471090614906626,-0.04757090530844488
CX2_36,668.0,0.7903244537154207,0.7471090614906626,-0.04321539222475812
CX2_36,669.0,0.792300828202746,0.7506926918170321,-0.04160813638571392
CX2_36,670.0,0.7923525244637442,0.7491587828234154,-0.04319374164032874
CX2_36,671.0,0.7907314492600444,0.7471090614906626,-0.043622387769381765
CX2_36,672.0,0.7970078847134278,0.7491587828234154,-0.04784910189001235
CX2_36,673.0,0.8011532804081504,0.7506926918170321,-0.05046058859111824
CX2_36,674.0,0.8031589862269753,0.7717702543142878,-0.03138873191268754
CX2_36,675.0,0.8032080333760906,0.7742532909416617,-0.02895474243442886
CX2_36,676.0,0.8028329235616514,0.7762080663760608,-0.0266248571855906
CX2_36,678.0,0.8024346658772032,0.7762080663760608,-0.026226599501142478
CX2_36,679.0,0.8031612861490575,0.7753207487851135,-0.027840537363943985
CX2_36,680.0,0.8039374922102556,0.7753207487851135,-0.028616743425142088
CX2_36,681.0,0.804677133120695,0.7753207487851135,-0.02935638433558152
CX2_36,682.0,0.8048781137794503,0.7769166253257112,-0.027961488453739136
CX2_36,683.0,0.8051454681000388,0.7783467623252807,-0.02679870577475818
CX2_36,684.0,0.8061373481358245,0.7786354476345893,-0.027501900501235244
CX2_36,685.0,0.80662692960994,0.7792943113460482,-0.027332618263891773
CX2_36,686.0,0.8065858068226316,0.7814566909121929,-0.02512911591043865
CX2_36,687.0,0.8068067133436143,0.7832097271207584,-0.023596986222855887
CX2_36,688.0,0.807703772929225,0.7834757221139118,-0.024228050815313207
CX2_36,689.0,0.8079532123383476,0.7836428129685015,-0.024310399369846136
CX2_36,690.0,0.784375566235596,0.7836428129685015,-0.0007327532670945436
CX2_36,691.0,0.783369228515386,0.7834757221139118,0.00010649359852576978
CX2_36,692.0,0.7952234201840229,0.7700727146095075,-0.025150705574515375
CX2_36,693.0,0.801097139141876,0.7700727146095075,-0.031024424532368422
CX2_36,694.0,0.8022426571438551,0.7700727146095075,-0.03216994253434757
CX2_36,695.0,0.7869083941306172,0.7700727146095075,-0.016835679521109648
CX2_36,696.0,0.7878200114052598,0.7700727146095075,-0.017747296795752265
CX2_36,697.0,0.7885878875275865,0.740398233998131,-0.04818965352945548
CX2_36,698.0,0.7892297386181738,0.740398233998131,-0.04883150462004282
CX2_36,699.0,0.7879092156703897,0.7400375334344066,-0.04787168223598315
CX2_36,700.0,0.7978134248672805,0.740398233998131,-0.05741519086914948
CX2_36,701.0,0.798986491921801,0.7421600105455736,-0.05682648137622748
CX2_36,702.0,0.78903311861769,0.7421600105455736,-0.04687310807211642
CX2_36,703.0,0.7856636581833745,0.7418868758264932,-0.043776782356881316
CX2_36,704.0,0.7863891306245645,0.7418868758264932,-0.04450225479807135
CX2_36,705.0,0.7872845832430768,0.7405298573003901,-0.0467547259426867
CX2_36,706.0,0.7864171963498982,0.7391721392967193,-0.04724505705317883
CX2_36,707.0,0.7922109373899601,0.7391721392967193,-0.05303879809324075
CX2_36,708.0,0.795331795840717,0.7405298573003901,-0.05480193854032689
CX2_36,709.0,0.7950439770605726,0.7640075810842327,-0.031036395976339892
CX2_36,710.0,0.7826233274037294,0.7640075810842327,-0.018615746319496695
CX2_36,713.0,0.7822108991016024,0.7321189073826854,-0.050091991718916984
CX2_36,715.0,0.7876088183596766,0.7321189073826854,-0.055489910976991186
CX2_36,716.0,0.7921126547575472,0.7332056853653764,-0.05890696939217077
CX2_36,717.0,0.7941351265597985,0.7566182711476258,-0.037516855412172645
CX2_36,718.0,0.7873173633423621,0.7566182711476258,-0.03069909219473632
CX2_36,719.0,0.7855946163629361,0.7566182711476258,-0.02897634521531034
CX2_36,720.0,0.7872967115810683,0.7473774664595828,-0.03991924512148548
CX2_36,721.0,0.7873666465646957,0.7455582093246946,-0.04180843724000105
CX2_36,722.0,0.7869370664343852,0.7455582093246946,-0.04137885710969058
CX2_36,723.0,0.7952538235040161,0.7465488777715749,-0.04870494573244122
CX2_36,724.0,0.7962635447986695,0.7473774664595828,-0.04888607833908665
CX2_36,725.0,0.7969814950248905,0.7705443270326805,-0.026437167992209964
CX2_36,726.0,0.7974360212573758,0.7707650157026812,-0.026671005554694593
CX2_36,727.0,0.7977776409646525,0.7711003576010265,-0.02667728336362607
CX2_36,728.0,0.7986242141744857,0.7720473396157346,-0.02657687455875113
CX2_36,729.0,0.799429786868194,0.7720648793674597,-0.02736490750073428
CX2_36,730.0,0.7999901877742044,0.7742989623946402,-0.025691225379564142
CX2_36,731.0,0.8004270607984486,0.7747374263565008,-0.02568963444194783
CX2_36,733.0,0.7999972458273519,0.7769492648349094,-0.02304798099244243
CX2_36,734.0,0.800655163290049,0.7773560917255506,-0.023299071564498397
CX2_36,735.0,0.8005367783485057,0.7773560917255506,-0.023180686622955027
CX2_36,736.0,0.8008681805488181,0.7773560917255506,-0.023512088823267496
CX2_36,737.0,0.8032894230323169,0.7778705262083284,-0.025418896823988457
CX2_36,738.0,0.8014751493217364,0.7785237916813854,-0.022951357640350945
CX2_36,739.0,0.8010384135015621,0.7785785651635244,-0.022459848338037713
CX2_36,740.0,0.7939605683073773,0.7785785651635244,-0.015382003143852852
CX2_36,741.0,0.7947539398179452,0.7785237916813854,-0.016230148136559763
CX2_36,742.0,0.8021525038861015,0.7785237916813854,-0.023628712204716074
CX2_36,743.0,0.8061430297646843,0.7785965269952239,-0.027546502769460468
CX2_36,744.0,0.8062082435832627,0.7835337002031189,-0.022674543380143852
CX2_36,745.0,0.7968683986420674,0.7835337002031189,-0.013334698438948522
CX2_36,746.0,0.7938019648867871,0.7835337002031189,-0.01026826468366826
CX2_36,747.0,0.7945138730779835,0.7589056699146642,-0.03560820316331925
CX2_36,748.0,0.7944977878800001,0.7587323734175625,-0.03576541446243764
CX2_36,749.0,0.7937427677851796,0.7587323734175625,-0.035010394367617104
CX2_36,750.0,0.8046519892102293,0.7587323734175625,-0.04591961579266679
CX2_36,751.0,0.8057049265559015,0.7597581911741557,-0.04594673538174587
CX2_36,752.0,0.8003431893054833,0.7626006755136261,-0.037742513791857224
CX2_36,753.0,0.7943588566405632,0.7626006755136261,-0.03175818112693707
CX2_36,754.0,0.7927909415325253,0.7626006755136261,-0.03019026601889918
CX2_36,755.0,0.7904523217625026,0.7610781093417845,-0.029374212420718027
CX2_36,756.0,0.7905649294509635,0.7590372531134184,-0.03152767633754505
CX2_36,757.0,0.7955057053548962,0.7590372531134184,-0.03646845224147777
CX2_36,758.0,0.8027069312269964,0.7590372531134184,-0.043669678113578025
CX2_36,759.0,0.8026536094456923,0.7688104247905152,-0.033843184655177105
CX2_36,760.0,0.7934560767346095,0.7688104247905152,-0.024645651944094293
CX2_36,761.0,0.7888953166078719,0.7688104247905152,-0.02008489181735673
CX2_36,763.0,0.8063224142474958,0.7716696669743035,-0.03465274727319234
CX2_36,764.0,0.7938753388713645,0.7604733105693118,-0.033402028302052744
CX2_36,766.0,0.7941707075262021,0.752051469249016,-0.04211923827718611
CX2_36,767.0,0.8015541835418799,0.7690357821121808,-0.032518401429699084
CX2_36,768.0,0.8029810295537095,0.7690357821121808,-0.033945247441528714
CX2_36,774.0,0.7849912472795311,0.7212385148887275,-0.06375273239080359
CX2_36,775.0,0.7890153865476554,0.7212385148887275,-0.06777687165892787
CX2_37,5.0,0.9980546561735362,1.0,0.00194534382646383
CX2_37,6.0,0.9974778712027556,1.0,0.0025221287972444495
CX2_37,7.0,0.9929126022807688,0.9962707438014146,0.00335814152064573
CX2_37,8.0,0.9875957968001255,0.9953824490042625,0.00778665220413699
CX2_37,9.0,0.9857478810962038,0.9833065237862665,-0.002441357309937331
CX2_37,10.0,0.9833196651170086,0.9794240713912331,-0.0038955937257755258
CX2_37,11.0,0.9811239267391921,0.9793100197729121,-0.0018139069662800322
CX2_37,12.0,0.985340437045851,0.9794240713912331,-0.005916365654617839
CX2_37,13.0,0.985507899284859,0.9794240713912331,-0.006083827893625937
CX2_37,14.0,0.979230715417034,0.9794240713912331,0.00019335597419911643
CX2_37,15.0,0.9768540394185299,0.9765276788850121,-0.0003263605335177555
CX2_37,16.0,0.9754433569236632,0.9696818194304819,-0.005761537493181312
CX2_37,17.0,0.9739800352944908,0.9676324956205364,-0.0063475396739544054
CX2_37,18.0,0.9760499016338643,0.9676324956205364,-0.008417406013327855
CX2_37,19.0,0.8329841672970616,0.9669674785301451,0.1339833112330835
CX2_37,20.0,0.9783337837979559,0.9669674785301451,-0.011366305267810795
CX2_37,21.0,0.971441395052589,0.9636502901186029,-0.007791104933986048
CX2_37,22.0,0.9700051660207583,0.9580487704341609,-0.011956395586597335
CX2_37,23.0,0.9690138828483215,0.9577530939862468,-0.011260788862074711
CX2_37,24.0,0.9674683825435393,0.9577530939862468,-0.009715288557292534
CX2_37,25.0,0.9703723046381322,0.9577530939862468,-0.012619210651885426
CX2_37,26.0,0.97197205296296,0.9577530939862468,-0.014218958976713214
CX2_37,27.0,0.972230459226968,0.9620318792582954,-0.010198579968672683
CX2_37,28.0,0.9722173532354198,0.9620318792582954,-0.010185473977124437
CX2_37,29.0,0.9721864816564101,0.9620318792582954,-0.01015460239811472
CX2_37,30.0,0.9720947717435028,0.9607199950541848,-0.011374776689317967
CX2_37,31.0,0.972011054597851,0.9601114311775047,-0.011899623420346228
CX2_37,32.0,0.9716897313264081,0.9595570127584913,-0.012132718567916867
CX2_37,33.0,0.9712635994252645,0.9589692537911918,-0.012294345634072723
CX2_37,34.0,0.9710237195110162,0.957599569219581,-0.013424150291435177
CX2_37,35.0,0.9705660428013794,0.9573580243715762,-0.013208018429803126
CX2_37,36.0,0.9702258577325876,0.9566056940007042,-0.013620163731883461
CX2_37,37.0,0.9700875528494284,0.955571579577323,-0.014515973272105409
CX2_37,38.0,0.9697168443156065,0.9546233854318944,-0.015093458883712052
CX2_37,39.0,0.9692307592485968,0.9537806419234418,-0.015450117325155
CX2_37,40.0,0.9688357733617269,0.952934990711172,-0.015900782650554834
CX2_37,41.0,0.9615483859907501,0.9525922237155329,-0.008956162275217228
CX2_37,42.0,0.8144830334442857,0.9522308671711812,0.13774783372689547
CX2_37,43.0,0.9586869421411761,0.943524117598108,-0.015162824543068165
CX2_37,44.0,0.9575048147801138,0.9398243398314261,-0.01768047494868774
CX2_37,45.0,0.9578475505299907,0.9398243398314261,-0.018023210698564607
CX2_37,46.0,0.9616956338124978,0.9398243398314261,-0.021871293981071682
CX2_37,47.0,0.9622357158895725,0.9467183590255661,-0.015517356864006349
CX2_37,48.0,0.9553564616225868,0.9467183590255661,-0.008638102597020691
CX2_37,49.0,0.9536068152696288,0.9467183590255661,-0.006888456244062646
CX2_37,50.0,0.9525915309570175,0.9382147970498144,-0.014376733907203176
CX2_37,51.0,0.9506428394089783,0.9371605590062808,-0.0134822804026975
CX2_37,52.0,0.9547351756491185,0.9371605590062808,-0.01757461664283766
CX2_37,53.0,0.9565317533441041,0.9382147970498144,-0.018316956294289755
CX2_37,54.0,0.9800651596017975,0.9406285527211471,-0.03943660688065043
CX2_37,55.0,0.977988703421722,0.9436147001475222,-0.034374003274199705
CX2_37,56.0,0.9797253302520621,0.9649127916878179,-0.014812538564244249
CX2_37,57.0,0.9786317897811206,0.9649127916878179,-0.013718998093302792
CX2_37,58.0,0.971435445914313,0.9649127916878179,-0.006522654226495117
CX2_37,59.0,0.9687004630417496,0.9646663985501445,-0.004034064491605149
CX2_37,60.0,0.9670649417433582,0.9519214083796607,-0.015143533363697559
CX2_37,61.0,0.9633163951475604,0.9514822695145102,-0.011834125633050196
CX2_37,62.0,0.962153505314811,0.9498692992320916,-0.012284206082719407
CX2_37,63.0,0.9608245417176166,0.9443844871138893,-0.016440054603727217
CX2_37,64.0,0.9576903137318926,0.9404245475297168,-0.017265766202175792
CX2_37,65.0,0.9550732488221224,0.9310179320176685,-0.02405531680445394
CX2_37,66.0,0.953951641179388,0.9309527021122878,-0.022998939067100266
CX2_37,67.0,0.9522701963503921,0.9289423212619988,-0.02332787508839329
CX2_37,68.0,0.9496029778133218,0.9289414939106115,-0.020661483902710276
CX2_37,69.0,0.9502120752412794,0.9243270580512587,-0.025885017190020676
CX2_37,70.0,0.9494855132023279,0.9243270580512587,-0.02515845515106918
CX2_37,71.0,0.7941717122951952,0.9239840173522998,0.12981230505710462
CX2_37,72.0,0.9457839328318025,0.9185575890062911,-0.027226343825511368
CX2_37,73.0,0.9452301813411474,0.9195645340795836,-0.02566564726156384
CX2_37,74.0,0.944449267234344,0.9179180171780655,-0.026531250056278433
CX2_37,75.0,0.942276684819023,0.9177675470726092,-0.024509137746413834
CX2_37,76.0,0.9439130797620895,0.9179180171780655,-0.025995062584023954
CX2_37,77.0,0.9431010577196774,0.9195645340795836,-0.023536523640093843
CX2_37,78.0,0.9422291759952992,0.9180666311587308,-0.024162544836568434
CX2_37,79.0,0.9413603402219098,0.9180666311587308,-0.02329370906317907
CX2_37,80.0,0.9407127009998265,0.9180666311587308,-0.02264606984109574
CX2_37,81.0,0.9404144030483019,0.9177610889523055,-0.02265331409599647
CX2_37,82.0,0.9392518143149698,0.9174662529041856,-0.02178556141078425
CX2_37,83.0,0.9383991769149324,0.9160494156489157,-0.02234976126601662
CX2_37,84.0,0.9375759909904711,0.9137319809954625,-0.023844009995008575
CX2_37,85.0,0.9367811023876005,0.9123963430040073,-0.02438475938359319
CX2_37,86.0,0.9360955269710599,0.91219021009283,-0.023905316878229943
CX2_37,87.0,0.9354889606956734,0.9115659632317513,-0.023922997463922124
CX2_37,88.0,0.9352581749805172,0.9111579342589011,-0.024100240721616095
CX2_37,89.0,0.934139658336883,0.9104293237679242,-0.02371033456895877
CX2_37,90.0,0.9334488134301613,0.9097503764583988,-0.023698436971762438
CX2_37,91.0,0.931541748895449,0.9090079933315417,-0.022533755563907354
CX2_37,92.0,0.9275823966944027,0.9070370131760459,-0.020545383518356775
CX2_37,93.0,0.926498532092388,0.896928891901436,-0.029569640190951985
CX2_37,94.0,0.9254223328771506,0.895732975399191,-0.029689357477959644
CX2_37,96.0,0.9268895612768429,0.895732975399191,-0.03115658587765191
CX2_37,97.0,0.9285922359905523,0.895732975399191,-0.03285926059136135
CX2_37,98.0,0.9282696603980771,0.8995639312104442,-0.028705729187632922
CX2_37,99.0,0.93256477348596,0.9007445828276281,-0.03182019065833186
CX2_37,100.0,0.9331379941284187,0.9021662141737441,-0.030971779954674594
CX2_37,101.0,0.9285983514804352,0.9036476319053156,-0.02495071957511963
CX2_37,102.0,0.9275056050960453,0.9038705686032992,-0.02363503649274612
CX2_37,103.0,0.9275345193152175,0.9081773718352847,-0.01935714747993278
CX2_37,104.0,0.9258865891535905,0.9038705686032992,-0.022016020550291282
CX2_37,105.0,0.9246944005546869,0.9036476319053156,-0.021046768649371272
CX2_37,106.0,0.9293053088642297,0.9038705686032992,-0.02543474026093051
CX2_37,107.0,0.9298157635626563,0.9081773718352847,-0.021638391727371586
CX2_37,108.0,0.9229341963832055,0.8987110329933697,-0.024223163389835767
CX2_37,109.0,0.9220341665605122,0.89857403702842,-0.0234601295320922
CX2_37,110.0,0.9216613762996209,0.8978323773677841,-0.023828998931836765
CX2_37,111.0,0.9199829606318709,0.8937028074768275,-0.026280153155043395
CX2_37,112.0,0.9200057287671759,0.8937028074768275,-0.02630292129034839
CX2_37,113.0,0.9245054340577055,0.8978323773677841,-0.02667305668992137
CX2_37,114.0,0.9251814202009806,0.9038120651483708,-0.02136935505260984
CX2_37,115.0,0.9173512214330887,0.9038120651483708,-0.013539156284717913
CX2_37,116.0,0.9165642915548485,0.9038120651483708,-0.012752226406477774
CX2_37,117.0,0.9165389703388968,0.8867501293510984,-0.029788840987798326
CX2_37,118.0,0.9139328619654188,0.8852506690369846,-0.028682192928434214
CX2_37,119.0,0.9166255613737,0.8852506690369846,-0.03137489233671542
CX2_37,120.0,0.9192770575418782,0.8867501293510984,-0.032526928190779736
CX2_37,121.0,0.9197278758736618,0.8931266034405393,-0.02660127243312249
CX2_37,122.0,0.9211610067989953,0.8932336547568331,-0.027927352042162124
CX2_37,123.0,0.921751846622254,0.8958522266023521,-0.02589962001990187
CX2_37,124.0,0.922164102029617,0.8958522266023521,-0.026311875427264875
CX2_37,125.0,0.9225059806724016,0.896513815090738,-0.025992165581663618
CX2_37,126.0,0.9230820262598226,0.8975867977890393,-0.025495228470783338
CX2_37,127.0,0.9229986075369909,0.8978480707929756,-0.02515053674401535
CX2_37,128.0,0.9231589838320576,0.8978673713869444,-0.025291612445113243
CX2_37,129.0,0.9232291252751911,0.8978673713869444,-0.025361753888246685
CX2_37,130.0,0.9232007004959658,0.8978673713869444,-0.02533332910902142
CX2_37,131.0,0.9232226649236401,0.8977786227538825,-0.025444042169757597
CX2_37,132.0,0.9231921905767273,0.8977050719328341,-0.025487118643893192
CX2_37,133.0,0.9231507810010269,0.8975858153859442,-0.025564965615082702
CX2_37,134.0,0.923091392278812,0.8974660504501154,-0.02562534182869658
CX2_37,135.0,0.9201588937589013,0.8970607951360975,-0.023098098622803764
CX2_37,136.0,0.9117510793105158,0.8969562746936295,-0.014794804616886315
CX2_37,137.0,0.9110370211268738,0.8781313536838309,-0.03290566744304291
CX2_37,138.0,0.9104323584604005,0.875257131786418,-0.03517522667398254
CX2_37,139.0,0.9087991282593594,0.8747008409850832,-0.03409828727427622
CX2_37,141.0,0.9160073480695295,0.8735298188306447,-0.042477529238884815
CX2_37,142.0,0.9168676888528232,0.8735298188306447,-0.04333787002217848
CX2_37,143.0,0.9081886993999682,0.8659068870411059,-0.0422818123588623
CX2_37,144.0,0.9083217748001359,0.8769485197870119,-0.031373255013123935
CX2_37,145.0,0.9079290182674815,0.8769485197870119,-0.030980498480469576
CX2_37,146.0,0.9252807129979722,0.8769485197870119,-0.04833219321096027
CX2_37,148.0,0.9311770403200598,0.8769485197870119,-0.05422852053304783
CX2_37,149.0,0.9313304834905287,0.8945084430814583,-0.036822040409070445
CX2_37,150.0,0.9224905312639532,0.8945084430814583,-0.027982088182494924
CX2_37,151.0,0.9212203970199262,0.889129251272793,-0.03209114574713323
CX2_37,152.0,0.9198519746894639,0.889129251272793,-0.030722723416670927
CX2_37,153.0,0.9186366072564778,0.8851071250737399,-0.03352948218273788
CX2_37,154.0,0.918250415360166,0.8851071250737399,-0.03314329028642615
CX2_37,155.0,0.9227846489669604,0.889129251272793,-0.03365539769416748
CX2_37,156.0,0.923187427305668,0.8990046653429072,-0.024182761962760813
CX2_37,157.0,0.914136521585409,0.8990046653429072,-0.015131856242501796
CX2_37,158.0,0.913384178488918,0.8990046653429072,-0.014379513146010714
CX2_37,159.0,0.91326110867861,0.8772139970861098,-0.03604711159250018
CX2_37,160.0,0.911503814719926,0.8764534375525921,-0.035050377167333946
CX2_37,161.0,0.9134784130853033,0.8764534375525921,-0.037024975532711224
CX2_37,162.0,0.9166294372474979,0.8772139970861098,-0.03941544016138809
CX2_37,163.0,0.9170387130552462,0.8920253749851964,-0.025013338070049795
CX2_37,164.0,0.9170770443786301,0.8920253749851964,-0.02505166939343373
CX2_37,165.0,0.916949570367721,0.8920253749851964,-0.02492419538252455
CX2_37,166.0,0.9171800857064643,0.8919769962585242,-0.02520308944794003
CX2_37,167.0,0.9172775815338146,0.8913749106848549,-0.025902670848959697
CX2_37,168.0,0.9173458975004859,0.8912574273002866,-0.026088470200199332
CX2_37,169.0,0.9170389968299796,0.8911381267078402,-0.025900870122139374
CX2_37,170.0,0.9166302914968145,0.8911381267078402,-0.025492164788974314
CX2_37,171.0,0.9163492970222946,0.890687769902397,-0.025661527119897665
CX2_37,172.0,0.9161714734605415,0.8896923193407985,-0.026479154119742998
CX2_37,173.0,0.9160501005273489,0.8896394683898404,-0.026410632137508494
CX2_37,174.0,0.9159606137158954,0.8893327162327809,-0.02662789748311456
CX2_37,175.0,0.9160296487232947,0.8893327162327809,-0.02669693249051386
CX2_37,176.0,0.9166153952007373,0.8893327162327809,-0.027282678967956442
CX2_37,177.0,0.9151284465518009,0.8891705583728974,-0.025957888178903543
CX2_37,178.0,0.9057750833431051,0.8885094448309042,-0.017265638512200865
CX2_37,179.0,0.9052100310336632,0.8842413803034,-0.020968650730263105
CX2_37,180.0,0.9034812174762308,0.8661966415346701,-0.03728457594156065
CX2_37,181.0,0.901770401317026,0.8647470282709984,-0.03702337304602765
CX2_37,182.0,0.9052105682711649,0.8647470282709984,-0.0404635400001665
CX2_37,183.0,0.9081714436409236,0.8661966415346701,-0.041974802106253484
CX2_37,184.0,0.9076207607658271,0.8730997664569541,-0.03452099430887301
CX2_37,185.0,0.898736363854759,0.8730997664569541,-0.025636597397804883
CX2_37,186.0,0.8988931936971252,0.8730997664569541,-0.025793427240171085
CX2_37,187.0,0.8982713216468879,0.8618148050580432,-0.036456516588844745
CX2_37,188.0,0.8973758424011973,0.8603629078473417,-0.03701293455385557
CX2_37,189.0,0.9008520787063444,0.8603629078473417,-0.04048917085900272
CX2_37,190.0,0.9039423590006421,0.8618148050580432,-0.04212755394259893
CX2_37,191.0,0.903629219279346,0.8734724730484353,-0.03015674623091069
CX2_37,192.0,0.8960693860377585,0.8734724730484353,-0.022596912989323203
CX2_37,193.0,0.8966373672283207,0.8734724730484353,-0.02316489417988532
CX2_37,194.0,0.8968638812074375,0.8643682131036006,-0.03249566810383697
CX2_37,195.0,0.8958180035531697,0.8631428264655528,-0.0326751770876168
CX2_37,196.0,0.9139724336161799,0.8631428264655528,-0.05082960715062701
CX2_37,197.0,0.9189715337220032,0.8643682131036006,-0.05460332061840267
CX2_37,198.0,0.9213652533616754,0.8871571443594286,-0.0342081090022468
CX2_37,199.0,0.9178987141760668,0.8871571443594286,-0.030741569816638226
CX2_37,200.0,0.9112002267172544,0.8871571443594286,-0.024043082357825818
CX2_37,201.0,0.9115950746856257,0.8742673056971775,-0.03732776898844825
CX2_37,202.0,0.9162190874998231,0.8742673056971775,-0.04195178180264558
CX2_37,203.0,0.9179469324650917,0.8742673056971775,-0.04367962676791426
CX2_37,204.0,0.9172606383766737,0.8917883156759364,-0.025472322700737293
CX2_37,205.0,0.9167891158692509,0.8917883156759364,-0.02500080019331452
CX2_37,206.0,0.9165097317181521,0.8917883156759364,-0.02472141604221567
CX2_37,207.0,0.9161655030786664,0.8911213559456042,-0.025044147133062244
CX2_37,208.0,0.9157964446236896,0.8906010261596566,-0.025195418464032948
CX2_37,209.0,0.9160615578322151,0.8906010261596566,-0.025460531672558462
CX2_37,210.0,0.9156880167691402,0.8910497352171614,-0.02463828155197889
CX2_37,211.0,0.9152033844915368,0.8909129313832672,-0.024290453108269605
CX2_37,212.0,0.9147963046280216,0.8909129313832672,-0.023883373244754424
CX2_37,213.0,0.9143623348458634,0.8909129313832672,-0.023449403462596163
CX2_37,214.0,0.9140842511942399,0.8897322341524132,-0.024352017041826657
CX2_37,215.0,0.9138222940701357,0.8895741152998333,-0.024248178770302387
CX2_37,216.0,0.9136438473069884,0.8892868999607348,-0.0243569473462536
CX2_37,217.0,0.913122022761087,0.8882446498243575,-0.024877372936729536
CX2_37,218.0,0.9127281373560016,0.8882022471788681,-0.02452589017713347
CX2_37,219.0,0.9124303122858541,0.8875922694956309,-0.02483804279022328
CX2_37,220.0,0.908795798765033,0.8868162500096153,-0.021979548755417744
CX2_37,221.0,0.9018275334157803,0.8867730461723535,-0.015054487243426729
CX2_37,222.0,0.9014493539842338,0.8683041142804374,-0.03314523970379635
CX2_37,223.0,0.8992050251545932,0.8674294421028416,-0.031775583051751655
CX2_37,224.0,0.8971864642160109,0.8670864141249358,-0.03010005009107508
CX2_37,225.0,0.9022850080652874,0.8670864141249358,-0.03519859394035163
CX2_37,226.0,0.9045139394066386,0.8670864141249358,-0.03742752528170279
CX2_37,227.0,0.9022326942233332,0.858903793590984,-0.04332890063234918
CX2_37,228.0,0.8951274851673166,0.8582644683403837,-0.036863016826932826
CX2_37,229.0,0.8953748446648436,0.8605220531536659,-0.034852791511177705
CX2_37,230.0,0.8952303511396804,0.8605220531536659,-0.03470829798601449
CX2_37,231.0,0.8921285167230889,0.8582644683403837,-0.03386404838270518
CX2_37,232.0,0.8965706669426919,0.8605220531536659,-0.03604861378902602
CX2_37,233.0,0.8992995112372579,0.8632772620174892,-0.03602224921976871
CX2_37,234.0,0.8973868623763768,0.8632772620174892,-0.03410960035888755
CX2_37,235.0,0.8894965446845091,0.8554076115355702,-0.034088933148938905
CX2_37,236.0,0.8897880536392786,0.8556003289397203,-0.03418772469955833
CX2_37,237.0,0.8880965421696824,0.8554076115355702,-0.03268893063411216
CX2_37,238.0,0.8872403220571641,0.8485417386996222,-0.03869858335754184
CX2_37,239.0,0.8912767763503653,0.8485417386996222,-0.042735037650743046
CX2_37,240.0,0.8944525323931846,0.8556003289397203,-0.038852203453464296
CX2_37,241.0,0.8936267807474573,0.8571640612962956,-0.03646271945116164
CX2_37,242.0,0.8857242233863903,0.8571640612962956,-0.02856016209009471
CX2_37,243.0,0.8861231487710374,0.8571640612962956,-0.02895908747474174
CX2_37,244.0,0.8868138316736138,0.8533513986835056,-0.033462432990108204
CX2_37,245.0,0.8864003506893268,0.8526189750484795,-0.033781375640847267
CX2_37,246.0,0.8985427314417481,0.8526189750484795,-0.04592375639326862
CX2_37,247.0,0.8992790562871457,0.8533513986835056,-0.04592765760364004
CX2_37,249.0,0.8982207443271878,0.854563958653269,-0.04365678567391884
CX2_37,250.0,0.9019711007746076,0.8636372979939448,-0.038333802780662785
CX2_37,251.0,0.9085005375936025,0.8647415597525496,-0.04375897784105287
CX2_37,252.0,0.9094677183562325,0.8795760534636724,-0.02989166489256012
CX2_37,253.0,0.8990485134821559,0.8795760534636724,-0.019472460018483462
CX2_37,254.0,0.8977015357020414,0.8795760534636724,-0.018125482238368962
CX2_37,255.0,0.8964140429159512,0.8481520714064288,-0.04826197150952238
CX2_37,257.0,0.9005436422804849,0.8481520714064288,-0.052391570874056104
CX2_37,258.0,0.8938799521895124,0.8473293835782197,-0.0465505686112927
CX2_37,259.0,0.893199143444806,0.8457690861399302,-0.04743005730487582
CX2_37,260.0,0.8965951002646535,0.8457690861399302,-0.05082601412472332
CX2_37,261.0,0.9003637624502983,0.8595654574508526,-0.0407983049994457
CX2_37,262.0,0.9010672440854528,0.8715704977727883,-0.029496746312664524
CX2_37,263.0,0.8905385526284939,0.8715704977727883,-0.01896805485570563
CX2_37,264.0,0.8898818354983771,0.8715704977727883,-0.018311337725588794
CX2_37,265.0,0.8879664037199211,0.8486247341118895,-0.03934166960803154
CX2_37,266.0,0.8869416420516898,0.8411214967393262,-0.04582014531236356
CX2_37,268.0,0.8911888458938458,0.8385929084432252,-0.05259593745062063
CX2_37,269.0,0.892207471361424,0.8385929084432252,-0.05361456291819877
CX2_37,270.0,0.8838409817398234,0.8311819578206319,-0.05265902391919153
CX2_37,271.0,0.8810893035884623,0.8180523245196905,-0.06303697906877181
CX2_37,272.0,0.8808615512999524,0.8180523245196905,-0.0628092267802619
CX2_37,273.0,0.8804725250982771,0.8178072897849009,-0.0626652353133762
CX2_37,274.0,0.8784049894829044,0.8140376835760419,-0.06436730590686246
CX2_37,275.0,0.8852133753150487,0.8140376835760419,-0.07117569173900684
CX2_37,276.0,0.8862788132634783,0.8178072897849009,-0.06847152347857743
CX2_37,277.0,0.886749513138369,0.8423295253846886,-0.04441998775368039
CX2_37,278.0,0.8869813942970014,0.8489466903262202,-0.038034703970781236
CX2_37,279.0,0.887337267938689,0.8500981510143673,-0.03723911692432169
CX2_37,280.0,0.887628239521663,0.8517157686233072,-0.03591247089835581
CX2_37,281.0,0.8880272458690217,0.8537652113460817,-0.034262034522939966
CX2_37,282.0,0.8881482879044705,0.85435551324644,-0.033792774658030544
CX2_37,283.0,0.8883373812656901,0.8553702474985716,-0.03296713376711846
CX2_37,284.0,0.8879135213641798,0.8553702474985716,-0.03254327386560818
CX2_37,285.0,0.8877899548530801,0.8553702474985716,-0.0324197073545085
CX2_37,286.0,0.8885136834968405,0.8546945310118984,-0.03381915248494205
CX2_37,287.0,0.88823399603011,0.8540473512346325,-0.034186644795477505
CX2_37,288.0,0.8886456496402747,0.8540473512346325,-0.034598298405642214
CX2_37,289.0,0.8890656645703785,0.8546945310118984,-0.034371133558480094
CX2_37,290.0,0.8892696340047614,0.8547991608555214,-0.03447047314924001
CX2_37,291.0,0.8825054387421588,0.8547991608555214,-0.027706277886637376
CX2_37,292.0,0.8752303268580464,0.8547991608555214,-0.020431166002524925
CX2_37,293.0,0.875724335985528,0.8242406782539997,-0.0514836577315283
CX2_37,294.0,0.8746833368227482,0.8228894561811044,-0.05179388064164381
CX2_37,295.0,0.8726786460458925,0.8184948028025502,-0.054183843243342356
CX2_37,296.0,0.8793114179315514,0.8184948028025502,-0.06081661512900127
CX2_37,297.0,0.8818899540273526,0.8228894561811044,-0.05900049784624817
CX2_37,298.0,0.8788324350910939,0.8218927762911332,-0.05693965879996066
CX2_37,299.0,0.8710014539335927,0.8218927762911332,-0.04910867764245952
CX2_37,300.0,0.8710681189247812,0.8218927762911332,-0.04917534263364798
CX2_37,301.0,0.870814910927584,0.8174871798048421,-0.05332773112274192
CX2_37,302.0,0.8698775812718729,0.8152852451270097,-0.05459233614486314
CX2_37,303.0,0.8737004895172228,0.8152852451270097,-0.05841524439021306
CX2_37,304.0,0.8769748783575757,0.8174871798048421,-0.059487698552733614
CX2_37,305.0,0.8763226353873995,0.8371436494821566,-0.039178985905242936
CX2_37,306.0,0.8659294349792678,0.8371436494821566,-0.028785785497111194
CX2_37,307.0,0.8814958836794452,0.8371436494821566,-0.04435223419728862
CX2_37,308.0,0.8815500597874085,0.8343522401963872,-0.04719781959102132
CX2_37,310.0,0.8881643254767237,0.832170864690747,-0.05599346078597678
CX2_37,311.0,0.8891487176639982,0.8343522401963872,-0.05479647746761096
CX2_37,312.0,0.8796256785779639,0.832170864690747,-0.04745481388721695
CX2_37,313.0,0.8776748740953253,0.822239912804084,-0.05543496129124126
CX2_37,314.0,0.8767629274349883,0.822239912804084,-0.054523014630904254
CX2_37,315.0,0.8755593970763856,0.8215721990876642,-0.053987197988721425
CX2_37,316.0,0.8747075285397442,0.8189597683474821,-0.05574776019226213
CX2_37,317.0,0.8809567830876633,0.8189597683474821,-0.06199701474018127
CX2_37,318.0,0.8817421633693662,0.8189597683474821,-0.0627823950218841
CX2_37,319.0,0.8821192508604117,0.8421494306461231,-0.03996982021428852
CX2_37,320.0,0.8821574931102076,0.8438549181317336,-0.038302574978474
CX2_37,321.0,0.8826085750694131,0.8442084399374726,-0.038400135131940516
CX2_37,322.0,0.8825921499315186,0.8456497637723547,-0.0369423861591639
CX2_37,323.0,0.8825214613993955,0.8474761699145571,-0.03504529148483837
CX2_37,324.0,0.8821989946296575,0.8475274650111984,-0.034671529618459096
CX2_37,325.0,0.8818605946082203,0.8475274650111984,-0.03433312959702195
CX2_37,326.0,0.8816431709183635,0.8474761699145571,-0.03416700100380643
CX2_37,327.0,0.881335454001685,0.8471435022326397,-0.034191951769045326
CX2_37,328.0,0.8813059609702246,0.8470722638100363,-0.034233697160188314
CX2_37,329.0,0.8813038907092806,0.8465414680940415,-0.0347624226152391
CX2_37,331.0,0.8811969222024488,0.8457223523974251,-0.035474569805023726
CX2_37,332.0,0.8811517380006312,0.842688149444495,-0.038463588556136186
CX2_37,333.0,0.8778921263929208,0.8420849723856308,-0.035807154007289954
CX2_37,334.0,0.8681531881144452,0.820403948429902,-0.04774923968454314
CX2_37,335.0,0.8671210564887967,0.820403948429902,-0.04671710805889462
CX2_37,336.0,0.8659946911753451,0.7978492390868022,-0.06814545208854295
CX2_37,337.0,0.8641836106723456,0.7973658352463213,-0.0668177754260243
CX2_37,338.0,0.868899331417807,0.7973658352463213,-0.07153349617148563
CX2_37,339.0,0.8728097128850414,0.7973658352463213,-0.07544387763872007
CX2_37,340.0,0.8732293329261095,0.8240832219052838,-0.04914611102082567
CX2_37,341.0,0.863609892980741,0.8240832219052838,-0.039526671075457154
CX2_37,342.0,0.8626382185601779,0.8240832219052838,-0.038554996654894036
CX2_37,343.0,0.8611669488865648,0.802724655062982,-0.05844229382358279
CX2_37,344.0,0.8614563907508577,0.8026132346127343,-0.05884315613812341
CX2_37,345.0,0.8637894623300275,0.8026132346127343,-0.06117622771729325
CX2_37,346.0,0.8674237437494727,0.802724655062982,-0.06469908868649077
CX2_37,347.0,0.8700412822353173,0.8210733756974713,-0.048967906537845995
CX2_37,348.0,0.8608744310528098,0.8210733756974713,-0.03980105535533851
CX2_37,349.0,0.8587529170031503,0.8210733756974713,-0.037679541305678965
CX2_37,350.0,0.8576546422014019,0.8002152520961024,-0.057439390105299415
CX2_37,351.0,0.8576121351742647,0.7984513391004373,-0.059160796073827404
CX2_37,352.0,0.8581176832308262,0.7984513391004373,-0.05966634413038885
CX2_37,353.0,0.8651015113146386,0.7984513391004373,-0.06665017221420133
CX2_37,354.0,0.8663513717479896,0.8027160915504993,-0.06363528019749032
CX2_37,355.0,0.857502906207888,0.8027160915504993,-0.05478681465738877
CX2_37,356.0,0.8559775737930072,0.8027160915504993,-0.05326148224250793
CX2_37,357.0,0.856965744469832,0.8017556012478191,-0.0552101432220129
CX2_37,358.0,0.8557498160141425,0.7995856939522983,-0.05616412206184418
CX2_37,359.0,0.8531764784261799,0.799198480070516,-0.05397799835566397
CX2_37,360.0,0.8614879766944431,0.7995856939522983,-0.06190228274214482
CX2_37,361.0,0.8633261118924774,0.8017556012478191,-0.06157051064465835
CX2_37,362.0,0.8558629179177822,0.799198480070516,-0.05666443784726627
CX2_37,363.0,0.8526450151438734,0.7980640966059467,-0.05458091853792668
CX2_37,364.0,0.852718010358757,0.7980640966059467,-0.05465391375281037
CX2_37,365.0,0.8520809081713242,0.7914184677848882,-0.06066244038643598
CX2_37,366.0,0.8507701553834812,0.7883350789435621,-0.06243507643991908
CX2_37,367.0,0.8582972429452378,0.7883350789435621,-0.06996216400167565
CX2_37,369.0,0.8605091637116076,0.7883350789435621,-0.07217408476804543
CX2_37,370.0,0.8612487154549103,0.8143995207205548,-0.04684919473435556
CX2_37,371.0,0.8618121172977135,0.8157661917932436,-0.04604592550446984
CX2_37,372.0,0.8633131402568266,0.818160075539174,-0.04515306471765257
CX2_37,373.0,0.8639836422154468,0.8205852146401519,-0.043398427575294884
CX2_37,374.0,0.864580475342541,0.8257290552504005,-0.03885142009214049
CX2_37,375.0,0.8649407788490067,0.8274367615230315,-0.03750401732597519
CX2_37,376.0,0.8653039512017227,0.8279876874624241,-0.03731626373929853
CX2_37,377.0,0.8655934074224239,0.8286259763434944,-0.036967431078929414
CX2_37,378.0,0.8657636013071516,0.8287385127646254,-0.037025088542526174
CX2_37,379.0,0.8660229843826192,0.8296463765478478,-0.03637660783477137
CX2_37,380.0,0.8664317237442921,0.8296463765478478,-0.03678534719644433
CX2_37,381.0,0.8668152889801013,0.8308639986619002,-0.0359512903182011
CX2_37,382.0,0.8668760232032556,0.8317836277300861,-0.03509239547316956
CX2_37,383.0,0.8670064257885671,0.8321470380498696,-0.03485938773869757
CX2_37,384.0,0.8561338681247429,0.8321470380498696,-0.023986830074873344
CX2_37,385.0,0.8531025523468712,0.8321470380498696,-0.0209555142970016
CX2_37,386.0,0.8525081353636382,0.7940529251128675,-0.05845521025077072
CX2_37,387.0,0.8515934307283061,0.7858565828152939,-0.06573684791301215
CX2_37,388.0,0.8499068894978518,0.7852500110935671,-0.06465687840428469
CX2_37,389.0,0.8581177327852414,0.7852500110935671,-0.07286772169167433
CX2_37,390.0,0.8603306557523438,0.7858565828152939,-0.07447407293704988
CX2_37,391.0,0.8546483467813556,0.7869887798887746,-0.06765956689258101
CX2_37,392.0,0.849825018403433,0.7869887798887746,-0.06283623851465847
CX2_37,393.0,0.8512270061603874,0.7955662317796302,-0.05566077438075723
CX2_37,394.0,0.8503750330105032,0.7940647649837141,-0.05631026802678907
CX2_37,395.0,0.848628928906639,0.7869887798887746,-0.06164014901786441
CX2_37,396.0,0.8547972420009112,0.7940647649837141,-0.060732477017197084
CX2_37,397.0,0.8580208849415566,0.7955662317796302,-0.06245465316192644
CX2_37,398.0,0.8570040836567551,0.8036720273921566,-0.05333205626459847
CX2_37,399.0,0.8491629652414463,0.8036720273921566,-0.0454909378492897
CX2_37,400.0,0.8494776314821468,0.8036720273921566,-0.04580560408999024
CX2_37,401.0,0.8499549077985453,0.789877407384165,-0.060077500414380314
CX2_37,402.0,0.8489643524987878,0.789877407384165,-0.05908694511462276
CX2_37,403.0,0.8520123620941451,0.789877407384165,-0.062134954709980095
CX2_37,404.0,0.8569520783043464,0.7915107165958902,-0.06544136170845616
CX2_37,405.0,0.8580537770988195,0.8119068268402065,-0.04614695025861293
CX2_37,406.0,0.848960644618002,0.8119068268402065,-0.037053817777795484
CX2_37,407.0,0.8521126574066283,0.8119068268402065,-0.040205830566421796
CX2_37,408.0,0.852919780214169,0.8008641893261952,-0.052055590887973846
CX2_37,409.0,0.8517830161623593,0.788506845553738,-0.06327617060862134
CX2_37,410.0,0.8489569109153381,0.7835494086885966,-0.06540750222674152
CX2_37,411.0,0.8475969063433519,0.7835494086885966,-0.06404749765475537
CX2_37,412.0,0.8480992904705738,0.7832036553946473,-0.06489563507592644
CX2_37,413.0,0.8477753286148206,0.7832036553946473,-0.06457167322017332
CX2_37,414.0,0.8468271394961363,0.7824844104177024,-0.06434272907843386
CX2_37,415.0,0.8452094113912036,0.7815132363842198,-0.06369617500698388
CX2_37,416.0,0.8521994242808154,0.7832036553946473,-0.0689957688861681
CX2_37,417.0,0.8537371869816444,0.7833908734710966,-0.07034631351054776
CX2_37,418.0,0.8544123977755619,0.8080780917795461,-0.046334305996015734
CX2_37,419.0,0.8547177359836945,0.8129232081149657,-0.04179452786872884
CX2_37,420.0,0.8547775180650403,0.8139315259819647,-0.0408459920830756
CX2_37,421.0,0.8552341508461474,0.8142906508513986,-0.04094349999474878
CX2_37,423.0,0.8601261026389079,0.8149898271978154,-0.045136275441092444
CX2_37,424.0,0.8536866799583217,0.8149898271978154,-0.03869685276050627
CX2_37,425.0,0.8557739838880606,0.8170225026611492,-0.03875148122691141
CX2_37,426.0,0.8565431155086524,0.8180083495023619,-0.038534766006290466
CX2_37,427.0,0.8544016867543061,0.8180083495023619,-0.03639333725194416
CX2_37,428.0,0.8505092936779595,0.8083608573592794,-0.04214843631868004
CX2_37,429.0,0.8514990007351113,0.8068079488224317,-0.044691051912679636
CX2_37,430.0,0.8538791381456251,0.8068079488224317,-0.04707118932319343
CX2_37,431.0,0.8550096599130748,0.8068079488224317,-0.048201711090643085
CX2_37,432.0,0.8561521789582137,0.8150902104657729,-0.041061968492440815
CX2_37,433.0,0.8574926316474161,0.8184107774624569,-0.03908185418495913
CX2_37,434.0,0.8580141789108752,0.8248897564606504,-0.03312442245022473
CX2_37,435.0,0.8520898578554612,0.8248897564606504,-0.02720010139481077
CX2_37,436.0,0.8512392385371719,0.8248897564606504,-0.026349482076521435
CX2_37,437.0,0.8531515475284501,0.8148121500441488,-0.038339397484301374
CX2_37,438.0,0.8533036446605601,0.8148121500441488,-0.038491494616411326
CX2_37,439.0,0.8526515509248244,0.8111618222408058,-0.04148972868401857
CX2_37,440.0,0.8554674932444081,0.8148121500441488,-0.04065534320025932
CX2_37,441.0,0.8560575729907228,0.815560212552678,-0.04049736043804486
CX2_37,442.0,0.8504655102504068,0.815560212552678,-0.034905297697728876
CX2_37,443.0,0.8497779131327101,0.8108138530024389,-0.038964060130271205
CX2_37,444.0,0.849572714252634,0.803755667190024,-0.04581704706261003
CX2_37,445.0,0.8495569234304768,0.8032784606648227,-0.04627846276565417
CX2_37,446.0,0.847925566843776,0.8028936944712315,-0.04503187237254447
CX2_37,447.0,0.852148591762705,0.8028936944712315,-0.049254897291473476
CX2_37,448.0,0.8534890995860025,0.8028936944712315,-0.05059540511477101
CX2_37,449.0,0.8506820527043591,0.8039080012508228,-0.0467740514535363
CX2_37,450.0,0.8475316596168783,0.8039080012508228,-0.04362365836605542
CX2_37,451.0,0.8486143605922636,0.8048847319002584,-0.04372962869200514
CX2_37,452.0,0.8487836672062055,0.8048847319002584,-0.04389893530594702
CX2_37,453.0,0.8489261161973939,0.8048847319002584,-0.044041384297135444
CX2_37,454.0,0.8511113216268117,0.8051751685825127,-0.04593615304429899
CX2_37,455.0,0.8532199440759219,0.8061632410681566,-0.04705670300776532
CX2_37,456.0,0.8539644304455469,0.8177345702140701,-0.036229860231476785
CX2_37,457.0,0.8543769480349166,0.8202075779145089,-0.03416937012040766
CX2_37,458.0,0.854586642311258,0.820863100664797,-0.033723541646461075
CX2_37,459.0,0.8548939572274853,0.8221698614675188,-0.03272409575996649
CX2_37,460.0,0.8563922336382308,0.8227712315114261,-0.033621002126804744
CX2_37,461.0,0.8567747715943709,0.8232226684976873,-0.03355210309668355
CX2_37,462.0,0.8570316133140089,0.8257954817526626,-0.031236131561346303
CX2_37,463.0,0.8571421115551362,0.8260864858867051,-0.03105562566843112
CX2_37,464.0,0.8572642019074356,0.8260864858867051,-0.031177716020730495
CX2_37,465.0,0.8573121647152074,0.8260864858867051,-0.031225678828502357
CX2_37,466.0,0.8570668067825207,0.8256768282373473,-0.031389978545173336
CX2_37,467.0,0.8571840732937813,0.8256768282373473,-0.031507245056433986
CX2_37,468.0,0.8575043310921637,0.8256768282373473,-0.03182750285481639
CX2_37,469.0,0.8574514847250433,0.8257218607968604,-0.031729623928182904
CX2_37,470.0,0.857383749641189,0.8261920183708956,-0.0311917312702934
CX2_37,471.0,0.851626674408936,0.8261920183708956,-0.025434656038040404
CX2_37,472.0,0.8472989271992405,0.8261920183708956,-0.021106908828344872
CX2_37,473.0,0.8532981762772938,0.8089428725836016,-0.044355303693692116
CX2_37,474.0,0.8519406293674278,0.806438145517953,-0.04550248384947475
CX2_37,475.0,0.8544113011622912,0.806438145517953,-0.04797315564433824
CX2_37,476.0,0.8559851617354346,0.8089428725836016,-0.04704228915183295
CX2_37,477.0,0.8558236678086744,0.8210529154479228,-0.034770752360751556
CX2_37,479.0,0.8489750146086371,0.8210529154479228,-0.02792209916071431
CX2_37,480.0,0.8508414841657752,0.812551322488618,-0.03829016167715715
CX2_37,481.0,0.8502598967249945,0.8099084841914262,-0.04035141253356822
CX2_37,482.0,0.848662559901397,0.8052206768760615,-0.04344188302533558
CX2_37,483.0,0.8531987023037781,0.8099084841914262,-0.0432902181123519
CX2_37,484.0,0.8537927927690664,0.812551322488618,-0.041241470280448334
CX2_37,485.0,0.8501723553656543,0.8099084841914262,-0.04026387117422803
CX2_37,486.0,0.8473214545707127,0.8094424861909107,-0.03787896837980198
CX2_37,487.0,0.849222614187148,0.8133803309227263,-0.035842283264421626
CX2_37,488.0,0.8491905100418777,0.811876520829445,-0.037313989212432785
CX2_37,489.0,0.8476881264118831,0.8094424861909107,-0.03824564022097232
CX2_37,490.0,0.8507212846263164,0.811876520829445,-0.03884476379687141
CX2_37,491.0,0.8523403325868641,0.8133803309227263,-0.03896000166413782
CX2_37,492.0,0.8520552356504557,0.8165679297754834,-0.035487305874972286
CX2_37,493.0,0.8452760695504572,0.8165679297754834,-0.028708139774973773
CX2_37,494.0,0.8453636282396461,0.8165679297754834,-0.028795698464162633
CX2_37,495.0,0.8454775124598065,0.8006692845219031,-0.0448082279379034
CX2_37,496.0,0.845255864631633,0.7990361109337599,-0.04621975369787312
CX2_37,497.0,0.8451712824591027,0.7990361109337599,-0.046135171525342744
CX2_37,498.0,0.8492866830160009,0.8006692845219031,-0.04861739849409774
CX2_37,499.0,0.8503618368908549,0.806200945346906,-0.044160891543948866
CX2_37,500.0,0.8436681009587277,0.806200945346906,-0.03746715561182168
CX2_37,501.0,0.8421630313328032,0.806200945346906,-0.03596208598589723
CX2_37,502.0,0.8433036026854926,0.8067376204018499,-0.03656598228364272
CX2_37,503.0,0.8438593985145098,0.8067376204018499,-0.03712177811265982
CX2_37,504.0,0.8419897503832162,0.8036381411841507,-0.03835160919906555
CX2_37,505.0,0.8469137033219767,0.8067376204018499,-0.040176082920126754
CX2_37,506.0,0.8480683286065067,0.8077963099969616,-0.0402720186095451
CX2_37,507.0,0.8485188486189298,0.8154063393141292,-0.033112509304800586
CX2_37,509.0,0.8485912137367141,0.8167217337518077,-0.03186947998490641
CX2_37,510.0,0.8492037583989128,0.8175338789133086,-0.03166987948560418
CX2_37,511.0,0.8499094138563325,0.8186427961873121,-0.03126661766902039
CX2_37,512.0,0.8500300180284792,0.8191042019709971,-0.030925816057482125
CX2_37,513.0,0.8499369020317603,0.8191042019709971,-0.03083270006076322
CX2_37,514.0,0.8498664505898008,0.8191042019709971,-0.030762248618803723
CX2_37,515.0,0.8497125025746158,0.8190544100643827,-0.030658092510233104
CX2_37,516.0,0.8494575110219932,0.8172722784997652,-0.032185232522227936
CX2_37,517.0,0.8495890497932459,0.8172722784997652,-0.03231677129348065
CX2_37,518.0,0.8497793672875577,0.8186497786422421,-0.031129588645315565
CX2_37,519.0,0.8497342592343723,0.8190544100643827,-0.03067984916998956
CX2_37,520.0,0.8497166991373328,0.8193410236314713,-0.03037567550586151
CX2_37,521.0,0.8497321592030447,0.819342270500518,-0.03038988870252668
CX2_37,522.0,0.845452286565976,0.819342270500518,-0.02611001606545804
CX2_37,523.0,0.8476822160327853,0.819342270500518,-0.028339945532267263
CX2_37,524.0,0.8469431427685045,0.8068333025696813,-0.04010984019882313
CX2_37,525.0,0.8508378292898636,0.8068333025696813,-0.04400452672018229
CX2_37,527.0,0.8520064544198886,0.8068333025696813,-0.045173151850207316
CX2_37,528.0,0.8444879797171084,0.8053775499207291,-0.03911042979637935
CX2_37,529.0,0.8428735309500932,0.8003470884883316,-0.04252644246176163
CX2_37,530.0,0.8429934106337722,0.8003470884883316,-0.04264632214544062
CX2_37,531.0,0.8431406193864522,0.800384346088003,-0.04275627329844922
CX2_37,532.0,0.8414978810462533,0.800384346088003,-0.04111353495825032
CX2_37,533.0,0.84732252576163,0.8006782937543588,-0.04664423200727119
CX2_37,534.0,0.8485315168378568,0.8016716853791039,-0.04685983145875283
CX2_37,535.0,0.8443298013531637,0.8055444579087684,-0.038785343444395326
CX2_37,536.0,0.8407132701475978,0.8055444579087684,-0.035168812238829394
CX2_37,537.0,0.8413427756008262,0.8055444579087684,-0.03579831769205777
CX2_37,538.0,0.8411783996729908,0.8036852283218295,-0.03749317135116126
CX2_37,539.0,0.8395485377623432,0.8026648441686098,-0.036883693593733335
CX2_37,540.0,0.8434002957107739,0.8026648441686098,-0.04073545154216407
CX2_37,541.0,0.8455015553930731,0.8036852283218295,-0.04181632707124361
CX2_37,542.0,0.8455960578228205,0.8119756047401457,-0.033620453082674806
CX2_37,543.0,0.8375141847639169,0.8119756047401457,-0.025538580023771185
CX2_37,544.0,0.8378355152886283,0.8119756047401457,-0.02585991054848258
CX2_37,545.0,0.8381765719862765,0.7965256178341567,-0.041650954152119835
CX2_37,546.0,0.830109632973041,0.7961420178721381,-0.03396761510090285
CX2_37,547.0,0.828616035998851,0.7901802154035746,-0.03843582059527639
CX2_37,548.0,0.8384845158152511,0.7961420178721381,-0.042342497943112956
CX2_37,549.0,0.8400016386617136,0.7961420178721381,-0.043859620789575504
CX2_37,550.0,0.8288416882310354,0.7737044201471465,-0.05513726808388897
CX2_37,551.0,0.8239078394108896,0.7737044201471465,-0.050203419263743165
CX2_37,552.0,0.8235600751578376,0.7737044201471465,-0.04985565501069111
CX2_37,553.0,0.8223782471457637,0.7621995283937972,-0.060178718751966453
CX2_37,554.0,0.8205259136810681,0.760558287843558,-0.05996762583751014
CX2_37,555.0,0.8302763659717113,0.760558287843558,-0.06971807812815334
CX2_37,556.0,0.8333104279759377,0.760558287843558,-0.07275214013237974
CX2_37,557.0,0.834653543590374,0.7907281580822968,-0.04392538550807723
CX2_37,558.0,0.835770297956351,0.7980637686693167,-0.03770652928703433
CX2_37,559.0,0.8365792215724974,0.8001224327665709,-0.03645678880592651
CX2_37,560.0,0.8381678353592457,0.8001756800313771,-0.03799215532786859
CX2_37,561.0,0.8388650573662674,0.8023345619235831,-0.036530495442684274
CX2_37,562.0,0.8393040540609406,0.8062035219567517,-0.03310053210418884
CX2_37,563.0,0.8387157886359133,0.8062035219567517,-0.03251226667916163
CX2_37,564.0,0.8383393740416069,0.8062035219567517,-0.03213585208485514
CX2_37,565.0,0.8382074543721718,0.8061460209147521,-0.03206143345741974
CX2_37,566.0,0.8380477801711338,0.8058188608718531,-0.032228919299280734
CX2_37,567.0,0.8381498587476386,0.8036052956588388,-0.03454456308879983
CX2_37,568.0,0.8384666101593967,0.8017796798658149,-0.03668693029358183
CX2_37,569.0,0.8386415564981833,0.8017796798658149,-0.036861876632368396
CX2_37,570.0,0.8387498779771096,0.8017796798658149,-0.03697019811129476
CX2_37,571.0,0.8388203894681029,0.8025404181276151,-0.03627997134048777
CX2_37,572.0,0.8294254018680718,0.8025404181276151,-0.02688498374045667
CX2_37,573.0,0.8247841889371825,0.8025404181276151,-0.02224377080956741
CX2_37,574.0,0.823431454847559,0.7641330080805204,-0.05929844676703855
CX2_37,575.0,0.8327497255226717,0.7641330080805204,-0.06861671744215125
CX2_37,576.0,0.8358454496000884,0.7641330080805204,-0.07171244151956802
CX2_37,577.0,0.8334568844600615,0.7824612253308789,-0.05099565912918258
CX2_37,578.0,0.8219178581038743,0.7824612253308789,-0.03945663277299538
CX2_37,579.0,0.8212421610653133,0.7824612253308789,-0.03878093573443442
CX2_37,580.0,0.8204854770808346,0.7567887239383667,-0.06369675314246792
CX2_37,581.0,0.8194818202109981,0.7560963809497769,-0.0633854392612212
CX2_37,582.0,0.8202242769254945,0.7560963809497769,-0.06412789597571755
CX2_37,583.0,0.8278182307885539,0.7567887239383667,-0.07102950685018716
CX2_37,584.0,0.8295974334372557,0.7753530964381125,-0.05424433699914322
CX2_37,585.0,0.8188556367670423,0.7753530964381125,-0.04350254032892986
CX2_37,586.0,0.8148077959673194,0.7753530964381125,-0.039454699529206994
CX2_37,587.0,0.8138377157644422,0.7589930227204085,-0.05484469304403372
CX2_37,589.0,0.8184210940241461,0.750572394197369,-0.0678486998267771
CX2_37,590.0,0.8137164089957356,0.7478367390411107,-0.06587966995462491
CX2_37,591.0,0.8123388975499939,0.7461277378489259,-0.06621115970106795
CX2_37,592.0,0.8174387445113964,0.7478367390411107,-0.06960200547028572
CX2_37,593.0,0.8238448555391228,0.7478367390411107,-0.07600811649801209
CX2_37,594.0,0.8255804330020845,0.7733391258241088,-0.052241307177975704
CX2_37,595.0,0.8143169836684176,0.7733391258241088,-0.04097785784430885
CX2_37,596.0,0.8125769095648638,0.7733391258241088,-0.03923778374075504
CX2_37,597.0,0.812244322216175,0.7445254490056886,-0.06771887321048642
CX2_37,598.0,0.810538480944271,0.7437125454096158,-0.0668259355346551
CX2_37,599.0,0.8092911782375,0.7424545692741321,-0.06683660896336785
CX2_37,600.0,0.8186248053918136,0.7424545692741321,-0.07617023611768148
CX2_37,601.0,0.8215178222252308,0.7424545692741321,-0.07906325295109873
CX2_37,602.0,0.8160469684602499,0.7440590443820017,-0.07198792407824828
CX2_37,603.0,0.8098416121941223,0.7440590443820017,-0.06578256781212066
CX2_37,604.0,0.8098377469702792,0.7440590443820017,-0.06577870258827756
CX2_37,605.0,0.8075967560703737,0.7388991298960103,-0.06869762617436348
CX2_37,606.0,0.8064857566605859,0.7323631422287145,-0.0741226144318714
CX2_37,607.0,0.8112398875724846,0.7323631422287145,-0.0788767453437701
CX2_37,608.0,0.8162524785257672,0.7388991298960103,-0.07735334862975696
CX2_37,609.0,0.8176297168026996,0.7632543069020311,-0.05437540990066847
CX2_37,610.0,0.8070190233114473,0.7632543069020311,-0.04376471640941615
CX2_37,611.0,0.8092781164932284,0.7632543069020311,-0.04602380959119734
CX2_37,612.0,0.8102114662099903,0.7408950141448952,-0.06931645206509507
CX2_37,613.0,0.8101441562083412,0.7408950141448952,-0.06924914206344601
CX2_37,615.0,0.813349514374432,0.7408950141448952,-0.07245450022953681
CX2_37,616.0,0.8162835418179127,0.7419279334617286,-0.07435560835618416
CX2_37,617.0,0.8166469371260339,0.7630090729060913,-0.053637864219942544
CX2_37,618.0,0.809905136892121,0.7630090729060913,-0.046896063986029635
CX2_37,619.0,0.8106272654584037,0.7630090729060913,-0.047618192552312366
CX2_37,620.0,0.8104828760109298,0.7524069606928309,-0.05807591531809897
CX2_37,621.0,0.8101732857455127,0.7511738169458537,-0.058999468799659005
CX2_37,622.0,0.8094177083093178,0.7491671358731818,-0.06025057243613596
CX2_37,623.0,0.8151633776762967,0.7511738169458537,-0.06398956073044293
CX2_37,624.0,0.816266450117857,0.7511738169458537,-0.06509263317200331
CX2_37,625.0,0.8168275264703235,0.7694731830010398,-0.04735434346928369
CX2_37,626.0,0.8171675130829736,0.7717734751441286,-0.045394037938845
CX2_37,627.0,0.8174363344186191,0.7738697987546498,-0.043566535663969286
CX2_37,628.0,0.8177444835507516,0.7740313683719114,-0.043713115178840134
CX2_37,629.0,0.8185270548163306,0.7747779022516279,-0.04374915256470269
CX2_37,630.0,0.819225970880851,0.7749092019789167,-0.04431676890193437
CX2_37,631.0,0.8193547879189166,0.7777073464740887,-0.041647441444827904
CX2_37,632.0,0.8194793833098026,0.7791704378237113,-0.04030894548609132
CX2_37,633.0,0.8192986943048772,0.7794451346874932,-0.039853559617384016
CX2_37,634.0,0.819203607704976,0.7794451346874932,-0.03975847301748281
CX2_37,635.0,0.8191292546861424,0.7794451346874932,-0.03968411999864918
CX2_37,636.0,0.8179008442501658,0.7793850127274999,-0.03851583152266591
CX2_37,637.0,0.817767268126039,0.7787803971044447,-0.03898687102159426
CX2_37,638.0,0.8175933127091313,0.7747756739243942,-0.0428176387847371
CX2_37,639.0,0.8126333892369305,0.7682652775895163,-0.044368111647414166
CX2_37,640.0,0.8127179025394583,0.7672527076815838,-0.04546519485787448
CX2_37,641.0,0.8162402980679564,0.7558610772389369,-0.060379220829019475
CX2_37,642.0,0.8202996548889973,0.7558610772389369,-0.06443857765006034
CX2_37,643.0,0.8205991168682997,0.7558610772389369,-0.06473803962936275
CX2_37,644.0,0.8120327639376714,0.7558610772389369,-0.05617168669873451
CX2_37,645.0,0.8110300630887566,0.7558610772389369,-0.05516898584981966
CX2_37,646.0,0.8108615181681831,0.7348494793441711,-0.07601203882401197
CX2_37,647.0,0.8097164546454626,0.7348494793441711,-0.0748669753012915
CX2_37,648.0,0.8085081887450555,0.7348494793441711,-0.07365870940088437
CX2_37,649.0,0.8145347914727973,0.7418299310842177,-0.0727048603885796
CX2_37,650.0,0.8154081138789699,0.7450058836204465,-0.07040223025852343
CX2_37,651.0,0.8101304407669369,0.7487811759946812,-0.06134926477225566
CX2_37,652.0,0.8061951720057894,0.7487811759946812,-0.05741399601110819
CX2_37,653.0,0.8079942998142631,0.7522470459307408,-0.05574725388352231
CX2_37,654.0,0.8072986651820642,0.7515788327150431,-0.05571983246702106
CX2_37,655.0,0.806054853163616,0.7491535205648838,-0.0569013325987322
CX2_37,656.0,0.8091377299494958,0.7515788327150431,-0.05755889723445273
CX2_37,657.0,0.8115798150837432,0.7522470459307408,-0.05933276915300245
CX2_37,658.0,0.8120482753564389,0.7660181577089613,-0.04603011764747755
CX2_37,659.0,0.80467104110215,0.7660181577089613,-0.03865288339318873
CX2_37,660.0,0.8032850814601459,0.7660181577089613,-0.037266923751184566
CX2_37,661.0,0.8041271508299533,0.7478914262113292,-0.05623572461862414
CX2_37,662.0,0.8034321835108116,0.7474429245523888,-0.05598925895842277
CX2_37,663.0,0.8008154217696432,0.7465033348532873,-0.054312086916355806
CX2_37,664.0,0.8069845052150065,0.7474429245523888,-0.05954158066261772
CX2_37,665.0,0.8083079959369303,0.7478914262113292,-0.060416569725601055
CX2_37,666.0,0.8038409149030689,0.7474429245523888,-0.05639799035068005
CX2_37,667.0,0.7998035311860646,0.7467848694239615,-0.053018661762103125
CX2_37,668.0,0.8011243264481616,0.7472116116703293,-0.053912714777832216
CX2_37,669.0,0.8010100159491724,0.7471135076042136,-0.05389650834495885
CX2_37,670.0,0.8005367698226127,0.7467848694239615,-0.05375190039865119
CX2_37,671.0,0.8028517270322771,0.7471135076042136,-0.05573821942806356
CX2_37,672.0,0.8053410838252463,0.7472116116703293,-0.05812947215491693
CX2_37,673.0,0.8059921473292468,0.7613986089361968,-0.044593538393050025
CX2_37,674.0,0.8064071059218816,0.7615747746996306,-0.04483233122225094
CX2_37,675.0,0.8067138028588046,0.7624559534785298,-0.04425784938027477
CX2_37,676.0,0.8071131274297125,0.7638377955652165,-0.04327533186449606
CX2_37,677.0,0.807482592562047,0.764806304213475,-0.04267628834857207
CX2_37,678.0,0.8076965565700446,0.7662220704787049,-0.041474486091339635
CX2_37,679.0,0.8079842382604276,0.7670378570629036,-0.04094638119752403
CX2_37,680.0,0.8081891488018206,0.7681044825505747,-0.04008466625124585
CX2_37,681.0,0.8084866175921948,0.7681106138524322,-0.04037600373976258
CX2_37,682.0,0.8088092026469198,0.7684052313101185,-0.04040397133680129
CX2_37,683.0,0.8088776264366416,0.7684377057636443,-0.04043992067299729
CX2_37,684.0,0.8089781986085144,0.7684052313101185,-0.04057296729839588
CX2_37,685.0,0.8091837945905852,0.7684052313101185,-0.040778563280466695
CX2_37,686.0,0.8093492873517667,0.768378169524885,-0.040971117826881676
CX2_37,687.0,0.8094636782561857,0.7679643205222507,-0.04149935773393498
CX2_37,688.0,0.8093543019859528,0.7679643205222507,-0.0413899814637021
CX2_37,689.0,0.7935718582052834,0.7679643205222507,-0.0256075376830327
CX2_37,690.0,0.7935945346742421,0.7673339168996843,-0.026260617774557793
CX2_37,691.0,0.7978640754491724,0.7355158043755795,-0.062348271073592865
CX2_37,692.0,0.8026829258641751,0.7355158043755795,-0.0671671214885956
CX2_37,693.0,0.8039427961201411,0.7355158043755795,-0.06842699174456157
CX2_37,694.0,0.7963076984349053,0.7355158043755795,-0.060791894059325835
CX2_37,695.0,0.7962510920967367,0.7355158043755795,-0.060735287721157216
CX2_37,696.0,0.7965588528829046,0.7326693908861631,-0.0638894619967415
CX2_37,697.0,0.7970936516151056,0.7326693908861631,-0.06442426072894247
CX2_37,698.0,0.7962942363613149,0.7326693908861631,-0.06362484547515179
CX2_37,699.0,0.7999506762297687,0.7346261802936165,-0.0653244959361522
CX2_37,700.0,0.8008612420482195,0.7362980392879008,-0.06456320276031868
CX2_37,701.0,0.797088512263263,0.7362980392879008,-0.06079047297536222
CX2_37,702.0,0.7945216144506254,0.7346261802936165,-0.05989543415700893
CX2_37,703.0,0.794655762116001,0.7343755720344779,-0.06028019008152308
CX2_37,704.0,0.7953554123903157,0.7343755720344779,-0.06097984035583781
CX2_37,705.0,0.7949550511820519,0.7343755720344779,-0.060579479147574
CX2_37,706.0,0.7964114364534636,0.7351627417614388,-0.06124869469202476
CX2_37,707.0,0.798259257233048,0.737616489032126,-0.06064276820092207
CX2_37,708.0,0.7986005389375762,0.7466167390947538,-0.05198379984282242
CX2_37,709.0,0.7919010938422633,0.7466167390947538,-0.04528435474750947
CX2_37,711.0,0.7904338710018839,0.730054280343435,-0.06037959065844889
CX2_37,712.0,0.7903792455264643,0.7271981253161655,-0.06318112021029887
CX2_37,713.0,0.7898558992554416,0.7253645259289208,-0.06449137332652088
CX2_37,714.0,0.7935830491719479,0.7253645259289208,-0.06821852324302713
CX2_37,715.0,0.7961557695564241,0.730054280343435,-0.06610148921298908
CX2_37,716.0,0.797188515068723,0.7411667190160888,-0.05602179605263424
CX2_37,717.0,0.7940707793783246,0.7411667190160888,-0.05290406036223583
CX2_37,718.0,0.7928165604514295,0.7411667190160888,-0.05164984143534068
CX2_37,719.0,0.7943932226530633,0.7433314754124488,-0.05106174724061452
CX2_37,720.0,0.7948391077141419,0.7433314754124488,-0.051507632301693085
CX2_37,721.0,0.7943496460208092,0.7426626147260643,-0.051687031294744834
CX2_37,722.0,0.7979468380569983,0.7433314754124488,-0.05461536264454947
CX2_37,723.0,0.7990541628229686,0.744280939323948,-0.054773223499020585
CX2_37,724.0,0.7996747830821866,0.7556051877771969,-0.04406959530498977
CX2_37,726.0,0.7997473101242943,0.7564025908332855,-0.043344719291008804
CX2_37,727.0,0.8008189087293255,0.7578107393864704,-0.04300816934285512
CX2_37,728.0,0.8014891425503562,0.7587963294645477,-0.04269281308580852
CX2_37,729.0,0.8020098881887229,0.7587963294645477,-0.043213558724175205
CX2_37,730.0,0.8022962010011113,0.7593519892375766,-0.04294421176353469
CX2_37,731.0,0.8025586962259036,0.7603362845889338,-0.042222411636969825
CX2_37,732.0,0.8026112489244652,0.7613808683804779,-0.04123038054398731
CX2_37,733.0,0.8025834882705712,0.7622605815022276,-0.0403229067683436
CX2_37,734.0,0.8023539662833308,0.7626991002458418,-0.03965486603748902
CX2_37,735.0,0.8025088376816458,0.7628963371709382,-0.03961250051070764
CX2_37,736.0,0.8032153743606428,0.7629583943396608,-0.04025698002098199
CX2_37,737.0,0.8029895932348201,0.7640245649848247,-0.03896502824999537
CX2_37,738.0,0.8027042297648634,0.7661942896010946,-0.03650994016376885
CX2_37,739.0,0.8007273359004669,0.7661942896010946,-0.03453304629937226
CX2_37,740.0,0.8017102109677783,0.7661942896010946,-0.03551592136668369
CX2_37,741.0,0.8030067568868869,0.7641378548875146,-0.03886890199937232
CX2_37,742.0,0.8066898349675262,0.7641378548875146,-0.0425519800800116
CX2_37,743.0,0.8070582633153344,0.7641378548875146,-0.042920408427819745
CX2_37,744.0,0.8031154058225246,0.7641378548875146,-0.038977550935009986
CX2_37,745.0,0.7997896163917573,0.7641378548875146,-0.03565176150424265
CX2_37,746.0,0.7999977925034326,0.7590322922047044,-0.04096550029872825
CX2_37,748.0,0.7986854596471789,0.7534555704523315,-0.045229889194847384
CX2_37,749.0,0.8015935020651308,0.7534555704523315,-0.048137931612799334
CX2_37,750.0,0.8047713586210141,0.754798761395606,-0.049972597225408144
CX2_37,751.0,0.8054492267424324,0.7642543415214589,-0.041194885220973476
CX2_37,752.0,0.800527616808897,0.7642543415214589,-0.03627327528743807
CX2_37,753.0,0.7980210307827653,0.7642543415214589,-0.03376668926130644
CX2_37,754.0,0.797813358660106,0.7562485145608936,-0.04156484409921246
CX2_37,755.0,0.7964753364985252,0.7523131850105611,-0.044162151487964096
CX2_37,757.0,0.7987751215666418,0.7518320092411903,-0.04694311232545145
CX2_37,758.0,0.8019593783951298,0.7523131850105611,-0.04964619338456866
CX2_37,759.0,0.8021081496093146,0.76098167666118,-0.04112647294813465
CX2_37,760.0,0.7970040076291252,0.76098167666118,-0.03602233096794516
CX2_37,761.0,0.7941878054089306,0.76098167666118,-0.03320612874775064
CX2_37,763.0,0.8057731442284801,0.764285063257014,-0.04148808097146617
CX2_37,764.0,0.7991267721624663,0.7593466649308265,-0.03978010723163983
CX2_37,767.0,0.7909835384809701,0.7512202780463767,-0.03976326043459344
CX2_37,768.0,0.7934856503705866,0.7512202780463767,-0.042265372324209904
CX2_37,769.0,0.7843802875936841,0.7254577822319429,-0.05892250536174115
CX2_38,5.0,0.9990753806843607,1.0,0.0009246193156392524
CX2_38,6.0,0.9986703135949999,1.0,0.0013296864050000856
CX2_38,7.0,0.992936683901284,0.9959342512965873,0.0029975673953033244
CX2_38,8.0,0.9877947666836978,0.9957144153809413,0.007919648697243487
CX2_38,9.0,0.9858212368467919,0.9832263102422707,-0.0025949266045212083
CX2_38,10.0,0.9833585786760871,0.9819665666068708,-0.001392012069216353
CX2_38,11.0,0.9822136288485892,0.9792935199289661,-0.0029201089196231322
CX2_38,12.0,0.9863416268708335,0.9781107457385134,-0.008230881132320067
CX2_38,13.0,0.9863717606314854,0.9753950401106372,-0.010976720520848193
CX2_38,14.0,0.9789739491900068,0.974970861588244,-0.0040030876017628225
CX2_38,15.0,0.9767513284254237,0.9724693416929533,-0.0042819867324703775
CX2_38,16.0,0.8266268105062264,0.9639611982676695,0.13733438776144302
CX2_38,17.0,0.9735322947971241,0.9615573519186911,-0.011974942878433037
CX2_38,18.0,0.97495250963578,0.9615573519186911,-0.01339515771708888
CX2_38,19.0,0.9783084072807269,0.9609418323804232,-0.01736657490030369
CX2_38,20.0,0.9768376016446157,0.9587479912718676,-0.018089610372748144
CX2_38,21.0,0.9705868271784985,0.9587479912718676,-0.011838835906630929
CX2_38,22.0,0.9692462843537907,0.9474388082779478,-0.02180747607584288
CX2_38,23.0,0.9681861344930649,0.9469616468673442,-0.02122448762572071
CX2_38,24.0,0.9663166958243127,0.9451827100558212,-0.02113398576849146
CX2_38,25.0,0.9712836681474174,0.9451827100558212,-0.026100958091596183
CX2_38,26.0,0.9721301987426404,0.9451827100558212,-0.026947488686819177
CX2_38,27.0,0.9722640838349363,0.9503781928978272,-0.02188589093710913
CX2_38,28.0,0.972141257932336,0.9505112540596521,-0.02163000387268388
CX2_38,29.0,0.9720060094795283,0.9505112540596521,-0.02149475541987622
CX2_38,30.0,0.9718853840272131,0.9505112540596521,-0.02137412996756105
CX2_38,31.0,0.9716454038663423,0.9503216006049923,-0.021323803261350083
CX2_38,32.0,0.9711685389339277,0.9501177545314631,-0.021050784402464662
CX2_38,33.0,0.9707625924974058,0.9499276929597676,-0.020834899537638174
CX2_38,34.0,0.9704252150189588,0.9497203240361964,-0.020704890982762403
CX2_38,35.0,0.9699998125781965,0.9493736048319185,-0.02062620774627799
CX2_38,36.0,0.9696696565091775,0.9488809660030558,-0.020788690506121643
CX2_38,37.0,0.9693528655898268,0.948739682217113,-0.020613183372713784
CX2_38,38.0,0.968856481396272,0.9483517903855904,-0.02050469101068164
CX2_38,39.0,0.9684058980175089,0.9479608819885412,-0.020445016028967644
CX2_38,40.0,0.9635662545187519,0.9470792709973503,-0.016486983521401544
CX2_38,41.0,0.9585770135035756,0.9468392957162188,-0.011737717787356772
CX2_38,42.0,0.9567039692964969,0.936888897050895,-0.019815072245601972
CX2_38,43.0,0.9554467761835167,0.9353052057164416,-0.0201415704670751
CX2_38,44.0,0.9539845953599314,0.9337091717075016,-0.020275423652429847
CX2_38,45.0,0.9595954137535522,0.9353052057164416,-0.024290208037110572
CX2_38,46.0,0.960349476905572,0.9353052057164416,-0.02504427118913044
CX2_38,47.0,0.9535996469534396,0.9337091717075016,-0.01989047524593801
CX2_38,48.0,0.9510027399281297,0.9335250905746031,-0.01747764935352658
CX2_38,49.0,0.9505558401205926,0.932480569283673,-0.01807527083691962
CX2_38,50.0,0.9493365503063703,0.9308631852233152,-0.018473365083055082
CX2_38,51.0,0.9520113236669586,0.9308631852233152,-0.021148138443643383
CX2_38,52.0,0.9549352210214053,0.932480569283673,-0.022454651737732312
CX2_38,53.0,0.954161112646142,0.931967000807176,-0.022194111838966024
CX2_38,54.0,0.9790286037775533,0.935501646544936,-0.04352695723261735
CX2_38,55.0,0.9776915581352403,0.9440421430773515,-0.033649415057888876
CX2_38,56.0,0.9793156591668033,0.96872387870259,-0.010591780464213274
CX2_38,57.0,0.9777191744851753,0.96872387870259,-0.008995295782585289
CX2_38,58.0,0.9698395773220134,0.96872387870259,-0.0011156986194233998
CX2_38,59.0,0.9675653785644843,0.9650821878393236,-0.0024831907251606777
CX2_38,60.0,0.9658134224147031,0.9561018543053681,-0.009711568109335045
CX2_38,61.0,0.9608426490543056,0.9536271398233964,-0.0072155092309091895
CX2_38,62.0,0.961136097128148,0.951286236459951,-0.00984986066819693
CX2_38,63.0,0.9597417394533874,0.9443305954232166,-0.015411144030170743
CX2_38,64.0,0.9553821825964782,0.9409182751399604,-0.014463907456517822
CX2_38,65.0,0.9536543675755228,0.9369698548288536,-0.016684512746669156
CX2_38,66.0,0.952300108729961,0.9300544469456277,-0.022245661784333293
CX2_38,67.0,0.9511180437887303,0.9297875360021972,-0.021330507786533115
CX2_38,68.0,0.9487916615192863,0.925005553980659,-0.02378610753862731
CX2_38,69.0,0.9494503898380292,0.9227574092067375,-0.026692980631291663
CX2_38,70.0,0.9486291168012289,0.9216177006088704,-0.027011416192358473
CX2_38,71.0,0.9442106651682535,0.9215856315460236,-0.022625033622229895
CX2_38,72.0,0.9436419577955957,0.921338990364551,-0.02230296743104465
CX2_38,73.0,0.942825250797133,0.921338990364551,-0.02148626043258195
CX2_38,74.0,0.9407589031320179,0.921338990364551,-0.019419912767466907
CX2_38,75.0,0.9419104300598429,0.921338990364551,-0.02057143969529185
CX2_38,76.0,0.9415922287255605,0.9220068578135715,-0.019585370911988975
CX2_38,77.0,0.9405782021413336,0.9220068578135715,-0.018571344327762085
CX2_38,78.0,0.9396905966272361,0.9214452975258123,-0.018245299101423806
CX2_38,79.0,0.9387846599736138,0.9214452975258123,-0.017339362447801543
CX2_38,80.0,0.9385994538833795,0.9206509072873164,-0.017948546596063153
CX2_38,81.0,0.9374953833403014,0.9194336576277758,-0.01806172571252551
CX2_38,82.0,0.9365565433858696,0.9190308240928132,-0.017525719293056352
CX2_38,83.0,0.9356261036525289,0.9175029769065823,-0.018123126745946516
CX2_38,84.0,0.9348576905547286,0.9162166149714116,-0.018641075583316957
CX2_38,85.0,0.9339985432686067,0.9155783575221351,-0.01842018574647153
CX2_38,86.0,0.933163314574694,0.9151798684830058,-0.017983446091688227
CX2_38,87.0,0.9328838292448463,0.9140996660922034,-0.018784163152642863
CX2_38,88.0,0.9317805144328875,0.912483081486111,-0.01929743294677644
CX2_38,89.0,0.9309266817121888,0.9117899855100207,-0.01913669620216818
CX2_38,90.0,0.9302176382213974,0.9115454762179311,-0.01867216200346622
CX2_38,91.0,0.9251911241575864,0.910098979248729,-0.015092144908857463
CX2_38,92.0,0.9235312285836345,0.9096913210100984,-0.013839907573536037
CX2_38,93.0,0.9224524263932443,0.9000507673648777,-0.02240165902836666
CX2_38,95.0,0.9253490263439145,0.9000507673648777,-0.025298258979036814
CX2_38,96.0,0.9257617247150527,0.9000507673648777,-0.025710957350175034
CX2_38,97.0,0.9253642453040952,0.9043549238993991,-0.021009321404696135
CX2_38,98.0,0.9298486332908051,0.9048324501475582,-0.02501618314324694
CX2_38,99.0,0.9305432295607601,0.9061926320943955,-0.024350597466364587
CX2_38,100.0,0.9259290247544906,0.9048324501475582,-0.021096574606932372
CX2_38,101.0,0.9248688993458866,0.9076180080667899,-0.017250891279096625
CX2_38,102.0,0.9249697702888564,0.9106172535597454,-0.014352516729110976
CX2_38,103.0,0.923210381666806,0.9076180080667899,-0.015592373600016085
CX2_38,104.0,0.9219028647274479,0.9043326283651202,-0.017570236362327685
CX2_38,105.0,0.9272631940491705,0.9076180080667899,-0.01964518598238052
CX2_38,106.0,0.927873710149967,0.9106172535597454,-0.01725645659022157
CX2_38,107.0,0.9206532080195667,0.9039337099321623,-0.016719498087404472
CX2_38,108.0,0.9197913983480505,0.9026881385331612,-0.01710325981488925
CX2_38,109.0,0.919709564761609,0.9041755446142751,-0.01553402014733396
CX2_38,110.0,0.9176655685861724,0.9014804783832476,-0.0161850902029248
CX2_38,111.0,0.9190635409173606,0.9014804783832476,-0.017583062534113014
CX2_38,112.0,0.9231079373496964,0.9041755446142751,-0.018932392735421355
CX2_38,113.0,0.9233688373110359,0.906097917118314,-0.017270920192721917
CX2_38,114.0,0.9152706324799622,0.906097917118314,-0.00917271536164821
CX2_38,115.0,0.9148499824989161,0.906097917118314,-0.008752065380602136
CX2_38,116.0,0.9147683127198544,0.8948002126105248,-0.01996810010932959
CX2_38,117.0,0.912120552884404,0.8942810005269887,-0.0178395523574153
CX2_38,118.0,0.9172606086937158,0.8942810005269887,-0.022979608166727172
CX2_38,119.0,0.9187694097878452,0.8942230367140773,-0.024546373073767835
CX2_38,120.0,0.9195188759997792,0.8942810005269887,-0.02523787547279055
CX2_38,121.0,0.9210283671111155,0.8946145832920752,-0.02641378381904025
CX2_38,122.0,0.9215361186953039,0.8948823694154433,-0.02665374927986064
CX2_38,123.0,0.9219781493291331,0.8948823694154433,-0.027095779913689833
CX2_38,124.0,0.9223799114837815,0.8952012592010744,-0.027178652282707105
CX2_38,125.0,0.9229547011493758,0.8952012592010744,-0.027753441948301427
CX2_38,126.0,0.9230188687196945,0.895823345639267,-0.027195523080427497
CX2_38,127.0,0.9230479571188048,0.8961630063104178,-0.026884950808387043
CX2_38,128.0,0.9230080980533569,0.8973984471898361,-0.02560965086352085
CX2_38,129.0,0.9229293125076643,0.8980858180709358,-0.024843494436728508
CX2_38,130.0,0.9229341188836034,0.8981941605969417,-0.024739958286661756
CX2_38,131.0,0.9228746013715339,0.8981957941959452,-0.02467880717558868
CX2_38,132.0,0.9226363579948241,0.8984685912356604,-0.024167766759163767
CX2_38,133.0,0.7874580446215244,0.8984685912356604,0.11101054661413601
CX2_38,134.0,0.9172641384625294,0.8981941605969417,-0.01906997786558773
CX2_38,135.0,0.9108571312187226,0.8870233305934357,-0.02383380062528684
CX2_38,136.0,0.9104357615120972,0.8854868050659487,-0.024948956446148474
CX2_38,137.0,0.9094569189160321,0.8837902084382577,-0.025666710477774357
CX2_38,138.0,0.9071075257909179,0.8837902084382577,-0.023317317352660183
CX2_38,139.0,0.9138447030745576,0.8854868050659487,-0.028357898008608884
CX2_38,140.0,0.9153358533212886,0.8854868050659487,-0.02984904825533996
CX2_38,141.0,0.9089347116685008,0.8837902084382577,-0.025144503230243087
CX2_38,142.0,0.9054614816063823,0.8852499996896743,-0.020211481916707963
CX2_38,143.0,0.9061256017383806,0.8852499996896743,-0.02087560204870631
CX2_38,144.0,0.9055585087006729,0.8835201154086068,-0.02203839329206614
CX2_38,145.0,0.9209221975521671,0.8835201154086068,-0.03740208214356033
CX2_38,146.0,0.926494614051981,0.8852499996896743,-0.04124461436230664
CX2_38,147.0,0.928590920768804,0.9086886834648863,-0.019902237303917714
CX2_38,148.0,0.9241119633377048,0.9086886834648863,-0.015423279872818552
CX2_38,149.0,0.9169684934758742,0.9086886834648863,-0.008279810010987876
CX2_38,150.0,0.9164802727806869,0.8991219856499811,-0.017358287130705752
CX2_38,151.0,0.9157698569993219,0.8991219856499811,-0.01664787134934076
CX2_38,152.0,0.9123817825522942,0.8972341977634504,-0.015147584788843815
CX2_38,153.0,0.918306729217922,0.8991219856499811,-0.019184743567940865
CX2_38,154.0,0.9200413706293304,0.9000082749036634,-0.020033095725667027
CX2_38,155.0,0.9133824944986956,0.9000082749036634,-0.013374219595032155
CX2_38,156.0,0.9090030007713836,0.8899990251908824,-0.019003975580501264
CX2_38,157.0,0.9097349882373328,0.8898764741702964,-0.019858514067036426
CX2_38,158.0,0.9078412906852432,0.8873487716248328,-0.020492519060410386
CX2_38,159.0,0.9056317487579232,0.8864741409964069,-0.019157607761516315
CX2_38,160.0,0.9125682114063507,0.8873487716248328,-0.02521943978151786
CX2_38,161.0,0.9137068206678075,0.8898764741702964,-0.023830346497511146
CX2_38,162.0,0.9139475621872437,0.8970283897684579,-0.01691917241878582
CX2_38,163.0,0.9139485046270514,0.8970283897684579,-0.01692011485859346
CX2_38,164.0,0.9138991746850451,0.8970283897684579,-0.016870784916587223
CX2_38,165.0,0.9142821289379189,0.8968321198877607,-0.017450009050158255
CX2_38,166.0,0.9143912536347459,0.8967434430359,-0.017647810598845903
CX2_38,167.0,0.9143058333456676,0.8966473354644507,-0.017658497881216872
CX2_38,168.0,0.9139619728135632,0.8957558556889627,-0.018206117124600518
CX2_38,169.0,0.9136709389241443,0.8951448376289126,-0.01852610129523169
CX2_38,170.0,0.9134212139071998,0.8950488842259157,-0.018372329681284105
CX2_38,171.0,0.913281544978298,0.8950284699826577,-0.018253074995640328
CX2_38,172.0,0.9133691359075214,0.8944850702697263,-0.0188840656377951
CX2_38,173.0,0.9132637880652326,0.8943029337916024,-0.018960854273630146
CX2_38,174.0,0.9141124151019842,0.8942507994132668,-0.01986161568871736
CX2_38,175.0,0.9139879289895563,0.8937189232429049,-0.02026900574665136
CX2_38,176.0,0.903328502591095,0.8937189232429049,-0.009609579348190067
CX2_38,177.0,0.9021520963928897,0.8932875545703415,-0.008864541822548255
CX2_38,178.0,0.9005470606528393,0.8842235594783586,-0.01632350117448067
CX2_38,179.0,0.8995232704233491,0.8783604580099903,-0.021162812413358822
CX2_38,180.0,0.8999429421187325,0.8783604580099903,-0.021582484108742195
CX2_38,181.0,0.9053149838979613,0.8842235594783586,-0.021091424419602656
CX2_38,182.0,0.9064301629257769,0.8882067322565889,-0.01822343066918808
CX2_38,183.0,0.895790885680042,0.8882067322565889,-0.007584153423453088
CX2_38,184.0,0.895328778877537,0.8882067322565889,-0.007122046620948175
CX2_38,185.0,0.895298923802069,0.8762079839045205,-0.01909093989754851
CX2_38,186.0,0.8946009273806026,0.8747298701616713,-0.019871057218931343
CX2_38,187.0,0.8969210357196786,0.8747298701616713,-0.022191165558007375
CX2_38,188.0,0.9013929572519715,0.8762079839045205,-0.025184973347451067
CX2_38,189.0,0.9025593502485014,0.8854279945602448,-0.017131355688256633
CX2_38,190.0,0.8934202130038688,0.8854279945602448,-0.007992218443623966
CX2_38,191.0,0.8938520336932476,0.8854279945602448,-0.008424039133002825
CX2_38,192.0,0.8943434756129539,0.8792745227862425,-0.01506895282671139
CX2_38,193.0,0.8933012396299168,0.8771381380389057,-0.016163101591011086
CX2_38,194.0,0.896548293925443,0.8771381380389057,-0.019410155886537273
CX2_38,195.0,0.9092478582975335,0.8792745227862425,-0.029973335511291
CX2_38,196.0,0.9152080929029955,0.8865026505459556,-0.02870544235703998
CX2_38,197.0,0.9174809533579893,0.8993729411631465,-0.018108012194842815
CX2_38,198.0,0.9120594239013534,0.8993729411631465,-0.012686482738206939
CX2_38,199.0,0.905966306893364,0.8993729411631465,-0.006593365730217515
CX2_38,200.0,0.9065583841074581,0.8919520839073027,-0.014606300200155409
CX2_38,201.0,0.9126459795220685,0.8919520839073027,-0.020693895614765756
CX2_38,202.0,0.9138026524429473,0.8919520839073027,-0.0218505685356446
CX2_38,203.0,0.9132348416359222,0.8965670675333891,-0.01666777410253306
CX2_38,204.0,0.9128676091340424,0.8965670675333891,-0.016300541600653307
CX2_38,206.0,0.911925442237665,0.8953562198404381,-0.016569222397226913
CX2_38,207.0,0.9116604448928984,0.8943106773944001,-0.01734976749849837
CX2_38,208.0,0.9119743243869614,0.8943106773944001,-0.017663646992561288
CX2_38,209.0,0.911719910388597,0.8942959205098818,-0.017423989878715185
CX2_38,210.0,0.9112844337269594,0.8942959205098818,-0.016988513217077617
CX2_38,211.0,0.9108035261541748,0.8935169593520559,-0.01728656680211893
CX2_38,212.0,0.9104629178121701,0.8928752187518182,-0.017587699060351958
CX2_38,213.0,0.9101562616479015,0.8922191193767556,-0.017937142271145956
CX2_38,214.0,0.9099510363836093,0.8919351057037053,-0.018015930679904035
CX2_38,215.0,0.9097967334368836,0.8912893431395672,-0.018507390297316406
CX2_38,216.0,0.9093074787041344,0.89125732543555,-0.01805015326858439
CX2_38,217.0,0.9089121406326107,0.8905810322871279,-0.018331108345482794
CX2_38,218.0,0.908636709313707,0.8904786660604254,-0.01815804325328163
CX2_38,219.0,0.9036203947467268,0.8897966188899219,-0.013823775856804943
CX2_38,220.0,0.8971938509847096,0.8894932515945941,-0.00770059939011547
CX2_38,221.0,0.8967967210773456,0.8814180416468489,-0.015378679430496756
CX2_38,222.0,0.89460422494936,0.88059609747295,-0.014008127476410004
CX2_38,223.0,0.8925649050718902,0.8754749665259692,-0.017089938545921002
CX2_38,224.0,0.8987060124917297,0.88059609747295,-0.018109915018779676
CX2_38,225.0,0.900976985907774,0.88059609747295,-0.020380888434823996
CX2_38,226.0,0.8964186407543355,0.8754749665259692,-0.020943674228366294
CX2_38,227.0,0.8907106616450005,0.8722081416412789,-0.018502520003721545
CX2_38,228.0,0.8913265737419844,0.8746268160272527,-0.016699757714731756
CX2_38,229.0,0.8910725104411742,0.8731602688114097,-0.017912241629764458
CX2_38,230.0,0.887132814955059,0.8722081416412789,-0.014924673313780112
CX2_38,231.0,0.8939693846367665,0.8731602688114097,-0.020809115825356717
CX2_38,232.0,0.8961116653274254,0.8746268160272527,-0.021484849300172693
CX2_38,233.0,0.8904963785724856,0.8731602688114097,-0.017336109761075913
CX2_38,234.0,0.8851391396626445,0.8661635499806413,-0.01897558968200319
CX2_38,235.0,0.8858881182909822,0.8650755095092126,-0.020812608781769604
CX2_38,236.0,0.8834401384410422,0.8639615987443364,-0.019478539696705766
CX2_38,237.0,0.8823551338634712,0.8620939898244796,-0.020261144038991596
CX2_38,238.0,0.8893155098088092,0.8639615987443364,-0.025353911064472823
CX2_38,239.0,0.8913802197382654,0.8650755095092126,-0.026304710229052786
CX2_38,240.0,0.8853981873791285,0.8599434327627804,-0.025454754616348052
CX2_38,241.0,0.8815507023839686,0.8588707622311867,-0.022679940152781852
CX2_38,242.0,0.8822660302468649,0.861867325132911,-0.02039870511395392
CX2_38,243.0,0.8825382917737432,0.8602778540736515,-0.022260437700091673
CX2_38,244.0,0.8821583759319285,0.8599344811243849,-0.02222389480754361
CX2_38,245.0,0.8932764032869053,0.8602778540736515,-0.032998549213253736
CX2_38,246.0,0.8941774296557974,0.861867325132911,-0.03231010452288641
CX2_38,248.0,0.8914073167988247,0.8631351435560569,-0.028272173242767762
CX2_38,249.0,0.8994279438186994,0.8782606477874322,-0.021167296031267213
CX2_38,250.0,0.905501422020441,0.8830706089591263,-0.02243081306131478
CX2_38,251.0,0.9046944554019256,0.8905926286706506,-0.014101826731275025
CX2_38,252.0,0.8924738325510527,0.8905926286706506,-0.001881203880402138
CX2_38,253.0,0.8921782377594041,0.8905926286706506,-0.0015856090887534924
CX2_38,254.0,0.8906543257158716,0.8695783501576203,-0.021075975558251248
CX2_38,256.0,0.8917152306005763,0.8695783501576203,-0.02213688044295603
CX2_38,257.0,0.8876899146827095,0.869365642031892,-0.018324272650817486
CX2_38,259.0,0.889116806612285,0.869365642031892,-0.019751164580392944
CX2_38,260.0,0.895198750017778,0.8773847749373673,-0.017813975080410716
CX2_38,261.0,0.8962423295299851,0.8813762080478513,-0.014866121482133732
CX2_38,262.0,0.8854282075755185,0.8813762080478513,-0.004051999527667216
CX2_38,263.0,0.8839788864217796,0.8813762080478513,-0.0026026783739282466
CX2_38,264.0,0.8823586437629634,0.8677079426941834,-0.01465070106877997
CX2_38,265.0,0.8812018139241825,0.8627129908167376,-0.01848882310744493
CX2_38,266.0,0.8820116806985069,0.8627129908167376,-0.019298689881769304
CX2_38,267.0,0.8876913764944541,0.8677079426941834,-0.019983433800270678
CX2_38,268.0,0.8885418602339998,0.8695971778686097,-0.018944682365390153
CX2_38,269.0,0.8768091343147609,0.8695971778686097,-0.007211956446151246
CX2_38,270.0,0.8770458766196442,0.8695971778686097,-0.007448698751034488
CX2_38,271.0,0.876325623561782,0.8545648139185115,-0.02176080964327054
CX2_38,272.0,0.875729469896955,0.8538866042743685,-0.021842865622586527
CX2_38,273.0,0.8779339268323842,0.8538866042743685,-0.024047322558015782
CX2_38,274.0,0.8822151959808472,0.8545648139185115,-0.02765038206233572
CX2_38,275.0,0.8829841969329635,0.8641791000185167,-0.01880509691444676
CX2_38,276.0,0.8832864526673297,0.8646870185994344,-0.018599434067895326
CX2_38,277.0,0.8836057132334345,0.8650538768326038,-0.01855183640083069
CX2_38,278.0,0.8839668105801295,0.8650538768326038,-0.018912933747525673
CX2_38,279.0,0.8843979923764868,0.8654994058851693,-0.01889858649131748
CX2_38,280.0,0.884464672945071,0.8663867728808679,-0.01807790006420318
CX2_38,281.0,0.884610190903827,0.8668473657024088,-0.017762825201418142
CX2_38,282.0,0.884481405546231,0.867062400477391,-0.017419005068839977
CX2_38,283.0,0.8840259024653583,0.867062400477391,-0.016963501987967256
CX2_38,284.0,0.8843612148312794,0.8671547725954507,-0.01720644223582868
CX2_38,285.0,0.8841020298927016,0.8672430790795393,-0.016858950813162243
CX2_38,286.0,0.8843277382941982,0.8671547725954507,-0.01717296569874749
CX2_38,287.0,0.8848491314335498,0.8672430790795393,-0.01760605235401047
CX2_38,288.0,0.8850542370726744,0.867619417414669,-0.017434819658005418
CX2_38,289.0,0.8846691462913382,0.8672430790795393,-0.017426067211798846
CX2_38,291.0,0.8697729399679838,0.8670082797046124,-0.00276466026337141
CX2_38,292.0,0.8715132911771208,0.8509532070150772,-0.02056008416204369
CX2_38,293.0,0.8693610327470094,0.8447751451728898,-0.024585887574119614
CX2_38,294.0,0.8674563862308119,0.8408426290976108,-0.026613757133201132
CX2_38,295.0,0.8765508103130524,0.8447751451728898,-0.03177566514016261
CX2_38,296.0,0.8780546781010354,0.8509532070150772,-0.027101471085958284
CX2_38,297.0,0.8695954570347179,0.8419250133903485,-0.027670443644369325
CX2_38,298.0,0.8656358409013712,0.8419250133903485,-0.023710827511022714
CX2_38,299.0,0.866883471527941,0.8437141811651947,-0.023169290362746287
CX2_38,300.0,0.8663922777354676,0.8437141811651947,-0.022678096570272865
CX2_38,301.0,0.8631572026185282,0.8419250133903485,-0.02123218922817971
CX2_38,302.0,0.8712843199320218,0.8437141811651947,-0.027570138766827124
CX2_38,303.0,0.8730384460590612,0.8439993486217326,-0.029039097437328576
CX2_38,304.0,0.8656200069481413,0.8439993486217326,-0.021620658326408693
CX2_38,305.0,0.8612149558165053,0.8393322751138451,-0.021882680702660195
CX2_38,306.0,0.8743084868668138,0.8550954548998057,-0.019213031967008187
CX2_38,307.0,0.8747585838832589,0.8559214394563097,-0.01883714442694917
CX2_38,308.0,0.8805524593618708,0.8597447182775686,-0.020807741084302167
CX2_38,309.0,0.8828046691276458,0.8599136333051124,-0.02289103582253338
CX2_38,310.0,0.8793960365188584,0.8599136333051124,-0.019482403213746058
CX2_38,311.0,0.8704613936146394,0.8599136333051124,-0.010547760309526977
CX2_38,312.0,0.8707479569763279,0.8500390370868709,-0.020708919889457
CX2_38,313.0,0.8690136258236897,0.8491235317079251,-0.01989009411576459
CX2_38,314.0,0.8667502629387015,0.8462142472802617,-0.020536015658439766
CX2_38,315.0,0.8721915672326033,0.8462142472802617,-0.025977319952341538
CX2_38,316.0,0.8741651164704508,0.8500390370868709,-0.024126079383579913
CX2_38,317.0,0.874568382069331,0.8589239485617757,-0.01564443350755529
CX2_38,318.0,0.87463386923443,0.8590637771218699,-0.015570092112560108
CX2_38,319.0,0.8748615244339325,0.8593865209641691,-0.015475003469763382
CX2_38,320.0,0.875396372714348,0.8593865209641691,-0.016009851750178883
CX2_38,321.0,0.8754598107446898,0.8597203529719608,-0.015739457772729004
CX2_38,322.0,0.8748369411512412,0.8597203529719608,-0.01511658817928041
CX2_38,323.0,0.874548922418294,0.8597203529719608,-0.01482856944633315
CX2_38,324.0,0.8742490291334342,0.8589218039948077,-0.015327225138626499
CX2_38,325.0,0.8739724813523602,0.8588004500878499,-0.015172031264510277
CX2_38,326.0,0.8737212151562109,0.8586951597471768,-0.015026055409034123
CX2_38,327.0,0.873660728511683,0.8582954227630047,-0.015365305748678226
CX2_38,328.0,0.8737154771110316,0.8582954227630047,-0.015420054348026846
CX2_38,329.0,0.8734784377477951,0.8582954227630047,-0.015183014984790355
CX2_38,330.0,0.873287516333924,0.8581387251559007,-0.015148791178023258
CX2_38,331.0,0.8727657432480785,0.8581364775473705,-0.014629265700707994
CX2_38,332.0,0.8601365507157525,0.8579728033876326,-0.0021637473281198583
CX2_38,333.0,0.8587558673195391,0.8577151696305989,-0.0010406976889402175
CX2_38,334.0,0.8578656100668736,0.8364939376649313,-0.021371672401942265
CX2_38,335.0,0.8562189473275523,0.8362249941505239,-0.019993953177028456
CX2_38,336.0,0.8593302224179948,0.8362249941505239,-0.023105228267470967
CX2_38,337.0,0.8646800623281861,0.8364939376649313,-0.028186124663254764
CX2_38,338.0,0.8658132706241759,0.8515268014840572,-0.014286469140118663
CX2_38,339.0,0.8556602394237105,0.8515268014840572,-0.004133437939653262
CX2_38,340.0,0.8544723062136289,0.8515268014840572,-0.0029455047295716685
CX2_38,341.0,0.8530565278941784,0.8339452124265181,-0.019111315467660317
CX2_38,342.0,0.8534787785685938,0.8336418546984783,-0.019836923870115486
CX2_38,343.0,0.8552235352965175,0.8336418546984783,-0.02158168059803922
CX2_38,344.0,0.8601560460819073,0.8339452124265181,-0.026210833655389232
CX2_38,345.0,0.8622375762864567,0.845984913527078,-0.016252662759378644
CX2_38,346.0,0.8522514004877272,0.845984913527078,-0.006266486960649131
CX2_38,347.0,0.8514490193239713,0.845984913527078,-0.0054641057968932705
CX2_38,348.0,0.8500181955609715,0.8336785186670466,-0.016339676893924904
CX2_38,349.0,0.8503835834558736,0.8336785186670466,-0.01670506478882705
CX2_38,350.0,0.8510250154351586,0.8336785186670466,-0.017346496768112063
CX2_38,351.0,0.8579255234123648,0.8340969747369545,-0.023828548675410288
CX2_38,352.0,0.859208796846157,0.8366831798296979,-0.022525617016459165
CX2_38,353.0,0.8504892627413011,0.8366831798296979,-0.013806082911603235
CX2_38,354.0,0.8493446179867407,0.8366831798296979,-0.012661438157042793
CX2_38,355.0,0.848815251954364,0.8343360432825724,-0.014479208671791644
CX2_38,356.0,0.8583499437104678,0.8333167963115926,-0.02503314739887519
CX2_38,357.0,0.8602628754684603,0.8333167963115926,-0.02694607915686764
CX2_38,358.0,0.8675788580259703,0.8343360432825724,-0.033242814743397964
CX2_38,359.0,0.8675966156038425,0.837491483192406,-0.03010513241143653
CX2_38,360.0,0.8677042622830206,0.849179925144981,-0.01852433713803958
CX2_38,361.0,0.8673580493158707,0.8526879685321026,-0.01467008078376808
CX2_38,362.0,0.8678747892679215,0.8528404811854179,-0.015034308082503611
CX2_38,363.0,0.8683008704706927,0.8537812785184138,-0.01451959195227892
CX2_38,364.0,0.8680270797001844,0.8545283091325481,-0.013498770567636376
CX2_38,365.0,0.867731014972186,0.8545283091325481,-0.013202705839637896
CX2_38,366.0,0.8673726096589023,0.8545283091325481,-0.012844300526354213
CX2_38,367.0,0.867045953649268,0.8537889303185475,-0.01325702333072043
CX2_38,368.0,0.8667461687932396,0.853486776509505,-0.013259392283734628
CX2_38,369.0,0.8664478063558124,0.853081809623963,-0.013365996731849461
CX2_38,370.0,0.8662958420713702,0.8528461824615737,-0.013449659609796494
CX2_38,371.0,0.8664242600381464,0.8528068674760366,-0.013617392562109809
CX2_38,372.0,0.8659443456891305,0.8527583818064958,-0.01318596388263471
CX2_38,373.0,0.865668861695572,0.8527583818064958,-0.012910479889076232
CX2_38,374.0,0.8546518457631506,0.8525607035132865,-0.002091142249864064
CX2_38,375.0,0.8511179743731784,0.852364225917187,0.001246251544008592
CX2_38,376.0,0.8500502393224564,0.830031446348105,-0.020018792974351385
CX2_38,378.0,0.8473860606672238,0.8291440804180464,-0.018241980249177336
CX2_38,379.0,0.8531254702216181,0.8291440804180464,-0.023981389803571673
CX2_38,380.0,0.8566849888411883,0.8295230389018113,-0.027161949939376928
CX2_38,381.0,0.8557694772757154,0.836243732796678,-0.019525744479037432
CX2_38,382.0,0.846409195371822,0.836243732796678,-0.010165462575144057
CX2_38,383.0,0.8472926240884636,0.836243732796678,-0.011048891291785656
CX2_38,384.0,0.8466009990472814,0.8264560769008842,-0.02014492214639718
CX2_38,385.0,0.8452226404134054,0.8245251446214888,-0.020697495791916598
CX2_38,386.0,0.8486983730686358,0.8245251446214888,-0.024173228447146977
CX2_38,387.0,0.8535552058258943,0.8264560769008842,-0.027099128925010096
CX2_38,388.0,0.8552082985240672,0.8410655542219474,-0.014142744302119814
CX2_38,389.0,0.8451644913195232,0.8410655542219474,-0.0040989370975758055
CX2_38,390.0,0.8451492837685801,0.8410655542219474,-0.0040837295466327195
CX2_38,391.0,0.8452298399473243,0.8272946403847459,-0.017935199562578386
CX2_38,392.0,0.844196774701592,0.8246380426998756,-0.019558732001716428
CX2_38,394.0,0.8513357176809568,0.8246380426998756,-0.02669767498108122
CX2_38,395.0,0.8532050887544516,0.8272946403847459,-0.025910448369705685
CX2_38,396.0,0.8476926507466165,0.8240409676102086,-0.023651683136407864
CX2_38,397.0,0.8429880869409311,0.8234696909198584,-0.019518396021072637
CX2_38,398.0,0.8426842200205612,0.8234696909198584,-0.01921452910070276
CX2_38,399.0,0.8415403661084913,0.8204021554904515,-0.021138210618039777
CX2_38,400.0,0.8401814552334483,0.8193679142668202,-0.02081354096662813
CX2_38,401.0,0.8457845406469032,0.8193679142668202,-0.02641662638008302
CX2_38,402.0,0.8384769398827118,0.8187784166371015,-0.019698523245610278
CX2_38,403.0,0.8374010811119662,0.8139173160201593,-0.02348376509180694
CX2_38,404.0,0.8374344922471809,0.8118360743916888,-0.025598417855492106
CX2_38,405.0,0.8378084810817662,0.8118360743916888,-0.025972406690077388
CX2_38,406.0,0.8569124333317341,0.8118360743916888,-0.04507635894004525
CX2_38,407.0,0.8627896271479751,0.8161658412119174,-0.04662378593605776
CX2_38,408.0,0.8659169695593849,0.8380316459304061,-0.027885323628978775
CX2_38,409.0,0.8665579820180169,0.8519725481657603,-0.014585433852256635
CX2_38,410.0,0.8587727878844115,0.8519725481657603,-0.00680023971865118
CX2_38,411.0,0.8600194611435994,0.8519725481657603,-0.008046912977839105
CX2_38,412.0,0.8629769678580651,0.845328090976625,-0.017648876881440123
CX2_38,413.0,0.8642014347774161,0.845328090976625,-0.018873343800791087
CX2_38,414.0,0.8653670646520497,0.845328090976625,-0.02003897367542473
CX2_38,415.0,0.8666228100899179,0.8472569399146243,-0.019365870175293676
CX2_38,416.0,0.8667725484464325,0.8534244297318284,-0.013348118714604063
CX2_38,417.0,0.8597264794800412,0.8534244297318284,-0.006302049748212801
CX2_38,418.0,0.8582937957449361,0.8534244297318284,-0.004869366013107723
CX2_38,419.0,0.8591900784334796,0.8412393641406101,-0.01795071429286954
CX2_38,420.0,0.8585403044014223,0.8406219798546971,-0.01791832454672515
CX2_38,421.0,0.8597108333773151,0.8406219798546971,-0.01908885352261802
CX2_38,422.0,0.8618100574503742,0.8412393641406101,-0.020570693309764132
CX2_38,423.0,0.8617789463156486,0.8439942733942045,-0.017784672921444034
CX2_38,424.0,0.8532354871060902,0.8439942733942045,-0.009241213711885687
CX2_38,425.0,0.853143528915897,0.8439942733942045,-0.009149255521692434
CX2_38,426.0,0.8521281391366057,0.8265717825943432,-0.025556356542262515
CX2_38,427.0,0.8525819415033241,0.8265717825943432,-0.02601015890898095
CX2_38,428.0,0.8516321316786198,0.8265717825943432,-0.02506034908427668
CX2_38,429.0,0.8563758492334829,0.8305558493406062,-0.025819999892876644
CX2_38,430.0,0.8568511790025746,0.8322205845217954,-0.0246305944807792
CX2_38,431.0,0.8502090825875765,0.8322205845217954,-0.017988498065781178
CX2_38,432.0,0.8497867023451634,0.8322205845217954,-0.017566117823368033
CX2_38,433.0,0.8499483225630738,0.8282025353707,-0.021745787192373855
CX2_38,434.0,0.850856468351793,0.8282025353707,-0.022653932981092972
CX2_38,435.0,0.8493977208475493,0.8272821917896582,-0.022115529057891048
CX2_38,436.0,0.8539894127981262,0.8282025353707,-0.025786877427426247
CX2_38,437.0,0.854775198314486,0.8329589996887732,-0.021816198625712824
CX2_38,438.0,0.855047989635306,0.8377818004277336,-0.01726618920757239
CX2_38,439.0,0.8552606924849023,0.8390362374094555,-0.016224455075446786
CX2_38,440.0,0.8554515694746514,0.839669408752589,-0.0157821607220624
CX2_38,441.0,0.8566180351038998,0.8400453402729362,-0.016572694830963575
CX2_38,442.0,0.857062217934302,0.8400645537762634,-0.016997664158038606
CX2_38,443.0,0.8571878010959006,0.8421922363893278,-0.014995564706572817
CX2_38,444.0,0.8572433787341239,0.8421922363893278,-0.015051142344796098
CX2_38,445.0,0.8572782303341926,0.8421922363893278,-0.015085993944864762
CX2_38,446.0,0.8569380510806321,0.8418119007930435,-0.01512615028758868
CX2_38,447.0,0.8567742126394693,0.8417069000338084,-0.015067312605660854
CX2_38,448.0,0.8566414846901004,0.8417069000338084,-0.014934584656291938
CX2_38,449.0,0.8568386718071819,0.8418027962973011,-0.015035875509880725
CX2_38,450.0,0.8567631193693768,0.8418119007930435,-0.014951218576333303
CX2_38,451.0,0.8565668016918446,0.8418027962973011,-0.014764005394543478
CX2_38,452.0,0.8535156685951661,0.8418027962973011,-0.011712872297864996
CX2_38,453.0,0.846147595809066,0.8416622239445328,-0.0044853718645331275
CX2_38,454.0,0.8446052101661938,0.8284856243091137,-0.016119585857080176
CX2_38,455.0,0.8445169257046171,0.8245978302028365,-0.019919095501780615
CX2_38,456.0,0.8552751982075563,0.8245978302028365,-0.030677368004719763
CX2_38,457.0,0.8568622255581347,0.8245978302028365,-0.03226439535529824
CX2_38,459.0,0.8596224131848152,0.8397537671208682,-0.019868646063947004
CX2_38,460.0,0.8609684232851926,0.8403060255963636,-0.02066239768882905
CX2_38,461.0,0.8578936480415524,0.8397537671208682,-0.018139880920684193
CX2_38,462.0,0.8531352918383194,0.834872972985918,-0.01826231885240137
CX2_38,463.0,0.8542064905209045,0.8377591962217329,-0.016447294299171578
CX2_38,464.0,0.853898374139429,0.835812898970744,-0.018085475168685083
CX2_38,465.0,0.8512641204799043,0.834872972985918,-0.01639114749398629
CX2_38,466.0,0.854960509375645,0.835812898970744,-0.019147610404901094
CX2_38,467.0,0.85643082673333,0.8377591962217329,-0.018671630511597148
CX2_38,468.0,0.8553252297503707,0.8378426155968411,-0.017482614153529585
CX2_38,469.0,0.8471851886355628,0.8378426155968411,-0.009342573038721658
CX2_38,470.0,0.8470985534010376,0.8378426155968411,-0.009255937804196424
CX2_38,471.0,0.846816288264859,0.8285037078249475,-0.018312580439911463
CX2_38,472.0,0.8464417341948857,0.8281485539374446,-0.01829318025744109
CX2_38,473.0,0.8485874199194635,0.8281485539374446,-0.02043886598201894
CX2_38,474.0,0.8518265792206687,0.8285037078249475,-0.0233228713957212
CX2_38,476.0,0.8443212593365034,0.8281485539374446,-0.016172705399058795
CX2_38,477.0,0.8422051247860135,0.8236562740260545,-0.018548850759959046
CX2_38,478.0,0.8431776771498369,0.8236562740260545,-0.019521403123782477
CX2_38,479.0,0.8437068383213646,0.8236562740260545,-0.020050564295310158
CX2_38,481.0,0.8455048311075543,0.8256924763765198,-0.019812354731034487
CX2_38,482.0,0.8480298126811248,0.8261544820422602,-0.0218753306388646
CX2_38,483.0,0.848668781226159,0.8326691621031482,-0.015999619123010733
CX2_38,484.0,0.8493289521273656,0.8342637610916211,-0.01506519103574444
CX2_38,485.0,0.8495970850288205,0.8343121290125982,-0.015284956016222262
CX2_38,486.0,0.8500832202791083,0.8355191387183176,-0.014564081560790698
CX2_38,487.0,0.8508341535776358,0.8364532716236546,-0.01438088195398124
CX2_38,488.0,0.8506676004503774,0.8368742187491436,-0.013793381701233787
CX2_38,489.0,0.8505175481921261,0.8368742187491436,-0.013643329442982521
CX2_38,490.0,0.8505030047704093,0.8368742187491436,-0.013628786021265715
CX2_38,491.0,0.8502279758286135,0.8359054421783579,-0.014322533650255598
CX2_38,492.0,0.8499936373862533,0.8358893980603403,-0.014104239325912982
CX2_38,493.0,0.8501264782871545,0.8349324614772313,-0.015194016809923161
CX2_38,494.0,0.8503022922863832,0.83381498881161,-0.01648730347477323
CX2_38,495.0,0.8503576876202339,0.8332634495019007,-0.017094238118333216
CX2_38,496.0,0.850328858661826,0.8328439117276808,-0.01748494693414515
CX2_38,497.0,0.8500951082116963,0.8324804210306961,-0.017614687181000233
CX2_38,499.0,0.8386312021202463,0.8313294595272094,-0.007301742593036953
CX2_38,500.0,0.8392134957482627,0.8206068823577043,-0.018606613390558358
CX2_38,501.0,0.8394216386134832,0.8198733062383732,-0.01954833237511
CX2_38,502.0,0.8382905804994983,0.8181848254577964,-0.020105755041701978
CX2_38,503.0,0.8426927979293638,0.8198733062383732,-0.022819491690990623
CX2_38,504.0,0.8454260531797924,0.8206068823577043,-0.024819170822088066
CX2_38,505.0,0.8445480629335109,0.8231739089836226,-0.021374153949888286
CX2_38,506.0,0.842664511814023,0.8231739089836226,-0.019490602830400383
CX2_38,507.0,0.8441763143088763,0.8231739089836226,-0.02100240532525366
CX2_38,508.0,0.845599294943541,0.8231739089836226,-0.022425385959918387
CX2_38,509.0,0.8496664742906744,0.8231739089836226,-0.026492565307051796
CX2_38,510.0,0.8500056561690994,0.8325319184942966,-0.01747373767480276
CX2_38,511.0,0.8425474906496028,0.8325319184942966,-0.01001557215530613
CX2_38,512.0,0.8409299405208068,0.8325319184942966,-0.008398022026510188
CX2_38,513.0,0.8408472738681321,0.8220479996362524,-0.01879927423187966
CX2_38,514.0,0.839792993267278,0.821099435643091,-0.018693557624187007
CX2_38,515.0,0.838174720157565,0.820893731156065,-0.01728098900149999
CX2_38,516.0,0.8445588587181598,0.820893731156065,-0.023665127562094823
CX2_38,517.0,0.8455255551765797,0.820893731156065,-0.02463182402051467
CX2_38,518.0,0.8385609602834825,0.8189432686807766,-0.019617691602705878
CX2_38,519.0,0.8351058358194756,0.8174286841926842,-0.0176771516267914
CX2_38,520.0,0.8372578175997611,0.8161747920618652,-0.021083025537895983
CX2_38,521.0,0.8318728559770138,0.815962661191139,-0.015910194785874743
CX2_38,522.0,0.8254168105117373,0.8139859805316643,-0.011430829980073054
CX2_38,523.0,0.8355378280151393,0.8139859805316643,-0.02155184748347505
CX2_38,524.0,0.8385553208117342,0.8161747920618652,-0.022380528749869066
CX2_38,526.0,0.8240389576303102,0.791010098983292,-0.03302885864701821
CX2_38,527.0,0.8233599192982874,0.7869091248402327,-0.03645079445805477
CX2_38,528.0,0.8218171574936681,0.7831853600489803,-0.03863179744468781
CX2_38,529.0,0.8206948647009408,0.7831853600489803,-0.03750950465196046
CX2_38,530.0,0.8222722805973871,0.7838756698177268,-0.03839661077966028
CX2_38,531.0,0.8314589764864873,0.7869091248402327,-0.04454985164625458
CX2_38,532.0,0.8334310792671651,0.7978061237331681,-0.03562495553399703
CX2_38,533.0,0.8346426263229229,0.813106143907926,-0.021536482414996838
CX2_38,534.0,0.83546396655014,0.8144037132613874,-0.021060253288752606
CX2_38,535.0,0.8364183298199787,0.8174122859720515,-0.019006043847927145
CX2_38,536.0,0.8381519554608551,0.8187457881626818,-0.019406167298173238
CX2_38,537.0,0.8384750893025217,0.8204355209811696,-0.018039568321352117
CX2_38,538.0,0.8385132192700934,0.821608217754131,-0.016905001515962415
CX2_38,539.0,0.8375291285946725,0.821608217754131,-0.01592091084054159
CX2_38,540.0,0.8373405575551923,0.821608217754131,-0.015732339801061368
CX2_38,541.0,0.8372274180222635,0.8210259621471686,-0.016201455875094917
CX2_38,542.0,0.837141129105232,0.8204665365291844,-0.01667459257604753
CX2_38,543.0,0.8376193265622024,0.8204665365291844,-0.01715279003301795
CX2_38,544.0,0.8377157743670174,0.8204665365291844,-0.017249237837832943
CX2_38,545.0,0.8378133698617842,0.8209906658909814,-0.016822703970802877
CX2_38,546.0,0.8379157168501341,0.8209906658909814,-0.016925050959152754
CX2_38,547.0,0.8354529095324627,0.8209906658909814,-0.014462243641481298
CX2_38,548.0,0.8204752064789047,0.8207806342611822,0.0003054277822774898
CX2_38,549.0,0.8185880862578653,0.8142444646401529,-0.004343621617712401
CX2_38,550.0,0.8174756881478298,0.7886324727956631,-0.028843215352166718
CX2_38,551.0,0.8162312759904808,0.7830840723561793,-0.03314720363430157
CX2_38,552.0,0.8205258710147696,0.7830840723561793,-0.03744179865859032
CX2_38,553.0,0.8277895312884602,0.7830840723561793,-0.04470545893228095
CX2_38,554.0,0.8299221828383532,0.8100535302611437,-0.01986865257720949
CX2_38,555.0,0.8168797539643634,0.8100535302611437,-0.006826223703219725
CX2_38,556.0,0.8197641045758631,0.8100535302611437,-0.009710574314719445
CX2_38,557.0,0.8182278642318929,0.7900773203139796,-0.028150543917913273
CX2_38,558.0,0.823782617766775,0.7900773203139796,-0.03370529745279538
CX2_38,559.0,0.8290727960965919,0.7900773203139796,-0.03899547578261231
CX2_38,560.0,0.8301282362141995,0.8035163337897336,-0.026611902424465872
CX2_38,561.0,0.8155217060516977,0.8035163337897336,-0.012005372261964076
CX2_38,562.0,0.814584161144832,0.8035163337897336,-0.01106782735509837
CX2_38,563.0,0.8129242508905231,0.7779158533123253,-0.03500839757819785
CX2_38,565.0,0.8122587763514908,0.7740715701125968,-0.038187206238894045
CX2_38,566.0,0.8140133391709925,0.7740715701125968,-0.03994176905839575
CX2_38,567.0,0.8138426175930744,0.7726065145279275,-0.04123610306514691
CX2_38,568.0,0.8267350896160853,0.7726065145279275,-0.054128575088157826
CX2_38,569.0,0.8309117838843108,0.7742866037737716,-0.056625180110539186
CX2_38,570.0,0.8239835804794663,0.7864746144922343,-0.03750896598723197
CX2_38,571.0,0.8178773526378098,0.7864746144922343,-0.03140273814557548
CX2_38,572.0,0.8191997654396734,0.7868663473312784,-0.03233341810839507
CX2_38,573.0,0.8175283550411787,0.7864746144922343,-0.031053740548944386
CX2_38,574.0,0.8167147390177634,0.7822148947638856,-0.034499844253877754
CX2_38,575.0,0.8238329808936918,0.7822148947638856,-0.04161808612980622
CX2_38,576.0,0.8283213266673788,0.7868663473312784,-0.04145497933610043
CX2_38,577.0,0.8272323665858553,0.7973996206710414,-0.029832745914813885
CX2_38,578.0,0.8174330512340715,0.7973996206710414,-0.020033430563030086
CX2_38,579.0,0.8168309825352896,0.7973996206710414,-0.01943136186424821
CX2_38,580.0,0.8143503762992074,0.7847466707704243,-0.02960370552878311
CX2_38,581.0,0.8134657583561442,0.7847225814405224,-0.028743176915621782
CX2_38,582.0,0.8164337755828099,0.7847225814405224,-0.03171119414228751
CX2_38,583.0,0.8224681066611851,0.7847225814405224,-0.03774552522066266
CX2_38,584.0,0.8238801955108237,0.7982976568861148,-0.02558253862470894
CX2_38,585.0,0.81287214267083,0.7982976568861148,-0.014574485784715208
CX2_38,586.0,0.8151456698557362,0.7982976568861148,-0.016848012969621462
CX2_38,587.0,0.8157753433943697,0.7891649698331371,-0.026610373561232636
CX2_38,588.0,0.8155710058855896,0.7891296937655409,-0.026441312120048743
CX2_38,589.0,0.8137263714534025,0.7889850006564181,-0.024741370796984463
CX2_38,590.0,0.8208422687939567,0.7891296937655409,-0.031712575028415846
CX2_38,591.0,0.8217062307255442,0.7891296937655409,-0.03257653696000329
CX2_38,592.0,0.8161663403306838,0.7891296937655409,-0.02703664656514293
CX2_38,593.0,0.8137596401942981,0.7879072211798673,-0.025852419014430805
CX2_38,594.0,0.8141068568734644,0.7879072211798673,-0.026199635693597068
CX2_38,595.0,0.8139312680699022,0.7878002789193288,-0.026130989150573436
CX2_38,596.0,0.812033716334865,0.7858727818192741,-0.026160934515590872
CX2_38,597.0,0.8174213123278983,0.7858727818192741,-0.03154853050862416
CX2_38,598.0,0.8189639242333177,0.7878002789193288,-0.031163645313988853
CX2_38,599.0,0.8196038276138453,0.7965065379491999,-0.023097289664645415
CX2_38,600.0,0.8198056545032789,0.7969577610021016,-0.02284789350117733
CX2_38,601.0,0.81982711194405,0.7979913386598472,-0.02183577328420283
CX2_38,602.0,0.8199889172148996,0.798427344525156,-0.02156157268974368
CX2_38,603.0,0.8201447935962654,0.7992694914917526,-0.020875302104512716
CX2_38,604.0,0.8212598683990746,0.7993847674508611,-0.021875100948213544
CX2_38,605.0,0.8213968264322289,0.7995270373441387,-0.02186978908809023
CX2_38,606.0,0.8213303196210522,0.8012491409357584,-0.0200811786852938
CX2_38,607.0,0.821086690253322,0.8012491409357584,-0.019837549317563652
CX2_38,608.0,0.8208997277657978,0.8012491409357584,-0.019650586830039396
CX2_38,609.0,0.8206883532499734,0.8009520726083437,-0.01973628064162969
CX2_38,610.0,0.8191621038029936,0.8008548844916743,-0.01830721931131929
CX2_38,611.0,0.8189789877795951,0.8007435695700915,-0.018235418209503584
CX2_38,612.0,0.8187362245616344,0.7984489768544905,-0.020287247707143963
CX2_38,613.0,0.8182041463564457,0.7973559170711393,-0.020848229285306386
CX2_38,614.0,0.8112796457527145,0.7972257214565773,-0.014053924296137166
CX2_38,615.0,0.8124726037592594,0.7960347713899475,-0.016437832369311955
CX2_38,616.0,0.8116556972117686,0.7814505758197999,-0.030205121391968626
CX2_38,617.0,0.8158499826056761,0.7814505758197999,-0.03439940678587616
CX2_38,618.0,0.8190919823666981,0.7814505758197999,-0.03764140654689818
CX2_38,619.0,0.8188693842320617,0.7956469923776859,-0.0232223918543758
CX2_38,620.0,0.8094837432669059,0.7956469923776859,-0.013836750889219984
CX2_38,621.0,0.8084132484047126,0.7956469923776859,-0.012766256027026746
CX2_38,622.0,0.8080574616384905,0.7773903792124903,-0.030667082426000136
CX2_38,623.0,0.8067157864851491,0.7765743573823052,-0.030141429102843897
CX2_38,624.0,0.8084817826478375,0.7765743573823052,-0.03190742526553236
CX2_38,625.0,0.8137091478543477,0.7773903792124903,-0.036318768641857346
CX2_38,626.0,0.8145594005240036,0.7839015459191753,-0.030657854604828283
CX2_38,627.0,0.8067236740146577,0.7839015459191753,-0.022822128095482452
CX2_38,628.0,0.8048142669350346,0.7839015459191753,-0.02091272101585928
CX2_38,629.0,0.8059256033079755,0.7724046681302048,-0.03352093517777066
CX2_38,630.0,0.804768180803066,0.7713822680931498,-0.0333859127099162
CX2_38,631.0,0.8032922531272055,0.7711183390625889,-0.03217391406461667
CX2_38,632.0,0.8096960998935626,0.7713822680931498,-0.03831383180041281
CX2_38,633.0,0.810785771869533,0.7724046681302048,-0.03838110373932824
CX2_38,634.0,0.8061213143596966,0.7697849933199598,-0.03633632103973683
CX2_38,635.0,0.8009093589028373,0.7670243772521257,-0.03388498165071163
CX2_38,636.0,0.8018104141691949,0.7698687338522023,-0.031941680316992516
CX2_38,638.0,0.8010140535256508,0.7667793250372884,-0.0342347284883624
CX2_38,639.0,0.7997139730717764,0.7667265132946158,-0.032987459777160555
CX2_38,640.0,0.8067200759211705,0.7698687338522023,-0.03685134206896812
CX2_38,641.0,0.8081674702664826,0.7715067339205557,-0.036660736345926925
CX2_38,642.0,0.801583261738324,0.7715067339205557,-0.03007652781776826
CX2_38,643.0,0.7990270745134915,0.7684690917868379,-0.030557982726653665
CX2_38,644.0,0.799637413787847,0.7684690917868379,-0.031168322001009163
CX2_38,645.0,0.7996763968225198,0.7654146633735418,-0.03426173344897798
CX2_38,647.0,0.8006132042375886,0.765040943319269,-0.035572260918319665
CX2_38,648.0,0.8045795423413042,0.765040943319269,-0.03953859902203527
CX2_38,649.0,0.8055479318988775,0.7802767922620271,-0.02527113963685046
CX2_38,650.0,0.8061047483453042,0.7815647409317108,-0.024540007413593412
CX2_38,651.0,0.8066172559616506,0.7835637226935185,-0.023053533268132087
CX2_38,652.0,0.8071320498803486,0.7849886044551299,-0.022143445425218733
CX2_38,653.0,0.8076822712691969,0.7850419800290969,-0.02264029124010003
CX2_38,654.0,0.8079606476812885,0.787557697472412,-0.020402950208876502
CX2_38,655.0,0.8083995079821896,0.7885608949192024,-0.019838613062987176
CX2_38,656.0,0.8087648823022862,0.7887587304958207,-0.020006151806465478
CX2_38,657.0,0.8091744003725188,0.7887587304958207,-0.020415669876698073
CX2_38,658.0,0.8095762003189467,0.7885608949192024,-0.021015305399744277
CX2_38,659.0,0.8096525351659573,0.7881871466137916,-0.02146538855216562
CX2_38,660.0,0.8098622937720994,0.7873121631059833,-0.02255013066611611
CX2_38,661.0,0.8101803238838967,0.7864636179548049,-0.023716705929091808
CX2_38,662.0,0.8104715553504489,0.7859655387120331,-0.024506016638415784
CX2_38,663.0,0.8106121661002557,0.7857218332093493,-0.024890332890906364
CX2_38,664.0,0.8086700120742913,0.7854817249732035,-0.02318828710108789
CX2_38,666.0,0.7915676328044984,0.7818193166460529,-0.009748316158445514
CX2_38,667.0,0.7920318884121506,0.7428773923348463,-0.049154496077304266
CX2_38,668.0,0.8015657384239907,0.7428773923348463,-0.058688346089144416
CX2_38,669.0,0.8031654072533129,0.7428773923348463,-0.06028801491846658
CX2_38,670.0,0.796199593193024,0.7604372149448553,-0.03576237824816875
CX2_38,671.0,0.7948436084676127,0.7604372149448553,-0.03440639352275743
CX2_38,672.0,0.7945724487994736,0.7604372149448553,-0.03413523385461836
CX2_38,673.0,0.7962537600753911,0.7604372149448553,-0.03581654513053578
CX2_38,674.0,0.7954663971061933,0.7604372149448553,-0.03502918216133799
CX2_38,676.0,0.8000952537426216,0.7640521254816275,-0.036043128260994095
CX2_38,677.0,0.8012043133958262,0.7652899131601034,-0.03591440023572279
CX2_38,678.0,0.7945605510647903,0.7640521254816275,-0.0305084255831628
CX2_38,679.0,0.7939838309296647,0.7634089729247118,-0.030574858004952965
CX2_38,680.0,0.7936547265617523,0.7634089729247118,-0.030245753637040518
CX2_38,681.0,0.79469936453108,0.7633099795106543,-0.031389385020425764
CX2_38,682.0,0.793747594612586,0.7623461302191404,-0.0314014643934456
CX2_38,683.0,0.7983146279365994,0.7633099795106543,-0.035004648425945084
CX2_38,684.0,0.7986148523618934,0.7633099795106543,-0.03530487285123918
CX2_38,685.0,0.7936682083447967,0.7633099795106543,-0.03035822883414241
CX2_38,686.0,0.7909675953508599,0.7623461302191404,-0.02862146513171948
CX2_38,687.0,0.7914380520746451,0.7628442415989963,-0.028593810475648795
CX2_38,688.0,0.7905479589026112,0.7599815188696243,-0.03056644003298692
CX2_38,689.0,0.7900981724709741,0.7595067737691517,-0.03059139870182248
CX2_38,690.0,0.7951352954996014,0.7599815188696243,-0.035153776629977096
CX2_38,691.0,0.7977753420247118,0.7628442415989963,-0.034931100425715456
CX2_38,692.0,0.7988788676973183,0.7755942559236789,-0.023284611773639385
CX2_38,693.0,0.794182604694076,0.7755942559236789,-0.018588348770397056
CX2_38,694.0,0.7933083777596667,0.7755942559236789,-0.01771412183598775
CX2_38,695.0,0.7944758456183275,0.7643540705918138,-0.030121775026513697
CX2_38,696.0,0.7951526348734275,0.7643540705918138,-0.03079856428161365
CX2_38,697.0,0.7946493029120419,0.7643540705918138,-0.030295232320228127
CX2_38,698.0,0.7999964671332752,0.7643733461741742,-0.03562312095910103
CX2_38,699.0,0.8010199094865226,0.7669184583945358,-0.03410145109198681
CX2_38,700.0,0.8016755583427009,0.7736161579540903,-0.028059400388610545
CX2_38,701.0,0.8012819136069356,0.7739585054890404,-0.02732340811789513
CX2_38,702.0,0.8017062012113167,0.7753415476891636,-0.026364653522153114
CX2_38,703.0,0.8023279144295014,0.7780017333055469,-0.02432618112395446
CX2_38,704.0,0.8026431876135954,0.7784975099118105,-0.024145677701784884
CX2_38,705.0,0.8028757747002833,0.7802494151535645,-0.022626359546718766
CX2_38,706.0,0.8031327683974347,0.7803643072814076,-0.02276846111602715
CX2_38,707.0,0.8033039518151996,0.7805602480462683,-0.02274370376893131
CX2_38,708.0,0.803408043466111,0.7806057377191064,-0.022802305747004703
CX2_38,709.0,0.8031722502276949,0.7805602480462683,-0.02261200218142656
CX2_38,710.0,0.8032954924976891,0.7808407513519222,-0.022454741145766843
CX2_38,711.0,0.8040469820672812,0.7810419666406045,-0.023005015426676656
CX2_38,712.0,0.8038853320262419,0.7814890028165372,-0.02239632920970469
CX2_38,713.0,0.8034789869033505,0.7814890028165372,-0.021989984086813297
CX2_38,714.0,0.8031662759499288,0.7814890028165372,-0.021677273133391628
CX2_38,715.0,0.801035061389954,0.7813976942912317,-0.019637367098722214
CX2_38,716.0,0.8015705220227637,0.7809790465018133,-0.02059147552095042
CX2_38,717.0,0.804116221131194,0.7809790465018133,-0.023137174629380697
CX2_38,718.0,0.8072721839414301,0.7809790465018133,-0.02629313743961681
CX2_38,719.0,0.8076188149293444,0.7861068949927164,-0.021511919936628043
CX2_38,720.0,0.8021776825368716,0.7861068949927164,-0.01607078754415525
CX2_38,721.0,0.7987805290687814,0.7861068949927164,-0.012673634076065032
CX2_38,722.0,0.7993970550086115,0.7741517760406041,-0.025245278968007323
CX2_38,723.0,0.7985824238221643,0.7716289069337479,-0.026953516888416407
CX2_38,724.0,0.7977028798944193,0.7691474557684934,-0.028555424125925932
CX2_38,725.0,0.8045432454039713,0.7691474557684934,-0.03539578963547785
CX2_38,726.0,0.8053142089029413,0.7716289069337479,-0.03368530196919339
CX2_38,727.0,0.8017465884520849,0.7725577219727737,-0.029188866479311182
CX2_38,728.0,0.7979317900591616,0.7725577219727737,-0.02537406808638787
CX2_38,729.0,0.7966487986599092,0.7725577219727737,-0.024091076687135504
CX2_38,730.0,0.795880909137129,0.7695900290874702,-0.026290880049658738
CX2_38,731.0,0.7951307832743126,0.7672282801922802,-0.02790250308203246
CX2_38,733.0,0.8014107431176234,0.7666423382657083,-0.034768404851915125
CX2_38,734.0,0.8024372188083191,0.7672282801922802,-0.03520893861603891
CX2_38,735.0,0.7975853373172304,0.7676213159923068,-0.029964021324923595
CX2_38,736.0,0.7937433454516554,0.7676213159923068,-0.026122029459348606
CX2_38,738.0,0.8159892777049949,0.7782649351598283,-0.037724342545166545
CX2_38,739.0,0.8104651328232252,0.7676213159923068,-0.042843816830918424
CX2_38,740.0,0.792963432157477,0.7641588885425442,-0.028804543614932787
CX2_38,741.0,0.7989796216049898,0.7641588885425442,-0.0348207330624456
CX2_38,742.0,0.8052749477409531,0.7667215308631048,-0.0385534168778483
CX2_38,743.0,0.806810952834782,0.7667215308631048,-0.0400894219716772
CX2_38,745.0,0.7850849953613254,0.7667215308631048,-0.018363464498220572
CX2_38,746.0,0.782163652936017,0.7334798358275402,-0.0486838171084768
CX2_38,749.0,0.7884123889070984,0.7246979031902084,-0.06371448571688998
CX2_38,750.0,0.7925746857338848,0.7246979031902084,-0.06787678254367635
CX2_38,751.0,0.7899924446677148,0.7458313098813129,-0.044161134786401934
CX2_38,757.0,0.7831552734545684,0.7323811881633447,-0.050774085291223625
CX2_38,803.0,0.78299542091891,0.7387758758859156,-0.0442195450329943
CX2_8,1.0,1.0,1.0,0.0
CX2_8,1.0,0.9216932038176444,1.0,0.07830679618235559
CX2_8,1.0,0.8992828699364125,1.0,0.10071713006358751
CX2_8,1.0,0.8975535081471472,1.0,0.10244649185285282
CX2_8,1.0,0.8922962620606804,1.0,0.10770373793931964
CX2_8,1.0,0.9052954074096704,1.0,0.0947045925903296
CX2_8,1.0,0.9185145656643979,1.0,0.08148543433560207
CX2_8,1.0,0.9164525922091546,1.0,0.08354740779084535
CX2_8,1.0,0.9602530051774348,1.0,0.03974699482256516
CX2_8,1.0,0.9721303460320317,1.0,0.027869653967968255
CX2_8,1.0,0.982588443981647,1.0,0.01741155601835298
CX2_8,1.0,0.9971739709454891,1.0,0.0028260290545109035
CX2_8,1.0,0.9919435244066113,1.0,0.008056475593388734
CX2_8,1.0,0.9937627421383614,1.0,0.006237257861638645
CX2_8,1.0,0.9409713288415599,1.0,0.05902867115844013
CX2_8,2.0,0.8086423636302542,0.9269545205421563,0.11831215691190211
CX2_8,2.0,0.8043209335026663,0.9269545205421563,0.12263358703949001
CX2_8,2.0,0.8046190463133501,0.9269545205421563,0.1223354742288062
CX2_8,2.0,0.8027866830667759,0.9269545205421563,0.1241678374753804
CX2_8,2.0,0.8030980865474202,0.9269545205421563,0.12385643399473611
CX2_8,2.0,0.8026841045766405,0.9269545205421563,0.1242704159655158
CX2_8,2.0,0.8019634114862143,0.9269545205421563,0.12499110905594202
CX2_8,2.0,0.8048961242211282,0.9269545205421563,0.1220583963210281
CX2_8,2.0,0.8049080741184964,0.9269545205421563,0.12204644642365992
CX2_8,2.0,0.7959137384305902,0.9269545205421563,0.1310407821115661
CX2_8,2.0,0.7994417633376982,0.9269545205421563,0.1275127572044581
CX2_8,2.0,0.8110595140583674,0.9269545205421563,0.11589500648378892
CX2_8,2.0,0.809490441713104,0.9269545205421563,0.1174640788290523
CX2_8,2.0,0.8141782717764334,0.9269545205421563,0.1127762487657229
CX2_8,2.0,0.8719863274364321,0.9269545205421563,0.054968193105724206
CX2_8,2.0,0.8059118725224762,0.9269545205421563,0.12104264801968012
CX2_8,2.0,0.8113090116725284,0.9269545205421563,0.11564550886962788
CX2_8,2.0,0.8123452949976228,0.9269545205421563,0.11460922554453357
CX2_8,2.0,0.8086640949484356,0.9269545205421563,0.11829042559372072
CX2_8,2.0,0.824231682888745,0.9269545205421563,0.10272283765341128
CX2_8,2.0,0.8131309765768516,0.9269545205421563,0.1138235439653047
CX2_8,2.0,0.7983206369337231,0.9269545205421563,0.1286338836084332
CX2_8,2.0,0.8232087409989778,0.9269545205421563,0.10374577954317854
CX2_8,2.0,0.8190346242627873,0.9269545205421563,0.10791989627936904
CX2_8,2.0,0.8171945535904466,0.9269545205421563,0.10975996695170975
CX2_8,2.0,0.8139877164983803,0.9269545205421563,0.11296680404377601
CX2_8,2.0,0.8686384610667905,0.9269545205421563,0.05831605947536578
CX2_8,2.0,0.8696579602653397,0.9269545205421563,0.05729656027681662
CX2_8,2.0,0.8789160110980054,0.9269545205421563,0.04803850944415089
CX2_8,2.0,0.8093871057177445,0.9269545205421563,0.1175674148244118
CX2_8,2.0,0.794927053110092,0.9269545205421563,0.13202746743206428
CX2_8,2.0,0.818131243405239,0.9269545205421563,0.1088232771369173
CX2_8,2.0,0.8002832394218576,0.9269545205421563,0.12667128112029868
CX2_8,2.0,0.7991205698407654,0.9269545205421563,0.12783395070139092
CX2_8,2.0,1.0047978308380925,0.9269545205421563,-0.07784331029593616
CX2_8,2.0,0.9953390938105705,0.9269545205421563,-0.06838457326841418
CX2_8,2.0,0.977882911964006,0.9269545205421563,-0.050928391421849684
CX2_8,2.0,0.9560624328379573,0.9269545205421563,-0.02910791229580101
CX2_8,2.0,0.9445014811416692,0.9269545205421563,-0.017546960599512884
CX2_8,2.0,0.9209974327117774,0.9269545205421563,0.00595708783037896
CX2_8,2.0,0.9359087915588956,0.9269545205421563,-0.00895427101673929
CX2_8,2.0,0.9121891546253851,0.9269545205421563,0.014765365916771245
CX2_8,2.0,0.9009724398949673,0.9269545205421563,0.025982080647188988
CX2_8,2.0,0.8850603995087506,0.9269545205421563,0.04189412103340573
CX2_8,2.0,0.8651108484225494,0.9269545205421563,0.06184367211960695
CX2_8,2.0,0.8612638136613575,0.9269545205421563,0.06569070688079881
CX2_8,2.0,0.83889923270655,0.9269545205421563,0.08805528783560634
CX2_8,2.0,0.8380805063546306,0.9269545205421563,0.08887401418752572
CX2_8,2.0,0.9427570725092604,0.9269545205421563,-0.015802551967104117
CX2_8,2.0,0.8417995783316166,0.9269545205421563,0.08515494221053976
CX2_8,2.0,0.8579668640716058,0.9269545205421563,0.0689876564705505
CX2_8,2.0,0.8158021998456488,0.9269545205421563,0.11115232069650749
CX2_8,2.0,0.8243135286004107,0.9269545205421563,0.10264099194174559
CX2_8,2.0,0.8265243727737686,0.9269545205421563,0.10043014776838777
CX2_8,2.0,0.8527406482148441,0.9269545205421563,0.07421387232731225
CX2_8,2.0,0.8199916545707916,0.9269545205421563,0.10696286597136473
CX2_8,2.0,0.8011426124221905,0.9269545205421563,0.1258119081199658
CX2_8,2.0,0.8131599670305264,0.9269545205421563,0.11379455351162993
CX2_8,2.0,0.8184222107655933,0.9269545205421563,0.10853230977656303
CX2_8,2.0,0.8245202054428886,0.9269545205421563,0.1024343150992677
CX2_8,2.0,0.831326798269837,0.9269545205421563,0.0956277222723193
CX2_8,2.0,0.8412808085308029,0.9269545205421563,0.08567371201135343
CX2_8,2.0,0.8506115362387462,0.9269545205421563,0.07634298430341013
CX2_8,2.0,0.8004158340063472,0.9269545205421563,0.12653868653580913
CX2_8,3.0,0.8199035473148207,0.9687440042923491,0.14884045697752835
CX2_8,3.0,0.8115013696596349,0.9687440042923491,0.15724263463271415
CX2_8,3.0,0.7940384646812688,0.9687440042923491,0.17470553961108026
CX2_8,3.0,0.7955566321293777,0.9687440042923491,0.17318737216297142
CX2_8,3.0,0.8284752988932369,0.9687440042923491,0.14026870539911218
CX2_8,3.0,0.7984436070379632,0.9687440042923491,0.17030039725438584
CX2_8,3.0,0.8428917519922953,0.9687440042923491,0.1258522523000538
CX2_8,3.0,0.877357355386802,0.9687440042923491,0.09138664890554704
CX2_8,3.0,0.8641235077632947,0.9687440042923491,0.10462049652905436
CX2_8,3.0,0.8722444281964837,0.9687440042923491,0.09649957609586535
CX2_8,3.0,0.8813966845838521,0.9687440042923491,0.08734731970849696
CX2_8,3.0,0.8838656490173147,0.9687440042923491,0.0848783552750344
CX2_8,3.0,0.8892303525518394,0.9687440042923491,0.07951365174050973
CX2_8,3.0,0.8928271833157908,0.9687440042923491,0.07591682097655827
CX2_8,3.0,0.862868319610985,0.9687440042923491,0.1058756846813641
CX2_8,4.0,0.8392998831275095,0.8270521723393005,-0.012247710788208965
CX2_8,4.0,0.8068448540652104,0.8270521723393005,0.020207318274090058
CX2_8,4.0,0.8160970118097238,0.8270521723393005,0.01095516052957668
CX2_8,4.0,0.8186942972665884,0.8270521723393005,0.008357875072712129
CX2_8,4.0,0.8131963555420217,0.8270521723393005,0.013855816797278764
CX2_8,4.0,0.7948689370482332,0.8270521723393005,0.03218323529106726
CX2_8,4.0,0.8066984684662847,0.8270521723393005,0.020353703873015827
CX2_8,4.0,0.8142998740533467,0.8270521723393005,0.012752298285953811
CX2_8,4.0,0.8150186386054574,0.8270521723393005,0.012033533733843083
CX2_8,4.0,0.9262888574176383,0.8270521723393005,-0.09923668507833783
CX2_8,4.0,0.840656118226387,0.8270521723393005,-0.013603945887086466
CX2_8,4.0,0.9140242521582562,0.8270521723393005,-0.08697207981895572
CX2_8,4.0,0.9056495927271628,0.8270521723393005,-0.07859742038786233
CX2_8,4.0,0.8923932456299747,0.8270521723393005,-0.06534107329067418
CX2_8,4.0,0.8289089867078162,0.8270521723393005,-0.0018568143685157024
CX2_8,4.0,0.8586687471409223,0.8270521723393005,-0.03161657480162183
CX2_8,4.0,0.8288976355815104,0.8270521723393005,-0.0018454632422099104
CX2_8,4.0,0.8762383930561495,0.8270521723393005,-0.04918622071684897
CX2_8,5.0,0.8512729278599076,0.8752195719060349,0.02394664404612734
CX2_8,5.0,0.8270683525311042,0.8752195719060349,0.04815121937493072
CX2_8,5.0,0.8163383460069015,0.8752195719060349,0.05888122589913347
CX2_8,5.0,0.8089943762231914,0.8752195719060349,0.06622519568284357
CX2_8,5.0,0.7952185310246761,0.8752195719060349,0.08000104088135884
CX2_8,5.0,0.8046298759618112,0.8752195719060349,0.07058969594422371
CX2_8,5.0,0.8364435442425973,0.8752195719060349,0.038776027663437684
CX2_8,6.0,0.8323365380837107,0.9178471596330738,0.08551062154936317
CX2_8,6.0,0.8165639156555096,0.9178471596330738,0.10128324397756427
CX2_8,6.0,0.8317028800173734,0.9178471596330738,0.08614427961570048
CX2_8,6.0,0.8326885706267428,0.9178471596330738,0.085158589006331
CX2_8,6.0,0.8096551368345765,0.9178471596330738,0.10819202279849738
CX2_8,6.0,0.8331226571972259,0.9178471596330738,0.08472450243584795
CX2_8,6.0,0.8326960297963386,0.9178471596330738,0.08515112983673523
CX2_8,6.0,0.8389503252564845,0.9178471596330738,0.07889683437658934
CX2_8,6.0,0.8456091476494337,0.9178471596330738,0.0722380119836401
CX2_8,6.0,0.8556452243843876,0.9178471596330738,0.062201935248686224
CX2_8,6.0,0.828264525372263,0.9178471596330738,0.08958263426081081
CX2_8,7.0,0.8092464259206278,0.8930855913805561,0.08383916545992831
CX2_8,7.0,0.8062517985921489,0.8930855913805561,0.0868337927884072
CX2_8,7.0,0.8082720869266984,0.8930855913805561,0.08481350445385771
CX2_8,7.0,0.8090305804579634,0.8930855913805561,0.08405501092259271
CX2_8,7.0,0.8055101611074489,0.8930855913805561,0.08757543027310721
CX2_8,7.0,0.8021582854395153,0.8930855913805561,0.09092730594104081
CX2_8,7.0,0.8015887704530096,0.8930855913805561,0.09149682092754652
CX2_8,7.0,0.8005279819033159,0.8930855913805561,0.09255760947724023
CX2_8,7.0,0.7985353874856583,0.8930855913805561,0.09455020389489777
CX2_8,7.0,0.8044384688377942,0.8930855913805561,0.08864712254276186
CX2_8,7.0,0.8052718602047072,0.8930855913805561,0.0878137311758489
CX2_8,7.0,0.8042967582883165,0.8930855913805561,0.08878883309223962
CX2_8,7.0,0.8073002382197674,0.8930855913805561,0.08578535316078872
CX2_8,7.0,0.8046302249448739,0.8930855913805561,0.08845536643568219
CX2_8,7.0,0.8137760471579681,0.8930855913805561,0.07930954422258796
CX2_8,7.0,0.8662903729250382,0.8930855913805561,0.02679521845551791
CX2_8,7.0,0.8524650737901047,0.8930855913805561,0.04062051759045138
CX2_8,7.0,0.8401725411762123,0.8930855913805561,0.05291305020434378
CX2_8,7.0,0.8363879981386553,0.8930855913805561,0.05669759324190082
CX2_8,7.0,0.8067333209982581,0.8930855913805561,0.08635227038229798
CX2_8,7.0,0.8388145873293331,0.8930855913805561,0.05427100405122298
CX2_8,7.0,0.8586514705682821,0.8930855913805561,0.03443412081227404
CX2_8,7.0,0.8270565697321766,0.8930855913805561,0.06602902164837954
CX2_8,7.0,0.823501172138145,0.8930855913805561,0.0695844192424111
CX2_8,7.0,0.8274067905536027,0.8930855913805561,0.06567880082695343
CX2_8,7.0,0.8184137241486852,0.8930855913805561,0.07467186723187091
CX2_8,7.0,0.8154745078689908,0.8930855913805561,0.07761108351156532
CX2_8,7.0,0.8318348471510691,0.8930855913805561,0.06125074422948695
CX2_8,8.0,0.8338344465518248,0.925896766151295,0.0920623195994702
CX2_8,8.0,0.835350773069888,0.925896766151295,0.09054599308140698
CX2_8,8.0,0.8306391066441783,0.925896766151295,0.09525765950711673
CX2_8,8.0,0.8256466386864237,0.925896766151295,0.10025012746487127
CX2_8,8.0,0.7930982876056742,0.925896766151295,0.13279847854562077
CX2_8,8.0,0.8004952431553601,0.925896766151295,0.12540152299593488
CX2_8,8.0,0.8045240125095678,0.925896766151295,0.12137275364172717
CX2_8,8.0,0.7978978943488699,0.925896766151295,0.12799887180242508
CX2_8,8.0,0.8019214079889713,0.925896766151295,0.12397535816232375
CX2_8,8.0,0.8360179119860495,0.925896766151295,0.08987885416524555
CX2_8,8.0,0.8081727691491204,0.925896766151295,0.11772399700217462
CX2_8,8.0,0.835442153431763,0.925896766151295,0.09045461271953203
CX2_8,8.0,0.8154627807583734,0.925896766151295,0.1104339853929216
CX2_8,8.0,0.8376426620550732,0.925896766151295,0.08825410409622181
CX2_8,8.0,0.8326091525880688,0.925896766151295,0.09328761356322623
CX2_8,8.0,0.8559998691893507,0.925896766151295,0.06989689696194434
CX2_8,8.0,0.8513397794262848,0.925896766151295,0.07455698672501021
CX2_8,8.0,0.8486666121151526,0.925896766151295,0.07723015403614242
CX2_8,8.0,0.8449651386259389,0.925896766151295,0.0809316275253561
CX2_8,8.0,0.8390377044210304,0.925896766151295,0.08685906173026459
CX2_8,8.0,0.86314783147293,0.925896766151295,0.06274893467836506
CX2_8,8.0,0.8451418283464693,0.925896766151295,0.08075493780482568
CX2_8,8.0,0.8381178126308096,0.925896766151295,0.08777895352048537
CX2_8,8.0,0.8375777816069894,0.925896766151295,0.08831898454430565
CX2_8,8.0,0.8387021885295235,0.925896766151295,0.08719457762177152
CX2_8,8.0,0.8415490763635929,0.925896766151295,0.08434768978770213
CX2_8,9.0,0.8134712374917908,0.863899937985734,0.0504287004939431
CX2_8,9.0,0.8149510672479664,0.863899937985734,0.04894887073776755
CX2_8,9.0,0.8170251371777741,0.863899937985734,0.046874800807959804
CX2_8,9.0,0.8146993370242172,0.863899937985734,0.049200600961516794
CX2_8,9.0,0.7996562780172771,0.863899937985734,0.06424365996845682
CX2_8,9.0,0.8023713824129939,0.863899937985734,0.06152855557274006
CX2_8,9.0,0.8015496274766731,0.863899937985734,0.06235031050906081
CX2_8,9.0,0.8031882429455317,0.863899937985734,0.06071169504020224
CX2_8,9.0,0.8045473548548802,0.863899937985734,0.05935258313085379
CX2_8,9.0,0.8065416143561296,0.863899937985734,0.05735832362960436
CX2_8,9.0,0.8040131018117761,0.863899937985734,0.05988683617395785
CX2_8,9.0,0.8154618833815712,0.863899937985734,0.04843805460416273
CX2_8,9.0,0.8182456982949554,0.863899937985734,0.04565423969077853
CX2_8,9.0,0.8016733355453253,0.863899937985734,0.062226602440408674
CX2_8,9.0,0.8066092863300067,0.863899937985734,0.05729065165572722
CX2_8,9.0,0.8087871896125168,0.863899937985734,0.05511274837321711
CX2_8,9.0,0.8152778523338453,0.863899937985734,0.048622085651888636
CX2_8,9.0,0.8157826474925652,0.863899937985734,0.04811729049316871
CX2_8,9.0,0.816349489817135,0.863899937985734,0.04755044816859899
CX2_8,9.0,0.8141192443033997,0.863899937985734,0.04978069368233429
CX2_8,9.0,0.8168466001743995,0.863899937985734,0.04705333781133447
CX2_8,9.0,0.8137377676026119,0.863899937985734,0.050162170383122096
CX2_8,9.0,0.8140710279838673,0.863899937985734,0.04982891000186662
CX2_8,9.0,0.8150500063081489,0.863899937985734,0.048849931677585
CX2_8,9.0,0.808666919660107,0.863899937985734,0.05523301832562699
CX2_8,9.0,0.801798077054808,0.863899937985734,0.062101860930925956
CX2_8,9.0,0.811780071127709,0.863899937985734,0.052119866858024944
CX2_8,9.0,0.8058321522615574,0.863899937985734,0.05806778572417659
CX2_8,9.0,0.7957775419658519,0.863899937985734,0.06812239601988201
CX2_8,9.0,0.8096974232131106,0.863899937985734,0.05420251477262339
CX2_8,9.0,0.8367159309503497,0.863899937985734,0.02718400703538426
CX2_8,9.0,0.8271224474951837,0.863899937985734,0.036777490490550235
CX2_8,9.0,0.8247460695183289,0.863899937985734,0.039153868467405095
CX2_8,9.0,0.826186729523025,0.863899937985734,0.03771320846270898
CX2_8,9.0,0.8229072681744114,0.863899937985734,0.040992669811322546
CX2_8,9.0,0.8223130779683077,0.863899937985734,0.041586860017426286
CX2_8,9.0,0.8353602371197758,0.863899937985734,0.02853970086595814
CX2_8,9.0,0.8122929689340648,0.863899937985734,0.05160696905166917
CX2_8,9.0,0.8091066857540038,0.863899937985734,0.05479325223173015
CX2_8,9.0,0.8083528493096014,0.863899937985734,0.05554708867613256
CX2_8,9.0,0.808206388436459,0.863899937985734,0.05569354954927497
CX2_8,9.0,0.830999521559374,0.863899937985734,0.03290041642635999
CX2_8,9.0,0.806368993870466,0.863899937985734,0.057530944115267935
CX2_8,9.0,0.8063692837391806,0.863899937985734,0.05753065424655335
CX2_8,9.0,0.792187645229466,0.863899937985734,0.07171229275626789
CX2_8,9.0,0.791666730887347,0.863899937985734,0.07223320709838699
CX2_8,9.0,0.793968119142881,0.863899937985734,0.06993181884285293
CX2_8,9.0,0.7928231945790403,0.863899937985734,0.07107674340669368
CX2_8,9.0,0.7938201970033814,0.863899937985734,0.07007974098235259
CX2_8,9.0,0.7946203356263796,0.863899937985734,0.06927960235935438
CX2_8,9.0,0.7969605188170673,0.863899937985734,0.06693941916866664
CX2_8,9.0,0.8030456099482085,0.863899937985734,0.06085432803752544
CX2_8,9.0,0.8037760291024216,0.863899937985734,0.060123908883312316
CX2_8,9.0,0.8047686235132463,0.863899937985734,0.05913131447248765
CX2_8,9.0,0.7938393694288902,0.863899937985734,0.07006056855684373
CX2_8,10.0,0.7961681043313429,0.8735014242511657,0.07733331991982284
CX2_8,10.0,0.799747707197139,0.8735014242511657,0.07375371705402678
CX2_8,10.0,0.7997758763380581,0.8735014242511657,0.07372554791310759
CX2_8,10.0,0.7977854576487641,0.8735014242511657,0.07571596660240165
CX2_8,10.0,0.8003374153843491,0.8735014242511657,0.07316400886681662
CX2_8,10.0,0.7983214484779853,0.8735014242511657,0.07517997577318047
CX2_8,10.0,0.7968808260577838,0.8735014242511657,0.07662059819338196
CX2_8,10.0,0.7968642269383359,0.8735014242511657,0.07663719731282981
CX2_8,10.0,0.7969851857552196,0.8735014242511657,0.07651623849594613
CX2_8,10.0,0.800815727341368,0.8735014242511657,0.07268569690979776
CX2_8,10.0,0.7946442480507718,0.8735014242511657,0.0788571762003939
CX2_8,10.0,0.8024075654749161,0.8735014242511657,0.07109385877624963
CX2_8,10.0,0.7975679208577467,0.8735014242511657,0.07593350339341898
CX2_8,10.0,0.7987891994003754,0.8735014242511657,0.07471222485079032
CX2_8,10.0,0.7998899369671079,0.8735014242511657,0.07361148728405786
CX2_8,10.0,0.7989209892307294,0.8735014242511657,0.07458043502043632
CX2_8,10.0,0.7995598367163356,0.8735014242511657,0.07394158753483016
CX2_8,10.0,0.7990553872281768,0.8735014242511657,0.07444603702298891
CX2_8,10.0,0.7986614585364833,0.8735014242511657,0.07483996571468243
CX2_8,10.0,0.8012599728676694,0.8735014242511657,0.07224145138349636
CX2_8,10.0,0.7949308121171016,0.8735014242511657,0.07857061213406413
CX2_8,10.0,0.8004848003307975,0.8735014242511657,0.07301662392036823
CX2_8,10.0,0.7987046364857002,0.8735014242511657,0.0747967877654655
CX2_8,10.0,0.7998420473928818,0.8735014242511657,0.07365937685828394
CX2_8,10.0,0.798817910221627,0.8735014242511657,0.07468351402953877
CX2_8,10.0,0.9972814971510686,0.8735014242511657,-0.1237800728999029
CX2_8,10.0,0.8273201670102995,0.8735014242511657,0.04618125724086619
CX2_8,10.0,0.8172206035327017,0.8735014242511657,0.056280820718464075
CX2_8,10.0,0.8200117451745235,0.8735014242511657,0.05348967907664226
CX2_8,10.0,0.8109315120290166,0.8735014242511657,0.06256991222214914
CX2_8,10.0,0.8138537401738606,0.8735014242511657,0.05964768407730514
CX2_8,10.0,0.8224879520866445,0.8735014242511657,0.051013472164521234
CX2_8,10.0,0.8212251895762529,0.8735014242511657,0.052276234674912825
CX2_8,10.0,0.8191905982500185,0.8735014242511657,0.05431082600114723
CX2_8,10.0,0.8211507957125369,0.8735014242511657,0.05235062853862882
CX2_8,10.0,0.8141831772512462,0.8735014242511657,0.0593182469999195
CX2_8,10.0,0.8093464092699781,0.8735014242511657,0.06415501498118759
CX2_8,10.0,0.8083762666143954,0.8735014242511657,0.06512515763677029
CX2_8,10.0,0.8054789417797875,0.8735014242511657,0.06802248247137821
CX2_8,10.0,0.8041903813953883,0.8735014242511657,0.06931104285577738
CX2_8,10.0,0.8036436036864462,0.8735014242511657,0.06985782056471956
CX2_8,10.0,0.7975536322925981,0.8735014242511657,0.0759477919585676
CX2_8,10.0,0.7994684489152549,0.8735014242511657,0.0740329753359108
CX2_8,10.0,0.7999252700767584,0.8735014242511657,0.07357615417440733
CX2_8,10.0,0.8142694661542537,0.8735014242511657,0.05923195809691206
CX2_8,11.0,0.8929535564831608,1.06607710751884,0.17312355103567922
CX2_8,11.0,0.8842643873118203,1.06607710751884,0.18181272020701966
CX2_8,11.0,0.8805058442884738,1.06607710751884,0.1855712632303662
CX2_8,11.0,0.9004360446094308,1.06607710751884,0.16564106290940916
CX2_8,11.0,0.9128595575230462,1.06607710751884,0.15321754999579384
CX2_8,11.0,0.8996786812826969,1.06607710751884,0.1663984262361431
CX2_8,11.0,0.9052397207938709,1.06607710751884,0.16083738672496906
CX2_8,11.0,0.905581292813742,1.06607710751884,0.160495814705098
CX2_8,11.0,0.9949706126487992,1.06607710751884,0.07110649487004084
CX2_8,11.0,0.912036781685133,1.06607710751884,0.15404032583370697
CX2_8,12.0,0.8683291009764107,0.9338604262077498,0.06553132523133909
CX2_8,12.0,0.8683325709300741,0.9338604262077498,0.06552785527767568
CX2_8,12.0,0.8682722666334454,0.9338604262077498,0.06558815957430442
CX2_8,12.0,0.8681884702726222,0.9338604262077498,0.06567195593512754
CX2_8,12.0,0.8683657552167682,0.9338604262077498,0.06549467099098161
CX2_8,12.0,0.8680527413873211,0.9338604262077498,0.06580768482042865
CX2_8,12.0,0.8717896789796146,0.9338604262077498,0.062070747228135215
CX2_8,12.0,0.8720270505379523,0.9338604262077498,0.06183337566979752
CX2_8,12.0,0.8717655796593793,0.9338604262077498,0.0620948465483705
CX2_8,12.0,0.8481909408603404,0.9338604262077498,0.08566948534740937
CX2_8,12.0,0.8706423551662916,0.9338604262077498,0.06321807104145816
CX2_8,12.0,0.8680584048226655,0.9338604262077498,0.06580202138508429
CX2_8,12.0,0.8448410146888575,0.9338604262077498,0.08901941151889226
CX2_8,12.0,0.8675387485718371,0.9338604262077498,0.06632167763591268
CX2_8,12.0,0.8676756317770955,0.9338604262077498,0.06618479443065428
CX2_8,12.0,0.8662196390313708,0.9338604262077498,0.067640787176379
CX2_8,12.0,0.8650561082574484,0.9338604262077498,0.0688043179503014
CX2_8,12.0,0.8649550249820047,0.9338604262077498,0.06890540122574507
CX2_8,12.0,0.8642579005946482,0.9338604262077498,0.06960252561310154
CX2_8,12.0,0.863232751332667,0.9338604262077498,0.07062767487508281
CX2_8,12.0,0.8614167884735631,0.9338604262077498,0.07244363773418672
CX2_8,12.0,0.8585873663680288,0.9338604262077498,0.07527305983972099
CX2_8,12.0,0.8674797797548365,0.9338604262077498,0.0663806464529133
CX2_8,12.0,0.9934900153708469,0.9338604262077498,-0.05962958916309713
CX2_8,13.0,0.8855609740607803,1.0300378993778974,0.1444769253171171
CX2_8,13.0,0.8862426948084312,1.0300378993778974,0.14379520456946615
CX2_8,13.0,0.8857892700989624,1.0300378993778974,0.144248629278935
CX2_8,13.0,0.8931142672495715,1.0300378993778974,0.1369236321283258
CX2_8,13.0,0.9025151115456329,1.0300378993778974,0.12752278783226445
CX2_8,13.0,0.901125348253858,1.0300378993778974,0.12891255112403932
CX2_8,13.0,0.8979612998623508,1.0300378993778974,0.1320765995155465
CX2_8,13.0,0.8893019775134074,1.0300378993778974,0.1407359218644899
CX2_8,13.0,0.9863159982795774,1.0300378993778974,0.04372190109831997
CX2_8,14.0,0.8659318393579697,1.0724112899472216,0.20647945058925188
CX2_8,14.0,0.8689996911970291,1.0724112899472216,0.20341159875019243
CX2_8,14.0,0.8707446569736302,1.0724112899472216,0.20166663297359133
CX2_8,14.0,0.877699158033058,1.0724112899472216,0.1947121319141636
CX2_8,14.0,0.8952859606763357,1.0724112899472216,0.17712532927088587
CX2_8,14.0,0.8950699841895144,1.0724112899472216,0.17734130575770712
CX2_8,14.0,0.8952526012689456,1.0724112899472216,0.177158688678276
CX2_8,14.0,0.895832557112239,1.0724112899472216,0.1765787328349826
CX2_8,14.0,0.8958817787703642,1.0724112899472216,0.17652951117685733
CX2_8,14.0,0.8959987743177209,1.0724112899472216,0.17641251562950067
CX2_8,14.0,0.8965234143802946,1.0724112899472216,0.17588787556692698
CX2_8,14.0,0.896756324240764,1.0724112899472216,0.17565496570645756
CX2_8,14.0,0.8954651244819832,1.0724112899472216,0.17694616546523834
CX2_8,14.0,0.8973674848484351,1.0724112899472216,0.17504380509878648
CX2_8,14.0,0.8974107966211994,1.0724112899472216,0.1750004933260222
CX2_8,14.0,0.9856361011479448,1.0724112899472216,0.08677518879927681
CX2_8,14.0,0.897892664380985,1.0724112899472216,0.17451862556623654
CX2_8,14.0,0.8989644954806955,1.0724112899472216,0.1734467944665261
CX2_8,14.0,0.8997636596266505,1.0724112899472216,0.17264763032057107
CX2_8,14.0,0.8996865661266487,1.0724112899472216,0.1727247238205729
CX2_8,14.0,0.8995571787093498,1.0724112899472216,0.17285411123787175
CX2_8,14.0,0.8993802414402474,1.0724112899472216,0.17303104850697415
CX2_8,14.0,0.8990099307644176,1.0724112899472216,0.17340135918280397
CX2_8,14.0,0.8984826096269117,1.0724112899472216,0.17392868032030984
CX2_8,14.0,0.897878442155495,1.0724112899472216,0.17453284779172662
CX2_8,14.0,0.8992217776366701,1.0724112899472216,0.17318951231055146
CX2_8,15.0,0.875620401659238,1.0613757847142065,0.18575538305496841
CX2_8,15.0,0.8794590038101696,1.0613757847142065,0.18191678090403685
CX2_8,15.0,0.8787661253471282,1.0613757847142065,0.1826096593670783
CX2_8,15.0,0.8770937767899479,1.0613757847142065,0.18428200792425853
CX2_8,15.0,0.8743821522084059,1.0613757847142065,0.1869936325058006
CX2_8,15.0,0.8577260687683435,1.0613757847142065,0.203649715945863
CX2_8,15.0,0.8656690287346102,1.0613757847142065,0.1957067559795963
CX2_8,15.0,0.8522081593492044,1.0613757847142065,0.2091676253650021
CX2_8,15.0,0.8565302627912843,1.0613757847142065,0.20484552192292216
CX2_8,15.0,0.8566891475559605,1.0613757847142065,0.20468663715824598
CX2_8,15.0,0.8803553378322222,1.0613757847142065,0.18102044688198426
CX2_8,15.0,0.8545325005467863,1.0613757847142065,0.20684328416742015
CX2_8,15.0,0.8714979305598847,1.0613757847142065,0.1898778541543218
CX2_8,15.0,0.88130681743495,1.0613757847142065,0.18006896727925648
CX2_8,15.0,0.8822365053830443,1.0613757847142065,0.17913927933116214
CX2_8,15.0,0.8807441241719816,1.0613757847142065,0.1806316605422249
CX2_8,15.0,0.8813346750305328,1.0613757847142065,0.1800411096836737
CX2_8,15.0,0.8815775631162716,1.0613757847142065,0.1797982215979349
CX2_8,15.0,0.8818445650366502,1.0613757847142065,0.17953121967755625
CX2_8,15.0,0.8819719000469506,1.0613757847142065,0.17940388466725588
CX2_8,15.0,0.8825929502061578,1.0613757847142065,0.17878283450804866
CX2_8,15.0,0.8828566040903956,1.0613757847142065,0.1785191806238109
CX2_8,15.0,0.938151829395966,1.0613757847142065,0.12322395531824049
CX2_8,15.0,0.9382642627239292,1.0613757847142065,0.1231115219902773
CX2_8,15.0,0.9385037819448552,1.0613757847142065,0.12287200276935129
CX2_8,15.0,0.8789170483323326,1.0613757847142065,0.18245873638187382
CX2_8,15.0,0.9194024682768651,1.0613757847142065,0.14197331643734135
CX2_8,15.0,0.8647106800565769,1.0613757847142065,0.19666510465762954
CX2_8,15.0,0.8569027800662726,1.0613757847142065,0.20447300464793383
CX2_8,15.0,0.8804911619966649,1.0613757847142065,0.18088462271754158
CX2_8,15.0,0.8767367356132378,1.0613757847142065,0.18463904910096862
CX2_8,15.0,0.8612788306065874,1.0613757847142065,0.20009695410761907
CX2_8,15.0,0.8709814136869173,1.0613757847142065,0.19039437102728918
CX2_8,15.0,0.9795140155821621,1.0613757847142065,0.08186176913204435
CX2_8,15.0,0.884397741947929,1.0613757847142065,0.1769780427662775
CX2_8,15.0,0.8880880318611137,1.0613757847142065,0.17328775285309272
CX2_8,15.0,0.8898953552524237,1.0613757847142065,0.17148042946178277
CX2_8,15.0,0.8753615582334355,1.0613757847142065,0.18601422648077093
CX2_8,15.0,0.8746863936291831,1.0613757847142065,0.18668939108502336
CX2_8,15.0,0.8703320641779201,1.0613757847142065,0.19104372053628638
CX2_8,15.0,0.8686778500083445,1.0613757847142065,0.19269793470586194
CX2_8,15.0,0.8656798007591734,1.0613757847142065,0.19569598395503307
CX2_8,15.0,0.8615127630936323,1.0613757847142065,0.19986302162057412
CX2_8,15.0,0.8673706135427881,1.0613757847142065,0.19400517117141836
CX2_8,15.0,0.8779081961291337,1.0613757847142065,0.18346758858507273
CX2_8,15.0,0.8805671358685736,1.0613757847142065,0.18080864884563286
CX2_8,15.0,0.8665526394298497,1.0613757847142065,0.19482314528435674
CX2_8,15.0,0.8691923381098354,1.0613757847142065,0.19218344660437103
CX2_8,15.0,0.8602466587796909,1.0613757847142065,0.2011291259345156
CX2_8,15.0,0.8584670600837617,1.0613757847142065,0.20290872463044474
CX2_8,15.0,0.8538757644765521,1.0613757847142065,0.20750002023765435
CX2_8,15.0,0.8584734396572893,1.0613757847142065,0.20290234505691718
CX2_8,15.0,0.8626407270150666,1.0613757847142065,0.1987350576991399
CX2_8,15.0,0.8561209400498238,1.0613757847142065,0.2052548446643827
CX2_8,15.0,0.8599079530437548,1.0613757847142065,0.20146783167045168
CX2_8,15.0,0.8610071576153518,1.0613757847142065,0.2003686270988546
CX2_8,15.0,0.8764649228639039,1.0613757847142065,0.1849108618503026
CX2_8,15.0,0.8735513137645118,1.0613757847142065,0.18782447094969468
CX2_8,15.0,0.8616124395615049,1.0613757847142065,0.19976334515270155
CX2_8,15.0,0.8594170812754066,1.0613757847142065,0.20195870343879985
CX2_8,15.0,0.8638546521645524,1.0613757847142065,0.1975211325496541
CX2_8,15.0,0.8735238747247879,1.0613757847142065,0.1878519099894186
CX2_8,16.0,0.8148285292094615,0.752249599926728,-0.06257892928273345
CX2_8,16.0,0.8067482341423485,0.752249599926728,-0.05449863421562051
CX2_8,16.0,0.8089949528843282,0.752249599926728,-0.05674535295760019
CX2_8,16.0,0.8120815014644662,0.752249599926728,-0.05983190153773821
CX2_8,16.0,0.8116613573047566,0.752249599926728,-0.05941175737802862
CX2_8,16.0,0.8134031745596818,0.752249599926728,-0.06115357463295379
CX2_8,16.0,0.8142713562279396,0.752249599926728,-0.06202175630121154
CX2_8,16.0,0.8144137916012623,0.752249599926728,-0.06216419167453424
CX2_8,16.0,0.8145841526103917,0.752249599926728,-0.062334552683663724
CX2_8,16.0,0.8182565534911952,0.752249599926728,-0.06600695356446717
CX2_8,16.0,0.8285909188471596,0.752249599926728,-0.07634131892043161
CX2_8,16.0,0.8187903262759648,0.752249599926728,-0.0665407263492368
CX2_8,16.0,0.8173952230349755,0.752249599926728,-0.06514562310824745
CX2_8,16.0,0.8182521960291592,0.752249599926728,-0.0660025961024312
CX2_8,16.0,0.8182433932425907,0.752249599926728,-0.06599379331586264
CX2_8,16.0,0.7914212438998498,0.752249599926728,-0.039171643973121784
CX2_8,16.0,0.8162948479067302,0.752249599926728,-0.06404524798000222
CX2_8,16.0,0.8031293152102552,0.752249599926728,-0.050879715283527194
CX2_8,16.0,0.81550347955655,0.752249599926728,-0.06325387962982199
CX2_8,16.0,0.8001690115775265,0.752249599926728,-0.047919411650798494
CX2_8,16.0,0.8180069089292782,0.752249599926728,-0.06575730900255017
CX2_8,16.0,0.7911785568263385,0.752249599926728,-0.03892895689961051
CX2_8,16.0,0.796663549579944,0.752249599926728,-0.04441394965321599
CX2_8,16.0,0.9698626269369522,0.752249599926728,-0.21761302701022422
CX2_8,16.0,0.8640275251897273,0.752249599926728,-0.11177792526299923
CX2_8,16.0,0.8713249038459183,0.752249599926728,-0.1190753039191903
CX2_8,16.0,0.8763167078930941,0.752249599926728,-0.12406710796636611
CX2_8,16.0,0.8781222287565088,0.752249599926728,-0.12587262882978079
CX2_8,16.0,0.8717623935736708,0.752249599926728,-0.11951279364694278
CX2_8,16.0,0.8652639014724176,0.752249599926728,-0.11301430154568959
CX2_8,16.0,0.8615592293268619,0.752249599926728,-0.10930962940013389
CX2_8,16.0,0.8614026807191216,0.752249599926728,-0.10915308079239361
CX2_8,16.0,0.7970322410795996,0.752249599926728,-0.04478264115287156
CX2_8,16.0,0.8142215366073199,0.752249599926728,-0.061971936680591866
CX2_8,16.0,0.8337584557090457,0.752249599926728,-0.0815088557823177
CX2_8,16.0,0.8399044995191326,0.752249599926728,-0.08765489959240458
CX2_8,16.0,0.8435095835897799,0.752249599926728,-0.09125998366305188
CX2_8,16.0,0.7921099520395876,0.752249599926728,-0.03986035211285954
CX2_8,16.0,0.8018721088602434,0.752249599926728,-0.049622508933515386
CX2_8,16.0,0.7916939827588028,0.752249599926728,-0.03944438283207474
CX2_8,16.0,0.8001823300668818,0.752249599926728,-0.047932730140153756
CX2_8,16.0,0.8246990286522413,0.752249599926728,-0.0724494287255133
CX2_8,17.0,0.8129791567273462,0.7824008225656813,-0.03057833416166489
CX2_8,17.0,0.8219319752706935,0.7824008225656813,-0.039531152705012174
CX2_8,17.0,0.8185933894240587,0.7824008225656813,-0.03619256685837735
CX2_8,17.0,0.8148884279466267,0.7824008225656813,-0.03248760538094542
CX2_8,17.0,0.8437592388297945,0.7824008225656813,-0.0613584162641132
CX2_8,17.0,0.8180766503977822,0.7824008225656813,-0.03567582783210088
CX2_8,17.0,0.7911233369118013,0.7824008225656813,-0.008722514346119925
CX2_8,17.0,0.8249966128630695,0.7824008225656813,-0.042595790297388136
CX2_8,17.0,0.9674700243579474,0.7824008225656813,-0.18506920179226605
CX2_8,17.0,0.8417132741812705,0.7824008225656813,-0.05931245161558918
CX2_8,18.0,0.8252123699831754,0.6996644149000327,-0.12554795508314265
CX2_8,18.0,0.8267253937908166,0.6996644149000327,-0.12706097889078383
CX2_8,18.0,0.8287101916626699,0.6996644149000327,-0.12904577676263718
CX2_8,18.0,0.8844556289634966,0.6996644149000327,-0.18479121406346388
CX2_8,18.0,0.82952774386755,0.6996644149000327,-0.1298633289675173
CX2_8,18.0,0.886038567878526,0.6996644149000327,-0.18637415297849325
CX2_8,18.0,0.8835283558054731,0.6996644149000327,-0.18386394090544034
CX2_8,18.0,0.8292690974017372,0.6996644149000327,-0.12960468250170443
CX2_8,18.0,0.8014203435479959,0.6996644149000327,-0.10175592864796312
CX2_8,18.0,0.8508776184898265,0.6996644149000327,-0.15121320358979373
CX2_8,18.0,0.8638539797471114,0.6996644149000327,-0.1641895648470787
CX2_8,18.0,0.8388653304964094,0.6996644149000327,-0.1392009155963767
CX2_8,18.0,0.7965716832225574,0.6996644149000327,-0.09690726832252472
CX2_8,18.0,0.8004034900734001,0.6996644149000327,-0.10073907517336733
CX2_8,18.0,0.8594809455088671,0.6996644149000327,-0.15981653060883438
CX2_8,18.0,0.8085301328162253,0.6996644149000327,-0.1088657179161926
CX2_8,18.0,0.7979377835417185,0.6996644149000327,-0.09827336864168579
CX2_8,18.0,0.7992805160169878,0.6996644149000327,-0.09961610111695507
CX2_8,18.0,0.8042915488526107,0.6996644149000327,-0.10462713395257794
CX2_8,18.0,0.7968100027456224,0.6996644149000327,-0.09714558784558969
CX2_8,18.0,0.8057916351336022,0.6996644149000327,-0.10612722023356946
CX2_8,18.0,0.8695309051942639,0.6996644149000327,-0.16986649029423118
CX2_8,18.0,0.8246103349492844,0.6996644149000327,-0.12494592004925165
CX2_8,18.0,0.8047077080399891,0.6996644149000327,-0.10504329313995642
CX2_8,18.0,0.8230798152182587,0.6996644149000327,-0.12341540031822595
CX2_8,18.0,0.9588498597268839,0.6996644149000327,-0.25918544482685113
CX2_8,18.0,0.839293136753902,0.6996644149000327,-0.13962872185386932
CX2_8,18.0,0.8407167620259683,0.6996644149000327,-0.14105234712593562
CX2_8,18.0,0.8429828518692831,0.6996644149000327,-0.1433184369692504
CX2_8,18.0,0.829796735421779,0.6996644149000327,-0.13013232052174628
CX2_8,18.0,0.7953432956437344,0.6996644149000327,-0.09567888074370168
CX2_8,18.0,0.8148979517338737,0.6996644149000327,-0.11523353683384097
CX2_8,18.0,0.8181428599107093,0.6996644149000327,-0.11847844501067661
CX2_8,18.0,0.7966809140031493,0.6996644149000327,-0.0970164991031166
CX2_8,18.0,0.8031294516349415,0.6996644149000327,-0.10346503673490881
CX2_8,18.0,0.8086437252000057,0.6996644149000327,-0.10897931029997299
CX2_8,18.0,0.8234316547069787,0.6996644149000327,-0.12376723980694593
CX2_8,18.0,0.8029136083993645,0.6996644149000327,-0.10324919349933182
CX2_8,18.0,0.8063204831756176,0.6996644149000327,-0.10665606827558483
CX2_8,18.0,0.8096439490754659,0.6996644149000327,-0.10997953417543316
CX2_8,18.0,0.8130065637407752,0.6996644149000327,-0.11334214884074245
CX2_8,18.0,0.8137345050486104,0.6996644149000327,-0.11407009014857772
CX2_8,18.0,0.8164407254487501,0.6996644149000327,-0.1167763105487174
CX2_8,18.0,0.8183184500428667,0.6996644149000327,-0.11865403514283401
CX2_8,18.0,0.8194844098202847,0.6996644149000327,-0.11981999492025197
CX2_8,18.0,0.8209797438113143,0.6996644149000327,-0.1213153289112816
CX2_8,18.0,0.8217628691430438,0.6996644149000327,-0.12209845424301102
CX2_8,18.0,0.7955290560914946,0.6996644149000327,-0.09586464119146187
CX2_8,19.0,0.8066480146320651,0.846936729340935,0.040288714708869855
CX2_8,19.0,0.8599448246267994,0.846936729340935,-0.01300809528586444
CX2_8,19.0,0.804916668523081,0.846936729340935,0.04202006081785403
CX2_8,19.0,0.8032787874998828,0.846936729340935,0.043657941841052206
CX2_8,19.0,0.842601997446215,0.846936729340935,0.004334731894720001
CX2_8,19.0,0.7984237569584215,0.846936729340935,0.04851297238251351
CX2_8,19.0,0.8487402311312777,0.846936729340935,-0.0018035017903427208
CX2_8,19.0,0.8280788132221097,0.846936729340935,0.018857916118825258
CX2_8,19.0,0.8084360718861499,0.846936729340935,0.03850065745478515
CX2_8,19.0,0.8407984512035876,0.846936729340935,0.006138278137347353
CX2_8,19.0,0.8007732511812284,0.846936729340935,0.04616347815970656
CX2_8,19.0,0.8094653876978646,0.846936729340935,0.03747134164307042
CX2_8,19.0,0.8662364311196318,0.846936729340935,-0.019299701778696776
CX2_8,19.0,0.8660120795805231,0.846936729340935,-0.019075350239588063
CX2_8,19.0,0.8114918690317662,0.846936729340935,0.035444860309168824
CX2_8,19.0,0.8111339077647225,0.846936729340935,0.03580282157621251
CX2_8,19.0,0.8682169000314357,0.846936729340935,-0.0212801706905007
CX2_8,19.0,0.8691635779207537,0.846936729340935,-0.022226848579818714
CX2_8,19.0,0.81597215188061,0.846936729340935,0.030964577460324993
CX2_8,19.0,0.81599648038048,0.846936729340935,0.030940248960454997
CX2_8,19.0,0.8167680713501346,0.846936729340935,0.030168657990800374
CX2_8,19.0,0.8167571952484538,0.846936729340935,0.030179534092481197
CX2_8,19.0,0.7965415222951746,0.846936729340935,0.05039520704576039
CX2_8,19.0,0.7927791436216949,0.846936729340935,0.05415758571924012
CX2_8,19.0,0.8107928049352701,0.846936729340935,0.03614392440566494
CX2_8,19.0,0.8716003171609313,0.846936729340935,-0.024663587819996335
CX2_8,19.0,0.8110111681533637,0.846936729340935,0.03592556118757129
CX2_8,19.0,0.8019562843534882,0.846936729340935,0.0449804449874468
CX2_8,19.0,0.8129112493983348,0.846936729340935,0.03402547994260019
CX2_8,19.0,0.8130350108791797,0.846936729340935,0.03390171846175527
CX2_8,19.0,0.8197161625983117,0.846936729340935,0.027220566742623298
CX2_8,19.0,0.8231323126669355,0.846936729340935,0.023804416673999462
CX2_8,19.0,0.8248900807232322,0.846936729340935,0.02204664861770278
CX2_8,19.0,0.8270030606002879,0.846936729340935,0.01993366874064706
CX2_8,19.0,0.8271773982398747,0.846936729340935,0.019759331101060318
CX2_8,19.0,0.8274874267343241,0.846936729340935,0.01944930260661093
CX2_8,19.0,0.8284536982517438,0.846936729340935,0.01848303108919125
CX2_8,19.0,0.8286286051784039,0.846936729340935,0.018308124162531136
CX2_8,19.0,0.829270691017423,0.846936729340935,0.01766603832351199
CX2_8,19.0,0.8294600713297049,0.846936729340935,0.017476658011230106
CX2_8,19.0,0.9460982729000776,0.846936729340935,-0.09916154355914264
CX2_8,19.0,0.8307779570192002,0.846936729340935,0.016158772321734793
CX2_8,19.0,0.8304428960236464,0.846936729340935,0.016493833317288598
CX2_8,19.0,0.8320548836987454,0.846936729340935,0.01488184564218964
CX2_8,19.0,0.8325723202595707,0.846936729340935,0.014364409081364271
CX2_8,19.0,0.8321454958380512,0.846936729340935,0.014791233502883805
CX2_8,19.0,0.8331402176196873,0.846936729340935,0.01379651172124774
CX2_8,19.0,0.8319667419840198,0.846936729340935,0.014969987356915238
CX2_8,19.0,0.8328286588716846,0.846936729340935,0.014108070469250444
CX2_8,19.0,0.8307486070731186,0.846936729340935,0.016188122267816407
CX2_8,19.0,0.8303736776656008,0.846936729340935,0.01656305167533423
CX2_8,19.0,0.8308246511516102,0.846936729340935,0.016112078189324808
CX2_8,19.0,0.832662606887653,0.846936729340935,0.014274122453281968
CX2_8,20.0,0.9338205256811426,0.728509731169406,-0.20531079451173662
CX2_8,20.0,0.7968583433236696,0.728509731169406,-0.06834861215426358
CX2_8,20.0,0.7986626343906914,0.728509731169406,-0.07015290322128542
CX2_8,20.0,0.7916560145732864,0.728509731169406,-0.0631462834038804
CX2_8,21.0,0.801635459123477,0.7010004416198664,-0.10063501750361059
CX2_8,21.0,0.791476591985355,0.7010004416198664,-0.09047615036548862
CX2_8,21.0,0.7911053286184309,0.7010004416198664,-0.09010488699856445
CX2_8,21.0,0.8059320280078126,0.7010004416198664,-0.1049315863879462
CX2_8,21.0,0.7934341631035956,0.7010004416198664,-0.09243372148372919
CX2_8,21.0,0.7970182481858178,0.7010004416198664,-0.09601780656595138
CX2_8,21.0,0.9376770657783536,0.7010004416198664,-0.23667662415848723
CX2_8,21.0,0.8032361692991917,0.7010004416198664,-0.10223572767932532
CX2_8,22.0,0.9187291784415428,0.7194975201147986,-0.19923165832674417
CX2_8,23.0,0.9135426772668476,0.6309241530098976,-0.28261852425695
CX2_8,24.0,0.9138709696370728,0.5360960527022692,-0.3777749169348036
CX2_8,25.0,0.8946257616219274,0.7770977468256467,-0.11752801479628072
CX2_8,26.0,0.8908194426481345,0.6833260048237073,-0.2074934378244272
CX2_8,27.0,0.8831947265316976,0.5119780465025452,-0.3712166800291524
CX2_8,28.0,0.8641156304934293,0.5217397470585915,-0.3423758834348378
CX2_8,29.0,0.8506908259328879,0.5217397470585915,-0.3289510788742964
CX2_8,30.0,0.8506908259328879,0.5264032578928438,-0.3242875680400441
CX2_8,31.0,0.8801871599730039,0.5537012177734534,-0.3264859421995505
CX2_8,32.0,0.8645918393747185,0.5230908028080532,-0.3415010365666653
