cell_id,cycle,avg_stress,avg_temp,max_temp,fast_charge_duration,deep_discharge_duration,high_temp_duration,aggressive_discharge_count,avg_soc,n_rows,capacity_ah,ambient_temperature_c,capacity_loss,battery_age_factor,trailing_avg_temp,trailing_deep_discharge_duration,trailing_aggressive_discharge_count,ambient_x_aggressive,cohort
B0005,3,10.848056537102474,27.7884350960453,38.81879668981741,0,296,0,177,52.98451709496439,1132,1.835349194223408,24,0.01097805549651909,0.017857142857142856,27.229276914229338,297.5,178.5,4284.0,RT_2A_CC_variedcutoff
B0005,4,10.767524401064774,27.70361616644239,38.7623045063458,0,295,0,177,52.78471117813502,1127,1.8352625275821128,24,8.666664129508561e-05,0.023809523809523808,27.41566297483466,297.0,178.0,4272.0,RT_2A_CC_variedcutoff
B0005,5,10.764809902740938,27.6059316774685,38.66539257343368,0,295,0,177,52.91117045015189,1131,1.8346455082120416,24,0.0006170193700711923,0.02976190476190476,27.487651272736592,296.5,177.75,4266.0,RT_2A_CC_variedcutoff
B0005,6,10.749782040104622,27.524212984693005,38.75169504640032,0,296,0,177,53.390838868144,1147,1.8356616600675493,24,-0.0010161518555076299,0.03571428571428571,27.511307353682973,296.2,177.6,4262.4,RT_2A_CC_variedcutoff
B0005,7,10.767218831734962,27.616908131783536,38.8207012322275,0,296,0,177,53.42162149854594,1147,1.8351461429226603,24,0.0005155171448889551,0.041666666666666664,27.661698229747962,295.6,177.2,4252.799999999999,RT_2A_CC_variedcutoff
B0005,8,10.76057605760576,27.71312654658766,38.51713023385634,0,293,0,176,52.427413696770465,1111,1.8257567905665535,24,0.009389352356106828,0.047619047619047616,27.647820811286543,295.6,177.0,4248.0,RT_2A_CC_variedcutoff
B0005,9,10.630063006300631,27.69995381024861,38.526267904657,0,292,0,176,52.341510520111086,1111,1.8247738529891333,24,0.0009829375774201843,0.05357142857142857,27.632759101395017,295.0,176.8,4243.200000000001,RT_2A_CC_variedcutoff
B0005,10,10.63906390639064,27.655526896994182,38.52698128472781,0,292,0,176,52.380845588407944,1111,1.824613268496936,24,0.00016058449219724658,0.05952380952380952,27.632026630156265,294.4,176.6,4238.4,RT_2A_CC_variedcutoff
B0005,11,10.617673579801624,27.553807920096435,38.54143406601644,0,291,0,176,52.363897074116935,1109,1.8246195526864504,24,-6.284189514316196e-06,0.06547619047619048,27.6419456740614,293.8,176.4,4233.6,RT_2A_CC_variedcutoff
B0005,12,7.694041061592388,27.3496867529123,38.52197451768004,0,533,0,176,51.27294433708674,1997,1.814201935767392,24,0.010417616919058403,0.07142857142857142,27.647864661142087,292.8,176.2,4228.799999999999,RT_2A_CC_variedcutoff
B0005,13,10.437158469945356,27.793431820704942,38.582485834057856,0,288,0,175,52.019178006119446,1098,1.8137521577549052,24,0.00044977801248680116,0.07738095238095238,27.594420385367833,340.2,176.0,4224.0,RT_2A_CC_variedcutoff
B0005,14,10.430958663148637,27.62532582345841,38.52029413487392,0,288,0,175,53.39684108734998,1137,1.8134404914735824,24,0.0003116662813227311,0.08333333333333333,27.610481440191297,339.2,175.8,4219.200000000001,RT_2A_CC_variedcutoff
B0005,15,10.428832116788321,27.595564095000235,38.21358592965045,0,288,0,174,51.99147171183525,1096,1.8025980036306504,24,0.01084248784293207,0.08928571428571429,27.595555842833257,338.4,175.6,4214.4,RT_2A_CC_variedcutoff
B0005,16,10.23224043715847,27.46291598233667,38.1983618706913,0,287,0,174,51.97758206102602,1098,1.80210690024615,24,0.0004911033845003132,0.09523809523809523,27.583563282434465,337.6,175.2,4204.799999999999,RT_2A_CC_variedcutoff
B0005,17,10.20109689213894,27.431870108923277,38.31926916027133,0,286,0,174,51.90676280166663,1094,1.802579500826209,24,-0.00047260058005904604,0.10119047619047619,27.565384894882516,336.8,174.8,4195.200000000001,RT_2A_CC_variedcutoff
B0005,18,10.214611872146119,27.484778656273463,38.4787542519308,0,285,0,174,52.034198687861746,1095,1.8030683142834096,24,-0.000488813457200532,0.10714285714285714,27.581821566084706,287.4,174.4,4185.6,RT_2A_CC_variedcutoff
B0005,19,10.221920289855072,27.522260578607938,38.54659017774874,0,285,0,174,52.35728277889266,1104,1.802777624719604,24,0.00029068956380573496,0.1130952380952381,27.52009093319841,286.8,174.2,4180.799999999999,RT_2A_CC_variedcutoff
B0005,20,10.075555555555555,26.808108833247292,38.44749852224995,0,291,0,177,52.36080076928153,1125,1.8470259949329195,24,-0.044248370213315624,0.11904761904761904,27.499477884228316,286.2,174.0,4176.0,RT_2A_CC_variedcutoff
B0005,21,10.95344673231871,27.152165772594348,38.992275791716615,0,289,0,178,53.10778162536978,1117,1.847417311283644,24,-0.0003913163507245354,0.125,27.341986831877726,286.8,174.6,4190.4,RT_2A_CC_variedcutoff
B0005,22,10.95687331536388,27.149883267648548,38.51424197364312,0,289,0,177,53.04035123895456,1113,1.8361774213478947,24,0.011239889935749314,0.13095238095238096,27.279836789929266,287.2,175.4,4209.6,RT_2A_CC_variedcutoff
B0005,23,10.80835603996367,26.77547832739,38.165816144899125,0,288,0,176,52.57573137894801,1101,1.825780747577624,24,0.010396673770270759,0.13690476190476192,27.223439421674318,287.8,176.0,4224.0,RT_2A_CC_variedcutoff
B0005,24,10.654657293497364,26.53436538875951,38.16526203587147,0,289,0,176,53.638500440406624,1138,1.8251136435078368,24,0.0006671040697872055,0.14285714285714285,27.081579355897624,288.4,176.4,4233.6,RT_2A_CC_variedcutoff
B0005,25,10.65,26.490084103219857,38.27549578575718,0,285,0,176,52.61874476483167,1100,1.825581504220376,24,-0.00046786071253923645,0.1488095238095238,26.88400031792794,289.2,176.8,4243.200000000001,RT_2A_CC_variedcutoff
B0005,26,10.62329390354868,26.428711176923937,37.98216079918311,0,285,0,175,52.54813385888706,1099,1.814031127508391,24,0.01155037671198511,0.15476190476190477,26.82039537192245,288.0,176.6,4238.4,RT_2A_CC_variedcutoff
B0005,27,10.417777777777777,26.302234210763043,38.11100191887773,0,284,0,175,53.34876486102032,1125,1.8147691941158937,24,-0.000738066607502752,0.16071428571428573,26.67570445278837,287.2,176.0,4224.0,RT_2A_CC_variedcutoff
B0005,28,10.445632798573975,26.228297219610763,38.18831137948753,0,284,0,175,53.27586726045241,1122,1.813969388710352,24,0.0007998054055415871,0.16666666666666666,26.50617464141127,286.2,175.6,4214.4,RT_2A_CC_variedcutoff
B0005,29,10.413260672116259,26.269512851904793,37.99854111908584,0,285,0,174,52.461122080405474,1101,1.802765665167823,24,0.011203723542529076,0.17261904761904762,26.39673841985542,285.4,175.4,4209.6,RT_2A_CC_variedcutoff
B0005,30,10.203359858532272,26.24982549706295,38.194201649765226,0,284,0,174,53.41295734183393,1131,1.804077040117352,24,-0.0013113749495290428,0.17857142857142858,26.34376791248448,284.6,175.0,4200.0,RT_2A_CC_variedcutoff
B0005,31,14.052270327349525,26.320332568237,38.45796400011448,0,913,0,356,36.36686607212694,1894,1.8518025516704488,24,-0.04772551155309679,0.18452380952380953,26.2957161912531,284.4,174.6,4190.4,RT_2A_CC_variedcutoff
B0005,32,7.585735586481113,26.08588535358951,38.49126351534004,0,463,0,351,66.99973542214798,4024,1.8307038456739428,24,0.021098705996505984,0.19047619047619047,26.27404046951571,410.0,210.8,5059.200000000001,RT_2A_CC_variedcutoff
B0005,33,7.23752792256143,26.104986739317518,38.31473393357882,0,462,0,349,66.74447676555583,4029,1.8199041089501269,24,0.010799736723815956,0.19642857142857142,26.230770698081006,445.8,246.0,5904.0,RT_2A_CC_variedcutoff
B0005,34,6.971747388414055,25.662083114527814,37.861934640176806,0,463,0,347,67.54254080169687,4212,1.809307963702852,24,0.010596145247274924,0.20238095238095238,26.206108602022358,481.4,280.8,6739.200000000001,RT_2A_CC_variedcutoff
B0005,35,6.294250564900828,25.521584455869224,37.90665575786083,0,462,0,346,65.93964175401473,3983,1.80460990458052,24,0.00469805912233201,0.20833333333333334,26.084622654546955,517.0,315.4,7569.599999999999,RT_2A_CC_variedcutoff
B0005,36,6.1892797319933,25.685954099458783,38.34003238560517,0,463,0,345,66.97675254945727,4179,1.7993770651972192,24,0.005232839383300769,0.21428571428571427,25.938974446308215,552.6,349.8,8395.2,RT_2A_CC_variedcutoff
B0005,37,5.763469437062092,25.794258439392664,38.0745950590744,0,463,0,343,66.60027913662793,4139,1.7884432335370462,24,0.010933831660173032,0.22023809523809523,25.812098752552572,462.6,347.6,8342.400000000001,RT_2A_CC_variedcutoff
B0005,38,4.427057041898031,25.654483111333025,38.07252758016199,0,462,0,342,65.31940356531432,3962,1.7829230484252725,24,0.005520185111773657,0.2261904761904762,25.7537733697132,462.6,346.0,8304.0,RT_2A_CC_variedcutoff
B0005,39,4.179818268770923,25.342526719004987,37.80133585100446,0,462,0,340,66.44146339881812,4182,1.7730337158018288,24,0.009889332623443714,0.23214285714285715,25.663672644116303,462.6,344.6,8270.400000000001,RT_2A_CC_variedcutoff
B0005,40,4.156354117087101,25.266388288890884,38.39873985476869,0,461,0,340,66.30374512255347,4202,1.773037755078937,24,-4.039277108125461e-06,0.23809523809523808,25.599761365011737,462.4,343.2,8236.8,RT_2A_CC_variedcutoff
B0005,41,4.214527027027027,25.81299781972286,38.74929237918251,0,463,0,339,65.94591087132869,4144,1.7678721106662054,24,0.005165644412731485,0.24404761904761904,25.548722131616067,462.2,342.0,8208.0,RT_2A_CC_variedcutoff
B0005,42,4.3012345679012345,26.229970426778458,38.87275464755104,0,462,0,338,65.32318473317457,4050,1.762315070409309,24,0.005557040256896517,0.25,25.57413087566888,462.2,340.8,8179.200000000001,RT_2A_CC_variedcutoff
B0005,43,3.0182054616384915,25.860754208105092,38.503541429116005,0,419,0,171,65.83404804796595,3845,1.7676172924938447,24,-0.00530222208453579,0.25595238095238093,25.661273273146044,462.0,339.8,8155.200000000001,RT_2A_CC_variedcutoff
B0005,44,4.091443347437706,25.633842072152582,38.27009094548294,0,461,0,338,66.5734739494772,4254,1.762668359743147,24,0.004948932750697743,0.2619047619047619,25.702527492500458,453.4,305.6,7334.400000000001,RT_2A_CC_variedcutoff
B0005,45,4.0965989607935756,25.425468867982463,38.11684755251712,0,461,0,336,66.18423774914267,4234,1.7517304870664143,24,0.01093787267673263,0.26785714285714285,25.76079056312998,453.2,305.2,7324.799999999999,RT_2A_CC_variedcutoff
B0005,46,4.244286065372328,25.32141550920436,38.04152715355532,0,460,0,334,65.01339928945835,4069,1.7418496047960008,24,0.009880882270413505,0.27380952380952384,25.792606678948296,453.2,304.4,7305.599999999999,RT_2A_CC_variedcutoff
B0005,47,4.062205466540999,25.207099989286444,38.17980302242767,0,460,0,333,65.70499710389444,4244,1.7360913511847138,24,0.005758253611287012,0.27976190476190477,25.694290216844593,452.6,303.4,7281.599999999999,RT_2A_CC_variedcutoff
B0005,48,4.533113422989089,26.155521559270213,40.71218198711114,0,459,12,344,63.94830428576809,3941,1.7936240148573608,24,-0.05753266367264698,0.2857142857142857,25.489716129346185,452.2,302.4,7257.599999999999,RT_2A_CC_variedcutoff
B0005,49,6.193096548274137,27.932683586133006,39.88526123315293,0,460,0,342,66.07131796232156,3998,1.7831890223273277,24,0.010434992530033105,0.2916666666666667,25.548669599579213,460.2,337.0,8088.0,RT_2A_CC_variedcutoff
B0005,50,4.243605359317905,27.146053713710238,39.18287352945846,0,460,0,339,66.11900509454736,4105,1.7673642076278957,24,0.015824814699431977,0.2976190476190476,26.008437902375295,460.0,337.8,8107.200000000001,RT_2A_CC_variedcutoff
B0005,51,4.477284460505937,26.61170900677169,38.95156480403077,0,459,0,337,64.35081100455619,3874,1.7570177850353066,24,0.01034642259258911,0.30357142857142855,26.35255487152085,459.8,338.4,8121.599999999999,RT_2A_CC_variedcutoff
B0005,52,4.142344497607655,26.119963671068508,38.607510759873634,0,461,0,335,65.86456279348597,4180,1.7468706179837907,24,0.01014716705151586,0.30952380952380953,26.610613571034314,459.6,339.0,8136.0,RT_2A_CC_variedcutoff
B0005,53,4.3716746896376995,26.072535930325312,38.920359903369054,0,459,0,334,64.24444938468922,3947,1.7417172507457144,24,0.005153367238076356,0.31547619047619047,26.793186307390734,459.8,339.4,8145.599999999999,RT_2A_CC_variedcutoff
B0005,54,4.264160277022014,26.282656498753784,39.23273115358871,0,460,0,333,64.65456324988406,4043,1.7364225056478186,24,0.005294745097895737,0.32142857142857145,26.776589181601754,459.8,337.4,8097.599999999999,RT_2A_CC_variedcutoff
B0005,55,4.180248114813914,26.168750523605084,38.9649270684008,0,461,0,331,64.85318375094072,4111,1.7263217239235826,24,0.010100781724236008,0.3273809523809524,26.446583764125904,459.8,335.6,8054.400000000001,RT_2A_CC_variedcutoff
B0005,56,4.037010843941537,26.002952515538727,38.83927283461771,0,461,0,329,65.27721838091688,4242,1.7158065389330133,24,0.01051518499056936,0.3333333333333333,26.251123126104876,460.0,334.0,8016.0,RT_2A_CC_variedcutoff
B0005,57,4.032790752535975,25.881365260299457,38.82796377704433,0,461,0,328,64.98120533378125,4239,1.710533351135192,24,0.005273187797821377,0.3392857142857143,26.12937182785828,460.4,332.4,7977.599999999999,RT_2A_CC_variedcutoff
B0005,58,4.072484501669051,25.884628533273975,39.14007944734004,0,462,0,327,64.5468274161853,4194,1.706014499648521,24,0.004518851486670972,0.34523809523809523,26.08165214570447,460.4,331.0,7944.0,RT_2A_CC_variedcutoff
B0005,59,4.1005291005291005,26.38678385739342,39.349611598028886,0,462,0,326,64.25579976578166,4158,1.7003110272642588,24,0.005703472384262165,0.35119047619047616,26.04407066629421,461.0,329.6,7910.400000000001,RT_2A_CC_variedcutoff
B0005,60,4.046318289786223,26.280860429438288,39.29444535878087,0,463,0,325,64.33964011640902,4210,1.6945798601797897,24,0.00573116708446908,0.35714285714285715,26.064896138022128,461.4,328.2,7876.799999999999,RT_2A_CC_variedcutoff
B0005,61,4.393782383419689,26.341573647275204,39.10487658009542,0,462,0,323,62.30181522638616,3860,1.6849029086609286,24,0.009676951518861054,0.3630952380952381,26.087318119188772,461.8,327.0,7848.0,RT_2A_CC_variedcutoff
B0005,62,4.194348041646009,26.129293291133003,39.0462609369598,0,464,0,321,62.98720437156646,4034,1.6744741591159715,24,0.010428749544957094,0.36904761904761907,26.15504234553607,462.0,325.8,7819.200000000001,RT_2A_CC_variedcutoff
B0005,63,4.031719532554257,25.99750931782589,39.398032192832,0,463,0,321,63.50706682465156,4193,1.6745692479879102,24,-9.508887193865334e-05,0.375,26.204627951702776,462.6,324.4,7785.599999999999,RT_2A_CC_variedcutoff
B0005,64,3.986038807382868,26.401860745223857,39.10678394120843,0,463,0,319,63.690197801057195,4226,1.663716375981405,24,0.010852872006505088,0.38095238095238093,26.227204108613158,462.8,323.2,7756.799999999999,RT_2A_CC_variedcutoff
B0005,65,4.098879688261081,26.430480500701876,39.44448954135193,0,464,0,318,62.913407005266066,4106,1.659013868748246,24,0.0047025072331590145,0.3869047619047619,26.230219486179248,463.0,321.8,7723.200000000001,RT_2A_CC_variedcutoff
B0005,66,4.21792618629174,26.37591379033474,39.509602016775695,0,464,0,317,61.95957497104574,3983,1.6538540573335014,24,0.005159811414744642,0.39285714285714285,26.26014350043197,463.2,320.4,7689.599999999999,RT_2A_CC_variedcutoff
B0005,67,4.021843494959193,26.144809523835395,39.33486536224533,0,465,0,315,62.748925693525926,4166,1.642653782130131,24,0.011200275203370413,0.39880952380952384,26.267011529043874,463.6,319.2,7660.799999999999,RT_2A_CC_variedcutoff
B0005,68,4.069654164637116,26.11203271690016,39.43723270017243,0,464,0,314,62.15134324030067,4106,1.6378578430223698,24,0.004795939107761216,0.40476190476190477,26.270114775584354,463.8,318.0,7632.0,RT_2A_CC_variedcutoff
B0005,69,4.080909313126375,26.177983668078284,39.51375235624076,0,465,0,313,61.95352642576341,4091,1.6327350407099108,24,0.005122802312458985,0.4107142857142857,26.293019455399207,464.0,316.6,7598.400000000001,RT_2A_CC_variedcutoff
B0005,70,4.284795472086442,26.334016312724874,39.60170302810528,0,465,0,312,60.6957528458882,3887,1.6277528915533617,24,0.004982149156549154,0.4166666666666667,26.248244039970093,464.4,315.4,7569.599999999999,RT_2A_CC_variedcutoff
B0005,71,3.9489311163895486,26.154691982541184,39.68746359758208,0,465,0,311,62.183779901071105,4210,1.622125485521159,24,0.005627406032202575,0.4226190476190476,26.22895120237469,464.6,314.2,7540.799999999999,RT_2A_CC_variedcutoff
B0005,72,3.952131459871398,26.144709937208436,39.53535075538898,0,467,0,309,61.93574309960843,4199,1.6113256603765849,24,0.010799825144574227,0.42857142857142855,26.184706840815977,464.8,313.0,7512.0,RT_2A_CC_variedcutoff
B0005,73,3.9536550406115625,26.126729582572782,39.6502371632164,0,466,0,308,61.56544747531892,4186,1.6065631397488385,24,0.004762520627746403,0.43452380952380953,26.18468692349059,465.2,311.8,7483.200000000001,RT_2A_CC_variedcutoff
B0005,74,3.928656361474435,26.129617686469047,39.69929058154853,0,466,0,307,61.50910916974417,4205,1.6015142233917594,24,0.005048916357079047,0.44047619047619047,26.187626296625115,465.6,310.6,7454.400000000001,RT_2A_CC_variedcutoff
B0005,75,3.920752022846264,26.08202174496985,39.56076309770468,0,467,0,305,61.33985945321764,4202,1.590369231400328,24,0.011144991991431485,0.44642857142857145,26.177953100303263,465.8,309.4,7425.599999999999,RT_2A_CC_variedcutoff
B0005,76,4.047501845926655,26.095540196242986,39.63708096307912,0,467,0,304,60.33871278107166,4063,1.5857889968242211,24,0.00458023457610679,0.4523809523809524,26.127554186752256,466.2,308.0,7392.0,RT_2A_CC_variedcutoff
B0005,77,3.91640866873065,25.897460765364237,39.43977047692484,0,467,0,304,60.79636629540777,4199,1.5849430707374117,24,0.0008459260868094454,0.4583333333333333,26.115723829492616,466.6,306.6,7358.400000000001,RT_2A_CC_variedcutoff
B0005,78,3.958233317330773,26.311831572086923,39.83902225625452,0,466,0,306,60.566380098178634,4166,1.5955263892495937,24,-0.010583318512181972,0.4642857142857143,26.066273995123783,466.6,305.6,7334.400000000001,RT_2A_CC_variedcutoff
B0005,79,3.8988095238095237,26.125094393604556,39.41794949618613,0,467,0,302,61.093970153138535,4200,1.5747301747801037,24,0.020796214469489982,0.47023809523809523,26.103294393026612,466.6,305.2,7324.799999999999,RT_2A_CC_variedcutoff
B0005,80,3.8955152671755724,25.648000599237122,39.262781682151214,0,468,0,300,60.455465819058446,4192,1.5649019950937946,24,0.009828179686309113,0.47619047619047616,26.10238973445371,466.8,304.2,7300.799999999999,RT_2A_CC_variedcutoff
B0005,81,4.102693178957966,25.700382511976525,39.47237839941986,0,468,0,299,59.06481931902993,3973,1.5597659473370362,24,0.005136047756758355,0.48214285714285715,26.015585505307165,467.0,303.2,7276.799999999999,RT_2A_CC_variedcutoff
B0005,82,3.9012168933428777,25.949327823204715,40.03754146951368,0,468,2,299,59.933575078253135,4191,1.5594815668184234,24,0.00028438051861279234,0.4880952380952381,25.93655396845387,467.2,302.2,7252.799999999999,RT_2A_CC_variedcutoff
B0005,83,3.915533285612026,26.487527960794704,40.14273016201157,0,469,5,298,59.94760568150332,4191,1.55468935359061,24,0.004792213227813535,0.49404761904761907,25.946927380021968,467.4,301.2,7228.799999999999,RT_2A_CC_variedcutoff
B0005,84,3.9552599758162033,26.411818212089486,40.1165626728546,0,469,4,297,59.51660100866183,4135,1.5488741079890418,24,0.0058152456015680976,0.5,25.98206665776352,468.0,299.6,7190.400000000001,RT_2A_CC_variedcutoff
B0005,85,4.116675139806812,26.356269527260835,39.87503330866132,0,469,0,295,58.41146271528633,3934,1.538236598942558,24,0.010637509046483862,0.5059523809523809,26.03941142146051,468.4,298.6,7166.400000000001,RT_2A_CC_variedcutoff
B0005,86,3.8572794644991633,25.89313285864022,39.61961987024145,0,469,0,293,59.22385487599008,4183,1.527914258251028,24,0.01032234069153004,0.5119047619047619,26.181065207065252,468.6,297.6,7142.400000000001,RT_2A_CC_variedcutoff
B0005,87,3.875209180014344,25.854726327454767,40.067324667444815,0,469,3,293,58.93201258408516,4183,1.5285252629756445,24,-0.000611004724616615,0.5178571428571429,26.21961527639799,468.8,296.4,7113.599999999999,RT_2A_CC_variedcutoff
B0005,88,3.9035825919692235,26.355567033687034,40.24716716520102,0,470,5,292,58.8765458504712,4159,1.522647325284378,24,0.005877937691266544,0.5238095238095238,26.200694977248002,469.0,295.2,7084.799999999999,RT_2A_CC_variedcutoff
B0005,89,3.8923444976076556,26.48887618879137,40.30253125568348,0,471,7,291,58.754875918400536,4180,1.5174859938489869,24,0.005161331435391103,0.5297619047619048,26.174302791826467,469.2,294.0,7056.0,RT_2A_CC_variedcutoff
B0005,90,32.40412979351032,32.856295641052824,40.09418103142496,0,92,3,307,45.63600213545409,339,1.605818899130659,24,-0.08833290528167215,0.5357142857142857,26.189714387166845,469.6,292.8,7027.200000000001,RT_2A_CC_variedcutoff
B0005,91,3.952517298973992,26.475731342039513,40.52238496316615,0,467,10,300,59.612872810356684,4191,1.5638491446744425,24,0.041969754456216535,0.5416666666666666,27.489719609925242,394.2,295.2,7084.799999999999,RT_2A_CC_variedcutoff
B0005,92,4.024628139478176,26.981751540770997,40.56886357314186,0,469,10,297,59.72266771575593,4101,1.5480915247767786,24,0.015757619897663888,0.5476190476190477,27.6062393066051,393.8,296.6,7118.400000000001,RT_2A_CC_variedcutoff
B0005,93,3.9371689937409724,26.7612455250986,40.27804845768325,0,470,7,294,59.48003290634552,4154,1.5323755631868592,24,0.01571596158991939,0.5535714285714286,27.831644349268345,393.8,297.4,7137.599999999999,RT_2A_CC_variedcutoff
B0005,94,3.886634844868735,26.508949824969402,40.2921849196155,0,469,6,293,59.143903689460195,4190,1.5269528268489705,24,0.005422736337888701,0.5595238095238095,27.912780047550662,393.8,297.8,7147.200000000001,RT_2A_CC_variedcutoff
B0005,95,3.9123611781747947,26.393834112309246,40.184384347174266,0,470,5,291,58.771723872800486,4142,1.5169573017136326,24,0.009995525135337857,0.5654761904761905,27.91679477478627,393.4,298.2,7156.799999999999,RT_2A_CC_variedcutoff
B0005,96,3.9134105161601545,26.373487027675377,40.320066232195046,0,470,7,290,58.476225028056376,4146,1.511897596014269,24,0.005059705699363537,0.5714285714285714,26.624302469037552,469.0,295.0,7080.0,RT_2A_CC_variedcutoff
B0005,97,3.873475245156661,26.422313968238875,40.33650561265159,0,470,7,289,58.45596331704103,4181,1.5065638960681105,24,0.005333699946158621,0.5773809523809523,26.603853606164726,469.6,293.0,7032.0,RT_2A_CC_variedcutoff
B0005,98,4.030370923574807,26.5067688126127,40.43267631588412,0,470,8,288,57.56005857489618,4017,1.5015453526671363,24,0.005018543400974185,0.5833333333333334,26.4919660916583,469.8,291.4,6993.599999999999,RT_2A_CC_variedcutoff
B0005,99,3.8511249401627574,26.41706617603469,40.314538591575015,0,471,7,285,58.103492313481276,4178,1.4908444050400238,24,0.01070094762711249,0.5892857142857143,26.44107074916112,469.8,290.2,6964.799999999999,RT_2A_CC_variedcutoff
B0005,100,3.8574850299401198,26.434980727100196,40.386661855917744,0,472,7,285,57.76345285825411,4175,1.485868384561201,24,0.004976020478822729,0.5952380952380952,26.422694019374177,470.2,288.6,6926.400000000001,RT_2A_CC_variedcutoff
B0005,101,3.8596070915189267,26.456726088471925,40.43384612547835,0,471,9,284,57.58769053756428,4174,1.480413677976106,24,0.00545470658509517,0.6011904761904762,26.43092334233237,470.6,287.4,6897.599999999999,RT_2A_CC_variedcutoff
B0005,102,4.007976071784646,26.532987411038157,40.44479269068758,0,471,9,283,56.75380971386037,4012,1.4752095869031632,24,0.005204091072942729,0.6071428571428571,26.44757115449168,470.8,286.2,6868.799999999999,RT_2A_CC_variedcutoff
B0005,103,3.8797028516654684,26.413205469241127,40.58499656066617,0,471,11,285,57.256524159361824,4173,1.4859035988304024,24,-0.010694011927239178,0.6130952380952381,26.469705843051532,471.0,285.0,6840.0,RT_2A_CC_variedcutoff
B0005,104,4.209445585215605,26.958273386615677,40.99869158762305,0,471,17,287,56.28854842620231,3896,1.4960918298136696,24,-0.010188230983267266,0.6190476190476191,26.45099317437722,471.2,284.4,6825.599999999999,RT_2A_CC_variedcutoff
B0005,105,3.9831337081398193,27.131904845851828,40.997807625227495,0,470,17,284,57.59910859714696,4091,1.4808005946928984,24,0.01529123512077124,0.625,26.559234616493416,471.2,284.8,6835.200000000001,RT_2A_CC_variedcutoff
B0005,106,4.198701298701299,27.080331967382374,40.84213757482493,0,471,14,282,56.013704009895875,3850,1.4697543268466824,24,0.011046267846215985,0.6309523809523809,26.698619440243743,470.8,284.6,6830.400000000001,RT_2A_CC_variedcutoff
B0005,107,3.9768195413758725,26.790915686115525,40.69012464267011,0,470,11,278,56.40575221565339,4012,1.4539012274845928,24,0.015853099362089562,0.6369047619047619,26.82334061602583,470.8,284.2,6820.799999999999,RT_2A_CC_variedcutoff
B0005,108,3.853442072439434,26.561255262550123,40.69938049882204,0,472,13,279,56.854484420630385,4169,1.454146206723569,24,-0.0002449792389762617,0.6428571428571429,26.874926271041307,470.6,283.2,6796.799999999999,RT_2A_CC_variedcutoff
B0005,109,4.152738493185909,26.903118710911638,41.06026204078849,0,471,17,279,55.392287175655866,3889,1.455023751906683,24,-0.0008775451831140035,0.6488095238095238,26.904536229703105,470.8,282.0,6768.0,RT_2A_CC_variedcutoff
B0005,110,3.9164049287267457,27.04774657781582,41.19696040482682,0,472,20,278,56.49333142999573,4139,1.449042163761236,24,0.0059815881454470254,0.6547619047619048,26.8935052945623,470.8,280.4,6729.599999999999,RT_2A_CC_variedcutoff
B0005,111,3.8370139222275563,26.904026562166234,40.84446688602949,0,473,14,275,56.429753310633124,4166,1.4386709371480566,24,0.010371226613179463,0.6607142857142857,26.876673640955097,471.2,279.2,6700.799999999999,RT_2A_CC_variedcutoff
B0005,112,3.837376891664665,26.571881758785118,40.764203830749366,0,474,13,275,56.03837956294933,4163,1.433445432156979,24,0.005225504991077656,0.6666666666666666,26.841412559911866,471.6,277.8,6667.200000000001,RT_2A_CC_variedcutoff
B0005,113,4.15418388429752,26.89778413401846,41.11212504270441,0,473,18,275,54.64486915107712,3872,1.4333958900838095,24,4.954207316942849e-05,0.6726190476190477,26.79760577444579,472.4,277.2,6652.799999999999,RT_2A_CC_variedcutoff
B0005,114,3.867675312199808,27.023692973158287,41.27256611507568,0,473,20,274,55.8822416519691,4164,1.42806487344776,24,0.005331016636049624,0.6785714285714286,26.86491154873945,472.6,276.4,6633.599999999999,RT_2A_CC_variedcutoff
B0005,115,3.844027877913963,27.070206094781533,41.15574924454392,0,473,18,272,55.73489608999633,4161,1.4229203181741186,24,0.005144555273641327,0.6845238095238095,26.889026401188783,473.0,275.4,6609.599999999999,RT_2A_CC_variedcutoff
B0005,116,3.8374609281077183,26.85440287521051,41.03237216951879,0,473,17,272,55.5374115273791,4159,1.417429032731308,24,0.005491285442810634,0.6904761904761905,26.893518304581924,473.2,274.2,6580.799999999999,RT_2A_CC_variedcutoff
B0005,117,3.8279181708784598,26.591191846639855,40.937269906716935,0,473,16,271,55.35627823376873,4155,1.412409228794446,24,0.005019803936861855,0.6964285714285714,26.88359356719078,473.2,273.6,6566.400000000001,RT_2A_CC_variedcutoff
B0005,118,3.9584877687175686,26.755891463025023,41.240704611971786,0,474,20,271,54.738146821776816,4047,1.412578792940193,24,-0.00016956414574686995,0.7023809523809523,26.887455584761728,473.0,272.8,6547.200000000001,RT_2A_CC_variedcutoff
B0005,119,4.0836298932384345,27.17325002286125,41.43649987692296,0,474,23,270,54.28333055793705,3934,1.4075983731469897,24,0.0049804197932032945,0.7083333333333334,26.85907705056304,473.2,272.0,6528.0,RT_2A_CC_variedcutoff
B0005,120,4.120275791624106,27.409546945003704,41.16703904201915,0,473,20,275,54.11745095295191,3916,1.4333920485221476,24,-0.025793675375157976,0.7142857142857143,26.888988460503633,473.4,271.2,6508.799999999999,RT_2A_CC_variedcutoff
B0005,121,4.042073628850488,27.23594833082645,41.36216559728765,0,472,22,274,55.357516094879216,3993,1.4382550176792908,24,-0.004862969157143127,0.7202380952380952,26.956856630548067,473.4,271.8,6523.200000000001,RT_2A_CC_variedcutoff
B0005,122,3.873666343355965,27.18394299139693,41.02198772703674,0,474,17,272,55.86979430035541,4124,1.4173547174485526,24,0.02090030023073819,0.7261904761904762,27.03316572167126,473.2,272.2,6532.799999999999,RT_2A_CC_variedcutoff
B0005,123,3.872740595994138,26.773388681436494,40.78818812957494,0,475,14,270,55.10558111141967,4094,1.406981663677643,24,0.010373053770909468,0.7321428571428571,27.151715950622666,473.4,272.4,6537.599999999999,RT_2A_CC_variedcutoff
B0005,124,3.7999518536350507,26.537440883194183,40.81506138506309,0,474,13,269,55.004024208084516,4154,1.4012037783587623,24,0.005777885318880793,0.7380952380952381,27.155215394304964,473.6,272.2,6532.799999999999,RT_2A_CC_variedcutoff
B0005,125,3.831877729257642,26.5196110667123,40.85837421987642,0,475,14,268,54.68424945327105,4122,1.3967008232726328,24,0.004502955086129523,0.7440476190476191,27.02805356637155,473.6,272.0,6528.0,RT_2A_CC_variedcutoff
B0005,126,3.7998068099492874,26.4687590791022,40.839876773287166,0,473,14,267,54.63835124332336,4141,1.391284788852726,24,0.00541603441990679,0.75,26.850066390713273,474.0,270.6,6494.400000000001,RT_2A_CC_variedcutoff
B0005,127,3.807217243884718,26.473202241451453,40.85376069244676,0,474,14,266,54.41495508733836,4129,1.3862287677978349,24,0.005056021054891113,0.7559523809523809,26.69662854036842,474.2,269.2,6460.799999999999,RT_2A_CC_variedcutoff
B0005,128,3.778313253012048,26.359092762612214,40.74795214258888,0,475,13,265,54.34008354394131,4150,1.3804366761974138,24,0.005792091600421045,0.7619047619047619,26.554480390379325,474.2,268.0,6432.0,RT_2A_CC_variedcutoff
B0005,129,4.009761109684049,26.38579246195757,40.68794001196382,0,474,12,264,53.13854736077941,3893,1.3752364150256224,24,0.005200261171791398,0.7678571428571429,26.47162120661447,474.2,267.0,6408.0,RT_2A_CC_variedcutoff
B0005,130,3.8350946178422216,26.285565675577125,40.7810749453613,0,474,13,263,53.661915706571016,4069,1.3705128024895008,24,0.004723612536121635,0.7738095238095238,26.441291522367145,474.2,266.0,6384.0,RT_2A_CC_variedcutoff
B0005,131,3.777750965250965,26.283919344922065,40.88159339768709,0,474,15,263,53.88305921826556,4144,1.37050855662704,24,4.245862460727778e-06,0.7797619047619048,26.394482444140113,474.0,265.0,6360.0,RT_2A_CC_variedcutoff
B0005,132,3.762376237623762,26.24324216805677,40.81191473576834,0,475,13,262,53.76323878765089,4141,1.3647355108681518,24,0.005773045758888262,0.7857142857142857,26.357514497304084,474.2,264.2,6340.799999999999,RT_2A_CC_variedcutoff
B0005,133,3.8350340136054424,26.23255415034497,41.11793533148924,0,474,19,264,53.499602426172245,4116,1.375392016895762,24,-0.010656506027610257,0.7916666666666666,26.31152248262515,474.4,263.4,6321.599999999999,RT_2A_CC_variedcutoff
B0005,134,3.8296332046332044,26.786441442592206,41.248795355864885,0,474,20,266,53.95793593173645,4144,1.3861115151535393,24,-0.010719498257777182,0.7976190476190477,26.286214760171696,474.2,263.2,6316.799999999999,RT_2A_CC_variedcutoff
B0005,135,3.8165537270087126,26.96356400392298,41.16242984455477,0,475,19,263,54.32828562071821,4132,1.369850003583894,24,0.01626151156964517,0.8035714285714286,26.36634455629863,474.2,263.6,6326.400000000001,RT_2A_CC_variedcutoff
B0005,136,3.7925211097708083,26.600261725103017,41.16437554618679,0,476,18,262,53.78743805643155,4145,1.3647827949260758,24,0.0050672086578182896,0.8095238095238095,26.501944221967797,474.4,263.6,6326.400000000001,RT_2A_CC_variedcutoff
B0005,137,3.758454106280193,26.34155746993644,40.86421618020504,0,476,14,260,53.60693152780176,4140,1.3543220466259964,24,0.01046074830007937,0.8154761904761905,26.56521269800399,474.8,263.4,6321.599999999999,RT_2A_CC_variedcutoff
B0005,138,3.8972959563383776,26.48651485214423,41.25434553511566,0,476,20,260,52.8571807694523,4031,1.3546417018378962,24,-0.0003196552118998053,0.8214285714285714,26.584875758379923,475.0,263.0,6312.0,RT_2A_CC_variedcutoff
B0005,139,3.8509392534764575,26.78584814375486,41.45023191903855,0,476,23,260,53.1654670412203,4099,1.354703921319241,24,-6.221948134466082e-05,0.8273809523809523,26.635667898739776,475.4,262.2,6292.799999999999,RT_2A_CC_variedcutoff
B0005,140,3.9113607990012484,26.75912954788692,41.27708509224051,0,475,20,259,52.79583747998016,4005,1.349314997503458,24,0.005388923815782931,0.8333333333333334,26.635549238972306,475.8,261.0,6264.0,RT_2A_CC_variedcutoff
B0005,141,3.976488627651418,26.507248379072657,41.06460515498328,0,475,17,258,52.237243317041056,3913,1.3441891937970554,24,0.005125803706402587,0.8392857142857143,26.59466234776509,475.8,260.2,6244.799999999999,RT_2A_CC_variedcutoff
B0005,142,3.777074714042346,26.134079624837774,40.99284868101728,0,476,16,257,52.77430365139927,4109,1.3389913790695755,24,0.005197814727479821,0.8452380952380952,26.576059678559023,475.6,259.4,6225.599999999999,RT_2A_CC_variedcutoff
B0005,143,3.830308974987739,26.25390850939633,41.29040553417739,0,476,20,257,52.49781806334504,4078,1.3389145230206971,24,7.685604887841535e-05,0.8511904761904762,26.534564109539286,475.6,258.8,6211.200000000001,RT_2A_CC_variedcutoff
B0005,144,3.8332923530858127,26.549380585332035,41.22740227746052,0,476,20,256,52.498802848992284,4067,1.3340066759761655,24,0.004907847044531621,0.8571428571428571,26.48804284098971,475.6,258.2,6196.799999999999,RT_2A_CC_variedcutoff
B0005,145,4.045941007569825,26.474968201387018,41.04619550953222,0,477,17,255,51.402495504055665,3831,1.3286444309174914,24,0.005362245058674109,0.8630952380952381,26.44074932930514,475.6,257.4,6177.599999999999,RT_2A_CC_variedcutoff
B0005,146,3.8268225926847474,26.0666485668026,40.85874389007758,0,476,14,254,52.00684224360155,4019,1.323170899227622,24,0.005473531689869304,0.8690476190476191,26.38391706000516,476.0,256.6,6158.400000000001,RT_2A_CC_variedcutoff
B0005,147,3.800395745733366,25.859012035682348,40.79196924883506,0,477,14,253,51.83619645654744,4043,1.3181691588445197,24,0.005001740383102415,0.875,26.29579709755115,476.2,255.8,6139.200000000001,RT_2A_CC_variedcutoff
B0005,148,3.745458948898038,26.03573956431835,41.14127834456325,0,477,18,253,51.986262742319134,4129,1.3184664436640334,24,-0.0002972848195137434,0.8809523809523809,26.240783579720066,476.4,255.0,6120.0,RT_2A_CC_variedcutoff
B0005,149,4.014029618082619,26.380887065674944,41.14429319149828,0,476,18,253,50.99582534132708,3849,1.318293040102702,24,0.0001734035613314422,0.8869047619047619,26.19714979070447,476.6,254.2,6100.799999999999,RT_2A_CC_variedcutoff
B0005,150,3.789304283238425,26.238155844402023,40.66184230912503,0,476,11,254,51.704352675406966,4039,1.323872422244268,24,-0.005579382141565947,0.8928571428571429,26.16345108677305,476.6,253.6,6086.4,RT_2A_CC_variedcutoff
B0005,151,3.7893843916626273,26.134842121731477,41.04669454497069,0,474,17,261,52.032438689121186,4126,1.3601216766554785,24,-0.03624925441121052,0.8988095238095238,26.116088615376054,476.4,253.4,6081.6,RT_2A_CC_variedcutoff
B0005,152,3.7533284918905836,26.417988309373285,41.0462053156659,0,475,16,257,53.46951518323587,4131,1.3395306867947354,24,0.020590989860743036,0.9047619047619048,26.12972732636183,476.0,254.8,6115.200000000001,RT_2A_CC_variedcutoff
B0005,153,3.8030602171767027,26.326288391619265,40.8683026432256,0,476,14,255,52.50632099553188,4052,1.3290286565120697,24,0.01050203028266572,0.9107142857142857,26.241522581100014,475.6,255.6,6134.4,RT_2A_CC_variedcutoff
B0005,154,3.979301423027167,26.259766372648706,40.85283588259973,0,476,14,254,51.42458110759738,3865,1.3236741274998955,24,0.005354529012174147,0.9166666666666666,26.299632346560195,475.4,256.0,6144.0,RT_2A_CC_variedcutoff
B0005,155,3.8461538461538463,26.113510118853405,40.85270645265791,0,476,14,253,51.72190041880505,3991,1.318633896753293,24,0.0050402307466026475,0.9226190476190477,26.27540820795495,475.4,256.2,6148.799999999999,RT_2A_CC_variedcutoff
B0005,156,3.8017861572810716,26.039510604134875,40.8263251809212,0,477,14,252,51.71595365790656,4031,1.3134751321324272,24,0.00515876462086573,0.9285714285714286,26.250479062845226,475.4,256.0,6144.0,RT_2A_CC_variedcutoff
B0005,157,3.899210995164164,26.088292966433407,40.90308836809665,0,476,14,252,51.177764201947284,3929,1.3132020634442203,24,0.0002730686882068678,0.9345238095238095,26.231412759325906,476.0,254.2,6100.799999999999,RT_2A_CC_variedcutoff
B0005,158,3.785891089108911,26.0227916710822,40.84337405460518,0,477,14,251,51.548530735303174,4040,1.3077959946944353,24,0.005406068749784998,0.9404761904761905,26.165473690737933,476.2,253.2,6076.799999999999,RT_2A_CC_variedcutoff
B0005,159,3.7024011642008245,25.90003626631576,40.81792110626284,0,477,14,250,51.67344236177438,4123,1.3030329186405918,24,0.004763076053843518,0.9464285714285714,26.104774346630517,476.4,252.4,6057.6,RT_2A_CC_variedcutoff
B0005,160,3.8939740655987793,26.065617233049075,40.94699384765951,0,477,16,250,50.85522246052024,3933,1.3033573559038203,24,-0.0003244372632285053,0.9523809523809523,26.03282832536393,476.6,251.6,6038.4,RT_2A_CC_variedcutoff
B0005,161,3.897917724733367,26.107995838216855,41.07493805830632,0,476,18,250,50.90406035013791,3938,1.3034100438655642,24,-5.2687961743957956e-05,0.9583333333333334,26.023249748203064,476.8,251.0,6024.0,RT_2A_CC_variedcutoff
B0005,162,3.800944333996024,26.087603744485726,41.02476444658572,0,476,17,249,51.21810605603396,4024,1.2978870806495706,24,0.005522963215993659,0.9642857142857143,26.036946795019457,476.6,250.6,6014.4,RT_2A_CC_variedcutoff
B0005,163,3.8400702987697715,26.08394678819986,41.06214198725253,0,476,17,249,50.859122941860036,3983,1.2980735056918902,24,-0.00018642504231958235,0.9702380952380952,26.036808950629922,476.6,250.0,6000.0,RT_2A_CC_variedcutoff
B0005,164,3.9167309175019276,26.07147989973796,40.98366325567302,0,476,16,248,50.48581164987617,3891,1.293463613844243,24,0.004609891847647152,0.9761904761904762,26.049039974053454,476.4,249.6,5990.4,RT_2A_CC_variedcutoff
B0005,165,3.8642131979695433,26.095526319361504,40.98234242711097,0,477,16,247,50.520148336680144,3940,1.288003392619118,24,0.005460221225125128,0.9821428571428571,26.083328700737894,476.2,249.2,5980.799999999999,RT_2A_CC_variedcutoff
B0005,166,3.7813042400198364,26.09596542918526,41.06375085817118,0,477,17,247,50.72155021263442,4033,1.2874525221379407,24,0.0005508704811771903,0.9880952380952381,26.08931051800038,476.2,248.6,5966.4,RT_2A_CC_variedcutoff
B0005,167,4.054089709762533,26.2977053216749,41.047029587744966,0,475,18,251,49.82839661866963,3790,1.3090153642307354,24,-0.021562842092794687,0.9940476190476191,26.08690443619406,476.4,248.0,5952.0,RT_2A_CC_variedcutoff
B0005,168,3.944672131147541,26.081572487607946,41.051007697556734,0,474,16,254,51.016586061180035,3904,1.3250793286429356,24,-0.01606396441220026,1.0,26.128924751631892,476.2,248.4,5961.6,RT_2A_CC_variedcutoff
B0006,3,11.952296819787986,28.104761208350265,38.999202460252846,0,282,0,194,56.02799426212206,1132,2.013326371345464,24,0.011813874685948189,0.017857142857142856,27.33819671281202,282.5,195.5,4692.0,RT_2A_CC_variedcutoff
B0006,4,11.903283052351375,28.029351621353655,38.84362777186652,0,281,0,193,55.84355744204174,1127,2.0132846655407413,24,4.170580472262486e-05,0.023809523809523808,27.59371821132477,282.3333333333333,195.0,4680.0,RT_2A_CC_variedcutoff
B0006,5,11.87444739168877,27.917320644734247,38.97798888258284,0,282,0,193,55.852157743159204,1131,2.000528337624771,24,0.012756327915970367,0.02976190476190476,27.70262656383199,282.0,194.5,4668.0,RT_2A_CC_variedcutoff
B0006,6,11.865736704446382,27.86475673082987,38.83989920742278,0,282,0,194,56.41683566936519,1147,2.0138990759931645,24,-0.013370738368393642,0.03571428571428571,27.745565380012444,282.0,194.2,4660.799999999999,RT_2A_CC_variedcutoff
B0006,7,11.817785527462947,27.94542445220593,39.04610837498471,0,281,0,194,56.31811181407776,1147,2.013101105626967,24,0.0007979703661975535,0.041666666666666664,27.98206340911317,282.0,193.8,4651.200000000001,RT_2A_CC_variedcutoff
B0006,8,11.809180918091808,28.123224831945837,38.87507521022778,0,282,0,190,55.04635251872861,1111,1.96878982627284,24,0.04431127935412693,0.047619047619047616,27.972322931494794,281.6,193.6,4646.4,RT_2A_CC_variedcutoff
B0006,9,11.741674167416742,28.052757911617476,38.7260539826455,0,281,0,189,55.001372031365236,1111,1.9681661764334244,24,0.000623649839415652,0.05357142857142857,27.976015656213907,281.6,192.8,4627.200000000001,RT_2A_CC_variedcutoff
B0006,10,11.728172817281727,27.981931449673926,38.98629728904917,0,282,0,189,54.84170574274176,1111,1.9572307917560536,24,0.010935384677370763,0.05952380952380952,27.980696914266673,281.6,192.0,4608.0,RT_2A_CC_variedcutoff
B0006,11,11.690712353471596,27.95140365521656,38.65978861919643,0,281,0,188,54.769431571859286,1109,1.9455991514129352,24,0.011631640343118477,0.06547619047619048,27.993619075254607,281.6,191.2,4588.799999999999,RT_2A_CC_variedcutoff
B0006,12,8.234852278417627,27.572787166651633,38.84979195732924,0,523,0,187,52.3615711105443,1997,1.934750504484113,24,0.010848646928822259,0.07142857142857142,28.01094846013195,281.4,190.0,4560.0,RT_2A_CC_variedcutoff
B0006,13,11.452641165755919,28.153409454609548,38.75128344015104,0,279,0,185,53.984669948097974,1098,1.9232799539368028,24,0.011470550547310054,0.07738095238095238,27.93642100302109,329.8,188.6,4526.4,RT_2A_CC_variedcutoff
B0006,14,11.376429199648197,27.92526190786414,38.76853764058789,0,281,0,185,55.28650662911326,1137,1.911889930948487,24,0.011390022988315929,0.08333333333333333,27.94245792755383,329.2,187.6,4502.4,RT_2A_CC_variedcutoff
B0006,15,11.35948905109489,27.96062652813828,38.84686112344348,0,280,0,184,53.66843031205376,1096,1.9010667141979305,24,0.01082321675055642,0.08928571428571429,27.916958726803166,329.2,186.8,4483.200000000001,RT_2A_CC_variedcutoff
B0006,16,11.306921675774134,27.90069325695807,38.8658897816528,0,281,0,183,53.674615559017646,1098,1.8891989948061456,24,0.011867719391784881,0.09523809523809523,27.912697742496032,328.8,185.8,4459.200000000001,RT_2A_CC_variedcutoff
B0006,17,11.211151736745887,27.8771718267039,38.647578733807656,0,279,0,182,53.4522226440821,1094,1.878278372248849,24,0.010920622557296644,0.10119047619047619,27.90255566284434,328.8,184.8,4435.200000000001,RT_2A_CC_variedcutoff
B0006,18,11.08675799086758,27.856592253550396,38.79218188173866,0,280,0,181,53.28589586169022,1095,1.8675697161520208,24,0.01070865609682814,0.10714285714285714,27.963432594854787,280.0,183.8,4411.200000000001,RT_2A_CC_variedcutoff
B0006,19,10.98731884057971,27.88708521240046,38.77022223929529,0,280,0,180,53.49154324045351,1104,1.8675892574453767,24,-1.954129335590693e-05,0.1130952380952381,27.904069154642958,280.2,183.0,4392.0,RT_2A_CC_variedcutoff
B0006,20,11.204444444444444,26.62638883433332,37.54320599748628,0,281,0,191,53.88765971097939,1125,1.979626548250818,24,-0.11203729080544123,0.11904761904761904,27.89643381555022,280.0,182.0,4368.0,RT_2A_CC_variedcutoff
B0006,21,11.786034019695613,27.01494004029721,37.90362577530197,0,281,0,189,55.45421930063271,1117,1.9575499080884025,24,0.022076640162415506,0.125,27.62958627678923,280.2,183.4,4401.6,RT_2A_CC_variedcutoff
B0006,22,11.69811320754717,27.034938700843085,37.6701605139887,0,280,0,188,55.10628350953319,1113,1.9458150170787551,24,0.011734891009647308,0.13095238095238096,27.45243563345706,280.2,184.6,4430.4,RT_2A_CC_variedcutoff
B0006,23,11.607629427792915,26.688192323675104,37.34166959188387,0,280,0,186,54.474424287699165,1101,1.9242461121680092,24,0.021568904910745923,0.13690476190476192,27.28398900828489,280.4,185.8,4459.200000000001,RT_2A_CC_variedcutoff
B0006,24,11.463093145869948,26.435988327468365,37.28979017254232,0,279,0,187,55.57562435696347,1138,1.945981133142164,24,-0.021735020974154695,0.14285714285714285,27.050309022309836,280.4,186.8,4483.200000000001,RT_2A_CC_variedcutoff
B0006,25,11.322727272727272,26.426178369350506,37.16794481484507,0,279,0,183,53.979546054359076,1100,1.901407930553079,24,0.044573202589084815,0.1488095238095238,26.760089645323415,280.2,188.2,4516.799999999999,RT_2A_CC_variedcutoff
B0006,26,11.201091901728844,26.377297819408085,37.51577848501052,0,280,0,182,53.60588366674839,1099,1.878674213680085,24,0.022733716872994192,0.15476190476190477,26.720047552326854,279.8,186.6,4478.4,RT_2A_CC_variedcutoff
B0006,27,11.084444444444445,26.25767331173379,37.24165964092258,0,280,0,180,54.53205645706759,1125,1.8683061328264217,24,0.010368080853663253,0.16071428571428573,26.59251910814903,279.6,185.2,4444.799999999999,RT_2A_CC_variedcutoff
B0006,28,10.958110516934047,26.187935549787365,37.27233216178077,0,281,0,180,54.08030251017633,1122,1.8560244070083,24,0.012281725818121592,0.16666666666666666,26.437066030327166,279.6,183.6,4406.4,RT_2A_CC_variedcutoff
B0006,29,10.817438692098092,26.268306634397277,37.2071345030198,0,282,0,178,53.064876750705274,1101,1.8451997961855775,24,0.010824610822722569,0.17261904761904762,26.337014675549618,279.8,182.4,4377.6,RT_2A_CC_variedcutoff
B0006,30,10.6631299734748,26.21567196583217,37.49607769896255,0,280,0,180,54.02630315436967,1131,1.857228890885317,24,-0.012029094699739451,0.17857142857142858,26.303478336935406,280.4,180.6,4334.4,RT_2A_CC_variedcutoff
B0006,31,14.297782470960929,25.99275561511803,37.25007396118109,0,900,0,371,37.21207625498551,1894,1.9247760889090637,24,-0.06754719802374676,0.18452380952380953,26.261377056231737,280.6,180.0,4320.0,RT_2A_CC_variedcutoff
B0006,32,8.325049701789265,26.060009339112142,37.39699052067588,0,454,0,362,68.40314679132132,4024,1.8822317526092551,24,0.04254433629980858,0.19047619047619047,26.184468615373724,404.6,217.8,5227.200000000001,RT_2A_CC_variedcutoff
B0006,33,7.9051873914122615,26.06870835212909,37.2852066420257,0,456,0,358,67.63631865265104,4029,1.855276687885587,24,0.026955064723668043,0.19642857142857142,26.144935820849394,439.4,254.2,6100.799999999999,RT_2A_CC_variedcutoff
B0006,34,7.610398860398861,25.64477858871256,37.080390421974414,0,457,0,355,68.23104267502278,4212,1.839250891718188,24,0.016025796167399076,0.20238095238095238,26.121090381317742,474.4,289.8,6955.200000000001,RT_2A_CC_variedcutoff
B0006,35,6.968365553602812,25.51123562754237,36.98024266357476,0,459,0,351,66.25602814476679,3983,1.8185396073994429,24,0.020711284318745138,0.20833333333333334,25.996384772180797,509.4,325.2,7804.799999999999,RT_2A_CC_variedcutoff
B0006,36,6.71093563053362,25.70815199216204,37.59874124546701,0,459,0,350,67.15024113913904,4179,1.8134770059567056,24,0.005062601442737291,0.21428571428571427,25.855497504522837,545.2,359.4,8625.599999999999,RT_2A_CC_variedcutoff
B0006,37,6.166948538294274,25.792882463942362,37.33680914521836,0,461,0,347,66.56230943695793,4139,1.7971018450305436,24,0.01637516092616198,0.22023809523809523,25.798576779931643,457.0,355.2,8524.8,RT_2A_CC_variedcutoff
B0006,38,5.112317011610298,25.650036946275684,37.39499820465976,0,461,0,344,65.06833291832585,3962,1.7810046294120476,24,0.016097215618495975,0.2261904761904762,25.745151404897683,458.4,352.2,8452.8,RT_2A_CC_variedcutoff
B0006,39,4.320899091343855,25.355004045232263,37.35233964342659,0,462,0,342,66.05753946333961,4182,1.7710130422682329,24,0.009991587143814762,0.23214285714285715,25.661417123727006,459.4,349.4,8385.599999999999,RT_2A_CC_variedcutoff
B0006,40,4.15992384578772,25.28070818806223,37.58677381866742,0,462,0,340,65.75788083868318,4202,1.7604712448170945,24,0.010541797451138368,0.23809523809523808,25.603462215030948,460.4,346.8,8323.2,RT_2A_CC_variedcutoff
B0006,41,4.210907335907336,25.847494088273624,38.20704456989348,0,464,0,338,65.10028938776765,4144,1.7502913788006589,24,0.010179866016435613,0.24404761904761904,25.557356727134916,461.0,344.6,8270.400000000001,RT_2A_CC_variedcutoff
B0006,42,4.2975308641975305,26.257221451090846,38.340431886092745,0,465,0,336,64.32042132417426,4050,1.7394925037732578,24,0.010798875027401067,0.25,25.585225146357235,462.0,342.2,8212.8,RT_2A_CC_variedcutoff
B0006,43,3.0182054616384915,25.884263156655706,38.521539672721865,0,419,0,171,64.6936580612175,3845,1.7546766553637203,24,-0.015184151590462491,0.25595238095238093,25.67809294378693,462.8,340.0,8160.0,RT_2A_CC_variedcutoff
B0006,44,4.112599905970851,25.674040781162372,38.03707160241571,0,461,0,341,65.7944525717723,4254,1.7659390941842177,24,-0.011262438820497378,0.2619047619047619,25.724938185862936,454.4,305.4,7329.599999999999,RT_2A_CC_variedcutoff
B0006,45,4.0965989607935756,25.472362731160967,37.9342856877206,0,463,0,335,65.70187768155664,4234,1.7337887419624838,24,0.0321503522217339,0.26785714285714285,25.788745533048957,454.2,305.2,7324.799999999999,RT_2A_CC_variedcutoff
B0006,46,4.238142049643647,25.388589898015045,37.88470784051604,0,465,0,331,63.93580809992108,4069,1.713325912040734,24,0.020462829921749748,0.27380952380952384,25.8270764416687,454.4,304.2,7300.799999999999,RT_2A_CC_variedcutoff
B0006,47,4.0457115928369465,25.28944390526891,38.065368726791895,0,464,0,329,64.38481471007985,4244,1.7024077813673466,24,0.010918130673387427,0.27976190476190477,25.735295603616986,454.6,302.8,7267.200000000001,RT_2A_CC_variedcutoff
B0006,48,4.495052017254504,26.12887855961901,39.788440481350335,0,453,0,352,62.89962262040337,3941,1.82371946178183,24,-0.12131168041448337,0.2857142857142857,25.5417400944526,454.4,301.4,7233.599999999999,RT_2A_CC_variedcutoff
B0006,49,7.306153076538269,27.868070556137063,39.21290317800791,0,456,0,349,66.74523810066913,3998,1.8081284050314708,24,0.015591056750359211,0.2916666666666667,25.59066317504526,461.2,337.6,8102.400000000001,RT_2A_CC_variedcutoff
B0006,50,5.848964677222899,27.124880403219677,38.66937823121345,0,458,0,343,66.32278778770984,4105,1.7757610945034283,24,0.032367310528042426,0.2976190476190476,26.0294691300402,460.2,339.2,8140.799999999999,RT_2A_CC_variedcutoff
B0006,51,4.485028394424368,26.63172687915523,38.5170065164806,0,461,0,337,63.979155425721174,3874,1.7447409841836798,24,0.031020110319748495,0.30357142857142855,26.35997266445194,459.2,340.8,8179.200000000001,RT_2A_CC_variedcutoff
B0006,52,4.136363636363637,26.1598322909063,38.29250529949152,0,462,0,334,65.15919256701476,4180,1.729207034132373,24,0.015533950051306755,0.30952380952380953,26.608600060679976,458.4,342.0,8208.0,RT_2A_CC_variedcutoff
B0006,53,4.3539397010387635,26.14904512347054,38.52091685291118,0,463,0,330,63.11791821744256,3947,1.7081086552553244,24,0.021098378877048685,0.31547619047619047,26.782677737807454,458.0,343.0,8232.0,RT_2A_CC_variedcutoff
B0006,54,4.246846401187237,26.36349268329332,38.95436345473558,0,466,0,328,63.226830510433444,4043,1.6975954237461768,24,0.010513231509147625,0.32142857142857145,26.786711050577765,460.0,338.6,8126.400000000001,RT_2A_CC_variedcutoff
B0006,55,4.158355631233277,26.231229866724384,38.73136385469604,0,467,0,325,63.19658847379137,4111,1.6820634524029463,24,0.015531971343230477,0.3273809523809524,26.485795476009013,462.0,334.4,8025.599999999999,RT_2A_CC_variedcutoff
B0006,56,4.0134370579915135,26.10575384875728,38.74827601131975,0,467,0,323,63.42014259662096,4242,1.6714768322295086,24,0.0105866201734377,0.3333333333333333,26.30706536870996,463.8,330.8,7939.200000000001,RT_2A_CC_variedcutoff
B0006,57,4.009200283085633,25.993485972015677,38.84227056628921,0,469,0,321,62.980050266056566,4239,1.6607591387047655,24,0.010717693524743055,0.3392857142857143,26.201870762630364,465.0,328.0,7872.0,RT_2A_CC_variedcutoff
B0006,58,4.041487839771102,25.997967579072352,39.22138199620832,0,470,0,319,62.40535456586308,4194,1.651121015038069,24,0.009638123666696474,0.34523809523809523,26.16860149885224,466.4,325.4,7809.599999999999,RT_2A_CC_variedcutoff
B0006,59,4.065656565656566,26.487574994888043,39.46651089916252,0,471,0,317,62.0036308760092,4158,1.640134925619093,24,0.010986089418976164,0.35119047619047616,26.1383859899726,467.8,323.2,7756.799999999999,RT_2A_CC_variedcutoff
B0006,60,4.004750593824228,26.39289384759819,39.352653481724175,0,472,0,315,61.89445994536496,4210,1.629199941616544,24,0.010934984002548997,0.35714285714285715,26.163202452291547,468.8,321.0,7704.0,RT_2A_CC_variedcutoff
B0006,61,4.3264248704663215,26.470326359591613,39.31890647034385,0,474,0,309,59.705538342079684,3860,1.6088496302961666,24,0.020350311320377346,0.3630952380952381,26.195535248466307,469.8,319.0,7656.0,RT_2A_CC_variedcutoff
B0006,62,4.143529995042142,26.264715168858384,39.47196886600465,0,473,0,310,60.26338748242429,4034,1.6035244898969248,24,0.005325140399241812,0.36904761904761907,26.268449750633174,471.2,316.2,7588.799999999999,RT_2A_CC_variedcutoff
B0006,63,3.982828523730026,26.134401559506273,39.74009698783903,0,474,0,309,60.79018204778626,4193,1.5989712144027983,24,0.00455327549412643,0.375,26.322695590001718,472.0,314.0,7536.0,RT_2A_CC_variedcutoff
B0006,64,3.9375295787979177,26.535703018613052,39.03600072360686,0,474,0,307,60.745485056252015,4226,1.5876273123575604,24,0.011343902045237941,0.38095238095238093,26.349982386088506,472.8,312.0,7488.0,RT_2A_CC_variedcutoff
B0006,65,4.052605942523137,26.531057968314723,39.16106395962828,0,476,0,306,59.93090100936723,4106,1.5829719744686166,24,0.004655337888943789,0.3869047619047619,26.359607990833503,473.4,310.0,7440.0,RT_2A_CC_variedcutoff
B0006,66,4.156414762741652,26.472547466618277,39.20051799483514,0,477,0,303,58.93604650781508,3983,1.567137636713563,24,0.015834337755053607,0.39285714285714285,26.38724081497681,474.2,308.2,7396.799999999999,RT_2A_CC_variedcutoff
B0006,67,3.9666346615458474,26.231349199244935,39.15878418316098,0,477,0,302,59.56634844728081,4166,1.5613446139713882,24,0.005793022742174747,0.39880952380952384,26.38768503638214,474.8,307.0,7368.0,RT_2A_CC_variedcutoff
B0006,68,4.009985387238188,26.204149937561038,39.18225956809825,0,477,0,300,58.96469356361264,4106,1.551171189279042,24,0.010173424692346167,0.40476190476190477,26.38101184245945,475.6,305.4,7329.599999999999,RT_2A_CC_variedcutoff
B0006,69,4.02102175507211,26.275526099207106,39.38159156766375,0,478,0,299,58.6088952054159,4091,1.5406741606295171,24,0.010497028649524953,0.4107142857142857,26.39496151807041,476.2,303.6,7286.400000000001,RT_2A_CC_variedcutoff
B0006,70,4.216619500900437,26.44216058344946,39.44712875501599,0,480,0,296,57.396984369506725,3887,1.5253138744624433,24,0.015360286167073856,0.4166666666666667,26.34292613418922,477.0,302.0,7248.0,RT_2A_CC_variedcutoff
B0006,71,3.8859857482185274,26.24306980935477,39.40950590627068,0,478,0,296,58.81891669600337,4210,1.5301570318067428,24,-0.00484315734429952,0.4226190476190476,26.325146657216163,477.8,300.0,7200.0,RT_2A_CC_variedcutoff
B0006,72,3.8925934746368185,26.23607818607152,39.48443326993031,0,479,0,295,58.38196101879506,4199,1.524656683447409,24,0.005500348359333884,0.42857142857142855,26.27925112576346,478.0,298.6,7166.400000000001,RT_2A_CC_variedcutoff
B0006,73,3.891543239369326,26.226543589564173,39.4416762582387,0,480,0,293,58.123027609202275,4186,1.5145492986655429,24,0.010107384781866013,0.43452380952380953,26.280196923128777,478.4,297.2,7132.799999999999,RT_2A_CC_variedcutoff
B0006,74,3.8632580261593343,26.21849470775854,39.53866201326228,0,479,0,292,57.93868762131953,4205,1.509391504602082,24,0.005157794063460841,0.44047619047619047,26.284675653529405,479.0,295.8,7099.200000000001,RT_2A_CC_variedcutoff
B0006,75,3.858876725368872,26.183529056155166,39.5867547936938,0,479,0,291,57.722589280448055,4202,1.5039974333050703,24,0.005394071297011749,0.44642857142857145,26.273269375239693,479.2,294.4,7065.599999999999,RT_2A_CC_variedcutoff
B0006,76,3.983509721880384,26.192433464675688,39.49975288442087,0,481,0,289,56.91297869296649,4063,1.4935201918040188,24,0.010477241501051449,0.4523809523809524,26.221543069780836,479.0,293.4,7041.599999999999,RT_2A_CC_variedcutoff
B0006,77,3.858061443200762,26.02878244905374,39.9686395722832,0,482,0,289,57.254994594613784,4199,1.4876323024497422,24,0.005887889354276643,0.4583333333333333,26.211415800845014,479.6,292.0,7008.0,RT_2A_CC_variedcutoff
B0006,78,3.981036965914546,26.42397552700573,40.42668250871336,0,476,9,297,56.506918102355925,4166,1.5302876214401704,24,-0.04265531899042818,0.4642857142857143,26.16995665344146,480.2,290.8,6979.200000000001,RT_2A_CC_variedcutoff
B0006,79,3.869047619047619,26.25752641936758,40.02451449021777,0,478,2,291,58.644390511790895,4200,1.5040760088360112,24,0.026211612604159162,0.47023809523809523,26.209443040929774,479.4,291.6,6998.400000000001,RT_2A_CC_variedcutoff
B0006,80,3.8561545801526718,25.777260677570734,40.02167483360719,0,478,1,289,57.62038373577836,4192,1.4887593608730894,24,0.01531664796292187,0.47619047619047616,26.217249383251584,479.2,291.4,6993.599999999999,RT_2A_CC_variedcutoff
B0006,81,4.066196828593003,25.86125562232172,40.07821178158415,0,480,3,286,56.18288597160105,3973,1.4782779285546637,24,0.010481432318425687,0.48214285714285715,26.135995707534693,479.0,291.0,6984.0,RT_2A_CC_variedcutoff
B0006,82,3.9119541875447386,26.083230497469888,40.56578932835109,0,481,12,286,56.85854327156555,4191,1.478459982215684,24,-0.00018205366102042042,0.4880952380952381,26.069760139063902,478.8,290.4,6969.599999999999,RT_2A_CC_variedcutoff
B0006,83,3.913147220233834,26.61820982375012,40.75221353269305,0,480,14,285,56.740994828305894,4191,1.473214844899973,24,0.00524513731571119,0.49404761904761907,26.080649748747128,478.6,289.8,6955.200000000001,RT_2A_CC_variedcutoff
B0006,84,3.966142684401451,26.563080862564675,40.71162611325717,0,481,15,284,56.285794403544955,4135,1.4675164935067897,24,0.005698351393183199,0.5,26.11949660809601,479.4,287.4,6897.599999999999,RT_2A_CC_variedcutoff
B0006,85,4.131926792069141,26.51910622968598,40.58721297402195,0,482,11,282,55.190981572090266,3934,1.4516292657521337,24,0.015887227754656008,0.5059523809523809,26.180607496735426,480.0,286.0,6864.0,RT_2A_CC_variedcutoff
B0006,86,3.853693521396127,26.028316645715613,40.37035790264624,0,480,8,281,56.09506778202476,4183,1.4519237720967175,24,-0.0002945063445838336,0.5119047619047619,26.328976607158477,480.8,284.6,6830.400000000001,RT_2A_CC_variedcutoff
B0006,87,3.8799904374850587,26.004167802820568,40.667923693760464,0,481,13,280,55.79167463223885,4183,1.4471484694777743,24,0.004775302618943211,0.5178571428571429,26.362388811837256,480.8,283.6,6806.400000000001,RT_2A_CC_variedcutoff
B0006,88,3.9348401057946623,26.505507456785374,40.99035688395247,0,480,19,280,55.61323363090386,4159,1.4468538105659885,24,0.0002946589117858167,0.5238095238095238,26.34657627290739,480.8,282.4,6777.599999999999,RT_2A_CC_variedcutoff
B0006,89,3.911483253588517,26.637310066797774,40.99774402817452,0,481,19,279,55.66910026365632,4180,1.4416741930284678,24,0.00517961753752072,0.5297619047619048,26.324035799514444,480.8,281.4,6753.599999999999,RT_2A_CC_variedcutoff
B0006,90,33.37758112094395,33.224088400657315,40.77265883698999,0,94,15,307,45.34185321561575,339,1.5935866593100128,24,-0.15191246628154498,0.5357142857142857,26.338881640361063,480.8,280.4,6729.599999999999,RT_2A_CC_variedcutoff
B0006,91,3.9489382009067047,26.51809205740833,40.52220493430463,0,468,10,299,57.33854629924151,4191,1.5463902376915637,24,0.04719642161844906,0.5416666666666666,27.679878074555326,403.2,285.4,6849.599999999999,RT_2A_CC_variedcutoff
B0006,92,4.019751280175567,27.07089372570676,40.57746834859555,0,473,12,293,58.52027008170963,4101,1.51470559175661,24,0.03168464593495379,0.5476190476190477,27.77783315689387,400.8,289.0,6936.0,RT_2A_CC_variedcutoff
B0006,93,3.9383726528647087,26.84703832663963,40.516963879873735,0,474,10,290,57.87910979546529,4154,1.4989786083335404,24,0.01572698342306955,0.5535714285714286,27.991178341471105,399.2,291.6,6998.400000000001,RT_2A_CC_variedcutoff
B0006,94,3.872315035799523,26.59179633998257,40.34325381638243,0,476,7,287,57.44897579637189,4190,1.4831110745410492,24,0.015867533792491173,0.5595238095238095,28.05948451544196,398.0,293.6,7046.400000000001,RT_2A_CC_variedcutoff
B0006,95,3.9147754707870592,26.468074324201513,40.39341126895154,0,476,9,285,56.7173552733051,4142,1.4729664825468278,24,0.010144591994221352,0.5654761904761905,28.05038177007892,397.0,295.2,7084.799999999999,RT_2A_CC_variedcutoff
B0006,96,3.894114809454896,26.448572565903486,40.46341487442664,0,476,9,283,56.42138069338811,4146,1.4627604396099307,24,0.010206042936897086,0.5714285714285714,26.69917895478776,473.4,290.8,6979.200000000001,RT_2A_CC_variedcutoff
B0006,97,3.8770629036115762,26.4995391136314,40.5818264138806,0,479,11,282,56.228978428594345,4181,1.4518364681062514,24,0.010923971503679297,0.5773809523809523,26.685275056486795,475.0,287.6,6902.400000000001,RT_2A_CC_variedcutoff
B0006,98,4.019168533731641,26.594729072855316,40.61670777074496,0,477,12,280,55.314651437216924,4017,1.4468670644030392,24,0.004969403703212194,0.5833333333333334,26.57100413407172,476.2,285.4,6849.599999999999,RT_2A_CC_variedcutoff
B0006,99,3.8606988989947344,26.499714805169067,40.63164766168104,0,478,12,279,55.80422277015963,4178,1.441380399427779,24,0.005486664975260291,0.5892857142857143,26.520542283314853,476.8,283.4,6801.599999999999,RT_2A_CC_variedcutoff
B0006,100,3.875449101796407,26.521514797899865,40.74323383889164,0,480,14,278,55.50314765659392,4175,1.431210744960774,24,0.010169654467004907,0.5952380952380952,26.502125976352158,477.2,281.8,6763.200000000001,RT_2A_CC_variedcutoff
B0006,101,3.8751796837565884,26.544048327379993,40.81715493531611,0,480,15,277,55.33765544129745,4174,1.4260247179525716,24,0.005186027008202476,0.6011904761904762,26.512814071091828,478.0,280.4,6729.599999999999,RT_2A_CC_variedcutoff
B0006,102,4.006729810568295,26.620905862784845,40.72877617289365,0,479,14,275,54.50874631375294,4012,1.420487649966195,24,0.005537067986376654,0.6071428571428571,26.531909223387128,478.8,279.2,6700.799999999999,RT_2A_CC_variedcutoff
B0006,103,3.9228372873232686,26.511944313267694,41.45494452672042,0,480,24,276,54.92430691676428,4173,1.4207006230355006,24,-0.0002129730693056775,0.6130952380952381,26.556182573217818,478.8,277.8,6667.200000000001,RT_2A_CC_variedcutoff
B0006,104,4.2351129363449695,27.046806001207912,41.39678877103747,0,477,25,281,53.70113572849597,3896,1.452255804330839,24,-0.0315551812953383,0.6190476190476191,26.539625621300292,479.4,277.0,6648.0,RT_2A_CC_variedcutoff
B0006,105,4.007577609386458,27.258415881963288,41.36669473718026,0,478,25,277,55.77193319590242,4091,1.431557632772571,24,0.02069817155826792,0.625,26.649043860508062,479.2,277.4,6657.599999999999,RT_2A_CC_variedcutoff
B0006,106,4.244155844155844,27.211393123162615,41.37787352037061,0,479,25,275,53.9121622779973,3850,1.415015751158943,24,0.016541881613628018,0.6309523809523809,26.796424077320744,478.8,277.2,6652.799999999999,RT_2A_CC_variedcutoff
B0006,107,3.9967597208374874,26.92014890492975,41.14095609169821,0,477,20,270,54.44011703325217,4012,1.4097311506517451,24,0.005284600507197812,0.6369047619047619,26.929893036477267,478.6,276.8,6643.200000000001,RT_2A_CC_variedcutoff
B0006,108,3.883425281842168,26.68558437885745,41.2168813199875,0,480,22,272,54.6160564437942,4169,1.404917318129309,24,0.004813832522436057,0.6428571428571429,26.989741644906253,478.2,275.8,6619.200000000001,RT_2A_CC_variedcutoff
B0006,109,4.173309334019028,27.03316316825484,41.40391881889191,0,480,26,270,53.14714257368603,3889,1.395164296571563,24,0.009753021557746155,0.6488095238095238,27.024469658024202,478.2,275.0,6600.0,RT_2A_CC_variedcutoff
B0006,110,3.935733268905533,27.16591065165987,41.58657133119858,0,479,29,270,54.12712800785122,4139,1.3945343832614077,24,0.0006299133101552723,0.6547619047619048,27.021741091433586,478.8,272.8,6547.200000000001,RT_2A_CC_variedcutoff
B0006,111,3.867018722995679,27.03192606302447,41.43504077863728,0,480,26,266,54.0284251943282,4166,1.3893171179312644,24,0.005217265330143217,0.6607142857142857,27.003240045372905,479.0,271.4,6513.599999999999,RT_2A_CC_variedcutoff
B0006,112,3.8710064857074227,26.70538419343515,41.37436880579148,0,480,25,267,53.78540349964944,4163,1.3838379472327809,24,0.005479170698483582,0.6666666666666666,26.96734663334528,479.2,269.6,6470.400000000001,RT_2A_CC_variedcutoff
B0006,113,4.195506198347108,27.035042567899556,41.66477948989921,0,482,29,267,52.37770994892539,3872,1.3736814238195123,24,0.010156523413268559,0.6726190476190477,26.924393691046355,479.8,269.0,6456.0,RT_2A_CC_variedcutoff
B0006,114,3.9157060518731988,27.14390024063185,41.81816829502593,0,481,32,267,53.67243890276153,4164,1.3786059891863676,24,-0.00492456536685526,0.6785714285714286,26.99428532885478,480.2,268.0,6432.0,RT_2A_CC_variedcutoff
B0006,115,3.9053112232636384,27.190704456223276,41.68664700078119,0,481,31,266,53.49726795262621,4161,1.3737600299108574,24,0.0048459592755101255,0.6845238095238095,27.016432743330178,480.4,267.4,6417.599999999999,RT_2A_CC_variedcutoff
B0006,116,3.8783361384948303,26.97486555798561,41.565382893773936,0,480,28,265,53.293603161567724,4159,1.3682580583942712,24,0.005501971516586268,0.6904761904761905,27.021391504242864,480.8,266.6,6398.400000000001,RT_2A_CC_variedcutoff
B0006,117,3.8567990373044525,26.707606966866923,41.46394809540406,0,479,26,264,53.09966884094504,4155,1.3633024037317505,24,0.004955654662520681,0.6964285714285714,27.009979403235086,480.8,266.4,6393.599999999999,RT_2A_CC_variedcutoff
B0006,118,3.9782554978996787,26.865897381366445,41.6123634180086,0,481,29,263,52.48656010129231,4047,1.35809661401726,24,0.005205789714490594,0.7023809523809523,27.010423957921443,480.6,265.8,6379.200000000001,RT_2A_CC_variedcutoff
B0006,119,4.140823589222165,27.29057324635027,42.0075404495327,0,482,36,263,51.979555576176914,3934,1.353269090999531,24,0.004827523017728819,0.7083333333333334,26.976594920614822,480.4,265.0,6360.0,RT_2A_CC_variedcutoff
B0006,120,4.138151174668028,27.534860553763025,41.61679232360952,0,479,28,268,52.03310759757214,3916,1.3841605738237488,24,-0.03089148282421772,0.7142857142857143,27.005929521758503,480.6,264.2,6340.799999999999,RT_2A_CC_variedcutoff
B0006,121,4.094665664913599,27.331175680635848,41.80245062827161,0,476,32,271,53.62365858123512,3993,1.4051467790651473,24,-0.020986205241398492,0.7202380952380952,27.074760741266452,480.2,264.6,6350.400000000001,RT_2A_CC_variedcutoff
B0006,122,3.9294374393792433,27.30623231532261,41.653004783464006,0,479,28,268,54.260155099890035,4124,1.378719022627353,24,0.02642775643779438,0.7261904761904762,27.1460227657965,479.4,265.8,6379.200000000001,RT_2A_CC_variedcutoff
B0006,123,3.9057156814851,26.888174288184153,41.36061809844917,0,479,23,265,53.44002488537041,4094,1.3682657783199066,24,0.010453244307446319,0.7321428571428571,27.265747835487637,479.4,266.6,6398.400000000001,RT_2A_CC_variedcutoff
B0006,124,3.849301877708233,26.64507263620334,41.42815616511055,0,480,24,264,53.19542122728291,4154,1.3573151296618016,24,0.010950648658105022,0.7380952380952381,27.27020321685118,479.0,267.0,6408.0,RT_2A_CC_variedcutoff
B0006,125,3.8622028141678797,26.625267461128036,41.343265645039,0,481,23,262,52.813071378059256,4122,1.3524934638801596,24,0.004821665781642004,0.7440476190476191,27.141103094821794,478.6,267.2,6412.799999999999,RT_2A_CC_variedcutoff
B0006,126,3.829992755373098,26.566847284493633,41.38118673567723,0,479,23,261,52.6434010182272,4141,1.3474099151661236,24,0.005083548714035935,0.75,26.959184476294798,479.0,266.0,6384.0,RT_2A_CC_variedcutoff
B0006,127,3.8411237587793656,26.573374395877007,41.378450473707446,0,481,23,260,52.387395744659194,4129,1.3370075130842318,24,0.010402402081891804,0.7559523809523809,26.806318797066353,479.6,264.0,6336.0,RT_2A_CC_variedcutoff
B0006,128,3.8084337349397592,26.456740644821842,41.306600641009794,0,481,22,259,52.288613368363066,4150,1.3312352966718526,24,0.0057722164123792385,0.7619047619047619,26.659747213177234,480.0,262.4,6297.599999999999,RT_2A_CC_variedcutoff
B0006,129,4.035448240431544,26.481372763179632,41.20408103671912,0,482,20,257,51.06915142280262,3893,1.3259303781727645,24,0.005304918499088096,0.7678571428571429,26.57346048450477,480.4,261.2,6268.799999999999,RT_2A_CC_variedcutoff
B0006,130,3.869501105922831,26.3760964700153,41.32955629442644,0,481,22,257,51.641352774703,4069,1.321578743867529,24,0.004351634305235441,0.7738095238095238,26.54072050990003,480.8,259.8,6235.200000000001,RT_2A_CC_variedcutoff
B0006,131,3.7958494208494207,26.367338020572546,41.300370296451625,0,482,22,256,51.819497089778686,4144,1.321225074066109,24,0.00035366980142015336,0.7797619047619048,26.490886311677485,480.8,258.8,6211.200000000001,RT_2A_CC_variedcutoff
B0006,132,3.781695242695001,26.325913037334896,41.2436462295636,0,481,21,255,51.58573743632303,4141,1.3156485301862682,24,0.005576543879840745,0.7857142857142857,26.450984458893267,481.4,257.8,6187.200000000001,RT_2A_CC_variedcutoff
B0006,133,3.8313896987366376,26.301438604889483,41.36464929786556,0,483,23,256,51.303271621008165,4116,1.3209025697502388,24,-0.005254039563970636,0.7916666666666666,26.401492187184846,481.4,256.8,6163.200000000001,RT_2A_CC_variedcutoff
B0006,134,3.7849903474903477,26.743092965708264,40.89285784811417,0,479,16,261,51.71260257764106,4144,1.3474328767273906,24,-0.026530306977151863,0.7976190476190477,26.370431779198373,481.8,256.2,6148.799999999999,RT_2A_CC_variedcutoff
B0006,135,3.75,26.949168698664785,40.652964511118334,0,481,12,257,52.5539903168342,4132,1.3260128072353616,24,0.021420069492029015,0.8035714285714286,26.4227758197041,481.2,257.0,6168.0,RT_2A_CC_variedcutoff
B0006,136,3.7225572979493364,26.56739791139148,40.58410707337388,0,483,11,255,51.749865863930644,4145,1.3101186784831065,24,0.015894128752255154,0.8095238095238095,26.53739026543399,481.2,257.0,6168.0,RT_2A_CC_variedcutoff
B0006,137,3.6847826086956523,26.295494494464503,40.322783635307104,0,482,7,253,51.44144467033343,4140,1.30521620229393,24,0.004902476189176497,0.8154761904761905,26.57740224359778,481.4,256.8,6163.200000000001,RT_2A_CC_variedcutoff
B0006,138,3.831555445298933,26.436279340380594,40.78032921971219,0,483,14,253,50.71748920672619,4031,1.3004061951355774,24,0.004810007158352558,0.8214285714285714,26.571318535023703,481.6,256.4,6153.599999999999,RT_2A_CC_variedcutoff
B0006,139,3.7728714320565993,26.72849555591254,40.85731522464202,0,483,16,252,51.04510484568692,4099,1.300235735841116,24,0.00017045929446135588,0.8273809523809523,26.598286682121927,481.6,255.8,6139.200000000001,RT_2A_CC_variedcutoff
B0006,140,3.838951310861423,26.714770674358572,40.74860220857894,0,484,13,251,50.47685795554418,4005,1.2895066722480757,24,0.010729063593040378,0.8333333333333334,26.59536720016278,482.4,254.0,6096.0,RT_2A_CC_variedcutoff
B0006,141,3.881932021466905,26.461124986740874,40.47227623020844,0,484,8,249,49.95755704658713,3913,1.279253057384795,24,0.010253614863280802,0.8392857142857143,26.548487595301538,483.0,252.8,6067.200000000001,RT_2A_CC_variedcutoff
B0006,142,3.6712095400340714,26.062107246886807,40.28187574900838,0,484,5,248,50.417993548725725,4109,1.2792078171714618,24,4.5240213333075374e-05,0.8452380952380952,26.52723301037142,483.2,251.6,6038.4,RT_2A_CC_variedcutoff
B0006,143,3.739578224619912,26.16933991457856,40.637565231244686,0,485,11,248,50.02775625227492,4078,1.274036760902923,24,0.005171056268538754,0.8511904761904762,26.48055556085588,483.6,250.6,6014.4,RT_2A_CC_variedcutoff
B0006,144,3.748463240717974,26.466267528014424,40.64243349478575,0,485,12,247,50.03281520112039,4067,1.2741273923001468,24,-9.063139722376157e-05,0.8571428571428571,26.427167675695472,484.0,249.6,5990.4,RT_2A_CC_variedcutoff
B0006,145,3.9310884886452624,26.398479651098082,40.38713367022122,0,485,7,245,48.94451972337709,3831,1.263763942644078,24,0.010363449656068724,0.8630952380952381,26.374722070115848,484.4,248.6,5966.4,RT_2A_CC_variedcutoff
B0006,146,3.7160985319731275,25.98666923438366,40.15316398972329,0,486,3,244,49.487505480790894,4019,1.2581373688955233,24,0.005626573748554797,0.8690476190476191,26.311463865463747,484.6,247.4,5937.6,RT_2A_CC_variedcutoff
B0006,147,3.7101162503091762,25.76575101113147,40.26211669866818,0,487,5,244,49.22679214986258,4043,1.253259864055301,24,0.004877504840222313,0.875,26.216572714992303,485.0,246.4,5913.6,RT_2A_CC_variedcutoff
B0006,148,3.669169290385081,25.937576633537844,40.65437976632703,0,487,11,244,49.53343179987964,4129,1.2532313315493426,24,2.8532505958356325e-05,0.8809523809523809,26.15730146784124,485.6,245.6,5894.4,RT_2A_CC_variedcutoff
B0006,149,3.890620940504027,26.2721237484589,40.41021687551566,0,486,7,242,48.48599472291066,3849,1.2480874960313575,24,0.00514383551798514,0.8869047619047619,26.110948811633097,486.0,244.8,5875.200000000001,RT_2A_CC_variedcutoff
B0006,150,3.7311215647437486,26.154528416253655,40.49521984011741,0,487,9,243,49.02206635264813,4039,1.2534354284944844,24,-0.005347932463126925,0.8928571428571429,26.07212005572199,486.2,243.8,5851.200000000001,RT_2A_CC_variedcutoff
B0006,151,3.7736306349975766,26.110168109659366,41.357879741754175,0,484,22,250,48.93920608502685,4126,1.28980487732669,24,-0.0363694488322055,0.8988095238095238,26.0233298087531,486.6,243.4,5841.6,RT_2A_CC_variedcutoff
B0006,152,3.736383442265795,26.428230586600094,41.37902988743146,0,485,22,245,50.64327919919198,4131,1.2635402021758837,24,0.026264675150806216,0.9047619047619048,26.048029583808244,486.2,244.6,5870.4,RT_2A_CC_variedcutoff
B0006,153,3.7833168805528135,26.331146847059486,41.20920760771975,0,488,20,242,49.51340816719433,4052,1.2479761706842851,24,0.015564031491598573,0.9107142857142857,26.18052549890197,485.8,244.8,5875.200000000001,RT_2A_CC_variedcutoff
B0006,154,3.9586028460543337,26.259080111061152,41.20630554355683,0,490,20,240,48.27737249441824,3865,1.2321202877943334,24,0.015855882889951767,0.9166666666666666,26.2592395416063,486.0,244.4,5865.6,RT_2A_CC_variedcutoff
B0006,155,3.8223502881483338,26.104030094830623,41.28239317323536,0,489,20,239,48.48350819661061,3991,1.2271137666213534,24,0.00500652117297995,0.9226190476190477,26.256630814126748,486.8,244.0,5856.0,RT_2A_CC_variedcutoff
B0006,156,3.7645745472587446,26.03244558546807,41.1595683576961,0,491,18,237,48.367817610979856,4031,1.2217397581377356,24,0.005374008483617798,0.9285714285714286,26.246531149842145,487.2,243.2,5836.799999999999,RT_2A_CC_variedcutoff
B0006,157,3.861033341817256,26.06964683406737,41.230427315370186,0,491,19,236,47.64782316240095,3929,1.211102678915174,24,0.01063707922256163,0.9345238095238095,26.230986645003885,488.6,240.6,5774.4,RT_2A_CC_variedcutoff
B0006,158,3.745049504950495,26.000629675382218,41.21487873613708,0,491,19,235,47.90530856917317,4040,1.2056159765131735,24,0.005486702402000443,0.9404761904761905,26.15926989449734,489.8,238.8,5731.200000000001,RT_2A_CC_variedcutoff
B0006,159,3.666019888430754,25.879225946978135,41.27439823262361,0,492,19,234,47.93240966323952,4123,1.2008936262717274,24,0.004722350241446183,0.9464285714285714,26.09316646016189,490.4,237.4,5697.6,RT_2A_CC_variedcutoff
B0006,160,3.8354945334350368,26.034844973974216,41.237668013317766,0,494,19,232,47.0568484807863,3933,1.1905903985558337,24,0.010303227715893648,0.9523809523809523,26.017195627345284,490.8,236.2,5668.799999999999,RT_2A_CC_variedcutoff
B0006,161,3.819197562214322,26.068049533083475,41.24068073261839,0,493,19,231,46.90628660222984,3938,1.185179251041941,24,0.005411147513892711,0.9583333333333334,26.003358603174,491.8,234.8,5635.200000000001,RT_2A_CC_variedcutoff
B0006,162,3.7363320079522864,26.035350568490898,41.28133907077437,0,493,20,230,46.98667462570126,4024,1.1796706818144624,24,0.005508569227478555,0.9642857142857143,26.010479392697086,492.2,233.6,5606.4,RT_2A_CC_variedcutoff
B0006,163,3.7710268641727342,26.02820134169923,41.28338645880181,0,494,20,229,46.607929411914675,3983,1.1745952836753917,24,0.005075398139070764,0.9702380952380952,26.00362013958179,492.6,232.4,5577.6,RT_2A_CC_variedcutoff
B0006,164,3.8254947314315086,26.01349731444475,41.14919304328959,0,497,18,225,46.03556197098567,3891,1.15381833159625,24,0.020776952079141653,0.9761904761904762,26.009134472845194,493.2,231.2,5548.799999999999,RT_2A_CC_variedcutoff
B0006,165,3.796954314720812,26.03473279838647,41.26268252018065,0,496,20,226,46.16928793803628,3940,1.1644009557372264,24,-0.010582624140976327,0.9821428571428571,26.03598874633851,494.2,229.4,5505.6,RT_2A_CC_variedcutoff
B0006,166,3.721795189685098,26.03861061315289,41.45791806300034,0,496,22,226,46.14619045612786,4033,1.1587974947916069,24,0.005603460945619476,0.9880952380952381,26.035966311220967,494.6,228.2,5476.799999999999,RT_2A_CC_variedcutoff
B0006,167,3.9472295514511875,26.21668003028238,41.11666214070682,0,495,17,229,45.24661568056056,3790,1.1749748834769171,24,-0.016177388685310268,0.9940476190476191,26.03007852723485,495.2,227.2,5452.799999999999,RT_2A_CC_variedcutoff
B0006,168,3.8601434426229506,25.961012471904805,41.36263766174168,0,495,19,231,46.343989873552964,3904,1.1856752327929356,24,-0.010700349316018487,1.0,26.066344419593143,495.6,227.0,5448.0,RT_2A_CC_variedcutoff
B0007,3,6.470848056537102,27.804644630094426,40.27558633997852,0,293,2,1,53.576992841780736,1132,1.8806626717011388,24,-2.5644014279846417e-05,0.017857142857142856,27.202416585168258,295.0,1.0,24.0,RT_2A_CC_variedcutoff
B0007,4,6.4729370008873115,27.78312115997045,40.29314715799111,0,292,3,1,53.47942760079739,1127,1.8807709009833444,24,-0.00010822928220566297,0.023809523809523808,27.40315926681031,294.3333333333333,1.0,24.0,RT_2A_CC_variedcutoff
B0007,5,6.463306808134394,27.71160719885007,40.2688726302198,0,292,2,1,53.642248703441844,1131,1.8794508728285055,24,0.0013200281548388926,0.02976190476190476,27.498149740100345,293.75,1.0,24.0,RT_2A_CC_variedcutoff
B0007,6,6.473408892763731,27.617955605355434,39.67620802332074,0,293,0,1,54.133877624821636,1147,1.8807003517117404,24,-0.0012494788832349002,0.03571428571428571,27.540841231850294,293.4,1.0,24.0,RT_2A_CC_variedcutoff
B0007,7,6.421098517872712,27.603949727034195,39.80381766292616,0,293,0,1,54.01937549404104,1147,1.8799352523566075,24,0.0007650993551329144,0.041666666666666664,27.741194395031236,292.8,1.0,24.0,RT_2A_CC_variedcutoff
B0007,8,6.2961296129612965,27.729299446096107,39.88810476942348,0,289,0,1,53.034413446585575,1111,1.88150881240388,24,-0.001573560047272382,0.047619047619047616,27.704255664260916,292.6,1.0,24.0,RT_2A_CC_variedcutoff
B0007,9,6.305130513051306,27.756212691391614,39.95162250671474,0,289,0,1,53.05369546539127,1111,1.8696907870385844,24,0.011818025365295526,0.05357142857142857,27.689186627461247,291.8,1.0,24.0,RT_2A_CC_variedcutoff
B0007,10,6.327632763276328,27.730258981047957,40.05202185471829,0,289,1,1,53.07751647544376,1111,1.870052380139199,24,-0.00036159310061467664,0.05952380952380952,27.683804933745485,291.2,1.0,24.0,RT_2A_CC_variedcutoff
B0007,11,6.316501352569883,27.6487266617309,40.1213838436794,0,288,1,1,53.071218368545885,1109,1.8700442394188577,24,8.140720341387464e-06,0.06547619047619048,27.687535290185064,290.6,1.0,24.0,RT_2A_CC_variedcutoff
B0007,12,5.320480721081623,27.335871456170572,40.174657039770814,0,532,1,2,51.187335979507154,1997,1.8596518987766364,24,0.010392340642221276,0.07142857142857142,27.693689501460153,289.6,1.0,24.0,RT_2A_CC_variedcutoff
B0007,13,6.202185792349726,27.902182907908184,40.016434730174936,0,285,1,1,52.73882578091535,1098,1.8590746560862208,24,0.0005772426904155914,0.07738095238095238,27.640073847287432,337.4,1.2,28.799999999999997,RT_2A_CC_variedcutoff
B0007,14,6.332453825857519,27.697116969391164,40.16569230743226,0,285,1,1,54.15951731484442,1137,1.8590084577709232,24,6.619831529763864e-05,0.08333333333333333,27.67465053964985,336.6,1.2,28.799999999999997,RT_2A_CC_variedcutoff
B0007,15,6.1678832116788325,27.71755753817517,39.46139677634257,0,284,0,1,52.74124058334324,1096,1.8593622586957048,24,-0.00035380092478165537,0.08928571428571429,27.662831395249754,335.8,1.2,28.799999999999997,RT_2A_CC_variedcutoff
B0007,16,6.079234972677596,27.519425572623685,39.5636595172155,0,283,0,1,52.735286644348854,1098,1.8587355450601035,24,0.0006267136356012948,0.09523809523809523,27.660291106675196,334.8,1.2,28.799999999999997,RT_2A_CC_variedcutoff
B0007,17,6.064899451553931,27.504243101870102,39.628948319501816,0,283,0,1,52.620045439317785,1094,1.847817291322145,24,0.010918253737958628,0.10119047619047619,27.634430888853757,333.8,1.2,28.799999999999997,RT_2A_CC_variedcutoff
B0007,18,6.073059360730594,27.58445519905851,39.22534721491488,0,282,0,1,52.760836987075194,1095,1.8485252916137047,24,-0.0007080002915598183,0.10714285714285714,27.668105217993663,284.0,1.0,24.0,RT_2A_CC_variedcutoff
B0007,19,6.0144927536231885,27.535644887275453,39.4126321606434,0,282,0,1,52.93914181723879,1104,1.848378951850034,24,0.0001463397636707331,0.1130952380952381,27.604559676223726,283.4,1.0,24.0,RT_2A_CC_variedcutoff
B0007,20,6.0,26.54098563167185,39.95874037686836,0,290,0,1,52.91562517287612,1125,1.8807805437609768,24,-0.03240159191094283,0.11904761904761904,27.57226525980058,282.8,1.0,24.0,RT_2A_CC_variedcutoff
B0007,21,6.512981199641898,26.972074386162614,40.31302300333008,0,288,3,1,53.652262944124935,1117,1.88147215974436,24,-0.000691615983383187,0.125,27.33695087849992,284.0,1.0,24.0,RT_2A_CC_variedcutoff
B0007,22,6.446540880503145,26.976178650627087,39.359447242364645,0,287,0,1,53.62899810795834,1113,1.8810954313244783,24,0.0003767284198816778,0.13095238095238096,27.227480641207706,285.0,1.0,24.0,RT_2A_CC_variedcutoff
B0007,23,6.316984559491371,26.535601724086092,39.454159451189874,0,285,0,1,53.15421109572997,1101,1.8710089649779995,24,0.010086466346478806,0.13690476190476192,27.121867750959105,285.8,1.0,24.0,RT_2A_CC_variedcutoff
B0007,24,6.445518453427065,26.2867085988718,39.64174827400944,0,287,0,1,54.42286172064609,1138,1.8701995151941373,24,0.000809449783862215,0.14285714285714285,26.91209705596462,286.4,1.0,24.0,RT_2A_CC_variedcutoff
B0007,25,6.304545454545455,26.255765681245684,38.86906912217273,0,283,0,1,53.35552667419449,1100,1.8706715362800983,24,-0.0004720210859610052,0.1488095238095238,26.66230979828389,287.4,1.0,24.0,RT_2A_CC_variedcutoff
B0007,26,6.214740673339399,26.152276434205895,39.11839966443177,0,282,0,1,53.13130698724513,1099,1.8596124644020169,24,0.011059071878081417,0.15476190476190477,26.60526580819866,286.0,1.0,24.0,RT_2A_CC_variedcutoff
B0007,27,6.311111111111111,26.02430012697741,38.68010761281634,0,282,0,1,54.17419071393897,1125,1.860033909718346,24,-0.00042144531632914983,0.16071428571428573,26.441306217807313,284.8,1.0,24.0,RT_2A_CC_variedcutoff
B0007,28,6.198752228163993,25.932947252082318,38.863045678198645,0,281,0,1,53.902170911211286,1122,1.8591653109160768,24,0.0008685988022691937,0.16666666666666666,26.25093051307738,283.8,1.0,24.0,RT_2A_CC_variedcutoff
B0007,29,6.153496821071753,25.98134991040021,39.14531169811219,0,283,0,1,53.06919282765352,1101,1.8481398178778288,24,0.011025493038248069,0.17261904761904762,26.13039961867662,283.0,1.0,24.0,RT_2A_CC_variedcutoff
B0007,30,6.242263483642794,25.971718781208324,38.8380564174779,0,282,0,1,54.23122515338294,1131,1.849201702126164,24,-0.0010618842483351987,0.17857142857142858,26.069327880982303,282.2,1.0,24.0,RT_2A_CC_variedcutoff
B0007,31,8.666842661034847,25.857128828621256,38.95965174080089,0,907,0,2,37.04693320181371,1894,1.8834677437950849,24,-0.03426604166892089,0.18452380952380953,26.012518500974828,282.0,1.0,24.0,RT_2A_CC_variedcutoff
B0007,32,5.577783300198807,25.84120330912926,39.05387577229197,0,461,0,2,67.7871172216163,4024,1.8628211117905844,24,0.020646632004500454,0.19047619047619047,25.9534889798579,407.0,1.2,28.799999999999997,RT_2A_CC_variedcutoff
B0007,33,5.479027053859518,25.827937576349264,38.699551697978606,0,459,0,1,67.68199181153926,4029,1.852085039652352,24,0.010736072138232355,0.19642857142857142,25.916869616288274,442.8,1.4,33.599999999999994,RT_2A_CC_variedcutoff
B0007,34,5.523504273504273,25.374902943271138,38.6052414906155,0,459,0,1,68.58050135135365,4212,1.8469504648208708,24,0.005134574831481276,0.20238095238095238,25.895867681141663,478.4,1.4,33.599999999999994,RT_2A_CC_variedcutoff
B0007,35,5.168214913381873,25.252755511317183,38.42604747702835,0,459,0,1,67.01785324131535,3983,1.836828431169018,24,0.010122033651852824,0.20833333333333334,25.774578287715848,513.6,1.4,33.599999999999994,RT_2A_CC_variedcutoff
B0007,36,5.263220866235941,25.474545792868785,39.0468968949422,0,459,0,1,68.06692941136222,4179,1.8371619619672277,24,-0.00033353079820974685,0.21428571428571427,25.630785633737617,549.0,1.4,33.599999999999994,RT_2A_CC_variedcutoff
B0007,37,5.205363614399613,25.54361774035643,38.83676495861389,0,459,0,1,67.81473581832964,4139,1.8316722583718852,24,0.00548970359534251,0.22023809523809523,25.554269026587125,459.4,1.2,28.799999999999997,RT_2A_CC_variedcutoff
B0007,38,4.8637051993942455,25.37330622413054,38.49981470604549,0,458,0,1,66.57732639835294,3962,1.8211470951317783,24,0.010525163240106883,0.2261904761904762,25.494751912832562,459.0,1.0,24.0,RT_2A_CC_variedcutoff
B0007,39,4.887613582018173,25.06179020653836,38.582340147970775,0,458,0,1,67.69226985455285,4182,1.816506091511515,24,0.004641003620263318,0.23214285714285715,25.403825642388817,458.8,1.0,24.0,RT_2A_CC_variedcutoff
B0007,40,4.745359352689196,25.01348307601186,38.787499833494046,0,458,0,1,67.66852735615494,4202,1.8113815601504557,24,0.005124531361059281,0.23809523809523808,25.34120309504226,458.6,1.0,24.0,RT_2A_CC_variedcutoff
B0007,41,4.535472972972973,25.558148589720606,39.31221126031847,0,459,0,1,67.2026758199858,4144,1.8116056333939583,24,-0.00022407324350259827,0.24404761904761904,25.293348607981194,458.4,1.0,24.0,RT_2A_CC_variedcutoff
B0007,42,4.424691358024691,25.94820525949028,39.40567993360536,0,458,0,1,66.66579970687783,4050,1.8060548955557405,24,0.005550737838217801,0.25,25.31006916735156,458.4,1.0,24.0,RT_2A_CC_variedcutoff
B0007,43,4.215864759427828,25.544592865386484,39.32802757827611,0,420,0,1,67.16491825298904,3845,1.8132041826994056,24,-0.0071492871436651395,0.25595238095238093,25.39098667117833,458.2,1.0,24.0,RT_2A_CC_variedcutoff
B0007,44,4.751998119417019,25.287124523293713,38.6112528181758,0,457,0,1,67.9273305192679,4254,1.8062641938283532,24,0.006939988871052405,0.2619047619047619,25.42524399942952,450.6,1.0,24.0,RT_2A_CC_variedcutoff
B0007,45,4.46976854038734,25.097964401551415,38.56972695128688,0,457,0,1,67.60753398141328,4234,1.7958310249900458,24,0.010433168838307472,0.26785714285714285,25.470310862780586,450.4,1.0,24.0,RT_2A_CC_variedcutoff
B0007,46,3.822806586384861,25.020081443781486,38.34572083526661,0,457,0,1,66.42663682312332,4069,1.7858852600390451,24,0.009945764951000635,0.27380952380952384,25.4872071278885,450.2,1.0,24.0,RT_2A_CC_variedcutoff
B0007,47,3.442507068803016,24.921197200350107,38.48254063494672,0,456,0,1,67.18060816139092,4244,1.780326860450275,24,0.005558399588770024,0.27976190476190477,25.379593698700678,449.8,1.0,24.0,RT_2A_CC_variedcutoff
B0007,48,1.8929205785333671,25.866791474135514,41.0499421893331,0,458,8,1,65.18878037576162,3941,1.8150756899575575,24,-0.03474882950728242,0.2857142857142857,25.174192086872644,449.4,1.0,24.0,RT_2A_CC_variedcutoff
B0007,49,4.972486243121561,27.567269287711326,40.361944885615415,0,458,2,1,66.84228179756484,3998,1.815702515484584,24,-0.000626825527026531,0.2916666666666667,25.23863180862245,457.0,1.0,24.0,RT_2A_CC_variedcutoff
B0007,50,4.683313032886724,26.80676043837309,39.6676965288026,0,457,0,1,67.15089409757799,4105,1.800243217805667,24,0.015459297678916961,0.2976190476190476,25.69466076150597,457.2,1.0,24.0,RT_2A_CC_variedcutoff
B0007,51,3.8009808982963347,26.281034074589257,39.481181404811096,0,457,0,1,65.35448122529759,3874,1.7904476205609308,24,0.009795597244736332,0.30357142857142855,26.0364199688703,457.2,1.0,24.0,RT_2A_CC_variedcutoff
B0007,52,3.6961722488038276,25.81780394396811,39.4190511430692,0,458,0,1,66.9433582336097,4180,1.780343032300132,24,0.010104588260798852,0.30952380952380953,26.288610495031854,457.2,1.0,24.0,RT_2A_CC_variedcutoff
B0007,53,2.0382569039777048,25.806844645489686,39.72196117128354,0,457,0,1,65.31374154187749,3947,1.775328769596812,24,0.005014262703319838,0.31547619047619047,26.467931843755462,457.6,1.0,24.0,RT_2A_CC_variedcutoff
B0007,54,1.8080633193173385,26.035233892042616,40.041366724781085,0,458,2,1,65.74952598642685,4043,1.770262973473285,24,0.005065796123526978,0.32142857142857145,26.455942478026294,457.4,1.0,24.0,RT_2A_CC_variedcutoff
B0007,55,1.7672099245925565,25.89752452362768,39.66314441864834,0,459,0,1,65.99150944943487,4111,1.760081061854204,24,0.010181911619081108,0.3273809523809524,26.14953539889255,457.4,1.0,24.0,RT_2A_CC_variedcutoff
B0007,56,1.7126355492692127,25.767403507147225,39.84751541049116,0,459,0,1,66.45722449168106,4242,1.749647593537689,24,0.010433468316515038,0.3333333333333333,25.96768821594347,457.8,1.0,24.0,RT_2A_CC_variedcutoff
B0007,57,1.7103090351497994,25.65158492452982,39.74335777163101,0,458,0,1,66.3726560465531,4239,1.749650075059311,24,-2.481521621966465e-06,0.3392857142857143,25.864962102455063,458.2,1.0,24.0,RT_2A_CC_variedcutoff
B0007,58,1.7441583214115404,25.651915509522112,40.07246786936068,0,459,2,1,65.89767256309167,4194,1.745028739214683,24,0.004621335844627872,0.34523809523809523,25.83171829856741,458.2,1.0,24.0,RT_2A_CC_variedcutoff
B0007,59,1.7772967772967774,26.144723160638,40.24771611400392,0,459,5,1,65.61004492622716,4158,1.739645745528673,24,0.00538299368601014,0.35119047619047616,25.80073247137389,458.6,1.0,24.0,RT_2A_CC_variedcutoff
B0007,60,1.7470308788598574,26.032587869118856,40.27220819224188,0,460,3,1,65.7027347055871,4210,1.7285642277717963,24,0.011081517756876602,0.35714285714285715,25.822630325092966,458.8,1.0,24.0,RT_2A_CC_variedcutoff
B0007,61,1.944300518134715,26.098203634166886,39.89848456781458,0,459,0,9,63.59741283704767,3860,1.723900324588418,24,0.004663903183378393,0.3630952380952381,25.849642994191203,459.0,1.0,24.0,RT_2A_CC_variedcutoff
B0007,62,1.8145761031234506,25.891185911971316,40.0571305311587,0,461,1,1,64.34545821204416,4034,1.7139788776485192,24,0.009921446939898715,0.36904761904761907,25.91580301959514,459.0,2.6,62.400000000000006,RT_2A_CC_variedcutoff
B0007,63,1.773193417600763,25.769625270402766,40.240711749549135,0,460,5,2,65.07791528865289,4193,1.7139701997004613,24,8.677948057922436e-06,0.375,25.963723217083434,459.6,2.6,62.400000000000006,RT_2A_CC_variedcutoff
B0007,64,1.7380501656412684,26.17689522011621,40.12941739090177,0,460,3,1,65.10651083279298,4226,1.7036521173638766,24,0.01031808233658471,0.38095238095238093,25.987265169259565,459.8,2.8,67.19999999999999,RT_2A_CC_variedcutoff
B0007,65,1.8071115440818315,26.254608419307438,40.3959693732437,0,460,6,1,64.42291516665708,4106,1.7040137474382486,24,-0.00036163007437206574,0.3869047619047619,25.99369958115521,460.0,2.8,67.19999999999999,RT_2A_CC_variedcutoff
B0007,66,1.8541300527240774,26.17002980595921,40.18751058333668,0,461,4,1,63.52311275561417,3983,1.6935716157343033,24,0.010442131703945368,0.39285714285714285,26.038103691192923,460.0,2.8,67.19999999999999,RT_2A_CC_variedcutoff
B0007,67,1.7666826692270763,25.933869937763838,40.14605167557969,0,461,3,1,64.25852027013413,4166,1.6876577363877656,24,0.005913879346537643,0.39880952380952384,26.052468925551388,460.4,1.2,28.799999999999997,RT_2A_CC_variedcutoff
B0007,68,1.794934242571846,25.90052763553424,40.18846095484838,0,460,4,1,63.794936714166276,4106,1.6830744356583152,24,0.004583300729450457,0.40476190476190477,26.061005730709894,460.4,1.2,28.799999999999997,RT_2A_CC_variedcutoff
B0007,69,1.8112930823759472,25.96656492699128,40.2789498830108,0,461,5,1,63.564667457385276,4091,1.6779270142025482,24,0.005147421455766965,0.4107142857142857,26.087186203736184,460.4,1.0,24.0,RT_2A_CC_variedcutoff
B0007,70,1.9127862104450732,26.119093761308708,40.310727434969614,0,461,6,1,62.29644097693389,3887,1.6732060275966172,24,0.00472098660593101,0.4166666666666667,26.045120145111202,460.6,1.0,24.0,RT_2A_CC_variedcutoff
B0007,71,1.7660332541567696,25.936512750704605,40.31733812871393,0,461,6,1,63.88488343923135,4210,1.6674367208253988,24,0.005769306771218341,0.4226190476190476,26.018017213511456,460.8,1.0,24.0,RT_2A_CC_variedcutoff
B0007,72,1.7778042391045488,25.926042399452584,40.332563430145015,0,463,6,1,63.666213493222756,4199,1.6622662630667526,24,0.005170457758646219,0.42857142857142855,25.971313802460532,460.8,1.0,24.0,RT_2A_CC_variedcutoff
B0007,73,1.7773530817009078,25.915741094191368,40.431258866851486,0,462,6,1,63.45512584944187,4186,1.6574243065763063,24,0.004841956490446275,0.43452380952380953,25.969748294798286,461.2,1.0,24.0,RT_2A_CC_variedcutoff
B0007,74,1.7717003567181926,25.91108462370377,40.46247985933005,0,461,7,1,63.464806712582565,4205,1.652538684928734,24,0.004885621647572336,0.44047619047619047,25.97279098652971,461.6,1.0,24.0,RT_2A_CC_variedcutoff
B0007,75,1.7670157068062826,25.871902972091764,40.40103455658551,0,461,6,1,63.301365447752055,4202,1.6472174627573322,24,0.0053212221714018515,0.44642857142857145,25.961694925872205,461.6,1.0,24.0,RT_2A_CC_variedcutoff
B0007,76,1.8410041841004183,25.886086669507016,40.4426971996319,0,463,7,1,62.411247447068455,4063,1.6364136810898071,24,0.010803781667525048,0.4523809523809524,25.91225676802882,461.6,1.0,24.0,RT_2A_CC_variedcutoff
B0007,77,1.7694689211717076,25.695900975655906,40.26214977673693,0,463,5,1,62.93896524870023,4199,1.6362554312048496,24,0.00015824988495749537,0.4583333333333333,25.9021715517893,462.0,1.0,24.0,RT_2A_CC_variedcutoff
B0007,78,1.797887662025924,26.036718802925368,40.64566836195685,0,462,8,1,62.6440708896375,4166,1.641119179218384,24,-0.004863748013534286,0.4642857142857143,25.85614326702996,462.0,1.0,24.0,RT_2A_CC_variedcutoff
B0007,79,1.7321428571428572,25.834085063631008,39.95209030011925,0,461,0,1,63.09876343038039,4200,1.6315700789656966,24,0.009549100252687293,0.47023809523809523,25.880338808776763,462.0,1.0,24.0,RT_2A_CC_variedcutoff
B0007,80,1.762881679389313,25.38103691483766,40.16503458324407,0,462,4,1,62.650678903198056,4192,1.621213282987236,24,0.010356795978460509,0.47619047619047616,25.864938896762215,462.0,1.0,24.0,RT_2A_CC_variedcutoff
B0007,81,1.8764158066951926,25.476673365856968,40.36674175781141,0,463,6,1,61.377284842715405,3973,1.6164273214762122,24,0.004785961511023951,0.48214285714285715,25.76676568531139,462.2,1.0,24.0,RT_2A_CC_variedcutoff
B0007,82,1.8086375566690527,25.711687494793544,40.88269125311642,0,463,11,1,62.32794015612678,4191,1.615823510161921,24,0.0006038113142912138,0.4880952380952381,25.68488302458138,462.2,1.0,24.0,RT_2A_CC_variedcutoff
B0007,83,1.8086375566690527,26.223236921427194,40.85633220225456,0,463,11,1,62.3342672314334,4191,1.61672418029789,24,-0.0009006701359690616,0.49404761904761907,25.68804032840891,462.2,1.0,24.0,RT_2A_CC_variedcutoff
B0007,84,1.8331318016928657,26.175887755389823,40.7780246115985,0,463,11,1,61.9152848794079,4135,1.6108655863730026,24,0.005858593924887412,0.5,25.725343952109274,462.4,1.0,24.0,RT_2A_CC_variedcutoff
B0007,85,1.9077275038129131,26.113752742790105,40.5829305350897,0,462,9,1,60.74850935855972,3934,1.6006603374309376,24,0.010205248942064982,0.5059523809523809,25.79370449046104,462.8,1.0,24.0,RT_2A_CC_variedcutoff
B0007,86,1.794166865885728,25.630283194867143,40.6345689985191,0,462,9,1,61.81315751826287,4183,1.5959174487005665,24,0.004742888730371098,0.5119047619047619,25.940247656051525,462.8,1.0,24.0,RT_2A_CC_variedcutoff
B0007,87,1.806120009562515,25.62605045843413,40.75070125010339,0,462,11,1,61.68780417936521,4183,1.5962179519462243,24,-0.0003005032456577794,0.5178571428571429,25.970969621853563,462.6,1.0,24.0,RT_2A_CC_variedcutoff
B0007,88,1.8405866794902621,26.122942012716997,41.0672419235651,0,462,15,1,61.49414549342611,4159,1.5958065114633972,24,0.00041144048282704127,0.5238095238095238,25.95384221458168,462.4,1.0,24.0,RT_2A_CC_variedcutoff
B0007,89,1.8492822966507176,26.26275971089849,41.40590880756584,0,462,18,1,61.56392706452173,4180,1.5906507821480704,24,0.005155729315326818,0.5297619047619048,25.93378323283964,462.2,1.0,24.0,RT_2A_CC_variedcutoff
B0007,90,5.221238938053097,32.50500516961017,41.01558674901627,0,77,11,0,48.5152137187911,339,1.6888211161855506,24,-0.09817033403748021,0.5357142857142857,25.951157623941373,462.0,1.0,24.0,RT_2A_CC_variedcutoff
B0007,91,1.8217609162491053,26.18962720870625,41.31851435911838,0,460,15,1,62.37904897467763,4191,1.6259938279733204,24,0.06282728821223027,0.5416666666666666,27.22940810930539,385.0,0.8,19.200000000000003,RT_2A_CC_variedcutoff
B0007,92,1.8751524018532066,26.732782902991634,41.4002950560853,0,462,16,1,62.19320814021571,4101,1.6157433862812898,24,0.010250441692030599,0.5476190476190477,27.34127691207321,384.6,0.8,19.200000000000003,RT_2A_CC_variedcutoff
B0007,93,1.84520943668753,26.525900149485413,41.2508092329952,0,461,16,1,62.161881041405856,4154,1.6056626764846538,24,0.010080709796636,0.5535714285714286,27.562623400984712,384.6,0.8,19.200000000000003,RT_2A_CC_variedcutoff
B0007,94,1.8150357995226731,26.271573514590195,40.95362783962595,0,462,13,1,62.02971662173527,4190,1.5949746921524348,24,0.010687984332218958,0.5595238095238095,27.643215028338393,384.4,0.8,19.200000000000003,RT_2A_CC_variedcutoff
B0007,95,1.8360695316272333,26.146702500956938,40.989022190981714,0,462,13,1,61.533088393342446,4142,1.5904102438871943,24,0.004564448265240495,0.5654761904761905,27.644977789076734,384.4,0.8,19.200000000000003,RT_2A_CC_variedcutoff
B0007,96,1.8342981186685963,26.121991254987364,41.02622774121347,0,462,13,1,61.397214168133196,4146,1.5853517062988178,24,0.005058537588376488,0.5714285714285714,26.373317255346088,461.4,1.0,24.0,RT_2A_CC_variedcutoff
B0007,97,1.8189428366419518,26.170911216162278,41.01371342582121,0,462,13,1,61.3822834177577,4181,1.5799737147242376,24,0.005377991574580188,0.5773809523809523,26.35979006460231,461.8,1.0,24.0,RT_2A_CC_variedcutoff
B0007,98,1.899427433408016,26.263043284954982,41.04923314430273,0,462,14,1,60.48453037607882,4017,1.5752185465278068,24,0.004755168196430848,0.5833333333333334,26.247415727236437,461.8,1.0,24.0,RT_2A_CC_variedcutoff
B0007,99,1.8322163714696027,26.1753321604938,41.05277512550887,0,462,15,1,61.0891845129997,4178,1.569798484648868,24,0.005420061878938842,0.5892857142857143,26.19484435433035,462.0,1.0,24.0,RT_2A_CC_variedcutoff
B0007,100,1.8335329341317366,26.196212129877402,41.02092182377061,0,462,15,1,60.94363774882883,4175,1.5702565375950357,24,-0.00045805294616774184,0.5952380952380952,26.175596083511074,462.0,1.0,24.0,RT_2A_CC_variedcutoff
B0007,101,1.845951126018208,26.211131064470628,41.34840278359994,0,462,17,1,60.78514689861664,4174,1.565249873909438,24,0.0050066636855976565,0.6011904761904762,26.185498009295163,462.0,1.0,24.0,RT_2A_CC_variedcutoff
B0007,102,1.9142572283150547,26.299461260653334,41.23753665797544,0,462,16,1,60.040738662840184,4012,1.559633933561147,24,0.005615940348290938,0.6071428571428571,26.203325971191816,462.0,1.0,24.0,RT_2A_CC_variedcutoff
B0007,103,1.8344116942247783,26.180576922102116,41.21700308433066,0,462,15,1,60.621009752601154,4173,1.5649820533392105,24,-0.005348119778063376,0.6130952380952381,26.229035980090032,462.0,1.0,24.0,RT_2A_CC_variedcutoff
B0007,104,2.009753593429158,26.689757787816426,41.89753189273277,0,462,22,1,59.49336912863541,3896,1.57497949984227,24,-0.009997446503059448,0.6190476190476191,26.212542707519457,462.0,1.0,24.0,RT_2A_CC_variedcutoff
B0007,105,1.911513077487167,26.905193080543505,41.90270996402953,0,461,21,2,60.70061528984044,4091,1.5652811168780458,24,0.009698382964224095,0.625,26.315427832983982,462.0,1.0,24.0,RT_2A_CC_variedcutoff
B0007,106,2.0246753246753246,26.860347734225744,41.48233804274523,0,461,20,2,59.248424545298505,3850,1.559755497470126,24,0.005525619407919846,0.6309523809523809,26.457224023117202,461.8,1.2,28.799999999999997,RT_2A_CC_variedcutoff
B0007,107,1.9877866400797608,26.56147386961382,41.6411622659972,0,459,18,11,59.78750138839359,4012,1.549897685670499,24,0.009857811799627081,0.6369047619047619,26.587067357068225,461.6,1.4,33.599999999999994,RT_2A_CC_variedcutoff
B0007,108,1.8577596545934276,26.35186110548004,41.433877603827945,0,462,19,1,60.39891500489816,4169,1.543877153134502,24,0.006020532535996992,0.6428571428571429,26.639469878860318,461.0,3.4,81.6,RT_2A_CC_variedcutoff
B0007,109,2.0069426587811776,26.67379890344062,41.8543569979417,0,461,22,1,58.86039875503034,3889,1.5450187488690073,24,-0.0011415957345053407,0.6488095238095238,26.673726715535906,461.0,3.4,81.6,RT_2A_CC_variedcutoff
B0007,110,1.897801401304663,26.819779602222013,41.78271326384125,0,461,24,1,60.07370978939481,4139,1.5445940154102908,24,0.00042473345871640866,0.6547619047619048,26.670534938660744,460.8,3.4,81.6,RT_2A_CC_variedcutoff
B0007,111,1.8783005280844935,26.686880617851926,41.62744766181303,0,462,21,2,60.014014992302144,4166,1.5343086721758876,24,0.010285343234403221,0.6607142857142857,26.653452242996444,460.8,3.2,76.80000000000001,RT_2A_CC_variedcutoff
B0007,112,1.8724477540235407,26.37037221297328,41.552128441464966,0,462,21,1,59.83091535339141,4163,1.5287603942958483,24,0.0055482778800393096,0.6666666666666666,26.618758819721688,461.0,3.2,76.80000000000001,RT_2A_CC_variedcutoff
B0007,113,2.0325413223140494,26.676172582951022,41.839167194182565,0,462,24,1,58.349312257120225,3872,1.5289260249179843,24,-0.00016563062213603708,0.6726190476190477,26.580538488393575,461.6,1.2,28.799999999999997,RT_2A_CC_variedcutoff
B0007,114,1.8984149855907781,26.797043053194752,42.23998716092915,0,461,26,1,59.682004665095725,4164,1.529091650133123,24,-0.00016562521513874273,0.6785714285714286,26.645400783887773,461.6,1.2,28.799999999999997,RT_2A_CC_variedcutoff
B0007,115,1.904590242730113,26.869525246579233,42.04090238497712,0,462,25,2,59.691541291770456,4161,1.5239059324661248,24,0.0051857176669982685,0.6845238095238095,26.670049613838597,461.6,1.2,28.799999999999997,RT_2A_CC_variedcutoff
B0007,116,1.8826641019475836,26.655806409526267,41.803429062834496,0,461,23,1,59.55348287814525,4159,1.5186675419100617,24,0.005238390556063122,0.6904761904761905,26.67999874271004,461.8,1.4,33.599999999999994,RT_2A_CC_variedcutoff
B0007,117,1.8724428399518651,26.390066688656553,41.6886924602386,0,461,21,1,59.36177641396203,4155,1.5136482266426952,24,0.005019315267366542,0.6964285714285714,26.673783901044906,461.6,1.2,28.799999999999997,RT_2A_CC_variedcutoff
B0007,118,1.9446503582900914,26.535855507716075,41.98817160118213,0,462,24,1,58.734446476494966,4047,1.5136050185229033,24,4.32081197918599e-05,0.7023809523809523,26.677722796181563,461.4,1.2,28.799999999999997,RT_2A_CC_variedcutoff
B0007,119,2.0157600406710725,26.951164947687687,42.33252236723314,0,461,27,1,58.21777528261769,3934,1.5139470614867965,24,-0.00034204296389317435,0.7083333333333334,26.649659381134576,461.4,1.2,28.799999999999997,RT_2A_CC_variedcutoff
B0007,120,1.9803370786516854,27.182448132517305,41.63553796804361,0,461,20,1,58.15666778808015,3916,1.5339599193158786,24,-0.02001285782908213,0.7142857142857143,26.680483760033162,461.4,1.2,28.799999999999997,RT_2A_CC_variedcutoff
B0007,121,1.9459053343350865,26.936056712038848,41.470498076928735,0,460,20,2,59.28908172906704,3993,1.5391372798653098,24,-0.005177360549431187,0.7202380952380952,26.74306833722078,461.2,1.0,24.0,RT_2A_CC_variedcutoff
B0007,122,1.8768186226964112,26.90696184693413,41.54038193238441,0,460,20,1,59.667510892774345,4124,1.5236247972838737,24,0.015512482581436116,0.7261904761904762,26.799118397723294,461.0,1.2,28.799999999999997,RT_2A_CC_variedcutoff
B0007,123,1.8673668783585735,26.51594792040685,41.13947017697289,0,462,15,1,59.25868218281768,4094,1.5135813035589147,24,0.01004349372495894,0.7321428571428571,26.90249742937881,460.8,1.2,28.799999999999997,RT_2A_CC_variedcutoff
B0007,124,1.8403948001925854,26.26989747592567,41.09041922644824,0,462,15,1,59.2312878681141,4154,1.5077850749847914,24,0.005796228574123319,0.7380952380952381,26.898515911916963,460.8,1.2,28.799999999999997,RT_2A_CC_variedcutoff
B0007,125,1.8486171761280932,26.250922539321714,41.10034021580957,0,461,15,1,58.89850265816455,4122,1.5031960676037333,24,0.004589007381058163,0.7440476190476191,26.762262417564564,461.0,1.2,28.799999999999997,RT_2A_CC_variedcutoff
B0007,126,1.8365129195846415,26.199796275712668,41.03075447325996,0,460,15,1,58.86512376001135,4141,1.497822059699588,24,0.005374007904145328,0.75,26.57595729892544,461.0,1.2,28.799999999999997,RT_2A_CC_variedcutoff
B0007,127,1.839428433034633,26.20278578506939,40.99688397371006,0,461,14,1,58.651943870391875,4129,1.492848534633516,24,0.004973525066071849,0.7559523809523809,26.42870521166021,461.0,1.0,24.0,RT_2A_CC_variedcutoff
B0007,128,1.8240963855421686,26.090475387736127,40.88481342461614,0,461,13,1,58.59904510694081,4150,1.492414389867026,24,0.0004341447664901743,0.7619047619047619,26.287869999287256,461.2,1.0,24.0,RT_2A_CC_variedcutoff
B0007,129,1.9509375802722835,26.115048159175167,41.09400879501426,0,461,14,1,57.30855495270121,3893,1.487482776538081,24,0.004931613328944984,0.7678571428571429,26.202775492753112,461.0,1.0,24.0,RT_2A_CC_variedcutoff
B0007,130,1.8604079626443843,26.024189286415737,41.01377835587309,0,461,13,1,58.09975701770871,4069,1.482535148640411,24,0.004947627897669893,0.7738095238095238,26.171805629403014,460.8,1.0,24.0,RT_2A_CC_variedcutoff
B0007,131,1.8231177606177607,26.01634746447031,40.90635248178393,0,460,13,1,58.26819818874127,4144,1.4827874322228984,24,-0.00025228358248741145,0.7797619047619048,26.12645897882182,460.8,1.0,24.0,RT_2A_CC_variedcutoff
B0007,132,1.8340980439507366,25.97805330428705,41.06596192416311,0,461,14,1,58.099438266513395,4141,1.476971179775059,24,0.005816252447839343,0.7857142857142857,26.089769216573348,460.8,1.0,24.0,RT_2A_CC_variedcutoff
B0007,133,1.8428085519922255,25.959698372636673,40.84520330629611,0,462,13,1,57.936129251213686,4116,1.4819015554137276,24,-0.004930375638668494,0.7916666666666666,26.04482272041688,460.8,1.0,24.0,RT_2A_CC_variedcutoff
B0007,134,1.8351833976833978,26.428221236579024,41.12807910254104,0,460,15,1,58.35255234862418,4144,1.4981366198874824,24,-0.01623506447375478,0.7976190476190477,26.01866731739699,461.0,1.0,24.0,RT_2A_CC_variedcutoff
B0007,135,1.8441432720232334,26.697341952443125,41.094988453128494,0,461,15,1,58.54313284293801,4132,1.4820775214392872,24,0.016059098448195197,0.8035714285714286,26.08130193287776,460.8,1.0,24.0,RT_2A_CC_variedcutoff
B0007,136,1.8323281061519903,26.292430642636827,41.11877573165318,0,461,14,1,58.240325806745155,4145,1.4771155312812152,24,0.004961990158071972,0.8095238095238095,26.215932466083235,460.8,1.0,24.0,RT_2A_CC_variedcutoff
B0007,137,1.828502415458937,26.021523016034386,40.98003499062696,0,461,13,1,58.093030046402404,4140,1.4720772783056488,24,0.005038252975566371,0.8154761904761905,26.271149101716542,461.0,1.0,24.0,RT_2A_CC_variedcutoff
B0007,138,1.8903497891342098,26.181524104508146,41.017509953482886,0,461,15,1,57.48158480103343,4031,1.472248013656454,24,-0.00017073535080514013,0.8214285714285714,26.279843044066006,461.0,1.0,24.0,RT_2A_CC_variedcutoff
B0007,139,1.8748475237862894,26.471052216417483,41.299420742573055,0,462,17,1,57.63692855263674,4099,1.4670106672274663,24,0.005237346428987655,0.8273809523809523,26.324208190440306,460.8,1.0,24.0,RT_2A_CC_variedcutoff
B0007,140,1.9063670411985019,26.466806978558946,41.105738037939375,0,462,15,1,57.21731157939104,4005,1.461767249533538,24,0.005243417693928221,0.8333333333333334,26.332774386407994,461.2,1.0,24.0,RT_2A_CC_variedcutoff
B0007,141,1.9320214669051878,26.21561430836486,40.87704013237699,0,462,12,1,56.64959316095877,3913,1.4566952670489708,24,0.005071982484567306,0.8392857142857143,26.28666739163116,461.4,1.0,24.0,RT_2A_CC_variedcutoff
B0007,142,1.8313458262350937,25.829777086790347,40.73021986226824,0,462,11,1,57.32128954979356,4109,1.451354972758956,24,0.005340294290014702,0.8452380952380952,26.271304124776766,461.6,1.0,24.0,RT_2A_CC_variedcutoff
B0007,143,1.869789112309956,25.939722923105784,41.03226257370644,0,462,15,1,57.021412592879365,4078,1.451615926257375,24,-0.00026095349841881443,0.8511904761904762,26.232954938927957,461.8,1.0,24.0,RT_2A_CC_variedcutoff
B0007,144,1.8625522498155889,26.21155979827836,40.89527781087817,0,462,13,1,56.9904873408373,4067,1.4468161332173683,24,0.00479979304000655,0.8571428571428571,26.184594702647484,462.0,1.0,24.0,RT_2A_CC_variedcutoff
B0007,145,1.9772905246671888,26.17256642645713,41.02491521192672,0,462,13,1,55.83824283522394,3831,1.4467570607768785,24,5.9072440489860156e-05,0.8630952380952381,26.132696219019657,462.0,1.0,24.0,RT_2A_CC_variedcutoff
B0007,146,1.8785767603881562,25.778529843575598,40.81596834579472,0,462,12,1,56.62086514676997,4019,1.4413797481446793,24,0.005377312632199205,0.8690476190476191,26.0738481085993,462.0,1.0,24.0,RT_2A_CC_variedcutoff
B0007,147,1.8525847143210488,25.566249800546366,40.65138669632271,0,463,9,1,56.54735961967289,4043,1.4362456252208178,24,0.005134122923861506,0.875,25.986431215641442,462.0,1.0,24.0,RT_2A_CC_variedcutoff
B0007,148,1.8442722208767257,25.72248925462819,40.965385542419945,0,463,14,1,56.72786999643876,4129,1.4368154153924828,24,-0.00056979017166503,0.8809523809523809,25.933725758392644,462.2,1.0,24.0,RT_2A_CC_variedcutoff
B0007,149,1.9745388412574694,26.04771646057459,41.11319128215138,0,462,14,1,55.60261307786768,3849,1.4362945145860049,24,0.0005209008064779308,0.8869047619047619,25.89027902469713,462.4,1.0,24.0,RT_2A_CC_variedcutoff
B0007,150,1.8630849220103987,25.93867499148425,40.78738321989129,0,462,11,1,56.37174198235035,4039,1.4418575315878015,24,-0.005563017001796622,0.8928571428571429,25.85751035715638,462.4,1.0,24.0,RT_2A_CC_variedcutoff
B0007,151,1.8262239457101308,25.801595553186214,40.73001188190229,0,462,11,1,56.920567750375454,4126,1.4672063484781797,24,-0.025348816890378156,0.8988095238095238,25.810732070161798,462.4,1.0,24.0,RT_2A_CC_variedcutoff
B0007,152,1.8361171629145485,26.112185575064398,40.990354594470126,0,461,14,1,57.612813604910876,4131,1.4518640367848883,24,0.015342311693291366,0.9047619047619048,25.815345212083923,462.4,1.0,24.0,RT_2A_CC_variedcutoff
B0007,153,1.8472359328726555,26.039478944423283,40.62521315513875,0,461,10,1,56.97610645779798,4052,1.44713797527485,24,0.004726061510038182,0.9107142857142857,25.924532366987528,462.0,1.0,24.0,RT_2A_CC_variedcutoff
B0007,154,1.9340232858990944,25.973089713711378,40.58944296824891,0,462,9,1,55.84988180209847,3865,1.441790586562399,24,0.005347388712451107,0.9166666666666666,25.98793030494655,461.6,1.0,24.0,RT_2A_CC_variedcutoff
B0007,155,1.8729641693811074,25.820067239047944,40.584393586876246,0,462,9,1,56.22893244244428,3991,1.431630947911111,24,0.010159638651288105,0.9226190476190477,25.973004955573906,461.6,1.0,24.0,RT_2A_CC_variedcutoff
B0007,156,1.8729843711237906,25.75698009239457,40.884444140401214,0,462,12,1,56.24844820115017,4031,1.4318084249673686,24,-0.00017747705625770216,0.9285714285714286,25.949283405086646,461.6,1.0,24.0,RT_2A_CC_variedcutoff
B0007,157,1.9088826673453805,25.811004374161428,40.65159637790841,0,462,10,1,55.82001916677866,3929,1.4262562585106868,24,0.005552166456681773,0.9345238095238095,25.940360312928316,461.6,1.0,24.0,RT_2A_CC_variedcutoff
B0007,158,1.8502475247524752,25.738572654406674,40.53138082339522,0,462,9,1,56.123304765648236,4040,1.4260877528924911,24,0.0001685056181957023,0.9404761904761905,25.88012407274772,461.8,1.0,24.0,RT_2A_CC_variedcutoff
B0007,159,1.8251273344651953,25.62597349380434,40.821433488540606,0,462,11,1,56.28586090250178,4123,1.4212633510031694,24,0.004824401889321761,0.9464285714285714,25.8199428147444,462.0,1.0,24.0,RT_2A_CC_variedcutoff
B0007,160,1.9107551487414187,25.789081986560042,40.643362943412974,0,463,10,1,55.49881404360353,3933,1.4163272748795108,24,0.004936076123658539,0.9523809523809523,25.750519570762993,462.0,1.0,24.0,RT_2A_CC_variedcutoff
B0007,161,1.9273743016759777,25.82186485322928,40.97063567014205,0,463,13,1,55.39374031089916,3938,1.4165781829175994,24,-0.000250908038088582,0.9583333333333334,25.74432252026541,462.2,1.0,24.0,RT_2A_CC_variedcutoff
B0007,162,1.8737574552683898,25.810119048783132,40.74888323397497,0,463,11,1,55.7922067623905,4024,1.4108401729425175,24,0.0057380099750818925,0.9642857142857143,25.75729947243235,462.4,1.0,24.0,RT_2A_CC_variedcutoff
B0007,163,1.9055987948782325,25.804284807340057,40.93461596721165,0,463,13,1,55.45919815443947,3983,1.4109949628347804,24,-0.00015478989226291873,0.9702380952380952,25.757122407356697,462.6,1.0,24.0,RT_2A_CC_variedcutoff
B0007,164,1.9339501413518376,25.798528093284865,40.74175890345818,0,462,11,1,55.04956474803635,3891,1.40617142903988,24,0.004823533794900525,0.9761904761904762,25.77026483794337,462.8,1.0,24.0,RT_2A_CC_variedcutoff
B0007,165,1.9289340101522843,25.8231223895341,41.00964443691023,0,462,14,1,55.0924488793103,3940,1.4063358479692922,24,-0.0001644189294123244,0.9821428571428571,25.804775757839472,462.8,1.0,24.0,RT_2A_CC_variedcutoff
B0007,166,1.873295313662286,25.83045466090538,40.80558697887537,0,463,12,1,55.4700014367403,4033,1.4004552399066514,24,0.005880608062640791,0.9880952380952381,25.811583838434284,462.6,1.0,24.0,RT_2A_CC_variedcutoff
B0007,167,1.9815303430079156,26.012137975948175,40.92586026351328,0,461,11,1,54.33696672179181,3790,1.4217865046055154,24,-0.021331264698863928,0.9940476190476191,25.81330179996951,462.6,1.0,24.0,RT_2A_CC_variedcutoff
B0007,168,1.9185450819672132,25.737042846239607,40.57390100608222,0,461,9,2,55.47454842969127,3904,1.4324552720625434,24,-0.01066876745702805,1.0,25.853705585402516,462.2,1.0,24.0,RT_2A_CC_variedcutoff
B0018,3,7.9140952851147865,25.965256559448573,37.5266914843442,0,446,0,349,68.35980806070249,4051,1.8396018424355425,24,0.0035936892734562687,0.022727272727272728,25.68564884404006,459.0,354.5,8508.0,RT_2A_CC_variedcutoff
B0018,4,7.810053043697904,25.407134298769517,37.06279237079503,0,436,0,345,68.1649813290307,3959,1.8306736044962053,24,0.00892823793933717,0.030303030303030304,25.778851415842897,454.6666666666667,352.6666666666667,8464.0,RT_2A_CC_variedcutoff
B0018,5,7.641144624903325,25.80246364367254,38.2110354381278,0,428,0,343,67.87996248485737,3879,1.8327002069419656,24,-0.0020266024457602505,0.03787878787878788,25.685922136574554,450.0,350.75,8418.0,RT_2A_CC_variedcutoff
B0018,6,7.892615704628185,27.304762805419333,38.17496505957075,0,421,0,340,68.33865252983952,3846,1.8285288846046388,24,0.004171322337326755,0.045454545454545456,25.709230437994147,445.6,349.2,8380.8,RT_2A_CC_variedcutoff
B0018,7,7.8144110608880615,27.077350545773626,37.64038685475582,0,414,0,336,68.07339844185962,3761,1.8212011895697924,24,0.0073276950348464265,0.05303030303030303,26.11661932457493,437.6,345.8,8299.2,RT_2A_CC_variedcutoff
B0018,8,7.502699784017278,26.657123057907715,37.37602884738843,0,408,0,328,67.7892716755795,3704,1.815170010643328,24,0.006031178926464431,0.06060606060606061,26.31139357061672,429.0,342.6,8222.400000000001,RT_2A_CC_variedcutoff
B0018,9,7.328107810781078,26.40607237912359,37.28928029078695,0,401,0,330,67.58221234755825,3636,1.8042980520967649,24,0.010871958546563087,0.06818181818181818,26.449766870308544,421.4,338.4,8121.599999999999,RT_2A_CC_variedcutoff
B0018,10,6.930957058658434,25.128914825203772,37.52377766578506,0,395,0,332,67.18614578725895,3563,1.8231002302844224,24,-0.018802178187657503,0.07575757575757576,26.649554486379362,414.4,335.4,8049.599999999999,RT_2A_CC_variedcutoff
B0018,11,7.771323321054123,26.663828810886642,37.72420412562674,0,389,0,328,67.92142669509502,3529,1.8121253520255491,24,0.010974878258873222,0.08333333333333333,26.514844722685602,407.8,333.2,7996.799999999999,RT_2A_CC_variedcutoff
B0018,12,7.497819133469032,26.74864234710682,37.41366095304306,0,381,0,324,67.50500099503363,3439,1.8046916382117768,24,0.007433713813772336,0.09090909090909091,26.38665792377907,401.4,330.8,7939.200000000001,RT_2A_CC_variedcutoff
B0018,13,7.052893045002922,26.345648061417712,36.94724908852665,0,379,0,320,67.28295561477844,3422,1.790844349786295,24,0.013847288425481885,0.09848484848484848,26.320916284045705,394.8,328.4,7881.599999999999,RT_2A_CC_variedcutoff
B0018,14,6.357586512866016,25.920893996676313,36.70709131205994,0,373,0,317,67.03480872688829,3381,1.783470722841926,24,0.007373626944368938,0.10606060606060606,26.25862128474771,389.0,326.8,7843.200000000001,RT_2A_CC_variedcutoff
B0018,15,5.276608538785328,24.951662590699115,37.13061214416645,0,368,0,316,66.66365698881914,3326,1.7809386125310702,24,0.002532110310855762,0.11363636363636363,26.161585608258253,383.4,324.2,7780.799999999999,RT_2A_CC_variedcutoff
B0018,16,5.608046327339226,26.445540010415613,37.686600065941576,0,366,0,312,66.70312906071436,3281,1.771209039672698,24,0.00972957285837217,0.12121212121212122,26.12613516135732,378.0,321.0,7704.0,RT_2A_CC_variedcutoff
B0018,17,4.676214196762142,26.862931955479475,37.633580732302406,0,360,0,310,66.4246182050235,3212,1.7686303996707076,24,0.0025786400019904843,0.12878787878787878,26.082477401263112,373.4,317.8,7627.200000000001,RT_2A_CC_variedcutoff
B0018,18,4.65057975556252,26.5804313967218,37.15252578645951,0,356,0,306,66.27166519561,3191,1.7536304801917124,24,0.01499991947899515,0.13636363636363635,26.105335322937645,369.2,315.0,7560.0,RT_2A_CC_variedcutoff
B0018,19,4.687300574345884,26.075042825877844,36.78829001793698,0,352,0,303,65.76713723705153,3134,1.7462197416415093,24,0.007410738550203133,0.14393939393939395,26.152291989998464,364.6,312.2,7492.799999999999,RT_2A_CC_variedcutoff
B0018,20,4.664,24.84812562571312,36.541146197392216,0,349,0,301,65.73163899297927,3125,1.7376647337053737,24,0.008555007936135617,0.15151515151515152,26.183121755838773,360.4,309.4,7425.599999999999,RT_2A_CC_variedcutoff
B0018,21,4.654057549304882,25.289336401634674,36.372087786130464,0,343,0,298,65.74501226222934,3093,1.7315166735475835,24,0.006148060157790125,0.1590909090909091,26.16241436284157,356.6,306.4,7353.599999999999,RT_2A_CC_variedcutoff
B0018,22,5.136592379583034,25.565725632546734,36.52608510498833,0,344,0,294,63.09423075130662,2782,1.7085949894470602,24,0.02292168410052331,0.16666666666666666,25.931173641085383,352.0,303.6,7286.400000000001,RT_2A_CC_variedcutoff
B0018,23,4.6744877726371445,25.334032963070133,36.476252762052624,0,339,0,292,65.17323949313665,3026,1.711469957068211,24,-0.0028749676211508035,0.17424242424242425,25.671732376498834,348.8,300.4,7209.599999999999,RT_2A_CC_variedcutoff
B0018,24,4.700067024128686,25.30056487127078,36.37720890237669,0,335,0,290,64.81535765564077,2984,1.7075021373272627,24,0.003967819740948286,0.18181818181818182,25.422452689768498,345.4,297.6,7142.400000000001,RT_2A_CC_variedcutoff
B0018,25,4.750841750841751,24.163283320973818,36.64000948247426,0,328,0,296,64.73913567636907,2970,1.7492382064360228,24,-0.04173606910876004,0.1893939393939394,25.26755709884709,342.0,295.0,7080.0,RT_2A_CC_variedcutoff
B0018,26,4.83270093135564,25.852217070299286,37.38165499248184,0,328,0,293,65.5352986978543,2899,1.7327697147429957,24,0.01646849169302711,0.19696969696969696,25.13058863789923,337.8,294.0,7056.0,RT_2A_CC_variedcutoff
B0018,27,4.87183988764045,26.534473655515658,37.59824760372582,0,327,0,289,65.09631107991935,2848,1.7222313328292376,24,0.01053838191375811,0.20454545454545456,25.24316477163215,334.8,293.0,7032.0,RT_2A_CC_variedcutoff
B0018,28,4.893048128342246,26.67370255698611,37.56055515516341,0,323,0,286,64.59821362697522,2805,1.711846298984729,24,0.010385033844508618,0.21212121212121213,25.436914376225936,331.4,292.0,7008.0,RT_2A_CC_variedcutoff
B0018,29,4.901150251617541,26.49697393160062,37.52114200586718,0,321,0,284,64.32346496145838,2782,1.699267835126687,24,0.012578463858041955,0.2196969696969697,25.70484829500913,328.2,290.8,6979.200000000001,RT_2A_CC_variedcutoff
B0018,30,4.810984308131241,25.553159504974886,37.21887096740918,0,318,0,281,64.44053180355357,2804,1.6940366439243106,24,0.005231191202376362,0.22727272727272727,25.944130107075097,325.4,289.6,6950.400000000001,RT_2A_CC_variedcutoff
B0018,31,4.901135115342365,26.136660724438585,37.33441415744885,0,317,0,278,63.790100742759,2731,1.6819027078768087,24,0.012133936047501903,0.23484848484848486,26.222105343875313,323.4,286.6,6878.400000000001,RT_2A_CC_variedcutoff
B0018,32,4.885819521178637,26.329674205136634,37.7331798444306,0,313,0,276,63.537499436666934,2715,1.6769770618433686,24,0.004925646033440145,0.24242424242424243,26.27899407470317,321.2,283.6,6806.400000000001,RT_2A_CC_variedcutoff
B0018,33,4.9232209737827715,26.668982867207266,37.84649344841882,0,311,0,273,63.22726323451345,2670,1.6655229306478936,24,0.011454131195475004,0.25,26.238034184627367,318.4,281.0,6744.0,RT_2A_CC_variedcutoff
B0018,34,4.917168674698795,26.607265238908603,37.6701649416618,0,310,0,271,63.00927898446079,2656,1.6571924575832084,24,0.008330473064685151,0.25757575757575757,26.237090246671595,316.0,278.4,6681.599999999999,RT_2A_CC_variedcutoff
B0018,35,4.851893513310836,25.60100098563449,37.53185198546868,0,306,0,269,63.06056414422848,2667,1.6482241555294048,24,0.008968302053803612,0.26515151515151514,26.259148508133194,313.8,275.8,6619.200000000001,RT_2A_CC_variedcutoff
B0018,36,4.8080614203454894,26.06744274478208,37.593333753421376,0,301,0,258,62.79186869495182,2605,1.6387701497987262,24,0.009454005730678672,0.2727272727272727,26.268716804265114,311.4,273.4,6561.599999999999,RT_2A_CC_variedcutoff
B0018,37,4.924477149496514,25.98895392015303,37.36141011067826,0,303,0,263,62.32378528798044,2582,1.6276486907262062,24,0.011121459072519935,0.2803030303030303,26.254873208333816,308.2,269.4,6465.599999999999,RT_2A_CC_variedcutoff
B0018,38,4.902950310559007,26.09309221891502,37.89980324671546,0,300,0,262,62.04773030411396,2576,1.62215370227252,24,0.005494988453686123,0.2878787878787879,26.18672915133709,306.2,266.8,6403.200000000001,RT_2A_CC_variedcutoff
B0018,39,4.970308788598575,26.46279365112146,38.03149707759718,0,299,0,260,61.72609635895981,2526,1.6140066510467586,24,0.008147051225761537,0.29545454545454547,26.071551021678648,304.0,264.6,6350.400000000001,RT_2A_CC_variedcutoff
B0018,40,4.914860681114551,24.680467921202034,37.42220155418978,0,290,0,269,62.372688969767054,2584,1.6760516154424625,24,-0.06204496439570395,0.30303030303030304,26.042656704121214,301.8,262.4,6297.599999999999,RT_2A_CC_variedcutoff
B0018,41,5.0300240192153725,26.132587367604103,37.32511174435206,0,293,0,263,63.37942871632219,2498,1.649300642552199,24,0.026750972890263514,0.3106060606060606,25.858550091234726,298.6,262.4,6297.599999999999,RT_2A_CC_variedcutoff
B0018,42,5.050771730300569,25.978768718621016,37.31088262198154,0,291,0,260,62.4467719874656,2462,1.63238299185809,24,0.016917650694108888,0.3181818181818182,25.871579015799124,297.0,263.4,6321.599999999999,RT_2A_CC_variedcutoff
B0018,43,5.018337408312958,25.731890396085497,37.23234655688736,0,289,0,257,62.10883797406974,2454,1.6164159719025777,24,0.015967019955512418,0.32575757575757575,25.86954197549273,294.6,262.8,6307.200000000001,RT_2A_CC_variedcutoff
B0018,44,4.9633699633699635,25.49872895732674,36.94850857727268,0,287,0,254,61.8824805084004,2457,1.6109028378249377,24,0.005513134077639981,0.3333333333333333,25.79730161092682,292.4,261.8,6283.200000000001,RT_2A_CC_variedcutoff
B0018,45,4.894779441521651,24.675290772042114,37.002663545357386,0,285,0,252,61.62076314950482,2471,1.5954638693695655,24,0.015438968455372182,0.3409090909090909,25.60448867216788,290.0,260.6,6254.400000000001,RT_2A_CC_variedcutoff
B0018,46,12.244501940491592,25.589756749904964,36.71025442949399,0,1307,0,283,28.2092154228183,2319,1.726707440085764,24,-0.13124357071619852,0.3484848484848485,25.603453242335895,289.0,257.2,6172.799999999999,RT_2A_CC_variedcutoff
B0018,47,5.099616858237548,26.10831668139783,36.72807623650589,0,306,0,281,64.6363723965949,2610,1.7165673917429751,24,0.010140048342788921,0.3560606060606061,25.494887118796065,491.8,261.2,6268.799999999999,RT_2A_CC_variedcutoff
B0018,48,5.082947530864198,25.997599542519108,36.72959308355185,0,305,0,277,64.11702258426376,2592,1.6958235570934848,24,0.020743834649490367,0.36363636363636365,25.52079671135143,494.8,265.4,6369.599999999999,RT_2A_CC_variedcutoff
B0018,49,5.079953198127925,25.920017522045445,36.787462351640364,0,303,0,273,63.54406462869751,2564,1.6777783190792557,24,0.01804523801422908,0.3712121212121212,25.57393854063815,498.0,269.4,6465.599999999999,RT_2A_CC_variedcutoff
B0018,50,5.003894080996885,25.794253399684784,36.75689163314213,0,302,0,268,63.21881311132741,2568,1.6606586897774192,24,0.017119629301836525,0.3787878787878788,25.658196253581895,501.2,273.2,6556.799999999999,RT_2A_CC_variedcutoff
B0018,51,5.0412898151789225,25.480878991584117,37.35015763097096,0,298,0,269,62.75402060848288,2543,1.6664109274827466,24,-0.005752237705327401,0.38636363636363635,25.88198877911043,504.6,276.4,6633.599999999999,RT_2A_CC_variedcutoff
B0018,52,5.0516487882399685,26.484805324856953,37.48126030855565,0,297,0,266,62.91466897820012,2517,1.6468336174407805,24,0.019577310041966056,0.3939393939393939,25.86021322744626,302.8,273.6,6566.400000000001,RT_2A_CC_variedcutoff
B0018,53,5.261293179805137,26.564275465408663,37.12544389762631,0,296,0,239,60.23877966926177,2258,1.6257639928779952,24,0.021069624562785272,0.4015151515151515,25.93551095613808,301.0,270.6,6494.400000000001,RT_2A_CC_variedcutoff
B0018,54,5.537946428571429,26.31170791503391,37.19112571388883,0,293,0,258,59.77194051229874,2240,1.6121577411874597,24,0.013606251690535531,0.4090909090909091,26.048846140715995,299.2,263.0,6312.0,RT_2A_CC_variedcutoff
B0018,55,4.993939393939394,25.903712542264238,37.17642722353301,0,292,0,257,61.76171906799154,2475,1.6057366823755344,24,0.00642105881192534,0.4166666666666667,26.127184219313687,297.2,260.0,6240.0,RT_2A_CC_variedcutoff
B0018,56,6.329693554068334,24.76016899164448,37.11936678632194,0,658,0,261,53.692153586189114,2839,1.673645314879889,24,-0.06790863250435475,0.42424242424242425,26.149076047829578,295.2,257.8,6187.200000000001,RT_2A_CC_variedcutoff
B0018,57,5.174810446503791,26.305080167599616,37.2702464066457,0,283,0,259,62.56873287710677,2374,1.6404348572349936,24,0.0332104576448955,0.4318181818181818,26.004934047841648,367.2,256.2,6148.799999999999,RT_2A_CC_variedcutoff
B0018,58,5.159033078880407,26.32983736525489,37.39550861947664,0,283,0,255,61.76170408853859,2358,1.6132653317422077,24,0.02716952549278595,0.4393939393939394,25.96898901639018,364.4,254.8,6115.200000000001,RT_2A_CC_variedcutoff
B0018,59,5.0675390460109755,26.2037767052576,37.378956702246384,0,281,0,251,61.503249353061335,2369,1.5920964324686278,24,0.0211688992735799,0.44696969696969696,25.922101396359427,361.8,258.0,6192.0,RT_2A_CC_variedcutoff
B0018,60,5.044567062818336,26.115751902549416,37.245718322158105,0,279,0,248,61.108909636308695,2356,1.5866011820698824,24,0.005495250398745322,0.45454545454545453,25.90051515440416,359.4,256.6,6158.400000000001,RT_2A_CC_variedcutoff
B0018,61,4.908333333333333,25.200944520384155,37.21755583353321,0,276,0,246,60.99812394667857,2400,1.580076649033625,24,0.0065245330362573295,0.4621212121212121,25.942923026461198,356.8,254.8,6115.200000000001,RT_2A_CC_variedcutoff
B0018,62,5.027920962199313,26.008217714093107,37.56150979821064,0,275,0,244,60.4338000092553,2328,1.5641732953289167,24,0.01590335370470841,0.4696969696969697,26.03107813220913,280.4,251.8,6043.200000000001,RT_2A_CC_variedcutoff
B0018,63,4.978466838931955,26.082182764383514,37.4174791317661,0,272,0,241,60.20724495373515,2322,1.555618272193922,24,0.008555023134994677,0.4772727272727273,25.971705641507832,278.8,248.8,5971.200000000001,RT_2A_CC_variedcutoff
B0018,64,5.006530256856769,26.031087184027136,37.55101533655474,0,272,0,239,59.712628643523125,2297,1.5402045278637395,24,0.0154137443301825,0.48484848484848486,25.922174721333555,276.6,246.0,5904.0,RT_2A_CC_variedcutoff
B0018,65,4.978156400174749,25.976641592161716,37.59895044072871,0,269,0,237,59.62192471578166,2289,1.5321613015959863,24,0.008043226267753223,0.49242424242424243,25.88763681708747,274.8,243.6,5846.4,RT_2A_CC_variedcutoff
B0018,66,4.819071945508727,25.163488338094023,37.48923978216981,0,266,0,236,59.801826899489264,2349,1.5316232403693415,24,0.0005380612266447926,0.5,25.85981475500993,272.8,241.4,5793.6,RT_2A_CC_variedcutoff
B0018,67,5.006696428571429,25.757744042963477,37.37911114363861,0,265,0,233,59.11877033519681,2240,1.5222595950771978,24,0.00936364529214373,0.5075757575757576,25.852323518551895,270.8,239.4,5745.6,RT_2A_CC_variedcutoff
B0018,68,4.9269588313413015,25.670003827781354,37.559604168615785,0,264,0,231,58.904643877646855,2259,1.5065267126851285,24,0.01573288239206927,0.5151515151515151,25.802228784325973,268.8,237.2,5692.799999999999,RT_2A_CC_variedcutoff
B0018,69,5.022747952684258,25.73857785341659,37.61805450748922,0,262,0,229,58.41430434088396,2198,1.5014219556532926,24,0.005104757031835883,0.5227272727272727,25.719792997005545,267.2,235.2,5644.799999999999,RT_2A_CC_variedcutoff
B0018,70,5.011410314924692,25.7193086206821,37.71101994346608,0,260,0,228,58.3249660089914,2191,1.4963534117486457,24,0.005068543904646949,0.5303030303030303,25.661291130883434,265.2,233.2,5596.799999999999,RT_2A_CC_variedcutoff
B0018,71,4.8513093652907235,24.79394117338681,37.767989299214086,0,258,0,227,58.35582967232047,2253,1.5334262000312422,24,-0.037072788282596525,0.5378787878787878,25.609824536587507,263.4,231.4,5553.6,RT_2A_CC_variedcutoff
B0018,72,5.015967153284672,26.202923613805815,37.91919394450186,0,257,0,230,59.45186293116279,2192,1.523845267514426,24,0.009580932516816132,0.5454545454545454,25.53591510364607,261.8,229.6,5510.4,RT_2A_CC_variedcutoff
B0018,73,5.0114889705882355,26.229666608854053,37.99328509003338,0,257,0,227,58.73741524949173,2176,1.501192099426124,24,0.022653168088301978,0.553030303030303,25.62495101781453,260.2,229.0,5496.0,RT_2A_CC_variedcutoff
B0018,74,5.002312673450509,26.137092708948032,37.984838024989045,0,255,0,225,58.55554949871123,2162,1.492417671450291,24,0.008774427975833055,0.5606060606060606,25.736883574029072,258.8,228.2,5476.799999999999,RT_2A_CC_variedcutoff
B0018,75,5.023386342376052,26.066929300682002,37.8288851383529,0,254,0,223,58.07809410316872,2138,1.483323851940123,24,0.009093819510167966,0.5681818181818182,25.81658654513536,257.4,227.4,5457.6,RT_2A_CC_variedcutoff
B0018,76,4.863076220903697,25.141453653068915,37.844837975501,0,251,0,222,58.0716272537146,2191,1.4807376792294196,24,0.0025861727107034937,0.5757575757575758,25.886110681135342,256.2,226.4,5433.6,RT_2A_CC_variedcutoff
B0018,77,4.966996699669967,25.92894032953546,37.8984610468502,0,249,0,219,57.784341071027455,2121,1.4735077809902477,24,0.007229898239171861,0.5833333333333334,25.95561317707176,254.8,225.4,5409.6,RT_2A_CC_variedcutoff
B0018,78,4.985781990521327,26.118139991595378,38.27784043980244,0,248,0,219,57.466922134467886,2110,1.46801928526661,24,0.005488495723637632,0.5909090909090909,25.900816520217695,253.2,223.2,5356.799999999999,RT_2A_CC_variedcutoff
B0018,79,4.9833015267175576,26.136345205171814,38.24434303919528,0,247,0,217,57.293801341525935,2096,1.458092355711902,24,0.009926929554707975,0.5984848484848485,25.87851119676596,251.4,221.6,5318.4,RT_2A_CC_variedcutoff
B0018,80,4.971195391262602,25.964877369944144,38.06956259266949,0,245,0,215,57.12209106349981,2083,1.44786609888914,24,0.010226256822762014,0.6060606060606061,25.87836169601071,249.8,220.0,5280.0,RT_2A_CC_variedcutoff
B0018,81,4.811276794035415,24.958801441718588,37.81744565252647,0,243,0,215,57.192089338758166,2146,1.4527808777541982,24,-0.004914778865058089,0.6136363636363636,25.857951309863143,248.0,218.4,5241.6,RT_2A_CC_variedcutoff
B0018,82,4.946834219429676,25.644059601961516,37.90256777035479,0,243,0,212,56.78021982849667,2069,1.4425356364492432,24,0.010245241304954966,0.6212121212121212,25.821420867593076,246.4,217.0,5208.0,RT_2A_CC_variedcutoff
B0018,83,4.958536585365854,25.856189362508946,38.16628336469349,0,241,0,211,56.461294236384404,2050,1.4392712877203313,24,0.0032643487289119033,0.6287878787878788,25.764444722078288,245.2,215.6,5174.4,RT_2A_CC_variedcutoff
B0018,84,4.9926108374384235,26.156336083725098,38.36789486715962,0,241,0,210,56.19043967808296,2030,1.4286475681888218,24,0.010623719531509535,0.6363636363636364,25.712054596261005,243.8,214.0,5136.0,RT_2A_CC_variedcutoff
B0018,85,5.0,26.14426623780005,38.19823604401131,0,239,0,208,56.00823108795869,2009,1.4249026750004896,24,0.0037448931883321546,0.6439393939393939,25.716052771971658,242.6,212.6,5102.4,RT_2A_CC_variedcutoff
B0018,86,5.11255627813907,24.938289128762555,38.09998280757164,0,236,0,215,55.204190570906725,1999,1.4698115324524124,24,-0.044908857451922746,0.6515151515151515,25.75193054554284,241.4,211.2,5068.799999999999,RT_2A_CC_variedcutoff
B0018,87,5.054862842892768,26.12917210043116,38.21452378284136,0,237,0,212,57.58855622841544,2005,1.4525819651050202,24,0.017229567347392116,0.6590909090909091,25.747828082951635,240.0,211.2,5068.799999999999,RT_2A_CC_variedcutoff
B0018,88,5.0915099135739705,26.00926917385146,37.93969653616424,0,235,0,209,56.76668946832569,1967,1.442834198908794,24,0.009747766196226193,0.6666666666666666,25.844850582645563,238.8,211.2,5068.799999999999,RT_2A_CC_variedcutoff
B0018,89,5.027777777777778,25.73431543532074,38.06666733482501,0,235,0,207,56.40894005913528,1980,1.428376058807949,24,0.014458140100845007,0.6742424242424242,25.875466544914065,237.6,210.8,5059.200000000001,RT_2A_CC_variedcutoff
B0018,90,4.9822964087000505,25.530428406270605,37.63260475617888,0,234,0,204,56.199373924358255,1977,1.4154547844370715,24,0.012921274370877533,0.6818181818181818,25.791062415233192,236.4,210.2,5044.799999999999,RT_2A_CC_variedcutoff
B0018,91,4.8795476892822025,24.949074530136137,38.18223603956323,0,229,0,209,55.80073813417904,2034,1.454576670077708,24,-0.03912188564063657,0.6893939393939394,25.668294848927303,235.4,209.4,5025.6,RT_2A_CC_variedcutoff
B0018,92,5.061570035915854,26.15054621985643,38.3907466519188,0,231,0,206,56.685512813943284,1949,1.4283179548274056,24,0.026258715250302433,0.696969696969697,25.670451929202024,234.0,208.2,4996.799999999999,RT_2A_CC_variedcutoff
B0018,93,5.056818181818182,26.268185630406144,38.51622654624205,0,230,0,204,56.16267839146908,1936,1.4197026883204058,24,0.008615266506999841,0.7045454545454546,25.67472675308707,232.8,207.0,4968.0,RT_2A_CC_variedcutoff
B0018,94,5.057142857142857,26.347238879027934,38.56612180540248,0,229,0,203,55.912297465479774,1925,1.4155606630306516,24,0.004142025289754159,0.7121212121212122,25.726510044398015,231.8,206.0,4944.0,RT_2A_CC_variedcutoff
B0018,95,5.090860502405131,26.242295609528945,38.5606541602861,0,219,0,201,55.868370583388234,1871,1.405680035419228,24,0.009880627611423609,0.7196969696969697,25.849094733139445,230.6,205.2,4924.799999999999,RT_2A_CC_variedcutoff
B0018,96,4.9536321483771255,25.42728909403651,38.53842073636507,0,225,0,201,55.476298492495495,1941,1.4084461071166137,24,-0.0027660716973856303,0.7272727272727273,25.991468173791116,227.6,204.6,4910.4,RT_2A_CC_variedcutoff
B0018,97,5.0615961435457955,26.10968964854073,38.548873480234754,0,218,0,199,55.79841534975573,1867,1.3968547782872414,24,0.011591328829372305,0.7348484848484849,26.087111086571195,226.8,203.0,4872.0,RT_2A_CC_variedcutoff
B0018,98,5.06940736785905,26.15355084270684,38.45838357496903,0,225,0,197,55.05737320268289,1873,1.3935670371440676,24,0.0032877411431737613,0.7424242424242424,26.078939772308054,224.2,201.6,4838.4,RT_2A_CC_variedcutoff
B0018,99,5.1003253796095445,26.261715268025757,38.54382874673793,0,223,0,195,54.61441516012414,1844,1.3893644292809475,24,0.0042026078631201,0.75,26.056012814768188,223.2,200.2,4804.799999999999,RT_2A_CC_variedcutoff
B0018,100,5.010723860589812,26.251879224293607,38.650883957434026,0,223,0,193,54.70741205049473,1865,1.378565141566671,24,0.010799287714276407,0.7575757575757576,26.038908092567755,222.0,198.6,4766.4,RT_2A_CC_variedcutoff
B0018,101,4.952305246422894,25.45037226928328,38.45654834997334,0,221,0,194,54.45214428629876,1887,1.384901110085747,24,-0.0063359685190758075,0.7651515151515151,26.040824815520686,222.8,197.0,4728.0,RT_2A_CC_variedcutoff
B0018,102,5.026983270372369,26.092322578838672,38.6564130442344,0,221,0,193,54.542388311057856,1853,1.3703251814242443,24,0.01457592866150259,0.7727272727272727,26.045441450570042,222.0,195.6,4694.4,RT_2A_CC_variedcutoff
B0018,103,5.07953922106418,26.211942342828657,38.655587491253975,0,220,0,192,54.292795332646435,1823,1.3733464385229082,24,-0.0030212570986638543,0.7803030303030303,26.04196803662963,222.6,194.4,4665.6,RT_2A_CC_variedcutoff
B0018,104,5.25776215582894,26.291192324373615,38.6997087046862,0,203,0,191,54.375724821420455,1707,1.3679487285504814,24,0.005397709972426723,0.7878787878787878,26.05364633665399,221.6,193.4,4641.6,RT_2A_CC_variedcutoff
B0018,105,5.134153158188933,26.376045792872638,38.87481687744787,0,219,0,190,53.68398821066633,1789,1.3567141087089647,24,0.011234619841516746,0.7954545454545454,26.059541747923568,217.6,192.6,4622.4,RT_2A_CC_variedcutoff
B0018,106,5.088046958377801,24.18711753761928,37.36397452607736,0,215,0,203,54.18375562913443,1874,1.4604310209194575,24,-0.10371691221049284,0.803030303030303,26.08437506163937,216.8,192.0,4608.0,RT_2A_CC_variedcutoff
B0018,107,5.14961915125136,25.697932729848386,37.88258787662229,0,217,0,200,57.30953094840406,1838,1.4500998937104097,24,0.01033112720904783,0.8106060606060606,25.83172411530657,215.6,193.8,4651.200000000001,RT_2A_CC_variedcutoff
B0018,108,5.298087739032621,26.29694158981744,38.15898073660424,0,216,0,199,56.39813164871668,1778,1.4381406901824496,24,0.011959203527960094,0.8181818181818182,25.752846145508517,214.8,195.2,4684.799999999999,RT_2A_CC_variedcutoff
B0018,109,5.105053946621238,26.21888872075887,38.05243159675446,0,212,0,187,56.19035091829907,1761,1.4283681980964316,24,0.009772492086018048,0.8257575757575758,25.769845994906273,214.0,196.6,4718.4,RT_2A_CC_variedcutoff
B0018,110,5.2525539160045405,26.05409105115428,37.89096376444466,0,213,0,195,55.74645917027301,1762,1.4147874517552432,24,0.013580746341188332,0.8333333333333334,25.755385274183322,215.8,195.8,4699.200000000001,RT_2A_CC_variedcutoff
B0018,111,4.933147632311978,25.057727103048936,37.81203585126145,0,209,0,184,55.63594681880587,1795,1.413889163393182,24,0.0008982883620611837,0.8409090909090909,25.690994325839647,214.6,196.8,4723.200000000001,RT_2A_CC_variedcutoff
B0018,112,5.210346787947698,25.782029617154258,37.9591954678784,0,213,0,192,55.391684666068564,1759,1.3989331662177225,24,0.01495599717545959,0.8484848484848485,25.865116238925584,213.4,193.0,4632.0,RT_2A_CC_variedcutoff
B0018,113,5.2719907407407405,26.153626857123022,38.52104349883516,0,212,0,191,54.833336102223214,1728,1.3953322584033976,24,0.003600907814324872,0.8560606060606061,25.881935616386755,212.6,191.4,4593.6,RT_2A_CC_variedcutoff
B0018,114,5.297029702970297,26.638425972679634,38.87868799770175,0,211,0,191,54.75662305892009,1717,1.390046129540245,24,0.005286128863152495,0.8636363636363636,25.853272669847875,211.8,189.8,4555.200000000001,RT_2A_CC_variedcutoff
B0018,115,5.2350551363900175,26.802021960228085,38.65118899876309,0,210,0,189,54.7893328046032,1723,1.3860271454209647,24,0.004018984119280367,0.8712121212121212,25.93718012023203,211.6,190.6,4574.4,RT_2A_CC_variedcutoff
B0018,116,4.9451754385964914,25.4859575703932,38.434235278537344,0,208,0,190,55.08828416391244,1824,1.388215260193751,24,-0.0021881147727862427,0.8787878787878788,26.08676630204679,211.0,189.4,4545.6,RT_2A_CC_variedcutoff
B0018,117,5.036723163841808,25.934900069898706,38.10387572433,0,207,0,187,55.067923981364395,1770,1.3761826562394497,24,0.01203260395430128,0.8863636363636364,26.172412395515643,210.8,190.6,4574.4,RT_2A_CC_variedcutoff
B0018,118,5.054038680318544,25.69378065221949,38.12742842632319,0,207,0,186,54.549836596124045,1758,1.3647168898640163,24,0.011465766375433395,0.8939393939393939,26.202986486064532,209.6,189.6,4550.4,RT_2A_CC_variedcutoff
B0018,119,5.106874638937031,25.575718917478248,38.03962943213698,0,206,0,185,54.24274836597483,1731,1.3589854739373584,24,0.0057314159266579345,0.9015151515151515,26.111017245083826,208.6,188.6,4526.4,RT_2A_CC_variedcutoff
B0018,120,5.140131186642814,25.48468436755488,37.85657903247749,0,204,0,179,53.70293200343894,1677,1.34623087640088,24,0.012754597536478451,0.9090909090909091,25.898475834043545,207.6,187.4,4497.6,RT_2A_CC_variedcutoff
B0018,121,5.050420168067227,24.21856615218042,37.43017193410286,0,203,0,192,53.8495809402162,1785,1.4268427818454643,24,-0.08061190544458441,0.9166666666666666,25.635008315508905,206.4,185.4,4449.6,RT_2A_CC_variedcutoff
B0018,122,5.255581668625147,25.640880302196425,37.8264149292754,0,205,0,189,55.83623198937865,1702,1.4064481483279665,24,0.020394633517497818,0.9242424242424242,25.38153003186635,205.4,185.8,4459.200000000001,RT_2A_CC_variedcutoff
B0018,123,5.291319857312723,25.937789476113284,38.08307173716899,0,204,0,188,55.34090177566073,1682,1.3934907492075153,24,0.01295739912045124,0.9318181818181818,25.322726078325893,205.0,186.2,4468.799999999999,RT_2A_CC_variedcutoff
B0018,124,5.332326283987915,25.967844825968793,37.88279649093536,0,203,0,186,54.896994562295866,1655,1.3882493512249316,24,0.0052413979825836066,0.9393939393939394,25.37152784310465,204.4,186.6,4478.4,RT_2A_CC_variedcutoff
B0018,125,5.2960725075528705,25.85933104405482,37.96027066990377,0,203,0,184,54.51481168850072,1655,1.3701878338420928,24,0.0180615173828389,0.946969696969697,25.44995302480276,203.8,186.8,4483.200000000001,RT_2A_CC_variedcutoff
B0018,126,5.046216060080878,24.956128454105446,37.880513353762176,0,201,0,184,54.76616276713517,1731,1.379695166560862,24,-0.009507332718769357,0.9545454545454546,25.524882360102747,203.6,187.8,4507.200000000001,RT_2A_CC_variedcutoff
B0018,127,5.267152398299939,25.8912918205932,38.43416278222213,0,201,0,182,54.219194586078146,1647,1.3686586323935683,24,0.011036534167293777,0.9621212121212122,25.672394820487757,203.2,186.2,4468.799999999999,RT_2A_CC_variedcutoff
B0018,128,5.286760219646125,26.42606452623924,38.847489737859576,0,201,0,182,54.15702987657944,1639,1.3627371779096438,24,0.00592145448392456,0.9696969696969697,25.722477124167106,202.4,184.8,4435.200000000001,RT_2A_CC_variedcutoff
B0018,129,5.275397796817625,26.78902777153372,38.80283421497622,0,200,0,181,54.054453583990615,1634,1.3634051133928071,24,-0.000667935483163351,0.9772727272727273,25.8201321341923,201.8,183.6,4406.4,RT_2A_CC_variedcutoff
B0018,130,5.32398753894081,26.72429009828392,38.72699121838442,0,199,0,179,53.56252203203861,1605,1.3518646035305233,24,0.011540509862283832,0.9848484848484849,25.984368723305284,201.2,182.6,4382.4,RT_2A_CC_variedcutoff
B0018,131,5.125974805038992,25.635424777523184,38.67191958148309,0,197,0,180,53.75449180015102,1667,1.3547969729652622,24,-0.0029323694347389573,0.9924242424242424,26.157360534151103,200.4,181.6,4358.4,RT_2A_CC_variedcutoff
B0018,132,5.315822388993121,26.113971249274236,38.371813640118894,0,198,0,178,53.53080379020802,1599,1.341051440640485,24,0.013745532324777265,1.0,26.293219798834656,199.6,180.8,4339.200000000001,RT_2A_CC_variedcutoff
B0025,3,7.586610486891386,28.129815732075677,41.67077619357013,0,732,26,169,64.18594463365353,4272,1.847111177186175,24,0.0014542572666633724,0.10714285714285714,28.289799259245285,751.0,170.5,4092.0,RT_SQWAVE_4A_variedcutoff
B0025,4,7.6117084826762245,28.425395790574985,41.58349706133725,0,721,26,167,64.11143699213173,4185,1.8489837601535537,24,-0.0018725829673786887,0.14285714285714285,28.23647141685542,744.6666666666666,170.0,4080.0,RT_SQWAVE_4A_variedcutoff
B0025,5,7.538181818181818,28.451577142452855,41.82908827830225,0,710,29,166,63.9084168690058,4125,1.837012071856044,24,0.011971688297509608,0.17857142857142858,28.28370251028531,738.75,169.25,4062.0,RT_SQWAVE_4A_variedcutoff
B0025,6,7.514278619319593,28.362033267217093,41.15307253815554,0,694,20,162,63.974069843349724,4027,1.817549211247137,24,0.019462860608907118,0.21428571428571427,28.31727743671882,733.0,168.6,4046.3999999999996,RT_SQWAVE_4A_variedcutoff
B0025,7,7.532696177062374,28.218481537010636,41.167510218490015,0,693,15,164,63.778370978792054,3976,1.839863822522073,24,-0.022314611274935947,0.25,28.310181741710856,721.0,166.8,4003.2000000000003,RT_SQWAVE_4A_variedcutoff
B0025,8,5.2069436021831415,28.62989773962593,41.40744159178738,0,996,19,163,59.619198710689446,6596,1.8430595619731431,24,-0.003195739451070212,0.2857142857142857,28.317460693866245,710.0,165.6,3974.3999999999996,RT_SQWAVE_4A_variedcutoff
B0025,9,7.500670061645671,28.42670998936155,41.089112912518665,0,666,17,160,63.06862809354376,3731,1.8401871729536057,24,0.002872389019537458,0.32142857142857145,28.417477095376295,762.8,164.4,3945.6000000000004,RT_SQWAVE_4A_variedcutoff
B0025,10,7.413746630727763,28.52524875826842,41.56081694228564,0,660,25,159,63.01403615051227,3710,1.8281265632888255,24,0.012060609664780175,0.35714285714285715,28.417739935133614,751.8,163.0,3912.0,RT_SQWAVE_4A_variedcutoff
B0025,11,7.385081200110102,28.68440447575302,41.027186904575295,0,652,14,158,62.857360911468426,3633,1.8253563336445804,24,0.0027702296442451146,0.39285714285714285,28.432474258296725,741.8,161.6,3878.3999999999996,RT_SQWAVE_4A_variedcutoff
B0025,12,7.489638021552915,28.241271010109287,41.20659187421087,0,648,17,157,63.09980113601011,3619,1.8214180552626156,24,0.00393827838196481,0.42857142857142855,28.496948500003914,733.4,160.8,3859.2000000000003,RT_SQWAVE_4A_variedcutoff
B0025,13,7.420600858369099,28.831902042163616,41.45812420664237,0,638,25,156,62.34680193171811,3495,1.830315627968932,24,-0.008897572706316526,0.4642857142857143,28.50150639462364,724.4,159.4,3825.6000000000004,RT_SQWAVE_4A_variedcutoff
B0025,14,7.37331806470083,28.876305964568115,41.50830652935,0,632,23,155,62.569333389558444,3493,1.8175491643824844,24,0.01276646358644773,0.5,28.54190725513118,652.8,158.0,3792.0,RT_SQWAVE_4A_variedcutoff
B0025,15,7.288804443145279,28.75963437938254,41.36968179986157,0,625,20,154,62.2382995630955,3421,1.810901200296979,24,0.006647964085505276,0.5357142857142857,28.63182645017249,646.0,157.0,3768.0,RT_SQWAVE_4A_variedcutoff
B0025,16,7.269275700934579,28.70563457403597,41.46226760798129,0,619,23,153,62.53489534005738,3424,1.8083032603084237,24,0.0025979399885553978,0.5714285714285714,28.678703574395314,639.0,156.0,3744.0,RT_SQWAVE_4A_variedcutoff
B0025,17,7.2039377020276225,28.816798301890152,41.32045149274522,0,605,22,150,62.796943667834604,3403,1.7928016149381063,24,0.015501645370317396,0.6071428571428571,28.682949594051905,632.4,155.0,3720.0,RT_SQWAVE_4A_variedcutoff
B0025,18,7.259913258983891,29.262358621941146,41.29100352861782,0,599,18,149,61.76568621258004,3228,1.812563150045885,24,-0.01976153510777867,0.6428571428571429,28.798055052408074,623.8,153.6,3686.3999999999996,RT_SQWAVE_4A_variedcutoff
B0025,19,7.263797942001871,29.08870003336774,41.08913600776219,0,598,15,151,61.67460565493586,3207,1.807772607491239,24,0.004790542554645949,0.6785714285714286,28.884146368363588,616.0,152.2,3652.7999999999997,RT_SQWAVE_4A_variedcutoff
B0025,20,7.182163187855788,28.93894160262385,41.02067280816404,0,593,13,150,61.48828542085773,3162,1.8048055175003967,24,0.0029670899908422754,0.7142857142857143,28.92662518212351,609.2,151.4,3633.6000000000004,RT_SQWAVE_4A_variedcutoff
B0025,21,7.0912,28.783057224470834,40.73588950026045,0,587,9,149,61.39079689973798,3125,1.800538555899242,24,0.004266961601154806,0.75,28.96248662677177,602.8,150.6,3614.3999999999996,RT_SQWAVE_4A_variedcutoff
B0025,22,7.01669877970456,28.607837615033468,40.76227622359968,0,584,10,148,61.404411270517976,3114,1.7942356098033032,24,0.006302946095938733,0.7857142857142857,28.977971156858747,596.4,149.8,3595.2000000000003,RT_SQWAVE_4A_variedcutoff
B0025,23,5.137875101378751,28.171054342547524,39.71112605386658,0,822,0,148,53.103386758982445,4932,1.807409052434889,24,-0.013173442631585708,0.8214285714285714,28.936179019487405,592.2,149.4,3585.6000000000004,RT_SQWAVE_4A_variedcutoff
B0025,24,6.8186339522546415,28.085028248274412,39.797043058510575,0,569,0,146,61.1125255783908,3016,1.7902504816962077,24,0.01715857073868121,0.8571428571428571,28.71791816360868,636.8,149.2,3580.7999999999997,RT_SQWAVE_4A_variedcutoff
B0025,25,6.834388537154282,28.07319247759884,39.64019141128942,0,562,0,145,61.3276259123513,3001,1.7961223845359495,24,-0.005871902839741816,0.8928571428571429,28.517183806590015,631.0,148.2,3556.7999999999997,RT_SQWAVE_4A_variedcutoff
B0025,26,6.668918918918919,28.010489181396238,39.75344188854835,0,558,0,144,61.031588284262966,2960,1.7912236690350776,24,0.004898715500871953,0.9285714285714286,28.344033981585017,624.8,147.2,3532.7999999999997,RT_SQWAVE_4A_variedcutoff
B0025,27,6.576013513513513,27.951558805758513,39.57317189988566,0,555,0,143,61.189023693248345,2960,1.7854822365303245,24,0.005741432504753119,0.9642857142857143,28.189520372970094,619.0,146.2,3508.7999999999997,RT_SQWAVE_4A_variedcutoff
B0025,28,6.418714237630428,28.259080166983946,39.45687787991913,0,548,0,141,61.54633725644391,2971,1.7677890780323615,24,0.017693158497962935,1.0,28.058264611115106,613.2,145.2,3484.7999999999997,RT_SQWAVE_4A_variedcutoff
B0026,3,7.051732209737827,28.15133524754514,40.42073541309615,0,735,8,165,63.46262496076146,4272,1.8135354175561995,24,0.0014405911516308656,0.10714285714285714,28.167463449721346,755.0,167.5,4020.0,RT_SQWAVE_4A_variedcutoff
B0026,4,6.917562724014337,28.391651459955938,40.839359753382105,0,724,14,164,63.08305275233546,4185,1.815149273310334,24,-0.00161385575413453,0.14285714285714285,28.162087382329275,748.3333333333334,166.66666666666666,4000.0,RT_SQWAVE_4A_variedcutoff
B0026,5,6.989090909090909,28.35881398213525,40.762597974826,0,714,12,163,63.187104723754935,4125,1.81429130140682,24,0.0008579719035139988,0.17857142857142858,28.21947840173594,742.25,166.0,3984.0,RT_SQWAVE_4A_variedcutoff
B0026,6,6.7978644151974175,28.10907826193473,39.78739652537364,0,753,0,125,62.23404970740829,4027,1.3863373424430123,24,0.4279539589638077,0.21428571428571427,28.247345517815802,736.6,165.4,3969.6000000000004,RT_SQWAVE_4A_variedcutoff
B0026,7,7.266096579476861,28.10826924077776,40.12859054534907,0,694,2,161,63.39985235808258,3976,1.8165277958816064,24,-0.4301904534385941,0.25,28.21908448092709,735.4,156.8,3763.2000000000003,RT_SQWAVE_4A_variedcutoff
B0026,8,4.956791995148575,28.523150939090623,40.39287009990307,0,998,5,160,59.21058547422287,6596,1.8085638576011065,24,0.007963938280499905,0.2857142857142857,28.22382963846976,724.0,155.6,3734.3999999999996,RT_SQWAVE_4A_variedcutoff
B0026,9,6.992763334226749,28.308310092870457,40.37811271633581,0,671,5,158,62.31398284796916,3731,1.804936077644182,24,0.0036277799569244262,0.32142857142857145,28.29819277677886,776.6,154.6,3710.3999999999996,RT_SQWAVE_4A_variedcutoff
B0026,10,6.959568733153639,28.40432663914221,40.6345527951007,0,663,9,156,62.45075535996674,3710,1.8049315924982108,24,4.485145971289128e-06,0.35714285714285715,28.281524503361766,766.0,153.4,3681.6000000000004,RT_SQWAVE_4A_variedcutoff
B0026,11,6.783649876135425,28.54906917384791,40.0980220096873,0,665,2,149,61.936939703875275,3633,1.717679232699393,24,0.08725235979881774,0.39285714285714285,28.290627034763155,755.8,152.0,3648.0,RT_SQWAVE_4A_variedcutoff
B0026,12,7.187068250898038,28.13211919208738,40.34748376711444,0,647,5,155,62.70404473239855,3619,1.809804813280106,24,-0.09212558058071285,0.42857142857142855,28.378625217145792,738.2,156.8,3763.2000000000003,RT_SQWAVE_4A_variedcutoff
B0026,13,7.0,28.717683447720546,40.65512551876581,0,640,11,154,61.850439194181014,3495,1.806556213274488,24,0.0032486000056179964,0.4642857142857143,28.383395207407716,728.8,155.6,3734.3999999999996,RT_SQWAVE_4A_variedcutoff
B0026,14,6.938162038362439,28.767490183326856,40.78648924035223,0,635,12,153,62.02734076838849,3493,1.7938155707698509,24,0.012740642504637023,0.5,28.4223017091337,657.2,154.4,3705.6000000000004,RT_SQWAVE_4A_variedcutoff
B0026,15,6.914644840689856,28.647747725656977,40.64545029611132,0,626,9,152,61.825368991200925,3421,1.799304949381792,24,-0.005489378611941209,0.5357142857142857,28.514137727224977,650.0,153.4,3681.6000000000004,RT_SQWAVE_4A_variedcutoff
B0026,16,6.813668224299065,28.59080089689713,40.753548433947245,0,620,12,151,62.012845981638925,3424,1.7842197448470132,24,0.015085204534778907,0.5714285714285714,28.562821944527933,642.6,152.6,3662.3999999999996,RT_SQWAVE_4A_variedcutoff
B0026,17,6.802821040258595,28.713370584705952,40.90407080657346,0,620,18,141,62.108296495525096,3403,1.6818819918515189,24,0.1023377529954943,0.6071428571428571,28.57116828913778,633.6,153.0,3672.0,RT_SQWAVE_4A_variedcutoff
B0026,18,7.3203221809169765,29.180023036700604,40.76016987388447,0,600,14,147,61.79089788579067,3228,1.8007519383961936,24,-0.11886994654467475,0.6428571428571429,28.68741856766149,628.2,150.2,3604.7999999999997,RT_SQWAVE_4A_variedcutoff
B0026,19,7.139070782662925,29.00736456945475,40.86760057065783,0,600,13,150,61.454853416648255,3207,1.795972684272296,24,0.004779254123897569,0.6785714285714286,28.779886485457503,620.2,148.8,3571.2000000000003,RT_SQWAVE_4A_variedcutoff
B0026,20,7.120493358633776,28.895321213207176,40.8457724786952,0,594,11,149,61.360531836277815,3162,1.7931026940553298,24,0.0028699902169662117,0.7142857142857143,28.82786136268308,613.2,148.2,3556.7999999999997,RT_SQWAVE_4A_variedcutoff
B0026,21,6.9984,28.7728871617273,40.61328442378913,0,586,8,148,61.275705648133176,3125,1.8010267542068712,24,-0.007924060151541346,0.75,28.877376060193125,606.8,147.6,3542.3999999999996,RT_SQWAVE_4A_variedcutoff
B0026,22,6.846499678869621,28.598272435267262,40.55411444614823,0,586,8,146,61.180003622439116,3114,1.7824572301269948,24,0.018569524079876443,0.7857142857142857,28.913793313159157,600.0,147.0,3528.0,RT_SQWAVE_4A_variedcutoff
B0026,23,4.835766423357664,28.16282398991633,39.89740047610024,0,822,0,147,52.87561989600039,4932,1.7959303030608789,24,-0.013473072933884112,0.8214285714285714,28.89077368327142,593.2,148.0,3552.0,RT_SQWAVE_4A_variedcutoff
B0026,24,6.69263925729443,28.099745952419674,40.148009555945954,0,571,2,145,60.91043859884568,3016,1.7783142127341005,24,0.017616090326778355,0.8571428571428571,28.687333873914564,637.6,148.0,3552.0,RT_SQWAVE_4A_variedcutoff
B0026,25,6.722759080306565,28.10689401454655,40.16428171644192,0,565,2,144,61.119822207571154,3001,1.771719092984802,24,0.006595119749298606,0.8928571428571429,28.50581015050755,631.8,147.0,3528.0,RT_SQWAVE_4A_variedcutoff
B0026,26,6.452702702702703,28.05723448565383,40.34822918896084,0,559,5,143,60.811890484099905,2960,1.7790749489536772,24,-0.0073558559688753355,0.9285714285714286,28.348124710775426,626.0,146.0,3504.0,RT_SQWAVE_4A_variedcutoff
B0026,27,6.155405405405405,27.99962190827992,40.155136061235744,0,556,2,142,60.900921544447534,2960,1.7733229782464677,24,0.005751970707209564,0.9642857142857143,28.204994175560728,620.6,145.0,3480.0,RT_SQWAVE_4A_variedcutoff
B0026,28,5.861662739818243,28.309198560733435,40.01460073648428,0,548,1,141,61.26882484826642,2971,1.768754111010884,24,0.004568867235583696,1.0,28.08526407016326,614.6,144.2,3460.7999999999997,RT_SQWAVE_4A_variedcutoff
B0027,3,6.860955056179775,28.355988595134875,42.65704114936764,0,740,82,167,62.2178306714035,4272,1.812859679313087,24,0.0013787858037090928,0.10714285714285714,28.390326335890826,757.5,169.5,4068.0,RT_SQWAVE_4A_variedcutoff
B0027,4,6.825567502986858,28.67808878379903,43.07456793109374,0,726,101,166,61.9512827147211,4185,1.814424244673997,24,-0.0015645653609102084,0.14285714285714285,28.37888042230551,751.6666666666666,168.66666666666666,4048.0,RT_SQWAVE_4A_variedcutoff
B0027,5,6.904242424242424,28.71725245714447,43.12836631992577,0,716,104,165,62.04478960875307,4125,1.812800333853042,24,0.0016239108209550324,0.17857142857142858,28.45368251267889,745.25,168.0,4032.0,RT_SQWAVE_4A_variedcutoff
B0027,6,6.884777750186243,28.61366452634602,42.9279467397339,0,699,94,162,62.095855955503374,4027,1.7946038703195293,24,0.018196463533512786,0.21428571428571427,28.506396501572006,739.4,167.4,4017.6000000000004,RT_SQWAVE_4A_variedcutoff
B0027,7,7.040995975855131,28.412267580149525,42.34490965860999,0,698,63,164,62.30772916989702,3976,1.816519171293833,24,-0.02191530097430361,0.25,28.543179186468347,727.2,165.8,3979.2000000000003,RT_SQWAVE_4A_variedcutoff
B0027,8,5.006822316555488,28.765591713458388,42.50145921854708,0,1006,79,163,58.09324420844862,6596,1.819833556519024,24,-0.0033143852251911188,0.2857142857142857,28.555452388514784,715.8,164.8,3955.2000000000003,RT_SQWAVE_4A_variedcutoff
B0027,9,7.114714553738944,28.694602438680853,42.75456095698592,0,671,84,161,61.58415670672564,3731,1.816980986440728,24,0.0028525700782959795,0.32142857142857145,28.637373012179484,769.0,164.0,3936.0,RT_SQWAVE_4A_variedcutoff
B0027,10,7.225067385444744,28.81330581571524,43.20868549225104,0,664,97,160,61.78829436769276,3710,1.8047602710768988,24,0.012220715363829182,0.35714285714285715,28.64067574315585,758.0,163.0,3912.0,RT_SQWAVE_4A_variedcutoff
B0027,11,7.20616570327553,29.007621035517708,42.59572185384836,0,656,82,159,61.663362627633035,3633,1.802177888140868,24,0.002582382936030747,0.39285714285714285,28.659886414870005,747.6,162.0,3888.0,RT_SQWAVE_4A_variedcutoff
B0027,12,7.323846366399558,28.49885068877259,42.63365730314649,0,650,81,158,61.98167947460372,3619,1.810054375611175,24,-0.007876487470307003,0.42857142857142855,28.73867771670434,739.0,161.4,3873.6000000000004,RT_SQWAVE_4A_variedcutoff
B0027,13,7.210300429184549,29.086222399867935,42.89197473994752,0,641,87,158,61.2235118754392,3495,1.8191618703574552,24,-0.009107494746280143,0.4642857142857143,28.755994338428955,729.4,160.2,3844.7999999999997,RT_SQWAVE_4A_variedcutoff
B0027,14,7.4363011737761235,29.104113097535475,42.73670303920533,0,634,85,156,61.77950156420501,3493,1.806344581230731,24,0.012817289126724196,0.5,28.820120475710866,656.4,159.2,3820.7999999999997,RT_SQWAVE_4A_variedcutoff
B0027,15,7.147033031277404,28.99722509519335,42.71819238433457,0,625,81,156,61.25920789489651,3421,1.8120006378747944,24,-0.005656056644063323,0.5357142857142857,28.90202260748179,649.0,158.2,3796.7999999999997,RT_SQWAVE_4A_variedcutoff
B0027,16,7.327686915887851,28.9394278599406,42.87852551010068,0,619,85,155,61.76808542813078,3424,1.809238569578753,24,0.00276206829604142,0.5714285714285714,28.93880646337741,641.2,157.4,3777.6000000000004,RT_SQWAVE_4A_variedcutoff
B0027,17,7.314134587129004,29.055222589594244,42.99196482622249,0,607,91,152,61.99609132871776,3403,1.7820717716005336,24,0.027166797978219304,0.6071428571428571,28.925167828261987,633.8,156.6,3758.3999999999996,RT_SQWAVE_4A_variedcutoff
B0027,18,7.413258983890954,29.5138077121592,42.920147884014575,0,599,85,151,61.0541782091269,3228,1.8145504562341048,24,-0.032478684633571175,0.6428571428571429,29.03644220842632,625.2,155.4,3729.6000000000004,RT_SQWAVE_4A_variedcutoff
B0027,19,7.44621141253508,29.35575477328766,42.77821015998406,0,600,78,153,61.00037936545166,3207,1.809153485164282,24,0.005396971069822731,0.6785714285714286,29.121959270884577,616.8,154.0,3696.0,RT_SQWAVE_4A_variedcutoff
B0027,20,7.326059456040481,29.2342884712592,42.71393681070588,0,595,76,152,60.76181444099931,3162,1.806555150809371,24,0.0025983343549111915,0.7142857142857143,29.172287606035013,610.0,153.4,3681.6000000000004,RT_SQWAVE_4A_variedcutoff
B0027,21,7.2736,29.13761331208871,42.66066961608101,0,587,73,151,60.71591436571425,3125,1.802401655959492,24,0.004153494849878925,0.75,29.21970028124818,604.0,152.6,3662.3999999999996,RT_SQWAVE_4A_variedcutoff
B0027,22,7.249518304431599,28.960079323150616,42.64239690775237,0,584,77,150,60.7449083297731,3114,1.7964331683322998,24,0.005968487627192154,0.7857142857142857,29.259337371677805,597.6,151.8,3643.2000000000003,RT_SQWAVE_4A_variedcutoff
B0027,23,5.159164639091647,28.360563084890003,41.86831727976231,0,828,51,150,52.036235179944136,4932,1.8088036930508289,24,-0.012370524718529063,0.8214285714285714,29.240308718389077,593.0,151.4,3633.6000000000004,RT_SQWAVE_4A_variedcutoff
B0027,24,6.851790450928382,28.46509818653129,41.97207960495628,0,571,54,148,60.37150264874857,3016,1.7915527748749651,24,0.017250918175863772,0.8571428571428571,29.009659792935235,638.8,151.2,3628.7999999999997,RT_SQWAVE_4A_variedcutoff
B0027,25,6.867710763078974,28.45205944911678,41.92250461031742,0,565,51,147,60.57410558166532,3001,1.7853375192239571,24,0.006215255651008,0.8928571428571429,28.831528475583962,633.0,150.2,3604.7999999999997,RT_SQWAVE_4A_variedcutoff
B0027,26,6.719594594594595,28.40666904183561,42.14300769699952,0,559,59,146,60.26839187697317,2960,1.793209210325309,24,-0.007871691101351885,0.9285714285714286,28.67508267115548,627.0,149.2,3580.7999999999997,RT_SQWAVE_4A_variedcutoff
B0027,27,6.609797297297297,28.357774245093697,42.43039551713637,0,555,56,146,60.41442000833577,2960,1.7873097711102113,24,0.005899439215097724,0.9642857142857143,28.52889381710486,621.4,148.2,3556.7999999999997,RT_SQWAVE_4A_variedcutoff
B0027,28,6.861326152810501,28.644799994191864,42.033372446715575,0,548,57,144,61.080462325759136,2971,1.7700926253324452,24,0.01721714577776612,1.0,28.40843280149348,615.6,147.4,3537.6000000000004,RT_SQWAVE_4A_variedcutoff
B0028,3,2.4555243445692883,27.79782289757463,31.694210133469813,0,492,0,3,65.18537416587016,4272,1.797618668222458,24,0.007164653230129936,0.10714285714285714,27.863928500089283,506.5,3.5,84.0,RT_SQWAVE_4A_variedcutoff
B0028,4,1.9163679808841099,28.09425370975121,31.849947051821637,0,482,0,5,65.00869404469411,4185,1.7929913687761174,24,0.004627299446340549,0.14285714285714285,27.841893299251065,501.6666666666667,3.3333333333333335,80.0,RT_SQWAVE_4A_variedcutoff
B0028,5,2.096969696969697,28.126369202555065,31.89197660091397,0,474,0,30,64.96357476054794,4125,1.7919180081592216,24,0.0010733606168957799,0.17857142857142858,27.904983401876102,496.75,3.75,90.0,RT_SQWAVE_4A_variedcutoff
B0028,6,1.9058852743978147,27.85273432050587,31.647839531181656,0,461,0,4,64.92150160222057,4027,1.775026135903797,24,0.016891872255424545,0.21428571428571427,27.949260562011894,492.2,9.0,216.0,RT_SQWAVE_4A_variedcutoff
B0028,7,2.0950704225352115,27.69175430434511,31.66717160096336,0,458,0,4,65.12971420447853,3976,1.7920487852223417,24,-0.01702264931854458,0.25,27.94572274453364,482.4,8.8,211.20000000000002,RT_SQWAVE_4A_variedcutoff
B0028,8,2.0724681625227412,28.042408015870027,31.543075306784417,0,800,0,35,50.212017615594604,6596,1.790475801581265,24,0.0015729836410767195,0.2857142857142857,27.91258688694638,473.4,9.2,220.79999999999998,RT_SQWAVE_4A_variedcutoff
B0028,9,2.0919324577861165,28.09959599660901,31.63889282611546,0,437,0,21,64.50208514230204,3731,1.7868365091987264,24,0.0036392923825385726,0.32142857142857145,27.961503910605455,535.0,15.6,374.4,RT_SQWAVE_4A_variedcutoff
B0028,10,2.265498652291105,28.222248169384834,32.06283964981591,0,431,0,44,64.65491287847361,3710,1.7871529619962183,24,-0.00031645279749192845,0.35714285714285715,27.962572367977014,526.0,18.8,451.20000000000005,RT_SQWAVE_4A_variedcutoff
B0028,11,2.197908064960088,28.19293821952802,31.17821904490572,0,423,0,34,64.48801312980686,3633,1.7816340617009505,24,0.0055189002952678035,0.39285714285714285,27.98174816134297,517.4,21.6,518.4000000000001,RT_SQWAVE_4A_variedcutoff
B0028,12,2.1400939486045867,27.748588536388997,31.830430244172504,0,419,0,28,64.6862351932422,3619,1.7850235136604733,24,-0.0033894519595227823,0.42857142857142855,28.049788941147398,509.8,27.6,662.4000000000001,RT_SQWAVE_4A_variedcutoff
B0028,13,2.0214592274678114,28.515707256263912,32.176676996947776,0,413,0,9,64.18960402719406,3495,1.7803865429693038,24,0.0046369706911695285,0.4642857142857143,28.06115578755618,502.0,32.4,777.5999999999999,RT_SQWAVE_4A_variedcutoff
B0028,14,2.284569138276553,28.54668246807222,32.101579055970326,0,406,0,43,64.41651019223308,3493,1.7789060856417256,24,0.0014804573275781774,0.5,28.15581563563495,424.6,27.2,652.8,RT_SQWAVE_4A_variedcutoff
B0028,15,2.2537269804150832,28.42744039864071,31.92722580084625,0,402,0,36,64.1261399716037,3421,1.7738387518973049,24,0.005067333744420699,0.5357142857142857,28.245232929927596,418.4,31.6,758.4000000000001,RT_SQWAVE_4A_variedcutoff
B0028,16,2.304322429906542,28.380713557651543,32.17577171129977,0,396,0,45,64.31990229500092,3424,1.769682881523146,24,0.0041558703741588765,0.5714285714285714,28.286271375778774,412.6,30.0,720.0,RT_SQWAVE_4A_variedcutoff
B0028,17,2.1980605348222158,28.351568206082657,32.50607956309833,0,390,0,35,64.37201267541417,3403,1.7408787283206992,24,0.02880415320244678,0.6071428571428571,28.323826443403476,407.2,32.2,772.8000000000001,RT_SQWAVE_4A_variedcutoff
B0028,18,2.2057001239157374,28.76059892679951,32.36361154404582,0,386,0,25,63.71412356744154,3228,1.7648189744011906,24,-0.02394024608049139,0.6428571428571429,28.44442237734221,401.4,33.6,806.4000000000001,RT_SQWAVE_4A_variedcutoff
B0028,19,2.196757093857187,28.77040611413859,32.23987480909281,0,383,0,24,63.58998850466715,3207,1.7617857390844025,24,0.0030332353167881188,0.6785714285714286,28.49340071144933,396.0,36.8,883.1999999999999,RT_SQWAVE_4A_variedcutoff
B0028,20,2.2517394054395954,28.643830738247562,32.1209393902127,0,378,0,29,63.45606235447839,3162,1.75770610357021,24,0.004079635514192548,0.7142857142857143,28.5381454406626,391.4,33.0,792.0,RT_SQWAVE_4A_variedcutoff
B0028,21,2.096,28.534659724047465,31.876773372691297,0,374,0,12,63.357251588738336,3125,1.7519375960601256,24,0.0057685075100843974,0.75,28.58142350858397,386.6,31.6,758.4000000000001,RT_SQWAVE_4A_variedcutoff
B0028,22,2.233461785484907,28.342003873753708,32.13891568195097,0,371,0,27,63.325417850309385,3114,1.7521244035832175,24,-0.00018680752309196968,0.7857142857142857,28.612212741863157,382.2,25.0,600.0,RT_SQWAVE_4A_variedcutoff
B0028,23,3.2045823195458234,27.73804791727855,31.30995086456362,0,923,0,46,47.734234052185094,4932,1.759771413398964,24,-0.007647009815746397,0.8214285714285714,28.610299875397367,378.4,23.4,561.5999999999999,RT_SQWAVE_4A_variedcutoff
B0028,24,2.4834217506631298,27.847521635993296,31.44390039724308,0,360,0,51,63.29778546842106,3016,1.7483011320324189,24,0.011470281366545043,0.8571428571428571,28.405789673493178,485.8,27.6,662.4000000000001,RT_SQWAVE_4A_variedcutoff
B0028,25,2.3658780406531155,27.834854148555834,31.383820135357173,0,356,0,40,63.31177054018332,3001,1.7411482627836237,24,0.007152869248795213,0.8928571428571429,28.221212777864118,481.2,33.0,792.0,RT_SQWAVE_4A_variedcutoff
B0028,26,2.4087837837837838,27.780702144183355,31.360116664622662,0,352,0,43,62.95706250695307,2960,1.7363833316311177,24,0.00476493115250598,0.9285714285714286,28.059417459925772,476.8,35.2,844.8000000000001,RT_SQWAVE_4A_variedcutoff
B0028,27,2.545608108108108,27.735861912398867,31.44534438395542,0,349,0,58,63.06902707247325,2960,1.736559066269527,24,-0.00017573463840925285,0.9642857142857143,27.90862594395295,472.4,41.4,993.5999999999999,RT_SQWAVE_4A_variedcutoff
B0028,28,2.2871087176035005,27.87494694730297,31.550251048213177,0,345,0,36,63.33964604652182,2971,1.7172335652295243,24,0.019325501040002635,1.0,27.787397551681984,468.0,47.6,1142.4,RT_SQWAVE_4A_variedcutoff
B0029,3,32.56955810147299,45.90291421732854,59.844347317645614,0,418,3666,178,68.78068690266025,3666,1.8254376674722927,43,0.019263539488881154,0.075,48.679053863941064,229.5,174.0,7482.0,ELEV43C_4A_CC_variedcutoff
B0029,4,32.43016759776536,45.92512506319795,59.9199472840752,0,408,3580,176,68.3614537723932,3580,1.815750429913437,43,0.0096872375588557,0.1,47.75367398173689,292.3333333333333,175.33333333333334,7539.333333333334,ELEV43C_4A_CC_variedcutoff
B0029,5,32.32691755242746,45.94911855309113,59.89475354681757,0,399,3481,174,67.97862416455743,3481,1.8132993337127028,43,0.0024510962007342485,0.125,47.296536752102156,321.25,175.5,7546.5,ELEV43C_4A_CC_variedcutoff
B0029,6,32.20970537261699,45.312895408761364,59.58813236464061,0,392,3462,174,67.95246350794338,3462,1.8151647619660576,43,-0.001865428253354784,0.15,47.02705311229995,336.8,175.2,7533.599999999999,ELEV43C_4A_CC_variedcutoff
B0029,7,32.46843054720385,45.9550505129705,59.81336613073259,0,384,3326,172,68.07062629579119,3326,1.8143317955190057,43,0.000832966447051886,0.175,45.763323075719214,407.6,176.6,7593.8,ELEV43C_4A_CC_variedcutoff
B0029,8,32.17712177121771,45.94953005318654,59.75433532594285,0,374,3252,170,67.47843280145895,3252,1.801343601809866,43,0.012988193709139617,0.2,45.809020751069895,400.2,174.8,7516.400000000001,ELEV43C_4A_CC_variedcutoff
B0029,9,31.97906904092471,45.95970057132905,59.7737242563152,0,372,3201,168,67.01654154316833,3201,1.7881558802945825,43,0.01318772151528358,0.225,45.818343918241496,391.4,173.2,7447.599999999999,ELEV43C_4A_CC_variedcutoff
B0029,10,31.68204964990452,45.95406525387385,59.80010734859943,0,365,3142,166,66.70918455440342,3142,1.7760714604539518,43,0.012084419840630689,0.25,45.825259019867715,384.2,171.6,7378.8,ELEV43C_4A_CC_variedcutoff
B0029,11,31.42993024730501,45.35663412413084,59.92418745751934,0,358,3154,167,66.9251026852078,3154,1.7852807447597443,43,-0.009209284305792487,0.275,45.82624836002426,377.4,170.0,7310.0,ELEV43C_4A_CC_variedcutoff
B0029,12,32.03722166832835,46.035196265273534,60.120904895462246,0,355,3009,165,66.68812136164463,3009,1.7698116401111978,43,0.01546910464854645,0.3,45.83499610309816,370.6,168.6,7249.8,ELEV43C_4A_CC_variedcutoff
B0029,13,31.548463356973997,46.01732557613246,60.15908336784943,0,350,2961,163,66.21174602542784,2961,1.7565231680521758,43,0.01328847205902206,0.325,45.85102525355877,364.8,167.2,7189.599999999999,ELEV43C_4A_CC_variedcutoff
B0029,14,31.031582560933746,46.017682853356575,60.0330623550184,0,340,2913,161,66.06587354482276,2913,1.7543413277348154,43,0.0021818403173603507,0.35,45.86458435814795,360.0,165.8,7129.400000000001,ELEV43C_4A_CC_variedcutoff
B0029,15,30.269709543568464,46.0252021148497,60.155675284547456,0,340,2892,160,65.72673913350278,2892,1.7392875506998715,43,0.015053777034943927,0.375,45.87618081455345,353.6,164.4,7069.2,ELEV43C_4A_CC_variedcutoff
B0029,16,29.1968286797656,45.41226126544198,59.70826330240836,0,335,2901,162,65.98117869303073,2901,1.7797845109331345,43,-0.04049696023326299,0.4,45.89040818674862,348.6,163.2,7017.599999999999,ELEV43C_4A_CC_variedcutoff
B0029,17,32.044642857142854,46.00137733025289,59.826072535975634,0,331,2800,160,66.61870351055492,2800,1.7657088508465202,43,0.014075660086614317,0.425,45.90153361501085,344.0,162.2,6974.599999999999,ELEV43C_4A_CC_variedcutoff
B0029,18,30.98162824207493,45.975138077599894,59.97193555147316,0,327,2776,158,65.92428203434764,2776,1.7523941408724169,43,0.013314709974103334,0.45,45.894769828006716,339.2,161.2,6931.599999999999,ELEV43C_4A_CC_variedcutoff
B0029,19,29.927299163940386,46.00117057713387,59.90509096707212,0,323,2751,156,65.62787383488622,2751,1.7380191225603103,43,0.014375018312106524,0.475,45.886332328300206,334.6,160.2,6888.599999999999,ELEV43C_4A_CC_variedcutoff
B0029,20,28.513365067740754,45.987314121463996,60.003884509148,0,319,2731,155,65.45311426678867,2731,1.7312214443143976,43,0.006797678245912708,0.5,45.88302987305566,331.2,159.2,6845.599999999999,ELEV43C_4A_CC_variedcutoff
B0029,21,28.523651145602365,45.418808480447794,60.25771781052726,0,313,2706,156,65.50035377233922,2706,1.7379128985265808,43,-0.006691454212183201,0.525,45.87545227437853,327.0,158.2,6802.599999999999,ELEV43C_4A_CC_variedcutoff
B0029,22,30.015191796429928,46.061354651031536,59.90492726798961,0,313,2633,153,65.46621306614723,2633,1.7224270683625882,43,0.015485830163992631,0.55,45.87676171737969,322.6,157.0,6751.0,ELEV43C_4A_CC_variedcutoff
B0029,23,28.58566500574933,46.03652599485197,60.33243416075105,0,309,2609,152,64.75993928568374,2609,1.7184213765608034,43,0.004005691801784783,0.575,45.88875718153542,319.0,155.6,6690.8,ELEV43C_4A_CC_variedcutoff
B0029,24,28.57391640866873,46.08571437331005,59.98669670538192,0,305,2584,150,64.7312916239193,2584,1.7010220930648232,43,0.01739928349598019,0.6,45.90103476498583,315.4,154.4,6639.2,ELEV43C_4A_CC_variedcutoff
B0029,25,28.593811202506856,46.04192602610631,59.99528714045464,0,303,2553,149,64.31582495091227,2553,1.693698739563104,43,0.007323353501719199,0.625,45.917943524221066,311.8,153.2,6587.599999999999,ELEV43C_4A_CC_variedcutoff
B0029,26,28.593320235756384,45.472926097112406,59.98821696841703,0,299,2545,150,64.30539474182561,2545,1.713072721286705,43,-0.01937398172360094,0.65,45.928865905149536,308.6,152.0,6536.0,ELEV43C_4A_CC_variedcutoff
B0029,27,28.620344413295957,46.02116472024497,60.01985635641876,0,296,2497,148,64.75159617994024,2497,1.6976972688567131,43,0.015375452429991832,0.675,45.93968942848245,305.8,150.8,6484.400000000001,ELEV43C_4A_CC_variedcutoff
B0029,28,28.660823481451285,46.03234878431409,60.26410091872941,0,294,2453,147,63.98607702724211,2453,1.6899314034061208,43,0.007765865450592324,0.7,45.93165144232514,302.4,149.8,6441.400000000001,ELEV43C_4A_CC_variedcutoff
B0029,29,28.612929623567922,46.02216330763005,59.92046248220958,0,288,2444,145,64.06572197569373,2444,1.685023551367069,43,0.004907852039051752,0.725,45.93081600021757,299.4,148.8,6398.400000000001,ELEV43C_4A_CC_variedcutoff
B0029,30,28.627532038032246,46.00757421996893,59.887692512983016,0,287,2419,144,63.57733106820879,2419,1.678389965463405,43,0.006633585903664141,0.75,45.918105787081565,296.0,147.8,6355.400000000001,ELEV43C_4A_CC_variedcutoff
B0029,31,28.59901396877568,45.42920721274821,60.158935395611046,0,286,2434,144,63.702371409060945,2434,1.6737947494868326,43,0.004595215976572309,0.775,45.91123542585409,292.8,146.8,6312.400000000001,ELEV43C_4A_CC_variedcutoff
B0029,32,28.657917019475022,46.02682821987863,60.04748235788095,0,282,2362,142,63.559886103510486,2362,1.6687898927884717,43,0.005004856698360927,0.8,45.90249164898125,290.2,145.6,6260.8,ELEV43C_4A_CC_variedcutoff
B0029,33,28.65573072006817,46.006837477812354,60.167863371476415,0,280,2347,141,63.12009220684182,2347,1.6492566306631429,43,0.0195332621253288,0.825,45.90362434890798,287.4,144.4,6209.2,ELEV43C_4A_CC_variedcutoff
B0029,34,28.65979381443299,46.01195851031357,60.09738415148209,0,278,2328,140,62.93576607191018,2328,1.6409676757039668,43,0.008288954959176031,0.85,45.89852208760764,284.6,143.2,6157.599999999999,ELEV43C_4A_CC_variedcutoff
B0029,35,28.69261040664626,46.03137511084323,60.02940147619038,0,275,2287,139,62.554955432888,2287,1.6456360229757092,43,-0.004668347271742368,0.875,45.896481128144345,282.6,142.2,6114.599999999999,ELEV43C_4A_CC_variedcutoff
B0029,36,28.609215017064848,45.442197839261546,60.33090148423857,0,274,2344,140,62.9492520085915,2344,1.654547743574037,43,-0.008911720598327788,0.9,45.90124130631919,280.2,141.2,6071.599999999999,ELEV43C_4A_CC_variedcutoff
B0029,37,28.688741721854306,46.03392467497561,59.88870262903497,0,271,2265,138,63.16748251605703,2265,1.6461201520877546,43,0.00842759148628236,0.925,45.90383943162187,277.8,140.4,6037.2,ELEV43C_4A_CC_variedcutoff
B0029,38,28.699821587867977,45.98416662376419,60.13011665786984,0,269,2242,137,62.49690895823423,2242,1.6275119188151763,43,0.018608233272578323,0.95,45.90525872264126,275.6,139.6,6002.8,ELEV43C_4A_CC_variedcutoff
B0029,39,28.697799730579256,46.042022904521524,60.20528139553767,0,267,2227,136,62.335077368701995,2227,1.6200530533464497,43,0.00745886546872665,0.975,45.90072455183163,273.4,138.8,5968.400000000001,ELEV43C_4A_CC_variedcutoff
B0029,40,28.731718464351005,46.063564003771205,60.24494659507955,0,265,2188,135,61.88197852099936,2188,1.612079811711934,43,0.007973241634515738,1.0,45.906737430673225,271.2,138.0,5934.0,ELEV43C_4A_CC_variedcutoff
B0030,3,31.68439716312057,45.99947571942229,61.89071493502735,0,421,3666,171,67.09306681009431,3666,1.761969227822918,43,0.0195856471279936,0.075,49.14932860431305,233.0,168.5,7245.5,ELEV43C_4A_CC_variedcutoff
B0030,4,31.08100558659218,46.06176960866665,62.214205409958005,0,412,3580,169,66.6667812380915,3580,1.751755031874225,43,0.010214195948692995,0.1,48.0993776426828,295.6666666666667,169.33333333333334,7281.333333333334,ELEV43C_4A_CC_variedcutoff
B0030,5,30.084745762711865,46.09243835390909,62.31179793095802,0,404,3481,167,66.22764873922797,3481,1.7381688070362076,43,0.013586224838017413,0.125,47.58997563417876,324.75,169.25,7277.75,ELEV43C_4A_CC_variedcutoff
B0030,6,28.223570190641247,45.401962281339024,62.29994268441351,0,396,3462,168,66.23441984642004,3462,1.750674529346134,43,-0.012505722309926526,0.15,47.290468178124826,340.6,168.8,7258.400000000001,ELEV43C_4A_CC_variedcutoff
B0030,7,31.40859891761876,46.08628954353957,62.48134926186261,0,387,3326,166,66.50786308759717,3326,1.7491047649061158,43,0.0015697644400183286,0.175,45.88073835867009,411.6,169.8,7301.400000000001,ELEV43C_4A_CC_variedcutoff
B0030,8,28.30412054120541,46.099512942639265,62.158212651524295,0,379,3252,163,65.90135959855019,3252,1.7252544028765475,43,0.02385036202956825,0.2,45.92838710137532,404.0,168.2,7232.599999999999,ELEV43C_4A_CC_variedcutoff
B0030,9,28.32396126210559,46.17134165713264,62.11029841216025,0,376,3201,161,65.38163814423537,3201,1.7112621367644252,43,0.013992266112122342,0.225,45.94839454601872,395.6,166.6,7163.8,ELEV43C_4A_CC_variedcutoff
B0030,10,28.338637810311905,46.182193327467786,62.21537292970592,0,370,3142,159,65.03582931878475,3142,1.6990418392711273,43,0.012220297493297894,0.25,45.970308955711914,388.4,165.0,7095.0,ELEV43C_4A_CC_variedcutoff
B0030,11,28.29740012682308,45.519755228005366,62.42078136779365,0,362,3154,160,65.37728857071222,3154,1.7185770039532977,43,-0.019535164682170425,0.275,45.988259950423654,381.6,163.4,7026.2,ELEV43C_4A_CC_variedcutoff
B0030,12,28.4214024592888,46.1523731607852,62.42541404009337,0,359,3009,158,64.88230640568489,3009,1.70324722921867,43,0.01532977473462771,0.3,46.01181853975693,374.8,161.8,6957.400000000001,ELEV43C_4A_CC_variedcutoff
B0030,13,28.426207362377575,46.16398358844389,62.43136471336018,0,353,2961,156,64.45448723509699,2961,1.689458044662304,43,0.013789184556366019,0.325,46.02503526320605,369.2,160.2,6888.599999999999,ELEV43C_4A_CC_variedcutoff
B0030,14,28.41743906625472,46.14311947299964,62.27459158639179,0,345,2913,154,64.21344812130722,2913,1.6756136292719177,43,0.013844415390386278,0.35,46.03792939236698,364.0,158.8,6828.400000000001,ELEV43C_4A_CC_variedcutoff
B0030,15,28.421507607192254,46.16045040006601,62.57843700986901,0,343,2892,153,63.8873800262195,2892,1.6718407140871654,43,0.0037729151847523124,0.375,46.032284955540376,357.8,157.4,6768.2,ELEV43C_4A_CC_variedcutoff
B0030,16,28.429851775249915,45.50514698146607,62.47198799326229,0,338,2901,157,64.20575654843708,2901,1.7233056681204446,43,-0.05146495403327922,0.4,46.027936370060026,352.4,156.2,6716.599999999999,ELEV43C_4A_CC_variedcutoff
B0030,17,28.507142857142856,46.162334027990106,62.67828739920007,0,334,2800,155,65.2093433995943,2800,1.709207290507283,43,0.014098377613161572,0.425,46.02501472075217,347.6,155.6,6690.8,ELEV43C_4A_CC_variedcutoff
B0030,18,28.488832853025936,46.16426700266364,62.48426799373123,0,331,2776,152,64.54483339809552,2776,1.684001734344571,43,0.02520555616271203,0.45,46.02700689419314,342.6,155.0,6665.0,ELEV43C_4A_CC_variedcutoff
B0030,19,28.482370047255543,46.134582964273875,62.520660259063135,0,328,2751,150,63.96098073420738,2751,1.66898698813004,43,0.015014746214530916,0.475,46.02706357703709,338.2,154.2,6630.599999999999,ELEV43C_4A_CC_variedcutoff
B0030,20,28.47491761259612,46.184838215669636,62.83792318174592,0,324,2731,149,63.833497052663134,2731,1.6620689362837142,43,0.006918051846325879,0.5,46.02535627529194,334.8,153.4,6596.2,ELEV43C_4A_CC_variedcutoff
B0030,21,28.473762010347375,45.51995875643619,62.47596510401283,0,318,2706,149,63.919241915069286,2706,1.6687049625248174,43,-0.0066360262411031545,0.525,46.03023383841266,331.0,152.6,6561.8,ELEV43C_4A_CC_variedcutoff
B0030,22,28.541587542726926,46.168095924096214,62.54340291733675,0,317,2633,147,63.55839212320069,2633,1.652762183550463,43,0.015942778974354477,0.55,46.033196193406695,327.0,151.0,6493.0,ELEV43C_4A_CC_variedcutoff
B0030,23,28.528171713300114,46.22995102723204,62.54253781933885,0,313,2609,145,63.12668175183832,2609,1.648481366235244,43,0.004280817315218899,0.575,46.03434857262791,323.6,149.4,6424.2,ELEV43C_4A_CC_variedcutoff
B0030,24,28.529411764705884,46.20899083035929,62.63316972633199,0,310,2584,144,62.824012223182926,2584,1.6307406443132095,43,0.017740721922034464,0.6,46.04748537754159,320.0,148.0,6364.0,ELEV43C_4A_CC_variedcutoff
B0030,25,28.54289071680376,46.22863171331866,62.63885708285674,0,307,2553,143,62.68426665112238,2553,1.62323023017929,43,0.007510414133919507,0.625,46.06236695075867,316.4,146.8,6312.400000000001,ELEV43C_4A_CC_variedcutoff
B0030,26,28.542239685658153,45.61997678915231,62.50972828784737,0,303,2545,144,62.687262663745834,2545,1.654190654039439,43,-0.030960423860149078,0.65,46.07112565028848,313.0,145.6,6260.8,ELEV43C_4A_CC_variedcutoff
B0030,27,28.568281938325992,46.224487526342486,62.41430430344205,0,300,2497,142,63.190320355257754,2497,1.638514396616985,43,0.015676257422454043,0.675,46.0911292568317,310.0,144.6,6217.8,ELEV43C_4A_CC_variedcutoff
B0030,28,28.601712189156135,46.21701711690063,62.71706660837061,0,297,2453,141,62.3198002151563,2453,1.618847673357618,43,0.019666723259367025,0.7,46.10240757728096,306.6,143.6,6174.8,ELEV43C_4A_CC_variedcutoff
B0030,29,28.565875613747956,46.15441330718219,62.554566036297686,0,293,2444,139,62.27827564950163,2444,1.6134212267751404,43,0.005426446582477595,0.725,46.099820795214676,303.4,142.8,6140.400000000001,ELEV43C_4A_CC_variedcutoff
B0030,30,28.57792476229847,46.21936293266872,62.48691429447336,0,291,2419,138,61.99098896270612,2419,1.6066443601761986,43,0.006776866598941833,0.75,46.08890529057926,300.0,141.8,6097.400000000001,ELEV43C_4A_CC_variedcutoff
B0030,31,28.54971240755957,45.51078430664511,62.59235284434121,0,290,2434,138,61.964126279787465,2434,1.6138387876938998,43,-0.007194427517701163,0.775,46.087051534449266,296.8,140.8,6054.400000000001,ELEV43C_4A_CC_variedcutoff
B0030,32,28.626164267569855,46.19851864024827,62.84622214879507,0,287,2362,137,61.86561156132144,2362,1.596329501327274,43,0.017509286366625743,0.8,46.06521303794783,294.2,139.6,6002.8,ELEV43C_4A_CC_variedcutoff
B0030,33,28.61738389433319,46.22524996110148,63.0242156686281,0,284,2347,136,61.69176230814985,2347,1.589078586740699,43,0.007250914586575119,0.825,46.060019260728986,291.6,138.6,5959.8,ELEV43C_4A_CC_variedcutoff
B0030,34,28.610395189003437,46.24011977120061,63.00027240816272,0,281,2328,135,61.50011147669422,2328,1.5805481432309574,43,0.008530443509741525,0.85,46.06166582956915,289.0,137.6,5916.8,ELEV43C_4A_CC_variedcutoff
B0030,35,28.64888500218627,46.339631757501046,62.80130766887856,0,279,2287,134,61.345375532838474,2287,1.584613105427081,43,-0.004064962196123512,0.875,46.07880712237284,286.6,136.8,5882.400000000001,ELEV43C_4A_CC_variedcutoff
B0030,36,28.56655290102389,45.54151684503426,62.737405296482684,0,278,2344,135,61.45567167791135,2344,1.5936651221220737,43,-0.009052016694992782,0.9,46.102860887339304,284.2,136.0,5848.0,ELEV43C_4A_CC_variedcutoff
B0030,37,28.637969094922738,46.18842212584952,62.57852749153667,0,274,2265,133,61.65035635034684,2265,1.5849874126960888,43,0.008677709425984892,0.925,46.10900739501713,281.8,135.4,5822.2,ELEV43C_4A_CC_variedcutoff
B0030,38,28.641837644959857,46.18040323579704,62.84908045214772,0,271,2242,132,61.117109089161225,2242,1.5787064969416462,43,0.006280915754442562,0.95,46.106988092137385,279.2,134.6,5787.8,ELEV43C_4A_CC_variedcutoff
B0030,39,28.646160754378087,46.24538206561189,62.7284644620379,0,270,2227,131,60.896441257446895,2227,1.570705516096967,43,0.008000980844679262,0.975,46.098018747076495,276.6,133.8,5753.400000000001,ELEV43C_4A_CC_variedcutoff
B0030,40,28.683729433272394,46.22803003517671,62.69299470731855,0,268,2188,130,60.409922795587846,2188,1.562780404428482,43,0.007925111668484863,1.0,46.09907120595875,274.4,133.0,5719.0,ELEV43C_4A_CC_variedcutoff
B0031,3,32.08674304418985,45.76771883191228,61.82805706187581,0,422,3666,177,67.46764680806895,3666,1.8139835002945135,43,0.01887486265980365,0.075,49.11286099711359,232.0,171.0,7353.0,ELEV43C_4A_CC_variedcutoff
B0031,4,31.98463687150838,45.83000039884875,61.95644236061217,0,413,3580,175,67.29324217772586,3580,1.8044387333514835,43,0.00954476694302997,0.1,47.99781360871316,295.3333333333333,173.0,7439.0,ELEV43C_4A_CC_variedcutoff
B0031,5,31.789715598965813,45.84743975245495,62.099570509363424,0,403,3481,174,66.90617487863594,3481,1.802147684291295,43,0.0022910490601886213,0.125,47.455860306247054,324.75,173.5,7460.5,ELEV43C_4A_CC_variedcutoff
B0031,6,31.75476603119584,45.06524292194812,62.03750729435005,0,399,3462,170,67.06497624351431,3462,1.7715647509798835,43,0.030582933311411375,0.15,47.134176195488635,340.4,173.6,7464.8,ELEV43C_4A_CC_variedcutoff
B0031,7,32.247444377630785,45.83465265398372,61.84294867967338,0,387,3326,172,67.37118792248961,3326,1.8139928165779544,43,-0.042428065598070885,0.175,45.61622250927338,412.6,175.0,7525.0,ELEV43C_4A_CC_variedcutoff
B0031,8,31.77429274292743,45.878724703718355,61.8379476525885,0,378,3252,170,66.70466542899895,3252,1.8013261041198854,43,0.012666712458069052,0.2,45.66901091182956,404.8,173.6,7464.8,ELEV43C_4A_CC_variedcutoff
B0031,9,31.430802874101843,45.889357830916104,61.84646585876763,0,375,3201,169,66.24252234670803,3201,1.7883722583933568,43,0.012953845726528579,0.225,45.69121208619078,396.0,172.2,7404.599999999999,ELEV43C_4A_CC_variedcutoff
B0031,10,31.33831954169319,45.91820700243442,61.76013798618494,0,369,3142,167,66.19254371490653,3142,1.776540165737316,43,0.011832092656040682,0.25,45.70308357260425,388.4,171.0,7353.0,ELEV43C_4A_CC_variedcutoff
B0031,11,31.043119847812303,45.09734441699581,61.91960614794014,0,362,3154,167,66.4833178540874,3154,1.7856209131823229,43,-0.009080747445006754,0.275,45.717237022600145,381.6,169.6,7292.8,ELEV43C_4A_CC_variedcutoff
B0031,12,31.899302093718845,45.95443390949899,61.86471031425517,0,358,3009,166,66.30355206501373,3009,1.781363403668594,43,0.004257509513728941,0.3,45.72365732160968,374.2,169.0,7267.0,ELEV43C_4A_CC_variedcutoff
B0031,13,31.21918270854441,45.94513934727989,61.77393480386064,0,351,2961,164,65.79872485786497,2961,1.768489838397124,43,0.012873565271469989,0.325,45.74761357271273,368.4,167.8,7215.400000000001,ELEV43C_4A_CC_variedcutoff
B0031,14,30.470305526948163,45.941942864774674,61.64539051089847,0,343,2913,162,65.64618994247098,2913,1.766505238291406,43,0.001984600105717993,0.35,45.760896501425044,363.0,166.6,7163.8,ELEV43C_4A_CC_variedcutoff
B0031,15,28.502766251728907,45.946234551781025,61.88870329111738,0,342,2892,161,65.29587181383197,2892,1.751740527921767,43,0.01476471036963889,0.375,45.77141350819676,356.6,165.2,7103.599999999999,ELEV43C_4A_CC_variedcutoff
B0031,16,28.46604619096863,45.131952578335934,61.98674236534618,0,341,2901,159,65.45484500030683,2901,1.7352349314055016,43,0.016505596516265486,0.4,45.77701901806608,351.2,164.0,7052.0,ELEV43C_4A_CC_variedcutoff
B0031,17,31.916071428571428,45.8862924590073,61.73655452780071,0,333,2800,162,66.25590209214276,2800,1.7782778274549178,43,-0.043042896049416246,0.425,45.7839406503341,347.0,162.4,6983.2,ELEV43C_4A_CC_variedcutoff
B0031,18,31.21397694524496,45.94211338391613,61.82230520583519,0,328,2776,160,65.83016418340632,2776,1.7649894859707391,43,0.013288341484178678,0.45,45.77031236023576,342.0,161.6,6948.8,ELEV43C_4A_CC_variedcutoff
B0031,19,30.38349691021447,45.95873811202574,61.70265737807168,0,324,2751,158,65.56038972187623,2751,1.762591283533551,43,0.002398202437188024,0.475,45.76970716756301,337.4,160.8,6914.400000000001,ELEV43C_4A_CC_variedcutoff
B0031,20,28.549981691688025,45.94447053079178,61.83339482415222,0,321,2731,157,65.33671556453814,2731,1.744314576121582,43,0.018276707411969184,0.5,45.77306621701323,333.6,160.0,6880.0,ELEV43C_4A_CC_variedcutoff
B0031,21,28.543976348854397,45.13641443632415,61.71886225058171,0,314,2706,157,65.42333675514627,2706,1.7628373753518478,43,-0.018522799230265896,0.525,45.77271341281538,329.4,159.2,6845.599999999999,ELEV43C_4A_CC_variedcutoff
B0031,22,28.824534751234335,45.968575906854994,61.9456150656118,0,312,2633,156,65.281560313798,2633,1.747857930947971,43,0.014979444403876885,0.55,45.77360578441302,324.0,158.8,6828.400000000001,ELEV43C_4A_CC_variedcutoff
B0031,23,28.612495208892295,46.00897601771724,61.68681561807962,0,309,2609,154,64.98421509603985,2609,1.7441167338864991,43,0.0037411970614718015,0.575,45.79006247398256,319.8,157.6,6776.8,ELEV43C_4A_CC_variedcutoff
B0031,24,28.61455108359133,45.998631352199936,61.72142337926525,0,306,2584,153,64.71800549069349,2584,1.7268422932817389,43,0.017274440604760244,0.6,45.80343500074278,316.0,156.4,6725.2,ELEV43C_4A_CC_variedcutoff
B0031,25,28.62906384645515,45.99907792692831,61.922368397426354,0,303,2553,152,64.56376022246495,2553,1.7203093493042263,43,0.006532943977512584,0.625,45.81141364877762,312.4,155.4,6682.2,ELEV43C_4A_CC_variedcutoff
B0031,26,28.63457760314342,45.17195885310911,61.87504931919781,0,300,2545,153,64.53628423284668,2545,1.7394245516699778,43,-0.019115202365751482,0.65,45.82233512800492,308.8,154.4,6639.2,ELEV43C_4A_CC_variedcutoff
B0031,27,28.65638766519824,45.994791468010575,61.49120341342234,0,296,2497,151,65.21706270371338,2497,1.7367384416372014,43,0.002686110032776412,0.675,45.829444011361915,306.0,153.6,6604.8,ELEV43C_4A_CC_variedcutoff
B0031,28,28.697513249082757,45.9848439499227,61.70751319442212,0,294,2453,150,64.28209970965534,2453,1.716963468448543,43,0.019774973188658285,0.7,45.834687123593035,302.8,152.6,6561.8,ELEV43C_4A_CC_variedcutoff
B0031,29,28.655891980360064,45.95489202234006,61.49432037699378,0,289,2444,148,64.36398479656567,2444,1.7127773558366357,43,0.004186112611907378,0.725,45.829860710034126,299.8,151.8,6527.400000000001,ELEV43C_4A_CC_variedcutoff
B0031,30,28.668871434477058,45.948334246482275,61.505904797603456,0,287,2419,147,63.878743617509144,2419,1.7061083466554066,43,0.006669009181229146,0.75,45.82111284406215,296.4,150.8,6484.400000000001,ELEV43C_4A_CC_variedcutoff
B0031,31,28.640098603122432,45.124595786306784,61.58650298757853,0,286,2434,147,63.97265843935338,2434,1.713732696207521,43,-0.00762434955211444,0.775,45.810964107972936,293.2,149.8,6441.400000000001,ELEV43C_4A_CC_variedcutoff
B0031,32,28.712955122777306,45.968627447007606,61.66803036509911,0,282,2362,146,63.94354371182742,2362,1.7093475797926974,43,0.004385116414823642,0.8,45.80149149461248,290.4,148.6,6389.8,ELEV43C_4A_CC_variedcutoff
B0031,33,28.704729441840648,45.97487875700099,61.83745125268187,0,279,2347,145,63.75701750054728,2347,1.690100045411559,43,0.019247534381138465,0.825,45.79625869041188,287.6,147.6,6346.8,ELEV43C_4A_CC_variedcutoff
B0031,34,28.70274914089347,45.98575616631166,61.7791359328034,0,276,2328,144,63.61381283081557,2328,1.6946883343387664,43,-0.004588288927207529,0.85,45.794265651827544,284.6,146.6,6303.8,ELEV43C_4A_CC_variedcutoff
B0031,35,28.74289462177525,46.007324873598385,61.63755727730526,0,274,2287,143,63.20825291352659,2287,1.687010991299212,43,0.007677343039554474,0.875,45.800438480621864,282.0,145.8,6269.400000000001,ELEV43C_4A_CC_variedcutoff
B0031,36,28.65401023890785,45.162939671199986,61.76541153453152,0,273,2344,144,63.68115703180298,2344,1.6957069027070075,43,-0.008695911407795576,0.9,45.81223660604508,279.4,145.0,6235.0,ELEV43C_4A_CC_variedcutoff
B0031,37,28.748344370860927,45.988184009865286,61.71412204720752,0,270,2265,143,63.99408817390904,2265,1.687696889615565,43,0.008010013091442447,0.925,45.81990538302372,276.8,144.4,6209.2,ELEV43C_4A_CC_variedcutoff
B0031,38,28.739964317573595,45.976931088914164,61.46370523914892,0,267,2242,141,63.52037942740406,2242,1.6819617127259294,43,0.005735176889635651,0.95,45.823816695595255,274.4,143.8,6183.400000000001,ELEV43C_4A_CC_variedcutoff
B0031,39,28.738212842388865,45.984048816859044,61.45868723262231,0,265,2227,140,63.048652171347015,2227,1.6750033888978846,43,0.006958323828044843,0.975,45.824227161977895,272.0,143.0,6149.0,ELEV43C_4A_CC_variedcutoff
B0031,40,28.777422303473493,46.00986102771657,61.44540062417477,0,263,2188,139,62.65401040027843,2188,1.6672987794846676,43,0.007704609413216934,1.0,45.82388569208737,269.8,142.2,6114.599999999999,ELEV43C_4A_CC_variedcutoff
B0032,3,32.10447354064375,45.71336827279741,60.28987126771494,0,417,3666,180,68.05509448473124,3666,1.8747686491853093,43,0.019263303509547525,0.075,48.82594779253908,228.0,174.0,7482.0,ELEV43C_4A_CC_variedcutoff
B0032,4,31.87849162011173,45.740598765190974,60.57061862772471,0,407,3580,178,67.58757245693653,3580,1.8654947184112376,43,0.009273930774071681,0.1,47.78842128595852,291.0,176.0,7568.0,ELEV43C_4A_CC_variedcutoff
B0032,5,31.74662453318012,45.767681594372156,60.44487262242978,0,399,3481,176,67.19093248411481,3481,1.8527398169018068,43,0.012754901509430816,0.125,47.276465655766636,320.0,176.5,7589.5,ELEV43C_4A_CC_variedcutoff
B0032,6,31.51357596764876,45.17933905681976,60.80514996345169,0,392,3462,174,67.12904994367777,3462,1.844174397003866,43,0.008565419897940796,0.15,46.97470884348774,335.8,176.4,7585.2,ELEV43C_4A_CC_variedcutoff
B0032,7,31.567949488875527,45.80799751277131,60.79131486140098,0,383,3326,173,66.73359371320448,3326,1.8430238477512757,43,0.0011505492525902827,0.175,45.580952150997916,407.0,178.2,7662.599999999999,ELEV43C_4A_CC_variedcutoff
B0032,8,31.302275522755227,45.82587085740581,60.82453443905106,0,375,3252,171,66.4375105633389,3252,1.8302818174911863,43,0.012742030260089354,0.2,45.64179704039032,399.6,176.2,7576.599999999999,ELEV43C_4A_CC_variedcutoff
B0032,9,30.993439550140582,45.82986258129177,60.93844327722512,0,371,3201,169,65.98582459044088,3201,1.8173838456081812,43,0.012897971883005122,0.225,45.664297557312004,391.2,174.4,7499.2,ELEV43C_4A_CC_variedcutoff
B0032,10,30.52355187778485,45.838158403244734,61.056928797496845,0,365,3142,167,65.67347342540933,3142,1.805799298110468,43,0.011584547497713205,0.25,45.68215032053216,384.0,172.6,7421.8,ELEV43C_4A_CC_variedcutoff
B0032,11,28.941027266962585,45.23762233967485,61.26264235870029,0,360,3154,167,65.61067379110936,3154,1.8149829605049184,43,-0.009183662394450343,0.275,45.696245682306674,377.2,170.8,7344.400000000001,ELEV43C_4A_CC_variedcutoff
B0032,12,30.232635427052177,45.87873173680088,61.30909593373104,0,357,3009,165,65.10512774461726,3009,1.7995150369321795,43,0.015467923572738851,0.3,45.7079023388777,370.8,169.4,7284.2,ELEV43C_4A_CC_variedcutoff
B0032,13,28.485309017223912,45.87287774901939,61.35860964032413,0,350,2961,163,64.64954587794388,2961,1.7866516942518147,43,0.01286334268036482,0.325,45.72204918368361,365.6,167.8,7215.400000000001,ELEV43C_4A_CC_variedcutoff
B0032,14,28.477514589769996,45.87599846058302,61.48218876912336,0,342,2913,161,64.48123143435144,2913,1.7735550719416031,43,0.01309662231021158,0.35,45.73145056200632,360.6,166.2,7146.599999999999,ELEV43C_4A_CC_variedcutoff
B0032,15,28.487206085753805,45.898673011555296,61.55806089309812,0,341,2892,160,64.15923232505176,2892,1.769995333364443,43,0.0035597385771601875,0.375,45.74067773786457,354.8,164.6,7077.8,ELEV43C_4A_CC_variedcutoff
B0032,16,28.47638745260255,45.30631882032707,61.75555924618304,0,337,2901,162,64.34911278656764,2901,1.799526080374287,43,-0.02953074700984404,0.4,45.752780659526685,350.0,163.2,7017.599999999999,ELEV43C_4A_CC_variedcutoff
B0032,17,30.210714285714285,45.93930748408749,61.788148736083365,0,332,2800,161,65.07537706962476,2800,1.7968530684449833,43,0.0026730119293036925,0.425,45.76651995565713,345.4,162.2,6974.599999999999,ELEV43C_4A_CC_variedcutoff
B0032,18,28.937319884726225,45.91643185999175,62.026796878552666,0,326,2776,159,64.86311254585878,2776,1.7838265504081745,43,0.013026518036808765,0.45,45.77863510511445,340.4,161.4,6940.2,ELEV43C_4A_CC_variedcutoff
B0032,19,28.540530716103234,45.94250977363714,62.05922080379437,0,324,2751,157,64.5776850218963,2751,1.7696444491040102,43,0.014182101304164307,0.475,45.78734592730892,335.6,160.6,6905.8,ELEV43C_4A_CC_variedcutoff
B0032,20,28.52251922372757,45.95101397354721,61.81678431928173,0,320,2731,155,64.35246914999543,2731,1.7512940457049684,43,0.018350403399041815,0.5,45.80064818991975,332.0,159.8,6871.400000000001,ELEV43C_4A_CC_variedcutoff
B0032,21,28.532889874353287,45.34167941088505,62.13034562682843,0,314,2706,156,64.06461495517138,2706,1.7697554297961993,43,-0.01846138409123088,0.525,45.81111638231813,327.8,158.8,6828.400000000001,ELEV43C_4A_CC_variedcutoff
B0032,22,28.596657804785416,45.98956523905716,62.20855323363066,0,312,2633,154,64.1474670289582,2633,1.7547726933914918,43,0.014982736404707486,0.55,45.818188500429734,323.2,157.6,6776.8,ELEV43C_4A_CC_variedcutoff
B0032,23,28.595247221157532,46.00179134366021,62.27936068413306,0,310,2609,152,63.69264598900242,2609,1.7389166355812984,43,0.01585605781019339,0.575,45.82824005142366,319.2,156.2,6716.599999999999,ELEV43C_4A_CC_variedcutoff
B0032,24,28.591331269349844,46.00238353485753,62.40536913200032,0,306,2584,151,63.42180158396864,2584,1.7337200518764075,43,0.005196583704890845,0.6,45.84531194815735,316.0,154.8,6656.400000000001,ELEV43C_4A_CC_variedcutoff
B0032,25,28.593811202506856,46.008995456485785,62.21600779378832,0,303,2553,149,63.228630069382795,2553,1.7150972597500092,43,0.01862279212639839,0.625,45.85728670040143,312.4,153.6,6604.8,ELEV43C_4A_CC_variedcutoff
B0032,26,28.605108055009822,45.403097261609005,62.6157960112704,0,299,2545,151,62.885488261738914,2545,1.7462926148815636,43,-0.03119535513155447,0.65,45.86888299698914,309.0,152.4,6553.2,ELEV43C_4A_CC_variedcutoff
B0032,27,28.620344413295957,46.003413170121014,62.26360588854172,0,296,2497,148,63.673074954926896,2497,1.719149261914565,43,0.027143352966998657,0.675,45.88116656713394,306.0,151.4,6510.2,ELEV43C_4A_CC_variedcutoff
B0032,28,28.660823481451285,45.99874737419142,62.42580063958537,0,294,2453,147,62.64388081886951,2453,1.711582246191498,43,0.00756701572306695,0.7,45.88393615334671,302.8,150.2,6458.599999999999,ELEV43C_4A_CC_variedcutoff
B0032,29,28.625204582651392,45.97137651527534,62.5594040849182,0,290,2444,145,62.70042154720863,2444,1.69510511952259,43,0.016477126668908104,0.725,45.88332735945295,299.6,149.2,6415.599999999999,ELEV43C_4A_CC_variedcutoff
B0032,30,28.65026870607689,45.98416812759768,62.582629376324434,0,288,2419,145,62.18953774921423,2419,1.7005124371100973,43,-0.005407317587507343,0.75,45.87712595553651,296.4,148.0,6364.0,ELEV43C_4A_CC_variedcutoff
B0032,31,28.61544782251438,45.366725433961726,62.57090441669303,0,286,2434,145,62.55642215770684,2434,1.7080989351250158,43,-0.007586498014918508,0.775,45.87216048975889,293.4,147.2,6329.599999999999,ELEV43C_4A_CC_variedcutoff
B0032,32,28.67485182049111,46.00904577522563,62.42898686923908,0,282,2362,143,62.493104397280604,2362,1.691435430587127,43,0.016663504537888674,0.8,45.86488612422944,290.8,146.0,6278.0,ELEV43C_4A_CC_variedcutoff
B0032,33,28.668512995313165,45.982803184169526,62.43152363917722,0,280,2347,142,62.08279726328085,2347,1.6844494328889932,43,0.006985997698133906,0.825,45.86601264525036,288.0,145.0,6235.0,ELEV43C_4A_CC_variedcutoff
B0032,34,28.66623711340206,45.999745473033734,62.5729328576623,0,279,2328,140,61.87665870685203,2328,1.664037581688075,43,0.020411851200918152,0.85,45.86282380724598,285.2,144.0,6192.0,ELEV43C_4A_CC_variedcutoff
B0032,35,28.712286838653256,46.01447595825819,62.57967644827836,0,276,2287,140,61.17738813579872,2287,1.6686372014231974,43,-0.004599619735122351,0.875,45.86849759879766,283.0,143.0,6149.0,ELEV43C_4A_CC_variedcutoff
B0032,36,28.622013651877133,45.40682150209466,62.96996562520999,0,274,2344,141,61.88457024088449,2344,1.6899344075625968,43,-0.02129720613939945,0.9,45.87455916492976,280.6,142.0,6106.0,ELEV43C_4A_CC_variedcutoff
B0032,37,28.70860927152318,46.03467232928467,62.75574288944966,0,272,2265,139,62.12925375749328,2265,1.669431712846442,43,0.020502694716154846,0.925,45.882578378556346,278.2,141.2,6071.599999999999,ELEV43C_4A_CC_variedcutoff
B0032,38,28.70651204281891,46.00083034941177,62.70443033939053,0,268,2242,138,61.45933318262597,2242,1.6634226761839213,43,0.006009036662520728,0.95,45.88770368936815,276.2,140.4,6037.2,ELEV43C_4A_CC_variedcutoff
B0032,39,28.697799730579256,46.033626818631824,62.46020747529598,0,267,2227,136,61.267857758245164,2227,1.643615219594737,43,0.019807456589184147,0.975,45.8913091224166,273.8,139.6,6002.8,ELEV43C_4A_CC_variedcutoff
B0032,40,28.74314442413163,46.03832509175789,62.78975435716677,0,266,2188,135,60.53849598207422,2188,1.6358000873538243,43,0.007815132240912792,1.0,45.89808539153622,271.4,138.8,5968.400000000001,ELEV43C_4A_CC_variedcutoff
B0033,3,4.28695652173913,26.35196141027998,53.521374145800095,0,751,98,114,29.47965407263668,4025,1.1610848192311252,24,-0.4715149184448437,0.015228426395939087,28.372292167756783,423.0,44.0,1056.0,RT_CC_mixed_current
B0033,4,3.9712248535777945,26.580554468702726,53.59969491765948,0,605,108,123,45.13620524483029,3927,1.2529393053824995,24,-0.09185448615137437,0.02030456852791878,27.698848581931184,532.3333333333334,67.33333333333333,1616.0,RT_CC_mixed_current
B0033,5,4.060946900340047,26.544655048984165,53.81770081109488,0,590,109,127,48.237377812623066,3823,1.302918002447558,24,-0.04997869706505842,0.025380710659898477,27.41927505362407,550.5,81.25,1950.0,RT_CC_mixed_current
B0033,6,3.986032074495603,26.21429590217058,53.57104302015468,0,580,108,129,50.09866424139853,3866,1.3218773211472523,24,-0.01895931869969436,0.030456852791878174,27.24435105269609,558.4,90.4,2169.6000000000004,RT_CC_mixed_current
B0033,7,3.992872228088701,26.031454250394848,54.60856796915766,0,573,106,125,50.84064695247125,3788,1.2884694418301417,24,0.033407879317110645,0.03553299492385787,26.63412692189855,637.8,112.4,2697.6000000000004,RT_CC_mixed_current
B0033,8,4.593333333333334,26.392870657025725,54.19146373008866,0,534,159,169,50.41080115332174,3750,1.713169326386719,24,-0.42469988455657726,0.04060913705583756,26.344584216106462,619.8,123.6,2966.3999999999996,RT_CC_mixed_current
B0033,9,6.511627906976744,26.46143828731439,52.93433121063188,0,531,139,164,64.5078712776556,3698,1.6560966776720512,24,0.05707264871466777,0.04568527918781726,26.352766065455608,576.4,134.6,3230.3999999999996,RT_CC_mixed_current
B0033,10,4.728500551267916,26.358220394071786,52.5032036116964,0,525,128,161,63.669278983701794,3628,1.6197297341990775,24,0.036366943472973645,0.050761421319796954,26.32894282917794,561.6,142.8,3427.2000000000003,RT_CC_mixed_current
B0033,11,4.412339475153545,26.25501299248022,52.17652816361563,0,520,123,159,63.106840328312686,3582,1.604655812282729,24,0.015073921916348487,0.05583756345177665,26.291655898195465,548.6,149.6,3590.3999999999996,RT_CC_mixed_current
B0033,12,4.453280318091451,26.053006629811065,52.04937847239831,0,512,124,158,62.64627106452837,3521,1.6255699769029337,24,-0.020914164620204678,0.06091370558375635,26.299799316257396,536.6,155.6,3734.3999999999996,RT_CC_mixed_current
B0033,13,4.412189485846332,26.500266924220554,51.73549267436528,0,504,115,156,62.882129705202,3462,1.5900967306245992,24,0.03547324627833448,0.06598984771573604,26.30410979214064,524.4,162.2,3892.7999999999997,RT_CC_mixed_current
B0033,14,4.402616279069767,26.445149916148363,51.66117418178819,0,503,112,155,62.739801933012544,3440,1.5739402299623984,24,0.016156500662200868,0.07106598984771574,26.3255890455796,518.4,159.6,3830.3999999999996,RT_CC_mixed_current
B0033,15,4.3919716646989375,26.474088422422792,51.20270858784091,0,496,108,153,62.71594574610041,3388,1.5711303351557309,24,0.00280989480666749,0.07614213197969544,26.3223313713464,512.8,157.8,3787.2000000000003,RT_CC_mixed_current
B0033,16,4.466106778644271,26.49570321322151,51.54633126076106,0,490,112,153,62.30229527406943,3334,1.5897706153457416,24,-0.01864028019001074,0.08121827411167512,26.3455049770166,507.0,156.2,3748.7999999999997,RT_CC_mixed_current
B0033,17,4.5148574893875075,27.330536288349474,51.68734548388082,0,483,117,152,62.61453476322122,3298,1.6257378771074,24,-0.03596726176165843,0.08629441624365482,26.39364302116486,501.0,155.0,3720.0,RT_CC_mixed_current
B0033,18,4.621771217712177,28.220304599953856,51.806645557310055,0,477,125,153,62.766101662873744,3252,1.6523506333962537,24,-0.026612756288853623,0.09137055837563451,26.649148952872544,495.2,153.8,3691.2000000000003,RT_CC_mixed_current
B0033,19,4.50420954162769,28.0980126949184,51.0135246257672,0,473,108,150,62.89628137377318,3207,1.6143816761595386,24,0.037968957236715006,0.09644670050761421,26.993156488019203,489.8,153.2,3676.7999999999997,RT_CC_mixed_current
B0033,20,4.44129682090022,26.828604444066396,50.612625791907234,0,468,100,148,62.06330895207912,3177,1.58697453394504,24,0.02740714221449858,0.10152284263959391,27.323729043773206,483.8,152.2,3652.7999999999997,RT_CC_mixed_current
B0033,21,4.421002538071066,26.470583198295582,50.4762319652216,0,465,96,147,61.691998647719714,3152,1.5818355572787333,24,0.005138976666306805,0.1065989847715736,27.394632248101924,478.2,151.2,3628.7999999999997,RT_CC_mixed_current
B0033,22,4.760595276609512,26.576169629767353,52.80944186421341,0,455,128,151,61.495054118922326,3091,1.6919769406371152,24,-0.11014138335838197,0.1116751269035533,27.389608245116744,473.2,150.0,3600.0,RT_CC_mixed_current
B0033,23,5.750836120401337,27.99895257909956,52.001298745862094,0,450,117,150,63.69249830959229,2990,1.6879483800354476,24,0.0040285606016676745,0.116751269035533,27.238734913400314,467.6,149.8,3595.2000000000003,RT_CC_mixed_current
B0033,24,4.637176938369781,26.851886459541863,51.65598739515965,0,447,108,148,63.422077900127405,3018,1.6586223007531458,24,0.029326079282301798,0.1218274111675127,27.194464509229455,462.2,149.2,3580.7999999999997,RT_CC_mixed_current
B0033,25,4.605746742398931,26.44826753830429,51.50939532095622,0,442,105,146,62.9708622882589,2993,1.6420179032789863,24,0.016604397474159427,0.12690355329949238,26.94523926215415,457.0,148.8,3571.2000000000003,RT_CC_mixed_current
B0033,26,4.602772143340094,26.383647641096882,51.25839715822789,0,438,103,144,62.5596243084074,2958,1.6381810791118745,24,0.003836824167111841,0.1319796954314721,26.869171881001726,451.8,148.4,3561.6000000000004,RT_CC_mixed_current
B0033,27,4.648078884733084,26.571267983575513,51.77188968997154,0,435,107,144,62.20104837937574,2941,1.6422892507912386,24,-0.004108171679364059,0.13705583756345177,26.851784769561988,446.4,147.8,3547.2000000000003,RT_CC_mixed_current
B0033,28,4.6588961261570105,26.752608400849464,51.73759469619592,0,430,108,143,62.383320924317104,2917,1.651270876264092,24,-0.008981625472853416,0.14213197969543148,26.85080444032362,442.4,146.4,3513.6000000000004,RT_CC_mixed_current
B0033,29,4.67966573816156,27.162388693466045,51.61243426951156,0,427,105,142,62.27483646169824,2872,1.6326559297917211,24,0.01861494647237083,0.14720812182741116,26.601535604673604,438.4,145.0,3480.0,RT_CC_mixed_current
B0033,30,4.7005669737774625,26.679667867838337,51.546238399221565,0,424,101,141,61.7898586501595,2822,1.6260888111680731,24,0.006567118623648005,0.15228426395939088,26.66363605145844,434.4,143.8,3451.2000000000003,RT_CC_mixed_current
B0033,31,4.607635206786851,26.1960620349427,51.03143629880169,0,421,96,139,61.77168326194781,2829,1.6079292963823688,24,0.018159514785704323,0.15736040609137056,26.709916117365246,430.8,142.8,3427.2000000000003,RT_CC_mixed_current
B0033,32,4.669051878354204,26.176778595102746,51.41437811978397,0,417,99,139,61.29373611595297,2795,1.6125361114907395,24,-0.004606815108370688,0.16243654822335024,26.67239899613441,427.4,141.8,3403.2000000000003,RT_CC_mixed_current
B0033,33,4.716196673897325,26.38298778717619,51.44638168113912,0,412,103,138,61.4501886017026,2766,1.6218384168987892,24,-0.00930230540804966,0.16751269035532995,26.59350111843986,423.8,140.8,3379.2000000000003,RT_CC_mixed_current
B0033,34,4.725877192982456,26.79103072341773,51.30248392082844,0,412,100,137,61.26750666614761,2736,1.6145443029101134,24,0.007294113988675743,0.17258883248730963,26.519576995705204,420.2,139.8,3355.2000000000003,RT_CC_mixed_current
B0033,35,4.699372925119882,26.454475084969797,51.29496206472584,0,408,96,136,61.00016258819117,2711,1.5953958917107596,24,0.019148411199353843,0.17766497461928935,26.445305401695542,417.2,138.8,3331.2000000000003,RT_CC_mixed_current
B0033,36,4.66358595194085,26.186466694494932,51.186634675664926,0,405,94,135,60.982258804123056,2705,1.5877243027113055,24,0.007671588999454082,0.18274111675126903,26.40026684512183,414.0,137.8,3307.2000000000003,RT_CC_mixed_current
B0033,37,4.701912260967379,26.260831739903423,51.18261676158976,0,402,94,134,60.67099850989752,2667,1.5811840578305605,24,0.006540244880745005,0.18781725888324874,26.398347777032278,410.8,137.0,3288.0,RT_CC_mixed_current
B0033,38,4.875377643504532,26.817535684362124,52.16803502599322,0,398,110,135,60.548617654048066,2648,1.6128422608267754,24,-0.03165820299621491,0.19289340101522842,26.41515840599242,407.8,136.0,3264.0,RT_CC_mixed_current
B0033,39,5.0288572527895345,28.359191524139465,52.74767841756611,0,397,117,135,60.887652668994534,2599,1.61998606328022,24,-0.007143802453444703,0.19796954314720813,26.5020679854296,405.0,135.4,3249.6000000000004,RT_CC_mixed_current
B0033,40,5.041306058221872,28.889214040882727,52.43795613968632,0,392,111,134,60.77965666942921,2542,1.6099381853611876,24,0.0100478779190325,0.20304568527918782,26.81570014557395,402.0,135.0,3240.0,RT_CC_mixed_current
B0033,41,4.863334634908239,27.341050185116938,51.81197793605918,0,392,99,132,60.71102393619369,2561,1.577097753956516,24,0.03284043140467152,0.20812182741116753,27.302647936756536,398.8,134.6,3230.3999999999996,RT_CC_mixed_current
B0033,42,4.879064234734338,26.659878268186738,51.73653410504897,0,389,96,131,59.888816026746994,2522,1.5708599066554392,24,0.006237847301076904,0.2131979695431472,27.533564634880936,396.2,134.0,3216.0,RT_CC_mixed_current
B0033,43,4.978414442700157,26.306009354794877,52.54160752520686,0,385,110,134,60.13102696575057,2548,1.6261581345348248,24,-0.05529822787938565,0.2182741116751269,27.6133739405376,393.6,133.4,3201.6000000000004,RT_CC_mixed_current
B0033,44,5.1870474658085275,28.21211784104013,53.32326193954195,0,384,119,134,61.20907379886203,2486,1.6348129972245726,24,-0.0086548626897478,0.2233502538071066,27.51106867462415,391.0,133.2,3196.7999999999997,RT_CC_mixed_current
B0033,45,5.1138211382113825,28.669070284450484,52.66626648084271,0,382,110,132,61.10003072233,2460,1.611705363734261,24,0.02310763349031153,0.22842639593908629,27.481653938004285,388.4,133.0,3192.0,RT_CC_mixed_current
B0033,46,10.879080118694363,30.96187040631756,55.391416850220025,0,399,156,154,41.007224423067456,1348,1.8851401699720665,24,-0.27343480623780536,0.233502538071066,27.43762518671783,386.4,132.6,3182.3999999999996,RT_CC_mixed_current
B0033,47,5.234761120263592,29.12302197327531,52.73529025292928,0,378,114,135,62.48421937077703,2428,1.6584957887780232,24,0.2266443811940433,0.23857868020304568,28.161789230957957,387.8,137.0,3288.0,RT_CC_mixed_current
B0033,48,5.113215314944422,27.694058076071705,52.530629852108135,0,376,106,133,61.65837219114321,2429,1.62418934644937,24,0.03430644232865321,0.2436548223350254,28.65441797197567,385.6,137.8,3307.2000000000003,RT_CC_mixed_current
B0033,49,5.074937552039967,27.246351761793434,52.2186933985822,0,373,101,131,61.18998858773064,2402,1.604172098856364,24,0.02001724759300605,0.24873096446700507,28.93202771623104,383.8,137.6,3302.3999999999996,RT_CC_mixed_current
B0033,50,5.06776180698152,27.17256599343612,52.72731536294026,0,373,107,131,60.97566716734648,2435,1.6080016740907346,24,-0.0038295752343706635,0.25380710659898476,28.7388745003817,381.6,137.0,3288.0,RT_CC_mixed_current
B0033,51,5.257969798657718,28.50683405831049,53.20573413452146,0,371,116,131,60.773250450935684,2384,1.6256752138435595,24,-0.01767353975282493,0.25888324873096447,28.43957364217882,379.8,136.8,3283.2000000000003,RT_CC_mixed_current
B0033,52,5.26963906581741,28.984871441011087,53.164414772235126,0,368,114,130,60.77371428774715,2355,1.617632765910718,24,0.00804244793284159,0.2639593908629442,27.94856637257741,374.2,132.2,3172.7999999999997,RT_CC_mixed_current
B0033,53,5.161839863713799,28.113918496975394,52.600411784093296,0,366,106,128,60.560880225957845,2348,1.5973191489094265,24,0.020313617001291417,0.26903553299492383,27.920936266124567,372.2,131.2,3148.7999999999997,RT_CC_mixed_current
B0033,54,5.148132245598969,27.76768293677205,52.46865748904612,0,365,103,127,60.06419454816909,2329,1.5875852250170606,24,0.009733923892365937,0.27411167512690354,28.004908350305307,370.2,130.2,3124.7999999999997,RT_CC_mixed_current
B0033,55,5.135717363205515,27.607487466820128,52.40979732740365,0,364,102,126,59.808941539976466,2321,1.5802530015403684,24,0.007332223476692157,0.27918781725888325,28.10917458530103,368.6,129.4,3105.6000000000004,RT_CC_mixed_current
B0033,56,5.221932114882507,27.93164742158021,52.83404254463567,0,361,107,126,59.5352562715461,2298,1.583036530487776,24,-0.002783528947407632,0.28426395939086296,28.196158879977826,366.8,128.4,3081.6000000000004,RT_CC_mixed_current
B0033,57,5.240963855421687,28.460517312703246,53.60145197534956,0,358,116,126,60.07486110202484,2324,1.6027138832797037,24,-0.019677352791927616,0.2893401015228426,28.08112155263177,364.8,127.4,3057.6000000000004,RT_CC_mixed_current
B0033,58,5.367156208277704,29.46930169843935,53.25152711755672,0,357,113,125,59.6955037631353,2247,1.5930709154513834,24,0.009642967828320304,0.29441624365482233,27.976250726970203,362.8,126.6,3038.3999999999996,RT_CC_mixed_current
B0033,59,5.157149181053564,27.879832573407374,52.64070518740206,0,357,99,123,59.43145726753942,2259,1.5448888685020246,24,0.04818204694935879,0.29949238578680204,28.247327367262994,361.0,126.0,3024.0,RT_CC_mixed_current
B0033,60,5.136039250669046,27.14477049658426,52.51312011499367,0,355,96,122,58.822577197741836,2242,1.5352188565640517,24,0.0096700119379729,0.30456852791878175,28.26975729459006,359.4,125.2,3004.8,RT_CC_mixed_current
B0033,61,5.114196148678907,26.874446461561117,52.3982280962388,0,354,94,121,58.54438066049138,2233,1.5252677314227332,24,0.009951125141318462,0.3096446700507614,28.17721390054289,357.6,124.4,2985.6000000000004,RT_CC_mixed_current
B0033,62,5.201773835920178,26.984367111310572,53.455944890050766,0,351,107,122,58.58544516550838,2255,1.5559492005453626,24,-0.030681469122629368,0.3147208121827411,27.965773708539068,356.2,123.4,2961.6000000000004,RT_CC_mixed_current
B0033,63,5.425386715195632,28.941756435160983,54.15574298880717,0,349,116,122,58.81440932207371,2198,1.564802943842715,24,-0.008853743297352334,0.3197969543147208,27.670543668260535,354.8,122.6,2942.3999999999996,RT_CC_mixed_current
B0033,64,5.425531914893617,29.548625035349804,53.69393683990001,0,348,110,121,58.777368569780045,2162,1.5518620461881203,24,0.012940897654594608,0.3248730964467005,27.565034615604862,353.2,122.0,2928.0,RT_CC_mixed_current
B0033,65,5.2279005524861875,27.753141316908962,52.91956948214362,0,347,98,119,58.43942894631095,2172,1.5144550545105004,24,0.03740699167761985,0.3299492385786802,27.898793107993345,351.4,121.6,2918.3999999999996,RT_CC_mixed_current
B0033,66,5.177583025830258,27.055619830261225,52.77330169161603,0,346,95,118,57.894832129688425,2168,1.5051936202146428,24,0.009261434295857685,0.3350253807106599,28.02046727205829,349.8,121.0,2904.0,RT_CC_mixed_current
B0033,67,5.368421052631579,26.70604882977393,53.75237854927132,0,340,110,125,57.911823337429176,2185,1.605823969917045,24,-0.10063034970240214,0.3401015228426396,28.056701945798306,348.2,120.4,2889.6000000000004,RT_CC_mixed_current
B0033,68,5.573961735884274,28.439175173474943,54.49882525049124,0,341,118,125,60.92525171837634,2143,1.6249005195877049,24,-0.01907654967065997,0.34517766497461927,28.00103828949098,346.0,121.0,2904.0,RT_CC_mixed_current
B0033,69,5.483641536273115,28.88977124444386,53.48032268666943,0,340,107,122,60.34571596479013,2109,1.589785130036615,24,0.03511538955108984,0.350253807106599,27.900522037153774,344.4,121.6,2918.3999999999996,RT_CC_mixed_current
B0033,70,5.373276271992392,27.593704002916297,53.19212326974819,0,338,100,120,59.433552470792115,2103,1.5552386152299904,24,0.03454651480662463,0.3553299492385787,27.76875127897258,342.8,121.8,2923.2,RT_CC_mixed_current
B0033,71,5.317987660180351,26.980060476435707,52.91631108720558,0,337,98,119,58.97156977599385,2107,1.539756404636803,24,0.015482210593187329,0.3604060913705584,27.736863816174047,341.0,122.0,2928.0,RT_CC_mixed_current
B0033,72,5.256288561936403,26.70039932437791,52.95164787724483,0,336,95,118,58.64789749532481,2107,1.5293174002138357,24,0.010439004422967413,0.36548223350253806,27.721751945408947,339.2,122.2,2932.8,RT_CC_mixed_current
B0033,73,5.400284225485552,27.010937909375805,54.15703950174405,0,334,108,119,58.50148961889275,2111,1.547680553576876,24,-0.018363153363040396,0.37055837563451777,27.72062204432974,338.4,120.8,2899.2,RT_CC_mixed_current
B0033,74,5.778443113772455,28.84307936578423,54.90254753232506,0,332,116,119,58.020636833161355,2004,1.5659920939439786,24,-0.018311540367102586,0.3756345177664975,27.434974591509917,337.0,119.6,2870.3999999999996,RT_CC_mixed_current
B0033,75,5.485056344928957,28.870076158040487,53.80008363828377,0,331,104,117,58.763685384577116,2041,1.5416252851780503,24,0.02436680876592834,0.38071065989847713,27.425636215777992,335.4,119.0,2856.0,RT_CC_mixed_current
B0033,76,5.338035019455253,27.22205568056655,53.54505652293522,0,330,97,116,58.21815438130175,2056,1.517590655990168,24,0.02403462918788235,0.38578680203045684,27.68091064680283,334.0,118.4,2841.6000000000004,RT_CC_mixed_current
B0033,77,5.301175318315377,26.764048088945554,53.29577183051126,0,327,94,115,57.89413617619328,2042,1.5075202042593092,24,0.010070451730858743,0.39086294416243655,27.729309687628994,332.6,117.8,2827.2,RT_CC_mixed_current
B0033,78,5.2640503875969,26.207053037857428,53.69065218748237,0,328,95,115,57.781270032907976,2064,1.49549282626034,24,0.012027377998969246,0.39593908629441626,27.74203944054252,330.8,117.2,2812.8,RT_CC_mixed_current
B0033,79,5.316953316953317,26.716247124986054,53.4617189956508,0,327,95,114,57.59922206201745,2035,1.4997618811573148,24,-0.004269054896974822,0.4010152284263959,27.581262466238847,329.6,116.4,2793.6000000000004,RT_CC_mixed_current
B0033,80,5.273533760473139,26.399307720981184,53.31089209854774,0,326,92,113,57.425259153499326,2029,1.4906966807803954,24,0.00906520037691938,0.40609137055837563,27.155896018079215,328.6,115.4,2769.6000000000004,RT_CC_mixed_current
B0033,81,5.300937345831278,26.499316228298646,53.6277468644108,0,324,95,113,57.320146468596846,2027,1.4800999425051866,24,0.010596738275208795,0.41116751269035534,26.66174233066735,327.6,114.6,2750.3999999999996,RT_CC_mixed_current
B0033,82,5.244565217391305,26.457310675780516,53.311289666668536,0,324,91,112,57.43089724133653,2024,1.4676091496100632,24,0.012490792895123448,0.41624365482233505,26.517194440213775,326.4,114.0,2736.0,RT_CC_mixed_current
B0033,83,5.243417784401391,26.141677572580434,53.24781973161767,0,322,91,111,57.03557085001005,2013,1.4729818491920503,24,-0.0053726995819871615,0.4213197969543147,26.455846957580764,325.8,113.4,2721.6000000000004,RT_CC_mixed_current
B0033,84,5.271956087824352,26.395641555143015,53.32567282742489,0,321,92,111,56.794133177496356,2004,1.4742872137206404,24,-0.0013053645285900917,0.4263959390862944,26.442771864525366,324.6,112.6,2702.3999999999996,RT_CC_mixed_current
B0033,85,5.306532663316583,26.5628279271598,53.67135316275077,0,319,93,111,56.845634291646135,1990,1.4635162808346138,24,0.010770932886026596,0.43147208121827413,26.378650750556762,323.4,112.0,2688.0,RT_CC_mixed_current
B0033,86,5.262096774193548,26.34679396704009,53.425915759836265,0,318,90,110,56.80872313233728,1984,1.4527095680488362,24,0.010806712785777606,0.4365482233502538,26.41135479179248,322.0,111.6,2678.3999999999996,RT_CC_mixed_current
B0033,87,5.326913329954384,26.408633913493738,53.80241246385534,0,316,94,110,56.60123242412967,1973,1.4557303847230247,24,-0.00302081667418852,0.4416243654822335,26.380850339540768,320.8,111.0,2664.0,RT_CC_mixed_current
B0033,88,5.276790248857288,26.12826719131344,53.538703332548565,0,315,91,109,56.60329154359343,1969,1.459740099618568,24,-0.004009714895543359,0.4467005076142132,26.371114987083416,319.2,110.6,2654.3999999999996,RT_CC_mixed_current
B0033,89,5.348717948717948,26.44600501892501,53.85443523479271,0,315,93,109,56.19638988742022,1950,1.448711504158192,24,0.011028595460376156,0.4517766497461929,26.368432910830016,317.8,110.2,2644.8,RT_CC_mixed_current
B0033,90,5.412371134020619,26.853462933525638,54.31271092311757,0,313,97,109,56.35367151725073,1940,1.4666759762884336,24,-0.01796447213024166,0.45685279187817257,26.378505603586415,316.6,109.8,2635.2,RT_CC_mixed_current
B0033,91,5.51975051975052,27.720203135829706,54.71724968436856,0,312,102,109,56.4526313432936,1924,1.4689502109504418,24,-0.0022742346620081566,0.4619289340101523,26.436632604859586,315.4,109.4,2625.6000000000004,RT_CC_mixed_current
B0033,92,5.604395604395604,28.28984170168515,55.03279239327084,0,312,106,109,56.444460634233515,1911,1.471116588522042,24,-0.0021663775716003197,0.467005076142132,26.711314438617507,314.2,109.2,2620.8,RT_CC_mixed_current
B0033,93,5.389004149377594,27.04690497459113,54.39303449657184,0,311,95,108,56.63487341759443,1928,1.4473012364654927,24,0.023815352056549388,0.4720812182741117,27.087555996255787,313.4,109.0,2616.0,RT_CC_mixed_current
B0033,94,5.364446775039329,26.510597585618,54.05963088053671,0,309,91,107,56.12541232787444,1907,1.4205315547561643,24,0.026769681709328363,0.47715736040609136,27.271283552911324,312.6,108.8,2611.2,RT_CC_mixed_current
B0033,95,5.293654955427373,26.117740148976694,53.59788130809244,0,307,88,106,56.01201062893313,1907,1.4241466094817417,24,-0.003615054725577327,0.48223350253807107,27.28420206624993,311.4,108.4,2601.6000000000004,RT_CC_mixed_current
B0033,96,5.434210526315789,26.31201626298045,54.608136974659445,0,307,96,107,55.61717040670148,1900,1.4412820083364295,24,-0.017135398854687844,0.4873096446700508,27.13705750934014,310.2,107.8,2587.2,RT_CC_mixed_current
B0033,97,5.462718138551031,27.216635300974286,54.5574027155619,0,306,98,106,56.15695654385051,1891,1.4448965388921615,24,-0.0036145305557320206,0.49238578680203043,26.85542013477028,309.2,107.4,2577.6000000000004,RT_CC_mixed_current
B0033,98,5.508249068653539,27.88758006162956,54.99418815591436,0,304,100,106,55.97504584836787,1879,1.4540256354795746,24,-0.009129096587413121,0.49746192893401014,26.64077885462811,308.0,106.8,2563.2,RT_CC_mixed_current
B0033,99,5.419354838709677,27.129685647105628,54.16320225337546,0,303,91,105,55.96528332889296,1860,1.4226030447542912,24,0.03142259072528342,0.5025380710659898,26.8089138720358,306.6,106.4,2553.6000000000004,RT_CC_mixed_current
B0033,100,5.364806866952789,26.340146791615865,53.87733726225828,0,303,89,104,55.56388325182046,1864,1.410196954589097,24,0.012406090165194117,0.5076142131979695,26.932731484333324,305.4,106.0,2544.0,RT_CC_mixed_current
B0033,101,5.376546530392684,26.296193467140476,54.00540892482746,0,301,90,104,55.31374635329838,1859,1.4144881298999457,24,-0.0042911753108485495,0.5126903553299492,26.97721281286116,304.6,105.6,2534.3999999999996,RT_CC_mixed_current
B0033,102,5.514547413793103,27.04340726559288,55.01715436055076,0,300,99,105,55.386169705916956,1856,1.431360032946153,24,-0.016871903046207448,0.5177664974619289,26.974048253693162,303.4,105.0,2520.0,RT_CC_mixed_current
B0033,103,5.600324499729584,27.838534959981246,55.56824997306065,0,298,105,105,55.88300300711102,1849,1.4515133236517528,24,-0.02015329070559968,0.5228426395939086,26.939402646616884,302.2,104.8,2515.2,RT_CC_mixed_current
B0033,104,5.637825845812535,28.42656752878897,54.92871435196593,0,299,98,104,55.66460086541442,1803,1.4230376757726733,24,0.028475647879079524,0.5279187817258884,26.929593626287215,301.0,104.6,2510.3999999999996,RT_CC_mixed_current
B0033,105,5.418502202643172,27.044577544189046,53.80101502575858,0,298,88,102,55.46318816563865,1816,1.396298696255913,24,0.026738979516760297,0.5329949238578681,27.188970002623886,300.2,104.4,2505.6000000000004,RT_CC_mixed_current
B0033,106,5.400658616904501,26.375157268300452,53.90914216170243,0,298,88,102,54.845129345880956,1822,1.3979060730399124,24,-0.0016073767839994701,0.5380710659898477,27.329856153138525,299.2,104.0,2496.0,RT_CC_mixed_current
B0033,107,5.432506887052342,26.37368231776011,54.23260277977909,0,296,90,102,54.75296478209871,1815,1.4011347560096767,24,-0.003228682969764307,0.5431472081218274,27.345648913370518,298.6,103.6,2486.3999999999996,RT_CC_mixed_current
B0033,108,5.6364139457664635,27.334595745081366,55.63045478699343,0,294,103,103,54.863919592062615,1807,1.436782528945267,24,-0.03564777293559018,0.5482233502538071,27.211703923803963,297.8,103.0,2472.0,RT_CC_mixed_current
B0033,109,5.7924421883812744,28.960246619066446,56.16713312985831,0,293,107,103,55.35420840317479,1773,1.4370006879546382,24,-0.00021815900937127708,0.5532994923857868,27.11091608082399,297.0,102.6,2462.3999999999996,RT_CC_mixed_current
B0033,110,5.696814562002276,28.838607984468197,55.53601912262827,0,293,98,102,55.43041905009861,1758,1.410355528453481,24,0.0266451595011572,0.5583756345177665,27.217651898879485,295.8,102.4,2457.6000000000004,RT_CC_mixed_current
B0033,111,5.466292134831461,27.369173066147177,54.42859597766174,0,292,90,100,55.099725252507966,1780,1.382633397996189,24,0.027722130457292105,0.5634517766497462,27.576457986935317,294.8,102.4,2457.6000000000004,RT_CC_mixed_current
B0033,112,5.462232243517475,26.695961197115086,54.60293074972065,0,291,89,100,54.41379529255167,1774,1.3699403583067564,24,0.012693039689432473,0.5685279187817259,27.775261146504658,293.6,102.0,2448.0,RT_CC_mixed_current
B0033,113,5.51948051948052,26.27475537275104,55.29175004355109,0,290,93,100,54.361153070143324,1771,1.3786129327882322,24,-0.008672574481475737,0.5736040609137056,27.839716922375658,292.6,101.6,2438.3999999999996,RT_CC_mixed_current
B0033,114,15.798525798525798,32.38228249251258,57.637403832441095,0,367,139,125,27.53846309878782,814,1.8035959863147195,24,-0.42498305352648735,0.5786802030456852,27.62774884790959,291.8,101.0,2424.0,RT_CC_mixed_current
B0033,115,5.796590241034686,28.764305781682662,54.65393012817871,0,290,96,100,51.69142734983736,1701,1.4234424290662009,24,0.3801535572485186,0.583756345177665,28.312156022598817,306.6,105.4,2529.6000000000004,RT_CC_mixed_current
B0033,116,5.556195965417867,27.753537269609545,54.152949724280695,0,288,90,99,54.53748679215109,1735,1.3946003892958665,24,0.028842039770334393,0.5888324873096447,28.29729558204171,306.0,105.0,2520.0,RT_CC_mixed_current
B0033,117,5.5565167243367934,27.357877974099825,54.53515875704883,0,286,91,99,54.27674799800987,1734,1.3961613987822286,24,-0.0015610094863620638,0.5939086294416244,28.37416842273418,305.2,104.8,2515.2,RT_CC_mixed_current
B0033,118,5.524655963302752,27.196396045214332,54.77734925210607,0,286,91,99,54.47636211833637,1744,1.384968608315797,24,0.011192790466431513,0.5989847715736041,28.506551778131133,304.2,104.6,2510.3999999999996,RT_CC_mixed_current
B0033,119,5.511265164644714,27.079087352251555,54.64702813763124,0,285,89,98,54.305125641301345,1731,1.3715114742475478,24,0.013457134068249221,0.6040609137055838,28.690879912623785,303.4,104.4,2505.6000000000004,RT_CC_mixed_current
B0033,120,5.503472222222222,26.7908197249089,54.505104228610136,0,285,89,97,54.071494267929616,1728,1.3616865084879255,24,0.009824965759622328,0.6091370558375635,27.630240884571585,287.0,99.0,2376.0,RT_CC_mixed_current
B0033,121,5.5503512880562065,27.04507678387678,54.4213321925581,0,283,89,97,53.79142528662884,1708,1.3796301360966086,24,-0.017943627608683066,0.6142131979695431,27.23554367321683,286.0,98.4,2361.6000000000004,RT_CC_mixed_current
B0033,122,5.529239766081871,26.991209300076314,54.599932749715,0,283,88,97,53.9581975727025,1710,1.364231776003204,24,0.01539836009340445,0.6192893401015228,27.09385157607028,285.0,98.0,2352.0,RT_CC_mixed_current
B0033,123,5.4704850964348335,26.928700009017337,54.621715057959925,0,282,86,96,53.99027689077074,1711,1.3418414512081456,24,0.022390324795058536,0.6243654822335025,27.020517841265576,284.4,97.6,2342.3999999999996,RT_CC_mixed_current
B0033,124,5.477725674091442,26.901852342010127,54.55731341596549,0,281,86,96,53.63250810404559,1706,1.355221569579225,24,-0.01338011837107933,0.6294416243654822,26.96697863402618,283.6,97.0,2328.0,RT_CC_mixed_current
B0033,125,5.544437904649794,26.721188731040016,55.041315475822266,0,281,89,96,53.34526029910853,1699,1.3403860264029774,24,0.014835543176247468,0.6345177664974619,26.93153163197789,282.8,96.6,2318.3999999999996,RT_CC_mixed_current
B0033,126,5.563798219584569,27.11375421253074,54.87421915377841,0,278,89,96,53.57532026249951,1685,1.3594078914195438,24,-0.01902186501656633,0.6395939086294417,26.917605433204113,282.0,96.4,2313.6000000000004,RT_CC_mixed_current
B0033,127,5.686394142769982,27.090157782357366,54.605029117345865,0,278,88,95,53.14764242917704,1639,1.3457100861355502,24,0.013697805283993558,0.6446700507614214,26.931340918934904,281.0,96.2,2308.8,RT_CC_mixed_current
B0033,128,5.534441805225653,27.00054503491875,54.77196645266215,0,278,88,95,53.3801872217065,1684,1.3477611420854358,24,-0.0020510559498856384,0.649746192893401,26.951130615391115,280.0,95.8,2299.2,RT_CC_mixed_current
B0033,129,5.570149253731343,27.008223435443426,55.081324460303485,0,277,89,95,53.22702813506356,1675,1.335482103134067,24,0.012279038951368948,0.6548223350253807,26.9654996205714,279.2,95.6,2294.3999999999996,RT_CC_mixed_current
B0033,130,5.71214841412328,27.076669923688453,56.28817834549751,0,278,97,95,53.10957011379611,1671,1.353154941842234,24,-0.01767283870816705,0.6598984771573604,26.986773839258056,278.4,95.4,2289.6000000000004,RT_CC_mixed_current
B0033,131,5.931223371880706,29.329445241728546,57.27354368026744,0,276,105,96,53.40613047841377,1643,1.3709677706044292,24,-0.017812828762195254,0.6649746192893401,27.057870077787747,277.8,95.2,2284.8,RT_CC_mixed_current
B0033,132,5.835838845460012,29.277449069362337,57.2291922074886,0,275,104,96,54.10178087030205,1663,1.357426672491866,24,0.01354109811256321,0.6700507614213198,27.50100828362731,277.4,95.2,2284.8,RT_CC_mixed_current
B0033,133,5.768300060496068,28.26201729884479,57.19704022437858,0,274,99,95,53.76739071492336,1653,1.3443678821106904,24,0.013058790381175633,0.6751269035532995,27.938466541028305,276.8,95.4,2289.6000000000004,RT_CC_mixed_current
B0033,134,5.785800970873787,27.642550604289166,57.01987269382395,0,274,99,95,53.30227932852456,1648,1.33005823859453,24,0.014309643516160264,0.6802030456852792,28.190760993813505,276.0,95.4,2289.6000000000004,RT_CC_mixed_current
B0033,135,5.621936274509804,27.03902606952891,55.93330356332492,0,265,96,90,53.393842356033,1632,1.4033641858066626,24,-0.07330594721213246,0.6852791878172588,28.317626427582656,275.4,95.4,2289.6000000000004,RT_CC_mixed_current
B0033,136,5.8307880268784364,28.174458006582103,56.299084505467846,0,273,100,95,54.69389265739233,1637,1.3865570950229378,24,0.016807090783724776,0.6903553299492385,28.31009765675075,272.8,94.4,2265.6000000000004,RT_CC_mixed_current
B0033,137,5.869969040247678,28.87145384442494,56.50951504855041,0,272,98,95,54.0233916941956,1615,1.3704138176872631,24,0.016143277335674666,0.6954314720812182,28.079100209721464,272.2,94.2,2260.8,RT_CC_mixed_current
B0033,138,5.745398773006135,27.836680397857297,56.69165778744567,0,273,94,94,54.11826515020183,1630,1.325319393635713,24,0.045094424051550064,0.700507614213198,27.99790116473398,271.6,94.0,2256.0,RT_CC_mixed_current
B0033,139,5.024585125998771,27.010484858757977,55.51714083426434,0,295,62,71,52.774688603284346,1627,0.8439684993200656,24,0.4813508943156475,0.7055837563451777,27.912833784536485,271.4,93.8,2251.2,RT_CC_mixed_current
B0033,140,3.6001255492780917,26.0573442317799,45.807200259053744,0,323,8,22,39.500806065163225,1593,0.298661803715835,24,0.5453066956042305,0.7106598984771574,27.786420635430243,275.6,89.0,2136.0,RT_CC_mixed_current
B0033,141,15.34439574201628,25.992545194556953,46.03459549176176,0,1584,7,18,13.405517047122421,1597,0.2344867974702557,24,0.06417500624557931,0.7157360406091371,27.590084267880446,287.2,75.4,1809.6000000000001,RT_CC_mixed_current
B0033,142,15.295989815404202,27.10700669267099,44.981619190674095,0,1560,6,15,11.09474150500914,1571,0.2025633038072582,24,0.03192349366299749,0.7208121827411168,27.153701705475413,549.4,60.0,1440.0,RT_CC_mixed_current
B0033,143,15.316901408450704,26.98485065528672,44.437719613927904,0,1549,6,17,9.499952958423744,1562,0.2353199565407024,24,-0.03275665273344419,0.7258883248730964,26.80081227512462,807.0,44.0,1056.0,RT_CC_mixed_current
B0033,144,15.351213282247764,25.8968872990228,46.16094346830902,0,1553,7,18,10.649989136269129,1566,0.2355042783748287,24,-0.00018432183412631087,0.7309644670050761,26.630446326610507,1062.2,28.6,686.4000000000001,RT_CC_mixed_current
B0033,145,15.891840607210627,25.68087307419517,51.875290776017344,0,1558,29,33,11.554989765609106,1581,0.4304242256752923,24,-0.1949199473004636,0.7360406091370558,26.40772681466347,1313.8,18.0,432.0,RT_CC_mixed_current
B0033,146,6.220820189274448,25.7355689608891,51.767777887259,0,537,31,33,19.880949310736863,1585,0.4643633320269643,24,-0.033939106351671966,0.7411167512690355,26.332432583146527,1560.8,20.2,484.79999999999995,RT_CC_mixed_current
B0033,147,5.854368932038835,27.084104159613524,51.02675215928651,0,499,26,29,20.46607103237525,1545,0.3994839380247729,24,0.06487939400219139,0.7461928934010152,26.281037336412957,1351.4,23.2,556.8,RT_CC_mixed_current
B0033,148,10.032383419689118,29.288628531483507,61.13715999731606,0,613,129,99,19.631253380109012,1544,1.461469789426299,24,-1.0619858514015261,0.751269035532995,26.276456829801464,1139.2,26.0,624.0,RT_CC_mixed_current
B0033,149,5.921805467260013,29.390476475540922,56.348749401178914,0,258,101,94,56.252252190744215,1573,1.4150999545382532,24,0.04636983488804569,0.7563451776649747,26.73721240504082,952.0,42.4,1017.5999999999999,RT_CC_mixed_current
B0033,150,5.794005102040816,28.079687335906012,55.51777727453801,0,258,93,93,54.46891133238101,1568,1.383632373873956,24,0.03146758066429722,0.7614213197969543,27.43593024034444,693.0,57.6,1382.4,RT_CC_mixed_current
B0033,151,5.700127877237851,27.18602734159511,54.98845662264607,0,257,88,92,53.8951639599117,1564,1.3705402893609833,24,0.013092084512972724,0.766497461928934,27.915693092686617,433.0,69.6,1670.3999999999999,RT_CC_mixed_current
B0033,152,5.65342729019859,27.093805417025774,54.53862414235327,0,258,85,91,53.63934035720494,1561,1.3557042566115398,24,0.01483603274944345,0.7715736040609137,28.20578476882781,377.0,81.4,1953.6000000000001,RT_CC_mixed_current
B0033,153,5.690430314707771,27.134887803376554,54.72686731387149,0,257,87,91,53.25419242854912,1557,1.3578385793919765,24,-0.0021343227804366816,0.7766497461928934,28.207725020310267,328.8,93.8,2251.2,RT_CC_mixed_current
B0033,154,5.700451904454487,27.2451909347644,55.0046224518596,0,255,87,91,53.29520400494046,1549,1.3609083979571397,24,-0.003069818565163196,0.7817258883248731,27.776976874688877,257.6,92.2,2212.8,RT_CC_mixed_current
B0033,155,5.657383419689119,27.188128619384425,54.71731449617404,0,254,85,90,53.33130909699725,1544,1.3495626547684758,24,0.011345743188663882,0.7868020304568528,27.34791976653357,257.0,91.6,2198.3999999999996,RT_CC_mixed_current
B0033,156,5.501943005181347,26.817245991032717,54.428778601713,0,267,80,80,52.38750608355751,1544,1.1888877132486642,24,0.16067494151981165,0.7918781725888325,27.16960802322925,256.2,91.0,2184.0,RT_CC_mixed_current
B0033,157,6.000647668393782,29.52037628916612,54.890003781719805,0,253,98,97,57.94790143383593,1544,1.5041493934608643,24,-0.31526168021220013,0.7969543147208121,27.095851753116772,258.2,88.6,2126.3999999999996,RT_CC_mixed_current
B0033,158,5.955497382198953,28.758639844853764,54.47368119654309,0,253,93,96,56.75447000452852,1528,1.4899088638712767,24,0.014240529589587547,0.8020304568527918,27.581165927544838,257.2,89.8,2155.2,RT_CC_mixed_current
B0033,159,5.851272015655577,28.018253290267957,54.12307476528604,0,253,89,95,56.453130857861176,1533,1.475330178643193,24,0.01457868522808381,0.8071065989847716,27.90591633584029,256.4,90.8,2179.2,RT_CC_mixed_current
B0033,160,5.819672131147541,27.64692943411165,53.77302966651148,0,252,87,94,55.88803476402147,1525,1.459830765413703,24,0.015499413229489889,0.8121827411167513,28.060528806941,256.0,91.6,2198.3999999999996,RT_CC_mixed_current
B0033,161,5.898950131233596,27.71785162006102,54.609405212648525,0,253,91,94,55.4659617491218,1524,1.4474169057725728,24,0.012413859641130287,0.817258883248731,28.152288969886445,255.6,92.4,2217.6000000000004,RT_CC_mixed_current
B0033,162,6.003289473684211,28.679174763829888,55.29324534393817,0,252,97,94,55.64700718051423,1520,1.4676323674647154,24,-0.02021546169214261,0.8223350253807107,28.332410095692104,252.8,95.2,2284.8,RT_CC_mixed_current
B0033,163,5.939597315436242,29.18391075704739,54.26200652741747,0,251,89,92,55.55692142174867,1490,1.441552493165527,24,0.026079874299188344,0.8274111675126904,28.164169790624857,252.6,94.6,2270.3999999999996,RT_CC_mixed_current
B0033,164,5.768211920529802,27.56677986444127,54.01880189925328,0,250,84,92,55.16290431304607,1510,1.418392873584403,24,0.023159619581124113,0.8324873096446701,28.24922397306358,252.2,93.8,2251.2,RT_CC_mixed_current
B0033,165,5.700996677740863,27.065567815451754,53.57147874982123,0,250,80,91,54.703162755028416,1505,1.4031824838852518,24,0.015210389699151117,0.8375634517766497,28.158929287898246,251.6,93.2,2236.8,RT_CC_mixed_current
B0033,166,5.712858094603598,26.896041328581724,53.4828168564585,0,250,81,90,54.315287462463274,1501,1.3911104661211642,24,0.012072017764087617,0.8426395939086294,28.042656964166262,251.2,92.6,2222.3999999999996,RT_CC_mixed_current
B0033,167,5.772058823529412,27.278703720696875,53.87014040301519,0,249,84,90,53.96473584157164,1496,1.4086019958134537,24,-0.01749152969228951,0.8477157360406091,27.878294905870405,250.6,91.8,2203.2,RT_CC_mixed_current
B0033,168,5.82774798927614,28.105791828868085,54.16164128030712,0,248,87,90,54.218135145482755,1492,1.413770890394895,24,-0.005168894581441208,0.8527918781725888,27.598200697243804,250.0,91.0,2184.0,RT_CC_mixed_current
B0033,169,5.822699798522498,28.48537302860415,54.16534435153781,0,248,86,90,54.33597245292288,1489,1.412472234540845,24,0.0012986558540499793,0.8578680203045685,27.38257691160794,249.4,90.6,2174.3999999999996,RT_CC_mixed_current
B0033,170,5.721510451786918,27.55888719238814,53.79228026466776,0,246,81,89,54.06807169337377,1483,1.3831900026575588,24,0.02928223188328616,0.8629441624365483,27.56629554444052,249.0,90.2,2164.8,RT_CC_mixed_current
B0033,171,5.683818551117129,26.997557420497092,53.22509160340434,0,247,78,88,53.61971540851879,1477,1.3646098107432565,24,0.01858019191430227,0.868020304568528,27.664959419827795,248.2,89.8,2155.2,RT_CC_mixed_current
B0033,172,5.6759510869565215,26.509150076927664,53.57857958784029,0,246,77,88,53.06404631225781,1472,1.369751365782437,24,-0.0051415550391804565,0.8730964467005076,27.685262638210865,247.6,89.4,2145.6000000000004,RT_CC_mixed_current
B0033,173,5.845213849287169,27.440477428985833,54.49825501084428,0,246,86,89,53.41868579189888,1473,1.3867946911071662,24,-0.017043325324729297,0.8781725888324873,27.531351909457026,247.0,89.0,2136.0,RT_CC_mixed_current
B0033,174,5.892487939352171,28.410500742419458,54.46813289210952,0,244,86,88,53.71985870004758,1451,1.3918615875742792,24,-0.005066896467113002,0.883248730964467,27.398289029480576,246.6,88.8,2131.2,RT_CC_mixed_current
B0033,175,5.814917127071824,28.51197078754072,53.89419947351141,0,244,82,87,53.63141604637063,1448,1.377162352180965,24,0.014699235393314192,0.8883248730964467,27.383314572243638,245.8,88.4,2121.6000000000004,RT_CC_mixed_current
B0033,176,5.714285714285714,27.525399531525743,53.782251370205934,0,243,79,87,53.30509458787619,1456,1.3599525359390852,24,0.017209816241879894,0.8934010152284264,27.573931291274153,245.4,88.0,2112.0,RT_CC_mixed_current
B0033,177,5.856751199451679,26.857097430326476,54.80009542618075,0,244,87,87,52.836918307151926,1459,1.379779043170725,24,-0.019826507231639923,0.8984771573604061,27.679499713479885,244.6,87.8,2107.2,RT_CC_mixed_current
B0033,178,5.704951856946355,27.556820795659103,53.59426450012642,0,243,78,87,53.943912260986934,1454,1.3631373661966442,24,0.01664167697408092,0.9035532994923858,27.749089184159647,244.2,87.6,2102.3999999999996,RT_CC_mixed_current
B0033,179,5.725138121546961,27.03970646607476,53.860038336831,0,241,79,87,53.21939087956449,1448,1.3652295228794809,24,-0.0020921566828366878,0.9086294416243654,27.772357857494296,243.6,87.2,2092.8,RT_CC_mixed_current
B0033,180,5.681660899653979,26.86899161331382,53.50394440240513,0,241,77,86,53.17834678085329,1445,1.3498620694059131,24,0.015367453473567716,0.9137055837563451,27.498199002225356,243.0,87.0,2088.0,RT_CC_mixed_current
B0033,181,5.690972222222222,26.863695988843823,53.71091736477066,0,240,77,86,52.881516355939546,1440,1.3529504172332432,24,-0.003088347827330029,0.9187817258883249,27.16960316737998,242.4,86.8,2083.2,RT_CC_mixed_current
B0033,182,5.7217573221757325,26.941811323360625,53.96609282803159,0,239,78,86,52.910959953934544,1434,1.3535740542605128,24,-0.0006236370272696412,0.9238578680203046,27.0372624588436,241.8,86.6,2078.3999999999996,RT_CC_mixed_current
B0033,183,5.693763139453399,26.786167809041736,53.89601837110568,0,239,76,85,52.98149989939057,1427,1.3432225183905024,24,0.010351535870010364,0.9289340101522843,27.054205237450425,240.8,86.4,2073.6000000000004,RT_CC_mixed_current
B0033,184,5.689775910364146,26.96693429202482,53.58335886886063,0,239,76,85,53.02097311363267,1428,1.3412081769053426,24,0.0020143414851598873,0.934010152284264,26.900074640126952,240.0,86.0,2064.0,RT_CC_mixed_current
B0033,185,5.663373323923783,26.985418743237602,53.35830232724686,0,236,75,84,52.95541902111513,1417,1.3277389969987805,24,0.013469179906562045,0.9390862944162437,26.885520205316965,239.6,85.6,2054.3999999999996,RT_CC_mixed_current
B0033,186,5.681016231474947,27.052285155413834,53.56872781314004,0,236,76,84,52.74176264445796,1417,1.329778900445409,24,-0.0020399034466285215,0.9441624365482234,26.90880563130172,238.6,85.2,2044.8000000000002,RT_CC_mixed_current
B0033,187,5.696605374823196,27.877572006331214,54.028944257752215,0,235,78,83,54.264192828706115,1414,1.3356045028702497,24,-0.005825602424840648,0.949238578680203,26.946523464615723,237.8,84.8,2035.1999999999998,RT_CC_mixed_current
B0033,188,5.63875088715401,26.441461180100355,53.32084823607714,0,236,73,83,52.34411806315911,1409,1.3177489685711123,24,0.017855534299137332,0.9543147208121827,27.13367560120984,237.0,84.2,2020.8000000000002,RT_CC_mixed_current
B0033,189,5.619658119658119,26.679817434154685,53.15804525272694,0,234,72,83,52.17104638238204,1404,1.317605472474197,24,0.00014349609691532983,0.9593908629441624,27.064734275421568,236.4,83.8,2011.1999999999998,RT_CC_mixed_current
B0033,190,5.634807417974322,26.802339607330723,53.44440984728841,0,233,73,83,52.333816344998816,1402,1.3185279522072382,24,-0.0009224797330411594,0.9644670050761421,27.007310903847536,235.4,83.4,2001.6000000000001,RT_CC_mixed_current
B0033,191,5.647353361945637,26.786942730556117,53.71116793928585,0,231,74,83,52.370768902781506,1398,1.3215397269813982,24,-0.0030117747741600365,0.9695431472081218,26.970695076666164,234.8,83.2,1996.8000000000002,RT_CC_mixed_current
B0033,192,5.600858369098712,26.829053507970812,53.18757385880901,0,232,72,82,52.382424798407435,1398,1.3046615372928705,24,0.016878189688527723,0.9746192893401016,26.91762659169462,233.8,83.0,1992.0,RT_CC_mixed_current
B0033,193,6.335820895522388,30.762285147654122,56.49572691828426,0,233,99,81,54.223996362776354,1340,1.3280324770208678,24,-0.02337093972799731,0.9796954314720813,26.707922892022538,233.2,82.8,1987.1999999999998,RT_CC_mixed_current
B0033,194,5.9920920201294035,30.314494695631456,55.32081069602003,0,232,91,83,55.37708010752042,1391,1.3634549770713926,24,-0.03542250005052483,0.9847715736040609,27.57208768553329,232.6,82.4,1977.6000000000001,RT_CC_mixed_current
B0033,195,5.845428156748912,28.942452923807537,54.57622829352292,0,230,81,83,53.18863919062563,1378,1.3291316747402466,24,0.034323302331146,0.9898477157360406,28.299023137828648,232.2,82.4,1977.6000000000001,RT_CC_mixed_current
B0033,196,5.709630702389573,27.734802208896063,54.008789265404765,0,229,76,82,52.439731500666305,1381,1.3124201086917682,24,0.016711566048478455,0.9949238578680203,28.727045801124007,231.6,82.4,1977.6000000000001,RT_CC_mixed_current
B0033,197,5.634978229317852,27.254605416959485,53.47500454222108,0,228,73,81,51.95603454350884,1378,1.3152825503676355,24,-0.0028624416758673554,1.0,28.916617696791995,231.2,82.2,1972.8000000000002,RT_CC_mixed_current
B0034,3,4.346583850931677,27.226383960205787,54.1404555915866,0,570,153,165,63.16963090723967,4025,1.645087369694532,24,0.017234345590053213,0.015228426395939087,33.50308591181897,360.5,130.5,3132.0,RT_CC_mixed_current
B0034,4,4.427043544690603,27.114276880761917,54.22868210799842,0,577,148,162,62.17613714211732,3927,1.620729289277574,24,0.024358080416958083,0.02030456852791878,31.410851927947906,430.3333333333333,142.0,3408.0,RT_CC_mixed_current
B0034,5,4.450693172900864,27.000672268222512,54.17641516112459,0,567,142,160,61.340779351369086,3823,1.5967402025126003,24,0.02398908676497369,0.025380710659898477,30.33670816615141,467.0,147.0,3528.0,RT_CC_mixed_current
B0034,6,4.278323848939472,26.41758200246879,54.09745559724325,0,566,130,155,61.382573793560475,3866,1.4856500618812698,24,0.11109014063133049,0.030456852791878174,29.66950098656563,487.0,149.6,3590.3999999999996,RT_CC_mixed_current
B0034,7,4.295142555438226,26.143188779123246,54.03810589370243,0,557,127,153,60.08220236953007,3788,1.4866702197497013,24,-0.0010201578684314594,0.03553299492385787,27.16134342286561,573.8,161.8,3883.2000000000003,RT_CC_mixed_current
B0034,8,4.317333333333333,26.26216182218554,54.56296443841966,0,552,128,152,60.0193240548532,3750,1.4701330958405268,24,0.0165371239091745,0.04060913705583756,26.78042077815645,567.4,159.0,3816.0,RT_CC_mixed_current
B0034,9,4.323958896700919,26.342890035772598,54.47381276284677,0,546,126,150,59.51445369575115,3698,1.4565041801019636,24,0.013628915738563174,0.04568527918781726,26.5875763505524,563.8,156.4,3753.6000000000004,RT_CC_mixed_current
B0034,10,4.327453142227123,26.33775731733163,54.157190141377896,0,538,122,148,59.27471208496774,3628,1.4418961035576472,24,0.014608076544316395,0.050761421319796954,26.433298981554536,557.6,154.0,3696.0,RT_CC_mixed_current
B0034,11,4.342546063651591,26.26188361613836,54.45256615419595,0,532,121,147,58.888709686937354,3582,1.4370949588970292,24,0.004801144660617984,0.05583756345177665,26.300715991376364,551.8,151.6,3638.3999999999996,RT_CC_mixed_current
B0034,12,4.37517750639023,26.05829134317731,54.20147817586685,0,524,121,146,58.763299614326804,3521,1.4458703624967404,24,-0.008775403599711185,0.06091370558375635,26.26957631411027,545.0,150.0,3600.0,RT_CC_mixed_current
B0034,13,4.3760831889081455,26.479691610005663,53.81393710497776,0,516,118,144,58.798524896156074,3462,1.432104054561837,24,0.013766307934903299,0.06598984771573604,26.252596826921085,538.4,148.6,3566.3999999999996,RT_CC_mixed_current
B0034,14,4.370639534883721,26.351388628699084,53.84994246144553,0,512,117,143,58.41536723961924,3440,1.426720633302465,24,0.00538342125937219,0.07106598984771574,26.29610278448511,531.2,147.0,3528.0,RT_CC_mixed_current
B0034,15,4.378689492325856,26.344590907028074,53.61278420241196,0,506,115,141,58.252296202302304,3388,1.4230846885129826,24,0.0036359447894822594,0.07614213197969544,26.297802503070407,524.4,145.6,3494.3999999999996,RT_CC_mixed_current
B0034,16,4.424115176964607,26.38894756088352,53.35590902048553,0,499,117,140,57.86713029053899,3334,1.4409479522418909,24,-0.01786326372890823,0.08121827411167512,26.2991692210097,518.0,144.2,3460.7999999999997,RT_CC_mixed_current
B0034,17,4.517889630078836,27.181187636854048,53.83102716771526,0,492,126,141,57.87666249935459,3298,1.486901544051865,24,-0.04595359180997405,0.08629441624365482,26.324582009958732,511.4,142.8,3427.2000000000003,RT_CC_mixed_current
B0034,18,4.620233702337023,28.205368247484607,53.994059646351175,0,486,133,142,58.62155830694854,3252,1.5245313226850703,24,-0.03762977863320538,0.09137055837563451,26.549161268694082,505.0,141.8,3403.2000000000003,RT_CC_mixed_current
B0034,19,4.5088868101029,28.065693885475117,53.39429065914855,0,482,118,138,58.85760982372478,3207,1.4629049605190707,24,0.06162636216599959,0.09644670050761421,26.894296596189868,499.0,141.4,3393.6000000000004,RT_CC_mixed_current
B0034,20,4.471199244570349,26.903049553316126,53.38470633939791,0,479,112,136,57.71761094231842,3177,1.423079450854989,24,0.039825509664081604,0.10152284263959391,27.237157647545075,493.0,140.4,3369.6000000000004,RT_CC_mixed_current
B0034,21,4.438451776649746,26.520956027752632,53.12872869294344,0,476,108,134,57.297975695769914,3152,1.4051040863603437,24,0.01797536449464543,0.1065989847715736,27.348849376802683,487.6,139.4,3345.6000000000004,RT_CC_mixed_current
B0034,22,4.820446457457134,26.61942828324237,55.80847324293826,0,458,140,146,57.10830363086903,3091,1.6329463925070862,24,-0.2278423061467425,0.1116751269035533,27.375251070176507,483.0,138.2,3316.7999999999997,RT_CC_mixed_current
B0034,23,4.8193979933110365,28.15428680930266,55.579127556921776,0,457,127,141,61.70716729474165,2990,1.5687138208259117,24,0.06423257168117447,0.116751269035533,27.26289919945417,476.2,139.2,3340.7999999999997,RT_CC_mixed_current
B0034,24,4.673624917163685,27.01422311168907,55.5590605953301,0,455,120,138,60.34301388073396,3018,1.5149520966053402,24,0.05376172422057146,0.1218274111675127,27.252682911817782,470.4,139.0,3336.0,RT_CC_mixed_current
B0034,25,4.642499164717675,26.598514311491254,55.43438713431678,0,452,117,135,59.397718830004585,2993,1.4855182940634626,24,0.029433802541877663,0.12690355329949238,27.04238875706057,465.0,139.0,3336.0,RT_CC_mixed_current
B0034,26,4.667004732927654,26.555298697888986,55.91432751133226,0,448,117,134,58.63895943768815,2958,1.480771929049074,24,0.0047463650143886316,0.1319796954314721,26.9814817086956,459.6,138.8,3331.2000000000003,RT_CC_mixed_current
B0034,27,4.67698061883713,26.703068212720932,55.78439633575717,0,445,118,133,58.497957057387104,2941,1.484026357317059,24,-0.0032544282679849434,0.13705583756345177,26.988350242722866,454.0,138.8,3331.2000000000003,RT_CC_mixed_current
B0034,28,4.696606102159754,26.86488897535357,55.819046085150106,0,440,120,132,58.34013807307474,2917,1.4922153055506522,24,-0.008188948233593285,0.14213197969543148,27.005078228618583,451.4,136.2,3268.7999999999997,RT_CC_mixed_current
B0034,29,4.7266713091922,27.282734586208594,55.81813101636483,0,437,118,131,58.257482880314726,2872,1.473312924099279,24,0.01890238145137313,0.14720812182741116,26.747198661828765,448.0,134.4,3225.6000000000004,RT_CC_mixed_current
B0034,30,4.744861800141743,26.837887742488693,55.50852980614408,0,436,114,129,57.70875460089002,2822,1.441593178980006,24,0.031719745119273,0.15228426395939088,26.800900956732665,444.4,133.0,3192.0,RT_CC_mixed_current
B0034,31,4.680098974902792,26.400841571925515,55.810474269938815,0,433,111,128,57.380657055757915,2829,1.4225873198015788,24,0.01900585917842723,0.15736040609137056,26.848775642932157,441.2,131.8,3163.2000000000003,RT_CC_mixed_current
B0034,32,4.699463327370304,26.355532462595157,55.5580463265768,0,428,111,127,57.15546150211364,2795,1.4266489379486664,24,-0.004061618147087609,0.16243654822335024,26.817884217739465,438.2,130.6,3134.3999999999996,RT_CC_mixed_current
B0034,33,4.748734634851772,26.55058178384001,55.7456104997617,0,423,114,127,56.965496602046784,2766,1.4596775560238575,24,-0.033028618075191085,0.16751269035532995,26.74837706771431,434.8,129.4,3105.6000000000004,RT_CC_mixed_current
B0034,34,4.775219298245614,27.01220762994647,55.88273287086187,0,422,113,126,57.07236989053743,2736,1.4396159938545154,24,0.020061562169342073,0.17258883248730963,26.685515629411594,431.4,128.4,3081.6000000000004,RT_CC_mixed_current
B0034,35,4.7399483585392845,26.64393334406187,55.52091947034592,0,420,108,124,56.852600265078614,2711,1.4195512657848512,24,0.020064728069664195,0.17766497461928935,26.63141023815917,428.4,127.4,3057.6000000000004,RT_CC_mixed_current
B0034,36,4.743068391866913,26.393331977864815,56.03798112972515,0,417,109,124,56.38950019380236,2705,1.4118101714470452,24,0.007741094337806009,0.18274111675126903,26.592619358473804,425.2,126.4,3033.6000000000004,RT_CC_mixed_current
B0034,37,4.752530933633296,26.458537473261654,55.7872631992585,0,412,107,123,56.48216350136047,2667,1.4044196701845313,24,0.007390501262513949,0.18781725888324874,26.591117439661666,422.0,125.6,3014.3999999999996,RT_CC_mixed_current
B0034,38,4.913141993957704,26.99197123540148,56.29505678813318,0,407,121,125,56.355448062903285,2648,1.4735059098606866,24,-0.06908623967615535,0.19289340101522842,26.61171844179496,418.8,124.8,2995.2,RT_CC_mixed_current
B0034,39,5.076952674105425,28.610931715963275,57.203641711448896,0,404,129,126,57.172920262659886,2599,1.492658600645149,24,-0.019152690784462356,0.19796954314720813,26.699996332107258,415.6,124.4,2985.6000000000004,RT_CC_mixed_current
B0034,40,5.0747442958300555,29.139658147186513,56.48442346523092,0,400,122,124,57.48167522917464,2542,1.4820260149945934,24,0.010632585650555582,0.20304568527918782,27.01974114931062,412.0,124.4,2985.6000000000004,RT_CC_mixed_current
B0034,41,4.88481062085123,27.557008552069377,55.71155596776208,0,400,110,121,56.96562063895845,2561,1.423575357658995,24,0.05845065733559851,0.20812182741116753,27.518886109935544,408.0,124.4,2985.6000000000004,RT_CC_mixed_current
B0034,42,4.914750198255353,26.86933222184071,55.725184853786985,0,400,107,120,55.76884292552137,2522,1.403825219724535,24,0.01975013793446001,0.2131979695431472,27.75162142477646,404.6,123.8,2971.2,RT_CC_mixed_current
B0034,43,5.039246467817897,26.51955686456477,56.68734909187956,0,390,122,127,56.01717965366866,2548,1.5363173478836123,24,-0.1324921281590774,0.2182741116751269,27.83378037449227,402.2,123.2,2956.8,RT_CC_mixed_current
B0034,44,5.239340305711987,28.46993274213776,57.523569542125074,0,389,130,127,58.74080830475916,2486,1.5440367168176732,24,-0.007719368934060888,0.2233502538071066,27.739297500324927,398.8,123.6,2966.3999999999996,RT_CC_mixed_current
B0034,45,5.170731707317073,28.918553706119084,56.64647124225468,0,388,122,124,58.51249978953946,2460,1.507892155360249,24,0.036144561457424285,0.22842639593908629,27.711097705559826,395.8,123.8,2971.2,RT_CC_mixed_current
B0034,46,11.112759643916913,31.67645448556772,61.22071154968515,0,402,172,150,39.73897794364573,1348,1.8203060058691087,24,-0.31241385050885984,0.233502538071066,27.666876817346342,393.4,123.8,2971.2,RT_CC_mixed_current
B0034,47,5.3892092257001645,29.48447320306863,58.28488787096781,0,381,132,131,61.615563152948496,2428,1.5936575758226643,24,0.22664843004644442,0.23857868020304568,28.49076600404601,393.8,129.6,3110.3999999999996,RT_CC_mixed_current
B0034,48,5.236722931247427,28.04302859285725,57.592019665372526,0,382,122,127,60.285660177384635,2429,1.533070464968097,24,0.06058711085456725,0.2436548223350254,29.013794200291592,390.0,131.8,3163.2000000000003,RT_CC_mixed_current
B0034,49,5.187343880099917,27.570573579709787,57.28443182001311,0,379,117,124,58.97874155630256,2402,1.4862143093107285,24,0.04685615565736856,0.24873096446700507,29.31848854595009,388.4,131.8,3163.2000000000003,RT_CC_mixed_current
B0034,50,5.17864476386037,27.47760257415162,57.87208806126728,0,379,123,124,58.30781088621322,2435,1.5029318848267783,24,-0.0167175755160498,0.25380710659898476,29.138616713464494,386.4,131.2,3148.7999999999997,RT_CC_mixed_current
B0034,51,5.343959731543624,28.791242006139168,58.01475740778219,0,376,130,124,58.18909598324534,2384,1.5202185406928062,24,-0.017286655866027845,0.25888324873096447,28.850426487071,384.6,131.2,3148.7999999999997,RT_CC_mixed_current
B0034,52,5.3630573248407645,29.286549980431626,58.312052179468594,0,374,128,123,58.18321363190818,2355,1.5118194735004464,24,0.008399067192359722,0.2639593908629442,28.273383991185295,379.4,126.0,3024.0,RT_CC_mixed_current
B0034,53,5.244889267461669,28.4232798245711,57.74556007237976,0,374,119,120,57.99680799838164,2348,1.464601301820905,24,0.047218171679541454,0.26903553299492383,28.233799346657896,378.0,124.4,2985.6000000000004,RT_CC_mixed_current
B0034,54,5.225418634607127,28.03658277296084,57.59063118746153,0,372,116,119,57.09742862440671,2329,1.4546140961511749,24,0.009987205669730104,0.27411167512690354,28.30984959300066,376.4,123.0,2952.0,RT_CC_mixed_current
B0034,55,5.21973287376131,27.88679475704941,57.76023731619168,0,372,115,118,56.64747711928823,2321,1.4333400490204142,24,0.021274047130760643,0.27918781725888325,28.403051431650873,375.0,122.0,2928.0,RT_CC_mixed_current
B0034,56,5.295909486510009,28.21562710457564,57.84385498440773,0,369,119,118,56.49559892736208,2298,1.449326234639616,24,-0.015986185619201843,0.28426395939086296,28.484889868230425,373.6,120.8,2899.2,RT_CC_mixed_current
B0034,57,5.3184165232358005,28.706938120086836,58.50818415025991,0,364,128,119,57.037147363805914,2324,1.495199821798908,24,-0.045873587159291906,0.2893401015228426,28.369766887917724,372.2,119.6,2870.3999999999996,RT_CC_mixed_current
B0034,58,5.4428126390743214,29.768958390200357,58.39804679399696,0,363,125,118,56.991177116945984,2247,1.4720590241846008,24,0.023140797614307207,0.29441624365482233,28.253844515848765,370.2,118.8,2851.2,RT_CC_mixed_current
B0034,59,5.196989818503763,28.121804033860784,57.19671566450291,0,365,109,114,56.7650101627769,2259,1.4097383014648728,24,0.062320722719727994,0.29949238578680204,28.52298022897462,368.0,118.4,2841.6000000000004,RT_CC_mixed_current
B0034,60,5.182872435325602,27.368928055391706,57.09358220904711,0,364,106,113,55.36537934444367,2242,1.3861944181384176,24,0.023543883326455184,0.30456852791878175,28.540024481154603,366.6,117.4,2817.6000000000004,RT_CC_mixed_current
B0034,61,5.165696372592924,27.09689154193678,57.056434523826645,0,362,105,112,54.97810642337522,2233,1.3624125407550536,24,0.023781877383364014,0.3096446700507614,28.436451140823067,365.0,116.4,2793.6000000000004,RT_CC_mixed_current
B0034,62,5.277161862527716,27.2076495260693,57.99096942950453,0,357,119,115,55.12813035156474,2255,1.4471377445077278,24,-0.08472520375267423,0.3147208121827411,28.212704028295292,363.6,115.2,2764.8,RT_CC_mixed_current
B0034,63,5.425386715195632,29.183482611009335,58.16328313862759,0,354,123,114,56.03232519027895,2198,1.4554483390450048,24,-0.008310594537277005,0.3197969543147208,27.912846309491783,362.2,114.4,2745.6000000000004,RT_CC_mixed_current
B0034,64,5.481036077705828,29.79804753867081,58.29542391419101,0,354,120,114,55.997780511522926,2162,1.4423952167302958,24,0.01305312231470901,0.3248730964467005,27.795751153653583,360.4,113.6,2726.3999999999996,RT_CC_mixed_current
B0034,65,5.2716390423572745,27.961669012474413,57.375182540416354,0,355,107,111,55.689749777999715,2172,1.377541945989605,24,0.0648532707406908,0.3299492385786802,28.130999854615585,358.2,113.6,2726.3999999999996,RT_CC_mixed_current
B0034,66,5.232933579335794,27.265225224465645,57.42041259082052,0,354,105,110,54.73760673753552,2168,1.3539935892900532,24,0.023548356699551798,0.3350253807106599,28.249548046032128,356.4,113.2,2716.8,RT_CC_mixed_current
B0034,67,5.441647597254004,26.916793802367625,57.71520595046742,0,344,120,120,55.02606153826363,2185,1.5509038861664448,24,-0.1969102968763916,0.3401015228426396,28.283214782537904,354.8,112.8,2707.2,RT_CC_mixed_current
B0034,68,5.6042930471301915,28.68121747086726,58.17136403259683,0,344,126,119,59.08682985807424,2143,1.5562932697752867,24,-0.005389383608841891,0.34517766497461927,28.22504363779756,352.2,113.8,2731.2,RT_CC_mixed_current
B0034,69,5.52868658131816,29.155416542143755,57.753084428922655,0,344,116,116,58.23039950774728,2109,1.5067526605064707,24,0.04954060926881598,0.350253807106599,28.124590609769154,350.2,114.8,2755.2,RT_CC_mixed_current
B0034,70,5.413694721825963,27.834268830491546,57.5103657978898,0,345,108,113,57.20513399530985,2103,1.444138733302766,24,0.06261392720370473,0.3553299492385787,27.996064410463738,348.2,115.2,2764.8,RT_CC_mixed_current
B0034,71,5.313241575700047,27.171300681851925,56.86348453612092,0,343,104,111,56.42438068950428,2107,1.4144103811292437,24,0.02972835217352232,0.3604060913705584,27.970584374067165,346.2,115.6,2774.3999999999996,RT_CC_mixed_current
B0034,72,5.2705268153773135,26.882902715073627,56.97607576818629,0,343,102,110,55.67821045677507,2107,1.3897574212362729,24,0.024652959892970783,0.36548223350253806,27.951799465544422,344.0,115.8,2779.2,RT_CC_mixed_current
B0034,73,5.414495499763145,27.159541060253645,57.956995411354825,0,340,114,112,55.50356077368167,2111,1.449968311475299,24,-0.06021089023902615,0.37055837563451777,27.945021248085617,343.8,113.8,2731.2,RT_CC_mixed_current
B0034,74,5.763473053892215,29.01775990358835,58.3663921180059,0,338,120,112,55.49845396552914,2004,1.4678653068012166,24,-0.017896995325917597,0.3756345177664975,27.6406859659629,343.0,112.4,2697.6000000000004,RT_CC_mixed_current
B0034,75,5.512003919647232,29.0583606134095,57.883249801186295,0,337,111,110,56.17796194382716,2041,1.4290644310445066,24,0.038800875756709985,0.38071065989847713,27.61315463825182,341.8,111.6,2678.3999999999996,RT_CC_mixed_current
B0034,76,5.347762645914397,27.36682693139489,57.62604602919208,0,338,103,108,55.57107050107734,2056,1.376744834668327,24,0.052319596376179556,0.38578680203045684,27.85797299483541,340.2,111.0,2664.0,RT_CC_mixed_current
B0034,77,5.279138099902057,26.871970501747054,56.803768142247485,0,336,98,106,54.89729796040684,2042,1.3515813262521057,24,0.025163508416221392,0.39086294416243655,27.897078244744,339.2,110.4,2649.6000000000004,RT_CC_mixed_current
B0034,78,5.2228682170542635,26.263171924883686,56.88027382398077,0,336,98,106,54.43493840892431,2064,1.353993472828928,24,-0.002412146576822316,0.39593908629441626,27.89489180207869,337.8,109.6,2630.3999999999996,RT_CC_mixed_current
B0034,79,5.3071253071253075,26.80481186473972,57.11228470728586,0,334,100,106,54.20386167658422,2035,1.3577165116893766,24,-0.0037230388604485576,0.4010152284263959,27.715617975004694,337.0,108.4,2601.6000000000004,RT_CC_mixed_current
B0034,80,5.271069492360769,26.507769331564763,57.23777746505438,0,334,97,105,54.28025737845629,2029,1.334169315351027,24,0.023547196338349563,0.40609137055837563,27.273028367234975,336.2,107.2,2572.8,RT_CC_mixed_current
B0034,81,5.246669955599408,26.565415725630437,56.79550408983589,0,332,97,104,54.299898223048785,2027,1.3372147888783987,24,-0.0030454735273717226,0.41116751269035534,26.762910110866024,335.6,106.2,2548.8,RT_CC_mixed_current
B0034,82,5.2272727272727275,26.556895770202267,56.74357378980126,0,330,96,104,54.1134722675826,2024,1.339045224276927,24,-0.0018304353985283406,0.41624365482233505,26.60262786971313,334.4,105.4,2529.6000000000004,RT_CC_mixed_current
B0034,83,5.24093392945852,26.250116246494823,57.1850535860252,0,328,96,104,53.879089992157354,2013,1.3439244604756322,24,-0.004879236198705117,0.4213197969543147,26.53961292340417,333.2,105.0,2520.0,RT_CC_mixed_current
B0034,84,5.264471057884232,26.492790966498692,57.13163600499266,0,328,96,104,54.21601161242371,2004,1.3454786192090245,24,-0.0015541587333922635,0.4263959390862944,26.5370017877264,331.6,104.6,2510.3999999999996,RT_CC_mixed_current
B0034,85,5.258793969849246,26.658004773726294,56.68621589748299,0,326,95,103,54.08468015520173,1990,1.3482263029682544,24,-0.0027476837592299574,0.43147208121827413,26.4745976080782,330.4,104.2,2500.8,RT_CC_mixed_current
B0034,86,5.267137096774194,26.436298874728053,57.14457415944487,0,325,95,103,53.8083830388059,1984,1.3373192299576058,24,0.010907073010648638,0.4365482233502538,26.504644696510503,328.8,103.8,2491.2,RT_CC_mixed_current
B0034,87,5.293968575772935,26.498524330998137,57.28985408720813,0,323,96,103,53.93810529404858,1973,1.3402523341553034,24,-0.0029331041976976557,0.4416243654822335,26.478821326330024,327.4,103.6,2486.3999999999996,RT_CC_mixed_current
B0034,88,5.256475368207211,26.193990924947474,56.90074118043176,0,322,94,102,53.93418573032426,1969,1.329096568237912,24,0.011155765917391536,0.4467005076142132,26.467147038489202,326.0,103.4,2481.6000000000004,RT_CC_mixed_current
B0034,89,5.312820512820513,26.518390914939214,57.126183132620525,0,321,95,102,53.71112486352717,1950,1.3323485655766352,24,-0.003251997338723278,0.4517766497461929,26.455921974179727,324.8,103.0,2472.0,RT_CC_mixed_current
B0034,90,5.371134020618556,26.902667483006844,57.09006956503022,0,320,98,102,53.73578721267239,1940,1.3501541310555516,24,-0.01780556547891643,0.45685279187817257,26.461041963867835,323.4,102.6,2462.3999999999996,RT_CC_mixed_current
B0034,91,5.472972972972973,27.783708645383356,57.56129571557157,0,317,103,103,53.84907819145153,1924,1.381523441054128,24,-0.031369309998576345,0.4619289340101523,26.509974505723942,322.2,102.4,2457.6000000000004,RT_CC_mixed_current
B0034,92,5.554683411826269,28.36811771143154,58.12885115554352,0,316,107,103,54.08957436517958,1911,1.3835971952817807,24,-0.0020737542276527687,0.467005076142132,26.77945645985501,320.6,102.4,2457.6000000000004,RT_CC_mixed_current
B0034,93,5.331950207468879,27.08809826202349,57.35750604508094,0,316,96,101,54.54232479167507,1928,1.33011618620809,24,0.0534810090736908,0.4720812182741117,27.153375135941683,319.2,102.4,2457.6000000000004,RT_CC_mixed_current
B0034,94,5.309386470896697,26.560314680687497,57.07647448385972,0,315,92,100,53.770097772634735,1907,1.3176982121703231,24,0.012417974037766788,0.47715736040609136,27.332196603356884,318.0,102.2,2452.8,RT_CC_mixed_current
B0034,95,5.246460409019402,26.160434090338573,56.56265009891403,0,314,89,99,53.488836582427595,1907,1.3063657719651272,24,0.01133244020519597,0.48223350253807107,27.34058135650655,316.8,101.8,2443.2,RT_CC_mixed_current
B0034,96,5.363157894736842,26.32518884576977,57.16856231635899,0,312,96,100,53.09395914058686,1900,1.3381567383793782,24,-0.031790966414251054,0.4873096446700508,27.192134677972895,315.6,101.2,2428.8,RT_CC_mixed_current
B0034,97,5.446853516657853,27.283662257645275,57.902838661735686,0,309,101,101,53.7773251679247,1891,1.3563258092165067,24,-0.018169070837128487,0.49238578680203043,26.900430718050178,314.6,100.6,2414.3999999999996,RT_CC_mixed_current
B0034,98,5.478978179882916,27.943388782562643,58.11517890209301,0,307,102,101,54.15184473980152,1879,1.3648997529550058,24,-0.008573943738499068,0.49746192893401014,26.68353962729292,313.2,100.2,2404.8,RT_CC_mixed_current
B0034,99,5.384408602150538,27.179139084555068,56.98035659049231,0,308,93,99,54.201166759124575,1860,1.3337639975535058,24,0.03113575540149993,0.5025380710659898,26.85459773140075,311.4,100.2,2404.8,RT_CC_mixed_current
B0034,100,5.3165236051502145,26.376455537807974,56.67208442551173,0,308,90,98,53.35938630806328,1864,1.3060123668658763,24,0.027751630687629536,0.5076142131979695,26.978362612174266,310.0,100.0,2400.0,RT_CC_mixed_current
B0034,101,5.34965034965035,26.33677967355093,57.04472631715234,0,307,92,98,53.042984378447436,1859,1.3101868361375808,24,-0.004174469271704506,0.5126903553299492,27.021566901668148,308.8,99.8,2395.2,RT_CC_mixed_current
B0034,102,5.4498922413793105,27.062635774249287,57.64730160708694,0,304,99,99,53.39315432522881,1856,1.3567668941696105,24,-0.04658005803202969,0.5177664974619289,27.023885067224377,307.8,99.4,2385.6000000000004,RT_CC_mixed_current
B0034,103,5.565170362358032,27.873724128038265,58.29336025761747,0,302,106,100,54.06063414967757,1849,1.3916857433587717,24,-0.034918849189161216,0.5228426395939086,26.979679770545182,306.8,99.0,2376.0,RT_CC_mixed_current
B0034,104,5.60177481974487,28.48529114622836,57.95445943311949,0,302,100,99,54.16688402035625,1803,1.3629935079344777,24,0.028692235424294,0.5279187817258884,26.965746839640303,305.8,98.8,2371.2,RT_CC_mixed_current
B0034,105,5.404735682819383,27.11282540865905,56.91514213395795,0,302,91,97,53.84996111294866,1816,1.3211711973900628,24,0.041822310544414876,0.5329949238578681,27.22697725197496,304.6,98.8,2371.2,RT_CC_mixed_current
B0034,106,5.364983534577387,26.43706736144599,57.19634917626827,0,301,90,97,53.07746033921505,1822,1.3074869015593356,24,0.013684295830727278,0.5380710659898477,27.37425122614518,303.4,98.6,2366.3999999999996,RT_CC_mixed_current
B0034,107,5.360881542699724,26.39250699448348,56.74944920850043,0,300,90,96,53.09344631126808,1815,1.3105881895483489,24,-0.003101287989013324,0.5431472081218274,27.39430876372419,302.2,98.4,2361.6000000000004,RT_CC_mixed_current
B0034,108,5.600442722744881,27.356941885231386,58.60834889757344,0,296,104,99,52.98324362619585,1807,1.376312668196664,24,-0.0657244786483151,0.5482233502538071,27.26028300777103,301.4,97.8,2347.2,RT_CC_mixed_current
B0034,109,5.755781161872532,28.99617311203299,58.69313490028398,0,295,108,99,54.19241357228243,1773,1.391764929132287,24,-0.01545226093562313,0.5532994923857868,27.156926559209655,300.2,97.6,2342.3999999999996,RT_CC_mixed_current
B0034,110,5.674061433447099,28.921057878360543,58.287617732907975,0,294,101,98,54.140015385814,1758,1.3649746353453525,24,0.02679029378693465,0.5583756345177665,27.25910295237058,298.8,97.6,2342.3999999999996,RT_CC_mixed_current
B0034,111,5.452247191011236,27.42825750851148,57.38456939785952,0,295,92,96,53.93528282938901,1780,1.3219093937291897,24,0.043065241616162764,0.5634517766497462,27.620749446310878,297.2,97.8,2347.2,RT_CC_mixed_current
B0034,112,5.439684329199549,26.736024258113844,57.58115209169171,0,293,91,96,53.19733360114401,1774,1.3090033888073913,24,0.012906004921798386,0.5685279187817259,27.818987475723976,296.0,97.6,2342.3999999999996,RT_CC_mixed_current
B0034,113,5.41501976284585,26.247752047301137,57.13289738293001,0,291,91,95,53.123359046824085,1771,1.3327005721973733,24,-0.023697183389981946,0.5736040609137056,27.88769092845005,294.6,97.6,2342.3999999999996,RT_CC_mixed_current
B0034,114,15.82923832923833,32.7670528678641,61.43732341776916,0,370,143,121,27.18495257924739,814,1.7423975189669398,24,-0.4096969467695666,0.5786802030456852,27.665852960863997,293.6,96.8,2323.2,RT_CC_mixed_current
B0034,115,5.805408583186361,28.892732665477286,57.73883179659806,0,291,100,97,50.49772752126895,1701,1.37734756281946,24,0.3650499561474798,0.583756345177665,28.420028912030215,308.6,101.2,2428.8,RT_CC_mixed_current
B0034,116,5.6023054755043225,27.87642723024045,57.386080612263264,0,291,95,96,53.67933562146785,1735,1.34875988767775,24,0.02858767514171001,0.5888324873096447,28.41436386945357,308.0,101.0,2424.0,RT_CC_mixed_current
B0034,117,5.542099192618224,27.428112226534452,56.89633685865634,0,289,93,95,53.46821324983202,1734,1.3501504559881146,24,-0.0013905683103645483,0.5939086294416244,28.503997813799366,307.2,101.0,2424.0,RT_CC_mixed_current
B0034,118,5.487385321100917,27.244418832070686,57.238769179765264,0,288,92,95,53.189848987811054,1744,1.3387814875085953,24,0.011368968479519292,0.5989847715736041,28.642415407483487,306.4,100.8,2419.2,RT_CC_mixed_current
B0034,119,5.473714615829,27.115745384116973,56.92287178370967,0,287,90,94,53.169775811204985,1731,1.3253371210402685,24,0.013444366468326807,0.6040609137055838,28.84174876443739,305.8,100.8,2419.2,RT_CC_mixed_current
B0034,120,5.512152777777778,26.85140925993351,57.63060311370659,0,285,92,95,53.02358555679765,1728,1.3308160596334049,24,-0.005478938593136418,0.6091370558375635,27.71148726768797,289.2,95.4,2289.6000000000004,RT_CC_mixed_current
B0034,121,5.529859484777518,27.093488707486664,57.01462861282404,0,285,90,94,53.27796821040143,1708,1.333083376618503,24,-0.002267316985098189,0.6142131979695431,27.303222586579217,288.0,95.0,2280.0,RT_CC_mixed_current
B0034,122,5.505847953216374,27.06120388558555,57.17373710163345,0,283,90,94,53.09555597270759,1710,1.3333226534895923,24,-0.00023927687108926676,0.6192893401015228,27.146634882028458,286.8,94.6,2270.3999999999996,RT_CC_mixed_current
B0034,123,5.485096434833431,27.0156252428676,56.96912010183172,0,283,90,93,53.140065947929486,1711,1.3264281097516477,24,0.006894543737944625,0.6243654822335025,27.073253213838676,285.6,94.4,2265.6000000000004,RT_CC_mixed_current
B0034,124,5.4630715123094955,26.975336752359407,57.10359458618797,0,282,88,93,52.93417462923061,1706,1.323971040986857,24,0.002457068764790682,0.6294416243654822,27.02749449599806,284.6,94.0,2256.0,RT_CC_mixed_current
B0034,125,5.515008828722778,26.73639724012616,57.068326741336485,0,282,90,93,52.86896111146,1699,1.3249364225071156,24,-0.0009653815202586014,0.6345177664974619,26.999412769646547,283.6,93.8,2251.2,RT_CC_mixed_current
B0034,126,5.543026706231454,27.15724783571122,57.42601185667435,0,280,90,93,52.878372178023405,1685,1.3283067675570923,24,-0.0033703450499766863,0.6395939086294417,26.976410365685076,283.0,93.4,2241.6000000000004,RT_CC_mixed_current
B0034,127,5.698596705308114,27.149250114960278,57.61101162387096,0,280,90,93,52.656086145462915,1639,1.314584348909226,24,0.013722418647866386,0.6446700507614214,26.98916219132999,282.0,93.2,2236.8,RT_CC_mixed_current
B0034,128,5.504750593824228,27.030017532023248,57.13778358983724,0,279,89,92,52.96936516772786,1684,1.3166841798543305,24,-0.002099830945104575,0.649746192893401,27.00677143720493,281.4,93.0,2232.0,RT_CC_mixed_current
B0034,129,5.534328358208955,27.02743968500315,57.23603082155364,0,279,89,92,52.63538455600671,1675,1.3041727649654071,24,0.012511414888923378,0.6548223350253807,27.009649895036063,280.6,92.8,2227.2,RT_CC_mixed_current
B0034,130,5.667265110712148,27.067083335833633,58.39093066235441,0,277,97,93,52.56858784898466,1671,1.3534450073572306,24,-0.049272242391823484,0.6598984771573604,27.02007048156481,280.0,92.6,2222.3999999999996,RT_CC_mixed_current
B0034,131,5.879488740109556,29.278719761540017,58.90073826779548,0,276,104,94,53.1913369296732,1643,1.371294082513786,24,-0.017849075156555427,0.6649746192893401,27.086207700706307,279.0,92.6,2222.3999999999996,RT_CC_mixed_current
B0034,132,5.706554419723392,29.221259050243855,58.27129279916865,0,275,99,93,53.94320707432419,1663,1.357699321922511,24,0.013594760591274957,0.6700507614213198,27.510502085872066,278.2,92.8,2227.2,RT_CC_mixed_current
B0034,133,5.632183908045977,28.15411043226525,58.03064804249352,0,275,93,92,53.43625231622801,1653,1.3286903090919502,24,0.0290090128305609,0.6751269035532995,27.92490387292878,277.2,92.8,2227.2,RT_CC_mixed_current
B0034,134,5.570388349514563,27.468080042523503,57.376456720947886,0,275,89,91,52.996208434464016,1648,1.3143943268181724,24,0.014295982273777819,0.6802030456852792,28.14972245297718,276.4,92.8,2227.2,RT_CC_mixed_current
B0034,135,5.533088235294118,26.94411272829373,58.48728985101988,0,264,92,89,52.72524591303985,1632,1.3866783030110723,24,-0.07228397619289995,0.6852791878172588,28.237850524481253,275.6,92.6,2222.3999999999996,RT_CC_mixed_current
B0034,136,5.818570555894929,28.257545739014542,58.63748276638773,0,272,101,94,54.58652107798175,1637,1.3868330458429208,24,-0.0001547428318484645,0.6903553299492385,28.213256402973276,273.0,91.8,2203.2,RT_CC_mixed_current
B0034,137,5.761609907120743,28.84334551916187,57.63608525053667,0,273,94,92,54.107153785595024,1615,1.3548037379291014,24,0.032029307913819416,0.6954314720812182,28.009021598468177,272.2,91.8,2203.2,RT_CC_mixed_current
B0034,138,5.634969325153374,27.803261608569404,57.60594379182819,0,272,91,91,53.38074972854833,1630,1.3255787669951669,24,0.029224970933934502,0.700507614213198,27.93343889225178,271.8,91.6,2198.3999999999996,RT_CC_mixed_current
B0034,139,5.556238475722188,27.37572935199073,56.80159282025973,0,271,87,90,53.22719086095389,1627,1.3119728676377551,24,0.013605899357411744,0.7055837563451777,27.86326912751261,271.2,91.4,2193.6000000000004,RT_CC_mixed_current
B0034,140,5.5900816070307595,27.147002496777688,56.21047251769452,0,269,84,89,52.42398515284393,1593,1.3064487948795198,24,0.005524072758235299,0.7106598984771574,27.84479898940606,270.4,91.2,2188.8,RT_CC_mixed_current
B0034,141,5.691922354414527,27.759194604679482,57.153953136576106,0,266,92,90,52.3039198386657,1597,1.3418431880549024,24,-0.03539439317538262,0.7157360406091371,27.885376943102848,271.4,91.2,2188.8,RT_CC_mixed_current
B0034,142,5.891152132399745,29.06517104736165,58.22840707938393,0,265,98,91,52.883598429291446,1571,1.3609210170759327,24,-0.01907782902103028,0.7208121827411168,27.785706716235836,270.2,90.4,2169.6000000000004,RT_CC_mixed_current
B0034,143,5.73303457106274,28.879624479374467,56.896536733279625,0,264,89,89,53.16060647581954,1562,1.329960367739497,24,0.03096064933643561,0.7258883248730964,27.830071821875794,268.6,90.2,2164.8,RT_CC_mixed_current
B0034,144,5.6226053639846745,27.752759611590193,56.43024249534344,0,265,84,88,52.342834810004035,1566,1.299069387625936,24,0.030890980113561062,0.7309644670050761,28.045344396036803,267.0,89.8,2155.2,RT_CC_mixed_current
B0034,145,5.566097406704618,27.20341435481803,56.60428484008346,0,263,85,88,52.180845148008274,1581,1.2984544371955695,24,0.0006149504303665232,0.7360406091370558,28.1207504479567,265.8,89.4,2145.6000000000004,RT_CC_mixed_current
B0034,146,5.630914826498422,27.05327347523291,57.47493245382511,0,262,89,89,52.27313326252462,1585,1.317648609161009,24,-0.019194171965439377,0.7411167512690355,28.132032819564763,264.6,89.2,2140.8,RT_CC_mixed_current
B0034,147,5.841423948220065,28.543354076583558,57.43585109945852,0,262,93,89,52.48107526419913,1545,1.3360648564106594,24,-0.01841624724965052,0.7461928934010152,27.99084859367545,263.8,89.0,2136.0,RT_CC_mixed_current
B0034,148,6.033031088082901,29.399850940199695,59.12207312090748,0,261,104,90,52.593933342740414,1544,1.3635797361860138,24,-0.027514879775354384,0.751269035532995,27.886485199519832,263.2,88.6,2126.3999999999996,RT_CC_mixed_current
B0034,149,5.769230769230769,29.21762945931393,58.23289082409849,0,262,95,89,53.32453570350584,1573,1.3333112541544827,24,0.030268482031531097,0.7563451776649747,27.990530491684876,262.6,88.8,2131.2,RT_CC_mixed_current
B0034,150,5.672831632653061,28.033566623260263,57.69877961341635,0,261,90,88,52.84240230345887,1568,1.3023273463118925,24,0.030983907842590197,0.7614213197969543,28.283504461229626,262.0,89.0,2136.0,RT_CC_mixed_current
B0034,151,5.65537084398977,27.204061178345516,57.777112656377554,0,261,88,88,52.35165908180936,1564,1.2888728444455877,24,0.013454501866304813,0.766497461928934,28.44953491491807,261.6,89.0,2136.0,RT_CC_mixed_current
B0034,152,5.614990390775144,27.138168939494115,57.23966158430743,0,261,86,87,52.37469975139968,1561,1.2902746194203034,24,-0.0014017749747157193,0.7715736040609137,28.47969245554059,261.4,88.8,2131.2,RT_CC_mixed_current
B0034,153,5.61014771997431,27.16466802539661,57.39229514777536,0,259,86,87,52.08567386977209,1557,1.292407565676824,24,-0.002132946256520496,0.7766497461928934,28.198655428122702,261.2,88.4,2121.6000000000004,RT_CC_mixed_current
B0034,154,5.6294383473208525,27.257041083182905,57.49397345620112,0,258,86,87,52.10972289801569,1549,1.295409150510234,24,-0.003001584833410176,0.7817258883248731,27.751618845162092,260.8,87.8,2107.2,RT_CC_mixed_current
B0034,155,5.595854922279793,27.195053012005356,57.117778050999135,0,258,84,86,52.100016933734445,1544,1.283229881592695,24,0.012179268917539066,0.7868020304568528,27.35950116993588,260.0,87.4,2097.6000000000004,RT_CC_mixed_current
B0034,156,5.994170984455959,27.118676176545,59.0081622348613,0,254,101,94,51.837584443015515,1544,1.4557454024367815,24,-0.1725155208440865,0.7918781725888325,27.191798447684903,259.4,87.0,2088.0,RT_CC_mixed_current
B0034,157,6.081606217616581,29.6937133545112,59.53806687629183,0,256,104,95,56.699342663915914,1544,1.454676342673242,24,0.0010690597635394372,0.7969543147208121,27.1747214473248,258.0,88.2,2116.8,RT_CC_mixed_current
B0034,158,5.955497382198953,28.926891981134222,58.40787633507069,0,256,96,92,56.11051776171955,1528,1.423427718198495,24,0.03124862447474719,0.8020304568527918,27.685830330328212,257.0,89.8,2155.2,RT_CC_mixed_current
B0034,159,5.877364644487932,28.15433415622616,58.34388806897325,0,257,93,91,55.101846056181465,1533,1.392551210363313,24,0.03087650783518181,0.8071065989847716,28.03827512147574,256.4,90.8,2179.2,RT_CC_mixed_current
B0034,160,5.829508196721312,27.774305553984423,58.00881689774913,0,256,90,90,54.5299305652056,1525,1.3765732493746907,24,0.015977960988622364,0.8121827411167513,28.217733736084387,256.2,91.6,2198.3999999999996,RT_CC_mixed_current
B0034,161,5.898950131233596,27.837853444923436,58.52325787492752,0,256,94,90,54.03058906000829,1524,1.3810190828982352,24,-0.00444583352354444,0.817258883248731,28.3335842444802,255.8,92.4,2217.6000000000004,RT_CC_mixed_current
B0034,162,6.0230263157894735,28.777996767604908,59.50837827191452,0,255,100,91,54.20664258499549,1520,1.4007568321672863,24,-0.01973774926905114,0.8223350253807107,28.477419698155888,256.2,91.6,2198.3999999999996,RT_CC_mixed_current
B0034,163,5.983221476510067,29.342997162368267,58.58184665309335,0,253,94,89,54.46242153364593,1490,1.374645303479972,24,0.026111528687314367,0.8274111675126904,28.29427638077463,256.0,90.8,2179.2,RT_CC_mixed_current
B0034,164,5.771523178807947,27.665756163143485,57.97580640887124,0,254,87,88,53.83731326910492,1510,1.3345924114397838,24,0.04005289204018814,0.8324873096446701,28.377497417021438,255.4,90.2,2164.8,RT_CC_mixed_current
B0034,165,5.780730897009967,27.17942168806971,58.05700140061033,0,253,87,88,53.107665982059785,1505,1.336396621564738,24,-0.001804210124954242,0.8375634517766497,28.279781818404906,254.8,89.6,2150.3999999999996,RT_CC_mixed_current
B0034,166,5.722851432378414,27.02259713776349,57.78193242469556,0,253,85,86,52.77501796216816,1501,1.3069152971756248,24,0.029481324389113217,0.8426395939086294,28.160805045221963,254.2,89.2,2140.8,RT_CC_mixed_current
B0034,167,5.8355614973262036,27.39564757935547,58.20713739139197,0,252,90,87,52.67331272247596,1496,1.341539456674081,24,-0.03462415949845621,0.8477157360406091,27.99775378378997,253.6,88.4,2121.6000000000004,RT_CC_mixed_current
B0034,168,5.874664879356568,28.24986254276104,58.6134064492062,0,251,92,87,53.14409101072625,1492,1.346388970161922,24,-0.004849513487841017,0.8527918781725888,27.721283946140083,253.0,87.6,2102.3999999999996,RT_CC_mixed_current
B0034,169,5.87642713230356,28.629112690330796,58.64476637032693,0,250,92,87,53.377143812471395,1489,1.344989807277774,24,0.0013991628841480974,0.8578680203045685,27.502657022218635,252.6,87.2,2092.8,RT_CC_mixed_current
B0034,170,5.768712070128118,27.690239981339115,58.05107392892897,0,249,86,86,53.16845234173479,1483,1.3158760805047784,24,0.029113726772995507,0.8629441624365483,27.695328327656103,251.8,87.0,2088.0,RT_CC_mixed_current
B0034,171,5.785375761679079,27.159698359083208,58.291445432401005,0,250,85,86,52.55338031777853,1477,1.2972766889740088,24,0.018599391530769616,0.868020304568528,27.79749198630998,251.0,86.6,2078.3999999999996,RT_CC_mixed_current
B0034,172,5.740489130434782,26.62127205266515,58.02893221948005,0,249,83,85,52.3525007249564,1472,1.2851255211005648,24,0.012151167873444058,0.8730964467005076,27.824912230573926,250.4,86.6,2078.3999999999996,RT_CC_mixed_current
B0034,173,5.892735913102512,27.55044162190343,58.80693345869639,0,249,91,86,52.43019391362242,1473,1.3190209156530253,24,-0.03389539455246049,0.8781725888324873,27.670037125235865,249.8,86.2,2068.8,RT_CC_mixed_current
B0034,174,5.978635423845624,28.552067131335548,58.770145898372334,0,247,92,86,52.918433243816295,1451,1.3410097849290994,24,-0.02198886927607413,0.883248730964467,27.53015294106434,249.4,86.0,2064.0,RT_CC_mixed_current
B0034,175,5.908149171270718,28.683602606645216,58.49257429310864,0,246,89,85,52.80746455084375,1448,1.326126983882746,24,0.014882801046353311,0.8883248730964467,27.514743829265292,248.8,85.8,2059.2,RT_CC_mixed_current
B0034,176,5.7864010989010985,27.692415764323894,58.33204656703581,0,244,85,85,52.78575581548872,1456,1.3091442679990724,24,0.016982715883673727,0.8934010152284264,27.71341635432651,248.2,85.6,2054.3999999999996,RT_CC_mixed_current
B0034,177,5.980123372172721,27.025440332727428,59.3603280691461,0,245,94,87,52.301567452151026,1459,1.363001289617145,24,-0.05385702161807271,0.8984771573604061,27.819959835374647,247.0,85.4,2049.6000000000004,RT_CC_mixed_current
B0034,178,5.777166437414031,27.6640424633212,57.712318998766975,0,244,84,85,54.0330613136629,1454,1.329285701687194,24,0.03371558792995111,0.9035532994923858,27.900793491387105,246.2,85.8,2059.2,RT_CC_mixed_current
B0034,179,5.763121546961326,27.11948999820288,57.633102922228126,0,244,83,84,52.638413320362865,1448,1.2969085930621855,24,0.03237710862500842,0.9086294416243654,27.923513659670657,245.2,85.6,2054.3999999999996,RT_CC_mixed_current
B0034,180,5.764705882352941,26.988193874878846,57.87686984231968,0,243,83,84,52.396675821542,1445,1.2986285924941396,24,-0.0017199994319541112,0.9137055837563451,27.636998233044125,244.6,85.2,2044.8000000000002,RT_CC_mixed_current
B0034,181,5.71875,26.941806273412624,57.47417762924851,0,242,81,83,52.32923993436483,1440,1.2840657611821942,24,0.014562831311945468,0.9187817258883249,27.29791648669085,244.0,85.0,2040.0,RT_CC_mixed_current
B0034,182,5.788005578800558,26.973237987377683,57.69186868894567,0,241,83,84,52.04409407324291,1434,1.3021015914136362,24,-0.018035830231442063,0.9238578680203046,27.147794588508596,243.6,84.6,2030.3999999999999,RT_CC_mixed_current
B0034,183,5.805886475122635,26.78059888866243,58.2351265327566,0,240,83,84,51.90948244005176,1427,1.3089076351731337,24,-0.006806043759497449,0.9289340101522843,27.137354119438648,242.8,84.0,2016.0,RT_CC_mixed_current
B0034,184,5.773809523809524,26.96304635915773,58.159040648414255,0,241,82,83,52.13065732838172,1428,1.2722519696513912,24,0.036655665521742486,0.934010152284264,26.96066540450689,242.0,83.8,2011.1999999999998,RT_CC_mixed_current
B0034,185,5.7410021171489065,26.9078843603694,57.66508009332591,0,239,80,82,52.123779094028755,1417,1.276011534360331,24,-0.0037595647089399,0.9390862944162437,26.92937667669786,241.4,83.6,2006.3999999999999,RT_CC_mixed_current
B0034,186,5.7410021171489065,26.863249394599123,57.950977227160536,0,239,80,82,51.70554518536994,1417,1.2605053003103004,24,0.01550623405003071,0.9441624365482234,26.913314773795975,240.6,83.2,1996.8000000000002,RT_CC_mixed_current
B0034,187,5.703677510608204,26.910877289785756,57.50629199129354,0,238,79,81,51.88634365700195,1414,1.2660681251347117,24,-0.005562824824411283,0.949238578680203,26.897603398033272,240.0,83.0,1992.0,RT_CC_mixed_current
B0034,188,5.723917672107878,26.49526590914616,57.45114086897508,0,238,79,81,51.330143988588894,1409,1.265829016865281,24,0.00023910826943063235,0.9543147208121827,26.88513125851489,239.4,82.4,1977.6000000000001,RT_CC_mixed_current
B0034,189,5.722934472934473,26.77244785547651,57.51486337636169,0,236,79,81,51.51105004304322,1404,1.2655873898206993,24,0.00024162704458174922,0.9593908629441624,26.82806466261163,239.0,81.8,1963.1999999999998,RT_CC_mixed_current
B0034,190,5.777460770328103,26.767670925265108,58.24937682662199,0,235,81,82,51.515942855447,1402,1.2663598323027554,24,-0.0007724424820561016,0.9644670050761421,26.789944961875392,238.0,81.4,1953.6000000000001,RT_CC_mixed_current
B0034,191,5.754649499284692,26.763682315959933,57.97580626211991,0,233,80,82,51.86352045146721,1398,1.2868479432728903,24,-0.02048811097013492,0.9695431472081218,26.76190227485453,237.2,81.4,1953.6000000000001,RT_CC_mixed_current
B0034,192,5.7260371959942775,26.752416656885334,57.6936935982226,0,234,79,81,51.61506340928284,1398,1.270026164613209,24,0.016821778659681375,0.9746192893401016,26.741988859126696,236.0,81.4,1953.6000000000001,RT_CC_mixed_current
B0034,193,6.264925373134329,28.818087619376644,59.714275603056464,0,231,94,83,50.894989696281804,1340,1.34598253292492,24,-0.07595636831171104,0.9796954314720813,26.710296732546606,235.2,81.4,1953.6000000000001,RT_CC_mixed_current
B0034,194,6.046010064701654,29.384967702484207,59.59622829096066,0,232,94,83,52.99393754805815,1391,1.3286875315413778,24,0.01729500138354223,0.9847715736040609,27.174861074592705,233.8,81.8,1963.1999999999998,RT_CC_mixed_current
B0034,195,5.961538461538462,28.93354032082744,58.94389183765572,0,231,88,82,52.7680341479612,1378,1.31203071983408,24,0.016656811707297825,0.9898477157360406,27.697365043994246,233.0,82.2,1972.8000000000002,RT_CC_mixed_current
B0034,196,5.865314989138305,27.867597316165902,58.684673836382025,0,230,84,82,52.32570564774665,1381,1.295125492961198,24,0.016905226872881984,0.9949238578680203,28.130538923106712,232.2,82.2,1972.8000000000002,RT_CC_mixed_current
B0034,197,5.820029027576197,27.422482055057948,58.63989407541342,0,230,82,81,51.89955697205948,1378,1.2802601605963335,24,0.014865332364864425,1.0,28.351321923147907,231.6,82.2,1972.8000000000002,RT_CC_mixed_current
B0036,3,3.2770186335403726,24.817334547457307,26.495839445842005,0,430,0,67,66.44022202776179,4025,1.8044229856020628,24,-0.0033222289731704713,0.015228426395939087,25.40212230589954,244.0,50.0,1200.0,RT_CC_mixed_current
B0036,4,3.7776928953399542,24.597666689733785,26.383869073507284,0,435,0,142,65.9883287141707,3927,1.804388833772829,24,3.415182923371951e-05,0.02030456852791878,25.20719305308546,306.0,55.666666666666664,1336.0,RT_CC_mixed_current
B0036,5,3.626732932252158,24.435027086045025,26.038513721787695,0,427,0,151,65.76112267656988,3823,1.7989248871784247,24,0.005463946594404412,0.025380710659898477,25.054811462247542,338.25,77.25,1854.0,RT_CC_mixed_current
B0036,6,2.8491981376099327,24.21666505743372,25.52893924273116,0,419,0,146,66.01221706570625,3866,1.792996521672392,24,0.005928365506032707,0.030456852791878174,24.93085458700704,356.0,92.0,2208.0,RT_CC_mixed_current
B0036,7,2.8616684266103483,24.21418401415928,25.434898613415253,0,412,0,144,65.68957015083545,3788,1.7885507985621891,24,0.004445723110202859,0.03553299492385787,24.79577285189317,432.2,109.4,2625.6000000000004,RT_CC_mixed_current
B0036,8,2.8586666666666667,24.117496341202205,25.49992828339642,0,404,0,144,65.83268136306137,3750,1.7890856930727703,24,-0.0005348945105811964,0.04060913705583756,24.45617547896582,424.6,130.0,3120.0,RT_CC_mixed_current
B0036,9,2.8501892915089235,24.145007388303352,25.538807420659257,0,398,0,141,65.64249447559516,3698,1.7893137312833287,24,-0.00022803821055839002,0.04568527918781726,24.316207837714803,419.4,145.4,3489.6000000000004,RT_CC_mixed_current
B0036,10,2.8679713340683572,24.165998532614633,25.42021899627584,0,391,0,140,65.64700989243791,3628,1.7860759459480868,24,0.003237785335241883,0.050761421319796954,24.225675977428715,412.0,145.2,3484.7999999999997,RT_CC_mixed_current
B0036,11,2.8461753210496927,24.065398626232973,25.3761734466722,0,385,0,136,65.58848145489934,3582,1.7836324249650817,24,0.002443520983005154,0.05583756345177665,24.171870266742637,404.8,143.0,3432.0,RT_CC_mixed_current
B0036,12,2.8841238284578243,24.152880659751116,25.609167303887254,0,379,0,138,65.42131140612827,3521,1.782972873807272,24,0.0006595511578095792,0.06091370558375635,24.141616980502487,398.0,141.0,3384.0,RT_CC_mixed_current
B0036,13,2.868284228769497,24.309655591607353,25.488141454729305,0,370,0,135,65.5677691525789,3462,1.7813775963259668,24,0.0015952774813052795,0.06598984771573604,24.129356309620853,391.4,139.8,3355.2000000000003,RT_CC_mixed_current
B0036,14,2.869186046511628,24.172824564773737,25.39250622395775,0,368,0,134,65.50896649174291,3440,1.7785359545932946,24,0.0028416417326722065,0.07106598984771574,24.167788159701885,384.6,138.0,3312.0,RT_CC_mixed_current
B0036,15,2.891086186540732,24.16171556619936,25.45190297763985,0,363,0,134,65.43397775817317,3388,1.7759043090943398,24,0.002631645498954782,0.07614213197969544,24.17335159499596,378.6,136.6,3278.3999999999996,RT_CC_mixed_current
B0036,16,2.9064187162567485,24.238562563824757,26.00580839279124,0,358,0,133,65.31863915016626,3334,1.7780426649905914,24,-0.0021383558962515536,0.08121827411167512,24.17249500171291,373.0,135.4,3249.6000000000004,RT_CC_mixed_current
B0036,17,2.933596118859915,25.361921748256233,26.845307972510515,0,353,0,135,65.43279791519436,3298,1.7830029333591657,24,-0.004960268368574328,0.08629441624365482,24.207127789231265,367.6,134.8,3235.2000000000003,RT_CC_mixed_current
B0036,18,2.9981549815498156,26.260802143118575,27.81505202908745,0,348,0,140,65.64172611152689,3252,1.7883000424613875,24,-0.005297109102221809,0.09137055837563451,24.44893600693229,362.4,134.2,3220.7999999999997,RT_CC_mixed_current
B0036,19,2.943560960399127,25.97089503311191,27.150500973474,0,344,0,132,65.71884244256412,3207,1.779294712578026,24,0.009005329883361446,0.09644670050761421,24.83916531723453,358.0,135.2,3244.7999999999997,RT_CC_mixed_current
B0036,20,2.9194208372678627,24.8009676878993,25.704404765618435,0,339,0,129,65.47116123290918,3177,1.7709235500451854,24,0.008371162532840648,0.10152284263959391,25.19877941090217,353.2,134.8,3235.2000000000003,RT_CC_mixed_current
B0036,21,2.9140228426395938,24.425489855689435,25.46083879423276,0,337,0,127,65.31868787735255,3152,1.7659050180801104,24,0.005018531965075068,0.1065989847715736,25.32662983524215,348.4,133.8,3211.2000000000003,RT_CC_mixed_current
B0036,22,2.4134584276933033,25.19642097272309,37.62543555779899,0,332,0,72,65.02657872456778,3091,1.7826929241469245,24,-0.01678790606681413,0.1116751269035533,25.36401529361509,344.2,132.6,3182.3999999999996,RT_CC_mixed_current
B0036,23,2.1538461538461537,27.25212086487451,36.14360152332376,0,326,0,41,65.71288500844095,2990,1.7964662072920203,24,-0.01377328314509585,0.116751269035533,25.33091513850846,340.0,120.0,2880.0,RT_CC_mixed_current
B0036,24,1.7312789927104042,26.51065267185718,35.64069485491654,0,321,0,3,66.35980130053377,3018,1.7909083533422898,24,0.005557853949730518,0.1218274111675127,25.529178882859647,335.6,100.2,2404.8,RT_CC_mixed_current
B0036,25,1.8476445038422986,26.111353278089606,35.57170100720283,0,316,0,16,66.28595620654137,2993,1.78518002808874,24,0.005728325253549826,0.12690355329949238,25.637130410608698,331.0,74.4,1785.6000000000001,RT_CC_mixed_current
B0036,26,1.7123056118999325,26.064135249209794,35.70160875626844,0,313,0,2,66.12645083704615,2958,1.7811343176546524,24,0.004045710434087635,0.1319796954314721,25.899207528646762,326.4,51.8,1243.1999999999998,RT_CC_mixed_current
B0036,27,1.7069024141448488,26.207028290940396,35.94641088579465,0,312,0,1,66.024641628327,2941,1.7755577789223569,24,0.005576538732295466,0.13705583756345177,26.226936607350837,321.6,26.8,643.2,RT_CC_mixed_current
B0036,28,1.7158039081247858,26.020835625307793,36.334410213773005,0,307,0,3,65.93659563876295,2917,1.776885870616115,24,-0.0013280916937581377,0.14213197969543148,26.4290580709943,317.6,12.6,302.4,RT_CC_mixed_current
B0036,29,1.732242339832869,26.777059597780834,35.97981353599547,0,305,0,3,65.97067293700607,2872,1.7713083410378214,24,0.005577529578293605,0.14720812182741116,26.182801023080952,313.8,5.0,120.0,RT_CC_mixed_current
B0036,30,1.7576187101346563,26.32682919327014,35.59540889841283,0,302,0,4,65.62529469443027,2822,1.7713348840874137,24,-2.6543049592264722e-05,0.15228426395939088,26.236082408265684,310.6,5.0,120.0,RT_CC_mixed_current
B0036,31,1.7126193001060446,25.939506062915438,35.45428075393079,0,299,0,2,65.79689329059607,2829,1.766084286640505,24,0.005250597446908589,0.15736040609137056,26.27917759130179,307.8,2.6,62.400000000000006,RT_CC_mixed_current
B0036,32,1.706618962432916,25.908177339086738,35.64366066127881,0,296,0,1,65.6485701996684,2795,1.7592793663412327,24,0.006804920299272377,0.16243654822335024,26.254251754042922,305.0,2.6,62.400000000000006,RT_CC_mixed_current
B0036,33,1.7245119305856833,25.74094032069557,36.101132129359335,0,292,0,3,65.5105790929853,2766,1.7610368813762425,24,-0.0017575150350097601,0.16751269035532995,26.19448156367219,301.8,2.6,62.400000000000006,RT_CC_mixed_current
B0036,34,1.743421052631579,26.529632640278557,35.918627450147724,0,292,0,3,65.44676231521677,2736,1.760242767365706,24,0.0007941140105365285,0.17258883248730963,26.13850250274974,298.8,2.6,62.400000000000006,RT_CC_mixed_current
B0036,35,1.7263002582073035,26.180159645259234,35.53291026153138,0,288,0,2,65.40820752337075,2711,1.7555899416034395,24,0.004652825762266444,0.17766497461928935,26.08901711124929,296.2,2.6,62.400000000000006,RT_CC_mixed_current
B0036,36,1.7301293900184842,25.92122419515476,35.58661163053266,0,286,0,3,65.45712179704572,2705,1.7545602176655593,24,0.0010297239378802558,0.18274111675126903,26.059683201647108,293.4,2.2,52.800000000000004,RT_CC_mixed_current
B0036,37,1.7266591676040495,25.948363368028197,35.60387176093939,0,283,0,2,65.31379781797303,2667,1.7499108336094895,24,0.004649384056069739,0.18781725888324874,26.056026828094975,290.8,2.4,57.599999999999994,RT_CC_mixed_current
B0036,38,1.7163897280966767,26.146233136123946,37.150900989394586,0,281,0,1,65.28288026443362,2648,1.7610225525303758,24,-0.011111718920886249,0.19289340101522842,26.064064033883266,288.2,2.6,62.400000000000006,RT_CC_mixed_current
B0036,39,1.7449018853405156,28.067740286055116,37.80882382148786,0,279,0,2,65.41996360473765,2599,1.7624094574337117,24,-0.0013869049033359282,0.19796954314720813,26.14512259696894,286.0,2.2,52.800000000000004,RT_CC_mixed_current
B0036,40,1.7486231313926042,28.56942872790505,37.35209565946317,0,275,0,1,65.20553326741108,2542,1.7536170397120676,24,0.008792417721644075,0.20304568527918782,26.45274412612425,283.4,2.0,48.0,RT_CC_mixed_current
B0036,41,1.7532213978914486,27.000848780135726,36.4077133376737,0,274,0,3,65.20648848197273,2561,1.746204477519168,24,0.007412562192899541,0.20812182741116753,26.930597942653414,280.8,1.8,43.2,RT_CC_mixed_current
B0036,42,1.7624900872323552,26.359303383516764,35.833124475553674,0,273,0,2,64.71563022119797,2522,1.7406176172769725,24,0.005586860242195568,0.2131979695431472,27.146522859649604,278.4,1.8,43.2,RT_CC_mixed_current
B0036,43,1.7209576138147566,25.61868989525128,37.01706025174733,0,271,0,1,64.92869791455777,2548,1.750690404425682,24,-0.010072787148709406,0.2182741116751269,27.228710862747317,276.4,1.8,43.2,RT_CC_mixed_current
B0036,44,1.7759452936444087,27.492379526494876,37.72356956982813,0,269,0,3,65.2087662525831,2486,1.765112055153915,24,-0.014421650728233093,0.2233502538071066,27.123202214572785,274.4,1.8,43.2,RT_CC_mixed_current
B0036,45,1.8008130081300813,28.26239907131462,37.19880561586897,0,266,0,5,65.3766950319807,2460,1.763188826756488,24,0.0019232283974270903,0.22842639593908629,27.00813006266074,272.4,2.0,48.0,RT_CC_mixed_current
B0036,46,3.419881305637982,30.07224710725667,39.35953919640877,0,272,0,7,47.51297213666433,1348,1.985492952897096,24,-0.22230412614060802,0.233502538071066,26.946724131342656,270.6,2.8,67.19999999999999,RT_CC_mixed_current
B0036,47,1.8492586490939045,28.354420353091374,37.02707505372143,0,264,0,8,65.04439569126967,2428,1.765355730813324,24,0.22013722208377184,0.23857868020304568,27.56100379676684,270.2,3.6,86.4,RT_CC_mixed_current
B0036,48,1.811445039110745,27.316025396295093,36.53028947524009,0,262,0,6,65.25699513306272,2429,1.7571880383127276,24,0.008167692500596457,0.2436548223350254,27.960027190681764,268.4,4.8,115.19999999999999,RT_CC_mixed_current
B0036,49,1.8567860116569526,26.88583464154602,36.1535770040422,0,258,0,10,65.21030678186894,2402,1.7573770661844437,24,-0.00018902787171604096,0.24873096446700507,28.29949429089053,266.6,5.8,139.2,RT_CC_mixed_current
B0036,50,1.8254620123203285,26.94668820945859,37.00649086775502,0,259,0,9,65.63094595817144,2435,1.7617376127979814,24,-0.004360546613537686,0.25380710659898476,28.17818531390075,264.4,7.2,172.8,RT_CC_mixed_current
B0036,51,1.816275167785235,28.13479668207238,37.85686718856992,0,258,0,6,65.2540764676604,2384,1.7606892547636663,24,0.0010483580343150223,0.25888324873096447,27.915043141529548,263.0,8.0,192.0,RT_CC_mixed_current
B0036,52,1.8195329087048833,28.26998248303148,37.45005504798,0,255,0,6,65.16882333288305,2355,1.760669562156983,24,1.9692606683330283e-05,0.2639593908629442,27.527553056492696,260.2,7.8,187.2,RT_CC_mixed_current
B0036,53,1.8249574105621806,27.693477436196694,36.93579053764056,0,253,0,7,65.19925801952739,2348,1.752963802649152,24,0.007705759507830923,0.26903553299492383,27.51066548248071,258.4,7.4,177.60000000000002,RT_CC_mixed_current
B0036,54,1.9493344783168742,27.312291009620488,36.644215074090106,0,252,0,16,64.99399026303301,2329,1.750535708024147,24,0.0024280946250050395,0.27411167512690354,27.586155890461033,256.6,7.6,182.39999999999998,RT_CC_mixed_current
B0036,55,1.8074105988797933,27.18142648419946,37.138598100953445,0,251,0,5,64.95608882261435,2321,1.7500761995337284,24,0.0004595084904186475,0.27918781725888325,27.671447164075925,255.4,8.8,211.20000000000002,RT_CC_mixed_current
B0036,56,1.8646649260226285,27.52865856701302,37.11821986816654,0,249,0,9,64.90336594389198,2298,1.7465957802278385,24,0.003480419305889937,0.28426395939086296,27.7183948190241,253.8,8.0,192.0,RT_CC_mixed_current
B0036,57,1.7534423407917383,27.72585984248902,38.21028860245779,0,247,0,3,65.25471951538785,2324,1.753614286788707,24,-0.007018506560868554,0.2893401015228426,27.59716719601223,252.0,8.6,206.39999999999998,RT_CC_mixed_current
B0036,58,1.866933689363596,29.06748895232005,37.71095722672097,0,245,0,8,64.9448807231286,2247,1.750725029920349,24,0.002889256868358059,0.29441624365482233,27.488342667903737,250.4,8.0,192.0,RT_CC_mixed_current
B0036,59,1.8902169101372288,27.433545527357087,36.98132110984918,0,244,0,11,64.95656106569416,2259,1.743305349081011,24,0.007419680839337861,0.29949238578680204,27.763144971128405,248.8,8.2,196.79999999999998,RT_CC_mixed_current
B0036,60,1.8933987511150758,26.671067446477256,36.0550831310012,0,243,0,11,64.67451615658277,2242,1.733662505277619,24,0.009642843803392198,0.30456852791878175,27.787395874675724,247.2,7.2,172.8,RT_CC_mixed_current
B0036,61,1.8607254814151366,26.404407287010056,35.91912656959304,0,241,0,9,64.46626083873062,2233,1.7319207051538927,24,0.001741800123726156,0.3096446700507614,27.68532406713129,245.6,8.4,201.60000000000002,RT_CC_mixed_current
B0036,62,1.7960088691796008,26.23616697898057,37.598391918046985,0,240,0,6,64.74168461852241,2255,1.7428604522751463,24,-0.010939747121253562,0.3147208121827411,27.46047381113069,244.0,8.4,201.60000000000002,RT_CC_mixed_current
B0036,63,1.8425841674249317,28.536734162510026,38.473409883226125,0,238,0,7,64.78156394686746,2198,1.743306971099712,24,-0.00044651882456570036,0.3197969543147208,27.162535238429,242.6,9.0,216.0,RT_CC_mixed_current
B0036,64,1.8524514338575393,29.06814329798157,37.98319588705851,0,237,0,6,64.55218622250274,2162,1.738524506272696,24,0.004782464827016053,0.3248730964467005,27.056384280467,241.2,8.8,211.20000000000002,RT_CC_mixed_current
B0036,65,1.9337016574585635,27.225582859074663,36.86281733046096,0,236,0,13,64.48607837878095,2172,1.7295622663746972,24,0.008962239897998714,0.3299492385786802,27.383303834591896,239.8,7.8,187.2,RT_CC_mixed_current
B0036,66,1.8957564575645756,26.56776860867284,36.17136327433497,0,234,0,11,64.39092528739751,2168,1.7273036765742085,24,0.002258589800488764,0.3350253807106599,27.494206917111377,238.4,8.2,196.79999999999998,RT_CC_mixed_current
B0036,67,1.791762013729977,25.81316986264119,36.94271187003511,0,233,0,5,64.47165146738803,2185,1.7449370491071912,24,-0.017633372532982694,0.3401015228426396,27.526879181443935,237.0,8.6,206.39999999999998,RT_CC_mixed_current
B0036,68,1.8058796080261317,27.589557653632962,37.96104323229247,0,232,0,4,65.18063131885366,2143,1.7642432071133691,24,-0.019306158006177965,0.34517766497461927,27.442279758176056,235.6,8.4,201.60000000000002,RT_CC_mixed_current
B0036,69,1.9132290184921763,28.33042346174467,37.422509927232575,0,231,0,10,65.0964819083866,2109,1.7504882032049596,24,0.013755003908409558,0.350253807106599,27.252844456400645,234.4,7.8,187.2,RT_CC_mixed_current
B0036,70,1.861626248216833,27.032874913925117,36.144588476078994,0,229,0,7,64.77653654496547,2103,1.7442710815479925,24,0.006217121656967084,0.3553299492385787,27.10530048915326,233.2,8.6,206.39999999999998,RT_CC_mixed_current
B0036,71,1.893687707641196,26.43622623938625,35.84834420893077,0,228,0,10,64.75547639500735,2107,1.7365413923373951,24,0.007729689210597357,0.3604060913705584,27.066758900123354,231.8,7.4,177.60000000000002,RT_CC_mixed_current
B0036,72,1.9387755102040816,26.16071685370034,35.70394071930231,0,227,0,14,64.65594104852282,2107,1.733223093105756,24,0.003318299231639177,0.36548223350253806,27.04045042626604,230.6,7.2,172.8,RT_CC_mixed_current
B0036,73,1.8427285646612979,26.09299435797202,37.23120350609712,0,226,0,8,64.6588787121783,2111,1.73860622908762,24,-0.005383135981864129,0.37055837563451777,27.10995982447787,229.4,9.0,216.0,RT_CC_mixed_current
B0036,74,1.933632734530938,28.251169208416982,38.21827936701842,0,225,0,8,63.941265268795085,2004,1.7432134953746192,24,-0.004607266286999145,0.3756345177664975,26.810647165345678,228.2,9.8,235.20000000000002,RT_CC_mixed_current
B0036,75,1.9206271435570799,28.27035216188304,37.72537527111067,0,224,0,10,64.67926383080744,2041,1.7332698214832971,24,0.009943673891322113,0.38071065989847713,26.794796314680145,227.0,9.4,225.60000000000002,RT_CC_mixed_current
B0036,76,1.7679961089494163,26.58298204305795,36.05581108491759,0,221,0,2,64.56008569270337,2056,1.7298906291663272,24,0.0033791923169699256,0.38578680203045684,27.042291764271727,226.0,10.0,240.0,RT_CC_mixed_current
B0036,77,1.831537708129285,26.13466797205605,35.64214686208444,0,220,0,6,64.44580753560064,2042,1.7204403348841348,24,0.00945029428219235,0.39086294416243655,27.071642925006067,224.6,8.4,201.60000000000002,RT_CC_mixed_current
B0036,78,1.812015503875969,25.20622639449113,35.82141559167005,0,220,0,6,64.39562854406569,2064,1.724420729012913,24,-0.003980394128778153,0.39593908629441626,27.06643314867721,223.2,6.8,163.2,RT_CC_mixed_current
B0036,79,1.8157248157248158,26.074084770229376,35.84687241575459,0,219,0,5,64.28027167581068,2035,1.7214872814061166,24,0.002933447606796369,0.4010152284263959,26.889079555981027,222.0,6.4,153.60000000000002,RT_CC_mixed_current
B0036,80,1.8432725480532282,25.77883848082783,35.6948403215532,0,218,0,7,64.28981286213991,2029,1.7197448773569262,24,0.0017424040491904602,0.40609137055837563,26.453662668343508,220.8,5.8,139.2,RT_CC_mixed_current
B0036,81,1.8746916625555008,25.867446481663077,35.819676472043525,0,216,0,10,64.39348605187678,2027,1.7164304142145894,24,0.0033144631423367432,0.41116751269035534,25.955359932132467,219.6,5.2,124.80000000000001,RT_CC_mixed_current
B0036,82,1.8107707509881423,25.84677613568886,35.629734084261784,0,215,0,6,64.31222137621054,2024,1.711202925329962,24,0.005227488884627318,0.41624365482233505,25.812252819853494,218.6,6.8,163.2,RT_CC_mixed_current
B0036,83,1.7933432687531048,25.172001401350684,35.66196676336087,0,214,0,5,64.0880763029642,2013,1.7102343231599222,24,0.0009686021700399117,0.4213197969543147,25.754674452580055,217.6,6.8,163.2,RT_CC_mixed_current
B0036,84,1.816367265469062,25.759319673641468,35.75183992747387,0,214,0,6,64.1281744959633,2004,1.713096882151029,24,-0.0028625589911068783,0.4263959390862944,25.747829453951965,216.4,6.6,158.39999999999998,RT_CC_mixed_current
B0036,85,1.8366834170854272,25.938099767430845,35.77783462667514,0,213,0,7,64.18117787026299,1990,1.7103708617208135,24,0.0027260204302155255,0.43147208121827413,25.684876434634383,215.4,6.8,163.2,RT_CC_mixed_current
B0036,86,1.8044354838709677,25.712886890234973,35.713721223369035,0,212,0,5,64.10128366437537,1984,1.7064617296121434,24,0.003909132108670166,0.4365482233502538,25.716728691954984,214.4,6.8,163.2,RT_CC_mixed_current
B0036,87,1.799290420679169,25.76088084076512,35.725860691702124,0,210,0,5,64.02070375756236,1973,1.7029429979110946,24,0.0035187317010487718,0.4416243654822335,25.685816773669366,213.6,5.8,139.2,RT_CC_mixed_current
B0036,88,1.7800914169629254,25.10389043488201,35.768527567848494,0,209,0,4,63.90986606784465,1969,1.7072612643840062,24,-0.004318266472911558,0.4467005076142132,25.668637714684614,212.6,5.6,134.39999999999998,RT_CC_mixed_current
B0036,89,1.8435897435897435,25.773330553930933,35.84926876193408,0,209,0,7,63.90521417058276,1950,1.7038637196766078,24,0.003397544707398392,0.4517766497461929,25.655015521390887,211.6,5.4,129.60000000000002,RT_CC_mixed_current
B0036,90,1.8144329896907216,26.164499188324893,36.56783936040424,0,208,0,5,63.868192613257484,1940,1.7079617948422274,24,-0.0040980751656196635,0.45685279187817257,25.657817697448774,210.6,5.6,134.39999999999998,RT_CC_mixed_current
B0036,91,1.8061330561330562,27.041390332941962,37.22026804863562,0,207,0,4,63.96745696251067,1924,1.711302283362779,24,-0.0033404885205514656,0.4619289340101523,25.70309758162758,209.6,5.2,124.80000000000001,RT_CC_mixed_current
B0036,92,1.7791732077446363,27.619456239479277,37.24354714231705,0,206,0,2,64.00131487946747,1911,1.714122057472244,24,-0.0028197741094651008,0.467005076142132,25.968798270168985,208.6,5.0,120.0,RT_CC_mixed_current
B0036,93,1.8179460580912863,25.969235121429456,36.101954503621805,0,205,0,6,64.23971482649254,1928,1.7053324925701605,24,0.008789564902083491,0.4720812182741117,26.340513349911816,207.8,4.4,105.60000000000001,RT_CC_mixed_current
B0036,94,1.9323544834819089,25.79362713722382,35.62818988644997,0,205,0,12,63.857609475934304,1907,1.6934609472531408,24,0.011871545317019727,0.47715736040609136,26.513582287221304,207.0,4.8,115.19999999999999,RT_CC_mixed_current
B0036,95,1.853696906135291,25.42291255946292,35.41708929698686,0,203,0,8,63.67020974840796,1907,1.6905244127230223,24,0.00293653453011844,0.48223350253807107,26.517641603879884,206.2,5.8,139.2,RT_CC_mixed_current
B0036,96,1.7736842105263158,25.61548351737582,36.54228598490352,0,202,0,3,63.59499862076726,1900,1.7007774858498304,24,-0.01025307312680801,0.4873096446700508,26.369324278107484,205.2,6.4,153.60000000000002,RT_CC_mixed_current
B0036,97,1.790058170280275,26.52588502598444,37.06815080209899,0,201,0,4,63.877082658714144,1891,1.6971104467944576,24,0.0036670390553728005,0.49238578680203043,26.08414291499426,204.2,6.2,148.8,RT_CC_mixed_current
B0036,98,1.804151144225652,26.822253065001032,36.82684422999281,0,200,0,5,63.833868633192544,1879,1.6997924522951835,24,-0.002682005500725948,0.49746192893401014,25.86542867229529,203.2,6.6,158.39999999999998,RT_CC_mixed_current
B0036,99,1.8064516129032258,26.396440969777814,36.35307380776047,0,200,0,4,63.7181465870336,1860,1.691270477395412,24,0.008521974899771578,0.5025380710659898,26.036032261009602,202.2,6.4,153.60000000000002,RT_CC_mixed_current
B0036,100,1.8589055793991416,25.649699689442677,35.781290058222865,0,199,0,8,63.5674627658372,1864,1.6857127009469863,24,0.005557776448425589,0.5076142131979695,26.156595027520403,201.2,4.8,115.19999999999999,RT_CC_mixed_current
B0036,101,1.8154922001075848,25.59672806778916,35.83938701624516,0,199,0,5,63.45653370771511,1859,1.6832093771286156,24,0.0025033238183707063,0.5126903553299492,26.201952453516355,200.4,4.8,115.19999999999999,RT_CC_mixed_current
B0036,102,1.7941810344827587,26.338408653754588,37.17156479403066,0,198,0,4,63.483180459385885,1856,1.692886364169521,24,-0.009676987040905471,0.5177664974619289,26.198201363599026,199.8,5.2,124.80000000000001,RT_CC_mixed_current
B0036,103,1.752298539751217,26.76362853647393,37.84191340591018,0,196,0,2,63.78158705123724,1849,1.6984668174144633,24,-0.005580453244942163,0.5228426395939086,26.160706089153052,199.2,5.2,124.80000000000001,RT_CC_mixed_current
B0036,104,1.8302828618968385,27.65835118205546,37.35919822285406,0,196,0,4,63.57087710384145,1803,1.6935813413828429,24,0.004885476031620373,0.5279187817258884,26.14898118344763,198.4,4.6,110.39999999999999,RT_CC_mixed_current
B0036,105,1.7924008810572687,26.337092016101803,36.473928280486426,0,195,0,3,63.54571448467507,1816,1.6830951253781283,24,0.010486216004714555,0.5329949238578681,26.40136322590316,197.6,4.6,110.39999999999999,RT_CC_mixed_current
B0036,106,1.8605927552140504,25.681515038160246,35.91143435448471,0,194,0,8,63.359130733122626,1822,1.6850462226942986,24,-0.0019510973161702694,0.5380710659898477,26.53884169123499,196.8,3.6,86.4,RT_CC_mixed_current
B0036,107,1.834710743801653,25.662793102341716,36.0224357923641,0,194,0,6,63.34370284206351,1815,1.6803098840017598,24,0.004736338692538755,0.5431472081218274,26.555799085309207,195.8,4.2,100.80000000000001,RT_CC_mixed_current
B0036,108,1.9092418372993913,26.26493874009816,37.65075812929836,0,192,0,11,63.27204381506765,1807,1.6944038437227715,24,-0.014093959721011684,0.5482233502538071,26.420675975026633,195.0,4.6,110.39999999999999,RT_CC_mixed_current
B0036,109,1.7766497461928934,28.21713605712025,38.27191158762031,0,192,0,1,63.537035540836214,1773,1.6955686127180103,24,-0.001164768995238763,0.5532994923857868,26.320938015751477,194.2,6.4,153.60000000000002,RT_CC_mixed_current
B0036,110,1.8344709897610922,28.10966486471875,37.79364766490138,0,191,0,4,63.60895399039909,1758,1.6841854728350405,24,0.011383139882969795,0.5583756345177665,26.432694990764436,193.4,5.8,139.2,RT_CC_mixed_current
B0036,111,1.8202247191011236,26.654811952052363,36.78035361473449,0,190,0,5,63.43672680637223,1780,1.6722180144870118,24,0.011967458348028703,0.5634517766497462,26.78720956048782,192.6,6.0,144.0,RT_CC_mixed_current
B0036,112,1.7953776775648254,25.969053337958993,35.989930424393194,0,189,0,4,63.148406433662124,1774,1.6675976965747183,24,0.004620317912293448,0.5685279187817259,26.98186894326625,191.8,5.4,129.60000000000002,RT_CC_mixed_current
B0036,113,1.789949181253529,25.16732737596193,36.752805224654765,0,188,0,4,62.971617130635956,1771,1.6781873787039017,24,-0.01058968212918332,0.5736040609137056,27.043120990389706,190.8,5.0,120.0,RT_CC_mixed_current
B0036,114,4.471744471744472,30.70578363067999,38.49714613607372,0,208,0,6,40.552210767395316,814,2.444062432078656,24,-0.7658750533747545,0.5786802030456852,26.823598717562458,190.0,3.6,86.4,RT_CC_mixed_current
B0036,115,1.9135802469135803,27.75254774046901,37.31224141481378,0,189,0,6,61.707309910675825,1701,1.6913403148932205,24,0.7527221171854357,0.583756345177665,27.321328232274404,193.2,4.6,110.39999999999999,RT_CC_mixed_current
B0036,116,1.904899135446686,27.106746627529958,36.87239520086967,0,187,0,9,63.45104048194198,1735,1.6802787096613283,24,0.011061605231892147,0.5888324873096447,27.249904807424457,192.8,5.0,120.0,RT_CC_mixed_current
B0036,117,1.8540945790080738,26.67764877267442,36.44126696853565,0,187,0,6,63.19538045308125,1734,1.673147301023026,24,0.007131408638302306,0.5939086294416244,27.340291742519973,192.2,5.8,139.2,RT_CC_mixed_current
B0036,118,1.834862385321101,26.514966182667187,36.32670051789851,0,186,0,6,63.216590596712436,1744,1.6704292090032429,24,0.002718092019783125,0.5989847715736041,27.482010829463057,191.8,6.2,148.8,RT_CC_mixed_current
B0036,119,1.8486424032351243,26.4154583334637,36.29811998606583,0,186,0,6,63.07667662486219,1731,1.6659903350115992,24,0.004438873991643666,0.6040609137055838,27.751538590804113,191.4,6.6,158.39999999999998,RT_CC_mixed_current
B0036,120,1.8171296296296295,25.727080405745706,36.31566540517328,0,184,0,5,62.90119195103306,1728,1.664241575272447,24,0.001748759739152117,0.6091370558375635,26.893473531360854,187.0,6.6,158.39999999999998,RT_CC_mixed_current
B0036,121,1.8647540983606556,26.32846926944114,36.31712206468977,0,183,0,7,62.78710879581244,1708,1.6668450767774965,24,-0.0026035015050493993,0.6142131979695431,26.488380064416198,186.0,6.4,153.60000000000002,RT_CC_mixed_current
B0036,122,1.8099415204678362,26.30086106633639,36.228571111440864,0,183,0,4,62.93357401219683,1710,1.6594501560667536,24,0.0073949207107428805,0.6192893401015228,26.332724592798435,185.2,6.0,144.0,RT_CC_mixed_current
B0036,123,1.8790181180596142,26.26793143714813,36.35810336081934,0,183,0,8,62.8244348645276,1711,1.662412523067319,24,-0.0029623670005654024,0.6243654822335025,26.257367051530828,184.4,5.6,134.39999999999998,RT_CC_mixed_current
B0036,124,1.7702227432590856,26.230521199714104,36.29901438256062,0,182,0,2,62.872310329202634,1706,1.66035260832257,24,0.0020599147447490918,0.6294416243654822,26.207960102427013,183.8,6.0,144.0,RT_CC_mixed_current
B0036,125,1.8040023543260741,25.64006696250049,36.42868217427085,0,181,0,4,62.7433333818649,1699,1.6610231379633236,24,-0.0006705296407536476,0.6345177664974619,26.170972675677092,183.0,5.2,124.80000000000001,RT_CC_mixed_current
B0036,126,1.7922848664688427,26.385420984392972,36.39664144336581,0,180,0,3,62.74570212568033,1685,1.6575187557321611,24,0.0035043822311624506,0.6395939086294417,26.15356998702805,182.4,5.0,120.0,RT_CC_mixed_current
B0036,127,1.8791946308724832,26.327427693426824,36.31743524658528,0,180,0,5,62.32493684916577,1639,1.6507877959674548,24,0.006730959764706279,0.6446700507614214,26.164960330018413,181.8,4.2,100.80000000000001,RT_CC_mixed_current
B0036,128,1.7933491686460807,26.265255145032082,36.40596657880105,0,180,0,3,62.57274700846343,1684,1.653257006211014,24,-0.0024692102435590613,0.649746192893401,26.170273655436507,181.2,4.4,105.60000000000001,RT_CC_mixed_current
B0036,129,1.8925373134328358,26.24189926120472,36.28093983069052,0,178,0,9,62.60758406240653,1675,1.6494214846772686,24,0.003835521533745334,0.6548223350253807,26.169738397013294,180.6,3.4,81.6,RT_CC_mixed_current
B0036,130,1.8521843207660085,25.97313235290529,37.95295717388789,0,179,0,6,62.39330510325697,1671,1.6678591915666705,24,-0.01843770688940194,0.6598984771573604,26.172014009311418,179.8,4.8,115.19999999999999,RT_CC_mixed_current
B0036,131,1.8015824710894706,28.457039061930704,38.41829396059596,0,178,0,2,62.83577545106656,1643,1.670862764324967,24,-0.0030035727582964356,0.6649746192893401,26.238627087392377,179.4,5.2,124.80000000000001,RT_CC_mixed_current
B0036,132,1.85207456404089,28.452054291437722,38.03838007420174,0,178,0,6,63.29008930225031,1663,1.6658118164053368,24,0.005050947919630122,0.6700507614213198,26.652950702899922,179.0,5.0,120.0,RT_CC_mixed_current
B0036,133,1.8209316394434363,27.374184965534578,37.45809997574364,0,176,0,5,63.027406136446864,1653,1.6532998517617,24,0.012511964643636908,0.6751269035532995,27.077876022502107,178.6,5.2,124.80000000000001,RT_CC_mixed_current
B0036,134,1.8264563106796117,26.70617262245389,36.61884081007243,0,176,0,5,62.62394190408016,1648,1.6468787023528522,24,0.006421149408847748,0.6802030456852792,27.299661986602604,177.8,5.6,134.39999999999998,RT_CC_mixed_current
B0036,135,1.838235294117647,25.840118483430334,37.26760229905419,0,174,0,6,62.397307604505976,1632,1.6718953249703756,24,-0.025016622617523465,0.6852791878172588,27.392516658852436,177.4,4.8,115.19999999999999,RT_CC_mixed_current
B0036,136,1.8448381185094684,27.104590842389133,38.25722659181597,0,176,0,5,63.31898360014155,1637,1.6807743463585727,24,-0.008879021388197073,0.6903553299492385,27.365913884957443,176.4,4.8,115.19999999999999,RT_CC_mixed_current
B0036,137,1.888544891640867,27.998222823799733,37.82549893529748,0,174,0,7,63.28947708433221,1615,1.6737717086703074,24,0.007002637688265256,0.6954314720812182,27.09542424104913,176.0,5.4,129.60000000000002,RT_CC_mixed_current
B0036,138,1.7914110429447854,26.997556032168323,36.8014648296025,0,174,0,3,63.29045487314175,1630,1.6605773762487392,24,0.0131943324215682,0.700507614213198,27.004657947521537,175.2,5.6,134.39999999999998,RT_CC_mixed_current
B0036,139,1.8408113091579594,26.62046355766561,36.46133969406453,0,173,0,6,62.91163352921667,1627,1.655987781146086,24,0.004589595102653332,0.7055837563451777,26.929332160848283,174.8,5.2,124.80000000000001,RT_CC_mixed_current
B0036,140,1.8141870684243566,26.430305513552714,36.121581178683655,0,172,0,3,62.50329858475584,1593,1.646862318389844,24,0.00912546275624182,0.7106598984771574,26.912190347890622,174.2,5.4,129.60000000000002,RT_CC_mixed_current
B0036,141,1.8002504696305572,26.753858968293855,37.62901534109348,0,171,0,3,62.39842042071978,1597,1.6574621175432849,24,-0.010599799153440781,0.7157360406091371,27.030227753915103,173.8,4.8,115.19999999999999,RT_CC_mixed_current
B0036,142,1.8395926161680458,28.360775206566878,38.17206500603514,0,170,0,4,62.600079643250844,1571,1.6603991175216894,24,-0.0029369999784045753,0.7208121827411168,26.96008137909605,172.8,4.4,105.60000000000001,RT_CC_mixed_current
B0036,143,1.821382842509603,28.18757434636029,37.78373164754429,0,169,0,3,62.57406953888625,1562,1.6460789092837111,24,0.014320208237978305,0.7258883248730964,27.032591855649475,172.0,3.8,91.19999999999999,RT_CC_mixed_current
B0036,144,1.826309067688378,27.08512809066296,36.67128673978225,0,168,0,4,62.27729454531307,1566,1.6408366462659327,24,0.005242263017778415,0.7309644670050761,27.27059551848787,171.0,3.8,91.19999999999999,RT_CC_mixed_current
B0036,145,1.8089816571790007,26.552106074794775,36.35822055804636,0,168,0,4,62.3033244908525,1581,1.63444089202816,24,0.006395754237772833,0.7360406091370558,27.36352842508734,170.0,3.4,81.6,RT_CC_mixed_current
B0036,146,1.832807570977918,25.986859346430776,37.04815005782166,0,167,0,6,62.14339676173621,1585,1.6374039186504212,24,-0.0029630266222613333,0.7411167512690355,27.387888537335748,169.2,3.6,86.4,RT_CC_mixed_current
B0036,147,1.8802588996763754,27.842661506747707,37.78142773101782,0,167,0,6,62.00587703899699,1545,1.64738207540524,24,-0.009978156754818723,0.7461928934010152,27.234488612963133,168.4,4.2,100.80000000000001,RT_CC_mixed_current
B0036,148,1.8231865284974094,28.637020264809525,38.98412239569435,0,167,0,3,62.29943944953409,1544,1.6545646441622357,24,-0.007182568756995744,0.751269035532995,27.1308658729993,167.8,4.6,110.39999999999999,RT_CC_mixed_current
B0036,149,1.8372536554354737,28.38170740683536,38.60522008155312,0,168,0,5,62.81550458179057,1573,1.640896560729935,24,0.013668083432300637,0.7563451776649747,27.22075505668915,167.4,4.6,110.39999999999999,RT_CC_mixed_current
B0036,150,1.7889030612244898,27.214780737905603,37.29256649709715,0,167,0,3,62.36006430947677,1568,1.6265229979339637,24,0.01437356279597135,0.7614213197969543,27.480070919923627,167.4,4.8,115.19999999999999,RT_CC_mixed_current
B0036,151,1.8510230179028133,26.019579552408896,36.59954969750561,0,167,0,6,61.81500488329742,1564,1.6217349144630455,24,0.004788083470918192,0.766497461928934,27.612605852545794,167.2,4.6,110.39999999999999,RT_CC_mixed_current
B0036,152,1.8449711723254325,26.341031706196983,36.62217023847058,0,166,0,6,61.77906509476582,1561,1.6248200059639546,24,-0.0030850915009090762,0.7715736040609137,27.619149893741415,167.2,4.6,110.39999999999999,RT_CC_mixed_current
B0036,153,1.8689788053949903,26.371430872601753,36.59089881260896,0,166,0,7,61.862159972250865,1557,1.61880119736137,24,0.0060188086025845244,0.7766497461928934,27.318823933631272,167.0,4.6,110.39999999999999,RT_CC_mixed_current
B0036,154,1.7914783731439639,26.437393318757085,36.59234456560626,0,165,0,3,61.69099157226125,1549,1.6137350490334217,24,0.005066148327948383,0.7817258883248731,26.86570605518972,166.8,5.4,129.60000000000002,RT_CC_mixed_current
B0036,155,1.7778497409326426,26.38090965807139,36.48018480302178,0,165,0,2,61.53793539945318,1544,1.612012823654141,24,0.0017222253792807951,0.7868020304568528,26.476843237574066,166.2,5.0,120.0,RT_CC_mixed_current
B0036,156,1.8329015544041452,25.874685758964233,38.23567263982747,0,166,0,4,61.31068330762386,1544,1.6671032556887178,24,-0.055090432034576864,0.7918781725888325,26.310069021607216,165.8,4.8,115.19999999999999,RT_CC_mixed_current
B0036,157,1.8329015544041452,28.372014662114477,37.930952706812825,0,164,0,5,63.836822705339465,1544,1.6850133383886254,24,-0.01791008269990768,0.7969543147208121,26.28109026291829,165.6,4.4,105.60000000000001,RT_CC_mixed_current
B0036,158,1.7833769633507854,27.965022029268347,37.40074798103556,0,165,0,1,63.64782561245582,1528,1.6786654987614698,24,0.0063478396271556825,0.8020304568527918,26.687286854101785,165.2,4.2,100.80000000000001,RT_CC_mixed_current
B0036,159,1.8851924331376386,27.207995061573865,36.76201438343683,0,164,0,7,63.55157646350635,1533,1.6729763502191373,24,0.0056891485423324895,0.8071065989847716,27.006005085435106,165.0,3.0,72.0,RT_CC_mixed_current
B0036,160,1.8754098360655738,26.852863016602537,36.54833629882202,0,164,0,6,63.39204603083575,1525,1.666489034299654,24,0.006487315919483372,0.8121827411167513,27.160125433998463,164.8,3.8,91.19999999999999,RT_CC_mixed_current
B0036,161,1.837270341207349,26.92228901503889,37.37954300419149,0,164,0,4,63.18178668172016,1524,1.6698420840710908,24,-0.003353049771436911,0.817258883248731,27.254516105704692,164.6,4.6,110.39999999999999,RT_CC_mixed_current
B0036,162,1.8125,27.49051079979936,38.17965570439169,0,163,0,3,63.29207528715298,1520,1.6746744228027035,24,-0.0048323387316127064,0.8223350253807107,27.46403675691962,164.2,4.6,110.39999999999999,RT_CC_mixed_current
B0036,163,1.8926174496644295,28.365323001949353,37.73954459548379,0,162,0,6,63.22799758493857,1490,1.6665045335145643,24,0.00816988928813922,0.8274111675126904,27.2877359844566,164.0,4.2,100.80000000000001,RT_CC_mixed_current
B0036,164,1.8178807947019868,26.69623720237549,36.61197128803382,0,161,0,4,63.21222178201941,1510,1.652222084834727,24,0.01428244867983719,0.8324873096446701,27.3677961789928,163.4,5.2,124.80000000000001,RT_CC_mixed_current
B0036,165,1.823920265780731,26.204415017916105,36.10688426616758,0,161,0,4,62.82095928943761,1505,1.6462718275099526,24,0.005950257324774499,0.8375634517766497,27.265444607153125,162.8,4.6,110.39999999999999,RT_CC_mixed_current
B0036,166,1.888740839440373,26.080415359624876,36.31248307899438,0,161,0,7,62.64926912661465,1501,1.642399234692521,24,0.003872592817431686,0.8426395939086294,27.13575500741584,162.2,4.2,100.80000000000001,RT_CC_mixed_current
B0036,167,1.8148395721925135,26.11488000493354,37.07549861586275,0,161,0,3,62.42768184637588,1496,1.651178607099992,24,-0.008779372407471175,0.8477157360406091,26.967380276333035,161.6,4.8,115.19999999999999,RT_CC_mixed_current
B0036,168,1.8498659517426272,27.311130026352103,37.414877687125575,0,160,0,5,62.83596954683442,1492,1.6481683120281931,24,0.003010295071798952,0.8527918781725888,26.692254117359873,161.2,4.8,115.19999999999999,RT_CC_mixed_current
B0036,169,1.8737407656145064,27.660453669464143,37.09639528593206,0,160,0,6,62.76604394328788,1489,1.6478887725428395,24,0.0002795394853536415,0.8578680203045685,26.48141552224042,160.8,4.6,110.39999999999999,RT_CC_mixed_current
B0036,170,1.820633850303439,26.71804962293679,36.65878634567259,0,158,0,4,62.64318898890782,1483,1.635843650915682,24,0.01204512162715754,0.8629441624365483,26.674258815658153,160.6,5.0,120.0,RT_CC_mixed_current
B0036,171,1.8077183480027081,26.177428880008538,36.234238027710575,0,158,0,3,62.28029292827765,1477,1.6332362811945516,24,0.0026073697211304037,0.868020304568528,26.77698573666229,160.0,5.0,120.0,RT_CC_mixed_current
B0036,172,1.8546195652173914,25.311638847205508,36.13330283566238,0,158,0,5,62.10363597586244,1472,1.629926467682987,24,0.0033098135115645633,0.8730964467005076,26.79638844073902,159.4,4.2,100.80000000000001,RT_CC_mixed_current
B0036,173,1.7922606924643585,26.62562261084973,37.40631592104371,0,158,0,2,62.14718194953991,1473,1.6387862629287224,24,-0.008859795245735436,0.8781725888324873,26.635740209193415,158.8,4.6,110.39999999999999,RT_CC_mixed_current
B0036,174,1.8297725706409373,27.613699434786625,37.77076533558071,0,157,0,3,62.253113147033545,1451,1.6359654863840771,24,0.002820776544645298,0.883248730964467,26.498638726092942,158.4,4.0,96.0,RT_CC_mixed_current
B0036,175,1.7921270718232045,27.733317015617708,37.33141555347586,0,157,0,1,62.17786957874423,1448,1.631137043967566,24,0.004828442416511036,0.8883248730964467,26.489287879157438,157.8,3.4,81.6,RT_CC_mixed_current
B0036,176,1.7925824175824177,26.724363629279175,36.73685074625057,0,156,0,2,62.184517002008924,1456,1.6220189720888465,24,0.009118071878719602,0.8934010152284264,26.692341357693625,157.6,2.8,67.19999999999999,RT_CC_mixed_current
B0036,177,1.768334475668266,25.725960674477356,37.81511547301817,0,156,0,1,61.76538809973811,1459,1.6416044978422155,24,-0.019585525753369026,0.8984771573604061,26.80172830754775,157.2,2.6,62.400000000000006,RT_CC_mixed_current
B0036,178,1.8569463548830811,26.35128304671213,36.404593910301536,0,156,0,5,62.599764430537995,1454,1.6253090231457803,24,0.01629547469643522,0.9035532994923858,26.884592673002118,156.8,1.8,43.2,RT_CC_mixed_current
B0036,179,1.7748618784530388,26.180986162241048,36.31178502135717,0,154,0,2,62.00647255804717,1448,1.6196134522239485,24,0.005695570921831816,0.9086294416243654,26.8297247601746,156.4,2.4,57.599999999999994,RT_CC_mixed_current
B0036,180,1.820069204152249,26.026276187589772,36.180551238597374,0,154,0,4,61.85270587935709,1445,1.6124236174774371,24,0.007189834746511359,0.9137055837563451,26.543182105665483,155.8,2.2,52.800000000000004,RT_CC_mixed_current
B0036,181,1.8472222222222223,25.98238547782263,36.10348020899565,0,154,0,5,61.62692967125835,1440,1.6077701029913394,24,0.004653514486097743,0.9187817258883249,26.201773940059894,155.2,2.8,67.19999999999999,RT_CC_mixed_current
B0036,182,1.7817294281729428,26.023968195793568,36.39815845242428,0,153,0,2,61.464560310171535,1434,1.6088077531981582,24,-0.0010376502068187854,0.9238578680203046,26.05337830976859,154.8,3.4,81.6,RT_CC_mixed_current
B0036,183,1.790469516468115,25.45621077556507,36.34867749615663,0,153,0,2,61.39741200336734,1427,1.6083556258734268,24,0.0004521273247313218,0.9289340101522843,26.112979814031824,154.2,3.6,86.4,RT_CC_mixed_current
B0036,184,1.8522408963585435,25.981919653858778,36.30340414585353,0,153,0,5,61.51815491197722,1428,1.606820251901154,24,0.0015353739722727688,0.934010152284264,25.933965359802414,153.6,3.0,72.0,RT_CC_mixed_current
B0036,185,1.8031051517290049,25.93925648284564,36.26566178605087,0,151,0,3,61.45365706092992,1417,1.601770977206713,24,0.005049274694441053,0.9390862944162437,25.89415205812596,153.4,3.6,86.4,RT_CC_mixed_current
B0036,186,1.8242766407904023,25.87996016270446,36.17313667131571,0,151,0,4,61.29494654915415,1417,1.594911734692208,24,0.006859242514505093,0.9441624365482234,25.876748117177137,152.8,3.4,81.6,RT_CC_mixed_current
B0036,187,1.8281471004243282,25.912054232430403,36.20038317528244,0,151,0,4,61.13005057925761,1414,1.5938139125387372,24,0.0010978221534707622,0.949238578680203,25.856263054153505,152.2,3.2,76.80000000000001,RT_CC_mixed_current
B0036,188,1.8346344925479063,25.2073220801807,36.12974352283867,0,151,0,4,60.94955699108623,1409,1.5920273129504596,24,0.0017865995882775376,0.9543147208121827,25.833880261480868,151.8,3.6,86.4,RT_CC_mixed_current
B0036,189,1.8518518518518519,25.821553306223326,36.15128962766672,0,150,0,5,60.91169836722644,1404,1.5847361549778751,24,0.0072911579725845055,0.9593908629441624,25.784102522403998,151.4,4.0,96.0,RT_CC_mixed_current
B0036,190,1.854493580599144,25.768210899411066,36.06503580876304,0,150,0,5,60.837045657282495,1402,1.5763429363936798,24,0.008393218584195283,0.9644670050761421,25.752029252876905,150.8,4.0,96.0,RT_CC_mixed_current
B0036,191,1.806151645207439,25.7602039205077,36.12802521407918,0,149,0,3,60.56760998586204,1398,1.5720229174642286,24,0.004320018929451219,0.9695431472081218,25.717820136189992,150.6,4.4,105.60000000000001,RT_CC_mixed_current
B0036,192,1.784692417739628,25.764508260448142,36.26774799217623,0,149,0,2,60.50176816460641,1398,1.5729874285512353,24,-0.0009645110870066809,0.9746192893401016,25.693868887750636,150.2,4.2,100.80000000000001,RT_CC_mixed_current
B0036,193,1.9291044776119404,27.424782747390783,38.43630283495838,0,149,0,5,59.86307473449515,1340,1.596985400389019,24,-0.023997971837783627,0.9796954314720813,25.664359693354186,149.8,3.8,91.19999999999999,RT_CC_mixed_current
B0036,194,1.8691588785046729,28.351006891249803,38.52063845392343,0,148,0,6,61.275407649061215,1391,1.595726023703856,24,0.0012593766851629606,0.9847715736040609,26.107851826796207,149.4,4.0,96.0,RT_CC_mixed_current
B0036,195,1.7779390420899854,27.91337258411599,38.18535812637009,0,148,0,1,61.159050787109045,1378,1.579500338340559,24,0.016225685363296938,0.9898477157360406,26.6137425438015,149.0,4.2,100.80000000000001,RT_CC_mixed_current
B0036,196,1.7994207096307024,26.850334584809666,37.138267270661,0,147,0,3,60.7072030724975,1381,1.5629469877520186,24,0.01655335058854046,0.9949238578680203,27.042774880742485,148.6,3.4,81.6,RT_CC_mixed_current
B0036,197,1.8033381712626995,26.40902947155003,36.62637340717898,0,147,0,3,60.22647783288025,1378,1.5591129431541175,24,0.003834044597901043,1.0,27.260801013602872,148.2,3.4,81.6,RT_CC_mixed_current
B0038,3,3.135351966873706,27.346876338541136,51.3517572303697,0,425,88,114,50.002659113966985,3864,1.0885801879473431,24,0.014043445244064534,0.06382978723404255,32.87909744367806,237.5,109.5,2628.0,MIXED_24_44C_multiload
B0038,4,3.1098524762908326,27.316560073193102,49.541551118224994,0,418,85,110,49.10062486505466,3796,1.0613249847591086,24,0.02725520318823449,0.0851063829787234,31.035023741965755,300.0,111.0,2664.0,MIXED_24_44C_multiload
B0038,5,3.132238082413143,27.263486571050034,49.94400434434952,0,412,84,108,47.75551826731156,3713,1.0347062057983545,24,0.026618778960754153,0.10638297872340426,30.10540782477259,329.5,110.75,2658.0,MIXED_24_44C_multiload
B0038,6,3.069741900054915,27.213491858443895,50.47284162905345,0,401,75,106,47.35168856795324,3642,1.0269978594353013,24,0.007708346363053176,0.1276595744680851,29.53702357402808,346.0,110.2,2644.8,MIXED_24_44C_multiload
B0038,7,2.953308507590948,26.665870623497952,49.83589725328242,0,357,63,109,47.35507467407838,3491,1.078501971098942,24,-0.05150411166364077,0.14893617021276595,27.214420830774998,419.4,111.0,2664.0,MIXED_24_44C_multiload
B0038,8,3.2066163668020895,26.814164397717,50.058224679961086,0,377,83,107,48.60230502672918,3446,1.0638897478802845,24,0.014612223218657627,0.1702127659574468,27.161257092945227,402.6,109.4,2625.6000000000004,MIXED_24_44C_multiload
B0038,9,3.1614219114219115,27.278042009140947,49.70254627455938,0,371,81,105,48.32642126107242,3432,1.0366551223324425,24,0.02723462554784195,0.19148936170212766,27.054714704780395,393.0,108.0,2592.0,MIXED_24_44C_multiload
B0038,10,3.1759530791788855,27.280116456257698,51.35429552288885,0,373,79,105,47.15661693811351,3410,1.030941327482094,24,0.005713794850348508,0.2127659574468085,27.047011091969967,383.6,107.0,2568.0,MIXED_24_44C_multiload
B0038,11,3.213647199046484,27.325123723252933,50.44246795838984,0,369,82,103,47.316495494990924,3356,1.0140084541034655,24,0.016932873378628477,0.23404255319148937,27.050337069011498,375.8,106.4,2553.6000000000004,MIXED_24_44C_multiload
B0038,12,3.2255139056831923,27.322682056551397,51.33205933952721,0,362,82,103,46.791540452090466,3308,1.008516095994519,24,0.005492358108946549,0.2553191489361702,27.072663441973305,369.4,105.8,2539.2,MIXED_24_44C_multiload
B0038,13,5.5520085129023675,29.31345756142978,49.52801806570102,0,430,550,1,47.70152485823069,3759,1.7419245088095905,24,-0.7334084128150715,0.2765957446808511,27.204025728583996,370.4,104.6,2510.3999999999996,MIXED_24_44C_multiload
B0038,14,27.194543297746144,46.06472494855738,49.28701938671706,0,448,3372,1,62.2409131987433,3372,1.779741859708433,44,-0.03781735089884242,0.2978723404255319,27.70388436132655,381.0,83.4,3669.6000000000004,MIXED_24_44C_multiload
B0038,15,27.614873035066505,46.18621244901061,49.17905905171433,0,444,3308,1,62.16542222313048,3308,1.7815666306452766,44,-0.0018247709368437448,0.3191489361702128,31.46122094920984,396.4,62.6,2754.4,MIXED_24_44C_multiload
B0038,16,28.011617515638964,46.14015652374218,49.1809104842522,0,436,3357,1,62.97928925892328,3357,1.7834859577156017,44,-0.0019193270703250498,0.3404255319148936,35.24244014776042,410.6,41.8,1839.1999999999998,MIXED_24_44C_multiload
B0038,17,27.773824257425744,46.141886925777115,49.05688408240341,0,429,3232,1,62.29875944968595,3232,1.7864411650415677,44,-0.0029552073259659917,0.3617021276595745,39.00544670785827,424.0,21.4,941.5999999999999,MIXED_24_44C_multiload
B0038,18,27.553889409559513,46.13966712817564,49.13032050804125,0,425,3201,1,62.30773129173531,3201,1.7859997608067948,44,0.0004414042347729019,0.3829787234042553,42.76928768170341,437.4,1.0,44.0,MIXED_24_44C_multiload
B0038,19,27.54199683042789,46.088492493429584,49.23198595690627,0,410,3155,1,62.47934676459941,3155,1.7769523773001608,44,0.009047383506634032,0.40425531914893614,46.134529595052584,436.4,1.0,44.0,MIXED_24_44C_multiload
B0038,20,27.46323529411765,46.15264086269849,49.16417337699806,0,415,3128,1,62.32549924618723,3128,1.781428917321899,44,-0.00447654002173814,0.425531914893617,46.13928310402703,428.8,1.0,44.0,MIXED_24_44C_multiload
B0038,21,28.029860434923727,46.22254119827972,49.04035070342245,0,411,3081,1,62.207913179452234,3081,1.7859452772697195,44,-0.004516359947820625,0.44680851063829785,46.1325687867646,423.0,1.0,44.0,MIXED_24_44C_multiload
B0038,22,27.656403537504094,46.144542102026215,48.97912041843542,0,406,3053,1,62.26567581127364,3053,1.785208429691551,44,0.000736847578168609,0.46808510638297873,46.14904572167211,418.0,1.0,44.0,MIXED_24_44C_multiload
B0038,23,27.84770399735712,46.146053767379314,48.978872169562095,0,402,3027,1,62.286199604863064,3027,1.783596609584544,44,0.0016118201070070004,0.48936170212765956,46.14957675692193,413.4,1.0,44.0,MIXED_24_44C_multiload
B0038,24,27.219242373449546,46.11410794034665,49.04045996790738,0,398,2983,1,62.063013298286755,2983,1.7796783152744713,44,0.003918294310072623,0.5106382978723404,46.15085408476267,408.8,1.0,44.0,MIXED_24_44C_multiload
B0038,25,27.81344537815126,46.0523382558893,48.95885334502884,0,392,2975,1,62.390432660082155,2975,1.7841102592788645,44,-0.0044319440043931735,0.5319148936170213,46.155977174146074,406.4,1.0,44.0,MIXED_24_44C_multiload
B0038,26,27.329816201497618,46.13021488182143,49.01777260309724,0,389,2938,1,62.2824168520092,2938,1.7833032331592191,44,0.0008070261196453377,0.5531914893617021,46.13591665278424,401.8,1.0,44.0,MIXED_24_44C_multiload
B0038,27,27.212663454920854,46.13604323070378,48.99249018111872,0,386,2906,1,62.167559762606125,2906,1.7796186141356956,44,0.003684619023523572,0.574468085106383,46.11745138949258,397.4,1.0,44.0,MIXED_24_44C_multiload
B0038,28,27.813259284970496,46.149060598935016,48.94618497316047,0,381,2881,1,62.271459105934014,2881,1.7816592334352586,44,-0.002040619299563007,0.5957446808510638,46.11575161522809,393.4,1.0,44.0,MIXED_24_44C_multiload
B0038,29,27.202650854551795,46.144348851352724,49.0209427982368,0,379,2867,1,62.295624632180015,2867,1.7775911304124037,44,0.004068103022854874,0.6170212765957447,46.11635298153924,389.2,1.0,44.0,MIXED_24_44C_multiload
B0038,30,27.91988756148981,46.098662423503335,49.014180829264426,0,374,2846,1,62.436071626402864,2846,1.777701881971679,44,-0.00011075155927531277,0.6382978723404256,46.12240116374045,385.4,1.0,44.0,MIXED_24_44C_multiload
B0038,31,27.128205128205128,46.126166272755796,49.08755174393166,0,373,2925,1,63.33663360870937,2925,1.7789547618270618,44,-0.0012528798553828047,0.6595744680851063,46.131665997263255,381.8,1.0,44.0,MIXED_24_44C_multiload
B0038,32,27.476868327402133,46.14229375816773,49.000307836809725,0,368,2810,1,62.530303956884616,2810,1.7807753731135043,44,-0.0018206112864425084,0.6808510638297872,46.130856275450135,378.6,1.0,44.0,MIXED_24_44C_multiload
B0038,33,27.19481454807346,46.13936918034808,49.05042538685695,0,365,2777,1,62.422426743508204,2777,1.778415319026661,44,0.002360054086843366,0.7021276595744681,46.13210638094292,375.0,1.0,44.0,MIXED_24_44C_multiload
B0038,34,27.502722323049003,46.230476032888525,49.08198729235301,0,361,2755,1,62.440001712629716,2755,1.7789773899108463,44,-0.0005620708841853617,0.723404255319149,46.130168097225535,371.8,1.0,44.0,MIXED_24_44C_multiload
B0038,35,27.789263692419297,46.18534034983816,49.13279687311376,0,358,2757,1,62.728298093401165,2757,1.7792479347236043,44,-0.00027054481275801123,0.7446808510638298,46.14739353353269,368.2,1.0,44.0,MIXED_24_44C_multiload
B0038,36,27.416020671834627,46.22641130080984,49.13552693190528,0,355,2709,1,62.44671517403678,2709,1.777920457368508,44,0.001327477355096418,0.7659574468085106,46.164729118799656,365.0,1.0,44.0,MIXED_24_44C_multiload
B0038,37,27.49254287844892,46.211007430793636,49.04172173314357,0,351,2682,1,62.45081076362868,2682,1.779227040224144,44,-0.001306582855636007,0.7872340425531915,46.18477812441047,361.4,1.0,44.0,MIXED_24_44C_multiload
B0038,38,27.186567164179106,46.195052896512024,49.09468753497383,0,350,2680,1,62.51047715446401,2680,1.7760634320079352,44,0.0031636082162087575,0.8085106382978723,46.19852085893565,358.0,1.0,44.0,MIXED_24_44C_multiload
B0038,39,27.148134466198744,46.21841694553781,49.057064718364046,0,347,2707,1,63.067278220284216,2707,1.775103937963957,44,0.0009594940439781041,0.8297872340425532,46.209657602168434,355.0,1.0,44.0,MIXED_24_44C_multiload
B0038,40,31.47665124106016,46.44808676951301,54.42193934195762,0,277,2377,280,64.9324778513139,2377,1.733064100138742,44,0.04203983782521514,0.851063829787234,46.207245784698294,352.2,1.0,44.0,MIXED_24_44C_multiload
B0038,41,30.66857899382171,46.40914531644505,54.61602412701822,0,277,2266,280,63.2163915521148,2266,1.7394892806215223,44,-0.0064251804827804015,0.8723404255319149,46.25979506863327,336.0,56.8,2499.2,MIXED_24_44C_multiload
B0038,42,30.709188224799288,46.70412838550937,54.621843575697525,0,276,2242,279,63.04920709259759,2242,1.7378064360392924,44,0.001682844582229892,0.8936170212765957,46.296341871760305,320.4,112.6,4954.4,MIXED_24_44C_multiload
B0038,43,30.70049393803323,46.701276728463206,54.57283441287881,0,273,2227,277,63.03721952594586,2227,1.730028145799833,44,0.007778290239459418,0.9148936170212766,46.39496606270345,305.4,168.2,7400.799999999999,MIXED_24_44C_multiload
B0038,44,30.71784420289855,46.68298598208924,54.65884815489962,0,271,2208,276,62.86935732210479,2208,1.7290404566542985,44,0.0009876891455344872,0.9361702127659575,46.49621082909369,290.0,223.4,9829.6,MIXED_24_44C_multiload
B0038,45,30.683159328188832,46.67159245348836,54.51993729622157,0,268,2203,274,62.97296025022107,2203,1.7286072907068817,44,0.0004331659474168248,0.9574468085106383,46.58912463640397,274.8,278.4,12249.599999999999,MIXED_24_44C_multiload
B0038,46,28.685617103984452,46.53897396486771,69.28796559754325,0,241,2058,128,63.781908865388985,2058,1.52573884649634,44,0.20286844421054173,0.9787234042553191,46.63382577319904,273.0,277.2,12196.8,MIXED_24_44C_multiload
B0038,47,28.96351136964569,46.778762496951934,69.86974573152932,0,235,1891,128,60.25130422491089,1891,1.5301475534434217,44,-0.004408706947081731,1.0,46.65979150288358,265.8,246.8,10859.2,MIXED_24_44C_multiload
B0039,3,3.7383540372670807,26.161449043020706,43.606076550083,0,796,33,55,23.591031470811828,3864,0.1628079382920206,24,0.3101782118007306,0.06382978723404255,30.407759313341955,342.5,50.0,1200.0,MIXED_24_44C_multiload
B0039,4,3.6222339304531084,26.176477856078154,43.90627471664096,0,746,34,55,24.13828055256704,3796,0.4787632853388766,24,-0.315955347046856,0.0851063829787234,28.9923225565682,493.6666666666667,51.666666666666664,1240.0,MIXED_24_44C_multiload
B0039,5,3.6156746566119042,26.164391496535167,44.013774813837145,0,728,33,54,24.20428498555895,3713,0.4711383364607152,24,0.007624948878161397,0.10638297872340426,28.288361381445693,556.75,52.5,1260.0,MIXED_24_44C_multiload
B0039,6,3.628500823723229,26.124948617081863,42.92203104864584,0,726,27,53,23.923942113470833,3642,0.4668172561120673,24,0.0043210803486478655,0.1276595744680851,27.863567404463588,591.0,52.8,1267.1999999999998,MIXED_24_44C_multiload
B0039,7,3.7267258665138927,25.946369244226297,43.24542727979999,0,711,29,52,23.782614242063318,3491,0.4699932676625547,24,-0.003176011550487412,0.14893617021276595,26.148274759949594,717.6,54.4,1305.6,MIXED_24_44C_multiload
B0039,8,3.8566453859547303,25.983022909203314,43.86578283702087,0,728,30,52,23.4628455879542,3446,0.4627052684317185,24,0.0072879992308362285,0.1702127659574468,26.114727251388437,741.4,53.8,1291.1999999999998,MIXED_24_44C_multiload
B0039,9,3.687354312354312,26.16489995111776,43.67270130471354,0,684,31,52,23.7791724163467,3432,0.4604944782656097,24,0.0022107901661088114,0.19148936170212766,26.07904202462496,727.8,53.2,1276.8000000000002,MIXED_24_44C_multiload
B0039,10,3.7448680351906156,26.170134942049046,43.79137016976176,0,694,30,52,23.59188163864139,3410,0.4412227248835694,24,0.01927175338204029,0.2127659574468085,26.07672644363288,715.4,52.6,1262.4,MIXED_24_44C_multiload
B0039,11,3.6918951132300357,26.17047351603719,43.92654641714406,0,679,25,51,23.693769678795285,3356,0.4435442194396584,24,-0.0023214945560889877,0.23404255319148937,26.07787513273566,708.6,52.2,1252.8000000000002,MIXED_24_44C_multiload
B0039,12,3.7711608222490933,26.172129225677388,43.36143647499468,0,685,26,50,23.36095877033796,3308,0.4126655541164234,24,0.030878665323234966,0.2553191489361702,26.08698011252672,699.2,51.8,1243.1999999999998,MIXED_24_44C_multiload
B0039,13,6.834264432029795,28.738178020452946,48.10057733769074,0,748,552,1,27.67452356786742,3759,1.7461791006389626,24,-1.3335135465225392,0.2765957446808511,26.13213210881694,694.0,51.4,1233.6,MIXED_24_44C_multiload
B0039,14,27.207888493475682,45.704864432520395,48.36094927051516,0,451,3372,1,61.505209195472254,3372,1.7695250734505363,44,-0.02334597281157369,0.2978723404255319,26.68316313106687,698.0,41.2,1812.8000000000002,MIXED_24_44C_multiload
B0039,15,27.2279322853688,45.81272185769331,48.20507797013392,0,446,3308,1,61.45610651611142,3308,1.7715391419501945,44,-0.002014068499658128,0.3191489361702128,30.59115602734739,651.4,31.0,1364.0,MIXED_24_44C_multiload
B0039,16,27.165624069109324,45.77001869403224,48.18149876688975,0,440,3357,1,62.195114187493274,3357,1.770625483958279,44,0.0009136579919155619,0.3404255319148936,34.519673410476244,601.8,20.8,915.2,MIXED_24_44C_multiload
B0039,17,27.216893564356436,45.768380798392705,48.22285805925047,0,433,3232,1,61.523987499328136,3232,1.7704040639447296,44,0.00022142001354930052,0.3617021276595745,38.439582446075256,554.0,10.8,475.20000000000005,MIXED_24_44C_multiload
B0039,18,27.219618869103407,45.815362756037956,48.3111327307896,0,429,3201,1,61.61584189744484,3201,1.769508178880176,44,0.0008958850645535144,0.3829787234042553,42.35883276061831,503.6,1.0,44.0,MIXED_24_44C_multiload
B0039,19,27.172741679873216,45.78028648855213,48.31988246057892,0,413,3155,1,61.79274594617582,3155,1.7638356274269416,44,0.005672551453234531,0.40425531914893614,45.77426970773532,439.8,1.0,44.0,MIXED_24_44C_multiload
B0039,20,27.210677749360613,45.76587220011963,48.19161251147565,0,417,3128,1,61.62627562834337,3128,1.7715725869786123,44,-0.007736959551670752,0.425531914893617,45.78935411894167,432.2,1.0,44.0,MIXED_24_44C_multiload
B0039,21,27.234664070107108,45.80370594495614,48.22746339794149,0,415,3081,1,61.437131466604406,3081,1.7701196454489685,44,0.0014529415296438142,0.44680851063829785,45.77998418742693,426.4,1.0,44.0,MIXED_24_44C_multiload
B0039,22,27.227317392728462,45.79383066477924,48.171946839870586,0,410,3053,1,61.51635276717915,3053,1.766756975286052,44,0.003362670162916581,0.46808510638297873,45.786721637611706,421.4,1.0,44.0,MIXED_24_44C_multiload
B0039,23,27.226627023455567,45.83496270276915,48.20204512091098,0,406,3027,1,61.584503282104414,3027,1.7648743629092642,44,0.0018826123767876624,0.48936170212765956,45.79181161088902,416.8,1.0,44.0,MIXED_24_44C_multiload
B0039,24,27.24438484746899,45.783699493627175,48.20808548312476,0,403,2983,1,61.32786404763407,2983,1.763838685943225,44,0.001035676966039345,0.5106382978723404,45.79573160023526,412.2,1.0,44.0,MIXED_24_44C_multiload
B0039,25,27.211764705882352,45.80995502535154,48.216947901934525,0,396,2975,1,61.66440383356628,2975,1.7657225752056789,44,-0.001883889262453975,0.5319148936170213,45.796414201250265,410.2,1.0,44.0,MIXED_24_44C_multiload
B0039,26,27.22430224642614,45.819111927754264,48.23861432117145,0,393,2938,1,61.48523612218054,2938,1.7645632809383045,44,0.0011592942673743778,0.5531914893617021,45.80523076629665,406.0,1.0,44.0,MIXED_24_44C_multiload
B0039,27,27.238472126634548,45.82243443824767,48.2409468668017,0,391,2906,1,61.35523921448433,2906,1.7608991948479125,44,0.003664086090392038,0.574468085106383,45.80831196285627,401.6,1.0,44.0,MIXED_24_44C_multiload
B0039,28,27.231863936133287,45.77246320210162,48.28638353591076,0,386,2881,1,61.3430350339083,2881,1.7598362095817717,44,0.0010629852661407924,0.5957446808510638,45.814032717549956,397.8,1.0,44.0,MIXED_24_44C_multiload
B0039,29,27.228810603418207,45.8373766534628,48.23633627651948,0,384,2867,1,61.48848650564923,2867,1.7590955400143164,44,0.0007406695674552211,0.6170212765957447,45.80153281741646,393.8,1.0,44.0,MIXED_24_44C_multiload
B0039,30,27.21890372452565,45.76886856515614,48.2681944116944,0,379,2846,1,61.44314602428863,2846,1.7560495443976525,44,0.0030459956166639657,0.6382978723404256,45.81226824938358,390.0,1.0,44.0,MIXED_24_44C_multiload
B0039,31,27.153846153846153,45.853896397125496,48.25892855404056,0,378,2925,1,62.45090853865178,2925,1.7571677199949287,44,-0.0011181755972762275,0.6595744680851063,45.8040509573445,386.6,1.0,44.0,MIXED_24_44C_multiload
B0039,32,27.21708185053381,45.91800520274625,48.27406092264485,0,374,2810,1,61.60797438829895,2810,1.7558911269459976,44,0.0012765930489311295,0.6808510638297872,45.81100785121875,383.6,1.0,44.0,MIXED_24_44C_multiload
B0039,33,27.221822110190853,45.80488941733376,48.37743085469793,0,370,2777,1,61.35443180824471,2777,1.7533419072229914,44,0.0025492197230061464,0.7021276595744681,45.83012200411846,380.2,1.0,44.0,MIXED_24_44C_multiload
B0039,34,27.228675136116152,46.00390253427695,48.34229218799801,0,368,2755,1,61.52698059609836,2755,1.7506673845335168,44,0.0026745226894746565,0.723404255319149,45.836607247164885,377.0,1.0,44.0,MIXED_24_44C_multiload
B0039,35,27.205295611171564,45.88215652008231,48.35205523072366,0,364,2757,1,61.621124351999164,2757,1.7510006664162403,44,-0.000333281882723524,0.7446808510638298,45.86991242332772,373.8,1.0,44.0,MIXED_24_44C_multiload
B0039,36,27.229605020302696,45.90412939597077,48.36227474052515,0,362,2709,1,61.30879735032686,2709,1.7496058853847871,44,0.001394781031453185,0.7659574468085106,45.89257001431295,370.8,1.0,44.0,MIXED_24_44C_multiload
B0039,37,27.229679343773302,45.908666627443836,48.39407566049798,0,358,2682,1,61.26414252054487,2682,1.7477359172183355,44,0.0018699681664515744,0.7872340425531915,45.902616614082014,367.6,1.0,44.0,MIXED_24_44C_multiload
B0039,38,27.23134328358209,45.92819289878541,48.40712816602448,0,358,2680,1,61.33226870287781,2680,1.7444225468099093,44,0.003313370408426275,0.8085106382978723,45.90074889902153,364.4,1.0,44.0,MIXED_24_44C_multiload
B0039,39,27.18322866642039,46.01911217508894,48.476824345274245,0,354,2707,1,61.918895590418906,2707,1.743308366083936,44,0.0011141807259733572,0.8297872340425532,45.925409595311855,362.0,1.0,44.0,MIXED_24_44C_multiload
B0039,40,26.947833403449728,46.03909232681839,52.90221489344579,0,288,2377,1,63.08457064604307,2377,1.6556691733888471,44,0.0876391926950888,0.851063829787234,45.92845152347425,359.2,1.0,44.0,MIXED_24_44C_multiload
B0039,41,27.063106796116504,46.032641294661936,53.04880173105535,0,291,2266,1,60.30547495779737,2266,1.64297669457593,44,0.012692478812917019,0.8723404255319149,45.95983868482147,344.0,1.0,44.0,MIXED_24_44C_multiload
B0039,42,27.074041034790366,46.25928094656779,53.017440171542674,0,290,2242,1,59.751689344305596,2242,1.6343822729361266,44,0.008594421639803507,0.8936170212765957,45.9855410645597,329.8,1.0,44.0,MIXED_24_44C_multiload
B0039,43,27.067804220925012,46.27529508470333,53.07430485716129,0,287,2227,1,59.63257514391467,2227,1.62650670621656,44,0.007875566719566685,0.9148936170212766,46.05566392838449,316.2,1.0,44.0,MIXED_24_44C_multiload
B0039,44,27.078804347826086,46.297576569589026,53.15177003577248,0,286,2208,1,59.38028161034429,2208,1.618865991735961,44,0.007640714480598998,0.9361702127659575,46.12508436556808,302.0,1.0,44.0,MIXED_24_44C_multiload
B0039,45,27.06990467544258,46.31384857176409,53.01718592680281,0,284,2203,1,59.319547173624336,2203,1.6114968339209264,44,0.007369157815034555,0.9574468085106383,46.180777244468096,288.4,1.0,44.0,MIXED_24_44C_multiload
B0039,46,28.505830903790088,46.23441692603542,63.94078057196598,0,257,2058,108,59.75285985688897,2058,1.3240805773461226,44,0.28741625657480374,0.9787234042553191,46.23572849345724,287.6,1.0,44.0,MIXED_24_44C_multiload
B0039,47,28.759915388683236,46.30297388156676,64.14381595669508,0,250,1891,108,52.34970913790436,1891,1.3153386221697692,44,0.008741955176353455,1.0,46.276083619731935,280.8,22.4,985.5999999999999,MIXED_24_44C_multiload
B0040,3,2.5905797101449277,26.20456555754206,41.63283156392668,0,476,20,76,33.68342232562833,3864,0.7865824034601745,24,0.004723807115859957,0.06382978723404255,30.349530252713222,261.5,71.0,1704.0,MIXED_24_44C_multiload
B0040,4,2.5935194942044255,26.212683744998024,41.715752737182754,0,467,20,75,33.484852768103515,3796,0.7795871426061582,24,0.00699526085401625,0.0851063829787234,28.96787535432284,333.0,72.66666666666667,1744.0,MIXED_24_44C_multiload
B0040,5,2.574737409103151,26.193315046772657,41.61695629052659,0,462,14,73,33.18163448827259,3713,0.7628241523125163,24,0.01676299029364192,0.10638297872340426,28.279077451991633,366.5,73.25,1758.0,MIXED_24_44C_multiload
B0040,6,2.526084568918177,26.14687353837188,40.41568117134027,0,458,6,70,32.569938599429236,3642,0.7405021514606399,24,0.02232200085187641,0.1276595744680851,27.861924970947836,385.6,73.2,1756.8000000000002,MIXED_24_44C_multiload
B0040,7,2.5780578630764825,26.044101026637595,41.6427020562054,0,423,15,73,31.915205552561975,3491,0.7783970881100656,24,-0.03789493664942567,0.14893617021276595,26.18712887699106,467.0,74.2,1780.8000000000002,MIXED_24_44C_multiload
B0040,8,2.6189785258270457,26.076057534724224,41.666127528934624,0,424,17,72,33.3102319417483,3446,0.7733165409025605,24,0.0050805472075050595,0.1702127659574468,26.160307782864447,457.2,73.4,1761.6000000000001,MIXED_24_44C_multiload
B0040,9,2.5844988344988344,26.19765857383936,41.55823578501682,0,419,15,71,33.112910374918215,3432,0.7589575236409498,24,0.014359017261610707,0.19148936170212766,26.134606178300874,446.8,72.6,1742.3999999999999,MIXED_24_44C_multiload
B0040,10,2.6041055718475072,26.1952820458363,41.25451200429936,0,427,13,69,32.44094488712852,3410,0.7407399462256391,24,0.018217577415310715,0.2127659574468085,26.131601144069144,437.2,71.8,1723.1999999999998,MIXED_24_44C_multiload
B0040,11,2.5640643623361146,26.179201515852792,40.05463707446548,0,427,2,69,31.74764587795014,3356,0.7446218752617147,24,-0.0038819290360756487,0.23404255319148937,26.131994543881877,430.2,71.0,1704.0,MIXED_24_44C_multiload
B0040,12,2.595223700120919,26.18621538663575,40.76452850374992,0,420,9,66,31.926945140870338,3308,0.7149875629820736,24,0.029634312279641195,0.2553191489361702,26.138460139378054,424.0,70.8,1699.1999999999998,MIXED_24_44C_multiload
B0040,13,5.920457568502261,28.875096436825896,47.45925542600303,0,493,568,1,33.91324160266648,3759,1.7075144448533202,24,-0.9925268818712466,0.2765957446808511,26.166883011377685,423.4,69.4,1665.6000000000001,MIXED_24_44C_multiload
B0040,14,27.250889679715304,45.63313674842954,47.733284854985534,0,462,3372,1,60.37220837792181,3372,1.730880859428193,44,-0.023366414574872874,0.2978723404255319,26.726690791798017,437.2,55.2,2428.8,MIXED_24_44C_multiload
B0040,15,27.271765417170496,45.700979269836886,47.68533526444168,0,457,3308,1,60.36436468257949,3308,1.7328212845233328,44,-0.0019404250951398083,0.3191489361702128,30.613786426716057,445.8,41.2,1812.8000000000002,MIXED_24_44C_multiload
B0040,16,27.20732797140304,45.66748116992526,47.67231335727975,0,450,3357,1,61.12759428788221,3357,1.7317734323431513,44,0.0010478521801815521,0.3404255319148936,34.514925871516176,451.8,27.6,1214.4,MIXED_24_44C_multiload
B0040,17,27.260210396039604,45.66726085095348,47.70025798751115,0,443,3232,1,60.47641809312722,3232,1.7341296392350067,44,-0.00235620689185545,0.3617021276595745,38.41258180233067,456.4,14.0,616.0,MIXED_24_44C_multiload
B0040,18,27.26023117775695,45.67856072591157,47.70250785089967,0,439,3201,1,60.59016909715595,3201,1.7334756929990074,44,0.0006539462359993475,0.3829787234042553,42.308790895194214,461.0,1.0,44.0,MIXED_24_44C_multiload
B0040,19,27.217115689381934,45.677717558835,47.77567590438216,0,423,3155,1,60.72627806825687,3155,1.7243057179457877,44,0.009169975053219703,0.40425531914893614,45.66948375301134,450.2,1.0,44.0,MIXED_24_44C_multiload
B0040,20,27.255434782608695,45.69670018246126,47.68448077336878,0,427,3128,1,60.54574599822283,3128,1.7318975861687205,44,-0.007591868222932785,0.425531914893617,45.67839991509244,442.4,1.0,44.0,MIXED_24_44C_multiload
B0040,21,27.27685816293411,45.69609978188057,47.66868390973605,0,425,3081,1,60.38499430697881,3081,1.7333691208377455,44,-0.0014715346690250541,0.44680851063829785,45.677544097617314,436.4,1.0,44.0,MIXED_24_44C_multiload
B0040,22,27.26826072715362,45.66433141335593,47.63553822379171,0,419,3053,1,60.51238384504642,3053,1.732175650153278,44,0.0011934706844676235,0.46808510638297873,45.683267820008375,431.4,1.0,44.0,MIXED_24_44C_multiload
B0040,23,27.26792203501817,45.64700258413941,47.64097688926351,0,415,3027,1,60.53600410119927,3027,1.7334832776102866,44,-0.001307627457008742,0.48936170212765956,45.68268193248887,426.6,1.0,44.0,MIXED_24_44C_multiload
B0040,24,27.276231981226953,45.64947327530273,47.67660695857828,0,410,2983,1,60.407507071627656,2983,1.732372495746513,44,0.0011107818637736688,0.5106382978723404,45.67637030413444,421.8,1.0,44.0,MIXED_24_44C_multiload
B0040,25,27.25378151260504,45.6237048302271,47.670062907549664,0,405,2975,1,60.62382928808256,2975,1.7338175297202416,44,-0.0014450339737286377,0.5319148936170213,45.67072144742798,419.2,1.0,44.0,MIXED_24_44C_multiload
B0040,26,27.261742682096664,45.672945718228284,47.67504818462313,0,401,2938,1,60.62914592820874,2938,1.7329630786357868,44,0.0008544510844548103,0.5531914893617021,45.656122376981145,414.8,1.0,44.0,MIXED_24_44C_multiload
B0040,27,27.27116311080523,45.671288543006405,47.66226480407664,0,398,2906,1,60.519197259457144,2906,1.731883908457334,44,0.0010791701784527152,0.574468085106383,45.65149156425069,410.0,1.0,44.0,MIXED_24_44C_multiload
B0040,28,27.26657410621312,45.658376084076615,47.65776484346084,0,394,2881,1,60.54234332019046,2881,1.7306960059812662,44,0.0011879024760679258,0.5957446808510638,45.652882990180785,405.8,1.0,44.0,MIXED_24_44C_multiload
B0040,29,27.25671433554238,45.64758845310679,47.65588226485245,0,390,2867,1,60.6056678381244,2867,1.7296011601947467,44,0.0010948457865194161,0.6170212765957447,45.655157690168224,401.6,1.0,44.0,MIXED_24_44C_multiload
B0040,30,27.25228390723823,45.62114530495651,47.68924379895171,0,386,2846,1,60.637432509923585,2846,1.7296187381064656,44,-1.757791171885792e-05,0.6382978723404256,45.65478072572904,397.6,1.0,44.0,MIXED_24_44C_multiload
B0040,31,27.186324786324786,45.66316886993614,47.68013294716548,0,385,2925,1,61.564791163919764,2925,1.7307198617163877,44,-0.0011011236099220945,0.6595744680851063,45.654268820674915,393.8,1.0,44.0,MIXED_24_44C_multiload
B0040,32,27.250889679715304,45.660345947974164,47.69683888709109,0,381,2810,1,60.71912514811501,2810,1.729274556175907,44,0.0014453055404806125,0.6808510638297872,45.6523134510165,390.6,1.0,44.0,MIXED_24_44C_multiload
B0040,33,27.256031688872884,45.66293812874671,47.68346890250753,0,377,2777,1,60.71786860438889,2777,1.7297962212599596,44,-0.0005216650840524917,0.7021276595744681,45.650124932010044,387.2,1.0,44.0,MIXED_24_44C_multiload
B0040,34,27.25771324863884,45.70172650901372,47.72656082449746,0,374,2755,1,60.669248809773165,2755,1.7268942069037494,44,0.0029020143562101808,0.723404255319149,45.651037340944065,383.8,1.0,44.0,MIXED_24_44C_multiload
B0040,35,27.23975335509612,45.702576850589836,47.7336433887077,0,371,2757,1,60.86098536893488,2757,1.7272191689306016,44,-0.00032496202685217135,0.7446808510638298,45.66186495212545,380.6,1.0,44.0,MIXED_24_44C_multiload
B0040,36,27.257290513104465,45.71327677069777,47.73354479118836,0,367,2709,1,60.67905416485872,2709,1.7285674981160106,44,-0.0013483291854090584,0.7659574468085106,45.67815126125212,377.6,1.0,44.0,MIXED_24_44C_multiload
B0040,37,27.25950782997763,45.70717434974905,47.74132595782936,0,364,2682,1,60.6810817687119,2682,1.726636381605547,44,0.0019311165104636263,0.7872340425531915,45.68817284140444,374.0,1.0,44.0,MIXED_24_44C_multiload
B0040,38,27.25,45.690792061370125,47.73740327080965,0,362,2680,1,60.76674327678639,2680,1.7262424141835069,44,0.00039396742204012014,0.8085106382978723,45.69753852175942,370.6,1.0,44.0,MIXED_24_44C_multiload
B0040,39,27.210934613963797,45.711235939606,47.780084445812335,0,359,2707,1,61.26336354856862,2707,1.72527259276029,44,0.0009698214232167768,0.8297872340425532,45.7031093082841,367.6,1.0,44.0,MIXED_24_44C_multiload
B0040,40,26.935212452671436,45.85746133849937,51.74025766413764,0,286,2377,1,62.78929989951361,2377,1.666802687745505,44,0.058469905014784995,0.851063829787234,45.70501119440256,364.6,1.0,44.0,MIXED_24_44C_multiload
B0040,41,27.030008826125332,45.88499460066335,51.80596353207629,0,286,2266,1,60.612046712914186,2266,1.666754853762041,44,4.7833983464196095e-05,0.8723404255319149,45.73598809198446,347.6,1.0,44.0,MIXED_24_44C_multiload
B0040,42,27.051739518287242,46.03696787677021,51.79140734732303,0,286,2242,1,60.361628139820155,2242,1.6583274448761054,44,0.008427408885935517,0.8936170212765957,45.77033165797758,331.4,1.0,44.0,MIXED_24_44C_multiload
B0040,43,27.058823529411764,46.02374722920434,51.7543308845732,0,283,2227,2,60.17662153966429,2227,1.65032263550715,44,0.008004809368955312,0.9148936170212766,45.83629036338181,315.8,1.0,44.0,MIXED_24_44C_multiload
B0040,44,27.065217391304348,46.021129231941615,51.86320043661648,0,282,2208,2,59.93150922015624,2208,1.6493406341242296,44,0.0009820013829204832,0.9361702127659575,45.90288139694865,300.0,1.2,52.8,MIXED_24_44C_multiload
B0040,45,27.04266908760781,46.01915001033273,51.81917888349145,0,280,2203,1,60.02663701778884,2203,1.641919055037739,44,0.0074215790864906594,0.9574468085106383,45.96486005541578,284.6,1.4,61.599999999999994,MIXED_24_44C_multiload
B0040,46,27.80855199222546,45.661810029508175,53.95646661253941,0,312,2058,35,58.78688696182559,2058,0.425812451177779,44,1.21610660385996,0.9787234042553191,45.99719778978245,283.4,1.4,61.599999999999994,MIXED_24_44C_multiload
B0040,47,31.107879428873613,45.60627319034333,55.67880428959517,0,676,1891,45,19.31593676885331,1891,0.5569902643736575,44,-0.1311778131958785,1.0,45.95256087555141,288.6,8.2,360.79999999999995,MIXED_24_44C_multiload
B0041,3,15.04915454187967,5.589005103623153,10.859754872978824,0,2538,0,6,3.7501654922060075,2543,0.0558390162918539,4,-0.00014154367957710384,0.04477611940298507,6.719437215416566,1323.5,6.5,26.0,COLD4C_multiload
B0041,4,15.049563838223632,5.710270980569059,10.755318068306904,0,2517,0,6,3.4350259710818727,2522,0.056148059974053,4,-0.0003090436821990977,0.05970149253731343,6.342626511485428,1728.3333333333333,6.333333333333333,25.333333333333332,COLD4C_multiload
B0041,5,15.050709939148073,5.774146216191755,10.897588103290213,0,2460,0,6,3.464074700948272,2465,0.056470531599139,4,-0.0003224716250860016,0.07462686567164178,6.1845376287563365,1925.5,6.25,25.0,COLD4C_multiload
B0041,6,15.064695009242143,5.796618980507831,9.341307040097297,0,2160,0,6,3.4045366225390703,2164,0.0440922918408019,4,0.0123782397583371,0.08955223880597014,6.102459346243419,2032.4,6.2,24.8,COLD4C_multiload
B0041,7,15.050751116524564,5.745474930571948,10.393349980789248,0,2458,0,6,3.2755791287604947,2463,0.0567719130814178,4,-0.012679621240615904,0.1044776119402985,5.69042893530977,2446.4,6.2,24.8,COLD4C_multiload
B0041,8,15.051062091503267,5.875461083582047,10.096648262126736,0,2443,0,6,3.5203033084823128,2448,0.0569383765007572,4,-0.00016646341933939518,0.11940298507462686,5.7231032422927495,2426.6,6.0,24.0,COLD4C_multiload
B0041,9,15.057851239669422,5.834378711228686,10.90616342735489,0,2416,0,6,3.3444980920202196,2420,0.0444014841131225,4,0.012536892387634696,0.13432835820895522,5.780394438284528,2407.6,6.0,24.0,COLD4C_multiload
B0041,10,15.045833333333333,5.854728805896998,8.568134800681483,0,2396,0,5,3.4536027144280386,2400,0.0446343581849161,4,-0.0002328740717935998,0.14925373134328357,5.805215984416453,2387.4,6.0,24.0,COLD4C_multiload
B0041,11,15.058651026392962,5.819165461784814,10.723989411834728,0,2383,0,6,2.979018721742736,2387,0.0447987224365748,4,-0.000164364251658701,0.16417910447761194,5.821332502357502,2374.6,5.8,23.2,COLD4C_multiload
B0041,12,15.046629927935566,5.691960362331828,10.069265727154304,0,2355,0,5,3.3778464730044835,2359,0.0467089878078547,4,-0.001910265371279897,0.1791044776119403,5.825841798612899,2419.2,5.8,23.2,COLD4C_multiload
B0041,13,15.05962521294719,5.756540865798594,11.678125966059154,0,2344,0,6,3.162771239663298,2348,0.0449537153308952,4,0.0017552724769595018,0.19402985074626866,5.815138884964874,2398.6,5.6,22.4,COLD4C_multiload
B0041,14,15.047332185886402,6.010528367709493,10.184555541046697,0,2320,0,5,3.3410557121403124,2324,0.0452193290195426,4,-0.00026561368864740087,0.208955223880597,5.791354841408184,2378.8,5.6,22.4,COLD4C_multiload
B0041,15,15.047536732929991,6.0367597484666655,10.778359079693514,0,2310,0,5,3.07944449838441,2314,0.0454022241469497,4,-0.00018289512740710112,0.22388059701492538,5.826584772704345,2359.6,5.4,21.6,COLD4C_multiload
B0041,16,15.047722342733188,5.988302309676264,10.339342995308634,0,2301,0,5,3.0624920067253116,2305,0.0456790122497417,4,-0.00027678810279199717,0.23880597014925373,5.862990961218279,2342.4,5.4,21.6,COLD4C_multiload
B0041,17,15.04809794490599,6.159258475908198,11.13650452054683,0,2283,0,5,2.9992864098986454,2287,0.0455208025703398,4,0.0001582096794018953,0.2537313432835821,5.8968183307965685,2326.0,5.2,20.8,COLD4C_multiload
B0041,18,15.048629531388151,6.256388971346892,9.695569312291523,0,2258,0,5,3.138668611751738,2262,0.0457285414602425,4,-0.00020773888990269912,0.26865671641791045,5.990277953511843,2311.6,5.2,20.8,COLD4C_multiload
B0041,19,15.049616599007669,5.987865931288677,10.5100184115379,0,2213,0,5,3.016708012355949,2217,0.045860512192502,4,-0.00013197073225949818,0.2835820895522388,6.090247574621502,2294.4,5.0,20.0,COLD4C_multiload
B0041,20,15.049954586739329,5.867159158345589,10.61900706852965,0,2198,0,5,3.2020667193074424,2202,0.045983556030275,4,-0.00012304383777300004,0.29850746268656714,6.085715087337339,2273.0,5.0,20.0,COLD4C_multiload
B0041,21,15.051740357478833,5.945838744208589,10.81117656025071,0,2122,0,5,3.096511445760756,2126,0.046128762966734,4,-0.0001452069364590025,0.31343283582089554,6.051794969313123,2250.6,5.0,20.0,COLD4C_multiload
B0041,22,15.053012048192771,6.063423714119931,8.406830339250588,0,2071,0,5,2.952636408839508,2075,0.0463714545530443,4,-0.0002426915863102952,0.3283582089552239,6.043302256219588,2214.8,5.0,20.0,COLD4C_multiload
B0041,23,15.050274223034735,5.914524644632382,9.345446470246117,0,2184,0,5,3.377872315201268,2188,0.0464238542531432,4,-5.2399700098904045e-05,0.34328358208955223,6.024135303861936,2172.4,5.0,20.0,COLD4C_multiload
B0041,24,15.050528249885163,5.94379452566317,10.959408995323104,0,2173,0,5,3.0634768219341604,2177,0.0465794695305646,4,-0.0001556152774213962,0.3582089552238806,5.9557624385190335,2157.6,5.0,20.0,COLD4C_multiload
B0041,25,15.051377860812705,6.086970561217855,10.83821929996881,0,2137,0,5,3.2052455569175233,2141,0.0467260089483965,4,-0.0001465394178319021,0.373134328358209,5.9469481573939325,2149.6,5.0,20.0,COLD4C_multiload
B0041,26,15.05090236001851,6.350618744116512,9.713734913231036,0,2157,0,5,3.1130773648128804,2161,0.0468634724324437,4,-0.0001374634840472025,0.3880597014925373,5.990910437968386,2137.4,5.0,20.0,COLD4C_multiload
B0041,27,15.05142589995325,6.38077451098742,11.338971542207569,0,2135,0,5,3.043333889698782,2139,0.0471230704848885,4,-0.0002595980524447983,0.40298507462686567,6.07186643794997,2144.4,5.0,20.0,COLD4C_multiload
B0041,28,15.051862329090051,5.7647232221818525,8.874610339188825,0,2117,0,5,3.1271110085946208,2121,0.047089685801538,4,3.33846833504986e-05,0.417910447761194,6.135336597323468,2157.2,5.0,20.0,COLD4C_multiload
B0041,29,15.052083333333334,5.709181932551471,10.892975819528624,0,2108,0,5,3.1127177540181274,2112,0.0471681699068244,4,-7.848410528640132e-05,0.43283582089552236,6.1053763128333625,2143.8,5.0,20.0,COLD4C_multiload
B0041,30,15.052405907575036,5.839094642872203,9.921480417012177,0,2095,0,5,3.1293478316925474,2099,0.0474166233958466,4,-0.00024845348902219344,0.44776119402985076,6.058453794211022,2130.8,5.0,20.0,COLD4C_multiload
B0041,31,15.052732502396932,5.996609414245342,9.340703602759724,0,2082,0,5,3.163293585790976,2086,0.0474736581861432,4,-5.703479029660341e-05,0.4626865671641791,6.008878610541892,2122.4,5.0,20.0,COLD4C_multiload
B0041,32,15.052986512524084,6.020504381641687,10.415323507314886,0,2072,0,5,3.1105725299264884,2076,0.047671071688296,4,-0.00019741350215279896,0.47761194029850745,5.938076744567658,2107.4,5.0,20.0,COLD4C_multiload
B0041,33,15.05352798053528,6.1442012854246055,10.395152109274877,0,2051,0,5,3.1701984247449815,2055,0.0477561486679362,4,-8.507697964019872e-05,0.4925373134328358,5.866022718698511,2094.8,5.0,20.0,COLD4C_multiload
B0041,34,15.0537109375,6.159059093591707,11.381000616023892,0,2044,0,5,3.165170751739146,2048,0.0478336905290522,4,-7.75418611160053e-05,0.5074626865671642,5.941918331347061,2081.6,5.0,20.0,COLD4C_multiload
B0041,35,15.054054054054054,6.220193352020422,11.200598645773905,0,2031,0,5,3.2060543788456237,2035,0.0479228171589379,4,-8.912662988569409e-05,0.5223880597014925,6.031893763555109,2068.8,5.0,20.0,COLD4C_multiload
B0041,36,15.054917623564654,5.867162985269325,10.936042652403566,0,1999,0,5,3.251889238848716,2003,0.0481080249716144,4,-0.00018520781267650221,0.5373134328358209,6.108113505384753,2056.0,5.0,20.0,COLD4C_multiload
B0041,37,15.05655526992288,5.787261810586502,9.652988520428655,0,1941,0,5,3.3156816949444514,1945,0.0480878273582587,4,2.019761335569914e-05,0.5522388059701493,6.082224219589549,2039.4,5.0,20.0,COLD4C_multiload
B0041,38,15.127020785219399,5.585497413935907,9.298616166335734,0,862,0,5,2.8937593151307586,866,0.0484226192632661,4,-0.0003347919050074033,0.5671641791044776,6.035575705378513,2013.2,5.0,20.0,COLD4C_multiload
B0041,39,15.10989010989011,6.017125930892707,8.441835425382303,0,724,0,4,3.128654189147817,728,0.0479864952546282,4,0.0004361240086379059,0.582089552238806,5.923834931080772,1775.4,5.0,20.0,COLD4C_multiload
B0041,40,15.202952029520295,6.07393036659521,10.811071564713467,0,538,0,5,2.765406612084922,542,0.0482217520049512,4,-0.0002352567503230013,0.5970149253731343,5.895448298540972,1511.4,4.8,19.2,COLD4C_multiload
B0041,41,15.137457044673539,6.177910623535676,10.342443542922243,0,578,0,4,3.0412152226816707,582,0.0478773156676534,4,0.0003444363372977974,0.6119402985074627,5.86619570145593,1212.8,4.8,19.2,COLD4C_multiload
B0041,42,15.151228733459357,5.994701804617792,9.120173569834156,0,525,0,4,2.6856486732229055,529,0.0482903205557941,4,-0.0004130048881407014,0.6268656716417911,5.9283452291092,928.6,4.6,18.4,COLD4C_multiload
B0041,43,11.46606334841629,7.069785864412028,14.806765885071044,0,820,0,0,17.328786304435702,1105,1.2156494086360898,4,-1.1673590880802958,0.6417910447761194,5.9698332279154585,645.4,4.4,17.6,COLD4C_multiload
B0041,44,2.6176089771255935,7.040354125545582,13.99744937533934,0,381,0,0,46.15492971765331,2317,1.1476416320946563,4,0.06800777654143353,0.6567164179104478,6.266690918010683,637.0,3.4,13.6,COLD4C_multiload
B0041,45,2.6824500434404865,6.921743939081055,14.356275659290002,0,389,0,0,44.60371733245812,2302,1.1194574527298191,4,0.028184179364837192,0.6716417910447762,6.4713365569412575,568.4,2.6,10.4,COLD4C_multiload
B0041,46,2.777292576419214,6.90749703081855,14.518586105925962,0,402,0,0,43.21784407271815,2290,1.0841325641850128,4,0.03532488854480631,0.6865671641791045,6.6408992714384265,538.6,1.6,6.4,COLD4C_multiload
B0041,47,2.8184222124283824,6.905400882595227,12.628628797798616,0,405,0,0,42.10294066228302,2269,1.0607784232892656,4,0.023354140895747166,0.7014925373134329,6.786816552895002,503.4,0.8,3.2,COLD4C_multiload
B0041,48,2.919254658385093,6.907894786644767,14.249076739876308,0,418,0,0,40.81882963706108,2254,1.0170312865626592,4,0.04374713672660646,0.7164179104477612,6.968956368490488,479.4,0.0,0.0,COLD4C_multiload
B0041,49,2.977201609298167,6.81381547831735,13.400963787224589,0,424,0,0,39.839343523567656,2237,1.0000374999808574,4,0.01699378658180173,0.7313432835820896,6.936578152937036,399.0,0.0,0.0,COLD4C_multiload
B0041,50,2.9852084267144776,6.8024974179711855,13.143596987494345,0,424,0,0,39.41231773883179,2231,0.991506494786248,4,0.008531005194609476,0.746268656716418,6.891270423491389,407.6,0.0,0.0,COLD4C_multiload
B0041,51,3.0293453724604964,6.896211512625038,14.777209247015293,0,428,0,0,38.639169041199914,2215,0.9655644425371016,4,0.025942052249146363,0.7611940298507462,6.867421119269416,414.6,0.0,0.0,COLD4C_multiload
B0041,52,3.1,6.839162025907505,14.304402604245366,0,436,0,0,37.983013151593184,2200,0.9383311962439672,4,0.027233246293134394,0.7761194029850746,6.865164015630714,419.8,0.0,0.0,COLD4C_multiload
B0041,53,3.1556064073226544,6.901848421942426,14.331273599738246,0,441,0,0,37.419931452608516,2185,0.9298903389240268,4,0.008440857319940376,0.7910447761194029,6.851916244293169,426.0,0.0,0.0,COLD4C_multiload
B0041,54,3.2044198895027622,6.820335316140542,14.563719307573445,0,446,0,0,36.81460021650968,2172,0.9072117399448598,4,0.02267859897916702,0.8059701492537313,6.850706971352702,430.6,0.0,0.0,COLD4C_multiload
B0041,55,3.175081056044465,6.9886526976392815,13.829855263617011,0,439,0,0,36.88616308095736,2159,0.9176870676937324,4,-0.01047532774887261,0.8208955223880597,6.85201093891734,435.0,0.0,0.0,COLD4C_multiload
B0041,56,3.1877627276973377,7.17845374566447,13.737164003906685,0,437,0,0,36.51357464002917,2141,0.9157430721963028,4,0.0019439954974296292,0.835820895522388,6.889241994850958,438.0,0.0,0.0,COLD4C_multiload
B0041,57,3.1946403385049367,6.79695417682289,12.81091218035467,0,435,0,0,36.24143213986748,2127,0.9111662690050432,4,0.004576803191259637,0.8507462686567164,6.945690441458845,439.8,0.0,0.0,COLD4C_multiload
B0041,58,3.2364066193853427,6.762473138234888,14.671197747849568,0,439,0,0,35.83329661935924,2115,0.8968901443572698,4,0.014276124647773392,0.8656716417910447,6.937248871641922,439.6,0.0,0.0,COLD4C_multiload
B0041,59,3.2486948267679163,6.758290402777143,13.038382746716444,0,439,0,0,35.64051721217791,2107,0.8862133472800153,4,0.01067679707725444,0.8805970149253731,6.909373814900414,439.2,0.0,0.0,COLD4C_multiload
B0041,60,3.2278782112274023,6.755539258721869,13.71449439237538,0,435,0,0,35.666659988081925,2102,0.8931124136187014,4,-0.006899066338686088,0.8955223880597015,6.896964832227735,437.8,0.0,0.0,COLD4C_multiload
B0041,61,3.239808153477218,6.796147243980686,14.575589138075149,0,433,0,0,35.634768929913314,2085,0.880898507091054,4,0.012213906527647422,0.9104477611940298,6.8503421444442525,437.0,0.0,0.0,COLD4C_multiload
B0041,62,3.2472235634958957,6.863231211292458,13.067203225526349,0,431,0,0,35.494369351676724,2071,0.8798879382023741,4,0.001010568888679897,0.9253731343283582,6.773880844107495,436.2,0.0,0.0,COLD4C_multiload
B0041,63,3.2717549829849295,6.907231801865045,14.838581695723231,0,432,0,0,35.091990679540196,2057,0.8682347537115443,4,0.011653184490829749,0.9402985074626866,6.787136251001408,435.4,0.0,0.0,COLD4C_multiload
B0041,64,3.330078125,6.843159372542478,14.14400886283852,0,438,0,0,34.764551887378914,2048,0.8443569490395516,4,0.02387780467199274,0.9552238805970149,6.8160879837274395,434.0,0.0,0.0,COLD4C_multiload
B0041,65,3.2712113781265324,6.852210058673437,13.627764711730384,0,428,0,0,35.034347196522965,2039,0.8657093203148538,4,-0.021352371275302207,0.9701492537313433,6.833061777680507,433.8,0.0,0.0,COLD4C_multiload
B0041,66,3.3061325420375867,6.897000667669967,13.996072333026769,0,429,0,0,34.793836476447424,2022,0.848696904019178,4,0.017012416295675847,0.9850746268656716,6.852395937670821,432.4,0.0,0.0,COLD4C_multiload
B0041,67,3.310911808669656,6.886497954146809,14.227945473001952,0,427,0,0,34.63737942292827,2007,0.8364948433646345,4,0.012202060654543434,1.0,6.8725666224086766,431.6,0.0,0.0,COLD4C_multiload
B0042,3,4.16075360900416,24.89884314200646,35.604456217007545,0,453,0,329,65.72807839678956,4087,1.7282350363146088,22,0.0032355918707056563,0.026785714285714284,24.846849527115367,1163.0,334.5,7359.0,COLD4C_multiload
B0042,4,4.18671679197995,24.770282522963193,35.76285352997919,0,439,0,326,65.67504014066385,3990,1.720344742291621,22,0.00789029402298791,0.03571428571428571,24.864180732079063,926.3333333333334,332.6666666666667,7318.666666666667,COLD4C_multiload
B0042,5,4.211065573770492,25.023550719530718,36.007677297437105,0,428,0,323,65.53278645231428,3904,1.7221734367707635,22,-0.0018286944791425785,0.044642857142857144,24.840706179800097,804.5,331.0,7282.0,COLD4C_multiload
B0042,7,4.359464627151052,25.631577060502114,36.26317829568585,0,406,0,318,58.163724900414486,3661,1.708669577331945,22,0.0135038594388186,0.0625,24.87727508774622,729.2,329.4,7246.799999999999,COLD4C_multiload
B0042,8,4.257412398921833,25.44499710573859,35.959821477204805,0,401,0,315,65.41082561023651,3710,1.7036476485918646,22,0.005021928740080339,0.07142857142857142,25.12652206166222,437.6,325.6,7163.200000000001,COLD4C_multiload
B0042,9,4.265350877192983,25.129490766281286,35.88264613638098,0,392,0,312,65.36673861216796,3648,1.6958375743577971,22,0.007810074234067432,0.08035714285714286,25.153850110148216,425.4,322.2,7088.4,COLD4C_multiload
B0042,10,4.2918994413407825,24.907710824574796,35.62798038489517,0,385,0,309,65.1803773897987,3580,1.6949064846676911,22,0.0009310896901060239,0.08928571428571429,25.19997963500318,413.2,318.8,7013.6,COLD4C_multiload
B0042,11,4.333523212759897,23.918443788485945,35.57686579319408,0,379,0,307,64.78238724955557,3511,1.6874768094352457,22,0.007429675232445421,0.09821428571428571,25.2274652953255,402.4,315.4,6938.799999999999,COLD4C_multiload
B0042,12,4.318507890961262,24.75319553899506,35.421769545679894,0,374,0,304,65.10180555480567,3485,1.685989172917945,22,0.0014876365173006612,0.10714285714285714,25.00644390911655,392.6,312.2,6868.4,COLD4C_multiload
B0042,13,4.344334112149533,24.751507738641006,35.480764002425865,0,367,0,302,64.80731950281373,3424,1.6782864747774933,22,0.007702698140451769,0.11607142857142858,24.830767604815136,386.2,309.4,6806.799999999999,COLD4C_multiload
B0042,14,4.36611374407583,24.739574383995837,35.59701654274068,0,364,0,299,64.69371265858686,3376,1.6739647640901527,22,0.004321710687340552,0.125,24.69206973139562,379.4,306.8,6749.6,COLD4C_multiload
B0042,15,4.381582907011737,24.705591167357603,35.53526888191109,0,356,0,297,64.50748058433483,3323,1.6722378801237066,22,0.0017268839664461577,0.13392857142857142,24.61408645493853,373.8,304.2,6692.4,COLD4C_multiload
B0042,16,4.425076452599388,23.79714755196364,35.63389752973798,0,352,0,296,64.31747541537464,3270,1.675989790049197,22,-0.0037519099254903487,0.14285714285714285,24.57366252349509,368.0,301.8,6639.6,COLD4C_multiload
B0042,17,4.434782608695652,24.65338127911107,35.59922975777694,0,346,0,293,64.42453425394545,3220,1.6618247672847988,22,0.014165022764398127,0.15178571428571427,24.549403276190628,362.6,299.6,6591.200000000001,COLD4C_multiload
B0042,18,4.439398684622612,24.685278684418854,35.50852416322547,0,343,0,291,64.34301171363174,3193,1.6606710352566112,22,0.0011537320281875818,0.16071428571428573,24.52944042421383,357.0,297.4,6542.799999999999,COLD4C_multiload
B0042,19,4.446734305643627,24.652896567610714,35.61618852753751,0,337,0,289,64.14169441251651,3154,1.6530644874507203,22,0.007606547805890873,0.16964285714285715,24.5161946133694,352.2,295.2,6494.4,COLD4C_multiload
B0042,20,4.405144694533762,24.68097852164188,35.607533152172905,0,334,0,280,64.04231733691483,3110,1.649953986270456,22,0.0031105011802643467,0.17857142857142858,24.498859050092378,346.8,293.2,6450.4,COLD4C_multiload
B0042,21,4.543386415339617,23.836914835529377,35.78017086282214,0,332,0,290,63.73985339140858,3077,1.681297805444492,22,-0.03134381917403606,0.1875,24.49393652094923,342.4,289.8,6375.6,COLD4C_multiload
B0042,22,4.5379809273265375,24.649686546357685,36.29735151754127,0,326,0,287,64.64095583207182,3041,1.6700520424481298,22,0.011245762996362263,0.19642857142857142,24.50188997766238,338.4,288.6,6349.200000000001,COLD4C_multiload
B0042,23,4.554373129364816,25.99313168009768,36.77407258413331,0,323,0,285,64.42807345706835,3007,1.667181860354792,22,0.00287018209333767,0.20535714285714285,24.501151031111704,334.4,287.4,6322.799999999999,COLD4C_multiload
B0042,24,4.55264043054154,25.98933051061708,36.70242840799778,0,319,0,282,64.27658921437644,2973,1.6568865613275168,22,0.010295299027275329,0.21428571428571427,24.76272163024747,330.4,286.2,6296.4,COLD4C_multiload
B0042,25,4.535750593019316,25.804706007515108,36.61109505600472,0,315,0,279,64.0900125470906,2951,1.6449819446579936,22,0.011904616669523138,0.22321428571428573,25.03000841884874,326.8,284.8,6265.6,COLD4C_multiload
B0042,26,4.558874013044971,25.61841883458401,36.53730084509967,0,312,0,277,63.79379653351299,2913,1.639214585000014,22,0.005767359657979698,0.23214285714285715,25.254753916023386,323.0,284.6,6261.200000000001,COLD4C_multiload
B0042,27,4.64260686755431,24.961138273955736,36.91332213005366,0,310,0,277,63.319536426439,2854,1.6410599890208055,22,-0.0018454040207915856,0.24107142857142858,25.611054715834314,319.0,282.0,6204.0,COLD4C_multiload
B0042,28,4.598527349228611,26.26792134722908,37.19792815636057,0,305,0,275,63.92647248260291,2852,1.643269651219848,22,-0.002209662199042395,0.25,25.67334506135392,315.8,280.0,6160.0,COLD4C_multiload
B0042,29,4.611977321048902,26.41926909066606,37.30788971906059,0,303,0,273,63.6670145335532,2822,1.6298673102402297,22,0.013402340979618232,0.25892857142857145,25.7283029947802,312.2,278.0,6116.0,COLD4C_multiload
B0042,30,4.611528822055138,26.19161114344532,37.278710352101726,0,300,0,270,63.46329811054222,2793,1.6238536344658807,22,0.00601367577434897,0.26785714285714285,25.814290710789997,309.0,276.2,6076.4,COLD4C_multiload
B0042,31,4.636133236784938,25.94111576250565,37.047150483309736,0,297,0,269,63.119743652386674,2762,1.6186308887044174,22,0.00522274576146331,0.2767857142857143,25.891671737976043,306.0,274.4,6036.799999999999,COLD4C_multiload
B0042,32,4.649379108838568,24.8336097065698,37.11898525927804,0,294,0,268,62.96538074993267,2738,1.6193418112441196,22,-0.0007109225397021746,0.2857142857142857,25.956211123560372,303.0,272.8,6001.6,COLD4C_multiload
B0042,33,4.646669120353331,25.95100447213743,37.21357029019813,0,291,0,266,63.17753667988572,2717,1.614593271326993,22,0.0047485399171265374,0.29464285714285715,25.93070541008318,299.8,271.0,5962.0,COLD4C_multiload
B0042,34,4.859071059944422,26.241502654616227,37.40030085322984,0,270,0,264,62.95051872373608,2519,1.6072040891927848,22,0.00738918213420825,0.30357142857142855,25.867322035064852,297.0,269.2,5922.4,COLD4C_multiload
B0042,35,4.652255639097745,25.872165694257404,37.53383624014103,0,285,0,261,62.8340555891614,2660,1.6012663590062357,22,0.005937730186549084,0.3125,25.831768747854888,290.4,267.4,5882.799999999999,COLD4C_multiload
B0042,36,4.649089529590288,25.543975299303,37.075639564207776,0,281,0,259,62.50129953837513,2636,1.594040741063104,22,0.007225617943131812,0.32142857142857145,25.7678796580173,287.4,265.6,5843.200000000001,COLD4C_multiload
B0042,37,4.799518845228548,24.41655501480858,36.96422627426333,0,262,0,259,62.420010457752404,2494,1.5946888289374477,22,-0.0006480878743437835,0.33035714285714285,25.688451565376774,284.2,263.6,5799.200000000001,COLD4C_multiload
B0042,38,4.702357943563974,25.629906170857062,37.23035953747147,0,279,0,257,62.383049639070485,2587,1.5882100957302596,22,0.006478733207188059,0.3392857142857143,25.60504062702453,277.8,261.8,5759.6,COLD4C_multiload
B0042,39,4.7042801556420235,26.031121139568665,37.46832272742832,0,276,0,256,62.28412590082516,2570,1.587985558077698,22,0.00022453765256158498,0.3482142857142857,25.540820966768454,275.4,260.0,5720.0,COLD4C_multiload
B0042,40,4.682850430696946,26.172428895250434,37.75121590746879,0,272,0,254,62.298167931935204,2554,1.5799165406650344,22,0.008069017412663637,0.35714285714285715,25.498744663758945,276.6,258.4,5684.799999999999,COLD4C_multiload
B0042,41,4.680599369085174,25.919669723308928,37.84287087923924,0,272,0,251,61.98138400711929,2536,1.5655946193652834,22,0.014321921299750962,0.36607142857142855,25.558797303957547,274.0,257.0,5654.0,COLD4C_multiload
B0042,42,3.0764304013663537,23.93407541527662,36.86635295736364,0,301,0,89,60.53366291820358,2342,0.0707012773734017,22,1.4948933419918817,0.375,25.63393618875873,272.2,255.4,5618.8,COLD4C_multiload
B0042,43,2.925373134328358,6.607169416681793,38.12553242159685,0,286,0,85,43.04011671431226,2345,0.0841687853013907,4,-0.013467507927988995,0.38392857142857145,25.53744026885234,280.0,221.4,885.6,COLD4C_multiload
B0042,44,2.852218871176217,7.866591501330306,38.33981699002702,0,274,0,83,42.997612741542525,2321,0.0844378562146582,4,-0.00026907091326749955,0.39285714285714285,21.73289291801729,281.4,187.0,748.0,COLD4C_multiload
B0042,45,2.83982683982684,7.917753442505915,37.77196459678644,0,272,0,82,42.139686538860744,2310,0.0847891906059033,4,-0.0003513343912451006,0.4017857142857143,18.099986990369615,281.0,152.4,609.6,COLD4C_multiload
B0042,46,3.8201634877384194,8.632915508122116,36.82466507220515,0,280,0,93,38.474711909746084,1835,0.0933425818344258,4,-0.0085533912285225,0.4107142857142857,14.449051899820711,281.0,118.0,472.0,COLD4C_multiload
B0042,47,2.8649492583918814,6.828188014511968,38.55810679258891,0,302,0,93,45.94324232158084,2562,0.1060318013139778,4,-0.012689219479551997,0.41964285714285715,10.99170105678335,282.6,86.4,345.6,COLD4C_multiload
B0042,48,2.8450648839952812,7.705746784021313,38.71410921886447,0,299,0,91,45.21580706227796,2543,0.106505866207118,4,-0.00047406489314019695,0.42857142857142855,7.5705235766304195,282.8,87.2,348.8,COLD4C_multiload
B0042,49,2.844964314036479,7.841666530968929,38.82770605774448,0,297,0,90,44.38902298080762,2522,0.0943911158551295,4,0.012114750351988487,0.4375,7.790239050098324,285.4,88.4,353.6,COLD4C_multiload
B0042,50,2.338742393509128,7.569884616465552,36.93667638626776,0,265,0,59,44.50153504219471,2465,0.0945059592738711,4,-0.00011484341874160031,0.44642857142857145,7.78525405602605,290.0,89.8,359.2,COLD4C_multiload
B0042,51,3.530499075785582,7.690233715255532,39.82101597656743,0,328,0,90,29.6142596524881,2164,0.0821145610821562,4,0.012391398191714906,0.45535714285714285,7.715680290817976,288.6,85.2,340.8,COLD4C_multiload
B0042,52,2.913114088509947,6.606070017115072,39.40691039052945,0,299,0,89,43.15464391741266,2463,0.0951847063194674,4,-0.013070145237311204,0.4642857142857143,7.52714393224466,298.2,84.6,338.4,COLD4C_multiload
B0042,53,2.8513071895424837,7.839136383942549,39.34611379625948,0,288,0,88,43.88959017090985,2448,0.0953912999865905,4,-0.0002065936671230978,0.4732142857142857,7.48272033276528,297.6,83.8,335.2,COLD4C_multiload
B0042,54,2.840909090909091,7.695750963956243,37.81632351305823,0,285,0,86,43.33287794447104,2420,0.0828966456585456,4,0.012494654328044905,0.48214285714285715,7.509398252749527,295.4,83.2,332.8,COLD4C_multiload
B0042,55,2.870833333333333,7.791036534816247,39.87139328791911,0,284,0,87,42.5164630793864,2400,0.083431990364526,4,-0.0005353447059804062,0.49107142857142855,7.48021513934699,293.0,82.4,329.6,COLD4C_multiload
B0042,56,2.855048177628823,7.840584265344061,39.50565821587436,0,281,0,86,43.01655720075812,2387,0.0962477215649569,4,-0.012815731200430891,0.5,7.524445523017128,296.8,88.0,352.0,COLD4C_multiload
B0042,57,2.908011869436202,6.5675537624059315,38.61632478517865,0,290,0,83,41.82948352236352,2359,0.0871279249656989,4,0.00911979659925799,0.5089285714285714,7.554515633034835,287.4,87.2,348.8,COLD4C_multiload
B0042,58,2.8705281090289607,7.748017682147588,39.5809379115645,0,278,0,85,42.750069195796165,2348,0.0968191218275757,4,-0.009691196861876791,0.5178571428571429,7.546812382093006,285.6,86.0,344.0,COLD4C_multiload
B0042,59,2.874354561101549,7.83781851160689,38.80523939319278,0,276,0,84,42.24326746197233,2324,0.084400548913451,4,0.012418572914124695,0.5267857142857143,7.5285886417340135,283.6,85.4,341.6,COLD4C_multiload
B0042,60,2.8673292999135698,7.751704956320559,39.65831560799121,0,273,0,84,41.89908966122717,2314,0.0977012171667452,4,-0.013300668253294193,0.5357142857142857,7.557002151264143,281.8,85.0,340.0,COLD4C_multiload
B0042,61,2.859002169197397,7.778829621106755,38.94866184020599,0,272,0,83,41.99734223114533,2305,0.0851742647657266,4,0.012526952401018587,0.5446428571428571,7.549135835565006,279.6,84.4,337.6,COLD4C_multiload
B0042,62,3.006121556624399,6.492420465468213,39.202440143533465,0,291,0,83,40.62984596065271,2287,0.0847199354487912,4,0.0004543293169354118,0.5535714285714286,7.5367849067175445,277.8,83.8,335.2,COLD4C_multiload
B0042,63,2.8735632183908044,7.746860307198999,39.957340694247904,0,268,0,82,41.696648625229706,2262,0.0854883696989364,4,-0.0007684342501452085,0.5625,7.521758247330001,278.0,83.8,335.2,COLD4C_multiload
B0042,64,2.2755976544880467,7.328866955027334,36.50837521403815,0,235,0,50,41.75475002187696,2217,0.085777499334335,4,-0.00028912963539859393,0.5714285714285714,7.521526772340283,276.0,83.2,332.8,COLD4C_multiload
B0042,65,2.876930063578565,6.815942293223939,28.17217588027361,0,325,0,48,27.68885725798822,2202,0.0859555325524583,4,-0.0001780332181233052,0.5803571428571429,7.419736461024373,267.8,76.4,305.6,COLD4C_multiload
B0042,66,3.254938852304798,6.854604926075634,28.019806483186763,0,366,0,47,25.68709008560156,2126,0.0861479697965832,4,-0.0001924372441248906,0.5892857142857143,7.232583928405047,278.2,69.2,276.8,COLD4C_multiload
B0042,67,5.228915662650603,6.393806039792086,39.575497528042895,0,550,0,86,23.102962003074726,2075,0.0865245080899333,4,-0.0003765382933501038,0.5982142857142857,7.047738989398825,297.0,62.0,248.0,COLD4C_multiload
B0042,68,3.1078610603290677,6.6928771696830465,40.52562745153084,0,277,3,85,41.865581303852494,2188,0.0867603642868573,4,-0.0002358561969239975,0.6071428571428571,7.028016104263598,348.8,62.6,250.4,COLD4C_multiload
B0042,69,2.9581993569131835,7.829793074727977,39.732594757918605,0,262,0,83,42.9981657442452,2177,0.0866202538937107,4,0.00014011039314659746,0.6160714285714286,6.817219476760409,350.6,63.2,252.8,COLD4C_multiload
B0042,70,2.3003269500233534,7.468752425410785,37.41329889088782,0,227,0,50,42.84660602635657,2141,0.0869802394927499,4,-0.00035998559903920035,0.625,6.917404700700537,356.0,69.8,279.2,COLD4C_multiload
B0042,71,3.6186950485886165,7.397799105815369,40.6472857322764,0,347,3,84,27.550927602356996,2161,0.0738778711347396,4,0.013102368358010291,0.6339285714285714,7.047966727137906,336.4,70.2,280.8,COLD4C_multiload
B0042,72,2.975689574567555,7.895429462418196,40.39876505346307,0,256,3,81,41.65999274288342,2139,0.0877586570223188,4,-0.013880785887579197,0.6428571428571429,7.1566055630858525,332.6,77.6,310.4,COLD4C_multiload
B0042,73,3.132956152758133,6.627831339188677,40.90163609300309,0,273,4,81,40.40209142074263,2121,0.0879057630027299,4,-0.00014710598041109413,0.6517857142857143,7.456930247611075,273.8,76.6,306.4,COLD4C_multiload
B0042,74,2.9900568181818183,7.925705302581546,41.18900895779625,0,253,4,80,41.72445077781204,2112,0.0880878488220017,4,-0.00018208581927180167,0.6607142857142857,7.443921081512201,273.0,75.8,303.2,COLD4C_multiload
B0042,75,3.0133396855645547,8.016736439527806,41.34432689728045,0,252,5,80,41.105350048407296,2099,0.0883425026815871,4,-0.00025465385958539644,0.6696428571428571,7.4631035270829145,271.2,75.2,300.8,COLD4C_multiload
B0042,76,3.0297219558964525,8.03347003311354,41.46126781944402,0,252,6,79,41.09081720284344,2086,0.0746305533274507,4,0.013711949354136402,0.6785714285714286,7.5727003299063185,276.2,81.2,324.8,COLD4C_multiload
B0042,77,3.0033718689788054,7.99315073730286,41.26138545585116,0,250,5,78,40.68615757658978,2076,0.0748569866512269,4,-0.00022643332377621228,0.6875,7.699834515365953,257.2,80.2,320.8,COLD4C_multiload
B0042,78,3.2287104622871046,6.7574073260430625,41.67057172451578,0,273,6,79,39.08927450636884,2055,0.0752757364314176,4,-0.00041874978019069975,0.6964285714285714,7.719378770342885,256.0,79.6,318.4,COLD4C_multiload
B0042,79,3.00048828125,8.04261758547964,41.18674777166984,0,246,5,77,41.031932137262935,2048,0.0753235186048872,4,-4.778217346959601e-05,0.7053571428571429,7.7452939677137635,256.0,79.2,316.8,COLD4C_multiload
B0042,80,2.670761670761671,7.753446780008677,38.81974620270847,0,233,0,64,40.264000893371964,2035,0.0755376530236719,4,-0.0002141344187846922,0.7142857142857143,7.76867642429338,254.6,78.6,314.4,COLD4C_multiload
B0042,81,2.4438342486270592,7.280762935286507,35.194455224797714,0,231,0,47,34.705786255431235,2003,0.0758428560612825,4,-0.0003052030376105991,0.7232142857142857,7.716018492389556,250.8,75.4,301.6,COLD4C_multiload
B0042,82,2.3701799485861184,6.616755795889913,28.09489445883117,0,290,0,8,27.023044656069747,1945,0.0759921803489148,4,-0.0001493242876323131,0.7321428571428571,7.565477072824149,246.6,69.0,276.0,COLD4C_multiload
B0042,83,15.196304849884527,5.237526331887208,8.639171556267463,0,860,0,8,5.184229236096785,866,0.0762165260959199,4,-0.00022434574700509746,0.7410714285714286,7.29019808454156,254.6,55.0,220.0,COLD4C_multiload
B0042,84,15.212912087912088,6.0072593828881145,9.718855136490546,0,723,0,7,5.451509242930319,728,0.0621692314155252,4,0.0140472946803947,0.75,6.986221885710388,372.0,40.8,163.2,COLD4C_multiload
B0042,85,15.313653136531366,6.12218893930152,10.13355592147926,0,536,0,8,4.4706346992847505,542,0.0759822277461493,4,-0.013812996330624092,0.7589285714285714,6.579150245192084,467.4,26.8,107.2,COLD4C_multiload
B0042,86,15.266323024054984,6.214948497389418,11.679805896374084,0,577,0,7,5.043560575901493,582,0.0622701354894356,4,0.013712092256713694,0.7678571428571429,6.252898677050652,528.0,15.6,62.4,COLD4C_multiload
B0042,87,15.293005671077506,6.080734487998206,9.628739259597122,0,524,0,7,4.438748542432648,529,0.0625944660879844,4,-0.0003243305985487985,0.7767857142857143,6.0397357894712345,597.2,7.6,30.4,COLD4C_multiload
B0042,88,10.81447963800905,6.498350346530966,12.075623262738652,0,768,0,0,21.162955477090147,1105,1.4377344766079456,4,-1.3751400105199612,0.7857142857142857,5.932531527892893,644.0,7.4,29.6,COLD4C_multiload
B0042,89,2.0306430729391454,6.576633507214198,11.61044167945082,0,283,0,0,56.484632995402784,2317,1.5246019289244055,4,-0.08686745231645987,0.7946428571428571,6.1846963308216445,625.6,5.8,23.2,COLD4C_multiload
B0042,90,2.006950477845352,6.727055953558619,12.416393344856289,0,278,0,0,56.66709551434944,2302,1.5215273965539478,4,0.0030745323704577388,0.8035714285714286,6.298571155686861,537.6,4.4,17.6,COLD4C_multiload
B0042,91,2.004366812227074,6.727106370655242,12.741907914911504,0,276,0,0,56.43616670348108,2290,1.5155323631175952,4,0.005995033436352548,0.8125,6.4195445585382815,486.0,2.8,11.2,COLD4C_multiload
B0042,92,2.003085059497576,6.756131771516482,11.812176644627147,0,273,0,0,56.26093990753948,2269,1.5044249661534554,4,0.01110739696413976,0.8214285714285714,6.521976133191446,425.8,1.4,5.6,COLD4C_multiload
B0042,93,1.9964507542147294,6.8248285938957105,12.77319183354637,0,270,0,0,56.013882442997016,2254,1.5001507149498807,4,0.004274251203574719,0.8303571428571429,6.657055589895101,375.6,0.0,0.0,COLD4C_multiload
B0042,94,2.000447027268663,6.607618544852599,11.714847602816857,0,269,0,0,55.52313827798676,2237,1.489011227320312,4,0.011139487629568734,0.8392857142857143,6.7223512393680505,276.0,0.0,0.0,COLD4C_multiload
B0042,95,1.9991035410129987,6.7659539103304995,11.58953853216132,0,268,0,0,55.545097411796725,2231,1.4810149357562843,4,0.007996291564027702,0.8482142857142857,6.728548246895731,273.2,0.0,0.0,COLD4C_multiload
B0042,96,1.981941309255079,6.766960632514879,12.228023164640565,0,264,0,0,55.264583599494905,2215,1.476262027748574,4,0.0047529080077102215,0.8571428571428571,6.736327838250107,271.2,0.0,0.0,COLD4C_multiload
B0042,97,1.9954545454545454,6.736388312764092,12.995413081963957,0,264,0,0,54.94189653304404,2200,1.466255102543896,4,0.010006925204678163,0.8660714285714286,6.744298690622034,268.8,0.0,0.0,COLD4C_multiload
B0042,98,1.9954233409610984,6.799420682664078,13.00690019959285,0,262,0,0,54.74919297344195,2185,1.459328259381702,4,0.00692684316219383,0.875,6.740349998871556,267.0,0.0,0.0,COLD4C_multiload
B0042,99,2.0027624309392267,6.557312542867386,13.003396618491456,0,262,0,0,54.20999776155385,2172,1.445704157754381,4,0.013624101627321084,0.8839285714285714,6.735268416625229,265.4,0.0,0.0,COLD4C_multiload
B0042,100,1.9939786938397406,6.772694768585974,12.802739574235911,0,259,0,0,54.311472442449165,2159,1.4400686089389023,4,0.005635548815478675,0.8928571428571429,6.7252072162281875,264.0,0.0,0.0,COLD4C_multiload
B0042,101,1.9967304997664643,6.756768542107683,12.748426837127605,0,257,0,0,53.97718407996454,2141,1.4290313659547842,4,0.011037242984118123,0.9017857142857143,6.726555387879282,262.2,0.0,0.0,COLD4C_multiload
B0042,102,1.998119417019276,6.725974442738767,12.453422458173543,0,256,0,0,53.64204590264593,2127,1.414172188151386,4,0.014859177803398183,0.9107142857142857,6.724516969797842,260.8,0.0,0.0,COLD4C_multiload
B0042,103,1.9952718676122931,6.726199856219004,12.1691500239434,0,254,0,0,53.264444495903895,2115,1.415603079129078,4,-0.0014308909776918899,0.9196428571428571,6.722434195792777,259.2,0.0,0.0,COLD4C_multiload
B0042,104,2.0052206929283343,6.602653922536351,12.726444405331804,0,255,0,0,52.81462635761631,2107,1.3994410223300702,4,0.01616205679900773,0.9285714285714286,6.707790030503763,257.6,0.0,0.0,COLD4C_multiload
B0042,105,1.988582302568982,6.770741625118818,12.30790672691502,0,252,0,0,53.043029463855646,2102,1.395963528579491,4,0.0034774937505792636,0.9375,6.7168583064375555,256.2,0.0,0.0,COLD4C_multiload
B0042,106,1.976019184652278,6.7676718847317066,12.11350286924164,0,248,0,0,52.677422029371726,2085,1.3929784652630588,4,0.0029850633164321128,0.9464285714285714,6.716467677744125,254.8,0.0,0.0,COLD4C_multiload
B0042,107,1.9917914051183003,6.839390207889582,12.960410174687055,0,249,0,0,52.325306184291634,2071,1.3740772023800918,4,0.018901262882967007,0.9553571428571429,6.71864834626893,253.0,0.0,0.0,COLD4C_multiload
B0042,108,1.9834710743801653,6.858676406568494,12.481310536742583,0,246,0,0,52.15135822957208,2057,1.3752493030002435,4,-0.001172100620151717,0.9642857142857143,6.741331499299092,251.6,0.0,0.0,COLD4C_multiload
B0042,109,2.01416015625,6.619667123055221,13.21754189086476,0,249,0,0,51.49901801139461,2048,1.3671966130854505,4,0.008052689914793021,0.9732142857142857,6.767826809368991,250.0,0.0,0.0,COLD4C_multiload
B0042,110,1.9936243256498283,6.800895610044085,13.047668558877342,0,245,0,0,51.84537831175337,2039,1.356887600783644,4,0.010309012301806586,0.9821428571428571,6.771229449472765,248.8,0.0,0.0,COLD4C_multiload
B0042,111,2.0054401582591495,6.819783543895783,13.073094195785368,0,245,0,0,51.40796385749109,2022,1.3449320225969348,4,0.011955578186709115,0.9910714285714286,6.777260246457819,247.4,0.0,0.0,COLD4C_multiload
B0042,112,2.00548081714001,6.788337978073053,13.27910289077086,0,243,0,0,51.14481705174275,2007,1.3374691704584258,4,0.007462852138508946,1.0,6.787682578290633,246.8,0.0,0.0,COLD4C_multiload
B0043,3,1.7800342549547346,24.881392897249878,36.12855723169499,0,463,0,0,63.908139284663314,4087,1.6814906372051954,22,0.014077528659515393,0.026785714285714284,24.771708884441075,1167.0,0.0,0.0,COLD4C_multiload
B0043,4,1.7669172932330828,24.77168505017051,36.35251788056927,0,448,0,0,63.77209688765214,3990,1.6786372409532953,22,0.0028533962519001754,0.03571428571428571,24.808270222044012,932.3333333333334,0.0,0.0,COLD4C_multiload
B0043,5,1.7712602459016393,25.1672024680482,36.75256708066779,0,439,0,0,63.66546807322972,3904,1.6694168550864992,22,0.009220385866796077,0.044642857142857144,24.799123929075634,811.25,0.0,0.0,COLD4C_multiload
B0043,7,1.7877629063097515,25.949889216651922,36.83142721849718,0,415,0,0,57.27453947240941,3661,1.6611938521224778,22,0.008223002964021342,0.0625,24.872739636870147,736.8,0.0,0.0,COLD4C_multiload
B0043,8,1.747978436657682,25.94852254989396,36.54735803665934,0,411,0,0,63.76125835044741,3710,1.6506423382064332,22,0.010551513916044586,0.07142857142857142,25.189845257422373,447.2,0.0,0.0,COLD4C_multiload
B0043,9,1.7447916666666667,25.13999675784885,36.223678523702304,0,403,0,0,63.16680915185504,3648,1.6424273190907783,22,0.00821501911565492,0.08035714285714286,25.343738436402894,435.2,0.0,0.0,COLD4C_multiload
B0043,10,1.75,24.870306801106995,36.16960256825446,0,397,0,0,62.77191328688824,3580,1.6353664801041328,22,0.007060838986645557,0.08928571428571429,25.395459208522688,423.2,0.0,0.0,COLD4C_multiload
B0043,11,1.7502136143548845,24.156338318829974,36.19613432531801,0,389,0,0,62.70289127950001,3511,1.633232875930849,22,0.0021336041732837874,0.09821428571428571,25.415183558709987,413.0,0.0,0.0,COLD4C_multiload
B0043,12,1.7460545193687231,24.892862589711363,36.217566438813456,0,385,0,0,62.7175580795549,3485,1.6258840554387932,22,0.007348820492055763,0.10714285714285714,25.21301072886634,403.0,0.0,0.0,COLD4C_multiload
B0043,13,1.7435747663551402,24.725010128678672,36.09047688646367,0,378,0,0,62.371441960112996,3424,1.617976174654771,22,0.00790788078402227,0.11607142857142858,25.001605403478226,397.0,0.0,0.0,COLD4C_multiload
B0043,14,1.7550355450236967,24.75627749408567,36.148984496134304,0,375,0,0,62.1820471694563,3376,1.6136652707273988,22,0.004310903927372101,0.125,24.75690291923517,390.4,0.0,0.0,COLD4C_multiload
B0043,15,1.7514294312368341,24.783046692248515,36.15795969792578,0,368,0,0,62.07126605273231,3323,1.605821026619692,22,0.0078442441077069,0.13392857142857142,24.68015906648254,384.8,0.0,0.0,COLD4C_multiload
B0043,16,1.7568807339449541,23.89179467916991,36.16956081888435,0,363,0,0,61.716135366521215,3270,1.6033527961961531,22,0.002468230423538831,0.14285714285714285,24.662707044710835,379.0,0.0,0.0,COLD4C_multiload
B0043,17,1.7608695652173914,24.836629426095097,36.13182777424954,0,358,0,0,61.9150570250203,3220,1.5951342406182645,22,0.008218555577888642,0.15178571428571427,24.609798316778825,373.8,0.0,0.0,COLD4C_multiload
B0043,18,1.7538365173817727,25.107643664171427,36.12995412374782,0,354,0,0,61.93396202431322,3193,1.5878135544728509,22,0.007320686145413591,0.16071428571428573,24.598551684055572,368.4,0.0,0.0,COLD4C_multiload
B0043,19,1.7564996829422954,24.718869108981824,36.115379230424814,0,350,0,0,61.37633577131048,3154,1.5800601969084245,22,0.007753357564426411,0.16964285714285715,24.675078391154123,363.6,0.0,0.0,COLD4C_multiload
B0043,20,1.7540192926045015,25.071718415761385,36.260266208231016,0,345,0,0,61.53695490587331,3110,1.575565087879128,22,0.004495109029296396,0.17857142857142858,24.667596714133353,358.6,0.0,0.0,COLD4C_multiload
B0043,21,1.7760805979850505,24.086585275925316,36.73407518988127,0,345,0,0,60.9384898333617,3077,1.5950169012164208,22,-0.019451813337292734,0.1875,24.725331058835927,354.0,0.0,0.0,COLD4C_multiload
B0043,22,1.767510687273923,24.74583530801328,37.35435994505973,0,339,0,0,61.57302974225242,3041,1.5898075522577595,22,0.0052093489586613195,0.19642857142857142,24.764289178187006,350.4,0.0,0.0,COLD4C_multiload
B0043,23,1.7775191220485533,26.09046427692029,37.40944456827136,0,337,0,0,61.4437320572221,3007,1.5807953202097411,22,0.009012232048018376,0.20535714285714285,24.746130354570646,346.6,0.0,0.0,COLD4C_multiload
B0043,24,1.7692566431214263,26.054292874148825,37.26366414928814,0,332,0,0,61.20165329812743,2973,1.5704333289187615,22,0.010361991290979589,0.21428571428571427,24.94269447712042,343.2,0.0,0.0,COLD4C_multiload
B0043,25,1.7621145374449338,25.82784929264641,37.27002790978136,0,328,0,0,60.97142233763365,2951,1.5643368431897875,22,0.006096485728974033,0.22321428571428573,25.20977923015382,339.6,0.0,0.0,COLD4C_multiload
B0043,26,1.7645039478201168,25.593378335859917,37.37612563137064,0,324,0,0,60.651060388769814,2913,1.558307017802491,22,0.006029825387296572,0.23214285714285715,25.361005405530825,336.2,0.0,0.0,COLD4C_multiload
B0043,27,1.7957252978276104,25.021104212328524,37.57568180724724,0,323,0,0,60.19871707344176,2854,1.5537149289772467,22,0.0045920888252442005,0.24107142857142858,25.662364017517746,332.0,0.0,0.0,COLD4C_multiload
B0043,28,1.7724403927068724,26.228490920867525,37.80943515485114,0,319,0,0,60.368205488983584,2852,1.549528250585513,22,0.0041866783917337,0.25,25.71741779838079,328.8,0.0,0.0,COLD4C_multiload
B0043,29,1.7753366406803686,26.548553618686956,37.69836973093636,0,316,0,0,60.46528855145775,2822,1.5424430535161062,22,0.007085197069406801,0.25892857142857145,25.745023127170242,325.2,0.0,0.0,COLD4C_multiload
B0043,30,1.7722878625134264,26.723350347241123,37.67202323454292,0,312,0,0,60.5687843123492,2793,1.54256227031715,22,-0.00011921680104376442,0.26785714285714285,25.843875276077863,322.0,0.0,0.0,COLD4C_multiload
B0043,31,1.7813178855901521,26.124894818109528,37.5846177818102,0,310,0,0,59.93360884084876,2762,1.5309356452520158,22,0.011626625065134233,0.2767857142857143,26.022975486996806,318.8,0.0,0.0,COLD4C_multiload
B0043,32,1.7859751643535426,24.834239084603105,37.57163850758581,0,308,0,0,59.384660598911914,2738,1.5247733176952427,22,0.0061623275567730396,0.2857142857142857,26.12927878344673,316.0,0.0,0.0,COLD4C_multiload
B0043,33,1.7795362532204637,25.807969021382306,37.83811660125229,0,305,0,0,59.41732173427487,2717,1.5196742408779502,22,0.005099076817292492,0.29464285714285715,26.091905757901646,313.0,0.0,0.0,COLD4C_multiload
B0043,34,1.7943628423977769,26.105553079027548,37.76120652410461,0,284,0,0,59.25528362269831,2519,1.5123696925788683,22,0.007304548299081892,0.30357142857142855,26.007801378004604,310.2,0.0,0.0,COLD4C_multiload
B0043,35,1.7894736842105263,25.664860309636182,37.43416840833683,0,300,0,0,59.03574399669444,2660,1.499914486202397,22,0.01245520637647135,0.3125,25.919201270072723,303.8,0.0,0.0,COLD4C_multiload
B0043,36,1.7830045523520486,25.38383501809435,37.31899313705125,0,296,0,0,58.68502093017516,2636,1.492410627118825,22,0.007503859083571873,0.32142857142857145,25.707503262551732,301.4,0.0,0.0,COLD4C_multiload
B0043,37,1.7702485966319166,24.352818763462064,37.58604736335072,0,277,0,0,58.54343768072992,2494,1.492624987952706,22,-0.0002143608338809333,0.33035714285714285,25.559291302548697,298.6,0.0,0.0,COLD4C_multiload
B0043,38,1.7935833011209896,25.52593116645121,38.06717620893625,0,292,0,0,58.42698475960534,2587,1.4924024018806028,22,0.0002225860721032369,0.3392857142857143,25.46300723832049,292.4,0.0,0.0,COLD4C_multiload
B0043,39,1.784046692607004,25.928002784177945,38.03429813873292,0,289,0,0,58.41636751680593,2570,1.4853020201751674,22,0.007100381705435366,0.3482142857142857,25.40659966733427,289.8,0.0,0.0,COLD4C_multiload
B0043,40,1.7834768989819891,25.98785651735809,37.8850432804777,0,287,0,0,58.267006288463826,2554,1.477208127101587,22,0.008093893073580327,0.35714285714285715,25.37108960836435,290.8,0.0,0.0,COLD4C_multiload
B0043,41,1.7843059936908516,25.682586455534583,37.72173567628911,0,285,0,0,57.962157969727095,2536,1.4694738525181406,22,0.007734274583446554,0.36607142857142855,25.43568884990873,288.2,0.0,0.0,COLD4C_multiload
B0043,42,2.0452604611443213,23.15697343331402,27.30932056956777,0,306,0,6,56.53909401312466,2342,0.0570343910426537,22,1.412439461475487,0.375,25.49543913739678,286.0,0.0,0.0,COLD4C_multiload
B0043,43,15.053304904051172,5.425671822635186,10.073103559906276,0,2340,0,6,3.25719964460018,2345,0.0571536334895882,4,-0.00011924244693450187,0.38392857142857145,25.25627007136717,291.8,1.2,4.8,COLD4C_multiload
B0043,44,15.053856096510126,5.537185531591886,9.363713069880482,0,2316,0,6,3.5657216741245774,2321,0.0572936600593766,4,-0.00014002656978839845,0.39285714285714285,21.236218202603965,701.4,2.4,9.6,COLD4C_multiload
B0043,45,15.054112554112555,5.608638924199474,9.49837575629517,0,2305,0,6,3.534795605779796,2310,0.0574420318527805,4,-0.00014837179340389944,0.4017857142857143,17.158054752086752,1106.8,3.6,14.4,COLD4C_multiload
B0043,46,15.059945504087194,5.653050646407504,9.502985965829737,0,1827,0,7,3.485138567939796,1835,0.0671306210772112,4,-0.0096885892244307,0.4107142857142857,13.08221123345503,1510.4,4.8,19.2,COLD4C_multiload
B0043,47,15.05464480874317,5.269896606422632,8.979535773958249,0,2556,0,7,4.068755224185467,2562,0.0671478192023473,4,-1.7198125136105857e-05,0.41964285714285715,9.076304071629613,1818.8,6.2,24.8,COLD4C_multiload
B0043,48,15.05505308690523,5.285224991406083,10.239009824535197,0,2537,0,7,3.9221289470955085,2543,0.0673200121169029,4,-0.00017219291455559949,0.42857142857142855,5.4988887062513365,2268.8,6.4,25.6,COLD4C_multiload
B0043,49,15.055511498810468,5.366324921346261,10.120757638084276,0,2516,0,7,3.9181076674965194,2522,0.0678403805161331,4,-0.0005203683992301977,0.4375,5.470799340005516,2308.2,6.6,26.4,COLD4C_multiload
B0043,50,15.056795131845842,5.390059046626349,10.16908687877008,0,2459,0,7,3.998996678212071,2465,0.0679960492721063,4,-0.0001556687559731984,0.44642857142857145,5.43662721795639,2348.2,6.8,27.2,COLD4C_multiload
B0043,51,15.05083179297597,5.374625032245437,7.981964148617724,0,2158,0,6,3.8330164535581397,2164,0.0682801114788655,4,-0.0002840622067591947,0.45535714285714285,5.392911242441765,2379.0,7.0,28.0,COLD4C_multiload
B0043,52,15.056841250507512,5.324010774214456,9.50679606348134,0,2457,0,7,3.4774056692062913,2463,0.0684463294312597,4,-0.00016621795239420145,0.4642857142857143,5.337226119609353,2445.2,6.8,27.2,COLD4C_multiload
B0043,53,15.05718954248366,5.356991950526488,8.947219582076908,0,2442,0,7,3.9179459274850243,2448,0.0685136191478808,4,-6.728971662110783e-05,0.4732142857142857,5.348048953167718,2425.4,6.8,27.2,COLD4C_multiload
B0043,54,15.045454545454545,5.250336650588186,9.048570192927317,0,2414,0,6,3.982437432505929,2420,0.0688740243561668,4,-0.00036040520828599376,0.48214285714285715,5.362402344991798,2406.4,6.8,27.2,COLD4C_multiload
B0043,55,15.052083333333334,5.3052784614816515,8.214832927581378,0,2395,0,6,3.537949701680784,2400,0.0565443893216957,4,0.012329635034471098,0.49107142857142855,5.339204690840183,2386.0,6.6,26.4,COLD4C_multiload
B0043,56,15.058651026392962,5.333739965402835,9.472969870923514,0,2381,0,7,3.4865815422284245,2387,0.0691835316418984,4,-0.012639142320202704,0.5,5.322248573811243,2373.2,6.4,25.6,COLD4C_multiload
B0043,57,15.052988554472234,5.316525688655968,9.447247671252793,0,2354,0,6,3.9430270155339513,2359,0.0591220864554366,4,0.0100614451864618,0.5089285714285714,5.314071560442723,2417.8,6.6,26.4,COLD4C_multiload
B0043,58,15.05962521294719,5.331288575181757,10.624675414528705,0,2342,0,7,3.6402301920458138,2348,0.0695612008414022,4,-0.010439114385965599,0.5178571428571429,5.312574543331026,2397.2,6.4,25.6,COLD4C_multiload
B0043,59,15.047332185886402,5.349662210756287,9.289965371994612,0,2318,0,6,4.053096262808469,2324,0.0701789780437661,4,-0.0006177772023639033,0.5267857142857143,5.307433868262079,2377.2,6.4,25.6,COLD4C_multiload
B0043,60,15.060501296456353,5.292825744428193,10.405043941704964,0,2308,0,7,3.6192555456999433,2314,0.0702814818386252,4,-0.000102503794859099,0.5357142857142857,5.3272989802957,2358.0,6.4,25.6,COLD4C_multiload
B0043,61,15.054229934924079,5.321139150689202,9.269985860917538,0,2300,0,6,3.985803208082824,2305,0.0578736420287837,4,0.012407839809841503,0.5446428571428571,5.324808436885008,2340.6,6.6,26.4,COLD4C_multiload
B0043,62,15.061215566243987,5.251060395441004,10.696409617431332,0,2281,0,7,3.5659860119859315,2287,0.0705661855429337,4,-0.012692543514150001,0.5535714285714286,5.322288273942282,2324.4,6.4,25.6,COLD4C_multiload
B0043,63,15.0552608311229,5.3495227337395415,8.841145903774922,0,2257,0,6,4.0771882037791505,2262,0.057989410208958,4,0.0125767753339757,0.5625,5.3091952152992885,2309.8,6.6,26.4,COLD4C_multiload
B0043,64,15.049616599007669,5.30760000053033,9.601778804173833,0,2211,0,6,3.6852330137516045,2217,0.0712926644680078,4,-0.013303254259049803,0.5714285714285714,5.312842047010845,2292.8,6.4,25.6,COLD4C_multiload
B0043,65,15.049954586739329,5.343697187937433,9.775871193110238,0,2196,0,6,3.684658568661816,2202,0.0714654655766428,4,-0.0001728011086349901,0.5803571428571429,5.304429604965653,2271.4,6.4,25.6,COLD4C_multiload
B0043,66,15.051740357478833,5.37593112279648,9.77507439966935,0,2120,0,6,3.713613564505046,2126,0.0716254973792324,4,-0.0001600318025896108,0.5892857142857143,5.314603893667503,2249.0,6.2,24.8,COLD4C_multiload
B0043,67,15.053012048192771,5.354991998860331,7.9530776238610095,0,2069,0,6,3.5113717000731772,2075,0.0719259635627201,4,-0.0003004661834876965,0.5982142857142857,5.325562288088958,2213.0,6.2,24.8,COLD4C_multiload
B0043,68,15.057129798903107,5.366049267556647,8.70377999346024,0,2183,0,6,3.7214751779334425,2188,0.0588400951113647,4,0.013085868451355405,0.6071428571428571,5.346348608772823,2170.6,6.0,24.0,COLD4C_multiload
B0043,69,15.064308681672026,5.343972089464111,10.861930060972163,0,2171,0,7,3.620475099422565,2177,0.0721385348010396,4,-0.013298439689674903,0.6160714285714286,5.349653915536244,2155.8,6.0,24.0,COLD4C_multiload
B0043,70,15.051377860812705,5.4246908412609365,9.628805360691263,0,2135,0,6,4.182018738637945,2141,0.0723183571187791,4,-0.00017982231773949753,0.625,5.356928333323001,2147.8,6.2,24.8,COLD4C_multiload
B0043,71,15.057843590930124,5.460632698342532,8.740129795491647,0,2156,0,6,3.7274070929322987,2161,0.0593817062666809,4,0.012936650852098198,0.6339285714285714,5.373127063987702,2135.6,6.2,24.8,COLD4C_multiload
B0043,72,15.05142589995325,5.39449700942242,9.890833414808087,0,2133,0,6,3.629651445828154,2139,0.0729448848562527,4,-0.013563178589571796,0.6428571428571429,5.3900673790969105,2142.8,6.2,24.8,COLD4C_multiload
B0043,73,15.051862329090051,5.302798795565977,8.123599018265942,0,2115,0,6,3.69449825083355,2121,0.0730691773407958,4,-0.00012429248454309816,0.6517857142857143,5.3979683812093295,2155.6,6.2,24.8,COLD4C_multiload
B0043,74,15.052083333333334,5.305978042043874,9.54039758015595,0,2106,0,6,3.684949987399825,2112,0.0731705412812827,4,-0.00010136394048690378,0.6607142857142857,5.385318286811196,2142.0,6.2,24.8,COLD4C_multiload
B0043,75,15.052405907575036,5.3807743293603725,8.68981677408595,0,2093,0,6,3.7288516112979457,2099,0.0734743029330489,4,-0.0003037616517661962,0.6696428571428571,5.3777194773271475,2129.0,6.0,24.0,COLD4C_multiload
B0043,76,15.059923298178331,5.425002540683788,8.648121468375715,0,2081,0,6,3.7346958623073125,2086,0.0601069759183187,4,0.013367327014730195,0.6785714285714286,5.368936174947035,2120.6,6.0,24.0,COLD4C_multiload
B0043,77,15.052986512524084,5.39002187570513,8.766749021949757,0,2070,0,6,3.7035898279102453,2076,0.0738316250995573,4,-0.013724649181238606,0.6875,5.361810143415286,2105.6,6.0,24.0,COLD4C_multiload
B0043,78,15.060827250608272,5.377838692906277,8.697295284987012,0,2050,0,6,3.7200675848061118,2055,0.0604952153074282,4,0.013336409792129106,0.6964285714285714,5.360915116671828,2093.0,6.0,24.0,COLD4C_multiload
B0043,79,15.06103515625,5.3943135349780125,10.097658187656732,0,2043,0,6,3.7205426834104665,2048,0.0606040102376181,4,-0.00010879493018989966,0.7053571428571429,5.375923096139887,2080.0,6.0,24.0,COLD4C_multiload
B0043,80,15.061425061425062,5.378395352086111,10.08193635042433,0,2030,0,6,3.757125908105856,2035,0.0607343843223521,4,-0.00013037408473400014,0.7142857142857143,5.393590194726715,2067.4,6.0,24.0,COLD4C_multiload
B0043,81,15.06240639041438,5.382955872822358,9.867385484495305,0,1998,0,6,3.845823187241648,2003,0.0609965304823779,4,-0.00026214616002580293,0.7232142857142857,5.393114399271864,2054.8,6.0,24.0,COLD4C_multiload
B0043,82,15.06426735218509,5.324335423054998,8.668191215610703,0,1940,0,6,3.895359231622274,1945,0.0611304592598731,4,-0.0001339287774951986,0.7321428571428571,5.384705065699578,2038.2,6.0,24.0,COLD4C_multiload
B0043,83,15.144341801385682,5.179876883390289,8.230234796537065,0,861,0,6,3.4698261324062223,866,0.0612912441098759,4,-0.0001607848500028014,0.7410714285714286,5.3715677751695505,2012.2,6.0,24.0,COLD4C_multiload
B0043,84,15.171703296703297,5.694122251106469,8.3473989032227,0,723,0,6,3.763823150666945,728,0.0613032906580409,4,-1.204654816500117e-05,0.75,5.3319754132663535,1774.4,6.0,24.0,COLD4C_multiload
B0043,85,15.230627306273062,5.860307512358678,9.566970302021362,0,537,0,6,3.660417614878656,542,0.0611516615740909,4,0.00015162908395000008,0.7589285714285714,5.3919371564920455,1510.4,6.0,24.0,COLD4C_multiload
B0043,86,15.163230240549828,5.826251539006639,9.666790854091367,0,577,0,5,3.6576619261400762,582,0.0614053871920573,4,-0.0002537256179663966,0.7678571428571429,5.488319588546558,1211.8,6.0,24.0,COLD4C_multiload
B0043,87,15.236294896030246,5.651703772064405,8.849096539219643,0,524,0,6,3.2043901878195697,529,0.0617578076594285,4,-0.00035242046737120336,0.7767857142857143,5.576978721783415,927.6,5.8,23.2,COLD4C_multiload
B0043,88,10.515837104072398,6.252850616602266,11.059155779143234,0,744,0,0,22.083274301271214,1105,1.5250840516518187,4,-1.4633262439923902,0.7857142857142857,5.642452391585296,644.4,5.8,23.2,COLD4C_multiload
B0043,89,1.9831678895123004,6.405930829416915,10.464754894665266,0,275,0,0,57.61946468997421,2317,1.552568811301301,4,-0.02748475964948227,0.7946428571428571,5.857047138227692,621.0,4.6,18.4,COLD4C_multiload
B0043,90,1.9765421372719374,6.546631259929786,11.117824082083432,0,272,0,0,57.345005556230355,2302,1.5427752626774387,4,0.00979354862386228,0.8035714285714286,5.999408853889781,531.4,3.4,13.6,COLD4C_multiload
B0043,91,1.9694323144104804,6.533562343603049,11.465947003288688,0,270,0,0,56.86104343571944,2290,1.533193283126468,4,0.00958197955097062,0.8125,6.136673603404002,478.4,2.2,8.8,COLD4C_multiload
B0043,92,1.981048920229176,6.570117795655009,10.672391649812306,0,269,0,0,56.54152716150288,2269,1.515272194917202,4,0.017921088209265967,0.8214285714285714,6.278135764323284,417.0,1.2,4.8,COLD4C_multiload
B0043,93,1.9831410825199645,6.627540767444762,11.55324188297086,0,268,0,0,56.07471884313576,2254,1.5074989761997712,4,0.007773218717430863,0.8303571428571429,6.461818569041405,366.0,0.0,0.0,COLD4C_multiload
B0043,94,2.0116227089852483,6.45448994357265,10.678188237457311,0,270,0,0,55.41256475221215,2237,1.4896288908647644,4,0.01787008533500689,0.8392857142857143,6.5367565992099035,270.8,0.0,0.0,COLD4C_multiload
B0043,95,1.9991035410129987,6.566486351726997,10.67885056037868,0,268,0,0,55.3000818922029,2231,1.4780778852088083,4,0.011551005655956015,0.8482142857142857,6.54646842204105,269.8,0.0,0.0,COLD4C_multiload
B0043,96,1.9954853273137698,6.562033528892678,11.249497515672802,0,266,0,0,54.884453616386224,2215,1.4700035345334466,4,0.008074350675361774,0.8571428571428571,6.550439440400493,269.0,0.0,0.0,COLD4C_multiload
B0043,97,2.0090909090909093,6.523985908163584,11.637480263714384,0,266,0,0,54.4190962667713,2200,1.4565623180137075,4,0.013441216519739063,0.8660714285714286,6.556133677458419,268.2,0.0,0.0,COLD4C_multiload
B0043,98,2.022883295194508,6.589433271101344,11.797524620709758,0,266,0,0,54.07938858628648,2185,1.445976962830235,4,0.010585355183472478,0.875,6.546907299960134,267.6,0.0,0.0,COLD4C_multiload
B0043,99,2.0580110497237567,6.400313856496158,11.717322041018162,0,270,0,0,53.32127997740746,2172,1.4325855992469252,4,0.013391363583309834,0.8839285714285714,6.5392858006914505,267.2,0.0,0.0,COLD4C_multiload
B0043,100,2.0356646595646133,6.554451097568238,11.400146543773252,0,265,0,0,53.414465436115144,2159,1.4197344854662963,4,0.012851113780628864,0.8928571428571429,6.528450583276152,267.2,0.0,0.0,COLD4C_multiload
B0043,101,2.048108360579169,6.5304333485793,11.27412857657329,0,265,0,0,52.83549524106133,2141,1.401262575071573,4,0.01847191039472329,0.9017857142857143,6.5260435324444,266.6,0.0,0.0,COLD4C_multiload
B0043,102,2.061589092618712,6.497048337053251,10.939205926809544,0,265,0,0,52.40858583352462,2127,1.3862945308535968,4,0.014968044217976262,0.9107142857142857,6.519723496381725,266.4,0.0,0.0,COLD4C_multiload
B0043,103,2.054373522458629,6.503803522023973,11.469256268063758,0,263,0,0,51.93062609451038,2115,1.384130256052478,4,0.002164274801118804,0.9196428571428571,6.514335982159658,266.2,0.0,0.0,COLD4C_multiload
B0043,104,2.104888467014713,6.438496561226526,11.07680003582411,0,269,0,0,51.19226268276209,2107,1.3651743201871416,4,0.018955935865336393,0.9285714285714286,6.497210032344185,265.6,0.0,0.0,COLD4C_multiload
B0043,105,2.0813510941960036,6.525421036893607,11.26155378961363,0,265,0,0,51.275438922273004,2102,1.361508332192898,4,0.003665987994243558,0.9375,6.504846573290257,265.4,0.0,0.0,COLD4C_multiload
B0043,106,2.0719424460431655,6.531451332469547,11.576966830401837,0,262,0,0,50.92701791310752,2085,1.351001663879717,4,0.010506668313180922,0.9464285714285714,6.499040561155331,265.4,0.0,0.0,COLD4C_multiload
B0043,107,2.08594881699662,6.58314164090393,11.16400609714747,0,262,0,0,50.46099451594014,2071,1.3282588067265129,4,0.022742857153204232,0.9553571428571429,6.49924415793338,264.8,0.0,0.0,COLD4C_multiload
B0043,108,2.0807000486144873,6.6148120760908515,11.988971088033123,0,260,0,0,50.05670618905092,2057,1.3257206687421472,4,0.0025381379843656404,0.9642857142857143,6.516462818703516,264.2,0.0,0.0,COLD4C_multiload
B0043,109,2.12646484375,6.485203023630523,11.73519417014362,0,265,0,0,49.449811838311476,2048,1.314290971597844,4,0.011429697144303308,0.9732142857142857,6.5386645295168915,263.6,0.0,0.0,COLD4C_multiload
B0043,110,2.108876900441393,6.562805667858065,11.299125699617386,0,262,0,0,49.54488646868043,2039,1.300326009481109,4,0.013964962116734814,0.9821428571428571,6.548005821997691,262.8,0.0,0.0,COLD4C_multiload
B0043,111,2.119188921859545,6.561832065565122,11.376911439849154,0,261,0,0,48.97406416931247,2022,1.2881071401556836,4,0.012218869325425485,0.9910714285714286,6.555482748190583,262.2,0.0,0.0,COLD4C_multiload
B0043,112,2.1350274040857,6.528461804766396,11.488807348025915,0,261,0,0,48.594201799329994,2007,1.2767801501201566,4,0.011326990035527063,1.0,6.561558894809698,262.0,0.0,0.0,COLD4C_multiload
B0044,3,1.791044776119403,25.133166666883152,37.15907806475986,0,466,0,0,62.32128179445821,4087,1.6534010755700512,22,0.00905957759386733,0.026785714285714284,25.04193118690144,1171.5,0.0,0.0,COLD4C_multiload
B0044,4,1.7832080200501252,24.981754969755993,37.12091726941865,0,453,0,0,62.128414694802174,3990,1.6452145903490936,22,0.008186485220957662,0.03571428571428571,25.07234301356201,936.3333333333334,0.0,0.0,COLD4C_multiload
B0044,5,1.7802254098360655,25.290200097665775,37.70825289621454,0,442,0,0,61.945569439549736,3904,1.635664062367341,22,0.009550527981752488,0.044642857142857144,25.049696002610506,815.5,0.0,0.0,COLD4C_multiload
B0044,7,1.8000546298825457,26.03364771386029,37.649599494653536,0,418,0,0,56.748436799263196,3661,1.6267769765146465,22,0.008887085852694598,0.0625,25.09779682162156,740.8,0.0,0.0,COLD4C_multiload
B0044,8,1.7654986522911051,25.635779902868837,37.14337821498799,0,416,0,0,61.597507528933654,3710,1.6159715504743064,22,0.010805426040340071,0.07142857142857142,25.37530040441832,450.8,0.0,0.0,COLD4C_multiload
B0044,9,1.7584978070175439,25.29798799753468,37.11952925248905,0,407,0,0,61.351645551423175,3648,1.6076028386649623,22,0.008368711809344065,0.08035714285714286,25.414909870206806,439.0,0.0,0.0,COLD4C_multiload
B0044,10,1.7625698324022345,25.06768463228001,36.8278472964388,0,400,0,0,61.07348472407143,3580,1.6003360401431612,22,0.007266798521801121,0.08928571428571429,25.447874136337116,427.2,0.0,0.0,COLD4C_multiload
B0044,11,1.7687268584448874,24.232836394375067,37.07362320866197,0,394,0,0,60.69886306316381,3511,1.5978700914991917,22,0.00246594864396954,0.09821428571428571,25.465060068841918,416.6,0.0,0.0,COLD4C_multiload
B0044,12,1.7560975609756098,24.90685377398522,37.27343452416563,0,388,0,0,60.81089934196385,3485,1.5900310265163515,22,0.00783906498284015,0.10714285714285714,25.253587328183777,407.0,0.0,0.0,COLD4C_multiload
B0044,13,1.7654789719626167,24.926540014859558,36.92555325153096,0,383,0,0,60.58923050281087,3424,1.5816311155652092,22,0.008399910951142342,0.11607142857142858,25.02822854020876,401.0,0.0,0.0,COLD4C_multiload
B0044,14,1.769845971563981,24.877216701614792,36.82542072716141,0,379,0,0,60.272558104144515,3376,1.5714556311034702,22,0.010175484461738993,0.125,24.88638056260691,394.4,0.0,0.0,COLD4C_multiload
B0044,15,1.7755040625940415,24.860011774248317,36.86402084995953,0,374,0,0,59.997240412432305,3323,1.563220798569978,22,0.00823483253349222,0.13392857142857142,24.802226303422927,388.8,0.0,0.0,COLD4C_multiload
B0044,16,1.7813455657492354,24.119765393276023,36.85447944747772,0,369,0,0,59.60405457212428,3270,1.5606775388245586,22,0.0025432597454193573,0.14285714285714285,24.76069173181659,383.6,0.0,0.0,COLD4C_multiload
B0044,17,1.781055900621118,24.776664387569273,37.00807199261186,0,363,0,0,59.64370321600868,3220,1.5523886011314287,22,0.008288937693129883,0.15178571428571427,24.73807753159678,378.6,0.0,0.0,COLD4C_multiload
B0044,18,1.7788913247729408,24.800720412225896,36.85691194751145,0,360,0,0,59.40170524317343,3193,1.5444592876561969,22,0.007929313475231847,0.16071428571428573,24.712039654313593,373.6,0.0,0.0,COLD4C_multiload
B0044,19,1.7723525681674064,24.783265165308116,36.933977837728406,0,354,0,0,59.224332253105594,3154,1.536558134180655,22,0.007901153475541989,0.16964285714285715,24.68687573378686,369.0,0.0,0.0,COLD4C_multiload
B0044,20,1.779742765273312,24.779715143676746,36.96952216360131,0,351,0,0,58.951311201084415,3110,1.5307255867941072,22,0.005832547386547704,0.17857142857142858,24.668085426525526,364.0,0.0,0.0,COLD4C_multiload
B0044,21,1.8020799480013,24.175437996034706,37.880341936530016,0,351,0,0,58.521201125249014,3077,1.545242808242328,22,-0.014517221448220763,0.1875,24.652026100411213,359.4,0.0,0.0,COLD4C_multiload
B0044,22,1.7938178230845117,25.065440371835308,38.4338113726962,0,345,0,0,59.16631378323889,3041,1.5397144491816253,22,0.005528359060702703,0.19642857142857142,24.663160620962948,355.8,0.0,0.0,COLD4C_multiload
B0044,23,1.7991353508480212,26.247149343340915,38.62527616952544,0,342,0,0,59.020273233707,3007,1.5305357077773765,22,0.009178741404248791,0.20535714285714285,24.720915817816156,352.2,0.0,0.0,COLD4C_multiload
B0044,24,1.8012108980827446,26.198595118320505,38.54196067361033,0,339,0,0,58.7487003985215,2973,1.5199735224097084,22,0.010562185367668064,0.21428571428571427,25.010201604039157,348.6,0.0,0.0,COLD4C_multiload
B0044,25,1.7841409691629957,26.01417461720302,38.50117611497123,0,333,0,0,58.506335142492844,2951,1.5136629526844203,22,0.0063105697252880955,0.22321428571428573,25.293267594641637,345.6,0.0,0.0,COLD4C_multiload
B0044,26,1.7971163748712666,25.86731400988308,38.43383998472231,0,331,0,0,58.284563259775425,2913,1.501287000699295,22,0.0123759519851252,0.23214285714285715,25.54015948934689,342.0,0.0,0.0,COLD4C_multiload
B0044,27,1.8237561317449194,25.37286291220152,38.70474156110448,0,329,0,0,57.56700520689424,2854,1.5023814734911674,22,-0.0010944727918722474,0.24107142857142858,25.878534692116567,338.0,0.0,0.0,COLD4C_multiload
B0044,28,1.800490883590463,26.47292221895064,39.13185799913766,0,325,0,0,57.95170868868885,2852,1.4980955154277502,22,0.004285958063417139,0.25,25.940019200189806,334.8,0.0,0.0,COLD4C_multiload
B0044,29,1.8036853295535082,26.596948258679735,39.06117424677476,0,322,0,0,57.78350539603558,2822,1.4906542391377111,22,0.0074412762900391005,0.25892857142857145,25.985173775311758,331.4,0.0,0.0,COLD4C_multiload
B0044,30,1.8063014679556033,26.36279712745031,38.900911326239694,0,319,0,0,57.51528616191639,2793,1.484397163943621,22,0.006257075194090023,0.26785714285714285,26.064844403383596,328.0,0.0,0.0,COLD4C_multiload
B0044,31,1.8211440984793628,26.128730439393774,38.637548513661336,0,318,0,0,57.23439907619213,2762,1.4725321936230114,22,0.011864970320609736,0.2767857142857143,26.13456890543306,325.2,0.0,0.0,COLD4C_multiload
B0044,32,1.820672023374726,25.186283989587704,38.14612160171512,0,315,0,0,56.65611308315231,2738,1.4663149382113208,22,0.006217255411690603,0.2857142857142857,26.1868521913352,322.6,0.0,0.0,COLD4C_multiload
B0044,33,1.8089804931910196,25.979491240271177,38.41020545726171,0,311,0,0,56.79844372552965,2717,1.4671298468877776,22,-0.0008149086764568381,0.29464285714285715,26.149536406812434,319.8,0.0,0.0,COLD4C_multiload
B0044,34,1.8261214767764986,26.305814784694096,38.342879393411714,0,290,0,0,56.7322883869506,2519,1.4593858997633138,22,0.007743947124463801,0.30357142857142855,26.05085021107654,317.0,0.0,0.0,COLD4C_multiload
B0044,35,1.8195488721804511,25.898594682813865,37.97725957749192,0,306,0,0,56.51110945900372,2660,1.4467901368505207,22,0.012595762912793074,0.3125,25.992623516279412,310.6,0.0,0.0,COLD4C_multiload
B0044,36,1.8190440060698028,25.555205961973776,37.79705513935421,0,303,0,0,56.05324348214553,2636,1.4390669859638228,22,0.007723150886697949,0.32142857142857145,25.89978302735212,308.0,0.0,0.0,COLD4C_multiload
B0044,37,1.802325581395349,24.705400717510013,37.93561044482721,0,283,0,0,55.82263349051224,2494,1.4389892550462602,22,7.773091756257955e-05,0.33035714285714285,25.785078131868126,305.0,0.0,0.0,COLD4C_multiload
B0044,38,1.824507151140317,25.700056191019065,38.32554543437737,0,298,0,0,55.79017765656684,2587,1.4386198779578576,22,0.0003693770884025671,0.3392857142857143,25.688901477452582,298.6,0.0,0.0,COLD4C_multiload
B0044,39,1.821011673151751,26.0797724925539,38.55610999749079,0,296,0,0,55.77119431822358,2570,1.4313412096653504,22,0.007278668292507229,0.3482142857142857,25.633014467602163,296.0,0.0,0.0,COLD4C_multiload
B0044,40,1.8148003132341426,26.158918750970432,38.62165239845955,0,293,0,0,55.601976950785144,2554,1.422973037663468,22,0.008368172001882446,0.35714285714285715,25.587806009174123,297.2,0.0,0.0,COLD4C_multiload
B0044,41,1.8158517350157728,25.884747278025706,38.18800348171553,0,291,0,0,55.309873683528856,2536,1.4150153099745095,22,0.007957727688958416,0.36607142857142855,25.639870822805438,294.6,0.0,0.0,COLD4C_multiload
B0044,42,2.026046114432109,23.381544661781348,27.657320136626087,0,305,0,5,53.76433155901394,2342,0.0572172710622218,22,1.3577980389122877,0.375,25.705779086015827,292.2,0.0,0.0,COLD4C_multiload
B0044,43,15.040511727078892,5.547030043731558,9.760471127293034,0,2340,0,5,2.682266781214102,2345,0.0573587470253984,4,-0.000141475963176603,0.38392857142857145,25.441007874870092,296.6,1.0,4.0,COLD4C_multiload
B0044,44,15.040930633347696,5.640575538945498,9.69821406411427,0,2316,0,5,2.96170149650307,2321,0.0574968754544523,4,-0.00013812842905389783,0.39285714285714285,21.41040264541259,705.0,2.0,8.0,COLD4C_multiload
B0044,45,15.041125541125542,5.722783076977319,9.00106106019679,0,2305,0,5,2.9860294099613442,2310,0.0576308880988852,4,-0.00013401264443289873,0.4017857142857143,17.32256325469091,1109.0,3.0,12.0,COLD4C_multiload
B0044,46,15.035422343324251,5.755649163832485,8.446753567938917,0,1828,0,5,2.8726587509373593,1835,0.0551169133397871,4,0.002513974759098099,0.4107142857142857,13.235336119892287,1511.4,4.0,16.0,COLD4C_multiload
B0044,47,15.042935206869632,5.386181257564448,9.004482980571387,0,2556,0,6,2.9649265613334777,2562,0.0674075526574801,4,-0.012290639317692996,0.41964285714285715,9.209516497053642,1818.8,5.0,20.0,COLD4C_multiload
B0044,48,15.043255996854109,5.386143266319273,10.10838939092693,0,2537,0,6,3.343175465430785,2543,0.0675676530317139,4,-0.00016010037423380696,0.42857142857142855,5.610443816210262,2269.0,5.2,20.8,COLD4C_multiload
B0044,49,15.03766851704996,5.451784826460534,9.084345421523768,0,2517,0,5,3.2657674046231397,2522,0.0556373104491564,4,0.011930342582557499,0.4375,5.578266460727805,2308.4,5.4,21.6,COLD4C_multiload
B0044,50,15.044624746450305,5.4882514568042255,9.9732818280256,0,2459,0,6,3.0061944658671496,2465,0.0682243327610682,4,-0.012587022311911791,0.44642857142857145,5.5405083182308115,2348.6,5.4,21.6,COLD4C_multiload
B0044,51,15.043900184842883,5.462755733496153,7.130613484534643,0,2159,0,5,3.2699429656144035,2164,0.0560524534315144,4,0.01217187932955379,0.45535714285714285,5.493601994196193,2379.4,5.6,22.4,COLD4C_multiload
B0044,52,15.044660982541616,5.448814825994424,9.420302039012588,0,2457,0,6,2.8099985633722455,2463,0.0686822013010505,4,-0.0126297478695361,0.4642857142857143,5.435023308128927,2445.6,5.6,22.4,COLD4C_multiload
B0044,53,15.044934640522875,5.460707481223878,8.596928821276874,0,2442,0,6,3.4017218994742953,2448,0.0687475535334652,4,-6.535223241470323e-05,0.4732142857142857,5.447550021814922,2425.8,5.6,22.4,COLD4C_multiload
B0044,54,15.039256198347108,5.364247845735657,8.914167582596768,0,2415,0,5,3.3260992086530745,2420,0.0565143989134748,4,0.012233154619990402,0.48214285714285715,5.462462864795843,2406.8,5.6,22.4,COLD4C_multiload
B0044,55,15.039583333333333,5.415498478442409,7.468130255797678,0,2395,0,5,3.001214873584009,2400,0.0567330718538736,4,-0.00021867294039879664,0.49107142857142855,5.444955468650868,2386.4,5.6,22.4,COLD4C_multiload
B0044,56,15.046082949308756,5.42216751999876,9.34228820478629,0,2381,0,6,2.9323384427189403,2387,0.0694133756360175,4,-0.012680303782143902,0.5,5.430404872978504,2373.6,5.4,21.6,COLD4C_multiload
B0044,57,15.040271301398898,5.463248817024067,9.296386526511638,0,2354,0,5,3.2894740127199324,2359,0.0593176644466495,4,0.010095711189368,0.5089285714285714,5.422287230279025,2418.0,5.6,22.4,COLD4C_multiload
B0044,58,15.046848381601363,5.453181618172598,10.402010089986526,0,2342,0,6,3.0950163836668416,2348,0.0698170725362273,4,-0.010499408089577805,0.5178571428571429,5.425174028484954,2397.4,5.4,21.6,COLD4C_multiload
B0044,59,15.040877796901894,5.449590908854196,9.139614420555528,0,2319,0,5,3.338057398887242,2324,0.0574643508969407,4,0.012352721639286607,0.5267857142857143,5.423668855874698,2377.4,5.4,21.6,COLD4C_multiload
B0044,60,15.047536732929991,5.414046224986098,10.577915316418856,0,2308,0,6,3.04402144325893,2314,0.0705377438399369,4,-0.013073392942996198,0.5357142857142857,5.440737468498407,2358.2,5.4,21.6,COLD4C_multiload
B0044,61,15.041214750542299,5.421666246369781,9.153655205612418,0,2300,0,5,3.4071611749346653,2305,0.0580546605234449,4,0.012483083316491998,0.5446428571428571,5.440447017807144,2340.8,5.6,22.4,COLD4C_multiload
B0044,62,15.04809794490599,5.373324809470831,10.601194386353557,0,2281,0,6,2.9551517295190095,2287,0.0708399201529106,4,-0.012785259629465702,0.5535714285714286,5.440346763081348,2324.6,5.4,21.6,COLD4C_multiload
B0044,63,15.041998231653404,5.46549158220037,8.524863523744626,0,2257,0,5,3.4924011364219845,2262,0.0581718361305258,4,0.012668084022384798,0.5625,5.422361961570701,2310.0,5.6,22.4,COLD4C_multiload
B0044,64,15.042850699142987,5.435624450129355,9.440256551104172,0,2212,0,5,3.1268146285412604,2217,0.0583051571279828,4,-0.00013332099745699821,0.5714285714285714,5.424823954376255,2293.0,5.4,21.6,COLD4C_multiload
B0044,65,15.04314259763851,5.47328869668825,9.577062674735402,0,2197,0,5,3.0437796674799658,2202,0.0584559266936776,4,-0.00015076956569479855,0.5803571428571429,5.422030662631287,2271.6,5.4,21.6,COLD4C_multiload
B0044,66,15.044684854186265,5.507693996326256,9.571995894192735,0,2121,0,5,3.1120434448550816,2126,0.058629861106387,4,-0.00017393441270940196,0.5892857142857143,5.4338791569717175,2249.4,5.2,20.8,COLD4C_multiload
B0044,67,15.04578313253012,5.498668493812878,7.124889090041003,0,2070,0,5,2.8768277984066115,2075,0.0589003321838338,4,-0.00027047107744680027,0.5982142857142857,5.4510847069630115,2213.6,5.2,20.8,COLD4C_multiload
B0044,68,15.043418647166362,5.505036071500754,8.324153740739145,0,2183,0,5,3.090616936260739,2188,0.0590646770201104,4,-0.00016434483627660035,0.6071428571428571,5.476153443831421,2171.4,5.0,20.0,COLD4C_multiload
B0044,69,15.050528249885163,5.445964852995939,10.63955759206541,0,2171,0,6,3.0974069376910998,2177,0.0724057998284407,4,-0.013341122808330295,0.6160714285714286,5.484062341691499,2156.6,5.0,20.0,COLD4C_multiload
B0044,70,15.051377860812705,5.560563226822242,10.376173431482592,0,2135,0,6,3.621555719268269,2141,0.0725563284689165,4,-0.00015052864047580827,0.625,5.486130422264815,2148.4,5.2,20.8,COLD4C_multiload
B0044,71,15.043961129106895,5.5833638861076675,8.316021086973787,0,2156,0,5,3.5938734635896172,2161,0.0595922298890959,4,0.012964098579820608,0.6339285714285714,5.503585328291614,2136.0,5.4,21.6,COLD4C_multiload
B0044,72,15.05142589995325,5.524203014870414,10.655557073631597,0,2133,0,6,3.0424480843610207,2139,0.0732170902276858,4,-0.013624860338589902,0.6428571428571429,5.518719306247897,2143.0,5.4,21.6,COLD4C_multiload
B0044,73,15.044790193305046,5.444502982330841,7.631714348736341,0,2116,0,5,3.478323863829765,2121,0.0598410084998697,4,0.013376081727816097,0.6517857142857143,5.523826210459403,2155.6,5.6,22.4,COLD4C_multiload
B0044,74,15.052083333333334,5.418124882108922,10.509625598200184,0,2106,0,6,3.175974338226651,2112,0.0734434705697157,4,-0.013602462069846,0.6607142857142857,5.511719592625421,2142.2,5.6,22.4,COLD4C_multiload
B0044,75,15.052405907575036,5.495927045728817,9.204729619835248,0,2093,0,6,3.636375654514969,2099,0.0737373960592326,4,-0.0002939254895168997,0.6696428571428571,5.506151598448017,2129.2,5.6,22.4,COLD4C_multiload
B0044,76,15.045541706615532,5.534608029131082,7.96351554428054,0,2081,0,5,3.6346406596388023,2086,0.0603231248972743,4,0.0134142711619583,0.6785714285714286,5.493224362229332,2120.8,5.6,22.4,COLD4C_multiload
B0044,77,15.052986512524084,5.518196120762385,9.367163499816083,0,2070,0,6,3.12826565701945,2076,0.0740961197823434,4,-0.013772994885069098,0.6875,5.483473190834015,2105.8,5.6,22.4,COLD4C_multiload
B0044,78,15.046228710462287,5.507307720712204,8.36281681813677,0,2050,0,5,3.5046092379854077,2055,0.0607171505329549,4,0.0133789692493885,0.6964285714285714,5.482271812012409,2093.2,5.6,22.4,COLD4C_multiload
B0044,79,15.04638671875,5.50260869210553,9.833929266126528,0,2043,0,5,3.221873646289425,2048,0.0608284422939796,4,-0.00011129176102470106,0.7053571428571429,5.494832759688682,2080.0,5.6,22.4,COLD4C_multiload
B0044,80,15.046683046683047,5.494445118637643,9.82294821385076,0,2030,0,5,3.1393862775217096,2035,0.0609288444479822,4,-0.00010040215400260177,0.7142857142857143,5.511729521688004,2067.4,5.4,21.6,COLD4C_multiload
B0044,81,15.047428856714928,5.5042567757280505,9.64729446630716,0,1998,0,5,3.235079455043683,2003,0.0612203873656202,4,-0.0002915429176379991,0.7232142857142857,5.511433136269768,2054.8,5.2,20.8,COLD4C_multiload
B0044,82,15.048843187660669,5.441057218398916,8.475214897845488,0,1940,0,5,3.3375908956271756,1945,0.061336775826916,4,-0.00011638846129579522,0.7321428571428571,5.505362885589163,2038.2,5.2,20.8,COLD4C_multiload
B0044,83,15.109699769053117,5.318588047666017,7.906766993792881,0,861,0,5,2.911724659766629,866,0.0615021959933087,4,-0.00016542016639270463,0.7410714285714286,5.489935105116468,2012.2,5.0,20.0,COLD4C_multiload
B0044,84,15.130494505494505,5.691878878702452,8.628110902694925,0,723,0,5,3.1638853736022177,728,0.0615436456229027,4,-4.144962959400089e-05,0.75,5.4521911705072315,1774.4,5.0,20.0,COLD4C_multiload
B0044,85,15.175276752767529,5.796403645606646,9.541833690746394,0,537,0,5,3.0950745489870495,542,0.0613682829819075,4,0.00017536264099519971,0.7589285714285714,5.490045207826616,1510.4,5.0,20.0,COLD4C_multiload
B0044,86,15.163230240549828,5.772331341701089,8.979883323218596,0,577,0,5,3.0716904149483693,582,0.0616335088887399,4,-0.0002652259068323948,0.7678571428571429,5.550436913220416,1211.8,5.0,20.0,COLD4C_multiload
B0044,87,15.179584120982987,5.751394971236196,9.207557697837885,0,524,0,5,3.0279533521681072,529,0.0619810308759487,4,-0.00034752198720880423,0.7767857142857143,5.604051826415024,927.6,5.0,20.0,COLD4C_multiload
B0044,88,10.656108597285067,6.374360953237169,10.171915363933092,0,755,0,0,21.145796659074566,1105,1.4779954511171076,4,-1.4160144202411589,0.7857142857142857,5.66611937698248,644.4,5.0,20.0,COLD4C_multiload
B0044,89,2.058696590418645,6.476135336309552,10.296016892383854,0,288,0,0,54.39603554936763,2317,1.494119871447679,4,-0.016124420330571487,0.7946428571428571,5.87727395809671,623.2,4.0,16.0,COLD4C_multiload
B0044,90,2.046046915725456,6.534654751265513,10.396418259744522,0,284,0,0,54.35706021645796,2302,1.488007820113173,4,0.006112051334506097,0.8035714285714286,6.03412524961813,536.2,3.0,12.0,COLD4C_multiload
B0044,91,2.0458515283842793,6.524107957713956,10.675119900160505,0,283,0,0,53.96941991654378,2290,1.4748338592717107,4,0.013173960841462273,0.8125,6.181775470749903,485.6,2.0,8.0,COLD4C_multiload
B0044,92,2.0515645658880564,6.5608886132706585,10.562265269293302,0,281,0,0,53.601464216723805,2269,1.4604378044785566,4,0.01439605479315409,0.8214285714285714,6.3321307939524765,426.8,1.0,4.0,COLD4C_multiload
B0044,93,2.0652173913043477,6.628255954260868,10.76625471358321,0,281,0,0,53.13563840529859,2254,1.452380841576719,4,0.008056962901837661,0.8303571428571429,6.494029522359369,378.2,0.0,0.0,COLD4C_multiload
B0044,94,2.0697362539114885,6.522343285588981,10.911129725577434,0,280,0,0,52.50207110123318,2237,1.441102888364986,4,0.011277953211733083,0.8392857142857143,6.544808522564109,283.4,0.0,0.0,COLD4C_multiload
B0044,95,2.068579112505603,6.54295746096621,10.81913572086399,0,279,0,0,52.46664929687345,2231,1.4300355978410688,4,0.011067290523917084,0.8482142857142857,6.554050112419995,281.8,0.0,0.0,COLD4C_multiload
B0044,96,2.072234762979684,6.541462172799469,11.006306031992889,0,278,0,0,51.962417951979795,2215,1.413943296719903,4,0.016092301121165775,0.8571428571428571,6.555710654360135,280.8,0.0,0.0,COLD4C_multiload
B0044,97,2.0954545454545452,6.489906053843624,10.614675024239112,0,280,0,0,51.36923603059821,2200,1.3972667497450315,4,0.01667654697487153,0.8660714285714286,6.559181497377237,279.8,0.0,0.0,COLD4C_multiload
B0044,98,2.116704805491991,6.537753970021333,10.78731375840829,0,281,0,0,50.8829880869,2185,1.3865375876825874,4,0.01072916206244412,0.875,6.54498498549183,279.6,0.0,0.0,COLD4C_multiload
B0044,99,2.156998158379374,6.430758545597956,10.646148713943534,0,285,0,0,50.211782553428804,2172,1.3724753685724698,4,0.014062219110117624,0.8839285714285714,6.526884588643924,279.6,0.0,0.0,COLD4C_multiload
B0044,100,2.144511347846225,6.487086521266191,10.149343674038578,0,282,0,0,50.12028918899732,2159,1.3598593948812812,4,0.012615973691188609,0.8928571428571429,6.508567640645718,280.6,0.0,0.0,COLD4C_multiload
B0044,101,2.1695469406819243,6.478430919018927,10.269672545542075,0,283,0,0,49.61461287485124,2141,1.3486733410392264,4,0.011186053842054733,0.9017857142857143,6.497393452705715,281.2,0.0,0.0,COLD4C_multiload
B0044,102,2.1861777150916786,6.428483359503374,10.511836729394169,0,284,0,0,49.17121887414591,2127,1.3334258933205057,4,0.015247447718720775,0.9107142857142857,6.484787201949606,282.2,0.0,0.0,COLD4C_multiload
B0044,103,2.1773049645390072,6.439481409377927,11.2498423901219,0,281,0,0,48.79747134837283,2115,1.3387793081075827,4,-0.005353414787077071,0.9196428571428571,6.472502663081556,283.0,0.0,0.0,COLD4C_multiload
B0044,104,2.2093023255813953,6.456053662296626,10.478668312226782,0,285,0,0,48.39486529441595,2107,1.3153320403016997,4,0.02344726780588302,0.9285714285714286,6.452848150952875,283.0,0.0,0.0,COLD4C_multiload
B0044,105,2.176498572787821,6.473973444142654,11.276068425006786,0,279,0,0,48.37078305190339,2102,1.322963328110081,4,-0.007631287808381293,0.9375,6.457907174292609,283.0,0.0,0.0,COLD4C_multiload
B0044,106,2.1678657074340526,6.489486465719112,11.18488048040138,0,276,0,0,48.255630804321974,2085,1.3086991524155074,4,0.014264175694573611,0.9464285714285714,6.455284558867902,282.4,0.0,0.0,COLD4C_multiload
B0044,107,2.1921776919362626,6.545013262240223,10.572845919227095,0,278,0,0,47.791451099023554,2071,1.2897499583900436,4,0.0189491940254638,0.9553571428571429,6.4574956682079385,281.0,0.0,0.0,COLD4C_multiload
B0044,108,2.2143898881866795,6.572369299810368,11.286420953867148,0,279,0,0,47.37275475354998,2057,1.2906172590904164,4,-0.0008673007003727751,0.9642857142857143,6.480801648755308,279.8,0.0,0.0,COLD4C_multiload
B0044,109,2.26806640625,6.477940638653757,10.532008688910055,0,285,0,0,46.82934256604986,2048,1.2752011253442166,4,0.015416133746199767,0.9732142857142857,6.507379226841796,279.4,0.0,0.0,COLD4C_multiload
B0044,110,2.2486512996566943,6.498680531782675,10.49676940873906,0,281,0,0,46.86993170148933,2039,1.268607265737458,4,0.006593859606758512,0.9821428571428571,6.511756622113222,279.4,0.0,0.0,COLD4C_multiload
B0044,111,2.2626112759643915,6.504183899631909,10.219372011443095,0,281,0,0,46.507438167856385,2022,1.2565759973225976,4,0.012031268414860463,0.9910714285714286,6.516698039641227,279.8,0.0,0.0,COLD4C_multiload
B0044,112,2.2720478325859492,6.467283897495067,10.307592528834146,0,280,0,0,46.159008899051436,2007,1.2486254509320869,4,0.007950546390510738,1.0,6.519637526423788,280.8,0.0,0.0,COLD4C_multiload
B0045,3,3.2427802251590796,6.927300491301682,16.190453016227536,0,425,0,0,37.24073166712509,2043,0.885193608411576,4,0.04275879633669699,0.041666666666666664,8.257079445471277,335.5,0.0,0.0,COLD4C_1A
B0045,4,3.3407297830374754,6.7816676823340165,16.44564599364816,0,435,0,0,35.99369257001657,2028,0.8581010699478283,4,0.027092538463747706,0.05555555555555555,7.813819794081412,365.3333333333333,0.0,0.0,COLD4C_1A
B0045,5,3.397913561847988,6.789902136824103,16.652821920677077,0,440,0,0,35.1660348625335,2013,0.8409352213456689,4,0.017165848602159417,0.06944444444444445,7.555781766144563,382.75,0.0,0.0,COLD4C_1A
B0045,6,3.4482758620689653,6.737515187990852,16.626045153527933,0,444,0,0,34.50809523908582,2001,0.8245471942901911,4,0.016388027055477816,0.08333333333333333,7.40260584028047,394.2,0.0,0.0,COLD4C_1A
B0045,7,3.5491967871485945,6.861699764148769,16.231693733501764,0,456,0,0,33.60664123013988,1992,0.7935960418803983,4,0.030951152409792737,0.09722222222222222,6.853065447327225,432.6,0.0,0.0,COLD4C_1A
B0045,8,3.49234693877551,6.977183257351727,16.185673883928935,0,441,0,0,34.05842081212486,1960,0.8183676087159205,4,-0.024771566835522174,0.1111111111111111,6.819617052519885,440.0,0.0,0.0,COLD4C_1A
B0045,9,3.516260162601626,7.047380072359684,16.52621032903044,0,446,0,0,33.66631988867986,1968,0.7977644276409412,4,0.02060318107497927,0.125,6.829593605729893,443.2,0.0,0.0,COLD4C_1A
B0045,10,3.534218590398366,6.952869870257035,15.196414604557985,0,446,0,0,33.18299594176469,1958,0.7993777411831636,4,-0.0016133135422223832,0.1388888888888889,6.882736083735027,445.4,0.0,0.0,COLD4C_1A
B0045,11,3.5739979445015417,6.990835226810047,16.354435553014117,0,449,0,0,32.744870332885604,1946,0.7783107440628891,4,0.02106699712027449,0.1527777777777778,6.9153296304216125,446.6,0.0,0.0,COLD4C_1A
B0045,12,3.577319587628866,6.9450522283300415,15.57016420519042,0,448,0,0,32.44683377275462,1940,0.7803738231239117,4,-0.0020630790610225436,0.16666666666666666,6.965993638185452,447.6,0.0,0.0,COLD4C_1A
B0045,13,3.6604842864502833,6.90736191378424,16.481904111846188,0,459,0,0,31.90199741998301,1941,0.7713058245640294,4,0.009067998559882273,0.18055555555555555,6.982664131021707,446.0,0.0,0.0,COLD4C_1A
B0045,14,3.4893947232281426,6.961868980759995,16.686364651804713,0,435,0,0,33.94892411327431,1933,0.795279016979026,4,-0.023973192414996625,0.19444444444444445,6.968699862308211,449.6,0.0,0.0,COLD4C_1A
B0045,15,3.5360125260960333,6.946775507185292,16.527315358470222,0,437,0,0,33.188095895904176,1916,0.7824128169919247,4,0.012866199987101368,0.20833333333333334,6.951597643988272,447.4,0.0,0.0,COLD4C_1A
B0045,16,3.5740546218487395,6.917350690984234,16.325076195754107,0,439,0,0,32.59175965223025,1904,0.7649414992231182,4,0.017471317768806505,0.2222222222222222,6.950378771373923,445.6,0.0,0.0,COLD4C_1A
B0045,17,3.615506329113924,6.920589912847137,16.18780234880546,0,443,0,0,32.08301298325455,1896,0.7544899426779375,4,0.010451556545180707,0.2361111111111111,6.93568186420876,443.6,0.0,0.0,COLD4C_1A
B0045,18,3.6286472148541113,6.903027193360675,16.54868871782283,0,442,0,0,31.72943079378881,1885,0.7504048978314295,4,0.004085044846507957,0.25,6.930789401112179,442.6,0.0,0.0,COLD4C_1A
B0045,19,3.6919380672717566,6.78330671764691,15.893386512216576,0,447,0,0,31.24283592411715,1873,0.7407258109620256,4,0.009679086869403886,0.2638888888888889,6.929922457027468,439.2,0.0,0.0,COLD4C_1A
B0045,21,3.8550026752273943,6.793774080648782,16.273556126855052,0,467,0,0,27.306068911653114,1869,0.7308525593793626,4,0.009873251582663056,0.2916666666666667,6.89421000440485,441.6,0.0,0.0,COLD4C_1A
B0045,22,3.750676041103299,6.771464647842404,16.57769275391533,0,449,0,0,30.487760762696098,1849,0.7287255851177903,4,0.0021269742615722675,0.3055555555555556,6.863609719097548,447.6,0.0,0.0,COLD4C_1A
B0045,23,3.7079261672095547,6.91354095764669,16.451931737613187,0,442,0,0,30.732654722016974,1842,0.7161023377036263,4,0.012623247414163985,0.3194444444444444,6.834432510469182,449.6,0.0,0.0,COLD4C_1A
B0045,24,3.7711171662125342,6.784091916691058,16.660404158556567,0,448,0,0,30.29541928119986,1835,0.7129204834988017,4,0.003181854204824641,0.3333333333333333,6.833022719429093,449.4,0.0,0.0,COLD4C_1A
B0045,25,3.7156970362239297,6.839684126649571,16.192781213892964,0,438,0,0,30.60405857406918,1822,0.7141991829499618,4,-0.0012786994511601035,0.3472222222222222,6.809235664095169,450.6,0.0,0.0,COLD4C_1A
B0045,26,3.7300275482093666,6.779648951085872,14.742856005940368,0,438,0,0,30.43782366460307,1815,0.7190570819844222,4,-0.004857899034460433,0.3611111111111111,6.820511145895702,448.8,0.0,0.0,COLD4C_1A
B0045,27,3.7215751525235716,6.7243867519913625,14.693521549329,0,434,0,0,30.27613539580722,1803,0.7173975428775917,4,0.0016595391068304766,0.375,6.81768611998312,443.0,0.0,0.0,COLD4C_1A
B0045,28,3.7486064659977703,6.787523308104811,15.86983818237976,0,435,0,0,30.05248961849285,1794,0.7071027496463946,4,0.010294793231197086,0.3888888888888889,6.80827054081291,440.0,0.0,0.0,COLD4C_1A
B0045,29,3.7933930571108623,6.738158171686288,14.829662137922766,0,439,0,0,29.769612340765338,1786,0.703531206505542,4,0.0035715431408526177,0.4027777777777778,6.783067010904536,438.6,0.0,0.0,COLD4C_1A
B0045,30,3.770399549803039,6.771806674000539,15.906462051621896,0,434,0,0,29.937217517464834,1777,0.6941108278958862,4,0.009420378609655833,0.4166666666666667,6.773880261903581,436.8,0.0,0.0,COLD4C_1A
B0045,31,3.793884484711212,6.7654121593351295,16.353770501511462,0,434,0,0,29.8001414188971,1766,0.6914114388869608,4,0.0026993890089254124,0.4305555555555556,6.760304771373773,436.0,0.0,0.0,COLD4C_1A
B0045,32,3.7684869169510806,6.801497534473002,15.076528277493722,0,429,0,0,29.863485952375754,1758,0.6971551798505504,4,-0.00574374096358965,0.4444444444444444,6.757457413023626,435.2,0.0,0.0,COLD4C_1A
B0045,33,3.781392694063927,6.834667703769731,16.045850353764667,0,429,0,0,29.710604032231377,1752,0.6832460217432723,4,0.013909158107278108,0.4583333333333333,6.7728795695199535,434.2,0.0,0.0,COLD4C_1A
B0045,34,3.9113132461625923,6.828067171141637,16.24823467681854,0,446,0,0,29.131291148817457,1759,0.6822029317493292,4,0.0010430899939430915,0.4722222222222222,6.782308448652938,433.0,0.0,0.0,COLD4C_1A
B0045,35,3.6613726602382304,6.913059697445713,15.761879553141288,0,417,0,0,31.27958091330932,1763,0.7289529213213379,4,-0.04674998957200871,0.4861111111111111,6.800290248544007,434.4,0.0,0.0,COLD4C_1A
B0045,36,3.6956521739130435,6.821430201195563,16.349393593197068,0,418,0,0,30.749436693279645,1748,0.7139321758287004,4,0.015020745492637544,0.5,6.828540853233042,431.0,0.0,0.0,COLD4C_1A
B0045,37,3.8145612943372744,6.802765502991581,16.22246271510604,0,396,0,0,30.426784454191115,1607,0.6957731747455482,4,0.01815900108315216,0.5138888888888888,6.839744461605131,427.8,0.0,0.0,COLD4C_1A
B0045,38,3.755787037037037,6.7930376382204924,14.780023826016944,0,420,0,0,30.09402044742869,1728,0.7018312962317095,4,-0.00605812148616125,0.5277777777777778,6.839998055308845,421.2,0.0,0.0,COLD4C_1A
B0045,39,3.771112405358183,6.804215779984281,16.357147782799643,0,419,0,0,29.798188186386042,1717,0.6911808244378487,4,0.010650471793860805,0.5416666666666666,6.831672042198997,419.4,0.0,0.0,COLD4C_1A
B0045,40,3.8326506729081333,6.792570192444351,15.304013119865168,0,424,0,0,29.50777156110128,1709,0.6843279752855028,4,0.006852849152345852,0.5555555555555556,6.826901763967525,414.0,0.0,0.0,COLD4C_1A
B0045,41,3.8140082401412596,6.7712876638904245,16.298057069520368,0,420,0,0,29.449681153239425,1699,0.6741394908812485,4,0.01018848440425435,0.5694444444444444,6.802803862967254,415.4,0.0,0.0,COLD4C_1A
B0045,42,3.8252656434474614,6.68385356980861,15.088230300481198,0,420,0,0,29.343679355201118,1694,0.6670070174301739,4,0.007132473451074595,0.5833333333333334,6.792775355506225,415.8,0.0,0.0,COLD4C_1A
B0045,43,3.816884661117717,6.734165865302228,15.201775291002932,0,416,0,0,29.22202497253225,1682,0.6804085117374855,4,-0.013401494307311634,0.5972222222222222,6.768992968869632,420.6,0.0,0.0,COLD4C_1A
B0045,44,3.857398568019093,6.769979966441109,15.820509282900383,0,419,0,0,29.001725798732668,1676,0.6617864063235485,4,0.01862210541393705,0.6111111111111112,6.757218614285979,419.8,0.0,0.0,COLD4C_1A
B0045,45,3.9005392450569203,6.786335549447835,15.58071439830652,0,422,0,0,28.699059389560837,1669,0.6623168733492338,4,-0.0005304670256853772,0.625,6.750371451577344,419.8,0.0,0.0,COLD4C_1A
B0045,46,3.810110974106042,6.777917878268907,14.525034072927795,0,400,0,0,29.252534789168877,1622,0.6679358357181778,4,-0.005618962368943992,0.6388888888888888,6.749124522978041,419.4,0.0,0.0,COLD4C_1A
B0045,47,3.8795180722891565,6.746704074627668,16.256345838594637,0,418,0,0,28.774258699968996,1660,0.6488990885270688,4,0.019036747191109038,0.6527777777777778,6.750450565853737,415.4,0.0,0.0,COLD4C_1A
B0045,48,3.891580860084797,6.753247265271019,15.916519503570711,0,417,0,0,28.748201414012062,1651,0.6503639129625527,4,-0.0014648244354839024,0.6666666666666666,6.763020666817549,415.0,0.0,0.0,COLD4C_1A
B0045,49,3.8553113553113554,6.725490610218774,15.322696472607957,0,409,0,0,28.77044709689093,1638,0.6572077690202801,4,-0.0068438560577274155,0.6805555555555556,6.766836946811307,415.2,0.0,0.0,COLD4C_1A
B0045,50,3.996845425867508,6.743943275243261,16.435471374813734,0,411,0,0,28.161910883454727,1585,0.6363517458476216,4,0.020856023172658555,0.6944444444444444,6.757939075566841,413.2,0.0,0.0,COLD4C_1A
B0045,51,3.88412017167382,6.76741291633611,14.7528730574534,0,411,0,0,28.69270618348907,1631,0.6536449360948587,4,-0.01729319024723719,0.7083333333333334,6.749460620725927,411.0,0.0,0.0,COLD4C_1A
B0045,52,3.886838868388684,6.7652945282012,16.57328291132994,0,410,0,0,28.529288486310307,1626,0.6391428272150887,4,0.014502108879769993,0.7222222222222222,6.747359628339366,413.2,0.0,0.0,COLD4C_1A
B0045,53,3.899196042053185,6.6915998642525425,14.528444176948046,0,409,0,0,28.5637582506933,1617,0.6482206049496236,4,-0.009077777734534886,0.7361111111111112,6.751077719054072,411.6,0.0,0.0,COLD4C_1A
B0045,54,3.58974358974359,6.728059665226146,15.828293567742277,0,362,0,0,29.12061894470503,1560,0.6287957471922729,4,0.0194248577573507,0.75,6.738748238850377,410.0,0.0,0.0,COLD4C_1A
B0045,55,4.166666666666667,6.744094689468436,15.05093934814998,0,442,0,0,27.53116058505817,1632,0.6380571850193401,4,-0.00926143782706712,0.7638888888888888,6.7392620498518525,400.6,0.0,0.0,COLD4C_1A
B0045,56,3.8499384993849937,6.895747966326129,16.878888140585346,0,406,0,0,29.594729191941976,1626,0.6554825047832906,4,-0.017425319763950564,0.7777777777777778,6.739292332696887,406.8,0.0,0.0,COLD4C_1A
B0045,57,3.868974042027194,6.855318773348162,16.752865016509336,0,406,0,0,29.253281522177325,1618,0.6484934835397033,4,0.006989021243587357,0.7916666666666666,6.764959342694891,405.8,0.0,0.0,COLD4C_1A
B0045,58,3.892679900744417,6.8475284546996855,16.630725230629476,0,407,0,0,28.9569587172481,1612,0.6454071687844921,4,0.0030863147552111503,0.8055555555555556,6.782964191724282,405.0,0.0,0.0,COLD4C_1A
B0045,59,3.9190031152647977,6.954817777082029,15.270710849004711,0,408,0,0,28.697347963199384,1605,0.6427008031845645,4,0.0027063655999276515,0.8194444444444444,6.814149909813712,404.6,0.0,0.0,COLD4C_1A
B0045,60,3.950501253132832,7.079989392677609,16.438070093673065,0,409,0,0,28.461165590360103,1596,0.6352454880802477,4,0.00745531510431674,0.8333333333333334,6.859501532184888,413.8,0.0,0.0,COLD4C_1A
B0045,61,4.056010069225929,7.031886486580691,15.659914658719188,0,419,0,0,27.956224471240585,1589,0.6156760019587869,4,0.01956948612146081,0.8472222222222222,6.926680472826723,407.2,0.0,0.0,COLD4C_1A
B0045,62,3.9918341708542715,7.032031670583406,15.265721279585906,0,413,0,0,28.177582987739495,1592,0.6170833682807023,4,-0.0014073663219154042,0.8611111111111112,6.953908176877635,409.8,0.0,0.0,COLD4C_1A
B0045,63,3.9260897030953883,6.997198157639502,15.459947276103474,0,403,0,0,28.687956548055794,1583,0.6434227390858672,4,-0.026339370805164908,0.875,6.989250756324684,411.2,0.0,0.0,COLD4C_1A
B0045,64,3.9688096753660087,6.985714260169964,16.472719613709117,0,405,0,0,28.186919081900598,1571,0.6278124433742752,4,0.015610295711592004,0.8888888888888888,7.019184696912648,410.4,0.0,0.0,COLD4C_1A
B0045,65,3.976982097186701,6.970445935186305,15.321947787344948,0,404,0,0,28.160742753369927,1564,0.6290078315253372,4,-0.0011953881510620157,0.9027777777777778,7.0253639935302346,409.8,0.0,0.0,COLD4C_1A
B0045,67,4.990524320909665,6.87448081547358,15.469187485474004,0,516,0,0,22.928957486302725,1583,0.6266355568292261,4,0.0023722746961111207,0.9305555555555556,7.003455302031973,408.8,0.0,0.0,COLD4C_1A
B0045,68,3.944515306122449,7.011403382439276,15.90915813248566,0,401,0,0,28.8086559441247,1568,0.6495813516716594,4,-0.02294579484243331,0.9444444444444444,6.9719741678105525,428.2,0.0,0.0,COLD4C_1A
B0045,69,3.9532650448143407,7.033948339286624,16.128312311530546,0,401,0,0,28.50337757376465,1562,0.6337485177966306,4,0.015832833875028873,0.9583333333333334,6.967848510181726,425.8,0.0,0.0,COLD4C_1A
B0045,70,4.005810200129115,7.005533040671196,15.803292200329722,0,403,0,0,28.142736513004227,1549,0.6298550929085645,4,0.0038934248880660993,0.9722222222222222,6.97519854651115,425.4,0.0,0.0,COLD4C_1A
B0045,71,4.040077569489334,6.981224576207625,15.46350630780127,0,406,0,0,27.819740276408623,1547,0.6183063778386736,4,0.011548715069890858,0.9861111111111112,6.979162302611397,425.0,0.0,0.0,COLD4C_1A
B0045,72,4.077922077922078,6.988930768004843,16.26952559815265,0,408,0,0,27.665452010620616,1540,0.6069476168507777,4,0.0113587609878959,1.0,6.98131803081566,425.4,0.0,0.0,COLD4C_1A
B0046,3,2.0190895741556534,7.177125721275244,13.359691095670462,0,247,0,0,56.59019775224028,2043,1.503121190703977,4,0.013027656088337336,0.041666666666666664,8.053805279237821,181.0,0.0,0.0,COLD4C_1A
B0046,4,2.026627218934911,7.05753671694333,12.683911154117247,0,246,0,0,56.03209921542162,2028,1.48586566102824,4,0.01725552967573707,0.05555555555555555,7.761578759916962,203.0,0.0,0.0,COLD4C_1A
B0046,5,2.0367610531544957,7.084718180536728,13.065399804685724,0,246,0,0,55.644271926129434,2013,1.4694562316392716,4,0.016409429388968277,0.06944444444444445,7.585568249173554,213.75,0.0,0.0,COLD4C_1A
B0046,6,2.033983008495752,7.069638350385679,12.802479603911388,0,244,0,0,55.352977014942034,2001,1.458955459264481,4,0.010500772374790746,0.08333333333333333,7.485398235446189,220.2,0.0,0.0,COLD4C_1A
B0046,7,2.0356425702811247,6.9793853718098475,13.585554405586658,0,243,0,0,54.851226720761986,1992,1.4556853555098297,4,0.003270103754651199,0.09722222222222222,7.092147512662892,246.6,0.0,0.0,COLD4C_1A
B0046,8,2.0331632653061225,7.089516426771685,13.94301293338268,0,239,0,0,55.18794035036325,1960,1.456232262380321,4,-0.0005469068704913038,0.1111111111111111,7.073680868190166,245.2,0.0,0.0,COLD4C_1A
B0046,9,2.032520325203252,7.328855570547366,13.40326392967572,0,240,0,0,54.90767510047412,1968,1.4440592236675138,4,0.012173038712807172,0.125,7.056159009289454,243.6,0.0,0.0,COLD4C_1A
B0046,10,2.0429009193054135,7.269688203058674,14.086951683642924,0,240,0,0,54.343760493383144,1958,1.428294264765868,4,0.015764958901645754,0.1388888888888889,7.110422780010262,242.4,0.0,0.0,COLD4C_1A
B0046,11,2.027235354573484,7.323666404150508,13.556085797321904,0,237,0,0,54.09446994012993,1946,1.4199848948034668,4,0.00830936996240128,0.1527777777777778,7.1474167845146495,241.2,0.0,0.0,COLD4C_1A
B0046,12,2.0412371134020617,7.267848289945088,14.173291675329546,0,238,0,0,53.680316354933815,1940,1.4043226018516568,4,0.015662292951809986,0.16666666666666666,7.198222395267615,239.8,0.0,0.0,COLD4C_1A
B0046,13,2.0401854714064913,7.041165460038416,13.959348125513564,0,238,0,0,53.09689755330832,1941,1.4234351301615986,4,-0.019112528309941812,0.18055555555555555,7.255914978894664,238.8,0.0,0.0,COLD4C_1A
B0046,14,2.040869115364718,7.060731898549967,13.523198161538613,0,237,0,0,54.785848220755845,1933,1.4339948857967295,4,-0.010559755635130896,0.19444444444444445,7.2462447855480105,238.6,0.0,0.0,COLD4C_1A
B0046,15,2.0433194154488517,7.272568629702454,13.750234723504356,0,235,0,0,54.26256883209058,1916,1.4185177047756572,4,0.015477181021072317,0.20833333333333334,7.1926200511485305,238.0,0.0,0.0,COLD4C_1A
B0046,16,2.019432773109244,7.270121346230199,13.400973711086476,0,231,0,0,53.80233504761431,1904,1.4056313337829422,4,0.012886370992714946,0.2222222222222222,7.193196136477286,237.0,0.0,0.0,COLD4C_1A
B0046,17,2.0358649789029535,7.294609640131158,13.648707282364962,0,232,0,0,53.26472245606653,1896,1.3890214025155618,4,0.016609931267380418,0.2361111111111111,7.182487124893226,235.8,0.0,0.0,COLD4C_1A
B0046,18,2.0344827586206895,7.295961643593179,13.959820884900516,0,231,0,0,52.868558884223965,1885,1.3723339082737365,4,0.016687494241825362,0.25,7.187839394930438,234.6,0.0,0.0,COLD4C_1A
B0046,19,2.0395088093966898,6.970254330346048,14.349640095291218,0,230,0,0,52.1528395475181,1873,1.3615778905990563,4,0.010756017674680152,0.2638888888888889,7.238798631641392,233.2,0.0,0.0,COLD4C_1A
B0046,21,2.3943285179240235,6.5899494128613805,13.720010432160604,0,273,0,0,33.6516124831354,1869,1.4100282016237429,4,-0.048450311024686554,0.2916666666666667,7.220703118000609,231.8,0.0,0.0,COLD4C_1A
B0046,22,2.0443482963764197,7.194566055003628,14.214578668306734,0,228,0,0,51.582752913315915,1849,1.3395671374926488,4,0.0704610641310941,0.3055555555555556,7.084179274632393,239.4,0.0,0.0,COLD4C_1A
B0046,23,2.035830618892508,7.316678396721389,13.7206185074268,0,226,0,0,51.43848086416828,1842,1.3291515487117478,4,0.010415588780900986,0.3194444444444444,7.069068216387079,238.8,0.0,0.0,COLD4C_1A
B0046,24,2.0599455040871937,6.975058050625233,14.307049577086085,0,228,0,0,50.7073533505864,1835,1.3181687033905718,4,0.010982845321175994,0.3333333333333333,7.073481967705125,237.6,0.0,0.0,COLD4C_1A
B0046,25,2.027991218441273,7.251916134224711,13.73206507015365,0,223,0,0,51.00938206136273,1822,1.312423708466101,4,0.005744994924470781,0.3472222222222222,7.009301249111536,237.0,0.0,0.0,COLD4C_1A
B0046,26,2.044077134986226,7.221943482654986,14.550153842364988,0,224,0,0,50.497309576550336,1815,1.2993237532162487,4,0.013099955249852302,0.3611111111111111,7.065633609887269,235.6,0.0,0.0,COLD4C_1A
B0046,27,2.0493621741541874,7.161000782761566,14.437029519118854,0,223,0,0,50.21162091013857,1803,1.2877483042174591,4,0.011575448998789595,0.375,7.19203242384599,225.8,0.0,0.0,COLD4C_1A
B0046,28,2.028985507246377,7.213786895988013,14.364000921258654,0,220,0,0,49.87702009928991,1794,1.2865282739749122,4,0.00122003024254691,0.3888888888888889,7.185319369397577,224.8,0.0,0.0,COLD4C_1A
B0046,29,2.096864501679731,6.948373773161385,14.693349843683665,0,227,0,0,49.146182269671236,1786,1.2719636386987183,4,0.014564635276193894,0.4027777777777778,7.164741069250901,223.6,0.0,0.0,COLD4C_1A
B0046,30,2.031513787281936,7.193051729949436,14.124511703888349,0,218,0,0,49.62509816696783,1777,1.2714495345417192,4,0.0005141041569991511,0.4166666666666667,7.159404213758132,223.4,0.0,0.0,COLD4C_1A
B0046,31,2.035673839184598,7.175494645941771,13.779152574880364,0,217,0,0,49.11779734489027,1766,1.2615423884659074,4,0.009907146075811779,0.4305555555555556,7.147631332903077,222.4,0.0,0.0,COLD4C_1A
B0046,32,2.04778156996587,7.214168993486064,14.383739114376208,0,218,0,0,48.761792411238346,1758,1.2421201619204132,4,0.019422226545494192,0.4444444444444444,7.138341565560434,221.0,0.0,0.0,COLD4C_1A
B0046,33,2.0547945205479454,7.233080258120365,14.589504036127655,0,218,0,0,48.48629736712236,1752,1.2402537441669796,4,0.0018664177534335469,0.4583333333333333,7.148975207705334,220.0,0.0,0.0,COLD4C_1A
B0046,34,2.1375781694144402,7.023640764243947,13.891154624298236,0,228,0,0,47.74485998588554,1759,1.2851130012242886,4,-0.04485925705730898,0.4722222222222222,7.152833880131804,219.6,0.0,0.0,COLD4C_1A
B0046,35,2.073170731707317,7.1166405104073,14.673096336965486,0,221,0,0,50.688035116720336,1763,1.3043327841699193,4,-0.019219782945630648,0.4861111111111111,7.167887278348317,219.8,0.0,0.0,COLD4C_1A
B0046,36,2.0480549199084668,7.21712806773596,13.896967367053858,0,216,0,0,50.345988962228695,1748,1.2778639041619957,4,0.02646888000792358,0.5,7.1526050344398895,220.4,0.0,0.0,COLD4C_1A
B0046,37,2.072184194150591,7.188761536915472,13.908543615362126,0,200,0,0,49.69747738364291,1607,1.272346459165154,4,0.005517444996841592,0.5138888888888888,7.160931718798727,220.2,0.0,0.0,COLD4C_1A
B0046,38,2.0572916666666665,7.2447016015819505,14.617560660341365,0,215,0,0,49.133150587412864,1728,1.2477883952768762,4,0.02455806388827786,0.5277777777777778,7.155850227484609,216.6,0.0,0.0,COLD4C_1A
B0046,39,2.055911473500291,7.214309516658654,14.288124170416689,0,214,0,0,48.772316743248155,1717,1.2352499196655526,4,0.012538475611323596,0.5416666666666666,7.158174496176926,216.0,0.0,0.0,COLD4C_1A
B0046,40,2.1181977764774724,6.988013820350719,14.875868929885128,0,220,0,0,47.805540177027595,1709,1.229251291851949,4,0.0059986278136037186,0.5555555555555556,7.196308246659868,213.2,0.0,0.0,COLD4C_1A
B0046,41,2.0512065921130076,7.18617762654645,14.402615524029676,0,211,0,0,48.33302675829815,1699,1.223890910501634,4,0.005360381350314913,0.5694444444444444,7.170582908648551,213.0,0.0,0.0,COLD4C_1A
B0046,42,2.0602125147579695,7.1054047319571625,14.631961684725407,0,212,0,0,47.68184435868457,1694,1.205423323571373,4,0.01846758693026107,0.5833333333333334,7.164392820410649,212.0,0.0,0.0,COLD4C_1A
B0046,43,2.0838287752675386,7.166649148585725,14.768164211079869,0,213,0,0,47.29197737579628,1682,1.1957824090008151,4,0.009640914570557824,0.5972222222222222,7.147721459418987,214.4,0.0,0.0,COLD4C_1A
B0046,44,2.0823389021479715,7.180056269630089,15.037938036453404,0,212,0,0,47.10162723819884,1676,1.190072949669846,4,0.005709459330969224,0.6111111111111112,7.132110968819743,214.0,0.0,0.0,COLD4C_1A
B0046,45,2.180946674655482,6.946226078024474,14.290141125898849,0,222,0,0,46.20358585058708,1669,1.179201763233652,4,0.010871186436193891,0.625,7.125260319414029,213.6,0.0,0.0,COLD4C_1A
B0046,46,2.0807644882860665,7.164975824032076,13.996450231420782,0,205,0,0,46.94458463886196,1622,1.169504032514554,4,0.009697730719097963,0.6388888888888888,7.116902770948781,214.0,0.0,0.0,COLD4C_1A
B0046,47,2.0873493975903616,7.14354724244973,14.935082428364884,0,211,0,0,46.27603241804757,1660,1.16772376849918,4,0.0017802640153741223,0.6527777777777778,7.112662410445905,212.8,0.0,0.0,COLD4C_1A
B0046,48,2.107813446396124,7.181997233512288,14.99164974108056,0,212,0,0,46.11675887468023,1651,1.1579256145829042,4,0.009798153916275698,0.6666666666666666,7.120290912544419,212.6,0.0,0.0,COLD4C_1A
B0046,49,2.097069597069597,7.171996354229443,14.811846373564524,0,209,0,0,45.92312592214128,1638,1.1499812813376982,4,0.007944333245206048,0.6805555555555556,7.123360529529731,212.4,0.0,0.0,COLD4C_1A
B0046,50,2.2334384858044163,6.920133631217397,14.247555903096725,0,216,0,0,44.9919685136912,1585,1.150285902223034,4,-0.0003046208853358934,0.6944444444444444,7.121748546449602,211.8,0.0,0.0,COLD4C_1A
B0046,51,2.0999386879215205,7.18606987724244,14.332240013732582,0,209,0,0,45.73243687067362,1631,1.1349452274085248,4,0.015340674814509292,0.7083333333333334,7.116530057088187,210.6,0.0,0.0,COLD4C_1A
B0046,52,2.097170971709717,7.159092774269528,14.276871638701772,0,208,0,0,45.3499624644986,1626,1.1380960963513609,4,-0.003150868942836116,0.7222222222222222,7.120748867730259,211.4,0.0,0.0,COLD4C_1A
B0046,53,2.108843537414966,7.1187346362245645,13.777310967702926,0,208,0,0,45.03868753881601,1617,1.123711172150547,4,0.014384924200813831,0.7361111111111112,7.123857974094219,210.8,0.0,0.0,COLD4C_1A
B0046,55,2.4325980392156863,6.818675223599939,14.96165525093106,0,244,0,0,40.43290786584038,1632,1.214119211354098,4,-0.0904080392035509,0.7638888888888888,7.111205454636675,210.0,0.0,0.0,COLD4C_1A
B0046,56,2.146371463714637,7.047047398260832,14.622124863653871,0,212,0,0,47.44858402043366,1626,1.211944797522819,4,0.0021744138312789207,0.7777777777777778,7.040541228510774,217.0,0.0,0.0,COLD4C_1A
B0046,57,2.0673671199011125,7.253047657104862,14.181162993443126,0,203,0,0,47.58228211315418,1618,1.1971248679331925,4,0.014819929589626524,0.7916666666666666,7.065923981919461,216.2,0.0,0.0,COLD4C_1A
B0046,58,2.075062034739454,7.288131308084556,13.989284902759552,0,203,0,0,46.95273001629136,1612,1.1822892151870987,4,0.014835652746093775,0.8055555555555556,7.079319537891945,215.0,0.0,0.0,COLD4C_1A
B0046,59,2.102803738317757,7.454364978801121,15.042601535042603,0,205,0,0,46.49833592090716,1605,1.1645336676778395,4,0.01775554750925923,0.8194444444444444,7.10512724465495,214.0,0.0,0.0,COLD4C_1A
B0046,60,2.1083959899749374,7.582881043319738,15.027421071078606,0,205,0,0,46.27314191619267,1596,1.1535559567518647,4,0.01097771092597477,0.8333333333333334,7.172253313170262,213.4,0.0,0.0,COLD4C_1A
B0046,61,2.221522970421649,7.300148224345177,14.577396723095212,0,216,0,0,45.29836931289881,1589,1.1601987101282063,4,-0.00664275337634157,0.8472222222222222,7.325094477114222,205.6,0.0,0.0,COLD4C_1A
B0046,62,2.19535175879397,7.3217965868510095,15.36587842843583,0,213,0,0,46.41837689802058,1592,1.1711716308206082,4,-0.010972920692401855,0.8611111111111112,7.375714642331092,206.4,0.0,0.0,COLD4C_1A
B0046,63,2.1067593177511057,7.511356845291349,15.29268403662172,0,203,0,0,46.48948963389795,1583,1.1563410270783216,4,0.014830603742286508,0.875,7.38946442828032,208.4,0.0,0.0,COLD4C_1A
B0046,64,2.1037555697008274,7.4754475489799175,14.698902260428524,0,201,0,0,45.93635627610246,1571,1.141082456193516,4,0.015258570884805644,0.8888888888888888,7.434109535721679,208.4,0.0,0.0,COLD4C_1A
B0046,65,2.1323529411764706,7.462916482876533,15.066788669768552,0,203,0,0,45.47890443191631,1564,1.1352383596118123,4,0.005844096581703706,0.9027777777777778,7.438326049757438,207.6,0.0,0.0,COLD4C_1A
B0046,67,3.3986102337334176,6.88398809719955,14.884443210062466,0,338,0,0,29.34600558335147,1583,1.2530847858282803,4,-0.11784642621646801,0.9305555555555556,7.414333137668796,207.2,0.0,0.0,COLD4C_1A
B0046,68,2.1619897959183674,7.279585999394434,14.454392118638458,0,206,0,0,47.39028221721911,1568,1.2050453590356518,4,0.048039426792628515,0.9444444444444444,7.331101112239672,231.6,0.0,0.0,COLD4C_1A
B0046,69,2.0742637644046096,7.536985557430794,14.172939173239188,0,196,0,0,47.47336896252632,1562,1.19119860196273,4,0.013846757072921712,0.9583333333333334,7.322658994748356,230.2,0.0,0.0,COLD4C_1A
B0046,70,2.1045836023240803,7.523049917327275,14.797843662102167,0,198,0,0,46.77919341225512,1549,1.17463817374538,4,0.016560428217350154,0.9722222222222222,7.327784737176245,228.8,0.0,0.0,COLD4C_1A
B0046,71,2.0976082740788624,7.5057817481720255,14.86814851282613,0,197,0,0,46.443404577043786,1547,1.1555432048235512,4,0.019094968921828714,0.9861111111111112,7.3373052108457175,228.2,0.0,0.0,COLD4C_1A
B0046,72,2.107142857142857,7.4944879685351555,14.316772010775503,0,197,0,0,46.078094847930146,1540,1.1538041170229467,4,0.0017390878006044996,1.0,7.345878263904815,227.0,0.0,0.0,COLD4C_1A
B0047,3,2.009300048947626,6.7339810188325675,11.624528187721143,0,245,0,0,56.45761642776432,2043,1.5080762969973425,4,0.01628991351256004,0.041666666666666664,7.4779102994310875,182.5,0.0,0.0,COLD4C_1A
B0047,4,2.019230769230769,6.619692339996345,11.0929238810592,0,245,0,0,55.86199668234478,2028,1.4835577960067696,4,0.024518500990572845,0.05555555555555555,7.229933872564914,203.33333333333334,0.0,0.0,COLD4C_1A
B0047,5,2.0268256333830106,6.613890088169754,11.020979145558456,0,244,0,0,55.320445587492856,2013,1.4671391666146525,4,0.016418629392117134,0.06944444444444445,7.077373489422772,213.75,0.0,0.0,COLD4C_1A
B0047,6,2.033983008495752,6.588524686834375,11.05909419348262,0,244,0,0,54.80428597996241,2001,1.448858156982267,4,0.018281009632385548,0.08333333333333333,6.984676809172169,219.8,0.0,0.0,COLD4C_1A
B0047,7,2.0582329317269075,6.5152450719107975,11.877028657628198,0,246,0,0,53.99476825091504,1992,1.4458534180949325,4,0.003004738887334435,0.09722222222222222,6.647897242703307,244.8,0.0,0.0,COLD4C_1A
B0047,8,2.125,6.614148797374308,11.559250858608888,0,251,0,0,53.81133428639008,1960,1.431118266178283,4,0.014735151916649425,0.1111111111111111,6.6142666411487685,244.8,0.0,0.0,COLD4C_1A
B0047,9,2.0858739837398375,6.779199606815144,11.34743713793976,0,247,0,0,53.57499110120327,1968,1.419274551657853,4,0.011843714520429982,0.125,6.590300196857116,246.0,0.0,0.0,COLD4C_1A
B0047,10,2.106741573033708,6.723978366135641,11.693269060729056,0,249,0,0,52.79395268012465,1958,1.3999974221808271,4,0.019277129477025978,0.1388888888888889,6.622201650220876,246.4,0.0,0.0,COLD4C_1A
B0047,11,2.0966084275436794,6.7366982984588635,11.557441727679937,0,246,0,0,52.402773019391645,1946,1.3885156686114437,4,0.011481753569383413,0.1527777777777778,6.644219305814053,247.4,0.0,0.0,COLD4C_1A
B0047,12,2.097938144329897,6.698431761336422,11.667407771157473,0,246,0,0,51.93569579716029,1940,1.3652234669528964,4,0.023292201658547285,0.16666666666666666,6.67385402813895,247.8,0.0,0.0,COLD4C_1A
B0047,13,2.125193199381762,6.552201621479357,11.311016339650983,0,249,0,0,51.167157796132564,1941,1.4060442272970963,4,-0.0408207603441999,0.18055555555555555,6.710491366024075,247.8,0.0,0.0,COLD4C_1A
B0047,14,2.079668908432488,6.639921878260063,11.175603921563273,0,242,0,0,53.31111580312709,1933,1.405754161352578,4,0.00029006594451841394,0.19444444444444445,6.698101930845086,247.4,0.0,0.0,COLD4C_1A
B0047,15,2.077244258872651,6.7227824706930095,11.15023736338702,0,240,0,0,52.656895383726095,1916,1.3867662881727878,4,0.018987873179790116,0.20833333333333334,6.670246385134069,246.4,0.0,0.0,COLD4C_1A
B0047,16,2.0745798319327733,6.739161998201888,11.81131136026599,0,238,0,0,52.008135372791116,1904,1.3705053061420225,4,0.016260982030765314,0.2222222222222222,6.670007206045542,244.6,0.0,0.0,COLD4C_1A
B0047,17,2.085970464135021,6.7600331493959045,11.699803023226297,0,239,0,0,51.40629918994485,1896,1.34974311148236,4,0.02076219465966256,0.2361111111111111,6.670499945994147,243.0,0.0,0.0,COLD4C_1A
B0047,18,2.1246684350132625,6.684039605261359,11.234017863419322,0,243,0,0,50.6369693212857,1885,1.3251533367939785,4,0.024589774688381416,0.25,6.682820223606043,241.6,0.0,0.0,COLD4C_1A
B0047,19,2.1222637479978643,6.524578937237405,11.729632241368254,0,241,0,0,49.852742948293795,1873,1.3111943869635805,4,0.013958949830398026,0.2638888888888889,6.709187820362445,240.4,0.0,0.0,COLD4C_1A
B0047,21,2.669876939539861,6.2084153447330985,12.186162994585318,0,308,0,0,32.06014919097885,1869,1.3394234405932892,4,-0.028229053629708734,0.2916666666666667,6.686119232157914,240.2,0.0,0.0,COLD4C_1A
B0047,22,2.1606273661438617,6.5684118716930975,11.147409475641334,0,243,0,0,49.022601153290665,1849,1.2849157142560723,4,0.0545077263372169,0.3055555555555556,6.583245806965931,253.8,0.0,0.0,COLD4C_1A
B0047,23,2.1525515743756785,6.663303961402954,11.681014963080823,0,241,0,0,48.76451113721291,1842,1.281719159327807,4,0.003196554928265316,0.3194444444444444,6.549095781664173,254.8,0.0,0.0,COLD4C_1A
B0047,24,2.1716621253405997,6.520108779941154,11.29683746494969,0,243,0,0,48.06020265169906,1835,1.2600051642942829,4,0.021713995033524114,0.3333333333333333,6.529749944065583,255.2,0.0,0.0,COLD4C_1A
B0047,25,2.137760702524698,6.641987657755418,11.88239860330653,0,237,0,0,48.2360795420133,1822,1.266070385993126,4,-0.0060652216988430485,0.3472222222222222,6.4969637790015415,255.2,0.0,0.0,COLD4C_1A
B0047,26,2.1955922865013773,6.622577102498006,11.79170575767619,0,243,0,0,47.71325913931363,1815,1.2413590294280803,4,0.02471135656504564,0.3611111111111111,6.520445523105144,254.4,0.0,0.0,COLD4C_1A
B0047,27,2.1880199667221296,6.557394362295338,11.72661603963688,0,241,0,0,47.27514477711602,1803,1.2298873703485311,4,0.011471659079549168,0.375,6.603277874658126,241.4,0.0,0.0,COLD4C_1A
B0047,28,2.1739130434782608,6.600052416645065,12.464631760563272,0,238,0,0,47.006320262328344,1794,1.228088614506696,4,0.0017987558418350869,0.3888888888888889,6.601074372778574,241.0,0.0,0.0,COLD4C_1A
B0047,29,2.2088465845464724,6.47274446699916,11.863547747838409,0,241,0,0,46.41714557398136,1786,1.2139857189070042,4,0.0141028955996918,0.4027777777777778,6.588424063826996,240.4,0.0,0.0,COLD4C_1A
B0047,30,2.152504220596511,6.587296830312359,12.460832791038596,0,233,0,0,46.77216149169024,1777,1.2173435064564189,4,-0.003357787549414626,0.4166666666666667,6.578951201238597,240.0,0.0,0.0,COLD4C_1A
B0047,31,2.157417893544734,6.587823560109233,12.213639136225725,0,232,0,0,46.44975665603489,1766,1.2073445944515917,4,0.009998912004827165,0.4305555555555556,6.568013035749985,239.2,0.0,0.0,COLD4C_1A
B0047,32,2.178612059158134,6.610020946476488,11.534784991217848,0,234,0,0,46.0897017354055,1758,1.18804049227045,4,0.019304102181141758,0.4444444444444444,6.56106232727223,237.0,0.0,0.0,COLD4C_1A
B0047,33,2.1860730593607305,6.629258221260746,12.42977502748968,0,234,0,0,45.720264130732566,1752,1.186304749886542,4,0.0017357423839079456,0.4583333333333333,6.571587644108462,235.6,0.0,0.0,COLD4C_1A
B0047,34,2.205798749289369,6.5487565063708635,12.428323073625249,0,236,0,0,45.417518661652615,1759,1.2613935471028506,4,-0.07508879721630857,0.4722222222222222,6.577428805031597,234.8,0.0,0.0,COLD4C_1A
B0047,35,2.1412365286443564,6.6831397802291725,12.48741336421358,0,229,0,0,48.59258882577252,1763,1.2648246158850651,4,-0.0034310687822145525,0.4861111111111111,6.592631212905937,233.8,0.0,0.0,COLD4C_1A
B0047,36,2.1024027459954233,6.666465782736131,11.343734065329729,0,223,0,0,48.303721090955,1748,1.24664945489822,4,0.018175160986845018,0.5,6.6117998028892995,233.0,0.0,0.0,COLD4C_1A
B0047,37,2.146857498444306,6.647697609810413,12.641653349352346,0,208,0,0,47.64829107886497,1607,1.2333924152795082,4,0.013257039618711941,0.5138888888888888,6.627528247414681,231.2,0.0,0.0,COLD4C_1A
B0047,38,2.1296296296296298,6.699824258003787,11.969937687736325,0,224,0,0,47.08001923753861,1728,1.2129250072037692,4,0.02046740807573899,0.5277777777777778,6.635063580081464,226.0,0.0,0.0,COLD4C_1A
B0047,39,2.143273150844496,6.690696261448734,11.438399477589398,0,224,0,0,46.58108098412118,1717,1.1999106597943647,4,0.013014347409404436,0.5416666666666666,6.649176787430074,224.0,0.0,0.0,COLD4C_1A
B0047,40,2.205968402574605,6.616563914326857,12.144441411939049,0,230,0,0,45.646677784586174,1709,1.1902559038393383,4,0.009654755955026406,0.5555555555555556,6.677564738445648,221.6,0.0,0.0,COLD4C_1A
B0047,41,2.1336080047086523,6.673176073742755,12.67224284322037,0,221,0,0,46.05936330146346,1699,1.1892563795455853,4,0.0009995242937530513,0.5694444444444444,6.664249565265185,221.8,0.0,0.0,COLD4C_1A
B0047,42,2.1487603305785123,6.602270102905556,11.984785271459067,0,222,0,0,45.690771826530174,1694,1.167069685125939,4,0.02218669441964627,0.5833333333333334,6.665591623466509,221.4,0.0,0.0,COLD4C_1A
B0047,43,2.190844233055886,6.6395923760014535,12.101959002780742,0,225,0,0,45.183851818230956,1682,1.1615348403090369,4,0.00553484481690214,0.5972222222222222,6.656506122085537,224.2,0.0,0.0,COLD4C_1A
B0047,44,2.174821002386635,6.627190913144555,12.396974763839234,0,223,0,0,44.916890627827534,1676,1.1555563844349988,4,0.005978455874038113,0.6111111111111112,6.644459745685071,224.4,0.0,0.0,COLD4C_1A
B0047,45,2.2468544038346314,6.505976205276916,11.455115215105929,0,230,0,0,44.263486524881316,1669,1.1488524666097713,4,0.006703917825227501,0.625,6.631758676024235,224.2,0.0,0.0,COLD4C_1A
B0047,46,2.18249075215783,6.59555348473539,11.39345446641458,0,216,0,0,44.872807722692095,1622,1.143572986788779,4,0.0052794798209923055,0.6388888888888888,6.609641134214248,224.2,0.0,0.0,COLD4C_1A
B0047,47,2.213855421686747,6.5615124103562605,12.6352725981059,0,225,0,0,44.201641155061836,1660,1.1418015379428537,4,0.001771448845925283,0.6527777777777778,6.594116616412774,223.2,0.0,0.0,COLD4C_1A
B0047,48,2.1986674742580252,6.608124129843578,12.45444631401429,0,222,0,0,44.241038390791445,1651,1.136058647502255,4,0.005742890440598725,0.6666666666666666,6.585965077902915,223.8,0.0,0.0,COLD4C_1A
B0047,49,2.191697191697192,6.579261122506011,12.18400994607025,0,220,0,0,44.07144373151911,1638,1.1236364680969286,4,0.012422179405326306,0.6805555555555556,6.57967142867134,223.2,0.0,0.0,COLD4C_1A
B0047,50,2.2996845425867507,6.464115695125143,12.849012968534735,0,223,0,0,43.38662291382854,1585,1.1320498900328944,4,-0.008413421935965726,0.6944444444444444,6.570085470543631,222.6,0.0,0.0,COLD4C_1A
B0047,51,2.173513182096873,6.6211070757977994,11.44307926801482,0,217,0,0,44.11260673909481,1631,1.117010176215815,4,0.015039713817079248,0.7083333333333334,6.561713368513277,221.2,0.0,0.0,COLD4C_1A
B0047,52,2.1801968019680196,6.597918519315827,12.895633770945397,0,217,0,0,43.65914333787901,1626,1.120043039721982,4,-0.0030328635061669384,0.7222222222222222,6.566824086725758,221.4,0.0,0.0,COLD4C_1A
B0047,53,2.1737786023500307,6.598805549087781,11.573902587010837,0,215,0,0,43.59493663702363,1617,1.1059773445917065,4,0.014065695130275557,0.7361111111111112,6.574105308517671,219.8,0.0,0.0,COLD4C_1A
B0047,55,2.460171568627451,6.451048572955016,11.984288635557064,0,247,0,0,39.46608215622098,1632,1.1907902374762016,4,-0.08481289288449512,0.7638888888888888,6.572241592366512,218.4,0.0,0.0,COLD4C_1A
B0047,56,2.164821648216482,6.632165696489045,12.836265571184011,0,214,0,0,46.063121141226915,1626,1.2012387088454022,4,-0.010448471369200574,0.7777777777777778,6.546599082456313,223.8,0.0,0.0,COLD4C_1A
B0047,57,2.092088998763906,6.745640391006867,12.655987301395294,0,205,0,0,46.39283646835285,1618,1.1906909549024802,4,0.010547753942921956,0.7916666666666666,6.580209082729094,222.0,0.0,0.0,COLD4C_1A
B0047,58,2.0843672456575684,6.794430812049292,12.20963360823446,0,204,0,0,45.964157435261036,1612,1.1764375730308343,4,0.014253381871645932,0.8055555555555556,6.605115745770907,219.6,0.0,0.0,COLD4C_1A
B0047,59,2.1121495327102804,6.993432151522943,12.780134013784457,0,206,0,0,45.45242368712204,1605,1.1628110372792353,4,0.013626535751599,0.8194444444444444,6.6444182043176,217.0,0.0,0.0,COLD4C_1A
B0047,60,2.1334586466165413,7.130229954560289,12.658108002877777,0,207,0,0,45.266943056868236,1596,1.1516152840582583,4,0.01119575322097699,0.8333333333333334,6.723343524804633,215.2,0.0,0.0,COLD4C_1A
B0047,61,2.2278162366268095,6.960532294478787,13.24936801902594,0,216,0,0,44.3545941849581,1589,1.1583673498348623,4,-0.006752065776604033,0.8472222222222222,6.859179801125687,207.2,0.0,0.0,COLD4C_1A
B0047,62,2.185929648241206,6.963347562616723,13.102537521023756,0,212,0,0,45.207382832741935,1592,1.1692285288386206,4,-0.01086117900375827,0.8611111111111112,6.924853120723635,207.6,0.0,0.0,COLD4C_1A
B0047,63,2.122552116234997,7.076566641754298,13.019156020970016,0,204,0,0,45.41023993265275,1583,1.1588148476218465,4,0.010413681216774107,0.875,6.968394555045608,209.0,0.0,0.0,COLD4C_1A
B0047,64,2.132399745385105,7.065180170372733,12.612257184300963,0,204,0,0,44.948630132019154,1571,1.1439588147705455,4,0.014856032851300993,0.8888888888888888,7.024821720986608,209.0,0.0,0.0,COLD4C_1A
B0047,65,2.1323529411764706,7.091218145862449,12.968805846071126,0,203,0,0,44.68021227585756,1564,1.1383941068159398,4,0.00556470795460573,0.9027777777777778,7.039171324756566,208.6,0.0,0.0,COLD4C_1A
B0047,67,3.8060644346178143,6.591970773796552,13.123905320087225,0,381,0,0,27.93783786215623,1583,1.2213102850395667,4,-0.08291617822362696,0.9305555555555556,7.031368963016997,207.8,0.0,0.0,COLD4C_1A
B0047,68,2.142857142857143,6.978027273375323,13.179418154583676,0,204,0,0,46.25881990529409,1568,1.2031062978889062,4,0.018203987150660517,0.9444444444444444,6.95765665888055,240.8,0.0,0.0,COLD4C_1A
B0047,69,2.0838668373879643,7.140981691923412,12.742282067813369,0,197,0,0,46.58600459374391,1562,1.1897147112197684,4,0.013391586669137867,0.9583333333333334,6.960592601032272,239.2,0.0,0.0,COLD4C_1A
B0047,70,2.10135571336346,7.1210365189693166,13.23162562344335,0,197,0,0,46.04449481426469,1549,1.177422568842014,4,0.012292142377754445,0.9722222222222222,6.973475611066094,237.8,0.0,0.0,COLD4C_1A
B0047,71,2.0976082740788624,7.129821295979681,12.857920538298638,0,197,0,0,45.636344956030186,1547,1.158443027293818,4,0.018979541548195922,0.9861111111111112,6.9846468807854105,236.4,0.0,0.0,COLD4C_1A
B0047,72,2.107142857142857,7.12270366156687,12.67528068575023,0,197,0,0,45.31001449200075,1540,1.1567087516841796,4,0.0017342756096383471,1.0,6.992367510808857,235.2,0.0,0.0,COLD4C_1A
B0048,3,2.0166421928536464,6.651418987365357,11.053444137693344,0,246,0,0,55.20020694928275,2043,1.4989223343608031,4,0.008771013249074366,0.041666666666666664,7.277950504871084,186.0,0.0,0.0,COLD4C_1A
B0048,4,2.026627218934911,6.5280137758285814,10.582379295049948,0,246,0,0,54.69977766270403,2028,1.4782919502497789,4,0.020630384111024247,0.05555555555555555,7.069106665702509,206.0,0.0,0.0,COLD4C_1A
B0048,5,2.0367610531544957,6.5354588421353945,10.227762694291696,0,246,0,0,54.14416489767538,2013,1.461856891390611,4,0.01643505885916796,0.06944444444444445,6.933833443234027,216.0,0.0,0.0,COLD4C_1A
B0048,6,2.033983008495752,6.493178974551231,10.448166696977866,0,244,0,0,53.695771240049865,2001,1.4509592706473475,4,0.010897620743263392,0.08333333333333333,6.8541585230143,222.0,0.0,0.0,COLD4C_1A
B0048,7,2.0356425702811247,6.486982895024293,11.087645565750543,0,243,0,0,53.18761949550227,1992,1.451746997147108,4,-0.0007877264997604438,0.09722222222222222,6.570496129499458,246.2,0.0,0.0,COLD4C_1A
B0048,8,2.0408163265306123,6.587965491970207,10.331525897326843,0,240,0,0,53.3817121627765,1960,1.444392866287476,4,0.00735413085963188,0.1111111111111111,6.539010694980972,245.0,0.0,0.0,COLD4C_1A
B0048,9,2.040142276422764,6.690877277195729,10.695473118282326,0,241,0,0,53.093335713460014,1968,1.432738323965376,4,0.01165454232210017,0.125,6.526319995901941,243.8,0.0,0.0,COLD4C_1A
B0048,10,2.050561797752809,6.646768804237909,10.588614300598088,0,241,0,0,52.55168486470364,1958,1.417241201438662,4,0.01549712252671398,0.1388888888888889,6.558892696175372,242.8,0.0,0.0,COLD4C_1A
B0048,11,2.050359712230216,6.685409814672173,10.7107611721746,0,240,0,0,52.127317303973975,1946,1.4057559944573452,4,0.01148520698131672,0.1527777777777778,6.581154688595873,241.8,0.0,0.0,COLD4C_1A
B0048,12,2.056701030927835,6.643192198735949,10.52686289722462,0,240,0,0,51.66708048690279,1940,1.3902706269897065,4,0.015485367467638733,0.16666666666666666,6.619600856620062,241.0,0.0,0.0,COLD4C_1A
B0048,13,2.047913446676971,6.540368070977894,10.680714357791624,0,239,0,0,51.00271223698446,1941,1.4196659307880326,4,-0.02939530379832611,0.18055555555555555,6.650842717362394,240.4,0.0,0.0,COLD4C_1A
B0048,14,2.0641489912053803,6.566571610846126,10.479304841863389,0,240,0,0,52.516631995735814,1933,1.4190563985232272,4,0.0006095322648054236,0.19444444444444445,6.641323233163931,240.2,0.0,0.0,COLD4C_1A
B0048,15,2.066805845511482,6.6288999548727086,10.378581035006627,0,238,0,0,52.15875074662708,1916,1.404272356704056,4,0.014784041819171145,0.20833333333333334,6.616462099894011,240.0,0.0,0.0,COLD4C_1A
B0048,16,2.0509453781512605,6.6193515104663945,10.851484720266557,0,235,0,0,51.645605074505795,1904,1.3916140490958342,4,0.012658307608221842,0.2222222222222222,6.61288833002097,239.4,0.0,0.0,COLD4C_1A
B0048,17,2.0595991561181433,6.627756071313778,10.70498211965856,0,235,0,0,51.19745788521903,1896,1.3749618350294734,4,0.01665221406636075,0.2361111111111111,6.599676669179814,238.4,0.0,0.0,COLD4C_1A
B0048,18,2.0742705570291777,6.588246564198973,10.26828159930382,0,236,0,0,50.605719241175095,1885,1.3545155713071164,4,0.020446263722357028,0.25,6.596589443695381,237.4,0.0,0.0,COLD4C_1A
B0048,19,2.0875600640683394,6.490442232166064,10.42028909453994,0,236,0,0,49.74453736814037,1873,1.3440223073315984,4,0.010493263975517975,0.2638888888888889,6.606165142339596,236.8,0.0,0.0,COLD4C_1A
B0048,21,2.651150347779561,6.227921776188979,11.025933551300648,0,305,0,0,32.180992652619544,1869,1.372384475860572,4,-0.028362168528973664,0.2916666666666667,6.590939266603584,236.0,0.0,0.0,COLD4C_1A
B0048,22,2.1011357490535425,6.493443039389214,10.196289899952207,0,235,0,0,49.131667179327565,1849,1.318410575267441,4,0.05397390059313101,0.3055555555555556,6.5107436308668385,249.4,0.0,0.0,COLD4C_1A
B0048,23,2.1009771986970684,6.577864184969673,10.67776116366158,0,234,0,0,48.85728219002053,1842,1.3112727599578604,4,0.007137815309580686,0.3194444444444444,6.485561936651402,249.4,0.0,0.0,COLD4C_1A
B0048,24,2.119891008174387,6.473960320301547,10.197605675555666,0,236,0,0,48.19865828582877,1835,1.2970172419001187,4,0.014255518057741723,0.3333333333333333,6.475583559382581,249.2,0.0,0.0,COLD4C_1A
B0048,25,2.102085620197585,6.5683412800542555,10.817583822184044,0,232,0,0,48.33867397612783,1822,1.2995219526631718,4,-0.0025047107630531418,0.3472222222222222,6.452726310603095,249.2,0.0,0.0,COLD4C_1A
B0048,26,2.1101928374655645,6.559383660547936,10.516072793190034,0,232,0,0,48.0996478738792,1815,1.2826154066729571,4,0.016906545990214683,0.3611111111111111,6.468306120180733,248.4,0.0,0.0,COLD4C_1A
B0048,27,2.1159179145867997,6.493876104975116,10.549697060839051,0,231,0,0,47.67111998009787,1803,1.2752890152407,4,0.007326391432257218,0.375,6.534598497052525,233.8,0.0,0.0,COLD4C_1A
B0048,28,2.112597547380156,6.5256374381817075,11.262651366620426,0,230,0,0,47.44975853463979,1794,1.2735572473264072,4,0.0017317679142927478,0.3888888888888889,6.534685110169706,233.0,0.0,0.0,COLD4C_1A
B0048,29,2.1556550951847706,6.429881947806968,10.67022537319244,0,234,0,0,46.88475949684202,1786,1.2594114333938535,4,0.014145813932553652,0.4027777777777778,6.5242397608121125,232.2,0.0,0.0,COLD4C_1A
B0048,30,2.1074845244794598,6.528114928700008,11.290252755528313,0,227,0,0,47.14813723616329,1777,1.2631632585495876,4,-0.003751825155734023,0.4166666666666667,6.515424086313196,231.8,0.0,0.0,COLD4C_1A
B0048,31,2.112117780294451,6.537453991294271,10.973350060572036,0,226,0,0,46.96203696546131,1766,1.2491717310136363,4,0.013991527535951231,0.4305555555555556,6.507378816042348,230.8,0.0,0.0,COLD4C_1A
B0048,32,2.1160409556313993,6.564085128398869,10.3391489283262,0,226,0,0,46.59424929460996,1758,1.233984347835307,4,0.01518738317832935,0.4444444444444444,6.502992882191615,229.6,0.0,0.0,COLD4C_1A
B0048,33,2.1232876712328768,6.575023927490706,11.22843469416495,0,226,0,0,46.274163375884044,1752,1.240031992028868,4,-0.006047644193561075,0.4583333333333333,6.5170346868763644,228.6,0.0,0.0,COLD4C_1A
B0048,34,2.160318362706083,6.5179927493931595,11.142187018109254,0,230,0,0,46.003363337540655,1759,1.30370857198071,4,-0.06367657995184195,0.4722222222222222,6.526911984738165,227.8,0.0,0.0,COLD4C_1A
B0048,35,2.0788428814520703,6.594694175601312,11.266783334689707,0,221,0,0,48.882058872246134,1763,1.315055963470538,4,-0.011347391489828107,0.4861111111111111,6.544534145055403,227.0,0.0,0.0,COLD4C_1A
B0048,36,2.0480549199084668,6.561874887811663,10.42585253276335,0,216,0,0,48.838967043464784,1748,1.2888738300982074,4,0.026182133372330663,0.5,6.557849994435664,225.8,0.0,0.0,COLD4C_1A
B0048,37,2.0690728064716866,6.545087467905438,11.216029100406416,0,199,0,0,48.285706841486174,1607,1.2877137595885193,4,0.001160070509688138,0.5138888888888888,6.562734173739142,223.8,0.0,0.0,COLD4C_1A
B0048,38,2.0543981481481484,6.602826956646566,10.782099455149345,0,214,0,0,47.93277086085546,1728,1.2673379985315465,4,0.020375761056972808,0.5277777777777778,6.558934641640455,218.4,0.0,0.0,COLD4C_1A
B0048,39,2.0792079207920793,6.5723372783389165,10.321202935071105,0,216,0,0,47.39851365999645,1717,1.250594345697306,4,0.016743652834240397,0.5416666666666666,6.564495247471628,216.0,0.0,0.0,COLD4C_1A
B0048,40,2.115272088940901,6.530231337234348,10.97070399517944,0,219,0,0,46.49562450887423,1709,1.2487131179395878,4,0.0018812277577182623,0.5555555555555556,6.575364153260779,213.2,0.0,0.0,COLD4C_1A
B0048,41,2.057092407298411,6.552180643082578,11.121182366824469,0,211,0,0,46.9799606465237,1699,1.248002326082933,4,0.0007107918566549021,0.5694444444444444,6.562471585587386,212.8,0.0,0.0,COLD4C_1A
B0048,42,2.0484061393152304,6.508266445187667,10.805368665446066,0,210,0,0,46.71978894320117,1694,1.2300895244599586,4,0.017912801622974373,0.5833333333333334,6.560532736641569,211.8,0.0,0.0,COLD4C_1A
B0048,43,2.098692033293698,6.522544123964627,10.90427632418744,0,214,0,0,46.19737576998758,1682,1.2244197121500937,4,0.005669812309864852,0.5972222222222222,6.553168532098015,214.0,0.0,0.0,COLD4C_1A
B0048,44,2.088305489260143,6.518641665580094,11.177549576040898,0,212,0,0,46.04421520578551,1676,1.2186682845116386,4,0.005751427638455153,0.6111111111111112,6.5371119655616265,214.0,0.0,0.0,COLD4C_1A
B0048,45,2.177950868783703,6.461873959541273,10.375532122783676,0,221,0,0,45.29200972843391,1669,1.2037865236033616,4,0.014881760908276975,0.625,6.526372843009862,213.2,0.0,0.0,COLD4C_1A
B0048,46,2.096177558569667,6.527414540826164,10.314092555911314,0,206,0,0,45.75728721398979,1622,1.1947642300832226,4,0.009022293520138946,0.6388888888888888,6.512701367471247,213.6,0.0,0.0,COLD4C_1A
B0048,47,2.0843373493975905,6.512354911518901,11.367431862943256,0,210,0,0,45.268028963133574,1660,1.2052091893871495,4,-0.01044495930392686,0.6527777777777778,6.5077481470199645,212.6,0.0,0.0,COLD4C_1A
B0048,48,2.0775287704421563,6.54198063070756,11.06954549641082,0,208,0,0,45.437071158586456,1651,1.1955746593628465,4,0.009634530024303034,0.6666666666666666,6.508565840286212,212.6,0.0,0.0,COLD4C_1A
B0048,49,2.084859584859585,6.504628264948542,10.977331626368253,0,207,0,0,45.207948314624936,1638,1.1888497102149884,4,0.006724949147858039,0.6805555555555556,6.512453141634798,211.4,0.0,0.0,COLD4C_1A
B0048,50,2.173501577287066,6.435488532613252,11.25041370680882,0,209,0,0,44.554254728110315,1585,1.1915605250807406,4,-0.002710814865752198,0.6944444444444444,6.509650461508488,210.4,0.0,0.0,COLD4C_1A
B0048,51,2.0692826486817903,6.541140810946998,10.261913330935936,0,205,0,0,45.201848125059136,1631,1.1726587153109655,4,0.01890180976977507,0.7083333333333334,6.504373376122883,208.0,0.0,0.0,COLD4C_1A
B0048,52,2.0817958179581795,6.51300465650869,11.209451387068038,0,205,0,0,44.70459809348881,1626,1.1841133872494156,4,-0.011454671938450067,0.7222222222222222,6.50711863014705,207.8,0.0,0.0,COLD4C_1A
B0048,53,2.0779220779220777,6.496187140570204,10.39465598668322,0,204,0,0,44.73730396992808,1617,1.1576825122317769,4,0.026430875017638744,0.7361111111111112,6.507248579145008,206.8,0.0,0.0,COLD4C_1A
B0048,55,2.3560049019607843,6.363126375343891,10.71880829888557,0,235,0,0,40.01692211339289,1632,1.259355851168598,4,-0.10167333893682118,0.7638888888888888,6.4980898811175365,206.0,0.0,0.0,COLD4C_1A
B0048,56,2.041820418204182,6.554780197392254,11.267543040114028,0,200,0,0,47.06509556798961,1626,1.265883375278026,4,-0.006527524109428029,0.7777777777777778,6.469789503196607,211.6,0.0,0.0,COLD4C_1A
B0048,57,1.9870210135970334,6.605356904119836,10.977215485451683,0,193,0,0,47.61850122645396,1618,1.247259867318412,4,0.018623507959613983,0.7916666666666666,6.493647836152408,209.8,0.0,0.0,COLD4C_1A
B0048,58,2.003722084367246,6.6456729121258,10.698980931953203,0,194,0,0,47.07168167365751,1612,1.232808747256218,4,0.014451120062194178,0.8055555555555556,6.506491054786975,207.4,0.0,0.0,COLD4C_1A
B0048,59,1.9968847352024923,6.77800503176635,11.200778779435032,0,193,0,0,46.715421507605186,1605,1.2319592783041904,4,0.0008494689520275323,0.8194444444444444,6.533024705910397,205.2,0.0,0.0,COLD4C_1A
B0048,60,2.0081453634085213,6.8772457192979966,11.067122162658642,0,193,0,0,46.61739053045377,1596,1.220785786262778,4,0.01117349204141238,0.8333333333333334,6.589388284149626,203.0,0.0,0.0,COLD4C_1A
B0048,61,2.1019509125236,6.744118225186833,11.217197558663642,0,202,0,0,45.692984151853054,1589,1.2275441303266783,4,-0.006758344063900301,0.8472222222222222,6.6922121529404475,194.6,0.0,0.0,COLD4C_1A
B0048,62,2.0665829145728645,6.769779454660016,11.59325762914515,0,198,0,0,46.47977480580981,1592,1.2386788414290355,4,-0.011134711102357198,0.8611111111111112,6.730079758499363,195.0,0.0,0.0,COLD4C_1A
B0048,63,1.996209728363866,6.841902239580823,11.534047303435644,0,190,0,0,46.90168152178111,1583,1.2283577755407058,4,0.010321065888329706,0.875,6.7629642686074,196.0,0.0,0.0,COLD4C_1A
B0048,64,1.9923615531508594,6.8403182657182375,10.92572543982624,0,188,0,0,46.51843634333432,1571,1.2095481507570451,4,0.01880962478366066,0.8888888888888888,6.802210134098404,195.2,0.0,0.0,COLD4C_1A
B0048,65,2.020460358056266,6.842076977529215,11.346378697595553,0,190,0,0,46.04590105911493,1564,1.2082142070681048,4,0.0013339436889403533,0.9027777777777778,6.814672780888782,194.2,0.0,0.0,COLD4C_1A
B0048,67,3.676563487049905,6.460802870442374,11.439171740202124,0,366,0,0,28.508760574167255,1583,1.2998734542832149,4,-0.0916592472151101,0.9305555555555556,6.8076390325350244,193.6,0.0,0.0,COLD4C_1A
B0048,68,2.0216836734693877,6.7492333415856285,11.147240167890732,0,190,0,0,47.534958037277825,1568,1.2691220651743778,4,0.030751389108837124,0.9444444444444444,6.750975961586134,226.4,0.0,0.0,COLD4C_1A
B0048,69,1.9654289372599232,6.8781744341777245,10.831285577855546,0,184,0,0,48.002806845425816,1562,1.2555144634690785,4,0.013607601705299288,0.9583333333333334,6.746866738971255,224.8,0.0,0.0,COLD4C_1A
B0048,70,1.962556488056811,6.887996038013276,11.236293148641268,0,182,0,0,47.55765214462439,1549,1.2519876926897655,4,0.00352677077931296,0.9722222222222222,6.754121177890636,223.6,0.0,0.0,COLD4C_1A
B0048,71,1.9457013574660633,6.870137158063585,11.08616967823061,0,180,0,0,47.388447726522195,1547,1.2374982003019996,4,0.014489492387765868,0.9861111111111112,6.763656732349643,222.4,0.0,0.0,COLD4C_1A
B0048,72,1.9837662337662338,6.866094536855352,10.803093241912954,0,183,0,0,46.97337519362824,1540,1.2231273969878986,4,0.01437080331410101,1.0,6.769268768456517,220.4,0.0,0.0,COLD4C_1A
B0049,3,4.271771771771772,7.285456183451135,22.127142494646403,0,498,0,311,60.446789992011674,3996,1.372852133389263,4,0.048053581552474744,0.12,10.086670891521115,274.0,243.5,974.0,COLD4C_2A_flagged
B0049,4,4.0182004614201485,7.260480153452554,17.45530915998414,0,479,0,274,60.72059606228676,3901,1.3643742487429145,4,0.008477884646348466,0.16,9.152932655497787,348.6666666666667,266.0,1064.0,COLD4C_2A_flagged
B0049,5,20.02332089552239,10.953903032895644,20.096309819317955,0,475,0,463,29.958162844748763,1072,2.378643730568756,4,-1.0142694818258415,0.2,8.67981952998648,381.25,268.0,1072.0,COLD4C_2A_flagged
B0049,6,4.393063583815029,6.984516617067876,20.530529696550808,0,732,0,235,46.44681279422226,4152,1.0605357965671216,4,1.3181079340016344,0.24,9.134636230568313,400.0,307.0,1228.0,COLD4C_2A_flagged
B0049,7,3.674812030075188,6.857264479706483,19.605507267281187,0,463,0,218,46.499799921221204,3724,1.0069932376659496,4,0.05354255890117199,0.28,7.92096800467683,536.4,317.8,1271.2,COLD4C_2A_flagged
B0049,8,3.6948228882833787,6.966613191189805,21.578292345131203,0,474,0,209,44.478607248696214,3670,0.9298775334359536,4,0.07711570422999603,0.32,7.8683240933147385,529.4,300.2,1200.8,COLD4C_2A_flagged
B0049,9,3.6374896779521055,6.869103984568453,21.333411676684342,0,463,0,203,43.026355784200575,3633,0.9232377029483808,4,0.006639830487572773,0.36,7.8045554948624725,524.6,279.8,1119.2,COLD4C_2A_flagged
B0049,10,3.6896168795113824,6.854073415428295,18.65094643921925,0,500,0,187,41.617455043336285,3602,0.9053279121173716,4,0.017909790831009187,0.4,7.726280261085653,521.4,265.6,1062.4,COLD4C_2A_flagged
B0049,11,3.573106283029947,6.625258557770229,21.206691637037263,0,418,0,191,39.89538067663307,3406,0.8595848360639872,4,0.04574307605338446,0.44,6.906314337592183,526.4,210.4,841.6,COLD4C_2A_flagged
B0049,12,3.6315028901734103,7.289563885167959,21.329570135453707,0,453,0,187,40.620018304026885,3460,0.8369614294820705,4,0.02262340658191664,0.48,6.834462725732654,463.6,201.6,806.4,COLD4C_2A_flagged
B0049,13,3.7649809997076877,6.858788646339751,18.615958800969327,0,490,0,179,38.96569113515871,3421,0.8456824187653132,4,-0.00872098928324272,0.52,6.920922606824948,461.6,195.4,781.6,COLD4C_2A_flagged
B0049,14,3.5122975404919017,6.650605713549643,22.131760657764843,0,404,0,183,38.908009215813586,3334,0.8071214007577537,4,0.03856101800755951,0.56,6.899357697854937,464.8,189.4,757.6,COLD4C_2A_flagged
B0049,15,3.3612040133779266,7.115346570609482,21.0797561027406,0,379,0,174,40.02249279062843,3289,0.7820744360746734,4,0.02504696468308032,0.6,6.855658043651175,453.0,185.4,741.6,COLD4C_2A_flagged
B0049,16,3.4227567067530065,6.570481602039507,19.66472404691272,0,396,0,167,38.02122024651857,3243,0.7953019444133349,4,-0.013227508338661487,0.64,6.907912674687412,428.8,182.8,731.2,COLD4C_2A_flagged
B0049,18,16.228125,6.3574495010948695,22.347809168975328,0,3092,0,180,9.052656750154872,3200,0.7752051154719997,4,0.020096828941335243,0.72,6.896957283541267,424.4,178.0,712.0,COLD4C_2A_flagged
B0049,19,3.4830749762733313,7.176527662880685,20.80014388758556,0,400,0,162,38.45910460482185,3161,0.7711865903845158,4,0.004018525087483904,0.76,6.71053440672665,952.2,176.6,706.4,COLD4C_2A_flagged
B0049,20,3.4568100938207698,6.659405792324432,19.074608803884857,0,385,0,159,36.589742706714645,3091,0.7585098914517947,4,0.012676698932721053,0.8,6.774082210034837,934.2,173.2,692.8,COLD4C_2A_flagged
B0049,21,3.7664041994750654,6.6265872633629455,22.607671167433093,0,418,0,169,35.563444347336095,3048,0.7349386490499009,4,0.02357124240189379,0.84,6.775842225789795,930.4,168.4,673.6,COLD4C_2A_flagged
B0049,22,3.309531717037529,7.037061753145683,20.044998547059947,0,351,0,152,38.02136260544892,3011,0.7366758033690756,4,-0.0017371543191746497,0.88,6.678090364340487,938.2,167.4,669.6,COLD4C_2A_flagged
B0049,23,3.4833333333333334,7.0154416328373745,22.10154579807187,0,366,0,161,35.792409609352454,3000,0.7093946599203638,4,0.027281143448711798,0.92,6.771406394561723,929.2,164.4,657.6,COLD4C_2A_flagged
B0049,24,3.321513002364066,7.020558863315549,20.695252969232648,0,349,0,149,36.68443905304779,2961,0.7186465009220309,4,-0.009251841001667094,0.96,6.9030048209102235,384.0,160.6,642.4,COLD4C_2A_flagged
B0049,25,3.518076398362892,7.014750002452046,22.293655276575564,0,365,0,157,35.14388893004063,2932,0.6913885231046639,4,0.02725797781736694,1.0,6.871811060997198,373.8,158.0,632.0,COLD4C_2A_flagged
B0050,3,4.283033033033033,7.642062680526121,20.111233999456417,0,461,0,327,64.91235873732539,3996,1.601636485397804,4,0.04715312237868807,0.14285714285714285,10.694439330346945,256.0,256.0,1024.0,COLD4C_2A_flagged
B0050,4,4.239938477313509,7.571576012724848,20.278735817853075,0,450,0,316,63.65187841541487,3901,1.5517564797427017,4,0.04988000565510231,0.19047619047619047,9.676980447073339,324.3333333333333,279.6666666666667,1118.6666666666667,COLD4C_2A_flagged
B0050,5,11.604477611940299,8.399404436814882,19.44151644994129,0,816,0,6,10.0719534078482,1072,0.0325584171083419,4,1.5191980626343597,0.23809523809523808,9.150629338486215,355.75,288.75,1155.0,COLD4C_2A_flagged
B0050,6,17.678227360308284,7.108824109416193,24.96276210259813,0,3768,0,546,5.981250935081505,4152,2.6401491157387014,4,-2.6075906986303594,0.2857142857142857,9.000384358151948,447.8,232.2,928.8,COLD4C_2A_flagged
B0050,7,3.848012889366273,7.782910976859782,23.597565881764854,0,404,0,267,59.009890066388394,3724,1.359027658891632,4,1.2811214568470695,0.3333333333333333,7.6009397795227995,1191.4,305.6,1222.4,COLD4C_2A_flagged
B0050,8,3.9291553133514987,7.413245997350343,18.66332781758057,0,402,0,271,55.293266471206735,3670,1.3742172692238257,4,-0.015189610332193793,0.38095238095238093,7.700955643268365,1179.8,292.4,1169.6,COLD4C_2A_flagged
B0050,9,3.8576933663638866,7.379247428804628,19.24741197475352,0,393,0,262,55.956480164530866,3633,1.3528030430821978,4,0.021414226141627912,0.42857142857142855,7.655192306633209,1168.0,281.2,1124.8,COLD4C_2A_flagged
B0050,10,4.274014436424209,7.494762439001863,22.784422727870645,0,419,0,295,54.606516958862834,3602,1.3607406193458431,4,-0.00793757626364533,0.47619047619047616,7.616726589849165,1156.6,270.4,1081.6,COLD4C_2A_flagged
B0050,11,2.71873165002936,6.718859752826054,13.887369323051947,0,422,0,94,57.58891872980179,3406,0.5268786924650971,4,0.833861926880746,0.5238095238095238,7.435798190286562,1077.2,328.2,1312.8,COLD4C_2A_flagged
B0050,12,5.741329479768786,6.567569331326318,17.779357290699473,0,785,0,261,25.489175815085158,3460,1.4002714246164416,4,-0.8733927321513445,0.5714285714285714,7.357805318968533,408.0,237.8,951.2,COLD4C_2A_flagged
B0050,13,4.178602747734581,7.640589298505795,22.23552363801744,0,377,0,279,54.13499017687804,3421,1.4289274755270829,4,-0.028656050910641273,0.6190476190476191,7.114736989861841,484.2,236.6,946.4,COLD4C_2A_flagged
B0050,14,15.116976604679063,6.412007782846334,19.59195319789254,0,3322,0,18,1.0400328328957165,3334,0.076583541740148,4,1.352343933786935,0.6666666666666666,7.160205650092932,479.2,238.2,952.8,COLD4C_2A_flagged
B0050,15,2.7911219215567042,6.405864223820383,18.15521296792552,0,388,0,108,26.466469416193895,3289,0.5736933387569048,4,-0.4971097970167567,0.7142857142857143,6.966757720901273,1065.0,189.4,757.6,COLD4C_2A_flagged
B0050,16,15.359235275979032,6.126243698747701,14.027851994614435,0,3200,0,58,16.77767324744199,3243,0.3014742035427856,4,0.27221913521411917,0.7619047619047619,6.748978077864976,1058.8,152.0,608.0,COLD4C_2A_flagged
B0050,18,2.29375,6.631617783326871,9.918067818733402,0,424,0,31,51.62087153083385,3200,0.1795654263232146,4,0.121908777219571,0.8571428571428571,6.630454867049306,1614.4,144.8,579.2,COLD4C_2A_flagged
B0050,19,16.365074343562164,6.224001754854352,19.262784970646152,0,2998,0,218,3.4748995881786695,3161,1.179168781562907,4,-0.9996033552396925,0.9047619047619048,6.643264557449418,1542.2,98.8,395.2,COLD4C_2A_flagged
B0050,20,15.160142348754448,6.3460117147126525,18.068073182990968,0,3076,0,23,0.4314039392487859,3091,0.0961913170505672,4,1.0829774645123398,0.9523809523809523,6.359947048719128,2066.4,86.6,346.4,COLD4C_2A_flagged
B0050,21,15.437992125984252,6.152080826662071,15.425941131175092,0,3009,0,62,14.355916959744924,3048,0.2780851770910449,4,-0.1818938600404777,1.0,6.346747835092392,2017.2,87.6,350.4,COLD4C_2A_flagged
B0051,3,2.052052052052052,6.903475064131351,16.976273689395825,0,530,0,0,52.68487929998924,3996,1.2288940261191657,4,0.06428643587911242,0.12,10.247027753505751,303.5,0.0,0.0,COLD4C_2A_flagged
B0051,4,2.0533196616252245,6.805019181463581,18.15291521418941,0,518,0,0,48.76911496483738,3901,1.2039031789717949,4,0.024990847147370765,0.16,9.13251019038095,379.0,0.0,0.0,COLD4C_2A_flagged
B0051,5,7.318097014925373,10.93401620343567,20.74350641722436,0,493,0,0,29.39862439655124,1072,2.330873478782131,4,-1.126970299810336,0.2,8.550637438151607,413.75,0.0,0.0,COLD4C_2A_flagged
B0051,6,2.8046724470134876,6.682781652334315,19.42896460124537,0,763,0,0,43.72985143089921,4152,1.0092808819126011,4,1.3215925968695297,0.24,9.027313191208421,429.6,0.0,0.0,COLD4C_2A_flagged
B0051,7,2.0408163265306123,6.565886563687313,18.9541455757646,0,494,0,0,40.919413898724436,3724,0.9565659895125322,4,0.05271489240006888,0.28,7.659608158684267,565.8,0.0,0.0,COLD4C_2A_flagged
B0051,8,2.0640326975476837,6.589614380812192,17.468709072861763,0,493,0,0,39.77458450026305,3670,0.901956291365404,4,0.05460969814712824,0.32,7.578235733010446,559.6,0.0,0.0,COLD4C_2A_flagged
B0051,9,2.0355078447563995,6.512201761810741,19.153660408464766,0,481,0,0,37.63335601014351,3633,0.8897906666138162,4,0.012165624751587778,0.36,7.515463596346615,552.2,0.0,0.0,COLD4C_2A_flagged
B0051,10,2.1696279844530815,6.541308315746276,16.52477794467856,0,509,0,0,37.52095038941982,3602,0.8830717036634559,4,0.006718962950360341,0.4,7.456900112416046,544.8,0.0,0.0,COLD4C_2A_flagged
B0051,11,1.8555490311215501,6.355332302431339,17.11375752268931,0,410,0,0,36.95546473548236,3406,0.8431270354481757,4,0.0399446682152802,0.44,6.578358534878167,548.0,0.0,0.0,COLD4C_2A_flagged
B0051,12,2.036127167630058,6.659399385173499,17.63739523383682,0,459,0,0,36.05725688656268,3460,0.826559103449663,4,0.016567931998512697,0.48,6.512868664897572,477.4,0.0,0.0,COLD4C_2A_flagged
B0051,13,2.177725811166326,6.528590097107139,18.52236923892433,0,486,0,0,34.77407322428116,3421,0.8352681546837963,4,-0.008709051234133347,0.52,6.5315712291948085,470.4,0.0,0.0,COLD4C_2A_flagged
B0051,14,1.7846430713857229,6.395593132636788,18.39923327528304,0,386,0,0,36.74299308004019,3334,0.8025719464987874,4,0.03269620818500896,0.56,6.519366372453798,469.0,0.0,0.0,COLD4C_2A_flagged
B0051,15,1.7786561264822134,6.574743848767181,17.275372082939334,0,380,0,0,35.923631352046385,3289,0.7839218784699513,4,0.018650068028836064,0.6,6.496044646619008,450.0,0.0,0.0,COLD4C_2A_flagged
B0051,16,1.7853839037927846,6.286466954877485,16.60444518809659,0,376,0,0,34.19198957139912,3243,0.7910763493036002,4,-0.0071544708336488405,0.64,6.502731753223189,424.2,0.0,0.0,COLD4C_2A_flagged
B0051,18,14.540625,6.073924383667841,17.682518901037938,0,3092,0,0,8.249662492487452,3200,0.7654538269480236,4,0.025622522355576605,0.72,6.4889586837124185,417.4,0.0,0.0,COLD4C_2A_flagged
B0051,19,1.9408415058525783,6.557352131183759,16.94512387438401,0,399,0,0,33.91919250519276,3161,0.773177347633947,4,-0.007723520685923413,0.76,6.371863683411287,944.0,0.0,0.0,COLD4C_2A_flagged
B0051,20,1.785829828534455,6.386783745302807,17.545176388637014,0,358,0,0,34.33483476885603,3091,0.7605293776416485,4,0.012647969992298447,0.8,6.377616090226611,926.6,0.0,0.0,COLD4C_2A_flagged
B0051,21,1.945538057742782,6.335649302865127,18.870237090882178,0,386,0,0,33.5044964100694,3048,0.7376430319247004,4,0.022886345716948142,0.84,6.375854212759815,921.0,0.0,0.0,COLD4C_2A_flagged
B0051,22,1.7751577548987048,6.498807566983445,16.8501327260127,0,347,0,0,34.01641239573712,3011,0.739179500257907,4,-0.001536468333206642,0.88,6.328035303579403,922.2,0.0,0.0,COLD4C_2A_flagged
B0051,23,1.8133333333333332,6.588418064349189,18.12397455517185,0,354,0,0,33.06686672514612,3000,0.7014575429842594,4,0.03772195727364758,0.92,6.370503426000596,916.4,0.0,0.0,COLD4C_2A_flagged
B0051,24,1.8270854441067208,6.461265143933384,16.26047891418261,0,352,0,0,32.15591816347135,2961,0.7047349480541781,4,-0.003277405069918693,0.96,6.473402162136866,368.8,0.0,0.0,COLD4C_2A_flagged
B0051,25,1.8605047748976808,6.531437381190015,18.15350870977148,0,355,0,0,32.085530559629944,2932,0.677848893570423,4,0.02688605448375514,1.0,6.454184764686791,359.4,0.0,0.0,COLD4C_2A_flagged
B0052,3,1.9431931931931932,6.922282494462338,15.689005573106092,0,499,0,0,54.40967093204617,3996,1.3707123028693164,4,0.04759720856671579,0.75,10.068506803094586,274.5,0.0,0.0,COLD4C_2A_flagged
B0052,4,1.922583952832607,6.846621372701137,14.97127576364998,0,482,0,0,51.80857591271928,3901,1.3515647352626494,4,0.019147567606667026,1.0,9.019765366883837,349.3333333333333,0.0,0.0,COLD4C_2A_flagged
B0053,3,4.477211796246649,7.338287564192186,19.33942752368694,0,312,0,227,52.734219272778525,2611,1.1501525413826983,4,0.003920252060524598,0.05454545454545454,9.462008774335125,195.0,222.0,888.0,COLD4C_2A
B0053,4,4.460139318885449,7.339019371036789,18.729143210051177,0,309,0,223,52.033819557927984,2584,1.1305863853936766,4,0.019566155989021672,0.07272727272727272,8.754101704287478,234.0,223.66666666666666,894.6666666666666,COLD4C_2A
B0053,5,4.448343079922028,7.333364707430748,18.709411575172343,0,306,0,221,51.614721568451806,2565,1.121790272357562,4,0.008796113036114717,0.09090909090909091,8.400331120974807,252.75,223.5,894.0,COLD4C_2A
B0053,6,4.470889063729347,7.337716908764117,18.63570596513145,0,305,0,220,51.288979651610624,2542,1.1135982401443856,4,0.008192032213176326,0.10909090909090909,8.186937838265994,263.4,223.0,892.0,COLD4C_2A
B0053,7,4.540389972144847,6.923223753777902,21.292305794774187,0,306,0,221,50.81470103188612,2513,1.0864654057095062,4,0.02713283443487935,0.12727272727272726,7.256765906446427,309.6,224.4,897.6,COLD4C_2A
B0053,8,4.545090180360721,7.3823101170789815,21.01159959420005,0,306,0,219,51.45832215879435,2495,1.0647493568993147,4,0.021716048810191513,0.14545454545454545,7.254322461040348,307.6,222.4,889.6,COLD4C_2A
B0053,9,4.484702093397746,7.359390113211231,20.939938897683515,0,298,0,216,51.28525017322484,2484,1.0809288094959644,4,-0.016179452596649657,0.16363636363636364,7.263126971617707,306.4,220.8,883.2,COLD4C_2A
B0053,10,4.46088366436968,7.379325478459137,19.89816703502836,0,293,0,214,50.972371784634454,2467,1.0852752041846463,4,-0.0043463946886819205,0.18181818181818182,7.267201120052595,304.2,219.4,877.6,COLD4C_2A
B0053,11,4.533742331288344,7.381503330777459,21.101391697483887,0,299,0,214,50.58783936789299,2445,1.0504799933740894,4,0.03479521081055692,0.2,7.2763932742582735,301.6,218.0,872.0,COLD4C_2A
B0053,12,4.46583850931677,6.901663413853361,18.64340722345076,0,287,0,210,50.48212806773795,2415,1.0853550177054303,4,-0.03487502433134093,0.21818181818181817,7.285150558660942,300.4,216.8,867.2,COLD4C_2A
B0053,13,4.54734219269103,7.402506073286021,21.313677971413888,0,294,0,212,50.21121837745518,2408,1.0508395690790722,4,0.034515448626358136,0.23636363636363636,7.280838490676034,296.6,214.6,858.4,COLD4C_2A
B0053,14,4.509433962264151,7.378375206916622,20.92811979857166,0,287,0,209,50.517065247099474,2385,1.060906788333118,4,-0.010067219254045856,0.2545454545454545,7.2848776819174414,294.2,213.2,852.8,COLD4C_2A
B0053,15,4.507607776838546,7.40856454651202,19.942242939015927,0,283,0,208,50.20364988718644,2366,1.070582461063814,4,-0.009675672730695917,0.2727272727272727,7.28867470065852,292.0,211.8,847.2,COLD4C_2A
B0053,16,4.555129842486164,7.370348936325012,21.0220574646762,0,288,0,207,49.96471063779301,2349,1.024036665663697,4,0.04654579540011694,0.2909090909090909,7.2945225142690955,290.0,210.6,842.4,COLD4C_2A
B0053,17,4.510309278350515,6.9043540655209945,19.091622529647232,0,278,0,205,49.80551715066439,2328,1.0670957253433857,4,-0.043059059679688705,0.3090909090909091,7.292291635378606,287.8,209.2,836.8,COLD4C_2A
B0053,18,4.553648068669528,7.453651355391025,21.30570494347084,0,284,0,206,49.949187668602576,2330,1.0279237850447498,4,0.03917194029863591,0.32727272727272727,7.292829765712133,286.0,208.2,832.8,COLD4C_2A
B0053,19,4.547030775899437,7.397206440236479,21.06885524244432,0,280,0,204,49.880159110304405,2307,1.0325426399701008,4,-0.004618854925350968,0.34545454545454546,7.303058822133134,284.0,207.0,828.0,COLD4C_2A
B0053,20,4.471153846153846,7.399978526793807,20.144043440069197,0,270,0,200,49.891619807805014,2288,1.055948784653705,4,-0.023406144683604246,0.36363636363636365,7.306825068797106,282.6,206.0,824.0,COLD4C_2A
B0053,21,4.571428571428571,7.42241868234694,21.22988294194384,0,276,0,203,49.19618946482926,2275,1.0445313831308718,4,0.011417401522833215,0.38181818181818183,7.305107864853464,280.0,204.4,817.6,COLD4C_2A
B0053,22,4.653268551236749,6.9495875790861605,20.949809700571592,0,279,0,206,49.24343473300164,2264,1.035313906812183,4,0.009217476318688744,0.4,7.315521814057848,277.6,203.6,814.4,COLD4C_2A
B0053,23,4.650334075723831,7.001161167371033,20.122996890408825,0,272,0,206,50.78752915061327,2245,1.076341053101982,4,-0.041027146289798866,0.41818181818181815,7.324568516770883,277.8,203.8,815.2,COLD4C_2A
B0053,24,4.573033707865169,7.400259581428515,20.906313087706064,0,271,0,198,50.46507240796117,2225,1.0352223140423542,4,0.04111873905962771,0.43636363636363634,7.234070479166884,275.4,203.8,815.2,COLD4C_2A
B0053,25,4.613471971066907,7.423606888803258,21.20076254299653,0,267,0,201,49.85200703603256,2212,1.0514287056908256,4,-0.016206391648471374,0.45454545454545453,7.234681107405291,273.6,202.6,810.4,COLD4C_2A
B0053,26,4.542558033682294,7.334022257762587,20.01669492389786,0,260,0,197,49.99020563317516,2197,1.060332934638968,4,-0.008904228948142467,0.4727272727272727,7.239406779807181,273.0,202.8,811.2,COLD4C_2A
B0053,27,4.6202819463392455,7.439354645664574,21.30088854975241,0,268,0,199,49.09521393317986,2199,1.0236966462748538,4,0.036636288364114256,0.4909090909090909,7.221727494890311,269.8,201.6,806.4,COLD4C_2A
B0053,28,4.602846648301194,6.9810074110952245,19.859103950325803,0,263,0,197,49.22369360171606,2178,1.0465884668750889,4,-0.02289182060023509,0.509090909090909,7.319680908205993,267.6,200.2,800.8,COLD4C_2A
B0053,29,4.6600370027752085,7.433386228147687,21.371062787995548,0,267,0,197,49.33135918871821,2162,1.0031121684812232,4,0.04347629839386569,0.5272727272727272,7.3156501569508325,265.8,198.4,793.6,COLD4C_2A
B0053,30,4.57089552238806,7.397200415836239,20.350562837762897,0,256,0,193,49.45778479046688,2144,1.0461578935615607,4,-0.04304572508033755,0.5454545454545454,7.322275486294666,265.0,198.2,792.8,COLD4C_2A
B0053,31,4.614125350795136,7.446545007481386,21.375504791399432,0,259,0,194,48.72924170436419,2138,1.0156263513525603,4,0.03053154220900045,0.5636363636363636,7.316994191701262,262.8,196.6,786.4,COLD4C_2A
B0053,32,4.604147031102733,7.38569293720838,20.75519907919811,0,256,0,192,49.0305349002846,2122,1.0250054893129452,4,-0.00937913796038492,0.5818181818181818,7.339498741645022,262.6,196.0,784.0,COLD4C_2A
B0053,33,4.707838479809976,6.927498818069516,21.495108529574846,0,264,0,193,48.14266021460505,2105,0.9801331625592912,4,0.044872326753654046,0.6,7.328766399953783,260.2,194.6,778.4,COLD4C_2A
B0053,34,4.592911877394636,7.419352888227592,20.37800123976825,0,250,0,189,49.19746121905505,2088,1.036777776420363,4,-0.05664461386107178,0.6181818181818182,7.318064681348642,260.4,193.8,775.2,COLD4C_2A
B0053,35,4.612980769230769,7.434987682285735,18.99374555068393,0,251,0,189,48.37835867071061,2080,1.026830062058722,4,0.00994771436164088,0.6363636363636364,7.315258013364622,257.0,192.2,768.8,COLD4C_2A
B0053,36,4.705738106915154,7.457905355853994,19.66943680638515,0,251,0,189,48.13129470083133,2039,1.0150379662805102,4,0.01179209577821183,0.6545454545454545,7.322815466654522,256.0,191.4,765.6,COLD4C_2A
B0053,37,4.647513278609368,7.423425088554856,21.138845685984403,0,253,0,189,48.36758307186606,2071,0.9904614739486176,4,0.02457649233189263,0.6727272727272727,7.325087536329043,254.4,190.4,761.6,COLD4C_2A
B0053,38,4.668615984405458,6.973396476220554,19.288047919779903,0,252,0,188,48.10135076257839,2052,1.0145765174582757,4,-0.024115043509658096,0.6909090909090909,7.332633966598339,253.8,189.8,759.2,COLD4C_2A
B0053,39,4.689182574645129,7.430760256294716,21.3268013324968,0,252,0,188,48.4636572681954,2043,0.9811308944080388,4,0.033445623050236906,0.7090909090909091,7.341813498228545,251.4,188.8,755.2,COLD4C_2A
B0053,40,4.647609659931001,7.412494980612453,20.84260661100648,0,246,0,186,48.41869370671715,2029,1.0041687429386437,4,-0.023037848530604865,0.7272727272727273,7.3440949718419715,251.8,188.6,754.4,COLD4C_2A
B0053,41,4.608910891089109,7.426483793726917,19.833460857744715,0,242,0,184,48.19297172280677,2020,1.007820487960787,4,-0.0036517450221433823,0.7454545454545455,7.3395964315073146,250.8,188.0,752.0,COLD4C_2A
B0053,42,4.633781763826607,7.412917788363743,21.59240098021019,0,246,0,182,47.863352542877855,2007,0.982454133084564,4,0.025366354876223074,0.7636363636363637,7.3333121190819,249.0,187.0,748.0,COLD4C_2A
B0053,43,4.8903836571998,7.025901298442468,20.679962323191948,0,247,0,198,47.90666078420003,2007,1.1096775355538029,4,-0.1272234024692389,0.7818181818181819,7.331210659043677,247.6,185.6,742.4,COLD4C_2A
B0053,44,4.837337337337337,7.086966281848267,18.9874805225948,0,241,0,196,51.966514107150516,1998,1.1136801589914762,4,-0.004002623437673325,0.8,7.3417116234880595,246.6,187.6,750.4,COLD4C_2A
B0053,45,4.886991461577097,7.516118611999001,21.621996984314368,0,248,0,195,50.49778211461343,1991,1.0385009100572404,4,0.07517924893423578,0.8181818181818182,7.27295282859877,244.4,189.2,756.8,COLD4C_2A
B0053,46,4.769035532994923,7.5209117139835096,20.6947966949998,0,235,0,190,50.56021926669425,1970,1.0768815902180078,4,-0.038380680160767344,0.8363636363636363,7.293677554876079,244.8,191.0,764.0,COLD4C_2A
B0053,47,4.774226281075596,7.489546871511077,20.978900321002104,0,238,0,189,49.788664848245816,1971,1.0721705505837382,4,0.004711039634269554,0.8545454545454545,7.3125631389273975,243.4,192.2,768.8,COLD4C_2A
B0053,48,4.821337417049515,7.568270851853182,21.79016577987201,0,243,0,188,49.30764696881488,1959,1.0124588999851116,4,0.0597116505986266,0.8727272727272727,7.327888955556865,241.8,193.6,774.4,COLD4C_2A
B0053,49,4.799279464745239,6.94815120377582,21.259687238039497,0,239,0,186,49.0262006227291,1943,1.0279944857549583,4,-0.015535585769846705,0.8909090909090909,7.436362866239007,241.0,191.6,766.4,COLD4C_2A
B0053,50,4.806401652039236,7.593442414656993,22.11367611975276,0,236,0,187,49.22763768984401,1937,1.0304147279049998,4,-0.0024202421500414406,0.9090909090909091,7.408599850624517,240.6,189.6,758.4,COLD4C_2A
B0053,51,4.732606438213915,7.499118717260905,21.10327954426607,0,231,0,183,49.45936375432835,1926,1.0556163273995052,4,-0.0252015994945054,0.9272727272727272,7.424064611156116,238.2,188.0,752.0,COLD4C_2A
B0053,52,4.814718162839249,7.572210486592538,21.838243278861643,0,237,0,184,48.60450741612683,1916,1.0011115418162628,4,0.05450478558324234,0.9454545454545454,7.419706011811596,237.4,186.6,746.4,COLD4C_2A
B0053,53,4.7159389794844815,7.506483883237461,20.913426015392048,0,227,0,180,49.062915320980764,1901,1.0466839215498662,4,-0.045572379733603396,0.9636363636363636,7.436238734827887,237.2,185.6,742.4,COLD4C_2A
B0053,54,4.748010610079576,6.983784352724493,19.94793881732045,0,228,0,179,48.058184146975215,1885,1.047181656018543,4,-0.000497734468676736,0.9818181818181818,7.423881341104743,234.0,184.0,736.0,COLD4C_2A
B0053,55,4.814323607427056,7.597709765535435,22.11167709201849,0,231,0,182,48.405501404179596,1885,1.0102740078425778,4,0.036907648175965146,1.0,7.431007970894479,231.8,182.6,730.4,COLD4C_2A
B0054,3,3.767948717948718,7.040800563162117,19.246439328077983,0,507,0,229,49.920896103011025,3900,1.1052521456138635,4,0.061291878197746064,0.029411764705882353,9.703133937184077,333.0,204.0,816.0,COLD4C_2A
B0054,4,4.218300653594771,7.019271556182843,25.274344894624623,0,497,0,282,46.06373350708733,3825,1.0960302257185877,4,0.009221919895275876,0.0392156862745098,8.815689479176756,391.0,212.33333333333334,849.3333333333334,COLD4C_2A
B0054,5,3.6881319850984564,7.625696261753338,23.97276960990524,0,480,0,215,54.12643004875201,3758,1.0754450685609742,4,0.020585157157613443,0.049019607843137254,8.366584998428278,417.5,229.75,919.0,COLD4C_2A
B0054,6,4.255434782608695,7.003146276737474,25.399130245059563,0,482,0,274,44.56516980433536,3680,1.0655493528023796,4,0.009895715758594603,0.058823529411764705,8.218407251093291,430.0,226.8,907.2,COLD4C_2A
B0054,7,3.628233351678591,6.903148594606226,19.95849572800336,0,435,0,215,53.43893438034098,3634,1.0568368579972396,4,0.008712494805140025,0.06862745098039216,7.126340226792829,493.4,249.0,996.0,COLD4C_2A
B0054,8,3.9907094594594597,6.9837667661565455,22.3455512044548,0,439,0,246,45.452086174191116,3552,1.0449064445364842,4,0.011930413460755407,0.0784313725490196,7.118412650488399,480.2,243.0,972.0,COLD4C_2A
B0054,9,3.7546047038821198,7.427098854666991,20.676562300164747,0,452,0,209,49.209280784017295,3529,1.0458363976936966,4,-0.0009299531572124486,0.08823529411764706,7.107005891087286,466.6,246.4,985.6,COLD4C_2A
B0054,10,3.8186019641825535,6.9302769355431,19.776786565302107,0,458,0,205,43.77549865692946,3462,1.018187920878015,4,0.027648476815681722,0.09803921568627451,7.188571350784114,457.6,231.8,927.2,COLD4C_2A
B0054,11,4.055292726197516,6.915171875609317,22.520284175103843,0,427,0,237,43.233371590123895,3382,1.0226409233672231,4,-0.004453002489208213,0.10784313725490197,7.049487485542068,453.2,229.8,919.2,COLD4C_2A
B0054,12,3.762686567164179,6.825654326373178,17.54568061289479,0,429,0,199,47.84125205760011,3350,1.03890961861509,4,-0.016268695247866782,0.11764705882352941,7.031892605316436,442.2,222.4,889.6,COLD4C_2A
B0054,13,4.2094209420942095,6.988577253937982,22.730114882559054,0,438,0,242,42.96302424082589,3333,1.0173250354350074,4,0.021584583180082495,0.12745098039215685,7.016393751669827,441.0,219.2,876.8,COLD4C_2A
B0054,14,3.7549527583053948,7.279527972728127,17.24230903543893,0,416,0,196,49.40889172067351,3281,1.033183911994548,4,-0.015858876559540658,0.13725490196078433,7.017355849226114,440.8,218.4,873.6,COLD4C_2A
B0054,15,3.8309074016723446,6.796310776886918,17.67282228813571,0,428,0,192,42.644548386094726,3229,1.0095232119739597,4,0.0236607000205884,0.14705882352941177,6.987841672838341,433.6,215.8,863.2,COLD4C_2A
B0054,16,4.3781328320802,6.977995881705898,24.83365687277193,0,429,0,245,41.55060320299466,3192,0.9862483259626476,4,0.023274886011312113,0.1568627450980392,6.9610484411071045,427.6,213.2,852.8,COLD4C_2A
B0054,17,4.259554140127388,7.002091687568247,23.814869897999767,0,397,0,241,50.02398953407195,3140,1.0080048320000436,4,-0.021756506037396095,0.16666666666666666,6.9736132423264205,428.0,214.8,859.2,COLD4C_2A
B0054,18,4.178237003551824,7.520531391825409,23.28615802177016,0,388,0,231,50.84777741577215,3097,1.0153387761254196,4,-0.007333944125375913,0.17647058823529413,7.008900714565435,421.6,223.2,892.8,COLD4C_2A
B0054,19,4.164503569110967,7.489203902822441,22.857688282463823,0,387,0,228,49.97423450121428,3082,1.0106786853355956,4,0.00466009078982399,0.18627450980392157,7.11529154214292,411.6,221.0,884.0,COLD4C_2A
B0054,20,3.7715587373901727,7.224812874443971,17.0744400013979,0,384,0,188,48.82227519443117,3073,1.010409656585336,4,0.0002690287502595812,0.19607843137254902,7.157226728161783,405.8,227.4,909.6,COLD4C_2A
B0054,21,4.4120586275816125,7.033496114238611,25.034160636506623,0,399,0,236,42.42794511005079,3002,0.9801433323963482,4,0.03026632418898778,0.20588235294117646,7.242927147673193,397.0,226.6,906.4,COLD4C_2A
B0054,22,4.443490209549982,7.01782787748682,23.82931377080337,0,359,0,245,49.81041275391896,2911,1.1016641723624383,4,-0.12152083996609009,0.21568627450980393,7.254027194179736,391.0,224.8,899.2,COLD4C_2A
B0054,23,4.037225042301184,6.888652173211526,18.148295901779747,0,376,0,203,52.50912048495171,2955,1.0826512239001271,4,0.019012948462311163,0.22549019607843138,7.25717443216345,383.4,225.6,902.4,COLD4C_2A
B0054,24,4.473051836594576,7.071245673690179,24.24050410772348,0,376,0,240,45.65219773706167,2913,1.0575008387868343,4,0.025150385113292817,0.23529411764705882,7.1307985884406735,381.0,220.0,880.0,COLD4C_2A
B0054,25,4.346541536322558,7.539165004499228,22.93935470684112,0,363,0,229,51.100119144775405,2877,1.0385517331615322,4,0.018949105625302165,0.24509803921568626,7.047206942614221,378.8,222.4,889.6,COLD4C_2A
B0054,26,4.409916201117318,7.481197557149412,24.77112444800467,0,366,0,232,49.7912439682077,2864,1.0073294901291132,4,0.03122224303241894,0.2549019607843137,7.110077368625274,374.6,230.6,922.4,COLD4C_2A
B0054,27,3.883221948645797,7.303369902691786,17.89071754401447,0,358,0,183,50.514100053468646,2843,1.0160400308540347,4,-0.0087105407249215,0.2647058823529412,7.199617657207433,368.0,229.8,919.2,COLD4C_2A
B0054,28,4.066977077363897,6.798263659842958,18.305747733025576,0,373,0,186,42.1820454750011,2792,1.0158319636440951,4,0.0002080672099395997,0.27450980392156865,7.256726062248427,367.8,217.4,869.6,COLD4C_2A
B0054,29,4.143167028199566,6.947774443525741,19.849601783840107,0,364,0,194,42.64236081832505,2766,1.0015383803216271,4,0.014293583322467995,0.28431372549019607,7.238648359574713,367.2,214.0,856.0,COLD4C_2A
B0054,30,4.475894813732651,7.120759881926966,23.697887384213885,0,357,0,224,43.851512590933424,2738,0.981248861591824,4,0.020289518729803113,0.29411764705882354,7.213954113541826,364.8,204.8,819.2,COLD4C_2A
B0054,31,3.9653902798232696,7.364393924986789,18.744042145194648,0,344,0,181,49.172624528219636,2716,0.9987416030110134,4,-0.01749274141918944,0.30392156862745096,7.130273089027372,363.6,203.8,815.2,COLD4C_2A
B0054,32,4.544270833333333,7.079314986153936,24.85575941323945,0,359,0,222,42.44087520882459,2688,0.9584014230949642,4,0.04034017991604921,0.3137254901960784,7.106912362594848,359.2,193.6,774.4,COLD4C_2A
B0054,33,4.375470278404816,7.014204522767674,22.63357359621721,0,338,0,213,48.564671136427,2658,0.9800846133894624,4,-0.021683190294498167,0.3235294117647059,7.062101379287279,359.4,201.4,805.6,COLD4C_2A
B0054,34,3.9198343996989085,7.276573686214538,18.24210090664387,0,337,0,173,48.299184396953436,2657,0.9720372198962766,4,0.00804739349318584,0.3333333333333333,7.105289551872221,352.4,206.8,827.2,COLD4C_2A
B0054,35,4.473884864658787,7.007999549931893,23.459587106388877,0,349,0,211,41.4476964875295,2623,0.9693202807518412,4,0.002716939144435382,0.3431372549019608,7.17104940040998,347.0,202.6,810.4,COLD4C_2A
B0054,36,4.473076923076923,7.5141076235652315,24.87318926454243,0,336,0,214,47.27623218490555,2600,0.9479786388506264,4,0.021341641901214792,0.35294117647058826,7.148497334010966,345.4,200.0,800.0,COLD4C_2A
B0054,37,4.356031128404669,7.470016864756095,22.57895105031832,0,325,0,205,48.593905904308045,2570,0.9638519569071228,4,-0.01587331805649639,0.3627450980392157,7.178440073726653,343.8,206.6,826.4,COLD4C_2A
B0054,38,4.028649921507064,6.856432154945117,18.155876160419844,0,329,0,172,46.73624792527592,2548,0.9682336695484696,4,-0.004381712641346791,0.37254901960784315,7.256580449447087,337.0,203.2,812.8,COLD4C_2A
B0054,39,4.601506740681998,7.1036353816127935,24.745737558953422,0,339,0,212,41.7168000260841,2522,0.9407020864603765,4,0.027531583088093114,0.38235294117647056,7.225025975882575,335.2,195.0,780.0,COLD4C_2A
B0054,40,4.212315073970412,7.423979835755195,20.864500972462256,0,319,0,186,48.05050107848245,2501,0.9618442077038964,4,-0.021142121243519996,0.39215686274509803,7.190438314962226,335.6,202.8,811.2,COLD4C_2A
B0054,41,4.0213451469995976,7.051988418128405,18.59367691804772,0,325,0,165,44.074407760900996,2483,0.9332340144199704,4,0.028610193283926,0.4019607843137255,7.273634372126887,329.6,197.8,791.2,COLD4C_2A
B0054,42,4.622679580306699,7.015633059595485,24.597212846034733,0,335,0,209,40.352259353440786,2478,0.9313454737145216,4,0.00188854070544886,0.4117647058823529,7.181210531039521,327.4,188.0,752.0,COLD4C_2A
B0054,43,4.642419288925215,7.075829884601785,24.13178710047615,0,320,0,213,47.19392559231148,2447,0.9976429099116704,4,-0.06629743619714878,0.4215686274509804,7.090333770007399,329.4,188.8,755.2,COLD4C_2A
B0054,44,4.615542763157895,7.089335518499533,23.612194914633054,0,313,0,212,49.58219116144662,2432,0.9833315262972036,4,0.014311383614466822,0.43137254901960786,7.134213315938733,327.6,197.0,788.0,COLD4C_2A
B0054,45,4.109871953738125,7.382161534963486,18.440812947045615,0,308,0,172,49.43383317158551,2421,0.9904370062777442,4,-0.007105479980540674,0.4411764705882353,7.131353343316081,322.4,197.0,788.0,COLD4C_2A
B0054,46,4.6850229453483525,7.121205564123609,24.73342335069987,0,320,0,209,42.46902741596934,2397,0.9499871340436294,4,0.04044987223411478,0.45098039215686275,7.122989683157739,320.2,194.2,776.8,COLD4C_2A
B0054,47,4.586134453781512,7.526536439753053,24.172566338551658,0,307,0,205,48.333946241458996,2380,0.9526027840900876,4,-0.00261565004645814,0.46078431372549017,7.13683311235678,319.2,203.0,812.0,COLD4C_2A
B0054,48,8.197852760736197,8.952714882924424,23.99040081449467,0,306,0,198,36.80705195909382,1304,0.8850175175465715,4,0.06758526654351604,0.47058823529411764,7.239013788388293,313.6,202.2,808.8,COLD4C_2A
B0054,49,4.498296099962135,7.096456530219979,23.497913584081875,0,338,0,221,50.67765478857509,2641,0.9937402750241768,4,-0.10872275747760529,0.4803921568627451,7.614390788052821,310.8,199.2,796.8,COLD4C_2A
B0054,50,4.4408272692455,7.534341713462027,22.413638355604547,0,331,0,215,49.7026140425548,2611,0.995507330519279,4,-0.0017670554951021433,0.49019607843137253,7.615814990396911,315.8,201.0,804.0,COLD4C_2A
B0054,51,4.460139318885449,7.500207171940582,23.276288269463745,0,329,0,214,48.651456186853075,2584,0.975407870968116,4,0.02009945955116299,0.5,7.6462510260966186,320.4,209.6,838.4,COLD4C_2A
B0054,52,4.434697855750487,7.544065985533798,23.166415774259068,0,325,0,211,48.64171990096322,2565,0.965960558373922,4,0.009447312594193957,0.5098039215686274,7.722051347660013,322.2,210.6,842.4,COLD4C_2A
B0054,53,4.463021243115657,7.538778035697203,23.915519230311656,0,325,0,210,48.20510015604568,2542,0.9573702621688754,4,0.008590296205046588,0.5196078431372549,7.725557256816162,325.8,211.8,847.2,COLD4C_2A
B0054,54,4.528452049343414,7.072515118563757,24.7714915843067,0,330,0,209,47.530371286275184,2513,0.9294756591964932,4,0.02789460297238222,0.5294117647058824,7.442769887370718,329.6,214.2,856.8,COLD4C_2A
B0054,55,4.49498997995992,7.544267679268138,24.68396453173386,0,323,0,207,48.11110931627354,2495,0.9323553879823946,4,-0.00287972878590137,0.5392156862745098,7.437981605039473,328.0,211.8,847.2,COLD4C_2A
B0054,56,4.072061191626409,7.384694185293186,19.3493489008272,0,315,0,174,47.883906054501345,2484,0.954568378404969,4,-0.022212990422574408,0.5490196078431373,7.439966798200696,326.4,210.2,840.8,COLD4C_2A
B0054,57,4.533846777462505,7.13427236614381,24.13873479197664,0,323,0,206,42.40955847462601,2467,0.9330242104372936,4,0.021544167967675443,0.5588235294117647,7.416864200871217,323.6,202.2,808.8,COLD4C_2A
B0054,58,4.494887525562373,7.585367517405417,24.81564122138252,0,316,0,203,47.3594638537854,2445,0.923294184000959,4,0.009730026436334582,0.5686274509803921,7.334905476993218,323.2,201.2,804.8,COLD4C_2A
B0054,59,4.488612836438923,7.024510006676903,23.24485824164149,0,312,0,200,46.90490151635225,2415,0.9257799164262976,4,-0.0024857324253386714,0.5784313725490197,7.344223373334861,321.4,199.8,799.2,COLD4C_2A
B0054,60,4.507890365448505,7.557297527095255,24.86373425921068,0,311,0,201,47.14140375572447,2408,0.9162765793280084,4,0.00950333709828921,0.5882352941176471,7.334622350957491,317.8,198.0,792.0,COLD4C_2A
B0054,61,4.09853249475891,7.3961074677950105,19.71656983039465,0,303,0,169,47.274277480874765,2385,0.9387011679112468,4,-0.02242458858323837,0.5980392156862745,7.337228320522914,315.4,196.8,787.2,COLD4C_2A
B0054,62,4.587912087912088,7.151854003781901,24.608575630578702,0,313,0,200,41.92256209725009,2366,0.9158990586877171,4,0.022802109223529654,0.6078431372549019,7.339510977023279,313.0,195.8,783.2,COLD4C_2A
B0054,63,4.027245636441039,7.400844148984965,18.813867999485478,0,302,0,159,46.81616585905889,2349,0.9202608990433788,4,-0.0043618403556616725,0.6176470588235294,7.343027304550897,311.0,194.6,778.4,COLD4C_2A
B0054,64,4.690721649484536,6.910274259152653,23.94925053538712,0,322,0,198,39.93896464809187,2328,0.9111253917360888,4,0.00913550730729007,0.6274509803921569,7.306122630866807,308.2,185.8,743.2,COLD4C_2A
B0054,65,4.51931330472103,7.674869938321816,24.82147170162433,0,300,0,196,46.74182854488259,2330,0.8980507043695345,4,0.01307468736655426,0.6372549019607843,7.283275481361957,310.2,185.4,741.6,COLD4C_2A
B0054,66,4.061551798872995,7.409089204092512,19.95134590542685,0,294,0,160,46.87784625115782,2307,0.9278864624016372,4,-0.0298357580321027,0.6470588235294118,7.30678996360727,308.0,184.4,737.6,COLD4C_2A
B0054,67,4.576048951048951,7.086109134839559,22.523812738647745,0,302,0,193,40.887392542739704,2288,0.9118415396987224,4,0.0160449227029148,0.6568627450980392,7.309386310866769,306.2,182.6,730.4,COLD4C_2A
B0054,68,4.549450549450549,7.5960802443603495,24.88527095803529,0,294,0,193,46.02186681919207,2275,0.8936491649329469,4,0.01819237476577551,0.6666666666666666,7.296237337078301,304.0,181.2,724.8,COLD4C_2A
B0054,69,4.6113074204946995,7.079788929481626,24.49535100296176,0,298,0,194,45.94281929746787,2264,0.9100864492604256,4,-0.016437284327478707,0.6764705882352942,7.335284556153378,302.4,188.0,752.0,COLD4C_2A
B0054,70,4.657015590200445,7.1134707286020005,24.79248513927076,0,297,0,195,47.022055180288966,2245,0.911490473146094,4,-0.001404023885668404,0.6862745098039216,7.369187490219173,297.6,187.2,748.8,COLD4C_2A
B0054,71,4.112359550561798,7.381504166242149,19.41886177632084,0,284,0,158,47.30811527211331,2225,0.9337172811638196,4,-0.022226808017725586,0.696078431372549,7.2569076482752095,297.0,187.0,748.0,COLD4C_2A
B0054,72,4.699367088607595,7.149829750805585,24.843161021240142,0,297,0,193,41.3536960006348,2212,0.8981517756068776,4,0.035565505556941934,0.7058823529411765,7.251390640705137,295.0,186.6,746.4,COLD4C_2A
B0054,73,4.485662266727355,7.490156480286833,22.81807409211731,0,279,0,184,46.660477957395706,2197,0.9139367135371254,4,-0.01578493793024771,0.7156862745098039,7.264134763898342,294.0,186.6,746.4,COLD4C_2A
B0054,74,4.597544338335607,7.508870854898502,24.58129890321389,0,286,0,189,45.37111504315867,2199,0.8764848617154279,4,0.03745185182169741,0.7254901960784313,7.2429500110836385,291.0,184.8,739.2,COLD4C_2A
B0054,75,4.641873278236915,7.086572402353036,24.65462709285521,0,288,0,188,45.76292825314749,2178,0.8854917958581964,4,-0.00900693414276843,0.7352941176470589,7.328766396167014,288.6,183.8,735.2,COLD4C_2A
B0054,76,4.6207215541165585,7.575035344660487,24.667711168999983,0,282,0,187,46.46257112255668,2162,0.8819074622846708,4,0.003584333573525611,0.7450980392156863,7.323386730917221,286.8,182.4,729.6,COLD4C_2A
B0054,77,4.407649253731344,7.472902080730239,21.67226159753115,0,274,0,173,46.35586605707756,2144,0.9045809105944796,4,-0.022673448309808886,0.7549019607843137,7.362092966600889,286.4,188.2,752.8,COLD4C_2A
B0054,78,4.625818521983162,7.389287294325506,24.96144413226689,0,280,0,185,43.86222114510371,2138,0.8734606349455996,4,0.03112027564888009,0.7647058823529411,7.426707432585819,281.8,184.2,736.8,COLD4C_2A
B0054,79,4.26248821866164,7.438117293693923,20.058240632301818,0,273,0,160,45.96903029788321,2122,0.903131190986828,4,-0.02967055604122848,0.7745098039215687,7.4065335953935545,282.0,184.4,737.6,COLD4C_2A
B0054,80,4.798099762470309,6.974314312229114,24.813991518744384,0,294,0,185,41.14380290962036,2105,0.8712217754060124,4,0.031909415580815614,0.7843137254901961,7.392382883152638,279.4,178.6,714.4,COLD4C_2A
B0054,81,4.540229885057471,7.566840897054593,22.3422759308799,0,268,0,177,45.96999420073875,2088,0.8936499043476617,4,-0.02242812894164925,0.7941176470588235,7.369931265127853,280.6,178.0,712.0,COLD4C_2A
B0054,82,4.617788461538462,7.500878905483297,23.389616432610406,0,269,0,181,44.88275889381145,2080,0.8835064014687892,4,0.010143502878872446,0.803921568627451,7.368292375606676,277.8,176.0,704.0,COLD4C_2A
B0054,83,4.710642471799902,7.6068485241391635,24.437246414395887,0,269,0,181,45.3361435930065,2039,0.8779403705367915,4,0.005566030931997701,0.8137254901960784,7.3738877405572865,276.8,177.6,710.4,COLD4C_2A
B0054,84,4.623370352486721,7.57016026654402,24.61732308170388,0,269,0,180,45.67000188167827,2071,0.8599389109365094,4,0.0180014596002821,0.8235294117647058,7.417399986520019,274.6,176.8,707.2,COLD4C_2A
B0054,85,4.680799220272904,7.0718638877096485,24.271941214408503,0,273,0,179,44.98478030892937,2052,0.8697358119609565,4,-0.00979690102444708,0.8333333333333334,7.443808581090037,273.8,180.8,723.2,COLD4C_2A
B0054,86,4.657366617719041,7.567335077966093,24.804728027574093,0,267,0,179,45.63363861777558,2043,0.8638271814812677,4,0.0059086304796888145,0.8431372549019608,7.463318496186145,269.6,179.6,718.4,COLD4C_2A
B0054,87,4.2976835879743716,7.4588797899684165,20.14435186385532,0,262,0,155,45.57274358424642,2029,0.8865694537789144,4,-0.022742272297646693,0.8529411764705882,7.463417332368444,269.4,180.0,720.0,COLD4C_2A
B0054,88,4.688118811881188,7.1988142961796955,23.51552492010551,0,268,0,177,41.347680801842614,2020,0.8690078572313327,4,0.017561596547581715,0.8627450980392157,7.455017509265469,268.0,174.8,699.2,COLD4C_2A
B0054,89,4.616342800199303,7.553121966914413,24.913142338885027,0,263,0,173,44.895430553992064,2007,0.8474446088377652,4,0.02156324839356749,0.8725490196078431,7.373410663673575,267.8,174.0,696.0,COLD4C_2A
B0054,90,4.882909815645242,7.106597638155768,23.80380834532953,0,278,0,183,44.37821096558681,2007,0.8799727721580702,4,-0.03252816332030506,0.8823529411764706,7.370003003747653,266.6,172.6,690.4,COLD4C_2A
B0054,91,4.867367367367367,7.107683410487573,23.08245417914552,0,269,0,185,47.41819474000217,1998,0.9110444582768508,4,-0.031071686118780528,0.8921568627450981,7.376949753836878,267.6,173.4,693.6,COLD4C_2A
B0054,92,4.794073329984932,7.462813378811365,23.778234573688007,0,263,0,182,47.01624372285743,1991,0.912172429335506,4,-0.0011279710586552527,0.9019607843137255,7.285019420341174,268.0,174.6,698.4,COLD4C_2A
B0054,93,4.753807106598985,7.420092530482924,23.05943482945761,0,257,0,179,46.49695789241292,1970,0.8872043975884799,4,0.02496803174702611,0.9117647058823529,7.285806138109763,268.2,180.0,720.0,COLD4C_2A
B0054,94,4.644850329781836,7.409215946426679,22.244929264861582,0,259,0,171,46.15440315309913,1971,0.8961236767959215,4,-0.008919279207441622,0.9215686274509803,7.330061784970408,266.0,180.4,721.6,COLD4C_2A
B0054,95,4.749872383869321,7.37240269417905,23.801178997375885,0,259,0,176,44.61124792806594,1959,0.8851334001128452,4,0.010990276683076283,0.9313725490196079,7.301280580872861,265.2,180.0,720.0,COLD4C_2A
B0054,96,4.441585177560474,6.833674427680407,20.129283300775896,0,262,0,152,45.01292467804623,1943,0.8793386645436118,4,0.005794735569233489,0.9411764705882353,7.354441592077518,261.4,178.6,714.4,COLD4C_2A
B0054,97,4.852865255549819,7.223696988838706,24.104183465359974,0,266,0,176,41.43520817212019,1937,0.8461224238450626,4,0.033216240698549115,0.9509803921568627,7.299639795516084,260.0,172.0,688.0,COLD4C_2A
B0054,98,4.628764278296988,7.378056281895291,21.124822433154826,0,253,0,166,45.31020052589369,1926,0.8705933152969343,4,-0.024470891451871646,0.9607843137254902,7.2518165175215525,260.6,170.8,683.2,COLD4C_2A
B0054,99,4.780793319415449,7.342246977988004,24.038373358435607,0,258,0,172,43.82218536488002,1916,0.8440520909609104,4,0.026541224336023905,0.9705882352941176,7.243409267804028,259.8,168.2,672.8,COLD4C_2A
B0054,100,4.700157811678064,7.351517590329933,22.33379539164456,0,251,0,168,44.975576227737655,1901,0.8536244678403578,4,-0.009572376879447453,0.9803921568627451,7.230015474116291,259.6,168.4,673.6,COLD4C_2A
B0054,101,4.732095490716181,6.920860299194753,21.7292466341309,0,256,0,165,43.95723887948194,1885,0.8524519337958137,4,0.0011725340445440935,0.9901960784313726,7.2258384533464675,258.0,166.8,667.2,COLD4C_2A
B0054,102,4.779840848806366,7.400022787712189,24.067733333922256,0,252,0,170,44.18570364864036,1885,0.8373919001793014,4,0.015060033616512314,1.0,7.243275627649337,256.8,169.4,677.6,COLD4C_2A
B0055,3,1.8974358974358974,6.817959577895997,18.02222405324747,0,476,0,0,52.612224532969314,3900,1.2769832801132015,4,0.04290887634967655,0.029411764705882353,9.291402959843177,320.0,0.0,0.0,COLD4C_2A
B0055,4,1.869281045751634,6.73299824040144,16.276920867509258,0,460,0,0,50.45219176725517,3825,1.2572591312230863,4,0.0197241488901152,0.0392156862745098,8.466921832527449,372.0,0.0,0.0,COLD4C_2A
B0055,5,1.935870143693454,6.787268441569811,17.386184005164274,0,469,0,0,49.20864239002293,3758,1.206763751299412,4,0.050495379923674255,0.049019607843137254,8.033440934495948,394.0,0.0,0.0,COLD4C_2A
B0055,6,1.875,6.6880779137218775,16.287370504806514,0,444,0,0,48.00921642010125,3680,1.2077322536103197,4,-0.0009685023109076152,0.058823529411764705,7.78420643591072,409.0,0.0,0.0,COLD4C_2A
B0055,7,1.8203082003302147,6.54988347228094,18.76540773861097,0,425,0,0,47.816233950289046,3634,1.2009614290093835,4,0.006770824600936143,0.06862745098039216,6.746015360029759,466.8,0.0,0.0,COLD4C_2A
B0055,8,1.8003941441441442,6.824047342284631,17.743208793113464,0,411,0,0,48.53773635450034,3552,1.189059086549973,4,0.011902342459410464,0.0784313725490196,6.715237529174013,454.8,0.0,0.0,COLD4C_2A
B0055,9,1.9268914706715783,6.877337537295929,16.27240932778339,0,438,0,0,47.383824892399716,3529,1.169708782604433,4,0.01935030394554005,0.08823529411764706,6.7164550820517395,441.8,0.0,0.0,COLD4C_2A
B0055,10,1.9093009820912767,6.761268324317123,18.496064110315466,0,426,0,0,46.319979375658605,3462,1.1483647194613424,4,0.021344063143090564,0.09803921568627451,6.745322941430638,437.4,0.0,0.0,COLD4C_2A
B0055,11,1.8169722057953874,6.70159875020075,17.233592924973692,0,395,0,0,46.59672444950042,3382,1.1527726060972296,4,-0.004407886635887204,0.10784313725490197,6.740122917980099,428.8,0.0,0.0,COLD4C_2A
B0055,12,1.9328358208955223,6.564980306921538,17.25233196126928,0,417,0,0,45.935834595,3350,1.1318370471727228,4,0.020935558924506825,0.11764705882352941,6.7428270852758745,419.0,0.0,0.0,COLD4C_2A
B0055,13,1.9156915691569156,6.709877281209515,18.84637103862602,0,411,0,0,45.62435490269181,3333,1.1326525803383347,4,-0.0008155331656118925,0.12745098039215685,6.7458464522039945,417.4,0.0,0.0,COLD4C_2A
B0055,14,1.9475769582444378,6.751101482221799,16.69866695291335,0,412,0,0,45.84875607223046,3281,1.1160565716574584,4,0.016596008680876295,0.13725490196078433,6.72301243998897,417.4,0.0,0.0,COLD4C_2A
B0055,15,1.93248683803035,6.655514050487885,17.281200338137296,0,402,0,0,44.80187120151397,3229,1.0984641825068853,4,0.01759238915057315,0.14705882352941177,6.697765228974144,412.2,0.0,0.0,COLD4C_2A
B0055,16,1.9360902255639099,6.663352007249929,17.87487048558903,0,398,0,0,44.53998970041416,3192,1.092569410309668,4,0.005894772197217346,0.1568627450980392,6.676614374208297,407.4,0.0,0.0,COLD4C_2A
B0055,17,1.9347133757961783,6.531926709781099,18.56561933924195,0,391,0,0,44.31325343235965,3140,1.109167680712031,4,-0.016598270402363058,0.16666666666666666,6.6689650256181325,408.0,0.0,0.0,COLD4C_2A
B0055,18,1.9276719405876654,6.749785372730692,18.731388722663795,0,384,0,0,45.47267923449328,3097,1.107503502890571,4,0.001664177821459889,0.17647058823529413,6.6623543061900445,402.8,0.0,0.0,COLD4C_2A
B0055,19,1.9321868916288125,6.755043073182687,18.85911132920102,0,383,0,0,45.2915429103882,3082,1.106751675424531,4,0.0007518274660400781,0.18627450980392157,6.67033592449428,397.4,0.0,0.0,COLD4C_2A
B0055,20,1.9443540514155548,6.709511697918584,16.474886676905992,0,383,0,1,45.0386725155254,3073,1.0726694124582823,4,0.03408226296624872,0.19607843137254902,6.671124242686458,391.6,0.0,0.0,COLD4C_2A
B0055,21,1.9503664223850765,6.688001017438331,18.429839421941317,0,377,0,0,44.476350090066276,3002,1.0776844021506693,4,-0.005014989692387006,0.20588235294117646,6.681923772172598,387.8,0.2,0.8,COLD4C_2A
B0055,22,1.884232222603916,6.529594074134907,16.79121110894689,0,351,0,0,44.63448990797481,2911,1.1981714734535909,4,-0.12048707130292158,0.21568627450980393,6.686853574210278,383.6,0.2,0.8,COLD4C_2A
B0055,23,1.972927241962775,6.532819699881478,16.558207457541112,0,374,0,0,47.67143436102258,2955,1.162538155268093,4,0.035633318185497975,0.22549019607843138,6.686387047081041,375.6,0.2,0.8,COLD4C_2A
B0055,24,1.9309989701338826,6.694250631454101,16.176716026227933,0,361,0,0,46.75013158159333,2913,1.1556827465844224,4,0.006855408683670516,0.23529411764705882,6.642993912511197,373.6,0.2,0.8,COLD4C_2A
B0055,25,1.9290928050052139,6.741937666866149,18.28920429337146,0,356,0,0,46.56730928712198,2877,1.137444098422356,4,0.01823864816206644,0.24509803921568626,6.63083542416548,369.2,0.2,0.8,COLD4C_2A
B0055,26,1.9395949720670391,6.801784465376494,18.65863623047158,0,357,0,0,46.81614472787232,2864,1.1126375352125493,4,0.024806563209806676,0.2549019607843137,6.637320617954993,363.8,0.0,0.0,COLD4C_2A
B0055,27,1.9486457966936335,6.664984015089361,16.83473057053666,0,356,0,0,45.911106304928225,2843,1.098656067845981,4,0.013981467366568356,0.2647058823529412,6.660077307542626,359.8,0.0,0.0,COLD4C_2A
B0055,28,1.957378223495702,6.529246886710856,16.756789919207705,0,351,0,0,44.411920908204884,2792,1.098530275888464,4,0.0001257919575168298,0.27450980392156865,6.6871552957335165,360.8,0.0,0.0,COLD4C_2A
B0055,29,1.9486623282718727,6.655748187543798,16.24699765148442,0,346,0,0,44.67542114105479,2766,1.1029370400968537,4,-0.004406764208389591,0.28431372549019607,6.686440733099393,356.2,0.0,0.0,COLD4C_2A
B0055,30,1.952154857560263,6.699154246512611,19.129984857149815,0,343,0,0,44.712773916875754,2738,1.0949644922735318,4,0.007972547823321907,0.29411764705882354,6.678740244317332,353.2,0.0,0.0,COLD4C_2A
B0055,31,1.956921944035346,6.7066330939627345,16.36765160927189,0,341,0,0,45.453581386443226,2716,1.0890679714830998,4,0.005896520790432014,0.30392156862745096,6.670183560246625,350.6,0.0,0.0,COLD4C_2A
B0055,32,1.9624255952380953,6.683590938564407,18.15665009637772,0,339,0,0,44.15311759374557,2688,1.073323391636053,4,0.015744579847046802,0.3137254901960784,6.651153285963872,347.4,0.0,0.0,COLD4C_2A
B0055,33,1.9149736644093303,6.540381078490483,18.80550760238104,0,326,0,0,44.378881162726884,2658,1.095373856745309,4,-0.022050465109256123,0.3235294117647059,6.654874670658882,344.0,0.0,0.0,COLD4C_2A
B0055,34,1.9345126082047421,6.744746800859971,17.559578387097904,0,330,0,0,45.82811158782914,2657,1.0639517466243125,4,0.031422110120996605,0.3333333333333333,6.657101509014806,339.0,0.0,0.0,COLD4C_2A
B0055,35,1.9138391155165841,6.66740652205668,17.467083355342886,0,322,0,0,44.15576260659399,2623,1.085798072407703,4,-0.02184632578339052,0.3431372549019608,6.6749012316780405,335.8,0.0,0.0,COLD4C_2A
B0055,36,1.9653846153846153,6.768762565231707,18.49462899513655,0,328,0,0,44.84144297548107,2600,1.0588748965507555,4,0.02692317585694748,0.35294117647058826,6.668551686786856,331.6,0.0,0.0,COLD4C_2A
B0055,37,1.9182879377431907,6.686687397081826,17.91164881741511,0,316,0,0,44.448874408072776,2570,1.0813260035191288,4,-0.02245110696837327,0.3627450980392157,6.680977581040649,329.0,0.0,0.0,COLD4C_2A
B0055,38,1.9289638932496076,6.499491313970438,16.71929796179109,0,315,0,0,44.79030266471771,2548,1.061601862588323,4,0.019724140930805767,0.37254901960784315,6.681596872744133,324.4,0.0,0.0,COLD4C_2A
B0055,39,1.9488501189532117,6.707997841887295,18.743872075423457,0,315,0,0,43.692165514474134,2522,1.0593920670581127,4,0.002209795530210279,0.38235294117647056,6.673418919840124,322.2,0.0,0.0,COLD4C_2A
B0055,40,1.9412235105957616,6.678736039031579,16.07532193134441,0,311,0,0,44.508497414520086,2501,1.0742513141424723,4,-0.014859247084359595,0.39215686274509803,6.6660691280455895,319.2,0.0,0.0,COLD4C_2A
B0055,41,1.963350785340314,6.694281638808226,18.1055360480279,0,313,0,0,43.85815721297344,2483,1.04056147341315,4,0.03368984072932224,0.4019607843137255,6.668335031440568,317.0,0.0,0.0,COLD4C_2A
B0055,42,1.9128329297820823,6.697439582440002,19.22539590220654,0,304,0,0,43.746824992592614,2478,1.0575656535324895,4,-0.017004180119339463,0.4117647058823529,6.653438846155874,314.0,0.0,0.0,COLD4C_2A
B0055,43,1.9656722517368206,6.565495506393046,17.79698901775945,0,308,0,0,44.40432743400559,2447,1.0983528970914622,4,-0.040787243558972675,0.4215686274509804,6.655589283227508,311.6,0.0,0.0,COLD4C_2A
B0055,44,1.9469572368421053,6.595216283784252,19.90310164984231,0,303,0,0,45.69474009813865,2432,1.109758993739737,4,-0.011406096648274744,0.43137254901960786,6.66879012171203,310.2,0.0,0.0,COLD4C_2A
B0055,45,1.9372160264353573,6.802065220857011,16.28428434167548,0,300,0,0,47.14856347224648,2421,1.0793315779206871,4,0.03042741581904984,0.4411764705882353,6.646233810091421,307.8,0.0,0.0,COLD4C_2A
B0055,46,1.9336670838548184,6.707488652115891,18.858200111612096,0,297,0,0,44.25168472573925,2397,1.0716159094756148,4,0.007715668445072321,0.45098039215686275,6.670899646456507,305.6,0.0,0.0,COLD4C_2A
B0055,47,1.934873949579832,6.7397278246975265,19.26539604228336,0,295,0,0,45.21982456018916,2380,1.0746464211019795,4,-0.003030511626364696,0.46078431372549017,6.6735410491180405,302.4,0.0,0.0,COLD4C_2A
B0055,48,3.4125766871165646,7.81867424894216,19.91574517945343,0,284,0,0,36.9082663831144,1304,1.08643683065179,4,-0.011790409549810477,0.47058823529411764,6.681998697569545,300.6,0.0,0.0,COLD4C_2A
B0055,49,1.904581597879591,6.6348204304534715,19.74476118019262,0,322,0,0,50.073333190540126,2641,1.1340138347387958,4,-0.047577004087005825,0.4803921568627451,6.932634446079367,295.8,0.0,0.0,COLD4C_2A
B0055,50,1.903485254691689,6.825159289834021,18.239458117812696,0,318,0,0,48.1511085835491,2611,1.1176964717951587,4,0.01631736294363706,0.49019607843137253,6.940555275413212,299.6,0.0,0.0,COLD4C_2A
B0055,51,1.9020897832817338,6.777690099684699,19.14324542302631,0,315,0,0,46.81360269850663,2584,1.1046468529644289,4,0.013049618830729859,0.5,6.945174089208614,303.2,0.0,0.0,COLD4C_2A
B0055,52,1.9103313840155944,6.764725976018459,18.957146305546704,0,314,0,0,46.38370859165638,2565,1.089700148407426,4,0.014946704557002866,0.5098039215686274,6.959214378722375,306.8,0.0,0.0,COLD4C_2A
B0055,53,1.9217151848937843,6.746407619313154,18.569611226697237,0,313,0,0,45.871743642897734,2542,1.075533547538172,4,0.014166600869254031,0.5196078431372549,6.964214008986562,310.6,0.0,0.0,COLD4C_2A
B0055,54,1.9379228014325507,6.526162570790452,18.389604150481876,0,312,0,0,44.91184515549148,2513,1.0609866776144368,4,0.014546869923735217,0.5294117647058824,6.749760683060761,316.4,0.0,0.0,COLD4C_2A
B0055,55,1.9539078156312626,6.694674041975564,17.859841515218953,0,313,0,0,44.926621350855505,2495,1.0518218041615568,4,0.009164873452879974,0.5392156862745098,6.728029111128157,314.4,0.0,0.0,COLD4C_2A
B0055,56,1.9263285024154588,6.598859102358178,15.816276936907297,0,307,0,0,44.133633125024616,2484,1.0553857898132757,4,-0.003563985651718893,0.5490196078431373,6.701932061556465,313.4,0.0,0.0,COLD4C_2A
B0055,57,1.909201459262262,6.618596077059077,18.755426828419857,0,302,0,0,43.35840992933986,2467,1.0533102333691788,4,0.002075556444096849,0.5588235294117647,6.666165862091161,311.8,0.0,0.0,COLD4C_2A
B0055,58,1.9447852760736197,6.690617068890282,17.253309886018204,0,305,0,0,44.469381698841104,2445,1.0315365260084348,4,0.02177370736074402,0.5686274509803921,6.636939882299285,309.4,0.0,0.0,COLD4C_2A
B0055,59,1.9254658385093169,6.480756147218027,19.044660235871767,0,298,0,0,43.13050705280981,2415,1.0533401053259417,4,-0.02180357931750687,0.5784313725490197,6.625781772214711,307.8,0.0,0.0,COLD4C_2A
B0055,60,1.9372923588039868,6.738612816595202,17.632782962314124,0,299,0,0,45.0325284788594,2408,1.0317876798810788,4,0.02155242544486291,0.5882352941176471,6.616700487500225,305.0,0.0,0.0,COLD4C_2A
B0055,61,1.9371069182389937,6.590794599997681,15.652866929465386,0,296,0,0,43.516028831303124,2385,1.0354207912157296,4,-0.0036331113346508292,0.5980392156862745,6.625488242424153,302.2,0.0,0.0,COLD4C_2A
B0055,62,1.933643279797126,6.629948924142543,18.851175405607997,0,293,0,0,42.84556034047656,2366,1.0322251791310608,4,0.0031956120846687863,0.6078431372549019,6.623875341952053,300.0,0.0,0.0,COLD4C_2A
B0055,63,1.9433801617709663,6.662635645532395,16.682382112943166,0,293,0,0,44.16583406969826,2349,1.011543397303472,4,0.02068178182758884,0.6176470588235294,6.626145911368747,298.2,0.0,0.0,COLD4C_2A
B0055,64,1.9265463917525774,6.476067701822775,19.331265935552995,0,287,0,0,42.3943395344966,2328,1.0413760568150228,4,-0.029832659511550785,0.6274509803921569,6.620549626697169,295.8,0.0,0.0,COLD4C_2A
B0055,65,1.9206008583690988,6.7808971981941815,17.796486773673443,0,287,0,0,44.758079893190484,2330,1.02174193386881,4,0.019634122946212695,0.6372549019607843,6.619611937618119,293.6,0.0,0.0,COLD4C_2A
B0055,66,1.93974859124404,6.627936531901655,15.641866781260571,0,287,0,0,43.25709153690429,2307,1.0133135547969283,4,0.008428379071881764,0.6470588235294118,6.628068813937915,291.2,0.0,0.0,COLD4C_2A
B0055,67,1.9034090909090908,6.594762634502853,18.47501778028561,0,279,0,0,42.12500452269061,2288,1.029994255962691,4,-0.01668070116576259,0.6568627450980392,6.63549720031871,289.4,0.0,0.0,COLD4C_2A
B0055,68,1.934065934065934,6.762447469799995,18.598567041058164,0,282,0,0,44.28623308864836,2275,1.0189349807814327,4,0.011059275181258155,0.6666666666666666,6.628459942390772,286.6,0.0,0.0,COLD4C_2A
B0055,69,1.950088339222615,6.482261455929776,17.70296113245331,0,283,0,0,43.428911715635,2264,1.0290879520854015,4,-0.01015297130396875,0.6764705882352942,6.648422307244291,284.4,0.0,0.0,COLD4C_2A
B0055,70,1.9443207126948776,6.550651842839595,19.648490501323845,0,279,0,0,44.00594942547834,2245,1.0567629241900045,4,-0.027674972104603013,0.6862745098039216,6.649661058065692,283.6,0.0,0.0,COLD4C_2A
B0055,71,1.9235955056179774,6.702773711080208,16.178060673787062,0,274,0,0,45.83503130368412,2225,1.0291668536316647,4,0.02759607055833979,0.696078431372549,6.603611986994776,282.0,0.0,0.0,COLD4C_2A
B0055,72,1.928119349005425,6.633463708477089,18.88644438182567,0,273,0,0,42.93740936688044,2212,1.032129844490102,4,-0.002962990858437209,0.7058823529411765,6.618579422830486,279.4,0.0,0.0,COLD4C_2A
B0055,73,1.9003186162949477,6.644249645710816,16.020151248713987,0,267,0,0,44.570365584102596,2197,1.0409230283951276,4,-0.008793183905025703,0.7156862745098039,6.626319637625332,278.2,0.0,0.0,COLD4C_2A
B0055,74,1.939517962710323,6.700361126798005,18.292174814306744,0,273,0,0,43.53837125911832,2199,1.011161098766987,4,0.029761929628140615,0.7254901960784313,6.602680072807496,275.2,0.0,0.0,COLD4C_2A
B0055,75,1.9168962350780532,6.532980925399455,19.26049129848449,0,267,0,0,43.41137146831857,2178,1.0337876112911784,4,-0.022626512524191345,0.7352941176470589,6.646300006981143,273.2,0.0,0.0,COLD4C_2A
B0055,76,1.944958371877891,6.726998801417373,17.24384546974176,0,269,0,0,44.62592816995709,2162,1.003994224020383,4,0.02979338727079539,0.7450980392156863,6.642765823493114,270.8,0.0,0.0,COLD4C_2A
B0055,77,1.9053171641791045,6.590883625536213,15.900824096276386,0,261,0,0,42.97042551998432,2144,1.0334195479955004,4,-0.029425323975117434,0.7549019607843137,6.647610841560548,269.8,0.0,0.0,COLD4C_2A
B0055,78,1.931711880261927,6.682330145925667,18.94850032004803,0,264,0,0,42.97647691384977,2138,1.009893656411646,4,0.02352589158385432,0.7647058823529411,6.639094824972372,267.4,0.0,0.0,COLD4C_2A
B0055,79,1.9250706880301602,6.654387092722044,14.95747625778177,0,261,0,0,43.792835478288886,2122,1.0126262447940628,4,-0.002732588382416745,0.7745098039215687,6.646710925015343,266.8,0.0,0.0,COLD4C_2A
B0055,80,1.9572446555819478,6.441181098969229,17.70459844093717,0,264,0,0,41.832656447330585,2105,0.9948742055727694,4,0.017752039221293425,0.7843137254901961,6.637516118200151,264.4,0.0,0.0,COLD4C_2A
B0055,81,1.9276819923371646,6.6551021945585696,16.746714545942115,0,257,0,0,42.788661632699444,2088,1.0240799556179332,4,-0.029205750045163792,0.7941176470588235,6.619156152914106,263.8,0.0,0.0,COLD4C_2A
B0055,82,1.9134615384615385,6.748970808764266,19.20127329879016,0,254,0,0,43.527274758611796,2080,1.0208889510043029,4,0.0031910046136303105,0.803921568627451,6.604776831542344,261.4,0.0,0.0,COLD4C_2A
B0055,83,1.9396763119176066,6.827210263306989,18.921215014535083,0,253,0,0,44.40808446300927,2039,1.016100815944114,4,0.004788135060188825,0.8137254901960784,6.636394268187955,260.0,0.0,0.0,COLD4C_2A
B0055,84,1.9241912119748914,6.731569131837841,17.83845317353606,0,255,0,0,44.04358324080763,2071,0.9987875345106276,4,0.017313281433486427,0.8235294117647058,6.665370291664219,257.8,0.0,0.0,COLD4C_2A
B0055,85,1.9346978557504872,6.517068478978195,19.413252469388496,0,254,0,0,42.67393116220131,2052,1.0158868294923784,4,-0.01709929498175078,0.8333333333333334,6.680806699487379,256.6,0.0,0.0,COLD4C_2A
B0055,86,1.9358786098874206,6.748079990321019,17.555469742468727,0,253,0,0,44.37883237703506,2043,0.9963437517762594,4,0.01954307771611896,0.8431372549019608,6.695984175489173,254.6,0.0,0.0,COLD4C_2A
B0055,87,1.9270576638738295,6.599349572080245,15.18160164516741,0,250,0,0,42.70750564537508,2029,1.0053777381419529,4,-0.009033986365693414,0.8529411764705882,6.714579734641662,253.8,0.0,0.0,COLD4C_2A
B0055,88,1.9133663366336633,6.625186639576147,19.119001932657707,0,247,0,0,41.96286365965594,2020,1.009132291002791,4,-0.003754552860838034,0.8627450980392157,6.684655487304857,253.0,0.0,0.0,COLD4C_2A
B0055,89,1.9182859990034877,6.756128355512086,18.259385299695204,0,246,0,0,44.23268625150271,2007,0.9984581240784204,4,0.01067416692437051,0.8725490196078431,6.6442507625586895,251.8,0.0,0.0,COLD4C_2A
B0055,90,1.9606377678126556,6.566435497080115,20.334330441428275,0,251,0,0,42.953609163901326,2007,1.0892389324114138,4,-0.0907808083329934,0.8823529411764706,6.649162607293538,250.0,0.0,0.0,COLD4C_2A
B0055,91,1.9394394394394394,6.588158537728969,18.82433959610769,0,247,0,0,48.928436414479556,1998,1.0793936031703524,4,0.009845329241061407,0.8921568627450981,6.659036010913923,249.4,0.0,0.0,COLD4C_2A
B0055,92,1.963837267704671,6.693048115268495,16.215064274032724,0,250,0,0,47.18713207671531,1991,1.032614295314224,4,0.04677930785612827,0.9019607843137255,6.627051720395512,248.2,0.0,0.0,COLD4C_2A
B0055,93,1.9137055837563453,6.576446533338391,18.624861324787787,0,240,0,0,43.79602549236992,1970,1.0498572649026638,4,-0.017242969588439738,0.9117647058823529,6.645791429033163,248.2,0.0,0.0,COLD4C_2A
B0055,94,1.9228817858954845,6.646678648732509,15.137573162785118,0,242,0,0,45.62058500144398,1971,1.0453902697248565,4,0.0044669951778073536,0.9215686274509803,6.636043407785611,246.8,0.0,0.0,COLD4C_2A
B0055,95,1.9729453802960695,6.56630879931839,16.113386903826303,0,247,0,0,43.4008088413308,1959,1.0001607736713514,4,0.045229496053505125,0.9313725490196079,6.614153466429696,246.0,0.0,0.0,COLD4C_2A
B0055,96,1.9583118888317035,6.299400507184476,14.51027225857862,0,243,0,0,42.17313565442726,1943,1.0084094786878155,4,-0.00824870501646413,0.9411764705882353,6.614128126877351,245.2,0.0,0.0,COLD4C_2A
B0055,97,1.9643779039752194,6.6084420657340415,18.79688115527297,0,243,0,0,41.93619752324912,1937,1.003655158082039,4,0.004754320605776519,0.9509803921568627,6.556376520768453,244.4,0.0,0.0,COLD4C_2A
B0055,98,1.9132917964693665,6.613678986680169,15.51511607516065,0,235,0,0,44.61112878786627,1926,1.028526967659532,4,-0.02487180957749313,0.9607843137254902,6.539455310861561,243.0,0.0,0.0,COLD4C_2A
B0055,99,1.9650313152400836,6.611760965641388,17.410882869971065,0,241,0,0,43.05785538396083,1916,0.9816844358987022,4,0.046842531760829864,0.9705882352941176,6.546901801529917,242.0,0.0,0.0,COLD4C_2A
B0055,100,1.9305628616517623,6.570533284238755,17.541633082707207,0,234,0,0,42.99378839335651,1901,1.0127121434171131,4,-0.031027707518410885,0.9803921568627451,6.539918264911693,241.8,0.0,0.0,COLD4C_2A
B0055,101,1.9310344827586208,6.419401124876922,16.68412644043965,0,232,0,0,43.64189311456597,1885,1.0201379996149256,4,-0.0074258561978124416,0.9901960784313726,6.540763161895765,239.2,0.0,0.0,COLD4C_2A
B0055,102,1.9655172413793103,6.680285171425611,18.127312484256297,0,237,0,0,43.524034905042704,1885,0.9907591663373164,4,0.02937883327760915,1.0,6.564763285434256,237.0,0.0,0.0,COLD4C_2A
B0056,3,1.882051282051282,6.633757420358695,14.9073664521439,0,472,0,0,51.47966240944043,3900,1.317502710734752,4,0.02685284456698489,0.029411764705882353,8.271957253068878,317.0,0.0,0.0,COLD4C_2A
B0056,4,1.8326797385620914,6.5444842423879255,14.04619289990165,0,450,0,0,49.7992844029454,3825,1.2973654679476911,4,0.02013724278706075,0.0392156862745098,7.725890642165484,368.6666666666667,0.0,0.0,COLD4C_2A
B0056,5,1.898616285258116,6.604398966810663,14.458798502682042,0,459,0,0,48.87131986624433,3758,1.263960414854898,4,0.03340505309279318,0.049019607843137254,7.430539042221094,389.0,0.0,0.0,COLD4C_2A
B0056,6,1.8451086956521738,6.531556196798591,13.79068771013097,0,436,0,0,48.05750405397204,3680,1.2589496187032136,4,0.005010796151684316,0.058823529411764705,7.265311027139008,403.0,0.0,0.0,COLD4C_2A
B0056,7,1.7652724270776003,6.459366395372757,14.881216824496482,0,411,0,0,47.909644787347574,3634,1.28061976902026,4,-0.021670150317046444,0.06862745098039216,6.575750980516024,458.8,0.0,0.0,COLD4C_2A
B0056,8,1.7511261261261262,6.585583158695947,14.283153326557814,0,398,0,0,49.01030779490709,3552,1.2572786868607095,4,0.023341082159550552,0.0784313725490196,6.5547126443457255,445.6,0.0,0.0,COLD4C_2A
B0056,9,1.891470671578351,6.618619599264998,13.24625881226546,0,429,0,0,47.80095147286782,3529,1.2226260041048898,4,0.034652682755819786,0.08823529411764706,6.545077792013177,430.8,0.0,0.0,COLD4C_2A
B0056,10,1.8717504332755632,6.585201924121524,14.784638313108044,0,416,0,0,46.81044126065102,3462,1.2292772249257495,4,-0.006651220820859782,0.09803921568627451,6.559904863388591,426.6,0.0,0.0,COLD4C_2A
B0056,11,1.7652276759314016,6.540580991638422,13.967206000860529,0,382,0,0,47.3390976956198,3382,1.2275780135689456,4,0.0016992113568039535,0.10784313725490197,6.556065454850764,418.0,0.0,0.0,COLD4C_2A
B0056,12,1.873134328358209,6.486850933119068,14.10183741263998,0,403,0,0,46.605849841149286,3350,1.2133872888296768,4,0.014190724739268745,0.11764705882352941,6.557870413818731,407.2,0.0,0.0,COLD4C_2A
B0056,13,1.8406840684068406,6.550557618888275,15.014735099158155,0,393,0,0,46.786735814804615,3333,1.230223614493081,4,-0.016836325663404095,0.12745098039215685,6.563367321367991,405.6,0.0,0.0,COLD4C_2A
B0056,14,1.8805242304175556,6.585244089053457,13.814334631047265,0,396,0,0,46.970059509114776,3281,1.1927530108462678,4,0.037470603646813094,0.13725490196078433,6.556362213406457,404.6,0.0,0.0,COLD4C_2A
B0056,15,1.8782904924125117,6.512167474776909,14.16755708920704,0,389,0,0,45.908802244308625,3229,1.18671066359878,4,0.006042347247487756,0.14705882352941177,6.549687111364149,398.0,0.0,0.0,COLD4C_2A
B0056,16,1.8671679197994988,6.518304116044914,14.498480751440637,0,382,0,0,45.73389643092976,3192,1.1914875140242167,4,-0.0047768504254366295,0.1568627450980392,6.535080221495226,392.6,0.0,0.0,COLD4C_2A
B0056,17,1.8646496815286624,6.456451765618976,14.957470899011565,0,375,0,0,45.60194722618434,3140,1.214178606017816,4,-0.0226910919935992,0.16666666666666666,6.530624846376524,392.6,0.0,0.0,COLD4C_2A
B0056,18,1.8388763319341297,6.563695261368784,15.001521036754518,0,365,0,0,46.72440660829219,3097,1.2094387558721402,4,0.004739850145675684,0.17647058823529413,6.524545012876506,387.0,0.0,0.0,COLD4C_2A
B0056,19,1.8413367942894225,6.569757929162228,14.338173356663557,0,363,0,0,46.57735041598212,3082,1.207072299940321,4,0.002366455931819278,0.18627450980392157,6.527172541372607,381.4,0.0,0.0,COLD4C_2A
B0056,20,1.858119101854865,6.541720031303047,13.436612124692124,0,366,0,0,46.44146507891521,3073,1.162961249391913,4,0.044111050548407915,0.19607843137254902,6.524075309394362,374.8,0.0,0.0,COLD4C_2A
B0056,21,1.8770819453697536,6.53216203444672,14.639269846531356,0,361,0,0,45.27281658392845,3002,1.17887968705904,4,-0.01591843766712686,0.20588235294117646,6.529985820699591,370.2,0.0,0.0,COLD4C_2A
B0056,22,1.8241154242528341,6.445823116504496,13.577353530338334,0,338,0,0,45.5960984306223,2911,1.2945104146044433,4,-0.11563072754540338,0.21568627450980393,6.53275740437995,366.0,0.0,0.0,COLD4C_2A
B0056,23,1.8646362098138747,6.462114648169695,13.568274326866668,0,352,0,0,49.19860375695586,2955,1.2602567563003473,4,0.03425365830409599,0.22549019607843138,6.530631674557054,358.6,0.0,0.0,COLD4C_2A
B0056,24,1.8554754548575352,6.526807065416807,13.222923404873027,0,345,0,0,48.351932189104375,2913,1.2408721291565108,4,0.019384627143836486,0.23529411764705882,6.5103155519172375,356.0,0.0,0.0,COLD4C_2A
B0056,25,1.8421967327076816,6.549108912848047,14.117236767649958,0,338,0,0,47.71775925499683,2877,1.252197340273113,4,-0.01132521111660223,0.24509803921568626,6.501725379168152,352.4,0.0,0.0,COLD4C_2A
B0056,26,1.8470670391061452,6.603586258491205,14.72590749283402,0,338,0,0,47.958789147275795,2864,1.2279025700477384,4,0.02429477022537463,0.2549019607843137,6.503203155477154,346.8,0.0,0.0,COLD4C_2A
B0056,27,1.855434400281393,6.511799795366433,13.782905674311683,0,337,0,0,47.243520981546396,2843,1.1917170308946994,4,0.036185539153039015,0.2647058823529412,6.5174880002860505,342.2,0.0,0.0,COLD4C_2A
B0056,28,1.8642550143266476,6.477091907791681,13.53465268656202,0,333,0,0,45.79560118199407,2792,1.1858570240011006,4,0.005860006893598779,0.27450980392156865,6.530683336058438,342.0,0.0,0.0,COLD4C_2A
B0056,29,1.8600867678958786,6.505915531598799,12.997563677985069,0,329,0,0,46.04974128660639,2766,1.1840938286611429,4,0.0017631953399577238,0.28431372549019607,6.533678787982835,338.2,0.0,0.0,COLD4C_2A
B0056,30,1.8389335281227173,6.528295979553634,14.9075480868495,0,321,0,0,45.963657671317456,2738,1.2059829135917657,4,-0.021889084930622804,0.29411764705882354,6.529500481219233,335.0,0.0,0.0,COLD4C_2A
B0056,31,1.872238586156112,6.536746152716122,13.20576446654183,0,325,0,0,46.45630758037649,2716,1.165428493679393,4,0.04055441991237263,0.30392156862745096,6.52533789456035,331.6,0.0,0.0,COLD4C_2A
B0056,32,1.8638392857142858,6.538279221361664,14.51158708545384,0,320,0,0,45.31024064472293,2688,1.1790060613193858,4,-0.013577567639992738,0.3137254901960784,6.511969873405334,329.0,0.0,0.0,COLD4C_2A
B0056,33,1.8340857787810383,6.461075154063876,14.30233008977442,0,311,0,0,45.44231319296944,2658,1.2013113747183153,4,-0.022305313398929494,0.3235294117647059,6.517265758604379,325.6,0.0,0.0,COLD4C_2A
B0056,34,1.8460669928490778,6.548588352683685,14.15321706372225,0,313,0,0,46.5350866360381,2657,1.165597803317432,4,0.03571357140088338,0.3333333333333333,6.514062407858819,321.2,0.0,0.0,COLD4C_2A
B0056,35,1.8299656881433473,6.508504710259717,13.855287867564956,0,306,0,0,45.48083085014568,2623,1.180303335055002,4,-0.014705531737570166,0.3431372549019608,6.522596972075796,318.0,0.0,0.0,COLD4C_2A
B0056,36,1.8596153846153847,6.579905542811323,14.492855960891132,0,309,0,0,45.723098089716345,2600,1.1658134189695046,4,0.014489916085497434,0.35294117647058826,6.518638718217014,315.0,0.0,0.0,COLD4C_2A
B0056,37,1.8326848249027237,6.492693065441607,14.065463723343733,0,300,0,0,45.46455353096384,2570,1.176396051577376,4,-0.01058263260787129,0.3627450980392157,6.527270596236053,311.8,0.0,0.0,COLD4C_2A
B0056,38,1.8681318681318682,6.423211577132128,13.412858944276625,0,304,0,0,45.2846460274323,2548,1.1458325512940766,4,0.03056350028329935,0.37254901960784315,6.518153365052041,307.8,0.0,0.0,COLD4C_2A
B0056,39,1.8576526566217288,6.544923958673152,14.60610388019012,0,299,0,0,44.87872207008453,2522,1.167557759980296,4,-0.02172520868621941,0.38235294117647056,6.510580649665693,306.4,0.0,0.0,COLD4C_2A
B0056,40,1.8672530987604958,6.475825704959545,13.208123302069437,0,298,0,0,45.33623332300925,2501,1.145636654711916,4,0.021921105268380092,0.39215686274509803,6.509847770863585,303.6,0.0,0.0,COLD4C_2A
B0056,41,1.8626661296818365,6.527579568957426,14.33986737197622,0,295,0,0,44.72372673172353,2483,1.1443667002824445,4,0.0012699544294714205,0.4019607843137255,6.503311969803552,302.0,0.0,0.0,COLD4C_2A
B0056,42,1.8301049233252622,6.493590426598385,14.869194370874,0,289,0,0,44.75807080384432,2478,1.1605177686388095,4,-0.01615106835636504,0.4117647058823529,6.492846775032771,299.2,0.0,0.0,COLD4C_2A
B0056,43,1.8696362893338783,6.491319687046658,14.255223899564948,0,291,0,0,44.88553300433843,2447,1.227201304260248,4,-0.06668353562143858,0.4215686274509804,6.493026247264128,297.0,0.0,0.0,COLD4C_2A
B0056,44,1.8133223684210527,6.517455436419656,15.145967765545794,0,280,0,0,47.48442106004595,2432,1.2454797202045476,4,-0.018278415944299464,0.43137254901960786,6.506647869247033,294.4,0.0,0.0,COLD4C_2A
B0056,45,1.8546055349029327,6.593006495490388,13.36575567843813,0,286,0,0,47.92986802183716,2421,1.1722288849037228,4,0.07325083530082477,0.4411764705882353,6.5011541647963345,290.6,0.0,0.0,COLD4C_2A
B0056,46,1.835627868168544,6.572672158664201,14.761564527480054,0,280,0,0,45.8516039124599,2397,1.1953514999944956,4,-0.023122615090772847,0.45098039215686275,6.524590322902503,288.2,0.0,0.0,COLD4C_2A
B0056,47,1.8361344537815125,6.54350961073523,14.927522519928406,0,278,0,0,46.42710886957651,2380,1.1919514716203925,4,0.0034000283741031367,0.46078431372549017,6.533608840843857,285.2,0.0,0.0,COLD4C_2A
B0056,48,3.182515337423313,7.3309337550778775,15.38684146714604,0,262,0,0,38.02736317765914,1304,1.2296223665252586,4,-0.03767089490486608,0.47058823529411764,6.543592677671226,283.0,0.0,0.0,COLD4C_2A
B0056,49,1.7872018174933737,6.540347320262243,15.06186195706642,0,300,0,0,51.03171717017846,2641,1.2774519419396988,4,-0.04782957541444022,0.4803921568627451,6.71151549127747,277.2,0.0,0.0,COLD4C_2A
B0056,50,1.8134814247414783,6.635969230836463,14.19417584217932,0,301,0,0,49.205040192090785,2611,1.2433879751668584,4,0.034063966772840404,0.49019607843137253,6.716093868045988,281.2,0.0,0.0,COLD4C_2A
B0056,51,1.7995356037151702,6.609750622398032,14.670219241896357,0,296,0,0,48.0519573242067,2584,1.230802542912592,4,0.012585432254266449,0.5,6.724686415115204,284.2,0.0,0.0,COLD4C_2A
B0056,52,1.8011695906432748,6.604930428615121,14.756439650219583,0,294,0,0,47.669868833164756,2565,1.2162358534094664,4,0.014566689503125563,0.5098039215686274,6.732102107861968,287.4,0.0,0.0,COLD4C_2A
B0056,53,1.8115656963021243,6.6016309450151756,15.074941469247385,0,293,0,0,47.17674702885343,2542,1.2088335726499548,4,0.007402280759511548,0.5196078431372549,6.744386271437948,290.6,0.0,0.0,COLD4C_2A
B0056,54,1.8384401114206128,6.493769485711189,14.772345213065618,0,294,0,0,46.469194675183154,2513,1.1946181162240357,4,0.014215456425919148,0.5294117647058824,6.598525709425407,296.8,0.0,0.0,COLD4C_2A
B0056,55,1.8476953907815632,6.571695038671373,14.624267787138264,0,294,0,0,46.46496416272425,2495,1.1734248134794991,4,0.02119330274453657,0.5392156862745098,6.5892101425151965,295.6,0.0,0.0,COLD4C_2A
B0056,56,1.8498389694041868,6.517074604671363,12.974017575008304,0,293,0,0,45.72496245692728,2484,1.1404596305913128,4,0.032965182888186284,0.5490196078431373,6.576355304082178,294.2,0.0,0.0,COLD4C_2A
B0056,57,1.8078638021888933,6.534573609638442,14.962343761280408,0,284,0,0,44.86196855947701,2467,1.1821716406845988,4,-0.041712010093285956,0.5588235294117647,6.557820100536844,293.6,0.0,0.0,COLD4C_2A
B0056,58,1.8486707566462168,6.601564932998562,14.288936379622092,0,288,0,0,45.8861426105509,2445,1.1480663382055174,4,0.03410530247908139,0.5686274509803921,6.543748736741509,291.6,0.0,0.0,COLD4C_2A
B0056,59,1.803312629399586,6.463666148112277,14.731654795183925,0,277,0,0,44.820444939404574,2415,1.1825381935034152,4,-0.03447185529789776,0.5784313725490197,6.543735534338185,290.6,0.0,0.0,COLD4C_2A
B0056,60,1.833471760797342,6.6161193965008795,14.530184451529058,0,281,0,0,46.084235507119644,2408,1.15520928628466,4,0.02732890721875525,0.5882352941176471,6.537714866818403,287.2,0.0,0.0,COLD4C_2A
B0056,61,1.8532494758909854,6.527755853812305,12.920963346782584,0,282,0,0,45.1176098693213,2385,1.1216816712671696,4,0.03352761501749035,0.5980392156862745,6.546599738384304,284.6,0.0,0.0,COLD4C_2A
B0056,62,1.8216398985629756,6.543863638296979,14.975497658516607,0,274,0,0,44.23547319890463,2366,1.162666262561457,4,-0.04098459129428744,0.6078431372549019,6.548735988212494,282.4,0.0,0.0,COLD4C_2A
B0056,63,1.8497232865048956,6.570241530450681,14.006665059857031,0,277,0,0,45.251681176512044,2349,1.124695615744926,4,0.03797064681653106,0.6176470588235294,6.5505939939442,280.4,0.0,0.0,COLD4C_2A
B0056,64,1.8127147766323024,6.46361026536202,15.065495014920012,0,268,0,0,44.06521510713962,2328,1.1664177948797931,4,-0.0417221791348672,0.6274509803921569,6.544329313434625,278.2,0.0,0.0,COLD4C_2A
B0056,65,1.8261802575107295,6.623165480233071,14.438517748547325,0,271,0,0,45.60636184208065,2330,1.1346745156379463,4,0.031743279241846833,0.6372549019607843,6.544318136884573,276.4,0.0,0.0,COLD4C_2A
B0056,66,1.8638925010836584,6.54330496548096,13.194289211464437,0,274,0,0,44.50536395912856,2307,1.1012231317092755,4,0.03345138392867075,0.6470588235294118,6.545727353631011,274.4,0.0,0.0,COLD4C_2A
B0056,67,1.8072552447552448,6.537527963184468,14.482501609291248,0,263,0,0,43.69093948475533,2288,1.1560733948472832,4,-0.05485026313800767,0.6568627450980392,6.548837175964742,272.8,0.0,0.0,COLD4C_2A
B0056,68,1.8307692307692307,6.636027497587568,14.720749328790644,0,265,0,0,45.1973248516516,2275,1.1385609898764002,4,0.017512404970883022,0.6666666666666666,6.54757004094224,270.6,0.0,0.0,COLD4C_2A
B0056,69,1.8308303886925794,6.48827768685896,14.529077890794348,0,263,0,0,44.44060851792018,2264,1.1757265448773706,4,-0.03716555500097041,0.6764705882352942,6.560727234369618,268.2,0.0,0.0,COLD4C_2A
B0056,70,1.8195991091314032,6.552141250601261,15.244128605525711,0,259,0,0,45.87713064645711,2245,1.1969385632452556,4,-0.021212018367885,0.6862745098039216,6.5656607186690055,267.2,0.0,0.0,COLD4C_2A
B0056,71,1.8404494382022472,6.600415196058223,13.512900564234096,0,261,0,0,46.51532561678311,2225,1.1267457988726266,4,0.070192764372629,0.696078431372549,6.551455872742643,264.8,0.0,0.0,COLD4C_2A
B0056,72,1.821880650994575,6.569919819754916,14.862132323599852,0,256,0,0,44.52600553242526,2212,1.1601031368559531,4,-0.03335733798332652,0.7058823529411765,6.562877918858097,262.2,0.0,0.0,COLD4C_2A
B0056,73,1.8138370505234411,6.545134635923687,13.378405270944848,0,253,0,0,45.464448594931575,2197,1.1361458729690277,4,0.02395726388692543,0.7156862745098039,6.569356290172186,260.8,0.0,0.0,COLD4C_2A
B0056,74,1.8190086402910415,6.624271690235008,14.806201026240291,0,254,0,0,44.74111028211977,2199,1.1397253894261876,4,-0.003579516457159926,0.7254901960784313,6.55117771783941,258.4,0.0,0.0,COLD4C_2A
B0056,75,1.8158861340679522,6.5418880754383215,15.144104218787898,0,251,0,0,44.50974766445174,2178,1.1560010024767575,4,-0.016275613050569904,0.7352941176470589,6.578376518514619,256.6,0.0,0.0,COLD4C_2A
B0056,76,1.8385753931544866,6.632966268712766,14.39832488350013,0,253,0,0,45.33315992578626,2162,1.126818619026835,4,0.029182383449922522,0.7450980392156863,6.57632588348203,255.0,0.0,0.0,COLD4C_2A
B0056,77,1.826026119402985,6.546299433760355,13.069857113335043,0,249,0,0,44.426036110882286,2144,1.116688355680394,4,0.01013026334644107,0.7549019607843137,6.58283609801294,253.4,0.0,0.0,COLD4C_2A
B0056,78,1.8171188026192704,6.602319633331614,14.625776758086843,0,247,0,0,44.13570188152752,2138,1.1330613197666846,4,-0.01637296408629063,0.7647058823529411,6.578112020814028,252.0,0.0,0.0,COLD4C_2A
B0056,79,1.859095193213949,6.5493645171773185,12.585237711150564,0,251,0,0,44.43337067995091,2122,1.0893839897995972,4,0.0436773299670874,0.7745098039215687,6.589549020295612,250.8,0.0,0.0,COLD4C_2A
B0056,80,1.8669833729216152,6.455184683927823,14.409091639662265,0,250,0,0,42.903964915829036,2105,1.112083645925937,4,-0.02269965612633973,0.7843137254901961,6.574567585684075,250.2,0.0,0.0,COLD4C_2A
B0056,81,1.831896551724138,6.569856556663584,13.639615611059916,0,243,0,0,44.012922876256425,2088,1.1279950254648337,4,-0.015911379538896764,0.7941176470588235,6.557226907381976,250.0,0.0,0.0,COLD4C_2A
B0056,82,1.8100961538461537,6.632701987542774,14.880692487289394,0,239,0,0,44.50616879838567,2080,1.1386774565024178,4,-0.01068243103758415,0.803921568627451,6.544604964972139,248.0,0.0,0.0,COLD4C_2A
B0056,83,1.8391368317802845,6.655135716609048,14.94384328293818,0,238,0,0,44.580597773428316,2039,1.1271136962200643,4,0.011563760282353508,0.8137254901960784,6.561885475728623,246.0,0.0,0.0,COLD4C_2A
B0056,84,1.8324480927088362,6.6130740350777195,14.50969090814752,0,241,0,0,44.40176961767286,2071,1.110150886965375,4,0.016962809254689404,0.8235294117647058,6.57244869238411,244.2,0.0,0.0,COLD4C_2A
B0056,85,1.8201754385964912,6.5133226568430045,15.062267575750978,0,237,0,0,43.64031113579336,2052,1.1344632260422465,4,-0.02431233907687158,0.8333333333333334,6.58519059596419,242.2,0.0,0.0,COLD4C_2A
B0056,86,1.84287812041116,6.617976135973729,14.468947045350122,0,239,0,0,44.66806317465184,2043,1.108458756302863,4,0.02600446973938353,0.8431372549019608,6.596818190547227,239.6,0.0,0.0,COLD4C_2A
B0056,87,1.858058156727452,6.538703074982022,12.508239840028546,0,240,0,0,43.74372206141164,2029,1.0768220870214844,4,0.03163666928137854,0.8529411764705882,6.606442106409254,238.8,0.0,0.0,COLD4C_2A
B0056,88,1.8044554455445545,6.560963843527763,14.887028438704052,0,231,0,0,43.020660013255544,2020,1.128398212919817,4,-0.05157612589833249,0.8627450980392157,6.5876423238971045,239.0,0.0,0.0,COLD4C_2A
B0056,89,1.826108619830593,6.620835294797175,14.643769942307395,0,233,0,0,44.34674956197085,2007,1.1066350346531368,4,0.02176317826668006,0.8725490196078431,6.568807949280848,237.6,0.0,0.0,COLD4C_2A
B0056,90,1.7962132536123567,6.559962952381779,15.536147821768504,0,227,0,0,43.74131474471782,2007,1.271609072217319,4,-0.16497403756418216,0.8823529411764706,6.570360201224739,236.0,0.0,0.0,COLD4C_2A
B0056,91,1.7917917917917918,6.620432060400685,14.710321906861784,0,226,0,0,48.950271010101154,1998,1.2415767175377967,4,0.030032354679522255,0.8921568627450981,6.579688260332494,234.0,0.0,0.0,COLD4C_2A
B0056,92,1.8382722250125565,6.700719645049557,14.282705134297458,0,232,0,0,48.084513425095636,1991,1.174652904422814,4,0.06692381311498274,0.9019607843137255,6.580179445217885,231.4,0.0,0.0,COLD4C_2A
B0056,93,1.7868020304568528,6.636297539638786,14.735427526864724,0,222,0,0,46.34400637018231,1970,1.1989389885187762,4,-0.024286084095962224,0.9117647058823529,6.612582759231392,229.8,0.0,0.0,COLD4C_2A
B0056,94,1.8340943683409436,6.667146741369734,12.986214565204865,0,229,0,0,46.66472503716375,1971,1.1461398965188565,4,0.05279909199991972,0.9215686274509803,6.627649498453596,228.0,0.0,0.0,COLD4C_2A
B0056,95,1.8453292496171516,6.649108635977828,14.020906563644123,0,229,0,0,45.08907154153618,1959,1.129224378671885,4,0.01691551784697154,0.9313725490196079,6.636911787768108,227.2,0.0,0.0,COLD4C_2A
B0056,96,1.863098301595471,6.443632310078258,13.158594712143495,0,230,0,0,44.199811508278344,1943,1.1103432888019913,4,0.018881089869893675,0.9411764705882353,6.654740924487318,227.6,0.0,0.0,COLD4C_2A
B0056,97,1.8275684047496128,6.656670787581088,14.942021026324584,0,224,0,0,44.129994755416845,1937,1.153909472897475,4,-0.04356618409548374,0.9509803921568627,6.619380974422834,228.4,0.0,0.0,COLD4C_2A
B0056,98,1.8250259605399792,6.626139827660361,13.316711053744784,0,223,0,0,45.28496805805124,1926,1.1302191455340138,4,0.023690327363461217,0.9607843137254902,6.610571202929139,226.8,0.0,0.0,COLD4C_2A
B0056,99,1.8423799582463465,6.67477016837406,14.61281089291766,0,224,0,0,44.60762767244305,1916,1.1258719408034097,4,0.004347204730604126,0.9705882352941176,6.608539660533454,227.0,0.0,0.0,COLD4C_2A
B0056,100,1.8069437138348239,6.621174739751354,14.205466297575018,0,217,0,0,44.54564981113054,1901,1.1430108283920968,4,-0.01713888758868709,0.9803921568627451,6.610064345934319,226.0,0.0,0.0,COLD4C_2A
B0056,101,1.8169761273209548,6.5268227211650744,13.862516639323273,0,217,0,0,44.657712875760694,1885,1.1372731775310292,4,0.005737650861067589,0.9901960784313726,6.604477566689025,223.6,0.0,0.0,COLD4C_2A
B0056,102,1.83289124668435,6.72167608394745,14.899199505524647,0,219,0,0,44.967469621772594,1885,1.1290590137779504,4,0.008214163753078818,1.0,6.621115648906388,221.0,0.0,0.0,COLD4C_2A
