cell_id,arm,window,cycle,soh_true,soh_est,error
Cell1,window_1C,3.90-3.60 V,0,1.0,1.0,0.0
Cell1,window_1C,3.90-3.60 V,100,0.9879341903869114,0.9885589928042126,0.000624802417301118
Cell1,window_1C,3.90-3.60 V,200,0.9819185685326266,0.9835821474906659,0.001663578958039258
Cell1,window_1C,3.90-3.60 V,300,0.9779901456267633,0.9814485188956394,0.0034583732688761026
Cell1,window_1C,3.90-3.60 V,400,0.971933813142211,0.9782377111685502,0.006303898026339239
Cell1,window_1C,3.90-3.60 V,500,0.9673496633874816,0.9740027805892307,0.006653117201749104
Cell1,window_1C,3.90-3.60 V,600,0.9628059674337693,0.9714831779775316,0.008677210543762248
Cell1,window_1C,3.90-3.60 V,700,0.9599805615275302,0.9709585470702348,0.010977985542704571
Cell1,window_1C,3.90-3.60 V,800,0.9549960513654362,0.9677938602402011,0.012797808874764893
Cell1,window_1C,3.90-3.60 V,900,0.9505271222934892,0.9646033703604858,0.014076248066996588
Cell1,window_1C,3.90-3.60 V,1000,0.9462932123200192,0.9620861439817363,0.015792931661717136
Cell1,window_1C,3.90-3.60 V,1100,0.9420556121867814,0.9596797409958852,0.0176241288091038
Cell1,window_1C,3.90-3.60 V,1200,0.937974620150327,0.9575684927971646,0.01959387264683765
Cell1,window_1C,3.90-3.60 V,1300,0.9340530286945622,0.9553309969413791,0.021277968246816936
Cell1,window_1C,3.90-3.60 V,1400,0.9303329460978877,0.9528957142529235,0.022562768155035773
Cell1,window_1C,3.90-3.60 V,1600,0.9224952521039799,0.9495986697760492,0.027103417672069363
Cell1,window_1C,3.90-3.60 V,1800,0.9144596673802963,0.9437408310921873,0.029281163711891045
Cell1,window_1C,3.90-3.60 V,1900,0.9102061226159711,0.9422537864855448,0.032047663869573695
Cell1,window_1C,3.90-3.60 V,2000,0.9061316498413767,0.9396714589909145,0.0335398091495378
Cell1,window_1C,3.90-3.60 V,2100,0.9030017875869771,0.9354045341320567,0.032402746545079575
Cell1,window_1C,3.90-3.60 V,2200,0.8983125553947697,0.9343328391494279,0.036020283754658156
Cell1,window_1C,3.90-3.60 V,2300,0.8949125087814178,0.929681548243896,0.034769039462478224
Cell1,window_1C,3.90-3.60 V,2400,0.8905732968994196,0.9289332897094287,0.038359992810009125
Cell1,window_1C,3.90-3.60 V,2500,0.8879613973915149,0.924725195613522,0.03676379822200704
Cell1,window_1C,3.90-3.60 V,2600,0.8831976725985076,0.9251148349775532,0.041917162379045636
Cell1,window_1C,3.90-3.60 V,2700,0.8811590400633876,0.9198633052756725,0.03870426521228487
Cell1,window_1C,3.90-3.60 V,2800,0.877879197869749,0.9169291995134029,0.03905000164365391
Cell1,window_1C,3.90-3.60 V,2900,0.872699646802078,0.9183182650982961,0.04561861829621805
Cell1,window_1C,3.90-3.60 V,3000,0.8715457536980751,0.9126499595530738,0.04110420585499874
Cell1,window_1C,3.90-3.60 V,3100,0.868731798517498,0.9091642692737151,0.04043247075621703
Cell1,window_1C,3.90-3.60 V,3200,0.8642450072242401,0.9105535281649253,0.04630852094068516
Cell1,window_1C,3.90-3.60 V,3300,0.8629547013652373,0.9037832947960535,0.04082859343081613
Cell1,window_1C,3.90-3.60 V,3500,0.8553560770889814,0.9076124181959462,0.052256341106964754
Cell1,window_1C,3.90-3.60 V,3600,0.8547357104324371,0.900362275060244,0.0456265646278069
Cell1,window_1C,3.90-3.60 V,3700,0.8517263992010135,0.8982411553471308,0.04651475614611733
Cell1,window_1C,3.90-3.60 V,3800,0.8462746240219762,0.9019354112455774,0.05566078722360124
Cell1,window_1C,3.90-3.60 V,3900,0.845960046064381,0.8943923356658501,0.04843228960146906
Cell1,window_1C,3.90-3.60 V,4000,0.8436530255309312,0.8912072183514036,0.04755419282047235
Cell1,window_1C,3.90-3.60 V,4100,0.8394916520881425,0.8935598609249111,0.05406820883676866
Cell1,window_1C,3.90-3.60 V,4200,0.8381944392978428,0.8868895689787144,0.04869512968087164
Cell1,window_1C,3.90-3.60 V,4300,0.8356091274637388,0.8817922327655724,0.04618310530183356
Cell1,window_1C,3.90-3.60 V,4400,0.83306330358696,0.8785815064729501,0.04551820288599007
Cell1,window_1C,3.90-3.60 V,4500,0.8290290743605105,0.8820296929326062,0.053000618572095703
Cell1,window_1C,3.90-3.60 V,4600,0.82849487700356,0.873143584128925,0.04464870712536506
Cell1,window_1C,3.90-3.60 V,4800,0.8237963037635181,0.8678088015076671,0.04401249774414906
Cell1,window_1C,3.90-3.60 V,5000,0.8175862687561571,0.8656660337804265,0.04807976502426936
Cell1,window_1C,3.90-3.60 V,5100,0.81612510264391,0.8592424750136728,0.04311737236976276
Cell1,window_1C,3.90-3.60 V,5200,0.811547879687013,0.8695104670514868,0.057962587364473794
Cell1,window_1C,3.90-3.60 V,5300,0.8115996346341947,0.8577976552882876,0.04619802065409284
Cell1,window_1C,3.90-3.60 V,5400,0.8092949035875884,0.8533670056235664,0.044072102035978
Cell1,window_1C,3.90-3.60 V,5500,0.8040473107856494,0.8633375880647224,0.05929027727907299
Cell1,window_1C,3.90-3.60 V,5600,0.8043008913509206,0.8499446904188531,0.04564379906793248
Cell1,window_1C,3.90-3.60 V,5700,0.8021222991198486,0.845333358832748,0.0432110597128994
Cell1,window_1C,3.90-3.60 V,5800,0.7988318806009727,0.8472769775687484,0.04844509696777577
Cell1,window_1C,3.90-3.60 V,5900,0.7975083272562412,0.8395522608511653,0.04204393359492409
Cell1,window_1C,3.90-3.60 V,6000,0.7957091281373936,0.8365327947552937,0.040823666617900156
Cell1,window_1C,3.90-3.60 V,6100,0.792249650833357,0.8448067461915817,0.052557095358224726
Cell1,window_1C,3.90-3.60 V,6200,0.7925013185026814,0.8336747978851139,0.04117347938243254
Cell1,window_1C,3.90-3.60 V,6300,0.7903439313034646,0.8296960273707722,0.03935209606730761
Cell1,window_1C,3.90-3.60 V,6400,0.7864526763105241,0.840448661010271,0.05399598469974698
Cell1,window_1C,3.90-3.60 V,6500,0.7869654766759802,0.8278172152469362,0.04085173857095603
Cell1,window_1C,3.90-3.60 V,6600,0.7847718420047651,0.8230883318389234,0.03831648983415825
Cell1,window_1C,3.90-3.60 V,6700,0.7815252944168616,0.842206787304465,0.06068149288760338
Cell1,window_1C,3.90-3.60 V,6800,0.7814651034832552,0.8260988587641167,0.04463375528086155
Cell1,window_1C,3.90-3.60 V,6900,0.7798785735508863,0.8223883246443444,0.042509751093458115
Cell1,window_1C,3.90-3.60 V,7000,0.7753883248459466,0.8331199772069436,0.05773165236099709
Cell1,window_1C,3.90-3.60 V,7100,0.7753883248459466,0.8331199772069436,0.05773165236099709
Cell1,window_1C,3.90-3.60 V,7200,0.777923109519732,0.8179756468552181,0.04005253733548608
Cell1,window_1C,3.90-3.60 V,7300,0.773953607918759,0.8137114033771922,0.039757795458433165
Cell1,window_1C,3.90-3.60 V,7400,0.7717875186682972,0.8100409108025884,0.03825339213429124
Cell1,window_1C,3.90-3.60 V,7500,0.7688532848321806,0.8145370302121016,0.045683745379920926
Cell1,window_1C,3.90-3.60 V,7600,0.7682106895603251,0.8046488310517427,0.03643814149141755
Cell1,window_1C,3.90-3.60 V,7700,0.7668040273467023,0.8017679920492039,0.034963964702501626
Cell1,window_1C,3.90-3.60 V,7800,0.7633855168204101,0.8085194178998021,0.04513390107939197
Cell1,window_1C,3.90-3.60 V,7900,0.7635088069920541,0.7979877320887626,0.03447892509670847
Cell1,window_1C,3.90-3.60 V,8000,0.7617888445406081,0.7949226313717203,0.03313378683111212
Cell1,window_1C,3.90-3.60 V,8100,0.757685458226604,0.803856760622839,0.0461713023962349
Cell1,window_1C,3.90-3.60 V,8200,0.7585459325406101,0.7924831932622263,0.03393726072161618
Cell1,window_OCV,3.90-3.60 V,0,1.0,1.0,0.0
Cell1,window_OCV,3.90-3.60 V,100,0.9879341903869114,0.9922165717210428,0.004282381334131391
Cell1,window_OCV,3.90-3.60 V,200,0.9819185685326266,0.988205683969406,0.0062871154367794
Cell1,window_OCV,3.90-3.60 V,300,0.9779901456267633,0.9834971706010509,0.0055070249742875665
Cell1,window_OCV,3.90-3.60 V,400,0.971933813142211,0.9809165070278832,0.0089826938856723
Cell1,window_OCV,3.90-3.60 V,500,0.9673496633874816,0.976693557223841,0.009343893836359363
Cell1,window_OCV,3.90-3.60 V,600,0.9628059674337693,0.9738125382094361,0.011006570775666802
Cell1,window_OCV,3.90-3.60 V,700,0.9599805615275302,0.9714444736331608,0.01146391210563058
Cell1,window_OCV,3.90-3.60 V,800,0.9549960513654362,0.9681960642193809,0.013200012853944676
Cell1,window_OCV,3.90-3.60 V,900,0.9505271222934892,0.9653124540513703,0.014785331757881104
Cell1,window_OCV,3.90-3.60 V,1000,0.9462932123200192,0.9626281868458572,0.016334974525837986
Cell1,window_OCV,3.90-3.60 V,1100,0.9420556121867814,0.95996348687805,0.017907874691268644
Cell1,window_OCV,3.90-3.60 V,1200,0.937974620150327,0.9569925007639364,0.019017880613609428
Cell1,window_OCV,3.90-3.60 V,1300,0.9340530286945622,0.9547474207557128,0.020694392061150646
Cell1,window_OCV,3.90-3.60 V,1400,0.9303329460978877,0.9515428987551716,0.02120995265728387
Cell1,window_OCV,3.90-3.60 V,1600,0.9224952521039799,0.9467892143235449,0.024293962219565035
Cell1,window_OCV,3.90-3.60 V,1800,0.9144596673802963,0.9413689324576999,0.026909265077403655
Cell1,window_OCV,3.90-3.60 V,1900,0.9102061226159711,0.939091687935275,0.028885565319303863
Cell1,window_OCV,3.90-3.60 V,2000,0.9061316498413767,0.936949955275285,0.03081830543390829
Cell1,window_OCV,3.90-3.60 V,2100,0.9030017875869771,0.9327773655469216,0.029775577959944455
Cell1,window_OCV,3.90-3.60 V,2200,0.8983125553947697,0.9312223324291635,0.032909777034393795
Cell1,window_OCV,3.90-3.60 V,2300,0.8949125087814178,0.927395325360057,0.03248281657863916
Cell1,window_OCV,3.90-3.60 V,2400,0.8905732968994196,0.9256095863973083,0.03503628949788873
Cell1,window_OCV,3.90-3.60 V,2500,0.8879613973915149,0.9211476603708492,0.03318626297933425
Cell1,window_OCV,3.90-3.60 V,2600,0.8831976725985076,0.922006780453373,0.038809107854865466
Cell1,window_OCV,3.90-3.60 V,2700,0.8811590400633876,0.9157753460385604,0.034616305975172734
Cell1,window_OCV,3.90-3.60 V,2800,0.877879197869749,0.913797916898601,0.03591871902885202
Cell1,window_OCV,3.90-3.60 V,2900,0.872699646802078,0.9156003620259429,0.04290071522386485
Cell1,window_OCV,3.90-3.60 V,3000,0.8715457536980751,0.9086571638363382,0.037111410138263135
Cell1,window_OCV,3.90-3.60 V,3100,0.868731798517498,0.9053590582949735,0.036627259777475496
Cell1,window_OCV,3.90-3.60 V,3200,0.8642450072242401,0.9002564239930518,0.0360114167688117
Cell1,window_OCV,3.90-3.60 V,3300,0.8629547013652373,0.9002427060435061,0.03728800467826876
Cell1,window_OCV,3.90-3.60 V,3500,0.8553560770889814,0.902331525789668,0.046975448700686595
Cell1,window_OCV,3.90-3.60 V,3600,0.8547357104324371,0.8951979209752209,0.04046221054278376
Cell1,window_OCV,3.90-3.60 V,3700,0.8517263992010135,0.8963181846389977,0.044591785437984255
Cell1,window_OCV,3.90-3.60 V,3800,0.8462746240219762,0.8986431433107313,0.05236851928875508
Cell1,window_OCV,3.90-3.60 V,3900,0.845960046064381,0.8895034557615914,0.04354340969721038
Cell1,window_OCV,3.90-3.60 V,4000,0.8436530255309312,0.8865698936258504,0.042916868094919125
Cell1,window_OCV,3.90-3.60 V,4100,0.8394916520881425,0.8894242817419085,0.04993262965376599
Cell1,window_OCV,3.90-3.60 V,4200,0.8381944392978428,0.8807602018930306,0.04256576259518785
Cell1,window_OCV,3.90-3.60 V,4300,0.8356091274637388,0.8765316566528637,0.04092252918912487
Cell1,window_OCV,3.90-3.60 V,4400,0.83306330358696,0.8730894561120361,0.04002615252507613
Cell1,window_OCV,3.90-3.60 V,4500,0.8290290743605105,0.8678314639215121,0.03880238956100157
Cell1,window_OCV,3.90-3.60 V,4600,0.82849487700356,0.8674807178613512,0.03898584085779122
Cell1,window_OCV,3.90-3.60 V,4800,0.8237963037635181,0.8618031920337459,0.0380068882702278
Cell1,window_OCV,3.90-3.60 V,5000,0.8175862687561571,0.8597494479359945,0.04216317917983736
Cell1,window_OCV,3.90-3.60 V,5100,0.81612510264391,0.8533468007231209,0.03722169807921083
Cell1,window_OCV,3.90-3.60 V,5200,0.811547879687013,0.8665148398516376,0.054966960164624545
Cell1,window_OCV,3.90-3.60 V,5300,0.8115996346341947,0.8529562109614188,0.041356576327224115
Cell1,window_OCV,3.90-3.60 V,5400,0.8092949035875884,0.8478417849434811,0.03854688135589268
Cell1,window_OCV,3.90-3.60 V,5500,0.8040473107856494,0.8623424125810611,0.05829510179541175
Cell1,window_OCV,3.90-3.60 V,5600,0.8043008913509206,0.8457155941167107,0.04141470276579007
Cell1,window_OCV,3.90-3.60 V,5700,0.8021222991198486,0.8394059513845061,0.037283652264657574
Cell1,window_OCV,3.90-3.60 V,5800,0.7988318806009727,0.8382430625928817,0.03941118199190907
Cell1,window_OCV,3.90-3.60 V,5900,0.7975083272562412,0.8318708984349723,0.034362571178731094
Cell1,window_OCV,3.90-3.60 V,6000,0.7957091281373936,0.8292074819483126,0.033498353810919035
Cell1,window_OCV,3.90-3.60 V,6100,0.792249650833357,0.8381891820405183,0.04593953120716132
Cell1,window_OCV,3.90-3.60 V,6200,0.7925013185026814,0.8269372252135174,0.03443590671083607
Cell1,window_OCV,3.90-3.60 V,6300,0.7903439313034646,0.8219905039617843,0.031646572658319716
Cell1,window_OCV,3.90-3.60 V,6400,0.7864526763105241,0.8364876010562569,0.05003492474573279
Cell1,window_OCV,3.90-3.60 V,6500,0.7869654766759802,0.821155791099451,0.03419031442347087
Cell1,window_OCV,3.90-3.60 V,6600,0.7847718420047651,0.816081209366298,0.03130936736153289
Cell1,window_OCV,3.90-3.60 V,6700,0.7815252944168616,0.839186280521449,0.057660986104587364
Cell1,window_OCV,3.90-3.60 V,6800,0.7814651034832552,0.8221307464772492,0.040665642993994
Cell1,window_OCV,3.90-3.60 V,6900,0.7798785735508863,0.8155618229877571,0.035683249436870845
Cell1,window_OCV,3.90-3.60 V,7000,0.7753883248459466,0.8298558550716183,0.054467530225671745
Cell1,window_OCV,3.90-3.60 V,7100,0.7753883248459466,0.8298558550716183,0.054467530225671745
Cell1,window_OCV,3.90-3.60 V,7200,0.777923109519732,0.8127504008135487,0.034827291293816676
Cell1,window_OCV,3.90-3.60 V,7300,0.773953607918759,0.8063439807702139,0.03239037285145485
Cell1,window_OCV,3.90-3.60 V,7400,0.7717875186682972,0.8015736862409368,0.029786167572639632
Cell1,window_OCV,3.90-3.60 V,7500,0.7688532848321806,0.8042512204027098,0.03539793557052917
Cell1,window_OCV,3.90-3.60 V,7600,0.7682106895603251,0.7959129316317956,0.02770224207147043
Cell1,window_OCV,3.90-3.60 V,7700,0.7668040273467023,0.7927404828906556,0.025936455543953296
Cell1,window_OCV,3.90-3.60 V,7800,0.7633855168204101,0.7996092979039642,0.03622378108355406
Cell1,window_OCV,3.90-3.60 V,7900,0.7635088069920541,0.7888119172781546,0.02530311028610044
Cell1,window_OCV,3.90-3.60 V,8000,0.7617888445406081,0.7854182135261665,0.02362936898555834
Cell1,window_OCV,3.90-3.60 V,8100,0.757685458226604,0.7964579629779377,0.03877250475133365
Cell1,window_OCV,3.90-3.60 V,8200,0.7585459325406101,0.7840625332468016,0.02551660070619155
Cell1,learned_1C,3.95-3.65 V,0,1.0,1.0,0.0
Cell1,learned_1C,3.95-3.65 V,100,0.9879341903869114,0.9898543587630442,0.001920168376132736
Cell1,learned_1C,3.95-3.65 V,200,0.9819185685326266,0.9863443035441007,0.004425735011474141
Cell1,learned_1C,3.95-3.65 V,300,0.9779901456267633,0.9849215874428309,0.0069314418160675295
Cell1,learned_1C,3.95-3.65 V,400,0.971933813142211,0.9818356114403017,0.009901798298090791
Cell1,learned_1C,3.95-3.65 V,500,0.9673496633874816,0.9787236770122457,0.01137401362476409
Cell1,learned_1C,3.95-3.65 V,600,0.9628059674337693,0.9760780031072901,0.013272035673520755
Cell1,learned_1C,3.95-3.65 V,700,0.9599805615275302,0.975754219090184,0.01577365756265381
Cell1,learned_1C,3.95-3.65 V,800,0.9549960513654362,0.9718222271075879,0.016826175742151728
Cell1,learned_1C,3.95-3.65 V,900,0.9505271222934892,0.9701145253514303,0.019587403057941044
Cell1,learned_1C,3.95-3.65 V,1000,0.9462932123200192,0.9673106886259781,0.02101747630595896
Cell1,learned_1C,3.95-3.65 V,1100,0.9420556121867814,0.9648795590361013,0.022823946849319987
Cell1,learned_1C,3.95-3.65 V,1200,0.937974620150327,0.9625796843487903,0.02460506419846331
Cell1,learned_1C,3.95-3.65 V,1300,0.9340530286945622,0.959969076952911,0.02591604825834881
Cell1,learned_1C,3.95-3.65 V,1400,0.9303329460978877,0.9582970208352789,0.027964074737391154
Cell1,learned_1C,3.95-3.65 V,1600,0.9224952521039799,0.9551408621678255,0.03264561006384559
Cell1,learned_1C,3.95-3.65 V,1800,0.9144596673802963,0.9489235052293088,0.034463837849012524
Cell1,learned_1C,3.95-3.65 V,1900,0.9102061226159711,0.946504374720432,0.036298252104460915
Cell1,learned_1C,3.95-3.65 V,2000,0.9061316498413767,0.9437435065216015,0.03761185668022482
Cell1,learned_1C,3.95-3.65 V,2100,0.9030017875869771,0.9378888730867911,0.03488708549981401
Cell1,learned_1C,3.95-3.65 V,2200,0.8983125553947697,0.9381803173124644,0.0398677619176947
Cell1,learned_1C,3.95-3.65 V,2300,0.8949125087814178,0.93131227553745,0.03639976675603218
Cell1,learned_1C,3.95-3.65 V,2400,0.8905732968994196,0.9308378021192961,0.04026450521987657
Cell1,learned_1C,3.95-3.65 V,2500,0.8879613973915149,0.9246636189009849,0.03670222150947
Cell1,learned_1C,3.95-3.65 V,2600,0.8831976725985076,0.925792772927731,0.04259510032922342
Cell1,learned_1C,3.95-3.65 V,2700,0.8811590400633876,0.9182541461242328,0.03709510606084521
Cell1,learned_1C,3.95-3.65 V,2800,0.877879197869749,0.9139052608353189,0.03602606296556987
Cell1,learned_1C,3.95-3.65 V,2900,0.872699646802078,0.9165620193573122,0.043862372555234175
Cell1,learned_1C,3.95-3.65 V,3000,0.8715457536980751,0.9097984441735669,0.038252690475491846
Cell1,learned_1C,3.95-3.65 V,3100,0.868731798517498,0.905137100435528,0.03640530191802993
Cell1,learned_1C,3.95-3.65 V,3200,0.8642450072242401,0.9062427346079652,0.04199772738372509
Cell1,learned_1C,3.95-3.65 V,3300,0.8629547013652373,0.8985864231948891,0.0356317218296518
Cell1,learned_1C,3.95-3.65 V,3500,0.8553560770889814,0.8991312397305654,0.04377516264158399
Cell1,learned_1C,3.95-3.65 V,3600,0.8547357104324371,0.8935936373221139,0.03885792688967682
Cell1,learned_1C,3.95-3.65 V,3700,0.8517263992010135,0.8895611678670516,0.03783476866603819
Cell1,learned_1C,3.95-3.65 V,3800,0.8462746240219762,0.8927355375424582,0.04646091352048198
Cell1,learned_1C,3.95-3.65 V,3900,0.845960046064381,0.8855846958175715,0.039624649753190466
Cell1,learned_1C,3.95-3.65 V,4000,0.8436530255309312,0.8808363608578579,0.037183335326926636
Cell1,learned_1C,3.95-3.65 V,4100,0.8394916520881425,0.880939418807479,0.041447766719336476
Cell1,learned_1C,3.95-3.65 V,4200,0.8381944392978428,0.8754348635362686,0.037240424238425884
Cell1,learned_1C,3.95-3.65 V,4300,0.8356091274637388,0.8686270075747581,0.03301788011101925
Cell1,learned_1C,3.95-3.65 V,4400,0.83306330358696,0.8650404179284169,0.03197711434145689
Cell1,learned_1C,3.95-3.65 V,4500,0.8290290743605105,0.8657413850546477,0.03671231069413716
Cell1,learned_1C,3.95-3.65 V,4600,0.82849487700356,0.8581841472927634,0.02968927028920343
Cell1,learned_1C,3.95-3.65 V,4800,0.8237963037635181,0.851684268567195,0.027887964803676946
Cell1,learned_1C,3.95-3.65 V,5000,0.8175862687561571,0.8470540503299375,0.029467781573780383
Cell1,learned_1C,3.95-3.65 V,5100,0.81612510264391,0.8414536376249364,0.025328534981026385
Cell1,learned_1C,3.95-3.65 V,5200,0.811547879687013,0.8448300332193338,0.03328215353232078
Cell1,learned_1C,3.95-3.65 V,5300,0.8115996346341947,0.838274358822342,0.026674724188147314
Cell1,learned_1C,3.95-3.65 V,5400,0.8092949035875884,0.8334624865907154,0.024167583003127047
Cell1,learned_1C,3.95-3.65 V,5500,0.8040473107856494,0.834384423488316,0.03033711270266659
Cell1,learned_1C,3.95-3.65 V,5600,0.8043008913509206,0.828870284570315,0.02456939321939433
Cell1,learned_1C,3.95-3.65 V,5700,0.8021222991198486,0.8235432874709209,0.021420988351072312
Cell1,learned_1C,3.95-3.65 V,5800,0.7988318806009727,0.8231464128251502,0.024314532224177565
Cell1,learned_1C,3.95-3.65 V,5900,0.7975083272562412,0.8174140531571893,0.01990572590094808
Cell1,learned_1C,3.95-3.65 V,6000,0.7957091281373936,0.8135791342902187,0.01787000615282508
Cell1,learned_1C,3.95-3.65 V,6100,0.792249650833357,0.8147755310158391,0.02252588018248214
Cell1,learned_1C,3.95-3.65 V,6200,0.7925013185026814,0.8102385361522495,0.01773721764956815
Cell1,learned_1C,3.95-3.65 V,6300,0.7903439313034646,0.806608614301213,0.016264682997748414
Cell1,learned_1C,3.95-3.65 V,6400,0.7864526763105241,0.8076350897548549,0.021182413444330805
Cell1,learned_1C,3.95-3.65 V,6500,0.7869654766759802,0.803487402687948,0.01652192601196789
Cell1,learned_1C,3.95-3.65 V,6600,0.7847718420047651,0.7986808876079416,0.013909045603176518
Cell1,learned_1C,3.95-3.65 V,6700,0.7815252944168616,0.8039953970238958,0.022470102607034192
Cell1,learned_1C,3.95-3.65 V,6800,0.7814651034832552,0.7992332611702405,0.017768157686985364
Cell1,learned_1C,3.95-3.65 V,6900,0.7798785735508863,0.7957735334967151,0.01589495994582879
Cell1,learned_1C,3.95-3.65 V,7000,0.7753883248459466,0.7923274574695736,0.016939132623627007
Cell1,learned_1C,3.95-3.65 V,7100,0.7753883248459466,0.7923274574695736,0.016939132623627007
Cell1,learned_1C,3.95-3.65 V,7200,0.777923109519732,0.7888995158869986,0.0109764063672666
Cell1,learned_1C,3.95-3.65 V,7300,0.773953607918759,0.7852042152245212,0.011250607305762217
Cell1,learned_1C,3.95-3.65 V,7400,0.7717875186682972,0.7815928133067939,0.009805294638496664
Cell1,learned_1C,3.95-3.65 V,7500,0.7688532848321806,0.7811421956270276,0.012288910794846952
Cell1,learned_1C,3.95-3.65 V,7600,0.7682106895603251,0.7757545465319093,0.007543856971584217
Cell1,learned_1C,3.95-3.65 V,7700,0.7668040273467023,0.7726321917488858,0.005828164402183478
Cell1,learned_1C,3.95-3.65 V,7800,0.7633855168204101,0.7710585309243136,0.0076730141039035304
Cell1,learned_1C,3.95-3.65 V,7900,0.7635088069920541,0.7687492419053847,0.005240434913330594
Cell1,learned_1C,3.95-3.65 V,8000,0.7617888445406081,0.7653627047390846,0.0035738601984764973
Cell1,learned_1C,3.95-3.65 V,8100,0.757685458226604,0.7628768770506148,0.005191418824010752
Cell1,learned_1C,3.95-3.65 V,8200,0.7585459325406101,0.7618813010160305,0.003335368475420375
Cell2,window_1C,3.90-3.60 V,0,1.0,1.0,0.0
Cell2,window_1C,3.90-3.60 V,100,0.9888449969665425,0.9887728923265523,-7.210463999018923e-05
Cell2,window_1C,3.90-3.60 V,200,0.9827687821520125,0.9847888286914506,0.002020046539438103
Cell2,window_1C,3.90-3.60 V,300,0.9787657281283766,0.9811184553337068,0.002352727205330196
Cell2,window_1C,3.90-3.60 V,400,0.9724603484974377,0.9772799237434977,0.004819575246060026
Cell2,window_1C,3.90-3.60 V,500,0.9677508461666642,0.9743062550822662,0.0065554089156020234
Cell2,window_1C,3.90-3.60 V,600,0.9635864661312896,0.9717194048081745,0.008132938676884915
Cell2,window_1C,3.90-3.60 V,700,0.9600336768008568,0.9696370525086199,0.00960337570776304
Cell2,window_1C,3.90-3.60 V,800,0.9552151812259378,0.9661096884887502,0.01089450726281238
Cell2,window_1C,3.90-3.60 V,900,0.9516017182327118,0.9644471876495074,0.012845469416795652
Cell2,window_1C,3.90-3.60 V,1000,0.9480753594217672,0.9616876364447954,0.013612277023028141
Cell2,window_1C,3.90-3.60 V,1100,0.9444296156362759,0.9594709444454187,0.015041328809142773
Cell2,window_1C,3.90-3.60 V,1200,0.9406413624095582,0.9573224314585621,0.016681069049003905
Cell2,window_1C,3.90-3.60 V,1300,0.9366694077964659,0.9543193408823132,0.01764993308584728
Cell2,window_1C,3.90-3.60 V,1400,0.932810529893884,0.9530421858069889,0.02023165591310483
Cell2,window_1C,3.90-3.60 V,1600,0.9247325574445662,0.9479477229853852,0.02321516554081904
Cell2,window_1C,3.90-3.60 V,1800,0.9172401327048375,0.9428150541634411,0.025574921458603628
Cell2,window_1C,3.90-3.60 V,1900,0.9126734809087659,0.9405077195163191,0.027834238607553186
Cell2,window_1C,3.90-3.60 V,2000,0.9081863860489503,0.9380852583741357,0.0298988723251854
Cell2,window_1C,3.90-3.60 V,2100,0.9053054136303469,0.9338720258021761,0.02856661217182921
Cell2,window_1C,3.90-3.60 V,2200,0.9002807104413723,0.9328132263963017,0.03253251595492945
Cell2,window_1C,3.90-3.60 V,2300,0.89784288511742,0.928888284906489,0.03104539978906895
Cell2,window_1C,3.90-3.60 V,2400,0.8931279975651787,0.9274673676170822,0.03433937005190346
Cell2,window_1C,3.90-3.60 V,2500,0.890899848472318,0.9235985551771303,0.03269870670481234
Cell2,window_1C,3.90-3.60 V,2600,0.8851014783484051,0.9231281336855426,0.03802665533713745
Cell2,window_1C,3.90-3.60 V,2700,0.884116147833806,0.9188380880161122,0.03472194018230623
Cell2,window_1C,3.90-3.60 V,2800,0.8806698616990649,0.9151526454688579,0.03448278376979297
Cell2,window_1C,3.90-3.60 V,2900,0.8738680613352823,0.9157789372518795,0.04191087591659726
Cell2,window_1C,3.90-3.60 V,3000,0.8732835066906316,0.9105817100510427,0.03729820336041112
Cell2,window_1C,3.90-3.60 V,3100,0.869595438303303,0.9069615519260548,0.03736611362275177
Cell2,window_1C,3.90-3.60 V,3200,0.8641180810185847,0.9082469198359971,0.044128838817412475
Cell2,window_1C,3.90-3.60 V,3300,0.8630814560163735,0.9012465900756867,0.03816513405931321
Cell2,window_1C,3.90-3.60 V,3500,0.8542306431987776,0.9037851642813308,0.049554521082553205
Cell2,window_1C,3.90-3.60 V,3600,0.8547956759563882,0.897411216401328,0.04261554044493987
Cell2,window_1C,3.90-3.60 V,3700,0.8520948857723898,0.8948176767919216,0.0427227910195318
Cell2,window_1C,3.90-3.60 V,3800,0.8453215584586746,0.8988452466502566,0.05352368819158193
Cell2,window_1C,3.90-3.60 V,3900,0.8457360547758919,0.8912627425803382,0.04552668780444635
Cell2,window_1C,3.90-3.60 V,4000,0.84308977279618,0.8881995068427543,0.04510973404657426
Cell2,window_1C,3.90-3.60 V,4100,0.8376689201961625,0.8897275272048357,0.05205860700867326
Cell2,window_1C,3.90-3.60 V,4200,0.8367804142076015,0.8832347322171993,0.04645431800959776
Cell2,window_1C,3.90-3.60 V,4300,0.8340793780956169,0.878032268775037,0.0439528906794201
Cell2,window_1C,3.90-3.60 V,4400,0.8313786571579407,0.8751372319402432,0.043758574782302495
Cell2,window_1C,3.90-3.60 V,4500,0.8264381885374986,0.8782398857779469,0.05180169724044825
Cell2,window_1C,3.90-3.60 V,4600,0.8260077218214709,0.869645374059358,0.04363765223788718
Cell2,window_1C,3.90-3.60 V,4800,0.8210040216574295,0.8643350372056924,0.04333101554826291
Cell2,window_1C,3.90-3.60 V,5000,0.7698442455906362,0.8102371170478293,0.04039287145719306
Cell2,window_1C,3.90-3.60 V,5100,0.7864779964744758,0.810048622202352,0.02357062572787616
Cell2,window_1C,3.90-3.60 V,5200,0.7831591564205339,0.8250239611245174,0.04186480470398346
Cell2,window_1C,3.90-3.60 V,5300,0.790506101389353,0.8134634634630036,0.022957362073650622
Cell2,window_1C,3.90-3.60 V,5400,0.7907063506206141,0.8115117453550305,0.020805394734416338
Cell2,window_1C,3.90-3.60 V,5500,0.7838002564711535,0.8247266744452696,0.040926417974116114
Cell2,window_1C,3.90-3.60 V,5600,0.7877724861181763,0.8101101954143272,0.022337709296150865
Cell2,window_1C,3.90-3.60 V,5700,0.7866416147796087,0.8065644470816364,0.019922832302027738
Cell2,window_1C,3.90-3.60 V,5800,0.7829059691267659,0.8087361611350342,0.025830192008268305
Cell2,window_1C,3.90-3.60 V,5900,0.7820601667163337,0.8014808211350893,0.019420654418755623
Cell2,window_1C,3.90-3.60 V,6000,0.779784332631335,0.7980376437952837,0.018253311163948793
Cell2,window_1C,3.90-3.60 V,6100,0.7722497286125048,0.804116940813226,0.031867212200721196
Cell2,window_1C,3.90-3.60 V,6200,0.776348448709899,0.7953495041378241,0.019001055427925073
Cell2,window_1C,3.90-3.60 V,6300,0.7740696076025702,0.7920919730813406,0.018022365478770452
Cell2,window_1C,3.90-3.60 V,6400,0.7658011134834639,0.80171954852001,0.035918435036546126
Cell2,window_1C,3.90-3.60 V,6500,0.7699776406616741,0.7895961698011481,0.01961852913947404
Cell2,window_1C,3.90-3.60 V,6600,0.7673124073631341,0.785259683499553,0.017947276136418888
Cell2,window_1C,3.90-3.60 V,6700,0.7640432571639407,0.8086251379141735,0.04458188075023273
Cell2,window_1C,3.90-3.60 V,6800,0.7675400824561465,0.7916862420551931,0.024146159599046646
Cell2,window_1C,3.90-3.60 V,6900,0.7649880784796779,0.7866012776088399,0.021613199129162042
Cell2,window_1C,3.90-3.60 V,7000,0.7569373495320741,0.7977627443514269,0.04082539481935277
Cell2,window_1C,3.90-3.60 V,7100,0.7571044091486651,0.7864188643977383,0.02931445524907328
Cell2,window_1C,3.90-3.60 V,7200,0.7578567670102214,0.7776100426570627,0.019753275646841262
Cell2,window_1C,3.90-3.60 V,7300,0.7581685365463312,0.7748402463286969,0.01667170978236565
Cell2,window_1C,3.90-3.60 V,7400,0.6823926290322354,0.7158369288859231,0.03344429985368769
Cell2,window_1C,3.90-3.60 V,7500,0.7651322683644545,0.7772289153734225,0.012096647008968064
Cell2,window_1C,3.90-3.60 V,7600,0.7602308785445443,0.7715289640729757,0.011298085528431367
Cell2,window_1C,3.90-3.60 V,7700,0.7415632912559396,0.7635490234563941,0.021985732200454522
Cell2,window_OCV,3.90-3.60 V,0,1.0,1.0,0.0
Cell2,window_OCV,3.90-3.60 V,100,0.9888449969665425,0.9925842682266132,0.0037392712600706757
Cell2,window_OCV,3.90-3.60 V,200,0.9827687821520125,0.9876968692009789,0.004928087048966412
Cell2,window_OCV,3.90-3.60 V,300,0.9787657281283766,0.983138646390158,0.004372918261781433
Cell2,window_OCV,3.90-3.60 V,400,0.9724603484974377,0.9805427282696881,0.008082379772250459
Cell2,window_OCV,3.90-3.60 V,500,0.9677508461666642,0.9772651040090876,0.009514257842423435
Cell2,window_OCV,3.90-3.60 V,600,0.9635864661312896,0.9749969138963852,0.011410447765095588
Cell2,window_OCV,3.90-3.60 V,700,0.9600336768008568,0.9731160215978615,0.013082344797004652
Cell2,window_OCV,3.90-3.60 V,800,0.9552151812259378,0.9693317689748502,0.014116587748912335
Cell2,window_OCV,3.90-3.60 V,900,0.9516017182327118,0.9670965340085463,0.015494815775834558
Cell2,window_OCV,3.90-3.60 V,1000,0.9480753594217672,0.9644243518685772,0.016348992446809985
Cell2,window_OCV,3.90-3.60 V,1100,0.9444296156362759,0.9616241929869488,0.01719457735067287
Cell2,window_OCV,3.90-3.60 V,1200,0.9406413624095582,0.959155705245725,0.01851434283616682
Cell2,window_OCV,3.90-3.60 V,1300,0.9366694077964659,0.9562175037187722,0.01954809592230633
Cell2,window_OCV,3.90-3.60 V,1400,0.932810529893884,0.9539041827595156,0.021093652865631585
Cell2,window_OCV,3.90-3.60 V,1600,0.9247325574445662,0.9492495164934158,0.02451695904884965
Cell2,window_OCV,3.90-3.60 V,1800,0.9172401327048375,0.9443132480363955,0.027073115331557984
Cell2,window_OCV,3.90-3.60 V,1900,0.9126734809087659,0.9416151002798875,0.028941619371121607
Cell2,window_OCV,3.90-3.60 V,2000,0.9081863860489503,0.9392676566294541,0.031081270580503806
Cell2,window_OCV,3.90-3.60 V,2100,0.9053054136303469,0.9346792857095529,0.029373872079206054
Cell2,window_OCV,3.90-3.60 V,2200,0.9002807104413723,0.9335564335783068,0.0332757231369345
Cell2,window_OCV,3.90-3.60 V,2300,0.89784288511742,0.9294431157082118,0.031600230590791756
Cell2,window_OCV,3.90-3.60 V,2400,0.8931279975651787,0.9283299303467216,0.03520193278154293
Cell2,window_OCV,3.90-3.60 V,2500,0.890899848472318,0.9244030833354323,0.03350323486311435
Cell2,window_OCV,3.90-3.60 V,2600,0.8851014783484051,0.9246682075651842,0.03956672921677906
Cell2,window_OCV,3.90-3.60 V,2700,0.884116147833806,0.9192335929690226,0.03511744513521664
Cell2,window_OCV,3.90-3.60 V,2800,0.8806698616990649,0.9147800815202016,0.03411021982113671
Cell2,window_OCV,3.90-3.60 V,2900,0.8738680613352823,0.9167438944437244,0.04287583310844212
Cell2,window_OCV,3.90-3.60 V,3000,0.8732835066906316,0.9099833490589705,0.0366998423683389
Cell2,window_OCV,3.90-3.60 V,3100,0.869595438303303,0.9061564389059679,0.03656100060266487
Cell2,window_OCV,3.90-3.60 V,3200,0.8641180810185847,0.9082247940203356,0.04410671300175095
Cell2,window_OCV,3.90-3.60 V,3300,0.8630814560163735,0.9001695985231191,0.037088142506745525
Cell2,window_OCV,3.90-3.60 V,3500,0.8542306431987776,0.9011090949620179,0.046878451763240236
Cell2,window_OCV,3.90-3.60 V,3600,0.8547956759563882,0.8943412730757657,0.03954559711937755
Cell2,window_OCV,3.90-3.60 V,3700,0.8520948857723898,0.8960539189175599,0.043959033145170134
Cell2,window_OCV,3.90-3.60 V,3800,0.8453215584586746,0.898867039540626,0.05354548108195134
Cell2,window_OCV,3.90-3.60 V,3900,0.8457360547758919,0.8885258079389401,0.04278975316304823
Cell2,window_OCV,3.90-3.60 V,4000,0.84308977279618,0.8846398401180635,0.04155006732188349
Cell2,window_OCV,3.90-3.60 V,4100,0.8376689201961625,0.8869699046267722,0.04930098443060971
Cell2,window_OCV,3.90-3.60 V,4200,0.8367804142076015,0.8788718950763015,0.04209148086869996
Cell2,window_OCV,3.90-3.60 V,4300,0.8340793780956169,0.8732639921609798,0.03918461406536289
Cell2,window_OCV,3.90-3.60 V,4400,0.8313786571579407,0.8699993183134375,0.03862066115549678
Cell2,window_OCV,3.90-3.60 V,4500,0.8264381885374986,0.8721737677285137,0.04573557919101512
Cell2,window_OCV,3.90-3.60 V,4600,0.8260077218214709,0.8644871662500148,0.038479444428543896
Cell2,window_OCV,3.90-3.60 V,4800,0.8210040216574295,0.8576507423913691,0.0366467207339396
Cell2,window_OCV,3.90-3.60 V,5000,0.7698442455906362,0.8412080235244573,0.0713637779338211
Cell2,window_OCV,3.90-3.60 V,5100,0.7864779964744758,0.8309852742844344,0.044507277809958556
Cell2,window_OCV,3.90-3.60 V,5200,0.7831591564205339,0.8579412568294879,0.07478210040895394
Cell2,window_OCV,3.90-3.60 V,5300,0.790506101389353,0.8309453818698292,0.04043928048047629
Cell2,window_OCV,3.90-3.60 V,5400,0.7907063506206141,0.8239632211879816,0.03325687056736748
Cell2,window_OCV,3.90-3.60 V,5500,0.7838002564711535,0.853272908285733,0.06947265181457951
Cell2,window_OCV,3.90-3.60 V,5600,0.7877724861181763,0.8229054343511598,0.03513294823298352
Cell2,window_OCV,3.90-3.60 V,5700,0.7866416147796087,0.8160076790619868,0.02936606428237809
Cell2,window_OCV,3.90-3.60 V,5800,0.7829059691267659,0.8168550195947011,0.03394905046793517
Cell2,window_OCV,3.90-3.60 V,5900,0.7820601667163337,0.8069468081613542,0.024886641445020508
Cell2,window_OCV,3.90-3.60 V,6000,0.779784332631335,0.8027253138084693,0.02294098117713439
Cell2,window_OCV,3.90-3.60 V,6100,0.7722497286125048,0.8169090320430688,0.0446593034305639
Cell2,window_OCV,3.90-3.60 V,6200,0.776348448709899,0.7996396493474026,0.023291200637503562
Cell2,window_OCV,3.90-3.60 V,6300,0.7740696076025702,0.7948284786792178,0.020758871076647645
Cell2,window_OCV,3.90-3.60 V,6400,0.7658011134834639,0.817194831336533,0.05139371785306912
Cell2,window_OCV,3.90-3.60 V,6500,0.7699776406616741,0.7936668839142182,0.02368924325254418
Cell2,window_OCV,3.90-3.60 V,6600,0.7673124073631341,0.7866907775989507,0.019378370235816567
Cell2,window_OCV,3.90-3.60 V,6700,0.7640432571639407,0.831313179566791,0.06726992240285024
Cell2,window_OCV,3.90-3.60 V,6800,0.7675400824561465,0.7988720269611663,0.03133194450501986
Cell2,window_OCV,3.90-3.60 V,6900,0.7649880784796779,0.789509840195911,0.024521761716233104
Cell2,window_OCV,3.90-3.60 V,7000,0.7569373495320741,0.814994391739917,0.0580570422078428
Cell2,window_OCV,3.90-3.60 V,7100,0.7571044091486651,0.7934784748231171,0.036374065674452005
Cell2,window_OCV,3.90-3.60 V,7200,0.7578567670102214,0.7797738125275846,0.021917045517363176
Cell2,window_OCV,3.90-3.60 V,7300,0.7581685365463312,0.7769305969066197,0.01876206036028849
Cell2,window_OCV,3.90-3.60 V,7400,0.6823926290322354,0.815981586524226,0.13358895749199062
Cell2,window_OCV,3.90-3.60 V,7500,0.7651322683644545,0.7857330284952994,0.020600760130844886
Cell2,window_OCV,3.90-3.60 V,7600,0.7602308785445443,0.7768938624319023,0.016662983887357985
Cell2,window_OCV,3.90-3.60 V,7700,0.7415632912559396,0.7815252076025416,0.03996191634660207
Cell2,learned_1C,3.94-3.64 V,0,1.0,1.0,0.0
Cell2,learned_1C,3.94-3.64 V,100,0.9888449969665425,0.9905290937810765,0.001684096814533964
Cell2,learned_1C,3.94-3.64 V,200,0.9827687821520125,0.9864573447063891,0.003688562554376662
Cell2,learned_1C,3.94-3.64 V,300,0.9787657281283766,0.9851701883283082,0.006404460199931572
Cell2,learned_1C,3.94-3.64 V,400,0.9724603484974377,0.9816535334343818,0.009193184936944099
Cell2,learned_1C,3.94-3.64 V,500,0.9677508461666642,0.9789790548816151,0.011228208714950894
Cell2,learned_1C,3.94-3.64 V,600,0.9635864661312896,0.9760912433180516,0.012504777186762017
Cell2,learned_1C,3.94-3.64 V,700,0.9600336768008568,0.974973897982166,0.014940221181309221
Cell2,learned_1C,3.94-3.64 V,800,0.9552151812259378,0.9716051460997513,0.0163899648738135
Cell2,learned_1C,3.94-3.64 V,900,0.9516017182327118,0.9689889310060564,0.01738721277334465
Cell2,learned_1C,3.94-3.64 V,1000,0.9480753594217672,0.9671025741422875,0.01902721472052027
Cell2,learned_1C,3.94-3.64 V,1100,0.9444296156362759,0.9651394913016285,0.02070987566535254
Cell2,learned_1C,3.94-3.64 V,1200,0.9406413624095582,0.9631019895420626,0.022460627132504407
Cell2,learned_1C,3.94-3.64 V,1300,0.9366694077964659,0.9607173386983611,0.024047930901895165
Cell2,learned_1C,3.94-3.64 V,1400,0.932810529893884,0.9579806656850719,0.025170135791187875
Cell2,learned_1C,3.94-3.64 V,1600,0.9247325574445662,0.954555626300722,0.02982306885615582
Cell2,learned_1C,3.94-3.64 V,1800,0.9172401327048375,0.9491407038213169,0.03190057111647937
Cell2,learned_1C,3.94-3.64 V,1900,0.9126734809087659,0.9470289737498626,0.034355492841096735
Cell2,learned_1C,3.94-3.64 V,2000,0.9081863860489503,0.9435086045900386,0.0353222185410883
Cell2,learned_1C,3.94-3.64 V,2100,0.9053054136303469,0.9384756689317136,0.03317025530136675
Cell2,learned_1C,3.94-3.64 V,2200,0.9002807104413723,0.9371596829012693,0.03687897245989702
Cell2,learned_1C,3.94-3.64 V,2300,0.89784288511742,0.9325174587259982,0.034674573608578174
Cell2,learned_1C,3.94-3.64 V,2400,0.8931279975651787,0.9310984753229188,0.037970477757740095
Cell2,learned_1C,3.94-3.64 V,2500,0.890899848472318,0.9261815359507263,0.03528168747840832
Cell2,learned_1C,3.94-3.64 V,2600,0.8851014783484051,0.9261185574216257,0.04101707907322061
Cell2,learned_1C,3.94-3.64 V,2700,0.884116147833806,0.9200229904039942,0.03590684257018817
Cell2,learned_1C,3.94-3.64 V,2800,0.8806698616990649,0.9163262232375785,0.03565636153851359
Cell2,learned_1C,3.94-3.64 V,2900,0.8738680613352823,0.9167646450732423,0.042896583737960015
Cell2,learned_1C,3.94-3.64 V,3000,0.8732835066906316,0.9108227554835534,0.03753924879292181
Cell2,learned_1C,3.94-3.64 V,3100,0.869595438303303,0.9059400800785187,0.03634464177521568
Cell2,learned_1C,3.94-3.64 V,3200,0.8641180810185847,0.9058162130118271,0.04169813199324246
Cell2,learned_1C,3.94-3.64 V,3300,0.8630814560163735,0.8998709153768422,0.036789459360468624
Cell2,learned_1C,3.94-3.64 V,3500,0.8542306431987776,0.8992590131439534,0.045028369945175784
Cell2,learned_1C,3.94-3.64 V,3600,0.8547956759563882,0.8943927060930442,0.03959703013665605
Cell2,learned_1C,3.94-3.64 V,3700,0.8520948857723898,0.8905714078220831,0.03847652204969332
Cell2,learned_1C,3.94-3.64 V,3800,0.8453215584586746,0.892181954586176,0.04686039612750137
Cell2,learned_1C,3.94-3.64 V,3900,0.8457360547758919,0.8861129007421958,0.040376845966303976
Cell2,learned_1C,3.94-3.64 V,4000,0.84308977279618,0.8817888302057576,0.038699057409577575
Cell2,learned_1C,3.94-3.64 V,4100,0.8376689201961625,0.8800935697296316,0.04242464953346914
Cell2,learned_1C,3.94-3.64 V,4200,0.8367804142076015,0.8755648388861723,0.038784424678570795
Cell2,learned_1C,3.94-3.64 V,4300,0.8340793780956169,0.8701298587080628,0.03605048061244587
Cell2,learned_1C,3.94-3.64 V,4400,0.8313786571579407,0.8653848719751777,0.03400621481723698
Cell2,learned_1C,3.94-3.64 V,4500,0.8264381885374986,0.8657944326587897,0.03935624412129113
Cell2,learned_1C,3.94-3.64 V,4600,0.8260077218214709,0.8598713726042517,0.03386365078278086
Cell2,learned_1C,3.94-3.64 V,4800,0.8210040216574295,0.8531071532280199,0.032103131570590415
Cell2,learned_1C,3.94-3.64 V,5000,0.7698442455906362,0.7965915154103346,0.026747269819698327
Cell2,learned_1C,3.94-3.64 V,5100,0.7864779964744758,0.7985398026124874,0.012061806138011555
Cell2,learned_1C,3.94-3.64 V,5200,0.7831591564205339,0.8060221281707828,0.022862971750248873
Cell2,learned_1C,3.94-3.64 V,5300,0.790506101389353,0.8002378596430896,0.009731758253736622
Cell2,learned_1C,3.94-3.64 V,5400,0.7907063506206141,0.7980853450348713,0.007378994414257156
Cell2,learned_1C,3.94-3.64 V,5500,0.7838002564711535,0.802199394281897,0.018399137810743538
Cell2,learned_1C,3.94-3.64 V,5600,0.7877724861181763,0.7945653776179746,0.006792891499798337
Cell2,learned_1C,3.94-3.64 V,5700,0.7866416147796087,0.7916930374698407,0.005051422690231955
Cell2,learned_1C,3.94-3.64 V,5800,0.7829059691267659,0.7919770316214828,0.009071062494716897
Cell2,learned_1C,3.94-3.64 V,5900,0.7820601667163337,0.7851320773109319,0.003071910594598215
Cell2,learned_1C,3.94-3.64 V,6000,0.779784332631335,0.7824487077937122,0.002664375162377275
Cell2,learned_1C,3.94-3.64 V,6100,0.7722497286125048,0.781120002126947,0.00887027351444214
Cell2,learned_1C,3.94-3.64 V,6200,0.776348448709899,0.7779536767150719,0.0016052280051728207
Cell2,learned_1C,3.94-3.64 V,6300,0.7740696076025702,0.7739245123713582,-0.00014509523121197798
Cell2,learned_1C,3.94-3.64 V,6400,0.7658011134834639,0.7755060430372729,0.009704929553808972
Cell2,learned_1C,3.94-3.64 V,6500,0.7699776406616741,0.771585631001794,0.0016079903401199358
Cell2,learned_1C,3.94-3.64 V,6600,0.7673124073631341,0.7664975159946498,-0.0008148913684843384
Cell2,learned_1C,3.94-3.64 V,6700,0.7640432571639407,0.7783919214410482,0.014348664277107459
Cell2,learned_1C,3.94-3.64 V,6800,0.7675400824561465,0.7710731867610575,0.00353310430491105
Cell2,learned_1C,3.94-3.64 V,6900,0.7649880784796779,0.7662187898127354,0.0012307113330575215
Cell2,learned_1C,3.94-3.64 V,7000,0.7569373495320741,0.7642795471285957,0.007342197596521549
Cell2,learned_1C,3.94-3.64 V,7100,0.7571044091486651,0.7617387528428957,0.004634343694230658
Cell2,learned_1C,3.94-3.64 V,7200,0.7578567670102214,0.7565933424839383,-0.0012634245262831412
Cell2,learned_1C,3.94-3.64 V,7300,0.7581685365463312,0.7536464070304759,-0.004522129515855289
Cell2,learned_1C,3.94-3.64 V,7400,0.6823926290322354,0.6854324960472764,0.003039867015040998
Cell2,learned_1C,3.94-3.64 V,7500,0.7651322683644545,0.7552637754453193,-0.009868492919135163
Cell2,learned_1C,3.94-3.64 V,7600,0.7602308785445443,0.748996342427533,-0.011234536117011307
Cell2,learned_1C,3.94-3.64 V,7700,0.7415632912559396,0.7326200849324339,-0.008943206323505648
Cell3,window_1C,3.90-3.60 V,0,1.0,1.0,0.0
Cell3,window_1C,3.90-3.60 V,100,0.9885292568376655,0.9880479223941457,-0.0004813344435197209
Cell3,window_1C,3.90-3.60 V,200,0.9831500075801718,0.9834615791967908,0.0003115716166189886
Cell3,window_1C,3.90-3.60 V,300,0.9797136253848632,0.9813261171150587,0.0016124917301955088
Cell3,window_1C,3.90-3.60 V,400,0.9740596396292251,0.9777977951756666,0.003738155546441413
Cell3,window_1C,3.90-3.60 V,500,0.9700245173895108,0.9748819705047305,0.004857453115219679
Cell3,window_1C,3.90-3.60 V,600,0.9659085633045299,0.9720623627324807,0.006153799427950801
Cell3,window_1C,3.90-3.60 V,700,0.9637992463866932,0.971003974508152,0.007204728121458781
Cell3,window_1C,3.90-3.60 V,800,0.9598064481643516,0.9684842475251246,0.008677799360773064
Cell3,window_1C,3.90-3.60 V,900,0.9565963685583362,0.9660396719414716,0.00944330338313537
Cell3,window_1C,3.90-3.60 V,1000,0.9534397584298558,0.9641516864397843,0.010711928009928484
Cell3,window_1C,3.90-3.60 V,1100,0.9504171940122291,0.962536385339896,0.012119191327666923
Cell3,window_1C,3.90-3.60 V,1200,0.9472554303866878,0.9602164320601672,0.012961001673479355
Cell3,window_1C,3.90-3.60 V,1300,0.943971631477012,0.9582272439473253,0.014255612470313261
Cell3,window_1C,3.90-3.60 V,1400,0.9406337144779082,0.9558132006576842,0.015179486179775936
Cell3,window_1C,3.90-3.60 V,1600,0.9337310291630698,0.953089050444699,0.019358021281629223
Cell3,window_1C,3.90-3.60 V,1800,0.926551852584601,0.9476138197308416,0.021061967146240534
Cell3,window_1C,3.90-3.60 V,1900,0.9226141996267462,0.9458027706969162,0.023188571070170028
Cell3,window_1C,3.90-3.60 V,2000,0.918782277591464,0.9438269531044217,0.025044675512957637
Cell3,window_1C,3.90-3.60 V,2100,0.916030282900707,0.9398324732203235,0.0238021903196165
Cell3,window_1C,3.90-3.60 V,2200,0.9112901313719919,0.9393847852460819,0.028094653874090048
Cell3,window_1C,3.90-3.60 V,2300,0.9086783087587351,0.9345940447346764,0.025915735975941323
Cell3,window_1C,3.90-3.60 V,2400,0.9048636815655549,0.9345558118295376,0.029692130263982763
Cell3,window_1C,3.90-3.60 V,2500,0.9021372303491191,0.929451852688221,0.02731462233910187
Cell3,window_1C,3.90-3.60 V,2600,0.8973200715923125,0.9300772848790487,0.0327572132867362
Cell3,window_1C,3.90-3.60 V,2700,0.8955968441238823,0.924674644002909,0.0290777998790267
Cell3,window_1C,3.90-3.60 V,2800,0.8921742678877798,0.9224133733132867,0.030239105425506896
Cell3,window_1C,3.90-3.60 V,2900,0.8868889070507598,0.9234461697480194,0.03655726269725956
Cell3,window_1C,3.90-3.60 V,3000,0.8855394890038051,0.9176536145588856,0.03211412555508053
Cell3,window_1C,3.90-3.60 V,3100,0.8824813417703941,0.9146055023450068,0.03212416057461276
Cell3,window_1C,3.90-3.60 V,3200,0.8775352168366941,0.9157046238036783,0.03816940696698423
Cell3,window_1C,3.90-3.60 V,3500,0.8681316464021255,0.9113930100714585,0.043261363669332975
Cell3,window_1C,3.90-3.60 V,3600,0.8675432138144191,0.9051957894930657,0.03765257567864655
Cell3,window_1C,3.90-3.60 V,3700,0.8650266702426076,0.9028191376108345,0.037792467368226945
Cell3,window_1C,3.90-3.60 V,3800,0.8601893169760496,0.9066926732416857,0.046503356265636064
Cell3,window_1C,3.90-3.60 V,3900,0.8593362521347534,0.8991296512677835,0.03979339913303015
Cell3,window_1C,3.90-3.60 V,4000,0.8565413669049242,0.8968200275333679,0.04027866062844365
Cell3,window_1C,3.90-3.60 V,4100,0.8524632990927625,0.8982497426495601,0.04578644355679762
Cell3,window_1C,3.90-3.60 V,4200,0.8511099015944504,0.8925169157456927,0.04140701415124226
Cell3,window_1C,3.90-3.60 V,4300,0.8485733391913227,0.8878268168956979,0.03925347770437515
Cell3,window_1C,3.90-3.60 V,4400,0.8459338763746832,0.8835832516658724,0.03764937529118917
Cell3,window_1C,3.90-3.60 V,4500,0.8412878792082542,0.8869439926320727,0.04565611342381848
Cell3,window_1C,3.90-3.60 V,4600,0.8398593466043734,0.8779440681246283,0.03808472152025488
Cell3,window_1C,3.90-3.60 V,4800,0.83500509254372,0.8729182258310019,0.03791313328728185
Cell3,window_1C,3.90-3.60 V,5000,0.8283344017666215,0.870543166169496,0.042208764402874466
Cell3,window_1C,3.90-3.60 V,5100,0.8264771892379629,0.8638646290806696,0.03738743984270676
Cell3,window_1C,3.90-3.60 V,5200,0.8222488421395764,0.8734137824793242,0.05116494033974783
Cell3,window_1C,3.90-3.60 V,5300,0.8221238682976189,0.8617511608631018,0.03962729256548292
Cell3,window_1C,3.90-3.60 V,5400,0.8196019718293861,0.8579757794333855,0.038373807603999444
Cell3,window_1C,3.90-3.60 V,5500,0.8155121156106215,0.8675844853193719,0.0520723697087504
Cell3,window_1C,3.90-3.60 V,5600,0.8156858379495635,0.855057993784154,0.03937215583459053
Cell3,window_1C,3.90-3.60 V,5700,0.8134010174584942,0.8505159635865069,0.037114946128012694
Cell3,window_1C,3.90-3.60 V,5800,0.8102329314760005,0.8519226549713976,0.041689723495397124
Cell3,window_1C,3.90-3.60 V,5900,0.8082503378737518,0.8444554391257428,0.036205101251991056
Cell3,window_1C,3.90-3.60 V,6000,0.805702708027298,0.8414949676494873,0.03579225962218924
Cell3,window_1C,3.90-3.60 V,6100,0.8016897390109089,0.8491507624851868,0.04746102347427794
Cell3,window_1C,3.90-3.60 V,6200,0.8010246690701301,0.8371428032708091,0.036118134200679
Cell3,window_1C,3.90-3.60 V,6300,0.7987308396165412,0.8337888590781064,0.03505801946156517
Cell3,window_1C,3.90-3.60 V,6400,0.7956361229880251,0.8448271165527043,0.04919099356467915
Cell3,window_1C,3.90-3.60 V,6500,0.7952658375684073,0.8312393933056146,0.035973555737207286
Cell3,window_1C,3.90-3.60 V,6600,0.793063879869843,0.827997745023927,0.03493386515408403
Cell3,window_1C,3.90-3.60 V,6700,0.7923487993466289,0.8461557875962087,0.053806988249579746
Cell3,window_1C,3.90-3.60 V,6800,0.7926190417323241,0.8326875143513874,0.04006847261906332
Cell3,window_1C,3.90-3.60 V,6900,0.7905169801925499,0.8276366199355403,0.037119639742990373
Cell3,window_1C,3.90-3.60 V,7000,0.7872204552304226,0.8393761000525635,0.052155644822140856
Cell3,window_1C,3.90-3.60 V,7100,0.789352241606998,0.8245712870890898,0.03521904548209176
Cell3,window_1C,3.90-3.60 V,7200,0.7857349721442602,0.820535196087852,0.034800223943591724
Cell3,window_1C,3.90-3.60 V,7300,0.7835413795877025,0.8167149438131812,0.03317356422547868
Cell3,window_1C,3.90-3.60 V,7400,0.7809286610653084,0.8227202500435696,0.041791588978261185
Cell3,window_1C,3.90-3.60 V,7500,0.7795772436949453,0.8110581278035983,0.03148088410865302
Cell3,window_1C,3.90-3.60 V,7600,0.7775091435231484,0.8091899091152467,0.031680765592098314
Cell3,window_1C,3.90-3.60 V,7700,0.7752007197719242,0.8163945102500136,0.041193790478089465
Cell3,window_1C,3.90-3.60 V,7800,0.7744501404204922,0.80526360444586,0.030813464025367776
Cell3,window_1C,3.90-3.60 V,7900,0.7724857707534093,0.8022217149688644,0.029735944215455112
Cell3,window_1C,3.90-3.60 V,8000,0.7705710393525768,0.811990699068465,0.041419659715888235
Cell3,window_1C,3.90-3.60 V,8100,0.7697486324201381,0.7999126228851503,0.03016399046501217
Cell3,window_OCV,3.90-3.60 V,0,1.0,1.0,0.0
Cell3,window_OCV,3.90-3.60 V,100,0.9885292568376655,0.9924973447531995,0.0039680879155340465
Cell3,window_OCV,3.90-3.60 V,200,0.9831500075801718,0.9901690364093324,0.007019028829160612
Cell3,window_OCV,3.90-3.60 V,300,0.9797136253848632,0.9851918772289989,0.005478251844135751
Cell3,window_OCV,3.90-3.60 V,400,0.9740596396292251,0.9824992831297661,0.008439643500540939
Cell3,window_OCV,3.90-3.60 V,500,0.9700245173895108,0.9796047297400525,0.00958021235054174
Cell3,window_OCV,3.90-3.60 V,600,0.9659085633045299,0.9763794910539022,0.010470927749372305
Cell3,window_OCV,3.90-3.60 V,700,0.9637992463866932,0.9744990503329148,0.010699803946221609
Cell3,window_OCV,3.90-3.60 V,800,0.9598064481643516,0.9717022013933769,0.011895753229025363
Cell3,window_OCV,3.90-3.60 V,900,0.9565963685583362,0.9688756409307151,0.012279272372378913
Cell3,window_OCV,3.90-3.60 V,1000,0.9534397584298558,0.9670722040060908,0.013632445576234997
Cell3,window_OCV,3.90-3.60 V,1100,0.9504171940122291,0.9648928795693241,0.014475685557094997
Cell3,window_OCV,3.90-3.60 V,1200,0.9472554303866878,0.9624790243041417,0.01522359391745387
Cell3,window_OCV,3.90-3.60 V,1300,0.943971631477012,0.9605683703729597,0.016596738895947705
Cell3,window_OCV,3.90-3.60 V,1400,0.9406337144779082,0.9583305744579468,0.01769685998003856
Cell3,window_OCV,3.90-3.60 V,1600,0.9337310291630698,0.9531579374752049,0.019426908312135116
Cell3,window_OCV,3.90-3.60 V,1800,0.926551852584601,0.9476864557460124,0.02113460316141136
Cell3,window_OCV,3.90-3.60 V,1900,0.9226141996267462,0.9456451597804767,0.023030960153730518
Cell3,window_OCV,3.90-3.60 V,2000,0.918782277591464,0.9433746916103489,0.0245924140188849
Cell3,window_OCV,3.90-3.60 V,2100,0.916030282900707,0.9400313646122936,0.024001081711586658
Cell3,window_OCV,3.90-3.60 V,2200,0.9112901313719919,0.9383215879390968,0.027031456567104928
Cell3,window_OCV,3.90-3.60 V,2300,0.9086783087587351,0.9346486929832635,0.025970384224528353
Cell3,window_OCV,3.90-3.60 V,2400,0.9048636815655549,0.9340940186948193,0.029230337129264483
Cell3,window_OCV,3.90-3.60 V,2500,0.9021372303491191,0.9296794257959736,0.027542195446854545
Cell3,window_OCV,3.90-3.60 V,2600,0.8973200715923125,0.9296119043597135,0.032291832767400996
Cell3,window_OCV,3.90-3.60 V,2700,0.8955968441238823,0.9253305988341342,0.02973375471025186
Cell3,window_OCV,3.90-3.60 V,2800,0.8921742678877798,0.9219937666073372,0.02981949871955747
Cell3,window_OCV,3.90-3.60 V,2900,0.8868889070507598,0.9229797332893034,0.03609082623854354
Cell3,window_OCV,3.90-3.60 V,3000,0.8855394890038051,0.9174775474473503,0.03193805844354525
Cell3,window_OCV,3.90-3.60 V,3100,0.8824813417703941,0.9143208173948971,0.031839475624503066
Cell3,window_OCV,3.90-3.60 V,3200,0.8775352168366941,0.9152076402557519,0.03767242341905774
Cell3,window_OCV,3.90-3.60 V,3500,0.8681316464021255,0.9092555515896048,0.041123905187479326
Cell3,window_OCV,3.90-3.60 V,3600,0.8675432138144191,0.903434218502396,0.0358910046879769
Cell3,window_OCV,3.90-3.60 V,3700,0.8650266702426076,0.9050452458700912,0.040018575627483566
Cell3,window_OCV,3.90-3.60 V,3800,0.8601893169760496,0.906324644871307,0.04613532789525743
Cell3,window_OCV,3.90-3.60 V,3900,0.8593362521347534,0.8983667046133422,0.03903045247858883
Cell3,window_OCV,3.90-3.60 V,4000,0.8565413669049242,0.8947235745765122,0.038182207671587975
Cell3,window_OCV,3.90-3.60 V,4100,0.8524632990927625,0.8964070307450175,0.04394373165225496
Cell3,window_OCV,3.90-3.60 V,4200,0.8511099015944504,0.8902806686078294,0.03917076701337896
Cell3,window_OCV,3.90-3.60 V,4300,0.8485733391913227,0.8862625135847899,0.037689174393467195
Cell3,window_OCV,3.90-3.60 V,4400,0.8459338763746832,0.8820532785184986,0.03611940214381537
Cell3,window_OCV,3.90-3.60 V,4500,0.8412878792082542,0.8840435158516463,0.0427556366433921
Cell3,window_OCV,3.90-3.60 V,4600,0.8398593466043734,0.8756117679605272,0.03575242135615375
Cell3,window_OCV,3.90-3.60 V,4800,0.83500509254372,0.8697272943371208,0.0347222017934008
Cell3,window_OCV,3.90-3.60 V,5000,0.8283344017666215,0.867483693247322,0.039149291480700454
Cell3,window_OCV,3.90-3.60 V,5100,0.8264771892379629,0.861266477224176,0.03478928798621317
Cell3,window_OCV,3.90-3.60 V,5200,0.8222488421395764,0.8730202931275802,0.05077145098800384
Cell3,window_OCV,3.90-3.60 V,5300,0.8221238682976189,0.8598665794874214,0.03774271118980255
Cell3,window_OCV,3.90-3.60 V,5400,0.8196019718293861,0.8552456449073508,0.03564367307796468
Cell3,window_OCV,3.90-3.60 V,5500,0.8155121156106215,0.8696937863998507,0.0541816707892292
Cell3,window_OCV,3.90-3.60 V,5600,0.8156858379495635,0.8538015307384687,0.03811569278890514
Cell3,window_OCV,3.90-3.60 V,5700,0.8134010174584942,0.8482346949808569,0.03483367752236266
Cell3,window_OCV,3.90-3.60 V,5800,0.8102329314760005,0.8474214565836067,0.037188525107606174
Cell3,window_OCV,3.90-3.60 V,5900,0.8082503378737518,0.8409664291726657,0.03271609129891395
Cell3,window_OCV,3.90-3.60 V,6000,0.805702708027298,0.8369480857818049,0.031245377754506864
Cell3,window_OCV,3.90-3.60 V,6100,0.8016897390109089,0.8442524313412432,0.04256269233033427
Cell3,window_OCV,3.90-3.60 V,6200,0.8010246690701301,0.8326722032120727,0.031647534141942546
Cell3,window_OCV,3.90-3.60 V,6300,0.7987308396165412,0.8291275199400501,0.03039668032350884
Cell3,window_OCV,3.90-3.60 V,6400,0.7956361229880251,0.842187944364975,0.04655182137694991
Cell3,window_OCV,3.90-3.60 V,6500,0.7952658375684073,0.8274434599394073,0.03217762237099997
Cell3,window_OCV,3.90-3.60 V,6600,0.793063879869843,0.8223500634250155,0.02928618355517254
Cell3,window_OCV,3.90-3.60 V,6700,0.7923487993466289,0.8483893888564468,0.05604058950981783
Cell3,window_OCV,3.90-3.60 V,6800,0.7926190417323241,0.8310143825745174,0.038395340842193315
Cell3,window_OCV,3.90-3.60 V,6900,0.7905169801925499,0.8249256676309777,0.03440868743842784
Cell3,window_OCV,3.90-3.60 V,7000,0.7872204552304226,0.8407294859594253,0.053509030729002705
Cell3,window_OCV,3.90-3.60 V,7100,0.789352241606998,0.8233866343687217,0.03403439276172371
Cell3,window_OCV,3.90-3.60 V,7200,0.7857349721442602,0.8162211607702373,0.030486188625977073
Cell3,window_OCV,3.90-3.60 V,7300,0.7835413795877025,0.8124588287205639,0.028917449132861317
Cell3,window_OCV,3.90-3.60 V,7400,0.7809286610653084,0.8150190905239381,0.03409042945862961
Cell3,window_OCV,3.90-3.60 V,7500,0.7795772436949453,0.8059719216293497,0.02639467793440442
Cell3,window_OCV,3.90-3.60 V,7600,0.7775091435231484,0.8029232885114435,0.025414144988295084
Cell3,window_OCV,3.90-3.60 V,7700,0.7752007197719242,0.8102964640035725,0.035095744231648296
Cell3,window_OCV,3.90-3.60 V,7800,0.7744501404204922,0.7989464216412487,0.024496281220756533
Cell3,window_OCV,3.90-3.60 V,7900,0.7724857707534093,0.7955716142209549,0.023085843467545608
Cell3,window_OCV,3.90-3.60 V,8000,0.7705710393525768,0.8076403309692416,0.037069291616664835
Cell3,window_OCV,3.90-3.60 V,8100,0.7697486324201381,0.7936705198406571,0.023921887420518928
Cell3,learned_1C,3.95-3.65 V,0,1.0,1.0,0.0
Cell3,learned_1C,3.95-3.65 V,100,0.9885292568376655,0.9894195382405224,0.0008902814028569628
Cell3,learned_1C,3.95-3.65 V,200,0.9831500075801718,0.9867703127499656,0.003620305169793836
Cell3,learned_1C,3.95-3.65 V,300,0.9797136253848632,0.9853043866105639,0.00559076122570068
Cell3,learned_1C,3.95-3.65 V,400,0.9740596396292251,0.9819062557185072,0.007846616089282055
Cell3,learned_1C,3.95-3.65 V,500,0.9700245173895108,0.9792283092208516,0.00920379183134079
Cell3,learned_1C,3.95-3.65 V,600,0.9659085633045299,0.9769060367903746,0.010997473485844678
Cell3,learned_1C,3.95-3.65 V,700,0.9637992463866932,0.9766029817823181,0.012803735395624849
Cell3,learned_1C,3.95-3.65 V,800,0.9598064481643516,0.9734742804949977,0.013667832330646168
Cell3,learned_1C,3.95-3.65 V,900,0.9565963685583362,0.9716650041564194,0.015068635598083246
Cell3,learned_1C,3.95-3.65 V,1000,0.9534397584298558,0.9705782016083854,0.017138443178529528
Cell3,learned_1C,3.95-3.65 V,1100,0.9504171940122291,0.9681178509928431,0.01770065698061396
Cell3,learned_1C,3.95-3.65 V,1200,0.9472554303866878,0.9661373142408435,0.01888188385415568
Cell3,learned_1C,3.95-3.65 V,1300,0.943971631477012,0.9642228077651768,0.02025117628816475
Cell3,learned_1C,3.95-3.65 V,1400,0.9406337144779082,0.9626025884256773,0.02196887394776903
Cell3,learned_1C,3.95-3.65 V,1600,0.9337310291630698,0.9598597755880816,0.02612874642501173
Cell3,learned_1C,3.95-3.65 V,1800,0.926551852584601,0.9550049206785443,0.028453068093943212
Cell3,learned_1C,3.95-3.65 V,1900,0.9226141996267462,0.9524683568692003,0.029854157242454105
Cell3,learned_1C,3.95-3.65 V,2000,0.918782277591464,0.950691048130779,0.03190877053931496
Cell3,learned_1C,3.95-3.65 V,2100,0.916030282900707,0.944624251702685,0.028593968801978065
Cell3,learned_1C,3.95-3.65 V,2200,0.9112901313719919,0.9446864305776992,0.0333962992057073
Cell3,learned_1C,3.95-3.65 V,2300,0.9086783087587351,0.9390491495251007,0.030370840766365537
Cell3,learned_1C,3.95-3.65 V,2400,0.9048636815655549,0.9386118603011848,0.03374817873562996
Cell3,learned_1C,3.95-3.65 V,2500,0.9021372303491191,0.9325500695117384,0.030412839162619276
Cell3,learned_1C,3.95-3.65 V,2600,0.8973200715923125,0.9342207857464216,0.036900714154109115
Cell3,learned_1C,3.95-3.65 V,2700,0.8955968441238823,0.926873715740442,0.031276871616559676
Cell3,learned_1C,3.95-3.65 V,2800,0.8921742678877798,0.9230035967236695,0.030829328835889735
Cell3,learned_1C,3.95-3.65 V,2900,0.8868889070507598,0.9247008814377113,0.0378119743869515
Cell3,learned_1C,3.95-3.65 V,3000,0.8855394890038051,0.9174235141869667,0.03188402518316158
Cell3,learned_1C,3.95-3.65 V,3100,0.8824813417703941,0.9132846147568263,0.030803272986432262
Cell3,learned_1C,3.95-3.65 V,3200,0.8775352168366941,0.9140649469687226,0.03652973013202854
Cell3,learned_1C,3.95-3.65 V,3500,0.8681316464021255,0.9064144001276172,0.038282753725491725
Cell3,learned_1C,3.95-3.65 V,3600,0.8675432138144191,0.9007090938244365,0.03316588001001741
Cell3,learned_1C,3.95-3.65 V,3700,0.8650266702426076,0.8975271711999518,0.03250050095734425
Cell3,learned_1C,3.95-3.65 V,3800,0.8601893169760496,0.9002039862232787,0.04001466924722907
Cell3,learned_1C,3.95-3.65 V,3900,0.8593362521347534,0.8923087802563875,0.03297252812163409
Cell3,learned_1C,3.95-3.65 V,4000,0.8565413669049242,0.8882125487448023,0.03167118183987805
Cell3,learned_1C,3.95-3.65 V,4100,0.8524632990927625,0.8881195466017707,0.0356562475090082
Cell3,learned_1C,3.95-3.65 V,4200,0.8511099015944504,0.8829945750250903,0.03188467343063983
Cell3,learned_1C,3.95-3.65 V,4300,0.8485733391913227,0.877240574346537,0.0286672351552143
Cell3,learned_1C,3.95-3.65 V,4400,0.8459338763746832,0.8733263294790382,0.027392453104355008
Cell3,learned_1C,3.95-3.65 V,4500,0.8412878792082542,0.8734329063848646,0.032145027176610386
Cell3,learned_1C,3.95-3.65 V,4600,0.8398593466043734,0.865690954798713,0.025831608194339606
Cell3,learned_1C,3.95-3.65 V,4800,0.83500509254372,0.8588351830818693,0.02383009053814933
Cell3,learned_1C,3.95-3.65 V,5000,0.8283344017666215,0.8542393254468537,0.025904923680232117
Cell3,learned_1C,3.95-3.65 V,5100,0.8264771892379629,0.8483419061346307,0.021864716896667802
Cell3,learned_1C,3.95-3.65 V,5200,0.8222488421395764,0.8517227156107967,0.029473873471220324
Cell3,learned_1C,3.95-3.65 V,5300,0.8221238682976189,0.8444972811869517,0.02237341288933281
Cell3,learned_1C,3.95-3.65 V,5400,0.8196019718293861,0.8399690842454685,0.020367112416082356
Cell3,learned_1C,3.95-3.65 V,5500,0.8155121156106215,0.843859823490826,0.028347707880204465
Cell3,learned_1C,3.95-3.65 V,5600,0.8156858379495635,0.8361250918648535,0.02043925391529
Cell3,learned_1C,3.95-3.65 V,5700,0.8134010174584942,0.8315505239466486,0.018149506488154388
Cell3,learned_1C,3.95-3.65 V,5800,0.8102329314760005,0.8308242148834799,0.0205912834074794
Cell3,learned_1C,3.95-3.65 V,5900,0.8082503378737518,0.82453529230003,0.016284954426278198
Cell3,learned_1C,3.95-3.65 V,6000,0.805702708027298,0.8205297523520896,0.014827044324791538
Cell3,learned_1C,3.95-3.65 V,6100,0.8016897390109089,0.8215321244002246,0.01984238538931571
Cell3,learned_1C,3.95-3.65 V,6200,0.8010246690701301,0.8163469526947691,0.015322283624638944
Cell3,learned_1C,3.95-3.65 V,6300,0.7987308396165412,0.8118777061014842,0.01314686648494301
Cell3,learned_1C,3.95-3.65 V,6400,0.7956361229880251,0.814663453053031,0.0190273300650059
Cell3,learned_1C,3.95-3.65 V,6500,0.7952658375684073,0.8090218500400976,0.013756012471690338
Cell3,learned_1C,3.95-3.65 V,6600,0.793063879869843,0.8052701704190592,0.012206290549216292
Cell3,learned_1C,3.95-3.65 V,6700,0.7923487993466289,0.8139925074769987,0.021643708130369754
Cell3,learned_1C,3.95-3.65 V,6800,0.7926190417323241,0.8078531236360922,0.01523408190376807
Cell3,learned_1C,3.95-3.65 V,6900,0.7905169801925499,0.8037764149407378,0.013259434748187915
Cell3,learned_1C,3.95-3.65 V,7000,0.7872204552304226,0.8043068210170804,0.017086365786657787
Cell3,learned_1C,3.95-3.65 V,7100,0.789352241606998,0.7994808138859217,0.01012857227892372
Cell3,learned_1C,3.95-3.65 V,7200,0.7857349721442602,0.7951660723233072,0.009431100179046914
Cell3,learned_1C,3.95-3.65 V,7300,0.7835413795877025,0.7908859320186704,0.007344552430967877
Cell3,learned_1C,3.95-3.65 V,7400,0.7809286610653084,0.7922158144241994,0.011287153358890967
Cell3,learned_1C,3.95-3.65 V,7500,0.7795772436949453,0.7852371052797352,0.005659861584789927
Cell3,learned_1C,3.95-3.65 V,7600,0.7775091435231484,0.7824309957780178,0.004921852254869408
Cell3,learned_1C,3.95-3.65 V,7700,0.7752007197719242,0.7827652335343755,0.007564513762451375
Cell3,learned_1C,3.95-3.65 V,7800,0.7744501404204922,0.7771187503850892,0.0026686099645969463
Cell3,learned_1C,3.95-3.65 V,7900,0.7724857707534093,0.7751080812805574,0.0026223105271481195
Cell3,learned_1C,3.95-3.65 V,8000,0.7705710393525768,0.7749607384340665,0.004389699081489784
Cell3,learned_1C,3.95-3.65 V,8100,0.7697486324201381,0.7714721570838499,0.0017235246637117285
Cell4,window_1C,3.90-3.60 V,0,1.0,1.0,0.0
Cell4,window_1C,3.90-3.60 V,100,0.9885760431902347,0.9884331712227686,-0.0001428719674660961
Cell4,window_1C,3.90-3.60 V,200,0.9815350509453115,0.9833629926242233,0.0018279416789118708
Cell4,window_1C,3.90-3.60 V,300,0.9766015503231475,0.9803510101187219,0.0037494597955743947
Cell4,window_1C,3.90-3.60 V,400,0.9693946267972836,0.976303804574292,0.006909177777008391
Cell4,window_1C,3.90-3.60 V,500,0.9638491194850175,0.9728844900236745,0.009035370538656995
Cell4,window_1C,3.90-3.60 V,600,0.9581676356062787,0.9696274611480938,0.011459825541815127
Cell4,window_1C,3.90-3.60 V,700,0.9559270629593468,0.9692431378289853,0.013316074869638483
Cell4,window_1C,3.90-3.60 V,800,0.9508635806214287,0.9661494134732292,0.015285832851800518
Cell4,window_1C,3.90-3.60 V,900,0.9461090225502471,0.9632381576660269,0.017129135115779848
Cell4,window_1C,3.90-3.60 V,1000,0.9412075222085834,0.9603304225443842,0.019122900335800774
Cell4,window_1C,3.90-3.60 V,1100,0.9361281498773105,0.9574264352047975,0.02129828532748701
Cell4,window_1C,3.90-3.60 V,1200,0.9303548571530329,0.9538430160799507,0.0234881589269178
Cell4,window_1C,3.90-3.60 V,1300,0.9249371555828859,0.9505080793653854,0.025570923782499477
Cell4,window_1C,3.90-3.60 V,1400,0.9192440912451326,0.9473512077220047,0.02810711647687203
Cell4,window_1C,3.90-3.60 V,1600,0.908746565647462,0.9414719520488668,0.032725386401404766
Cell4,window_1C,3.90-3.60 V,1800,0.8984170894539458,0.9350098012751672,0.03659271182122137
Cell4,window_1C,3.90-3.60 V,1900,0.8933689279916893,0.9325434122739666,0.03917448428227732
Cell4,window_1C,3.90-3.60 V,2000,0.8879683204659778,0.9294102058733013,0.04144188540732341
Cell4,window_1C,3.90-3.60 V,2100,0.8842853258201665,0.9247851198783867,0.04049979405822024
Cell4,window_1C,3.90-3.60 V,2200,0.8784212215103744,0.923410509417005,0.04498928790663059
Cell4,window_1C,3.90-3.60 V,2300,0.8755699768645183,0.9185609822203857,0.04299100535586742
Cell4,window_1C,3.90-3.60 V,2400,0.8715444492500258,0.9187846641541587,0.04724021490413288
Cell4,window_1C,3.90-3.60 V,2500,0.8690010173201893,0.9131672442277817,0.04416622690759242
Cell4,window_1C,3.90-3.60 V,2600,0.8620968771000763,0.913411167965497,0.05131429086542072
Cell4,window_1C,3.90-3.60 V,2700,0.8600704679436861,0.9070625493434321,0.04699208139974598
Cell4,window_1C,3.90-3.60 V,2800,0.8571791012445876,0.9046520360318987,0.04747293478731107
Cell4,window_1C,3.90-3.60 V,2900,0.8506033575576932,0.9057519447442538,0.05514858718656057
Cell4,window_1C,3.90-3.60 V,3000,0.8500815775976457,0.9000980941011679,0.050016516503522235
Cell4,window_1C,3.90-3.60 V,3100,0.8460172546218587,0.8955382313841045,0.04952097676224576
Cell4,window_1C,3.90-3.60 V,3200,0.8410983658077957,0.8976501155849339,0.05655174977713817
Cell4,window_1C,3.90-3.60 V,3300,0.8399817213259552,0.8906074861028219,0.050625764776866755
Cell4,window_1C,3.90-3.60 V,3500,0.8309904717421638,0.8928991147893216,0.06190864304715782
Cell4,window_1C,3.90-3.60 V,3600,0.8297299605519555,0.8850487223676693,0.055318761815713824
Cell4,window_1C,3.90-3.60 V,3700,0.8266753810277468,0.8849976331735553,0.05832225214580844
Cell4,window_1C,3.90-3.60 V,3800,0.8202737252382077,0.8872613165149665,0.0669875912767588
Cell4,window_1C,3.90-3.60 V,3900,0.820431916009106,0.8793063120256013,0.058874396016495245
Cell4,window_1C,3.90-3.60 V,4000,0.8184553728458016,0.8764438436382994,0.057988470792497804
Cell4,window_1C,3.90-3.60 V,4100,0.8126570226962031,0.8786149016534354,0.06595787895723226
Cell4,window_1C,3.90-3.60 V,4200,0.8114374918327094,0.8718635934791519,0.060426101646442465
Cell4,window_1C,3.90-3.60 V,4300,0.808724954067912,0.8656343434131449,0.05690938934523293
Cell4,window_1C,3.90-3.60 V,4400,0.8063382523539667,0.8622420967221468,0.05590384436818008
Cell4,window_1C,3.90-3.60 V,4500,0.801379385303187,0.8656038876859451,0.06422450238275812
Cell4,window_1C,3.90-3.60 V,4600,0.8007570559332557,0.8561568117909683,0.05539975585771251
Cell4,window_1C,3.90-3.60 V,4800,0.796275956346181,0.8500724433485989,0.0537964870024179
Cell4,window_1C,3.90-3.60 V,5000,0.7932941721701475,0.8484299465383148,0.0551357743681673
Cell4,window_1C,3.90-3.60 V,5100,0.7917900540877061,0.8398633677885015,0.04807331370079537
Cell4,window_OCV,3.90-3.60 V,0,1.0,1.0,0.0
Cell4,window_OCV,3.90-3.60 V,100,0.9885760431902347,0.9919625565168347,0.0033865133266000047
Cell4,window_OCV,3.90-3.60 V,200,0.9815350509453115,0.9870027680654256,0.005467717120114179
Cell4,window_OCV,3.90-3.60 V,300,0.9766015503231475,0.9818972301802515,0.0052956798571039965
Cell4,window_OCV,3.90-3.60 V,400,0.9693946267972836,0.9782527332274272,0.00885810643014362
Cell4,window_OCV,3.90-3.60 V,500,0.9638491194850175,0.9738583811382892,0.01000926165327165
Cell4,window_OCV,3.90-3.60 V,600,0.9581676356062787,0.9696261770442457,0.011458541437966985
Cell4,window_OCV,3.90-3.60 V,700,0.9559270629593468,0.967847257087611,0.011920194128264172
Cell4,window_OCV,3.90-3.60 V,800,0.9508635806214287,0.9642319035264829,0.013368322905054186
Cell4,window_OCV,3.90-3.60 V,900,0.9461090225502471,0.9614699022464666,0.015360879696219465
Cell4,window_OCV,3.90-3.60 V,1000,0.9412075222085834,0.9580346357086018,0.01682711350001842
Cell4,window_OCV,3.90-3.60 V,1100,0.9361281498773105,0.9548624356418046,0.018734285764494096
Cell4,window_OCV,3.90-3.60 V,1200,0.9303548571530329,0.9504709453074306,0.020116088154397693
Cell4,window_OCV,3.90-3.60 V,1300,0.9249371555828859,0.9474091190285535,0.022471963445667598
Cell4,window_OCV,3.90-3.60 V,1400,0.9192440912451326,0.9434483838779614,0.02420429263282875
Cell4,window_OCV,3.90-3.60 V,1600,0.908746565647462,0.9372373582155564,0.028490792568094392
Cell4,window_OCV,3.90-3.60 V,1800,0.8984170894539458,0.9289360032157814,0.030518913761835575
Cell4,window_OCV,3.90-3.60 V,1900,0.8933689279916893,0.9262978994275561,0.032928971435866816
Cell4,window_OCV,3.90-3.60 V,2000,0.8879683204659778,0.9224822731823568,0.034513952716378915
Cell4,window_OCV,3.90-3.60 V,2100,0.8842853258201665,0.9177715343920362,0.03348620857186968
Cell4,window_OCV,3.90-3.60 V,2200,0.8784212215103744,0.9157188694164439,0.03729764790606949
Cell4,window_OCV,3.90-3.60 V,2300,0.8755699768645183,0.910726988367102,0.03515701150258366
Cell4,window_OCV,3.90-3.60 V,2400,0.8715444492500258,0.9116311314932115,0.04008668224318568
Cell4,window_OCV,3.90-3.60 V,2500,0.8690010173201893,0.9061426993156121,0.03714168199542278
Cell4,window_OCV,3.90-3.60 V,2600,0.8620968771000763,0.9061729894724907,0.04407611237241438
Cell4,window_OCV,3.90-3.60 V,2700,0.8600704679436861,0.8995107283988086,0.0394402604551225
Cell4,window_OCV,3.90-3.60 V,2800,0.8571791012445876,0.8967731254354824,0.03959402419089475
Cell4,window_OCV,3.90-3.60 V,2900,0.8506033575576932,0.9000237520266633,0.049420394468970064
Cell4,window_OCV,3.90-3.60 V,3000,0.8500815775976457,0.8925450476638104,0.04246347006616469
Cell4,window_OCV,3.90-3.60 V,3100,0.8460172546218587,0.88748053927564,0.04146328465378124
Cell4,window_OCV,3.90-3.60 V,3200,0.8410983658077957,0.8906213376776696,0.049522971869873866
Cell4,window_OCV,3.90-3.60 V,3300,0.8399817213259552,0.8822086216833899,0.042226900357434705
Cell4,window_OCV,3.90-3.60 V,3500,0.8309904717421638,0.8828653232530841,0.051874851510920306
Cell4,window_OCV,3.90-3.60 V,3600,0.8297299605519555,0.8740116190956525,0.04428165854369703
Cell4,window_OCV,3.90-3.60 V,3700,0.8266753810277468,0.8763300884221251,0.04965470739437827
Cell4,window_OCV,3.90-3.60 V,3800,0.8202737252382077,0.8801485468797163,0.05987482164150859
Cell4,window_OCV,3.90-3.60 V,3900,0.820431916009106,0.8700448586968409,0.04961294268773486
Cell4,window_OCV,3.90-3.60 V,4000,0.8184553728458016,0.8661967495894022,0.04774137674360057
Cell4,window_OCV,3.90-3.60 V,4100,0.8126570226962031,0.8681344847314774,0.05547746203527426
Cell4,window_OCV,3.90-3.60 V,4200,0.8114374918327094,0.8596960550753265,0.048258563242617125
Cell4,window_OCV,3.90-3.60 V,4300,0.808724954067912,0.8540157646993909,0.045290810631478884
Cell4,window_OCV,3.90-3.60 V,4400,0.8063382523539667,0.8502305478209606,0.043892295466993914
Cell4,window_OCV,3.90-3.60 V,4500,0.801379385303187,0.8529421810877984,0.051562795784611426
Cell4,window_OCV,3.90-3.60 V,4600,0.8007570559332557,0.8438323264830174,0.04307527054976168
Cell4,window_OCV,3.90-3.60 V,4800,0.796275956346181,0.8363742172900992,0.04009826094391822
Cell4,window_OCV,3.90-3.60 V,5000,0.7932941721701475,0.8358507170698122,0.04255654489966465
Cell4,window_OCV,3.90-3.60 V,5100,0.7917900540877061,0.8281415280878315,0.036351474000125394
Cell4,learned_1C,3.95-3.65 V,0,1.0,1.0,0.0
Cell4,learned_1C,3.95-3.65 V,100,0.9885760431902347,0.9907405878146376,0.0021645446244028532
Cell4,learned_1C,3.95-3.65 V,200,0.9815350509453115,0.9873500891754335,0.005815038230122083
Cell4,learned_1C,3.95-3.65 V,300,0.9766015503231475,0.9862968244619912,0.009695274138843635
Cell4,learned_1C,3.95-3.65 V,400,0.9693946267972836,0.9824007840240442,0.013006157226760573
Cell4,learned_1C,3.95-3.65 V,500,0.9638491194850175,0.979187504719657,0.015338385234639484
Cell4,learned_1C,3.95-3.65 V,600,0.9581676356062787,0.9760264313719503,0.01785879576567162
Cell4,learned_1C,3.95-3.65 V,700,0.9559270629593468,0.9771891057526112,0.02126204279326438
Cell4,learned_1C,3.95-3.65 V,800,0.9508635806214287,0.9733655056752922,0.022501925053863503
Cell4,learned_1C,3.95-3.65 V,900,0.9461090225502471,0.9705603629055882,0.024451340355341133
Cell4,learned_1C,3.95-3.65 V,1000,0.9412075222085834,0.9684059840636382,0.027198461855054812
Cell4,learned_1C,3.95-3.65 V,1100,0.9361281498773105,0.9647448414745795,0.028616691597268984
Cell4,learned_1C,3.95-3.65 V,1200,0.9303548571530329,0.961088076291371,0.030733219138338153
Cell4,learned_1C,3.95-3.65 V,1300,0.9249371555828859,0.9570956901860385,0.032158534603152544
Cell4,learned_1C,3.95-3.65 V,1400,0.9192440912451326,0.9533097890113195,0.03406569776618684
Cell4,learned_1C,3.95-3.65 V,1600,0.908746565647462,0.9485159625574862,0.039769396910024124
Cell4,learned_1C,3.95-3.65 V,1800,0.8984170894539458,0.940214803750177,0.04179771429623114
Cell4,learned_1C,3.95-3.65 V,1900,0.8933689279916893,0.9365786501426345,0.04320972215094521
Cell4,learned_1C,3.95-3.65 V,2000,0.8879683204659778,0.9333395461305072,0.045371225664529335
Cell4,learned_1C,3.95-3.65 V,2100,0.8842853258201665,0.9274557158486154,0.04317039002844891
Cell4,learned_1C,3.95-3.65 V,2200,0.8784212215103744,0.9245420247470784,0.04612080323670398
Cell4,learned_1C,3.95-3.65 V,2300,0.8755699768645183,0.9197053797868322,0.04413540292231388
Cell4,learned_1C,3.95-3.65 V,2400,0.8715444492500258,0.9183154187268834,0.04677096947685755
Cell4,learned_1C,3.95-3.65 V,2500,0.8690010173201893,0.9132211060493914,0.044220088729202134
Cell4,learned_1C,3.95-3.65 V,2600,0.8620968771000763,0.9110044833673235,0.04890760626724722
Cell4,learned_1C,3.95-3.65 V,2700,0.8600704679436861,0.9051042109554241,0.045033743011738014
Cell4,learned_1C,3.95-3.65 V,2800,0.8571791012445876,0.9025214524285694,0.04534235118398178
Cell4,learned_1C,3.95-3.65 V,2900,0.8506033575576932,0.8998225819542821,0.04921922439658888
Cell4,learned_1C,3.95-3.65 V,3000,0.8500815775976457,0.8954181907242574,0.04533661312661175
Cell4,learned_1C,3.95-3.65 V,3100,0.8460172546218587,0.8900065019275197,0.043989247305661006
Cell4,learned_1C,3.95-3.65 V,3200,0.8410983658077957,0.8889520369677526,0.04785367115995687
Cell4,learned_1C,3.95-3.65 V,3300,0.8399817213259552,0.8840546824706412,0.04407296114468606
Cell4,learned_1C,3.95-3.65 V,3500,0.8309904717421638,0.8804008176002358,0.049410345858072025
Cell4,learned_1C,3.95-3.65 V,3600,0.8297299605519555,0.8738957108802927,0.04416575032833725
Cell4,learned_1C,3.95-3.65 V,3700,0.8266753810277468,0.8717695853145229,0.04509420428677602
Cell4,learned_1C,3.95-3.65 V,3800,0.8202737252382077,0.8702514777787422,0.04997775254053449
Cell4,learned_1C,3.95-3.65 V,3900,0.820431916009106,0.8654040370311092,0.04497212102200321
Cell4,learned_1C,3.95-3.65 V,4000,0.8184553728458016,0.8616018432420827,0.043146470396281056
Cell4,learned_1C,3.95-3.65 V,4100,0.8126570226962031,0.8567805389203488,0.044123516224145676
Cell4,learned_1C,3.95-3.65 V,4200,0.8114374918327094,0.8528023609558664,0.041364869123156955
Cell4,learned_1C,3.95-3.65 V,4300,0.808724954067912,0.8472472541115219,0.0385223000436099
Cell4,learned_1C,3.95-3.65 V,4400,0.8063382523539667,0.8437040293669744,0.037365777013007695
Cell4,learned_1C,3.95-3.65 V,4500,0.801379385303187,0.8409860433877133,0.03960665808452635
Cell4,learned_1C,3.95-3.65 V,4600,0.8007570559332557,0.8361736444233981,0.0354165884901424
Cell4,learned_1C,3.95-3.65 V,4800,0.796275956346181,0.8292627041030988,0.03298674775691779
Cell4,learned_1C,3.95-3.65 V,5000,0.7932941721701475,0.8255724133788662,0.032278241208718694
Cell4,learned_1C,3.95-3.65 V,5100,0.7917900540877061,0.8189107635270676,0.027120709439361512
Cell5,window_1C,3.90-3.60 V,0,1.0,1.0,0.0
Cell5,window_1C,3.90-3.60 V,100,0.9877486642339074,0.9870274283583285,-0.0007212358755789294
Cell5,window_1C,3.90-3.60 V,200,0.9813395796931003,0.9821767706278582,0.0008371909347579809
Cell5,window_1C,3.90-3.60 V,300,0.9766158943257337,0.9795718050938339,0.0029559107681002006
Cell5,window_1C,3.90-3.60 V,400,0.9703018131586633,0.9751167709248837,0.004814957766220429
Cell5,window_1C,3.90-3.60 V,500,0.9654489705455236,0.9720560514491328,0.006607080903609175
Cell5,window_1C,3.90-3.60 V,600,0.9610840266537759,0.9695266042827227,0.008442577628946846
Cell5,window_1C,3.90-3.60 V,700,0.9579386226570679,0.9670473145193962,0.009108691862328322
Cell5,window_1C,3.90-3.60 V,800,0.9533458437454102,0.9649307893931315,0.011584945647721279
Cell5,window_1C,3.90-3.60 V,900,0.9495658377868609,0.9618051765061048,0.012239338719243875
Cell5,window_1C,3.90-3.60 V,1000,0.94590449099778,0.959791276118764,0.013886785120984069
Cell5,window_1C,3.90-3.60 V,1100,0.9418186077565682,0.9573548513493629,0.015536243592794707
Cell5,window_1C,3.90-3.60 V,1200,0.9380439988154602,0.9544327183188598,0.016388719503399596
Cell5,window_1C,3.90-3.60 V,1300,0.9344211268132143,0.9524659274413573,0.018044800628142954
Cell5,window_1C,3.90-3.60 V,1400,0.9309043248574426,0.9500517356797924,0.01914741082234983
Cell5,window_1C,3.90-3.60 V,1600,0.922903051759897,0.9465189640627035,0.023615912302806574
Cell5,window_1C,3.90-3.60 V,1800,0.9148557368901135,0.9411300785809807,0.026274341690867287
Cell5,window_1C,3.90-3.60 V,1900,0.9106094647989751,0.9386722992918526,0.028062834492877498
Cell5,window_1C,3.90-3.60 V,2000,0.9064720035423472,0.9362507088768376,0.02977870533449034
Cell5,window_1C,3.90-3.60 V,2100,0.9031409861442394,0.9319286526258846,0.028787666481645213
Cell5,window_1C,3.90-3.60 V,2200,0.8990659531344565,0.9308175238882502,0.031751570753793756
Cell5,window_1C,3.90-3.60 V,2300,0.8963048174972991,0.9259977785420331,0.029692961044734067
Cell5,window_1C,3.90-3.60 V,2400,0.8915985449798673,0.925866916097283,0.03426837111741565
Cell5,window_1C,3.90-3.60 V,2500,0.8888072503555997,0.9208341539735811,0.03202690361798144
Cell5,window_1C,3.90-3.60 V,2600,0.884194803606299,0.9218728706223314,0.03767806701603238
Cell5,window_1C,3.90-3.60 V,2700,0.8821210897461096,0.9152580451034659,0.03313695535735628
Cell5,window_1C,3.90-3.60 V,2800,0.8790169981369229,0.9119876500571659,0.032970651920242955
Cell5,window_1C,3.90-3.60 V,2900,0.8745229285146191,0.9150711489962913,0.04054822048167217
Cell5,window_1C,3.90-3.60 V,3000,0.8732553746871288,0.9086649567163169,0.03540958202918809
Cell5,window_1C,3.90-3.60 V,3100,0.8700892692911767,0.9049542374403373,0.034864968149160624
Cell5,window_1C,3.90-3.60 V,3200,0.8657521731256456,0.9073542354701136,0.04160206234446806
Cell5,window_1C,3.90-3.60 V,3300,0.8643196051540599,0.8999925485908139,0.03567294343675398
Cell5,window_1C,3.90-3.60 V,3500,0.8555986636015559,0.9034678571974927,0.047869193595936776
Cell5,window_1C,3.90-3.60 V,3600,0.8548197894658861,0.8956316899824595,0.04081190051657335
Cell5,window_1C,3.90-3.60 V,3700,0.8519290530383129,0.8925767037196788,0.04064765068136589
Cell5,window_1C,3.90-3.60 V,3800,0.8468821082536466,0.8978848750108664,0.05100276675721982
Cell5,window_1C,3.90-3.60 V,3900,0.8461784194307999,0.8897692863597867,0.04359086692898684
Cell5,window_1C,3.90-3.60 V,4000,0.8432258338210661,0.8858704248406645,0.04264459101959839
Cell5,window_1C,3.90-3.60 V,4100,0.8390622606019871,0.8887780535067479,0.0497157929047608
Cell5,window_1C,3.90-3.60 V,4200,0.8377162973949832,0.882189921871894,0.044473624476910834
Cell5,window_1C,3.90-3.60 V,4300,0.8355540201145728,0.8767034693963689,0.04114944928179609
Cell5,window_1C,3.90-3.60 V,4400,0.8328767763065282,0.8733997856134115,0.04052300930688324
Cell5,window_1C,3.90-3.60 V,4500,0.8289102194018485,0.8774262968221493,0.04851607742030084
Cell5,window_1C,3.90-3.60 V,4600,0.8281692129107688,0.8684965631247616,0.04032735021399281
Cell5,window_1C,3.90-3.60 V,4800,0.8232348919650748,0.8631536216544724,0.03991872968939758
Cell5,window_1C,3.90-3.60 V,5000,0.620299862540289,0.6384837019250325,0.01818383938474344
Cell5,window_OCV,3.90-3.60 V,0,1.0,1.0,0.0
Cell5,window_OCV,3.90-3.60 V,100,0.9877486642339074,0.991189245205628,0.0034405809717206193
Cell5,window_OCV,3.90-3.60 V,200,0.9813395796931003,0.9873019952594025,0.0059624155663022815
Cell5,window_OCV,3.90-3.60 V,300,0.9766158943257337,0.9838270442146239,0.007211149888890156
Cell5,window_OCV,3.90-3.60 V,400,0.9703018131586633,0.9793420604289363,0.009040247270273083
Cell5,window_OCV,3.90-3.60 V,500,0.9654489705455236,0.9771394218388159,0.01169045129329227
Cell5,window_OCV,3.90-3.60 V,600,0.9610840266537759,0.9741195230318429,0.013035496378067002
Cell5,window_OCV,3.90-3.60 V,700,0.9579386226570679,0.9721829987409487,0.01424437608388085
Cell5,window_OCV,3.90-3.60 V,800,0.9533458437454102,0.9691898033925779,0.01584395964716767
Cell5,window_OCV,3.90-3.60 V,900,0.9495658377868609,0.9668073202225977,0.017241482435736866
Cell5,window_OCV,3.90-3.60 V,1000,0.94590449099778,0.9636340357245569,0.017729544726776902
Cell5,window_OCV,3.90-3.60 V,1100,0.9418186077565682,0.9610077295368767,0.019189121780308516
Cell5,window_OCV,3.90-3.60 V,1200,0.9380439988154602,0.9584326346357261,0.020388635820265955
Cell5,window_OCV,3.90-3.60 V,1300,0.9344211268132143,0.9560250664670695,0.02160393965385521
Cell5,window_OCV,3.90-3.60 V,1400,0.9309043248574426,0.9535010098021741,0.02259668494473155
Cell5,window_OCV,3.90-3.60 V,1600,0.922903051759897,0.948977935123887,0.026074883363989998
Cell5,window_OCV,3.90-3.60 V,1800,0.9148557368901135,0.9426513864315399,0.027795649541426437
Cell5,window_OCV,3.90-3.60 V,1900,0.9106094647989751,0.9396821944675421,0.029072729668567
Cell5,window_OCV,3.90-3.60 V,2000,0.9064720035423472,0.9376535396111753,0.03118153606882801
Cell5,window_OCV,3.90-3.60 V,2100,0.9031409861442394,0.9332057106040974,0.030064724459857972
Cell5,window_OCV,3.90-3.60 V,2200,0.8990659531344565,0.9326443767168376,0.03357842358238117
Cell5,window_OCV,3.90-3.60 V,2300,0.8963048174972991,0.9283530846272624,0.03204826712996334
Cell5,window_OCV,3.90-3.60 V,2400,0.8915985449798673,0.9267248287439871,0.03512628376411975
Cell5,window_OCV,3.90-3.60 V,2500,0.8888072503555997,0.9225568616102487,0.03374961125464904
Cell5,window_OCV,3.90-3.60 V,2600,0.884194803606299,0.9226545500108825,0.038459746404583495
Cell5,window_OCV,3.90-3.60 V,2700,0.8821210897461096,0.9170987554123888,0.034977665666279245
Cell5,window_OCV,3.90-3.60 V,2800,0.8790169981369229,0.9139983242359263,0.034981326099003396
Cell5,window_OCV,3.90-3.60 V,2900,0.8745229285146191,0.9165164650064787,0.04199353649185955
Cell5,window_OCV,3.90-3.60 V,3000,0.8732553746871288,0.9110265079074713,0.037771133220342534
Cell5,window_OCV,3.90-3.60 V,3100,0.8700892692911767,0.9067184210488327,0.03662915175765602
Cell5,window_OCV,3.90-3.60 V,3200,0.8657521731256456,0.9091908508515788,0.04343867772593324
Cell5,window_OCV,3.90-3.60 V,3300,0.8643196051540599,0.9014242327942434,0.03710462764018352
Cell5,window_OCV,3.90-3.60 V,3500,0.8555986636015559,0.9024496136305782,0.04685095002902229
Cell5,window_OCV,3.90-3.60 V,3600,0.8548197894658861,0.8948503407837652,0.04003055131787914
Cell5,window_OCV,3.90-3.60 V,3700,0.8519290530383129,0.8968319197393967,0.04490286670108379
Cell5,window_OCV,3.90-3.60 V,3800,0.8468821082536466,0.9000289309719293,0.05314682271828264
Cell5,window_OCV,3.90-3.60 V,3900,0.8461784194307999,0.8897426880146915,0.04356426858389162
Cell5,window_OCV,3.90-3.60 V,4000,0.8432258338210661,0.8857577308129602,0.04253189699189408
Cell5,window_OCV,3.90-3.60 V,4100,0.8390622606019871,0.8891910507953902,0.050128790193403105
Cell5,window_OCV,3.90-3.60 V,4200,0.8377162973949832,0.8808991557218585,0.043182858326875295
Cell5,window_OCV,3.90-3.60 V,4300,0.8355540201145728,0.8767451411341334,0.04119112101956057
Cell5,window_OCV,3.90-3.60 V,4400,0.8328767763065282,0.8724031960556794,0.039526419749151165
Cell5,window_OCV,3.90-3.60 V,4500,0.8289102194018485,0.8770283319524624,0.048118112550613934
Cell5,window_OCV,3.90-3.60 V,4600,0.8281692129107688,0.8673667689776301,0.03919755606686126
Cell5,window_OCV,3.90-3.60 V,4800,0.8232348919650748,0.8613723688988119,0.038137476933737036
Cell5,window_OCV,3.90-3.60 V,5000,0.620299862540289,0.7413540190267998,0.12105415648651074
Cell5,learned_1C,3.95-3.65 V,0,1.0,1.0,0.0
Cell5,learned_1C,3.95-3.65 V,100,0.9877486642339074,0.9888374068354883,0.001088742601580872
Cell5,learned_1C,3.95-3.65 V,200,0.9813395796931003,0.9850074489414987,0.0036678692483984587
Cell5,learned_1C,3.95-3.65 V,300,0.9766158943257337,0.9833960285945605,0.006780134268826843
Cell5,learned_1C,3.95-3.65 V,400,0.9703018131586633,0.9797217737056586,0.009419960546995343
Cell5,learned_1C,3.95-3.65 V,500,0.9654489705455236,0.9760184177241287,0.010569447178605085
Cell5,learned_1C,3.95-3.65 V,600,0.9610840266537759,0.9739369974744065,0.012852970820630638
Cell5,learned_1C,3.95-3.65 V,700,0.9579386226570679,0.9734211847856009,0.01548256212853305
Cell5,learned_1C,3.95-3.65 V,800,0.9533458437454102,0.9701714825535787,0.016825638808168453
Cell5,learned_1C,3.95-3.65 V,900,0.9495658377868609,0.9683470706765899,0.018781232889728994
Cell5,learned_1C,3.95-3.65 V,1000,0.94590449099778,0.965628023126496,0.019723532128716026
Cell5,learned_1C,3.95-3.65 V,1100,0.9418186077565682,0.9631806903361138,0.021362082579545527
Cell5,learned_1C,3.95-3.65 V,1200,0.9380439988154602,0.9608311383923436,0.022787139576883386
Cell5,learned_1C,3.95-3.65 V,1300,0.9344211268132143,0.9584595538996741,0.024038427086459757
Cell5,learned_1C,3.95-3.65 V,1400,0.9309043248574426,0.9559070388147191,0.02500271395727649
Cell5,learned_1C,3.95-3.65 V,1600,0.922903051759897,0.9531863282736206,0.030283276513723645
Cell5,learned_1C,3.95-3.65 V,1800,0.9148557368901135,0.9462373191685963,0.03138158227848287
Cell5,learned_1C,3.95-3.65 V,1900,0.9106094647989751,0.943989440683847,0.03337997588487196
Cell5,learned_1C,3.95-3.65 V,2000,0.9064720035423472,0.9399624762777619,0.03349047273541461
Cell5,learned_1C,3.95-3.65 V,2100,0.9031409861442394,0.9348117874571243,0.03167080131288491
Cell5,learned_1C,3.95-3.65 V,2200,0.8990659531344565,0.9339562276116605,0.03489027447720405
Cell5,learned_1C,3.95-3.65 V,2300,0.8963048174972991,0.9269691658315468,0.030664348334247693
Cell5,learned_1C,3.95-3.65 V,2400,0.8915985449798673,0.9273128660616381,0.03571432108177075
Cell5,learned_1C,3.95-3.65 V,2500,0.8888072503555997,0.9201345519717447,0.03132730161614494
Cell5,learned_1C,3.95-3.65 V,2600,0.884194803606299,0.9209601129612466,0.036765309354947595
Cell5,learned_1C,3.95-3.65 V,2700,0.8821210897461096,0.9135644823830334,0.03144339263692386
Cell5,learned_1C,3.95-3.65 V,2800,0.8790169981369229,0.9093825295740674,0.03036553143714449
Cell5,learned_1C,3.95-3.65 V,2900,0.8745229285146191,0.911949155461766,0.03742622694714692
Cell5,learned_1C,3.95-3.65 V,3000,0.8732553746871288,0.9053789061874143,0.032123531500285574
Cell5,learned_1C,3.95-3.65 V,3100,0.8700892692911767,0.9001622926929489,0.030073023401772203
Cell5,learned_1C,3.95-3.65 V,3200,0.8657521731256456,0.9018251698215278,0.036072996695882265
Cell5,learned_1C,3.95-3.65 V,3300,0.8643196051540599,0.8937299493898304,0.02941034423577049
Cell5,learned_1C,3.95-3.65 V,3500,0.8555986636015559,0.8940973985036847,0.03849873490212885
Cell5,learned_1C,3.95-3.65 V,3600,0.8548197894658861,0.8869235131260397,0.03210372366015357
Cell5,learned_1C,3.95-3.65 V,3700,0.8519290530383129,0.884276027205767,0.032346974167454134
Cell5,learned_1C,3.95-3.65 V,3800,0.8468821082536466,0.8870814274151568,0.040199319161510205
Cell5,learned_1C,3.95-3.65 V,3900,0.8461784194307999,0.8794921401023936,0.03331372067159377
Cell5,learned_1C,3.95-3.65 V,4000,0.8432258338210661,0.8742931847343771,0.03106735091331103
Cell5,learned_1C,3.95-3.65 V,4100,0.8390622606019871,0.8737407408111132,0.03467848020912612
Cell5,learned_1C,3.95-3.65 V,4200,0.8377162973949832,0.8683433544293867,0.030627057034403493
Cell5,learned_1C,3.95-3.65 V,4300,0.8355540201145728,0.863116581021755,0.027562560907182232
Cell5,learned_1C,3.95-3.65 V,4400,0.8328767763065282,0.8584524774184845,0.025575701111956284
Cell5,learned_1C,3.95-3.65 V,4500,0.8289102194018485,0.8592681808634237,0.03035796146157521
Cell5,learned_1C,3.95-3.65 V,4600,0.8281692129107688,0.8519646015571632,0.02379538864639441
Cell5,learned_1C,3.95-3.65 V,4800,0.8232348919650748,0.8453561032060797,0.022121211241004857
Cell5,learned_1C,3.95-3.65 V,5000,0.620299862540289,0.600534045465849,-0.01976581707444003
Cell6,window_1C,3.90-3.60 V,0,1.0,1.0,0.0
Cell6,window_1C,3.90-3.60 V,100,0.9889315306129981,0.9883082849017917,-0.0006232457112064216
Cell6,window_1C,3.90-3.60 V,200,0.9825098674631949,0.981904478693877,-0.0006053887693179272
Cell6,window_1C,3.90-3.60 V,300,0.9781191031906664,0.9807110571744608,0.002591953983794415
Cell6,window_1C,3.90-3.60 V,400,0.9711773272476676,0.9756010635379612,0.004423736290293578
Cell6,window_1C,3.90-3.60 V,500,0.9658598783725848,0.9717583150563783,0.005898436683793529
Cell6,window_1C,3.90-3.60 V,600,0.961045604100302,0.9683675891263777,0.007321985026075617
Cell6,window_1C,3.90-3.60 V,700,0.9590810833243453,0.9685385708346469,0.009457487510301621
Cell6,window_1C,3.90-3.60 V,800,0.9536289952605533,0.9652097722831176,0.011580777022564215
Cell6,window_1C,3.90-3.60 V,900,0.9498235100776194,0.962573952671566,0.012750442593946532
Cell6,window_1C,3.90-3.60 V,1000,0.9454399699332016,0.9601408618245915,0.0147008918913899
Cell6,window_1C,3.90-3.60 V,1100,0.9413364326338933,0.957024458933589,0.01568802629969568
Cell6,window_1C,3.90-3.60 V,1200,0.9373159867927024,0.9547710152999538,0.017455028507251336
Cell6,window_1C,3.90-3.60 V,1300,0.9331107668118672,0.9517409322354714,0.018630165423604184
Cell6,window_1C,3.90-3.60 V,1400,0.9291406401800675,0.9494210014516717,0.020280361271604264
Cell6,window_1C,3.90-3.60 V,1600,0.9203122686805868,0.9457137622489008,0.025401493568314004
Cell6,window_1C,3.90-3.60 V,1800,0.9131929896773971,0.9407858107301745,0.027592821052777383
Cell6,window_1C,3.90-3.60 V,1900,0.9088593125375763,0.9383303068908487,0.029470994353272384
Cell6,window_1C,3.90-3.60 V,2000,0.904220137338934,0.9354807158878679,0.031260578548933826
Cell6,window_1C,3.90-3.60 V,2100,0.9007454731583769,0.9313378390934289,0.03059236593505199
Cell6,window_1C,3.90-3.60 V,2200,0.8957146156049663,0.9300382170771101,0.03432360147214375
Cell6,window_1C,3.90-3.60 V,2300,0.8930315515296862,0.9255244419285235,0.03249289039883729
Cell6,window_1C,3.90-3.60 V,2400,0.8875190288933331,0.9241318735919303,0.03661284469859716
Cell6,window_1C,3.90-3.60 V,2500,0.8848931816892428,0.9194247048420782,0.034531523152835364
Cell6,window_1C,3.90-3.60 V,2600,0.8792503972034188,0.919623712857378,0.040373315653959185
Cell6,window_1C,3.90-3.60 V,2700,0.8781551553094806,0.9145778832603613,0.03642272795088064
Cell6,window_1C,3.90-3.60 V,2800,0.8751855946018079,0.9113282884949829,0.03614269389317504
Cell6,window_1C,3.90-3.60 V,2900,0.8696566052553547,0.9128239621315878,0.043167356876233076
Cell6,window_1C,3.90-3.60 V,3000,0.868758387213638,0.9076398342096766,0.03888144699603868
Cell6,window_1C,3.90-3.60 V,3100,0.8651748791283492,0.9039393411411429,0.03876446201279371
Cell6,window_1C,3.90-3.60 V,3200,0.8599423155329342,0.9055080814812423,0.04556576594830808
Cell6,window_1C,3.90-3.60 V,3300,0.8584635457675683,0.897345208563324,0.03888166279575567
Cell6,window_1C,3.90-3.60 V,3500,0.8500785417788727,0.9009489540060416,0.050870412227168926
Cell6,window_1C,3.90-3.60 V,3600,0.8494405430547127,0.893371738660477,0.043931195605764306
Cell6,window_1C,3.90-3.60 V,3700,0.8465280645077926,0.8924135308053206,0.04588546629752799
Cell6,window_1C,3.90-3.60 V,3800,0.8408412310565523,0.8960112497232213,0.05517001866666904
Cell6,window_1C,3.90-3.60 V,3900,0.8405738953936975,0.8882072234293306,0.04763332803563303
Cell6,window_1C,3.90-3.60 V,4000,0.8372101101138714,0.8841117959365389,0.046901685822667516
Cell6,window_1C,3.90-3.60 V,4100,0.831907402896674,0.8864845589777691,0.054577156081095146
Cell6,window_1C,3.90-3.60 V,4200,0.8310964214166799,0.8799473898223995,0.048850968405719564
Cell6,window_1C,3.90-3.60 V,4300,0.8288404693618664,0.8745379215384848,0.04569745217661836
Cell6,window_1C,3.90-3.60 V,4400,0.8264135327536855,0.870681402805348,0.04426787005166255
Cell6,window_1C,3.90-3.60 V,4500,0.820909615987314,0.8744398704108551,0.05353025442354109
Cell6,window_1C,3.90-3.60 V,4600,0.7997385758211727,0.846060754623752,0.04632217880257927
Cell6,window_1C,3.90-3.60 V,4800,0.8002016920597599,0.8379702552994424,0.03776856323968247
Cell6,window_1C,3.90-3.60 V,5000,0.7901573362323433,0.8383746668014661,0.04821733056912281
Cell6,window_OCV,3.90-3.60 V,0,1.0,1.0,0.0
Cell6,window_OCV,3.90-3.60 V,100,0.9889315306129981,0.9927222403075228,0.0037907096945246632
Cell6,window_OCV,3.90-3.60 V,200,0.9825098674631949,0.986569383520518,0.0040595160573231315
Cell6,window_OCV,3.90-3.60 V,300,0.9781191031906664,0.9841715687137903,0.006052465523123884
Cell6,window_OCV,3.90-3.60 V,400,0.9711773272476676,0.9774612950866717,0.00628396783900409
Cell6,window_OCV,3.90-3.60 V,500,0.9658598783725848,0.9750689431813482,0.009209064808763379
Cell6,window_OCV,3.90-3.60 V,600,0.961045604100302,0.9735865248638903,0.01254092076358826
Cell6,window_OCV,3.90-3.60 V,700,0.9590810833243453,0.9702819183727408,0.01120083504839553
Cell6,window_OCV,3.90-3.60 V,800,0.9536289952605533,0.9670244536628776,0.013395458402324256
Cell6,window_OCV,3.90-3.60 V,900,0.9498235100776194,0.9644685905152978,0.014645080437678315
Cell6,window_OCV,3.90-3.60 V,1000,0.9454399699332016,0.9616608322252717,0.016220862292070093
Cell6,window_OCV,3.90-3.60 V,1100,0.9413364326338933,0.9586514435976583,0.017315010963764976
Cell6,window_OCV,3.90-3.60 V,1200,0.9373159867927024,0.9559104791122193,0.01859449231951682
Cell6,window_OCV,3.90-3.60 V,1300,0.9331107668118672,0.952566322463977,0.01945555565210977
Cell6,window_OCV,3.90-3.60 V,1400,0.9291406401800675,0.9500560671343585,0.02091542695429105
Cell6,window_OCV,3.90-3.60 V,1600,0.9203122686805868,0.9447771612435689,0.02446489256298212
Cell6,window_OCV,3.90-3.60 V,1800,0.9131929896773971,0.9406002096465044,0.02740721996910722
Cell6,window_OCV,3.90-3.60 V,1900,0.9088593125375763,0.9373180995085583,0.02845878697098192
Cell6,window_OCV,3.90-3.60 V,2000,0.904220137338934,0.9341727382831119,0.029952600944177843
Cell6,window_OCV,3.90-3.60 V,2100,0.9007454731583769,0.929391311256501,0.028645838098124043
Cell6,window_OCV,3.90-3.60 V,2200,0.8957146156049663,0.9278325578234379,0.03211794221847153
Cell6,window_OCV,3.90-3.60 V,2300,0.8930315515296862,0.9238132964750937,0.03078174494540753
Cell6,window_OCV,3.90-3.60 V,2400,0.8875190288933331,0.921656907628011,0.034137878734677884
Cell6,window_OCV,3.90-3.60 V,2500,0.8848931816892428,0.9177925502036629,0.0328993685144201
Cell6,window_OCV,3.90-3.60 V,2600,0.8792503972034188,0.9180496570003732,0.03879925979695442
Cell6,window_OCV,3.90-3.60 V,2700,0.8781551553094806,0.9132821199621222,0.035126964652641535
Cell6,window_OCV,3.90-3.60 V,2800,0.8751855946018079,0.9100046740118604,0.03481907941005247
Cell6,window_OCV,3.90-3.60 V,2900,0.8696566052553547,0.9123916482255078,0.04273504297015307
Cell6,window_OCV,3.90-3.60 V,3000,0.868758387213638,0.9049466659171593,0.03618827870352137
Cell6,window_OCV,3.90-3.60 V,3100,0.8651748791283492,0.9008250281533021,0.03565014902495289
Cell6,window_OCV,3.90-3.60 V,3200,0.8599423155329342,0.9036012803393733,0.04365896480643905
Cell6,window_OCV,3.90-3.60 V,3300,0.8584635457675683,0.8954427321705726,0.03697918640300424
Cell6,window_OCV,3.90-3.60 V,3500,0.8500785417788727,0.8966389741153731,0.046560432336500424
Cell6,window_OCV,3.90-3.60 V,3600,0.8494405430547127,0.8888267647513085,0.03938622169659578
Cell6,window_OCV,3.90-3.60 V,3700,0.8465280645077926,0.8906915946969479,0.04416353018915531
Cell6,window_OCV,3.90-3.60 V,3800,0.8408412310565523,0.8940471167864742,0.05320588572992191
Cell6,window_OCV,3.90-3.60 V,3900,0.8405738953936975,0.883973822327262,0.043399926933564426
Cell6,window_OCV,3.90-3.60 V,4000,0.8372101101138714,0.8791974491841562,0.041987339070284846
Cell6,window_OCV,3.90-3.60 V,4100,0.831907402896674,0.8820322293398271,0.05012482644315308
Cell6,window_OCV,3.90-3.60 V,4200,0.8310964214166799,0.874350857205965,0.043254435789285006
Cell6,window_OCV,3.90-3.60 V,4300,0.8288404693618664,0.8692503754065346,0.04040990604466821
Cell6,window_OCV,3.90-3.60 V,4400,0.8264135327536855,0.8660667369434452,0.039653204189759705
Cell6,window_OCV,3.90-3.60 V,4500,0.820909615987314,0.8690128191812532,0.048103203193939126
Cell6,window_OCV,3.90-3.60 V,4600,0.7997385758211727,0.8478486337089814,0.048110057887808755
Cell6,window_OCV,3.90-3.60 V,4800,0.8002016920597599,0.8539298693910279,0.053728177331268
Cell6,window_OCV,3.90-3.60 V,5000,0.7901573362323433,0.8327214846944134,0.04256414846207013
Cell6,learned_1C,3.95-3.65 V,0,1.0,1.0,0.0
Cell6,learned_1C,3.95-3.65 V,100,0.9889315306129981,0.9902621248789183,0.001330594265920193
Cell6,learned_1C,3.95-3.65 V,200,0.9825098674631949,0.9857146823172813,0.003204814854086413
Cell6,learned_1C,3.95-3.65 V,300,0.9781191031906664,0.984837954751923,0.006718851561256622
Cell6,learned_1C,3.95-3.65 V,400,0.9711773272476676,0.9812326029675773,0.010055275719909718
Cell6,learned_1C,3.95-3.65 V,500,0.9658598783725848,0.9770996881884639,0.011239809815879132
Cell6,learned_1C,3.95-3.65 V,600,0.961045604100302,0.9745660226212184,0.013520418520916344
Cell6,learned_1C,3.95-3.65 V,700,0.9590810833243453,0.9752692345707611,0.016188151246415816
Cell6,learned_1C,3.95-3.65 V,800,0.9536289952605533,0.9720191425271988,0.01839014726664545
Cell6,learned_1C,3.95-3.65 V,900,0.9498235100776194,0.9693021148045172,0.019478604726897775
Cell6,learned_1C,3.95-3.65 V,1000,0.9454399699332016,0.9664930098719182,0.021053039938716656
Cell6,learned_1C,3.95-3.65 V,1100,0.9413364326338933,0.9643495917872439,0.02301315915335056
Cell6,learned_1C,3.95-3.65 V,1200,0.9373159867927024,0.9615536645853294,0.024237677792626977
Cell6,learned_1C,3.95-3.65 V,1300,0.9331107668118672,0.9593530165837879,0.02624224977192069
Cell6,learned_1C,3.95-3.65 V,1400,0.9291406401800675,0.9563253592531069,0.02718471907303943
Cell6,learned_1C,3.95-3.65 V,1600,0.9203122686805868,0.9529101670455669,0.03259789836498006
Cell6,learned_1C,3.95-3.65 V,1800,0.9131929896773971,0.9473635589806974,0.0341705693033002
Cell6,learned_1C,3.95-3.65 V,1900,0.9088593125375763,0.9451058014908708,0.03624648895329441
Cell6,learned_1C,3.95-3.65 V,2000,0.904220137338934,0.9410487900640265,0.0368286527250925
Cell6,learned_1C,3.95-3.65 V,2100,0.9007454731583769,0.9355549708859798,0.03480949772760289
Cell6,learned_1C,3.95-3.65 V,2200,0.8957146156049663,0.933585178572572,0.0378705629676056
Cell6,learned_1C,3.95-3.65 V,2300,0.8930315515296862,0.9282770264022578,0.03524547487257168
Cell6,learned_1C,3.95-3.65 V,2400,0.8875190288933331,0.9258870008255858,0.03836797193225272
Cell6,learned_1C,3.95-3.65 V,2500,0.8848931816892428,0.9205841678023065,0.03569098611306365
Cell6,learned_1C,3.95-3.65 V,2600,0.8792503972034188,0.9200083253545369,0.04075792815111812
Cell6,learned_1C,3.95-3.65 V,2700,0.8781551553094806,0.9144894344601303,0.036334279150649684
Cell6,learned_1C,3.95-3.65 V,2800,0.8751855946018079,0.9103979990506293,0.035212404448821455
Cell6,learned_1C,3.95-3.65 V,2900,0.8696566052553547,0.9115996056807696,0.04194300042541488
Cell6,learned_1C,3.95-3.65 V,3000,0.868758387213638,0.9059194867138722,0.037161099500234274
Cell6,learned_1C,3.95-3.65 V,3100,0.8651748791283492,0.9008947213296454,0.035719842201296204
Cell6,learned_1C,3.95-3.65 V,3200,0.8599423155329342,0.9002341313531906,0.04029181582025643
Cell6,learned_1C,3.95-3.65 V,3300,0.8584635457675683,0.8927813077358827,0.034317761968314375
Cell6,learned_1C,3.95-3.65 V,3500,0.8500785417788727,0.8921218694316092,0.04204332765273655
Cell6,learned_1C,3.95-3.65 V,3600,0.8494405430547127,0.8857467561304927,0.03630621307577997
Cell6,learned_1C,3.95-3.65 V,3700,0.8465280645077926,0.883005011078522,0.03647694657072942
Cell6,learned_1C,3.95-3.65 V,3800,0.8408412310565523,0.8849098915061674,0.044068660449615105
Cell6,learned_1C,3.95-3.65 V,3900,0.8405738953936975,0.8786137567087898,0.038039861315092294
Cell6,learned_1C,3.95-3.65 V,4000,0.8372101101138714,0.8726134341508325,0.035403324036961115
Cell6,learned_1C,3.95-3.65 V,4100,0.831907402896674,0.8701211713922667,0.03821376849559277
Cell6,learned_1C,3.95-3.65 V,4200,0.8310964214166799,0.8659979186329244,0.03490149721624447
Cell6,learned_1C,3.95-3.65 V,4300,0.8288404693618664,0.8600076860458326,0.03116721668396616
Cell6,learned_1C,3.95-3.65 V,4400,0.8264135327536855,0.8566143812741781,0.03020084852049265
Cell6,learned_1C,3.95-3.65 V,4500,0.820909615987314,0.8549598867790179,0.03405027079170386
Cell6,learned_1C,3.95-3.65 V,4600,0.7997385758211727,0.8300283585078623,0.03028978268668958
Cell6,learned_1C,3.95-3.65 V,4800,0.8002016920597599,0.8202891062225484,0.020087414162788475
Cell6,learned_1C,3.95-3.65 V,5000,0.7901573362323433,0.8162321918974479,0.02607485566510459
Cell7,window_1C,3.90-3.60 V,0,1.0,1.0,0.0
Cell7,window_1C,3.90-3.60 V,100,0.9884756916995441,0.9875847386654737,-0.0008909530340703853
Cell7,window_1C,3.90-3.60 V,200,0.9828029252061505,0.9826052770918356,-0.0001976481143148856
Cell7,window_1C,3.90-3.60 V,300,0.9797035166563026,0.9806838062903528,0.0009802896340501688
Cell7,window_1C,3.90-3.60 V,400,0.9747572139328834,0.9768658987423202,0.0021086848094368227
Cell7,window_1C,3.90-3.60 V,500,0.9709891083935863,0.9746169976538497,0.0036278892602633617
Cell7,window_1C,3.90-3.60 V,600,0.9675576766447179,0.9715334523826636,0.003975775737945719
Cell7,window_1C,3.90-3.60 V,700,0.9674258305903478,0.9724953718363831,0.005069541246035314
Cell7,window_1C,3.90-3.60 V,800,0.9635787476076348,0.9702877529260032,0.006709005318368377
Cell7,window_1C,3.90-3.60 V,900,0.9607002308533056,0.9677792922982265,0.0070790614449208755
Cell7,window_1C,3.90-3.60 V,1000,0.9578439832963764,0.9657636318583495,0.007919648561973025
Cell7,window_1C,3.90-3.60 V,1100,0.9550116242545623,0.9634240070330495,0.008412382778487215
Cell7,window_1C,3.90-3.60 V,1200,0.9523251791153544,0.9617751870546666,0.009450007939312166
Cell7,window_1C,3.90-3.60 V,1300,0.9497130515527568,0.9603440240794608,0.010630972526704086
Cell7,window_1C,3.90-3.60 V,1400,0.9472038815829084,0.9580261508217028,0.01082226923879448
Cell7,window_1C,3.90-3.60 V,1600,0.9419765790971418,0.9556253365273625,0.013648757430220648
Cell7,window_1C,3.90-3.60 V,1800,0.936483133210159,0.9517779329054774,0.01529479969531844
Cell7,window_1C,3.90-3.60 V,1900,0.9333394761138611,0.9496145367157628,0.016275060601901647
Cell7,window_1C,3.90-3.60 V,2000,0.9303622823221855,0.9475556867135986,0.017193404391413036
Cell7,window_1C,3.90-3.60 V,2100,0.9282392193189238,0.9455992143053247,0.01735999498640084
Cell7,window_1C,3.90-3.60 V,2200,0.9247909056916136,0.9442873503284757,0.019496444636862065
Cell7,window_1C,3.90-3.60 V,2300,0.9227748274367668,0.9408653642242008,0.018090536787433997
Cell7,window_1C,3.90-3.60 V,2400,0.9191336556423655,0.9403258536320092,0.02119219798964367
Cell7,window_1C,3.90-3.60 V,2500,0.9170769125639802,0.9370718646966207,0.019994952132640575
Cell7,window_1C,3.90-3.60 V,2600,0.9128088164833116,0.936115704719462,0.023306888236150458
Cell7,window_1C,3.90-3.60 V,2700,0.9110675113220001,0.9325698586727866,0.021502347350786488
Cell7,window_1C,3.90-3.60 V,2800,0.9084510432621705,0.9302455858930354,0.021794542630864888
Cell7,window_1C,3.90-3.60 V,2900,0.9041583522353487,0.9301303368201487,0.02597198458479999
Cell7,window_1C,3.90-3.60 V,3000,0.9027836328508974,0.9268930977397751,0.024109464888877774
Cell7,window_1C,3.90-3.60 V,3100,0.9000609055915085,0.9238905295905915,0.02382962399908295
Cell7,window_1C,3.90-3.60 V,3200,0.8958196175904672,0.924066395385006,0.02824677779453877
Cell7,window_1C,3.90-3.60 V,3300,0.8944792638203237,0.9188625263342957,0.024383262513971937
Cell7,window_1C,3.90-3.60 V,3500,0.8885111651332444,0.9205905244348843,0.032079359301639965
Cell7,window_1C,3.90-3.60 V,3600,0.8875951935439069,0.916036406967541,0.028441213423634037
Cell7,window_1C,3.90-3.60 V,3700,0.8854993903508341,0.9150077812150963,0.029508390864262157
Cell7,window_1C,3.90-3.60 V,3800,0.881564819200018,0.9161359690079437,0.03457114980792575
Cell7,window_1C,3.90-3.60 V,3900,0.8808557437198717,0.9108248099920319,0.029969066272160116
Cell7,window_1C,3.90-3.60 V,4000,0.8785232998479774,0.9085663373463265,0.030043037498349134
Cell7,window_1C,3.90-3.60 V,4100,0.8744643870939225,0.9088777537611138,0.0344133666671913
Cell7,window_1C,3.90-3.60 V,4200,0.8733656338944453,0.9050337708324664,0.03166813693802106
Cell7,window_1C,3.90-3.60 V,4300,0.8711996803747502,0.9003826328292799,0.02918295245452973
Cell7,window_1C,3.90-3.60 V,4400,0.8691446928910354,0.8976281888280027,0.028483495936967307
Cell7,window_1C,3.90-3.60 V,4500,0.8652609992913628,0.8996142621377161,0.034353262846353316
Cell7,window_1C,3.90-3.60 V,4600,0.8645063610786275,0.8924319912395079,0.027925630160880344
Cell7,window_1C,3.90-3.60 V,4800,0.860037582521042,0.8885916025200312,0.02855401999898921
Cell7,window_1C,3.90-3.60 V,5000,0.8549567487809242,0.8859689162530902,0.031012167472165952
Cell7,window_1C,3.90-3.60 V,5100,0.8533851234890976,0.879700388684738,0.026315265195640425
Cell7,window_1C,3.90-3.60 V,5200,0.8491617853521667,0.8869050449136898,0.037743259561523135
Cell7,window_1C,3.90-3.60 V,5300,0.8493422832619613,0.8779511799950266,0.028608896733065325
Cell7,window_1C,3.90-3.60 V,5400,0.8473838732859607,0.8743474598376804,0.02696358655171971
Cell7,window_1C,3.90-3.60 V,5500,0.8429446029782804,0.8814173218308032,0.03847271885252279
Cell7,window_1C,3.90-3.60 V,5600,0.8433240375034325,0.8707158191942448,0.027391781690812245
Cell7,window_1C,3.90-3.60 V,5700,0.8413282520752242,0.8674981887084255,0.02616993663320133
Cell7,window_1C,3.90-3.60 V,5800,0.838901649666258,0.8673979047535061,0.028496255087248068
Cell7,window_1C,3.90-3.60 V,5900,0.8370999446840393,0.8629992166559559,0.02589927197191666
Cell7,window_1C,3.90-3.60 V,6000,0.8354193717387877,0.8601901140199778,0.02477074228119014
Cell7,window_1C,3.90-3.60 V,6100,0.8316386346878002,0.8665300983150704,0.03489146362727025
Cell7,window_1C,3.90-3.60 V,6200,0.8314328483065889,0.8569561049958129,0.02552325668922395
Cell7,window_1C,3.90-3.60 V,6300,0.8297149459181925,0.8537304307945994,0.024015484876406923
Cell7,window_1C,3.90-3.60 V,6400,0.8258565850818868,0.8625091462047906,0.036652561122903826
Cell7,window_1C,3.90-3.60 V,6500,0.8260986387301296,0.8520680106801117,0.025969371949982167
Cell7,window_1C,3.90-3.60 V,6600,0.824329683784477,0.8482233673760728,0.023893683591595827
Cell7,window_1C,3.90-3.60 V,6700,0.8216271216028758,0.8630863375964134,0.041459215993537635
Cell7,window_1C,3.90-3.60 V,6800,0.8220265335974289,0.8510506206171182,0.029024087019689282
Cell7,window_1C,3.90-3.60 V,6900,0.820384004853965,0.8476504086847634,0.02726640383079837
Cell7,window_1C,3.90-3.60 V,7000,0.8164593883794508,0.8563779657219326,0.03991857734248183
Cell7,window_1C,3.90-3.60 V,7100,0.8194339728865921,0.8438022661923839,0.02436829330579171
Cell7,window_1C,3.90-3.60 V,7200,0.8150524999702112,0.8394577294543863,0.024405229484175117
Cell7,window_1C,3.90-3.60 V,7300,0.8134092287739451,0.8365934679875521,0.023184239213607016
Cell7,window_1C,3.90-3.60 V,7400,0.8105679213212978,0.840127229996827,0.02955930867552914
Cell7,window_1C,3.90-3.60 V,7500,0.809561851270911,0.8316497405541706,0.022087889283259665
Cell7,window_1C,3.90-3.60 V,7600,0.8077191445242562,0.8291582952097567,0.021439150685500508
Cell7,window_1C,3.90-3.60 V,7700,0.8048218217874226,0.8356694261353615,0.030847604347938984
Cell7,window_1C,3.90-3.60 V,7800,0.8042099604860875,0.8248807019798987,0.020670741493811207
Cell7,window_1C,3.90-3.60 V,7900,0.8026960357966068,0.8223392632423323,0.019643227445725553
Cell7,window_1C,3.90-3.60 V,8000,0.79978431010739,0.8313770851055062,0.03159277499811619
Cell7,window_1C,3.90-3.60 V,8100,0.7997394141989302,0.8197659660579592,0.020026551859028907
Cell7,window_OCV,3.90-3.60 V,0,1.0,1.0,0.0
Cell7,window_OCV,3.90-3.60 V,100,0.9884756916995441,0.9920706823220732,0.003594990622529104
Cell7,window_OCV,3.90-3.60 V,200,0.9828029252061505,0.9870495391660524,0.00424661395990189
Cell7,window_OCV,3.90-3.60 V,300,0.9797035166563026,0.9838631072799262,0.004159590623623588
Cell7,window_OCV,3.90-3.60 V,400,0.9747572139328834,0.9801020678036928,0.005344853870809407
Cell7,window_OCV,3.90-3.60 V,500,0.9709891083935863,0.9781317672980199,0.007142658904433552
Cell7,window_OCV,3.90-3.60 V,600,0.9675576766447179,0.9755216945488936,0.007964017904175669
Cell7,window_OCV,3.90-3.60 V,700,0.9674258305903478,0.9731067266802046,0.0056808960898567795
Cell7,window_OCV,3.90-3.60 V,800,0.9635787476076348,0.9708591572298623,0.007280409622227424
Cell7,window_OCV,3.90-3.60 V,900,0.9607002308533056,0.9687711707800404,0.0080709399267348
Cell7,window_OCV,3.90-3.60 V,1000,0.9578439832963764,0.9661612155991466,0.00831723230277015
Cell7,window_OCV,3.90-3.60 V,1100,0.9550116242545623,0.9644346223203022,0.009422998065739874
Cell7,window_OCV,3.90-3.60 V,1200,0.9523251791153544,0.9617796012508174,0.009454422135462992
Cell7,window_OCV,3.90-3.60 V,1300,0.9497130515527568,0.959823567811466,0.01011051625870929
Cell7,window_OCV,3.90-3.60 V,1400,0.9472038815829084,0.9577742174325306,0.010570335849622192
Cell7,window_OCV,3.90-3.60 V,1600,0.9419765790971418,0.9537515857443436,0.011775006647201769
Cell7,window_OCV,3.90-3.60 V,1800,0.936483133210159,0.9493576854124272,0.012874552202268186
Cell7,window_OCV,3.90-3.60 V,1900,0.9333394761138611,0.947600715036143,0.014261238922281816
Cell7,window_OCV,3.90-3.60 V,2000,0.9303622823221855,0.9452254745195612,0.014863192197375641
Cell7,window_OCV,3.90-3.60 V,2100,0.9282392193189238,0.9431258512156248,0.01488663189670092
Cell7,window_OCV,3.90-3.60 V,2200,0.9247909056916136,0.9412249933646907,0.01643408767307708
Cell7,window_OCV,3.90-3.60 V,2300,0.9227748274367668,0.9388794409670497,0.01610461353028292
Cell7,window_OCV,3.90-3.60 V,2400,0.9191336556423655,0.936806070223343,0.017672414580977458
Cell7,window_OCV,3.90-3.60 V,2500,0.9170769125639802,0.9340417161434256,0.01696480357944541
Cell7,window_OCV,3.90-3.60 V,2600,0.9128088164833116,0.9324178081642289,0.019608991680917343
Cell7,window_OCV,3.90-3.60 V,2700,0.9110675113220001,0.9294439242751914,0.018376412953191257
Cell7,window_OCV,3.90-3.60 V,2800,0.9084510432621705,0.9272841497471227,0.018833106484952178
Cell7,window_OCV,3.90-3.60 V,2900,0.9041583522353487,0.9260805814211278,0.02192222918577913
Cell7,window_OCV,3.90-3.60 V,3000,0.9027836328508974,0.9235873763807757,0.02080374352987835
Cell7,window_OCV,3.90-3.60 V,3100,0.9000609055915085,0.9207374829982938,0.0206765774067853
Cell7,window_OCV,3.90-3.60 V,3200,0.8958196175904672,0.9199952457304799,0.024175628140012617
Cell7,window_OCV,3.90-3.60 V,3300,0.8944792638203237,0.9163846832413083,0.021905419420984562
Cell7,window_OCV,3.90-3.60 V,3500,0.8885111651332444,0.9157028238677795,0.027191658734535107
Cell7,window_OCV,3.90-3.60 V,3600,0.8875951935439069,0.912434655789908,0.024839462246001087
Cell7,window_OCV,3.90-3.60 V,3700,0.8854993903508341,0.914567804981257,0.029068414630422867
Cell7,window_OCV,3.90-3.60 V,3800,0.881564819200018,0.9120517727548102,0.03048695355479225
Cell7,window_OCV,3.90-3.60 V,3900,0.8808557437198717,0.908057982867504,0.027202239147632312
Cell7,window_OCV,3.90-3.60 V,4000,0.8785232998479774,0.905054382726002,0.026531082878024637
Cell7,window_OCV,3.90-3.60 V,4100,0.8744643870939225,0.9060723909989076,0.03160800390498508
Cell7,window_OCV,3.90-3.60 V,4200,0.8733656338944453,0.9008629774577718,0.02749734356332645
Cell7,window_OCV,3.90-3.60 V,4300,0.8711996803747502,0.8980847579624849,0.02688507758773473
Cell7,window_OCV,3.90-3.60 V,4400,0.8691446928910354,0.8955479372349959,0.026403244343960575
Cell7,window_OCV,3.90-3.60 V,4500,0.8652609992913628,0.8972449436627105,0.03198394437134766
Cell7,window_OCV,3.90-3.60 V,4600,0.8645063610786275,0.8906505512394403,0.026144190160812708
Cell7,window_OCV,3.90-3.60 V,4800,0.860037582521042,0.8863962578382052,0.026358675317163183
Cell7,window_OCV,3.90-3.60 V,5000,0.8549567487809242,0.8839963045963896,0.029039555815465357
Cell7,window_OCV,3.90-3.60 V,5100,0.8533851234890976,0.8788855737584463,0.025500450269348773
Cell7,window_OCV,3.90-3.60 V,5200,0.8491617853521667,0.887402591106953,0.03824080575478628
Cell7,window_OCV,3.90-3.60 V,5300,0.8493422832619613,0.8772734335196508,0.027931150257689552
Cell7,window_OCV,3.90-3.60 V,5400,0.8473838732859607,0.873784221460071,0.0264003481741103
Cell7,window_OCV,3.90-3.60 V,5500,0.8429446029782804,0.8833797739976518,0.04043517101937133
Cell7,window_OCV,3.90-3.60 V,5600,0.8433240375034325,0.8711001428699409,0.02777610536650832
Cell7,window_OCV,3.90-3.60 V,5700,0.8413282520752242,0.8673696006305676,0.026041348555343347
Cell7,window_OCV,3.90-3.60 V,5800,0.838901649666258,0.8651657183512373,0.026264068684979325
Cell7,window_OCV,3.90-3.60 V,5900,0.8370999446840393,0.861559002946302,0.0244590582622628
Cell7,window_OCV,3.90-3.60 V,6000,0.8354193717387877,0.8586296988851794,0.023210327146391707
Cell7,window_OCV,3.90-3.60 V,6100,0.8316386346878002,0.8662328423445098,0.03459420765670962
Cell7,window_OCV,3.90-3.60 V,6200,0.8314328483065889,0.8553225744646421,0.02388972615805318
Cell7,window_OCV,3.90-3.60 V,6300,0.8297149459181925,0.85240169698094,0.022686751062747534
Cell7,window_OCV,3.90-3.60 V,6400,0.8258565850818868,0.8637526960925052,0.037896111010618405
Cell7,window_OCV,3.90-3.60 V,6500,0.8260986387301296,0.8501975539151779,0.024098915185048364
Cell7,window_OCV,3.90-3.60 V,6600,0.824329683784477,0.8467292077219395,0.022399523937462473
Cell7,window_OCV,3.90-3.60 V,6700,0.8216271216028758,0.8654433726220869,0.04381625101921116
Cell7,window_OCV,3.90-3.60 V,6800,0.8220265335974289,0.8506745864996622,0.028648052902233268
Cell7,window_OCV,3.90-3.60 V,6900,0.820384004853965,0.8465585058085836,0.026174500954618596
Cell7,window_OCV,3.90-3.60 V,7000,0.8164593883794508,0.8596759665956646,0.04321657821621383
Cell7,window_OCV,3.90-3.60 V,7100,0.8194339728865921,0.8437033508418231,0.024269377955230986
Cell7,window_OCV,3.90-3.60 V,7200,0.8150524999702112,0.838489186251788,0.023436686281576802
Cell7,window_OCV,3.90-3.60 V,7300,0.8134092287739451,0.8355600079397886,0.022150779165843515
Cell7,window_OCV,3.90-3.60 V,7400,0.8105679213212978,0.8368935192840197,0.026325597962721825
Cell7,window_OCV,3.90-3.60 V,7500,0.809561851270911,0.8296381219142119,0.020076270643300975
Cell7,window_OCV,3.90-3.60 V,7600,0.8077191445242562,0.8271415141105356,0.01942236958627941
Cell7,window_OCV,3.90-3.60 V,7700,0.8048218217874226,0.8326568862382081,0.02783506445078554
Cell7,window_OCV,3.90-3.60 V,7800,0.8042099604860875,0.8231631431663373,0.018953182680249814
Cell7,window_OCV,3.90-3.60 V,7900,0.8026960357966068,0.8201425254279877,0.017446489631380957
Cell7,window_OCV,3.90-3.60 V,8000,0.79978431010739,0.8306107875527263,0.030826477445336287
Cell7,window_OCV,3.90-3.60 V,8100,0.7997394141989302,0.8182203528324772,0.01848093863354694
Cell7,learned_1C,3.95-3.65 V,0,1.0,1.0,0.0
Cell7,learned_1C,3.95-3.65 V,100,0.9884756916995441,0.9894047560919518,0.0009290643924076969
Cell7,learned_1C,3.95-3.65 V,200,0.9828029252061505,0.9857220755377117,0.0029191503315612044
Cell7,learned_1C,3.95-3.65 V,300,0.9797035166563026,0.9843725345616464,0.0046690179053437975
Cell7,learned_1C,3.95-3.65 V,400,0.9747572139328834,0.9811571719368007,0.00639995800391735
Cell7,learned_1C,3.95-3.65 V,500,0.9709891083935863,0.978631084335904,0.007641975942317636
Cell7,learned_1C,3.95-3.65 V,600,0.9675576766447179,0.9763335622452345,0.008775885600516564
Cell7,learned_1C,3.95-3.65 V,700,0.9674258305903478,0.9774561234031106,0.010030292812762798
Cell7,learned_1C,3.95-3.65 V,800,0.9635787476076348,0.9753981414242667,0.011819393816631885
Cell7,learned_1C,3.95-3.65 V,900,0.9607002308533056,0.9726814192803624,0.011981188427056866
Cell7,learned_1C,3.95-3.65 V,1000,0.9578439832963764,0.9707250219927049,0.012881038696328506
Cell7,learned_1C,3.95-3.65 V,1100,0.9550116242545623,0.9688579477200877,0.01384632346552539
Cell7,learned_1C,3.95-3.65 V,1200,0.9523251791153544,0.9668822137461532,0.014557034630798826
Cell7,learned_1C,3.95-3.65 V,1300,0.9497130515527568,0.9660912434685586,0.01637819191580181
Cell7,learned_1C,3.95-3.65 V,1400,0.9472038815829084,0.9638598899315439,0.016656008348635565
Cell7,learned_1C,3.95-3.65 V,1600,0.9419765790971418,0.9623326847543318,0.020356105657189927
Cell7,learned_1C,3.95-3.65 V,1800,0.936483133210159,0.9579708665094676,0.021487733299308642
Cell7,learned_1C,3.95-3.65 V,1900,0.9333394761138611,0.9561728618628432,0.022833385748982082
Cell7,learned_1C,3.95-3.65 V,2000,0.9303622823221855,0.9545863091241273,0.0242240268019418
Cell7,learned_1C,3.95-3.65 V,2100,0.9282392193189238,0.9498772904708108,0.021638071151886984
Cell7,learned_1C,3.95-3.65 V,2200,0.9247909056916136,0.9503951855522497,0.02560427986063607
Cell7,learned_1C,3.95-3.65 V,2300,0.9227748274367668,0.9451115686283931,0.02233674119162632
Cell7,learned_1C,3.95-3.65 V,2400,0.9191336556423655,0.9447302221915221,0.025596566549156652
Cell7,learned_1C,3.95-3.65 V,2500,0.9170769125639802,0.9399627650715775,0.022885852507597337
Cell7,learned_1C,3.95-3.65 V,2600,0.9128088164833116,0.9405855171335057,0.02777670065019411
Cell7,learned_1C,3.95-3.65 V,2700,0.9110675113220001,0.9342740287614687,0.023206517439468555
Cell7,learned_1C,3.95-3.65 V,2800,0.9084510432621705,0.9315046013336976,0.02305355807152709
Cell7,learned_1C,3.95-3.65 V,2900,0.9041583522353487,0.93276626405864,0.028607911823291365
Cell7,learned_1C,3.95-3.65 V,3000,0.9027836328508974,0.927056570387469,0.02427293753657167
Cell7,learned_1C,3.95-3.65 V,3100,0.9000609055915085,0.9224326188040731,0.022371713212564592
Cell7,learned_1C,3.95-3.65 V,3200,0.8958196175904672,0.9231382704444706,0.027318652854003367
Cell7,learned_1C,3.95-3.65 V,3300,0.8944792638203237,0.9162041512787145,0.02172488745839074
Cell7,learned_1C,3.95-3.65 V,3500,0.8885111651332444,0.9181925918653322,0.029681426732087846
Cell7,learned_1C,3.95-3.65 V,3600,0.8875951935439069,0.9123693811230389,0.024774187579131968
Cell7,learned_1C,3.95-3.65 V,3700,0.8854993903508341,0.9107102743919584,0.02521088404112426
Cell7,learned_1C,3.95-3.65 V,3800,0.881564819200018,0.9120000026191626,0.03043518341914464
Cell7,learned_1C,3.95-3.65 V,3900,0.8808557437198717,0.9056641650115912,0.02480842129171945
Cell7,learned_1C,3.95-3.65 V,4000,0.8785232998479774,0.9019473827745795,0.02342408292660214
Cell7,learned_1C,3.95-3.65 V,4100,0.8744643870939225,0.9021033528451959,0.027638965751273448
Cell7,learned_1C,3.95-3.65 V,4200,0.8733656338944453,0.896278271466042,0.022912637571596672
Cell7,learned_1C,3.95-3.65 V,4300,0.8711996803747502,0.8911534059871028,0.019953725612352646
Cell7,learned_1C,3.95-3.65 V,4400,0.8691446928910354,0.8872568438990958,0.018112151008060406
Cell7,learned_1C,3.95-3.65 V,4500,0.8652609992913628,0.8878290314267345,0.02256803213537173
Cell7,learned_1C,3.95-3.65 V,4600,0.8645063610786275,0.8808844592142258,0.016378098135598207
Cell7,learned_1C,3.95-3.65 V,4800,0.860037582521042,0.8741585795788712,0.01412099705782921
Cell7,learned_1C,3.95-3.65 V,5000,0.8549567487809242,0.8699049164174999,0.014948167636575693
Cell7,learned_1C,3.95-3.65 V,5100,0.8533851234890976,0.8636697947386383,0.010284671249540689
Cell7,learned_1C,3.95-3.65 V,5200,0.8491617853521667,0.8693869242059656,0.020225138853798952
Cell7,learned_1C,3.95-3.65 V,5300,0.8493422832619613,0.8599171745678412,0.010574891305879963
Cell7,learned_1C,3.95-3.65 V,5400,0.8473838732859607,0.8560720190127631,0.008688145726802432
Cell7,learned_1C,3.95-3.65 V,5500,0.8429446029782804,0.8606296741578561,0.01768507117957563
Cell7,learned_1C,3.95-3.65 V,5600,0.8433240375034325,0.8514771976026189,0.008153160099186318
Cell7,learned_1C,3.95-3.65 V,5700,0.8413282520752242,0.8472674113753978,0.005939159300173635
Cell7,learned_1C,3.95-3.65 V,5800,0.838901649666258,0.8460357663151347,0.007134116648876643
Cell7,learned_1C,3.95-3.65 V,5900,0.8370999446840393,0.8412809767322724,0.004181032048233169
Cell7,learned_1C,3.95-3.65 V,6000,0.8354193717387877,0.8379019676016564,0.0024825958628686973
Cell7,learned_1C,3.95-3.65 V,6100,0.8316386346878002,0.8404785367165333,0.008839902028733082
Cell7,learned_1C,3.95-3.65 V,6200,0.8314328483065889,0.8336465183183188,0.0022136700117298957
Cell7,learned_1C,3.95-3.65 V,6300,0.8297149459181925,0.83029833413047,0.0005833882122775469
Cell7,learned_1C,3.95-3.65 V,6400,0.8258565850818868,0.8345991217177212,0.008742536635834464
Cell7,learned_1C,3.95-3.65 V,6500,0.8260986387301296,0.8275987650252761,0.0015001262951465089
Cell7,learned_1C,3.95-3.65 V,6600,0.824329683784477,0.8235258312034368,-0.0008038525810402097
Cell7,learned_1C,3.95-3.65 V,6700,0.8216271216028758,0.8339454954525707,0.012318373849694919
Cell7,learned_1C,3.95-3.65 V,6800,0.8220265335974289,0.825564425879713,0.003537892282284072
Cell7,learned_1C,3.95-3.65 V,6900,0.820384004853965,0.821300055728197,0.0009160508742319662
Cell7,learned_1C,3.95-3.65 V,7000,0.8164593883794508,0.8250016745073256,0.008542286127874887
Cell7,learned_1C,3.95-3.65 V,7100,0.8194339728865921,0.8167861245565244,-0.0026478483300677036
Cell7,learned_1C,3.95-3.65 V,7200,0.8150524999702112,0.8111842271986185,-0.00386827277159274
Cell7,learned_1C,3.95-3.65 V,7300,0.8134092287739451,0.8094432758797102,-0.003965952894234848
Cell7,learned_1C,3.95-3.65 V,7400,0.8105679213212978,0.8101600968526272,-0.0004078244686706034
Cell7,learned_1C,3.95-3.65 V,7500,0.809561851270911,0.803000267513556,-0.0065615837573549385
Cell7,learned_1C,3.95-3.65 V,7600,0.8077191445242562,0.7999521231656832,-0.00776702135857299
Cell7,learned_1C,3.95-3.65 V,7700,0.8048218217874226,0.8014966255407251,-0.0033251962466974705
Cell7,learned_1C,3.95-3.65 V,7800,0.8042099604860875,0.7948270651793775,-0.009382895306709993
Cell7,learned_1C,3.95-3.65 V,7900,0.8026960357966068,0.7927669124387519,-0.009929123357854897
Cell7,learned_1C,3.95-3.65 V,8000,0.79978431010739,0.794313728667001,-0.005470581440389033
Cell7,learned_1C,3.95-3.65 V,8100,0.7997394141989302,0.7887166896149725,-0.0110227245839577
Cell8,window_1C,3.90-3.60 V,0,1.0,1.0,0.0
Cell8,window_1C,3.90-3.60 V,100,0.9897125853434403,0.9875062729113542,-0.0022063124320861327
Cell8,window_1C,3.90-3.60 V,300,0.9806315575670838,0.9795534189028277,-0.0010781386642561008
Cell8,window_1C,3.90-3.60 V,400,0.9752795564769686,0.9762124802542844,0.0009329237773157972
Cell8,window_1C,3.90-3.60 V,500,0.9712384521350595,0.9730924432026027,0.001853991067543137
Cell8,window_1C,3.90-3.60 V,600,0.9675603284308495,0.9704854837427122,0.0029251553118626594
Cell8,window_1C,3.90-3.60 V,700,0.9660478780379594,0.969216176448847,0.0031682984108876155
Cell8,window_1C,3.90-3.60 V,800,0.9616956746523084,0.966301819711697,0.004606145059388611
Cell8,window_1C,3.90-3.60 V,900,0.9587331815490453,0.9646202306297296,0.00588704908068427
Cell8,window_1C,3.90-3.60 V,1000,0.9559032852470232,0.9626626097928458,0.00675932454582262
Cell8,window_1C,3.90-3.60 V,1100,0.9530691021245046,0.9600220088302517,0.006952906705747108
Cell8,window_1C,3.90-3.60 V,1200,0.9502762864236353,0.9583843355772746,0.008108049153639385
Cell8,window_1C,3.90-3.60 V,1300,0.9475253528426556,0.9567293771636907,0.009204024321035065
Cell8,window_1C,3.90-3.60 V,1400,0.9449697434528337,0.9542332750584992,0.00926353160566551
Cell8,window_1C,3.90-3.60 V,1600,0.9397477438877864,0.951718872433089,0.011971128545302578
Cell8,window_1C,3.90-3.60 V,1800,0.9344635393817694,0.9483224210205649,0.01385888163879545
Cell8,window_1C,3.90-3.60 V,1900,0.9311605361261293,0.9462345296155613,0.015073993489432058
Cell8,window_1C,3.90-3.60 V,2000,0.9281714000892136,0.9439794328514272,0.015808032762213542
Cell8,window_1C,3.90-3.60 V,2100,0.9261280130882225,0.941392586505093,0.015264573416870597
Cell8,window_1C,3.90-3.60 V,2200,0.9225235513543498,0.9407478248514748,0.018224273497124965
Cell8,window_1C,3.90-3.60 V,2300,0.9205669275157128,0.9378871949629968,0.017320267447283988
Cell8,window_1C,3.90-3.60 V,2400,0.9158961173081945,0.9366468052572409,0.02075068794904633
Cell8,window_1C,3.90-3.60 V,2500,0.9132553724738692,0.9321393353130077,0.018883962839138513
Cell8,window_1C,3.90-3.60 V,2600,0.908088565294652,0.9319416587520741,0.023853093457422148
Cell8,window_1C,3.90-3.60 V,2700,0.9062059126176006,0.9279517415705455,0.021745828952944857
Cell8,window_1C,3.90-3.60 V,2800,0.9026502235583818,0.924384147812538,0.02173392425415621
Cell8,window_1C,3.90-3.60 V,2900,0.8970164783042901,0.9247976260011872,0.0277811476968971
Cell8,window_1C,3.90-3.60 V,3000,0.8955279790273845,0.9204007808920172,0.0248728018646327
Cell8,window_1C,3.90-3.60 V,3100,0.8923826360524445,0.9170034578768,0.024620821824355543
Cell8,window_1C,3.90-3.60 V,3200,0.887530710893119,0.9173325182582671,0.029801807365148147
Cell8,window_1C,3.90-3.60 V,3300,0.8861099209495147,0.9113449665240401,0.025235045574525383
Cell8,window_1C,3.90-3.60 V,3500,0.8784998418529467,0.9136327333617911,0.035132891508844355
Cell8,window_1C,3.90-3.60 V,3600,0.8775168733432505,0.906808240858538,0.029291367515287492
Cell8,window_1C,3.90-3.60 V,3700,0.8743485857098444,0.904437198063385,0.030088612353540545
Cell8,window_1C,3.90-3.60 V,3800,0.868742302164066,0.9080143945326861,0.03927209236862006
Cell8,window_1C,3.90-3.60 V,3900,0.8677545381094277,0.9001160924671728,0.032361554357745126
Cell8,window_1C,3.90-3.60 V,4000,0.8647647074756244,0.8968918309561706,0.03212712348054625
Cell8,window_1C,3.90-3.60 V,4100,0.8597159787176374,0.8987491609176995,0.03903318220006213
Cell8,window_1C,3.90-3.60 V,4200,0.8585044488392131,0.8928930712635377,0.03438862242432461
Cell8,window_1C,3.90-3.60 V,4300,0.8558210783079486,0.8869222472955622,0.031101168987613614
Cell8,window_1C,3.90-3.60 V,4400,0.8528553242539866,0.8832089280719682,0.030353603817981578
Cell8,window_1C,3.90-3.60 V,4500,0.8480751510315622,0.8872759110169152,0.039200759985352995
Cell8,window_1C,3.90-3.60 V,4600,0.8471692346051477,0.8775406749734241,0.030371440368276437
Cell8,window_1C,3.90-3.60 V,4800,0.841580413601105,0.8721880840814242,0.030607670480319205
Cell8,window_1C,3.90-3.60 V,5000,0.8347806722035155,0.8697826646621315,0.035001992458616016
Cell8,window_1C,3.90-3.60 V,5100,0.8328775889716871,0.8624509385867535,0.029573349615066413
Cell8,window_1C,3.90-3.60 V,5200,0.8273089458048406,0.8739293761696685,0.04662043036482788
Cell8,window_1C,3.90-3.60 V,5300,0.827369983312153,0.860662792457555,0.033292809145402
Cell8,window_1C,3.90-3.60 V,5400,0.8247212696887835,0.8562114367735991,0.03149016708481567
Cell8,window_1C,3.90-3.60 V,5500,0.8196922644614084,0.8679414067676944,0.048249142306285964
Cell8,window_1C,3.90-3.60 V,5600,0.8195239857928405,0.8527174357859922,0.03319344999315177
Cell8,window_1C,3.90-3.60 V,5700,0.8169321322825431,0.84839444133571,0.031462309053166826
Cell8,window_1C,3.90-3.60 V,5800,0.8137345093917255,0.8501885911110451,0.03645408171931952
Cell8,window_1C,3.90-3.60 V,5900,0.8116310891410192,0.842059141496696,0.030428052355676805
Cell8,window_1C,3.90-3.60 V,6000,0.809016857330677,0.838322160447536,0.029305303116859083
Cell8,window_1C,3.90-3.60 V,6100,0.8044890049108995,0.8470282363206596,0.042539231409760125
Cell8,window_1C,3.90-3.60 V,6200,0.804274307296472,0.8349066406054815,0.030632333309009496
Cell8,window_1C,3.90-3.60 V,6300,0.8016518265475705,0.8308856143242966,0.02923378777672614
Cell8,window_1C,3.90-3.60 V,6400,0.7970428979818172,0.8423863694689341,0.045343471487116926
Cell8,window_1C,3.90-3.60 V,6500,0.7976887593859885,0.8281079067964029,0.030419147410414404
Cell8,window_1C,3.90-3.60 V,6600,0.7952317894463886,0.8244146901117108,0.029182900665322142
Cell8,window_1C,3.90-3.60 V,6700,0.794518643500093,0.8466968578192618,0.0521782143191688
Cell8,window_1C,3.90-3.60 V,6800,0.7940784853553151,0.8292688265304096,0.03519034117509445
Cell8,window_1C,3.90-3.60 V,6900,0.7922996340491575,0.8242362808518583,0.03193664680270081
Cell8,window_1C,3.90-3.60 V,7000,0.7876275886413375,0.8375331453961087,0.04990555675477115
Cell8,window_1C,3.90-3.60 V,7100,0.7898454583105571,0.8195656946379409,0.029720236327383853
Cell8,window_1C,3.90-3.60 V,7200,0.785471351917183,0.8156845410111937,0.030213189094010717
Cell8,window_1C,3.90-3.60 V,7300,0.783211424803192,0.8116972734280882,0.028485848624896226
Cell8,window_1C,3.90-3.60 V,7400,0.7801298377481299,0.8177228644747041,0.037593026726574164
Cell8,window_1C,3.90-3.60 V,7500,0.7788804635571079,0.8061088963679444,0.027228432810836423
Cell8,window_1C,3.90-3.60 V,7600,0.7771024413622475,0.8034711867590397,0.026368745396792237
Cell8,window_1C,3.90-3.60 V,7700,0.7738082209078048,0.8113321433685698,0.03752392246076508
Cell8,window_1C,3.90-3.60 V,7800,0.7733043063962131,0.7998534536674516,0.026549147271238582
Cell8,window_1C,3.90-3.60 V,7900,0.771257169177226,0.7969060700847145,0.025648900907488503
Cell8,window_1C,3.90-3.60 V,8000,0.7672022537380233,0.8068147129574967,0.03961245921947343
Cell8,window_1C,3.90-3.60 V,8100,0.7682978224324943,0.7942275103101445,0.025929687877650154
Cell8,window_OCV,3.90-3.60 V,0,1.0,1.0,0.0
Cell8,window_OCV,3.90-3.60 V,100,0.9897125853434403,0.9927140916851288,0.003001506341688498
Cell8,window_OCV,3.90-3.60 V,300,0.9806315575670838,0.9832501774940322,0.002618619926948451
Cell8,window_OCV,3.90-3.60 V,400,0.9752795564769686,0.9793312238227806,0.004051667345811971
Cell8,window_OCV,3.90-3.60 V,500,0.9712384521350595,0.9774180878226857,0.006179635687626139
Cell8,window_OCV,3.90-3.60 V,600,0.9675603284308495,0.974894544723375,0.007334216292525508
Cell8,window_OCV,3.90-3.60 V,700,0.9660478780379594,0.9728014401159162,0.006753562077956743
Cell8,window_OCV,3.90-3.60 V,800,0.9616956746523084,0.9699714776040211,0.008275802951712707
Cell8,window_OCV,3.90-3.60 V,900,0.9587331815490453,0.967221645053023,0.008488463503977695
Cell8,window_OCV,3.90-3.60 V,1000,0.9559032852470232,0.9654801411191348,0.009576855872111656
Cell8,window_OCV,3.90-3.60 V,1100,0.9530691021245046,0.9627898968691236,0.009720794744619066
Cell8,window_OCV,3.90-3.60 V,1200,0.9502762864236353,0.9603797892720192,0.010103502848383905
Cell8,window_OCV,3.90-3.60 V,1300,0.9475253528426556,0.9586272337275481,0.011101880884892501
Cell8,window_OCV,3.90-3.60 V,1400,0.9449697434528337,0.9570349587029643,0.012065215250130601
Cell8,window_OCV,3.90-3.60 V,1600,0.9397477438877864,0.9533211831987344,0.01357343931094801
Cell8,window_OCV,3.90-3.60 V,1800,0.9344635393817694,0.9483821290923731,0.013918589710603668
Cell8,window_OCV,3.90-3.60 V,1900,0.9311605361261293,0.9465348731037037,0.015374336977574399
Cell8,window_OCV,3.90-3.60 V,2000,0.9281714000892136,0.944371170273754,0.01619977018454033
Cell8,window_OCV,3.90-3.60 V,2100,0.9261280130882225,0.9428554708173293,0.016727457729106887
Cell8,window_OCV,3.90-3.60 V,2200,0.9225235513543498,0.9406275680714397,0.018104016717089833
Cell8,window_OCV,3.90-3.60 V,2300,0.9205669275157128,0.937638466555972,0.017071539040259265
Cell8,window_OCV,3.90-3.60 V,2400,0.9158961173081945,0.9359909025136453,0.020094785205450716
Cell8,window_OCV,3.90-3.60 V,2500,0.9132553724738692,0.9324748249151804,0.01921945244131118
Cell8,window_OCV,3.90-3.60 V,2600,0.908088565294652,0.9314339668015554,0.02334540150690345
Cell8,window_OCV,3.90-3.60 V,2700,0.9062059126176006,0.928032024767637,0.02182611215003638
Cell8,window_OCV,3.90-3.60 V,2800,0.9026502235583818,0.9248157552893684,0.022165531730986676
Cell8,window_OCV,3.90-3.60 V,2900,0.8970164783042901,0.9248513965848734,0.027834918280583265
Cell8,window_OCV,3.90-3.60 V,3000,0.8955279790273845,0.9196907914075765,0.024162812380192022
Cell8,window_OCV,3.90-3.60 V,3100,0.8923826360524445,0.9171350363515399,0.024752400299095423
Cell8,window_OCV,3.90-3.60 V,3200,0.887530710893119,0.9178495222485188,0.030318811355399822
Cell8,window_OCV,3.90-3.60 V,3300,0.8861099209495147,0.9109530573632182,0.024843136413703504
Cell8,window_OCV,3.90-3.60 V,3500,0.8784998418529467,0.9126410866297489,0.03414124477680214
Cell8,window_OCV,3.90-3.60 V,3600,0.8775168733432505,0.9061471648044375,0.028630291461187007
Cell8,window_OCV,3.90-3.60 V,3700,0.8743485857098444,0.9075770808508762,0.033228495141031766
Cell8,window_OCV,3.90-3.60 V,3800,0.868742302164066,0.9083071751262974,0.039564872962231434
Cell8,window_OCV,3.90-3.60 V,3900,0.8677545381094277,0.8997927941756497,0.032038256066222015
Cell8,window_OCV,3.90-3.60 V,4000,0.8647647074756244,0.8963941288435443,0.03162942136791991
Cell8,window_OCV,3.90-3.60 V,4100,0.8597159787176374,0.8998381366565977,0.040122157938960346
Cell8,window_OCV,3.90-3.60 V,4200,0.8585044488392131,0.8917106079237213,0.03320615908450819
Cell8,window_OCV,3.90-3.60 V,4300,0.8558210783079486,0.8861519165929395,0.030330838284990835
Cell8,window_OCV,3.90-3.60 V,4400,0.8528553242539866,0.8822953872497576,0.029440062995771066
Cell8,window_OCV,3.90-3.60 V,4500,0.8480751510315622,0.8863258051378963,0.0382506541063341
Cell8,window_OCV,3.90-3.60 V,4600,0.8471692346051477,0.8756300673737913,0.02846083276864364
Cell8,window_OCV,3.90-3.60 V,4800,0.841580413601105,0.870223183657537,0.02864277005643201
Cell8,window_OCV,3.90-3.60 V,5000,0.8347806722035155,0.8669762633881073,0.03219559118459181
Cell8,window_OCV,3.90-3.60 V,5100,0.8328775889716871,0.8605912641927175,0.02771367522103041
Cell8,window_OCV,3.90-3.60 V,5200,0.8273089458048406,0.8752270054570391,0.04791805965219853
Cell8,window_OCV,3.90-3.60 V,5300,0.827369983312153,0.8589197035965819,0.03154972028442893
Cell8,window_OCV,3.90-3.60 V,5400,0.8247212696887835,0.8537850632609602,0.0290637935721767
Cell8,window_OCV,3.90-3.60 V,5500,0.8196922644614084,0.8710877664644444,0.051395502003036
Cell8,window_OCV,3.90-3.60 V,5600,0.8195239857928405,0.8513743974258624,0.031850411633021936
Cell8,window_OCV,3.90-3.60 V,5700,0.8169321322825431,0.8455258309114461,0.02859369862890293
Cell8,window_OCV,3.90-3.60 V,5800,0.8137345093917255,0.8448484643415192,0.031113954949793632
Cell8,window_OCV,3.90-3.60 V,5900,0.8116310891410192,0.8376664890316904,0.026035399890671163
Cell8,window_OCV,3.90-3.60 V,6000,0.809016857330677,0.8335177540768208,0.024500896746143863
Cell8,window_OCV,3.90-3.60 V,6100,0.8044890049108995,0.8431864130813888,0.03869740817048928
Cell8,window_OCV,3.90-3.60 V,6200,0.804274307296472,0.8292700307338754,0.024995723437403417
Cell8,window_OCV,3.90-3.60 V,6300,0.8016518265475705,0.8246006342607739,0.0229488077132034
Cell8,window_OCV,3.90-3.60 V,6400,0.7970428979818172,0.8404284762539439,0.043385578272126746
Cell8,window_OCV,3.90-3.60 V,6500,0.7976887593859885,0.8229314468674628,0.02524268748147429
Cell8,window_OCV,3.90-3.60 V,6600,0.7952317894463886,0.8175501192055321,0.022318329759143496
Cell8,window_OCV,3.90-3.60 V,6700,0.794518643500093,0.847347532614578,0.05282888911448491
Cell8,window_OCV,3.90-3.60 V,6800,0.7940784853553151,0.8264365551567118,0.03235806980139666
Cell8,window_OCV,3.90-3.60 V,6900,0.7922996340491575,0.8195818417423654,0.027282207693207883
Cell8,window_OCV,3.90-3.60 V,7000,0.7876275886413375,0.8371566961840841,0.04952910754274653
Cell8,window_OCV,3.90-3.60 V,7100,0.7898454583105571,0.8160641997424464,0.026218741431889292
Cell8,window_OCV,3.90-3.60 V,7200,0.785471351917183,0.8093917453482496,0.023920393431066667
Cell8,window_OCV,3.90-3.60 V,7300,0.783211424803192,0.8049180189705003,0.021706594167308357
Cell8,window_OCV,3.90-3.60 V,7400,0.7801298377481299,0.8078994619679081,0.027769624219778133
Cell8,window_OCV,3.90-3.60 V,7500,0.7788804635571079,0.7986462672226243,0.01976580366551639
Cell8,window_OCV,3.90-3.60 V,7600,0.7771024413622475,0.7948405224430124,0.01773808108076491
Cell8,window_OCV,3.90-3.60 V,7700,0.7738082209078048,0.8027890621187223,0.028980841210917485
Cell8,window_OCV,3.90-3.60 V,7800,0.7733043063962131,0.7911570714912805,0.01785276509506739
Cell8,window_OCV,3.90-3.60 V,7900,0.771257169177226,0.7873785406586529,0.016121371481426894
Cell8,window_OCV,3.90-3.60 V,8000,0.7672022537380233,0.8005775772424547,0.0333753235044314
Cell8,window_OCV,3.90-3.60 V,8100,0.7682978224324943,0.7860679006935168,0.017770078261022504
Cell8,learned_1C,3.95-3.65 V,0,1.0,1.0,0.0
Cell8,learned_1C,3.95-3.65 V,100,0.9897125853434403,0.9907027216829994,0.0009901363395591334
Cell8,learned_1C,3.95-3.65 V,300,0.9806315575670838,0.9856306782353161,0.004999120668232382
Cell8,learned_1C,3.95-3.65 V,400,0.9752795564769686,0.9811675559876608,0.005887999510692188
Cell8,learned_1C,3.95-3.65 V,500,0.9712384521350595,0.9781091631107452,0.006870710975685701
Cell8,learned_1C,3.95-3.65 V,600,0.9675603284308495,0.9759115599971807,0.008351231566331219
Cell8,learned_1C,3.95-3.65 V,700,0.9660478780379594,0.9758029522011205,0.009755074163161015
Cell8,learned_1C,3.95-3.65 V,800,0.9616956746523084,0.9723269514666126,0.010631276814304202
Cell8,learned_1C,3.95-3.65 V,900,0.9587331815490453,0.9699522237948022,0.011219042245756872
Cell8,learned_1C,3.95-3.65 V,1000,0.9559032852470232,0.9686835123752261,0.012780227128202926
Cell8,learned_1C,3.95-3.65 V,1100,0.9530691021245046,0.9663161722777781,0.013247070153273532
Cell8,learned_1C,3.95-3.65 V,1200,0.9502762864236353,0.9639625967142159,0.01368631029058065
Cell8,learned_1C,3.95-3.65 V,1300,0.9475253528426556,0.9624130453460935,0.01488769250343791
Cell8,learned_1C,3.95-3.65 V,1400,0.9449697434528337,0.961162311191387,0.016192567738553265
Cell8,learned_1C,3.95-3.65 V,1600,0.9397477438877864,0.9595145340844371,0.01976679019665073
Cell8,learned_1C,3.95-3.65 V,1800,0.9344635393817694,0.955323027270089,0.020859487888319594
Cell8,learned_1C,3.95-3.65 V,1900,0.9311605361261293,0.9545859811487568,0.023425445022627556
Cell8,learned_1C,3.95-3.65 V,2000,0.9281714000892136,0.9525274412267012,0.024356041137487572
Cell8,learned_1C,3.95-3.65 V,2100,0.9261280130882225,0.9480543816837568,0.021926368595534318
Cell8,learned_1C,3.95-3.65 V,2200,0.9225235513543498,0.9481654312796443,0.02564187992529443
Cell8,learned_1C,3.95-3.65 V,2300,0.9205669275157128,0.9432003708705431,0.022633443354830307
Cell8,learned_1C,3.95-3.65 V,2400,0.9158961173081945,0.9425205722141389,0.02662445490594434
Cell8,learned_1C,3.95-3.65 V,2500,0.9132553724738692,0.9365645483280913,0.023309175854222097
Cell8,learned_1C,3.95-3.65 V,2600,0.908088565294652,0.9383043554736035,0.030215790178951485
Cell8,learned_1C,3.95-3.65 V,2700,0.9062059126176006,0.9304211038104108,0.024215191192810126
Cell8,learned_1C,3.95-3.65 V,2800,0.9026502235583818,0.9266337469030116,0.02398352334462983
Cell8,learned_1C,3.95-3.65 V,2900,0.8970164783042901,0.9283718259304321,0.031355347626142005
Cell8,learned_1C,3.95-3.65 V,3000,0.8955279790273845,0.9218598011029656,0.026331822075581157
Cell8,learned_1C,3.95-3.65 V,3100,0.8923826360524445,0.9171191705457142,0.024736534493269735
Cell8,learned_1C,3.95-3.65 V,3200,0.887530710893119,0.91817172457819,0.030641013685070995
Cell8,learned_1C,3.95-3.65 V,3300,0.8861099209495147,0.9103654991917133,0.024255578242198594
Cell8,learned_1C,3.95-3.65 V,3500,0.8784998418529467,0.9105147554747246,0.032014913621777885
Cell8,learned_1C,3.95-3.65 V,3600,0.8775168733432505,0.9036140809501618,0.026097207606911366
Cell8,learned_1C,3.95-3.65 V,3700,0.8743485857098444,0.8994244783554184,0.02507589264557397
Cell8,learned_1C,3.95-3.65 V,3800,0.868742302164066,0.9031241507671021,0.03438184860303606
Cell8,learned_1C,3.95-3.65 V,3900,0.8677545381094277,0.8950696020123406,0.02731506390291294
Cell8,learned_1C,3.95-3.65 V,4000,0.8647647074756244,0.8894634776105443,0.024698770134919945
Cell8,learned_1C,3.95-3.65 V,4100,0.8597159787176374,0.8903688296775967,0.030652850959959288
Cell8,learned_1C,3.95-3.65 V,4200,0.8585044488392131,0.8837956470333596,0.02529119819414649
Cell8,learned_1C,3.95-3.65 V,4300,0.8558210783079486,0.8772965104624054,0.021475432154456797
Cell8,learned_1C,3.95-3.65 V,4400,0.8528553242539866,0.872899770169318,0.020044445915331388
Cell8,learned_1C,3.95-3.65 V,4500,0.8480751510315622,0.8735109675514938,0.025435816519931653
Cell8,learned_1C,3.95-3.65 V,4600,0.8471692346051477,0.8660782158024203,0.01890898119727258
Cell8,learned_1C,3.95-3.65 V,4800,0.841580413601105,0.8584337561072963,0.016853342506191304
Cell8,learned_1C,3.95-3.65 V,5000,0.8347806722035155,0.8537400608099883,0.018959388606472838
Cell8,learned_1C,3.95-3.65 V,5100,0.8328775889716871,0.8470736179400186,0.014196028968331498
Cell8,learned_1C,3.95-3.65 V,5200,0.8273089458048406,0.850836896288822,0.023527950483981375
Cell8,learned_1C,3.95-3.65 V,5300,0.827369983312153,0.8431255698349138,0.015755586522760878
Cell8,learned_1C,3.95-3.65 V,5400,0.8247212696887835,0.8384552491474668,0.013733979458683376
Cell8,learned_1C,3.95-3.65 V,5500,0.8196922644614084,0.8413194935079951,0.02162722904658665
Cell8,learned_1C,3.95-3.65 V,5600,0.8195239857928405,0.833179675370601,0.013655689577760532
Cell8,learned_1C,3.95-3.65 V,5700,0.8169321322825431,0.8287880744800478,0.011855942197504632
Cell8,learned_1C,3.95-3.65 V,5800,0.8137345093917255,0.828432393832817,0.014697884441091436
Cell8,learned_1C,3.95-3.65 V,5900,0.8116310891410192,0.8215972395161524,0.009966150375133154
Cell8,learned_1C,3.95-3.65 V,6000,0.809016857330677,0.8170836841658521,0.008066826835175123
Cell8,learned_1C,3.95-3.65 V,6100,0.8044890049108995,0.8180303922294362,0.013541387318536713
Cell8,learned_1C,3.95-3.65 V,6200,0.804274307296472,0.8131819773087858,0.00890767001231385
Cell8,learned_1C,3.95-3.65 V,6300,0.8016518265475705,0.8095759860853059,0.007924159537735398
Cell8,learned_1C,3.95-3.65 V,6400,0.7970428979818172,0.8097477514368775,0.012704853455060339
Cell8,learned_1C,3.95-3.65 V,6500,0.7976887593859885,0.8062004023765772,0.008511642990588708
Cell8,learned_1C,3.95-3.65 V,6600,0.7952317894463886,0.8020376531717904,0.006805863725401817
Cell8,learned_1C,3.95-3.65 V,6700,0.794518643500093,0.8101253921058184,0.015606748605725307
Cell8,learned_1C,3.95-3.65 V,6800,0.7940784853553151,0.8034372625370385,0.009358777181723399
Cell8,learned_1C,3.95-3.65 V,6900,0.7922996340491575,0.7996133193775536,0.007313685328396158
Cell8,learned_1C,3.95-3.65 V,7000,0.7876275886413375,0.7988174804952497,0.01118989185391217
Cell8,learned_1C,3.95-3.65 V,7100,0.7898454583105571,0.7929897298411106,0.003144271530553522
Cell8,learned_1C,3.95-3.65 V,7200,0.785471351917183,0.7892665845373424,0.003795232620159461
Cell8,learned_1C,3.95-3.65 V,7300,0.783211424803192,0.784601547231319,0.001390122428127083
Cell8,learned_1C,3.95-3.65 V,7400,0.7801298377481299,0.7832282464361734,0.0030984086880434525
Cell8,learned_1C,3.95-3.65 V,7500,0.7788804635571079,0.7792975784177196,0.00041711486061168923
Cell8,learned_1C,3.95-3.65 V,7600,0.7771024413622475,0.7761585355827564,-0.0009439057794911054
Cell8,learned_1C,3.95-3.65 V,7700,0.7738082209078048,0.774597522881703,0.0007893019738982598
Cell8,learned_1C,3.95-3.65 V,7800,0.7733043063962131,0.7715279737211582,-0.001776332675054837
Cell8,learned_1C,3.95-3.65 V,7900,0.771257169177226,0.7682670680543636,-0.002990101122862354
Cell8,learned_1C,3.95-3.65 V,8000,0.7672022537380233,0.7655995313640693,-0.0016027223739539798
Cell8,learned_1C,3.95-3.65 V,8100,0.7682978224324943,0.764630264190857,-0.0036675582416373365
