cell_id,cohort,cycle,ambient_c,same_ambient_as_reference,soh_est,truth_nasa,truth_common_cutoff,err_nasa,err_common,label_gap
B0005,24C_2.0A,1,24.0,True,1.0,1.01152,1.01156,0.01152,0.01156,-4e-05
B0005,24C_2.0A,2,24.0,True,1.00535,1.00598,1.006,0.00063,0.00065,-1e-05
B0005,24C_2.0A,3,24.0,True,1.00248,1.0,1.0,0.00248,0.00248,0.0
B0005,24C_2.0A,4,24.0,True,0.99986,0.99995,0.99996,9e-05,0.0001,-1e-05
B0005,24C_2.0A,5,24.0,True,0.99872,0.99962,0.99962,0.0009,0.00091,-1e-05
B0005,24C_2.0A,6,24.0,True,0.99887,1.00017,1.00017,0.0013,0.0013,-0.0
B0005,24C_2.0A,7,24.0,True,0.99785,0.99989,0.99991,0.00204,0.00207,-2e-05
B0005,24C_2.0A,8,24.0,True,0.99549,0.99477,0.99479,0.00072,0.00071,-1e-05
B0005,24C_2.0A,9,24.0,True,0.99307,0.99424,0.99426,0.00116,0.00118,-2e-05
B0005,24C_2.0A,10,24.0,True,0.99087,0.99415,0.99414,0.00328,0.00327,1e-05
B0005,24C_2.0A,11,24.0,True,0.98924,0.99415,0.99415,0.00491,0.00491,0.0
B0005,24C_2.0A,12,24.0,True,0.98592,0.98848,0.98846,0.00256,0.00254,2e-05
B0005,24C_2.0A,13,24.0,True,0.98381,0.98823,0.98822,0.00442,0.00441,1e-05
B0005,24C_2.0A,14,24.0,True,0.98313,0.98806,0.98804,0.00493,0.00491,2e-05
B0005,24C_2.0A,15,24.0,True,0.9806,0.98216,0.98212,0.00155,0.00152,3e-05
B0005,24C_2.0A,16,24.0,True,0.97798,0.98189,0.98185,0.0039,0.00387,4e-05
B0005,24C_2.0A,17,24.0,True,0.97614,0.98215,0.98211,0.006,0.00597,4e-05
B0005,24C_2.0A,18,24.0,True,0.97421,0.98241,0.98237,0.0082,0.00815,4e-05
B0005,24C_2.0A,19,24.0,True,0.97273,0.98225,0.98221,0.00953,0.00949,4e-05
B0005,24C_2.0A,20,24.0,True,1.01356,1.00636,1.00639,0.0072,0.00717,-3e-05
B0005,24C_2.0A,21,24.0,True,1.01011,1.00658,1.00661,0.00354,0.0035,-4e-05
B0005,24C_2.0A,22,24.0,True,1.00665,1.00045,1.00047,0.0062,0.00618,-2e-05
B0005,24C_2.0A,23,24.0,True,1.00298,0.99479,0.99479,0.00819,0.00819,0.0
B0005,24C_2.0A,24,24.0,True,1.00054,0.99442,0.99443,0.00612,0.00611,-1e-05
B0005,24C_2.0A,25,24.0,True,0.99662,0.99468,0.99468,0.00194,0.00194,0.0
B0005,24C_2.0A,26,24.0,True,0.99448,0.98838,0.98836,0.0061,0.00612,2e-05
B0005,24C_2.0A,27,24.0,True,0.9914,0.98879,0.98877,0.00262,0.00263,2e-05
B0005,24C_2.0A,28,24.0,True,0.98866,0.98835,0.98833,0.0003,0.00033,2e-05
B0005,24C_2.0A,29,24.0,True,0.98611,0.98225,0.98222,0.00387,0.0039,3e-05
B0005,24C_2.0A,30,24.0,True,0.98294,0.98296,0.98292,2e-05,2e-05,4e-05
B0005,24C_2.0A,31,24.0,True,1.00586,1.00896,1.01034,0.0031,0.00448,-0.00138
B0005,24C_2.0A,32,24.0,True,0.99423,0.99747,0.99881,0.00324,0.00458,-0.00134
B0005,24C_2.0A,33,24.0,True,0.98742,0.99158,0.9929,0.00417,0.00549,-0.00132
B0005,24C_2.0A,34,24.0,True,0.98132,0.98581,0.98713,0.00449,0.00581,-0.00132
B0005,24C_2.0A,35,24.0,True,0.97318,0.98325,0.98455,0.01008,0.01137,-0.0013
B0005,24C_2.0A,36,24.0,True,0.97013,0.9804,0.9817,0.01027,0.01157,-0.0013
B0005,24C_2.0A,37,24.0,True,0.96259,0.97444,0.97573,0.01186,0.01315,-0.00129
B0005,24C_2.0A,38,24.0,True,0.95654,0.97144,0.97271,0.0149,0.01618,-0.00128
B0005,24C_2.0A,39,24.0,True,0.94972,0.96605,0.96731,0.01633,0.01759,-0.00126
B0005,24C_2.0A,40,24.0,True,0.94702,0.96605,0.9673,0.01903,0.02027,-0.00125
B0005,24C_2.0A,41,24.0,True,0.94663,0.96323,0.96448,0.0166,0.01785,-0.00125
B0005,24C_2.0A,42,24.0,True,0.93977,0.96021,0.96146,0.02043,0.02168,-0.00125
B0005,24C_2.0A,43,24.0,True,0.94639,0.9631,0.96303,0.01671,0.01664,7e-05
B0005,24C_2.0A,44,24.0,True,0.93796,0.9604,0.96164,0.02244,0.02368,-0.00124
B0005,24C_2.0A,45,24.0,True,0.92855,0.95444,0.95566,0.02589,0.02711,-0.00122
B0005,24C_2.0A,46,24.0,True,0.92163,0.94906,0.95026,0.02743,0.02863,-0.0012
B0005,24C_2.0A,47,24.0,True,0.91543,0.94592,0.94712,0.03049,0.03169,-0.0012
B0005,24C_2.0A,48,24.0,True,0.97629,0.97727,0.97856,0.00098,0.00227,-0.00129
B0005,24C_2.0A,49,24.0,True,0.96487,0.97158,0.97285,0.00671,0.00798,-0.00127
B0005,24C_2.0A,50,24.0,True,0.95147,0.96296,0.96419,0.01149,0.01272,-0.00124
B0005,24C_2.0A,51,24.0,True,0.94065,0.95732,0.95854,0.01667,0.01789,-0.00122
B0005,24C_2.0A,52,24.0,True,0.93119,0.95179,0.953,0.0206,0.02182,-0.00121
B0005,24C_2.0A,53,24.0,True,0.92544,0.94898,0.9502,0.02354,0.02475,-0.00121
B0005,24C_2.0A,54,24.0,True,0.92107,0.9461,0.9473,0.02503,0.02623,-0.0012
B0005,24C_2.0A,55,24.0,True,0.91053,0.9406,0.94176,0.03007,0.03123,-0.00117
B0005,24C_2.0A,56,24.0,True,0.90227,0.93487,0.93603,0.03259,0.03376,-0.00117
B0005,24C_2.0A,57,24.0,True,0.89438,0.93199,0.93315,0.03762,0.03878,-0.00116
B0005,24C_2.0A,58,24.0,True,0.93363,0.92953,0.93066,0.0041,0.00297,-0.00113
B0005,24C_2.0A,59,24.0,True,0.88475,0.92642,0.92757,0.04167,0.04282,-0.00115
B0005,24C_2.0A,60,24.0,True,0.95922,0.9233,0.92442,0.03592,0.03479,-0.00112
B0005,24C_2.0A,61,24.0,True,0.87101,0.91803,0.91915,0.04701,0.04814,-0.00112
B0005,24C_2.0A,62,24.0,True,,0.91235,0.91343,,,-0.00109
B0005,24C_2.0A,63,24.0,True,0.86002,0.9124,0.9135,0.05238,0.05348,-0.00111
B0005,24C_2.0A,64,24.0,True,0.84573,0.90648,0.90756,0.06075,0.06182,-0.00107
B0005,24C_2.0A,65,24.0,True,0.84726,0.90392,0.90501,0.05666,0.05774,-0.00108
B0005,24C_2.0A,66,24.0,True,0.98099,0.90111,0.90217,0.07988,0.07882,-0.00106
B0005,24C_2.0A,67,24.0,True,0.82991,0.89501,0.89606,0.0651,0.06615,-0.00105
B0005,24C_2.0A,68,24.0,True,0.82383,0.8924,0.89343,0.06856,0.0696,-0.00104
B0005,24C_2.0A,69,24.0,True,0.81809,0.8896,0.89064,0.07151,0.07255,-0.00103
B0005,24C_2.0A,70,24.0,True,0.81208,0.88689,0.88792,0.07481,0.07583,-0.00103
B0005,24C_2.0A,71,24.0,True,0.8061,0.88382,0.88484,0.07772,0.07874,-0.00101
B0005,24C_2.0A,72,24.0,True,0.79896,0.87794,0.87894,0.07898,0.07998,-0.001
B0005,24C_2.0A,73,24.0,True,0.79206,0.87534,0.87633,0.08328,0.08427,-0.00099
B0005,24C_2.0A,74,24.0,True,0.78576,0.87259,0.87358,0.08683,0.08782,-0.00099
B0005,24C_2.0A,75,24.0,True,0.77808,0.86652,0.86748,0.08844,0.0894,-0.00096
B0005,24C_2.0A,76,24.0,True,0.77096,0.86403,0.865,0.09307,0.09404,-0.00097
B0005,24C_2.0A,77,24.0,True,0.76046,0.86356,0.86453,0.1031,0.10406,-0.00096
B0005,24C_2.0A,78,24.0,True,0.78159,0.86933,0.87031,0.08775,0.08872,-0.00098
B0005,24C_2.0A,79,24.0,True,0.75973,0.858,0.85895,0.09827,0.09922,-0.00095
B0005,24C_2.0A,80,24.0,True,0.74797,0.85265,0.85357,0.10468,0.10561,-0.00093
B0005,24C_2.0A,81,24.0,True,0.74417,0.84985,0.85077,0.10568,0.1066,-0.00092
B0005,24C_2.0A,82,24.0,True,0.74416,0.84969,0.8506,0.10553,0.10644,-0.00091
B0005,24C_2.0A,83,24.0,True,0.74151,0.84708,0.84799,0.10557,0.10648,-0.00091
B0005,24C_2.0A,84,24.0,True,0.73357,0.84391,0.84482,0.11034,0.11125,-0.00091
B0005,24C_2.0A,85,24.0,True,0.72339,0.83812,0.839,0.11473,0.11561,-0.00089
B0005,24C_2.0A,86,24.0,True,0.71418,0.83249,0.83335,0.11832,0.11918,-0.00086
B0005,24C_2.0A,87,24.0,True,0.7965,0.83283,0.83369,0.03632,0.03719,-0.00087
B0005,24C_2.0A,88,24.0,True,0.71326,0.82962,0.83049,0.11637,0.11723,-0.00086
B0005,24C_2.0A,89,24.0,True,1.07185,0.82681,0.82767,0.24504,0.24418,-0.00085
B0005,24C_2.0A,90,24.0,True,0.86232,0.87494,0.87592,0.01262,0.01361,-0.00098
B0005,24C_2.0A,91,24.0,True,0.76212,0.85207,0.85299,0.08995,0.09087,-0.00092
B0005,24C_2.0A,92,24.0,True,0.74555,0.84349,0.84438,0.09794,0.09883,-0.00089
B0005,24C_2.0A,93,24.0,True,0.73108,0.83492,0.8358,0.10385,0.10472,-0.00087
B0005,24C_2.0A,94,24.0,True,0.71998,0.83197,0.83284,0.11199,0.11286,-0.00087
B0005,24C_2.0A,95,24.0,True,0.71072,0.82652,0.82736,0.1158,0.11664,-0.00084
B0005,24C_2.0A,96,24.0,True,0.70462,0.82377,0.82462,0.11915,0.12,-0.00085
B0005,24C_2.0A,97,24.0,True,0.69828,0.82086,0.82168,0.12258,0.1234,-0.00082
B0005,24C_2.0A,98,24.0,True,0.69261,0.81813,0.81896,0.12552,0.12635,-0.00083
B0005,24C_2.0A,99,24.0,True,1.01513,0.81229,0.8131,0.20283,0.20202,-0.00081
B0005,24C_2.0A,100,24.0,True,0.68008,0.80958,0.81038,0.1295,0.1303,-0.0008
B0005,24C_2.0A,101,24.0,True,0.67411,0.80661,0.8074,0.1325,0.13329,-0.00079
B0005,24C_2.0A,102,24.0,True,0.9558,0.80378,0.80455,0.15202,0.15125,-0.00077
B0005,24C_2.0A,103,24.0,True,0.67619,0.8096,0.81041,0.13341,0.13422,-0.00081
B0005,24C_2.0A,104,24.0,True,0.74528,0.81515,0.81597,0.06988,0.07069,-0.00082
B0005,24C_2.0A,105,24.0,True,0.67534,0.80682,0.80761,0.13148,0.13227,-0.00079
B0005,24C_2.0A,106,24.0,True,0.66591,0.8008,0.80158,0.1349,0.13567,-0.00078
B0005,24C_2.0A,107,24.0,True,0.6558,0.79217,0.79292,0.13637,0.13712,-0.00075
B0005,24C_2.0A,108,24.0,True,0.92341,0.7923,0.79305,0.13111,0.13036,-0.00075
B0005,24C_2.0A,109,24.0,True,0.64981,0.79278,0.79353,0.14297,0.14372,-0.00075
B0005,24C_2.0A,110,24.0,True,0.64486,0.78952,0.79026,0.14466,0.1454,-0.00074
B0005,24C_2.0A,111,24.0,True,0.63563,0.78387,0.78458,0.14823,0.14895,-0.00071
B0005,24C_2.0A,112,24.0,True,0.62971,0.78102,0.78174,0.15131,0.15203,-0.00072
B0005,24C_2.0A,113,24.0,True,0.62879,0.78099,0.78171,0.1522,0.15292,-0.00072
B0005,24C_2.0A,114,24.0,True,0.69817,0.77809,0.7788,0.07992,0.08063,-0.00071
B0005,24C_2.0A,115,24.0,True,0.62153,0.77529,0.77599,0.15376,0.15446,-0.0007
B0005,24C_2.0A,116,24.0,True,0.61489,0.77229,0.77298,0.15741,0.15809,-0.00069
B0005,24C_2.0A,117,24.0,True,0.60886,0.76956,0.77023,0.1607,0.16138,-0.00068
B0005,24C_2.0A,118,24.0,True,0.60928,0.76965,0.77033,0.16037,0.16105,-0.00067
B0005,24C_2.0A,119,24.0,True,0.68619,0.76694,0.76761,0.08075,0.08142,-0.00067
B0005,24C_2.0A,120,24.0,True,0.63814,0.78099,0.78171,0.14285,0.14357,-0.00072
B0005,24C_2.0A,121,24.0,True,0.6403,0.78364,0.78437,0.14335,0.14407,-0.00073
B0005,24C_2.0A,122,24.0,True,0.61978,0.77225,0.77294,0.15247,0.15316,-0.00069
B0005,24C_2.0A,123,24.0,True,0.60657,0.7666,0.76729,0.16003,0.16071,-0.00068
B0005,24C_2.0A,124,24.0,True,0.60045,0.76345,0.76413,0.163,0.16368,-0.00068
B0005,24C_2.0A,125,24.0,True,0.59384,0.761,0.76166,0.16716,0.16781,-0.00066
B0005,24C_2.0A,126,24.0,True,0.58988,0.75805,0.7587,0.16817,0.16882,-0.00065
B0005,24C_2.0A,127,24.0,True,0.58476,0.75529,0.75594,0.17053,0.17118,-0.00064
B0005,24C_2.0A,128,24.0,True,0.57771,0.75214,0.75277,0.17443,0.17506,-0.00064
B0005,24C_2.0A,129,24.0,True,0.57404,0.74931,0.74994,0.17526,0.17589,-0.00063
B0005,24C_2.0A,130,24.0,True,0.571,0.74673,0.74735,0.17574,0.17636,-0.00062
B0005,24C_2.0A,131,24.0,True,0.56813,0.74673,0.74735,0.1786,0.17921,-0.00062
B0005,24C_2.0A,132,24.0,True,0.56254,0.74358,0.7442,0.18104,0.18165,-0.00061
B0005,24C_2.0A,133,24.0,True,0.58198,0.74939,0.75001,0.16741,0.16803,-0.00062
B0005,24C_2.0A,134,24.0,True,0.59039,0.75523,0.75588,0.16484,0.16549,-0.00065
B0005,24C_2.0A,135,24.0,True,0.57467,0.74637,0.74699,0.1717,0.17232,-0.00062
B0005,24C_2.0A,136,24.0,True,0.80229,0.74361,0.74423,0.05868,0.05807,-0.00062
B0005,24C_2.0A,137,24.0,True,0.55659,0.73791,0.7385,0.18132,0.18191,-0.00059
B0005,24C_2.0A,138,24.0,True,0.5591,0.73808,0.73868,0.17899,0.17958,-0.0006
B0005,24C_2.0A,139,24.0,True,0.89161,0.73812,0.73872,0.15349,0.15289,-0.0006
B0005,24C_2.0A,140,24.0,True,0.5508,0.73518,0.73577,0.18438,0.18497,-0.00058
B0005,24C_2.0A,141,24.0,True,0.54317,0.73239,0.73296,0.18922,0.18979,-0.00057
B0005,24C_2.0A,142,24.0,True,0.53735,0.72956,0.73013,0.19221,0.19278,-0.00057
B0005,24C_2.0A,143,24.0,True,0.53946,0.72951,0.73009,0.19006,0.19063,-0.00057
B0005,24C_2.0A,144,24.0,True,0.53726,0.72684,0.7274,0.18958,0.19014,-0.00056
B0005,24C_2.0A,145,24.0,True,0.5297,0.72392,0.72447,0.19422,0.19477,-0.00055
B0005,24C_2.0A,146,24.0,True,0.5244,0.72094,0.72148,0.19654,0.19708,-0.00054
B0005,24C_2.0A,147,24.0,True,0.5208,0.71821,0.71874,0.19741,0.19794,-0.00053
B0005,24C_2.0A,148,24.0,True,0.52362,0.71837,0.71891,0.19475,0.19529,-0.00053
B0005,24C_2.0A,149,24.0,True,0.52158,0.71828,0.71881,0.1967,0.19723,-0.00053
B0005,24C_2.0A,150,24.0,True,0.5305,0.72132,0.72186,0.19082,0.19136,-0.00054
B0005,24C_2.0A,151,24.0,True,0.56174,0.74107,0.74168,0.17933,0.17994,-0.00061
B0005,24C_2.0A,152,24.0,True,0.54453,0.72985,0.73042,0.18532,0.18589,-0.00057
B0005,24C_2.0A,153,24.0,True,0.53507,0.72413,0.72468,0.18906,0.18961,-0.00055
B0005,24C_2.0A,154,24.0,True,0.52887,0.72121,0.72176,0.19234,0.19289,-0.00055
B0005,24C_2.0A,155,24.0,True,0.5235,0.71846,0.71901,0.19497,0.19551,-0.00054
B0005,24C_2.0A,156,24.0,True,0.7259,0.71565,0.71618,0.01024,0.00971,-0.00053
B0005,24C_2.0A,157,24.0,True,0.51664,0.71551,0.71604,0.19887,0.1994,-0.00053
B0005,24C_2.0A,158,24.0,True,0.51165,0.71256,0.71308,0.2009,0.20143,-0.00052
B0005,24C_2.0A,159,24.0,True,0.50889,0.70996,0.71047,0.20107,0.20157,-0.0005
B0005,24C_2.0A,160,24.0,True,0.50856,0.71014,0.71066,0.20158,0.2021,-0.00052
B0005,24C_2.0A,161,24.0,True,0.50647,0.71017,0.71067,0.2037,0.2042,-0.0005
B0005,24C_2.0A,162,24.0,True,0.50338,0.70716,0.70767,0.20378,0.20429,-0.00051
B0005,24C_2.0A,163,24.0,True,0.50108,0.70726,0.70775,0.20618,0.20667,-0.00048
B0005,24C_2.0A,164,24.0,True,,0.70475,0.70525,,,-0.0005
B0005,24C_2.0A,165,24.0,True,,0.70178,0.70225,,,-0.00048
B0005,24C_2.0A,166,24.0,True,,0.70148,0.70196,,,-0.00049
B0005,24C_2.0A,167,24.0,True,0.52843,0.71322,0.71373,0.18479,0.1853,-0.00051
B0005,24C_2.0A,168,24.0,True,0.53147,0.72198,0.72252,0.1905,0.19105,-0.00054
B0006,24C_2.0A,1,24.0,True,,1.01093,1.01097,,,-3e-05
B0006,24C_2.0A,2,24.0,True,,1.00587,1.00587,,,-0.0
B0006,24C_2.0A,3,24.0,True,,1.0,1.0,,,0.0
B0006,24C_2.0A,4,24.0,True,,0.99998,0.99998,,,0.0
B0006,24C_2.0A,5,24.0,True,,0.99364,0.99362,,,2e-05
B0006,24C_2.0A,6,24.0,True,,1.00028,1.00028,,,1e-05
B0006,24C_2.0A,7,24.0,True,,0.99989,0.9999,,,-1e-05
B0006,24C_2.0A,8,24.0,True,,0.97788,0.97784,,,4e-05
B0006,24C_2.0A,9,24.0,True,,0.97757,0.97751,,,6e-05
B0006,24C_2.0A,10,24.0,True,,0.97214,0.97207,,,7e-05
B0006,24C_2.0A,11,24.0,True,,0.96636,0.96627,,,9e-05
B0006,24C_2.0A,12,24.0,True,,0.96097,0.96087,,,0.0001
B0006,24C_2.0A,13,24.0,True,,0.95527,0.95517,,,0.00011
B0006,24C_2.0A,14,24.0,True,,0.94962,0.94949,,,0.00012
B0006,24C_2.0A,15,24.0,True,,0.94424,0.94409,,,0.00015
B0006,24C_2.0A,16,24.0,True,,0.93835,0.93818,,,0.00017
B0006,24C_2.0A,17,24.0,True,,0.93292,0.93275,,,0.00017
B0006,24C_2.0A,18,24.0,True,,0.9276,0.92742,,,0.00018
B0006,24C_2.0A,19,24.0,True,,0.92761,0.92742,,,0.0002
B0006,24C_2.0A,20,24.0,True,,0.98326,0.98323,,,3e-05
B0006,24C_2.0A,21,24.0,True,,0.9723,0.97222,,,7e-05
B0006,24C_2.0A,22,24.0,True,,0.96647,0.96639,,,8e-05
B0006,24C_2.0A,23,24.0,True,,0.95575,0.95565,,,0.00011
B0006,24C_2.0A,24,24.0,True,,0.96655,0.96647,,,8e-05
B0006,24C_2.0A,25,24.0,True,,0.94441,0.94427,,,0.00014
B0006,24C_2.0A,26,24.0,True,,0.93312,0.93294,,,0.00018
B0006,24C_2.0A,27,24.0,True,,0.92797,0.92779,,,0.00018
B0006,24C_2.0A,28,24.0,True,,0.92187,0.92167,,,0.0002
B0006,24C_2.0A,29,24.0,True,,0.91649,0.91629,,,0.00021
B0006,24C_2.0A,30,24.0,True,,0.92247,0.92227,,,0.00019
B0006,24C_2.0A,31,24.0,True,,0.95602,0.95712,,,-0.0011
B0006,24C_2.0A,32,24.0,True,,0.93489,0.93593,,,-0.00105
B0006,24C_2.0A,33,24.0,True,,0.9215,0.92251,,,-0.00101
B0006,24C_2.0A,34,24.0,True,,0.91354,0.91454,,,-0.001
B0006,24C_2.0A,35,24.0,True,,0.90325,0.90421,,,-0.00096
B0006,24C_2.0A,36,24.0,True,,0.90074,0.9017,,,-0.00096
B0006,24C_2.0A,37,24.0,True,,0.8926,0.89355,,,-0.00095
B0006,24C_2.0A,38,24.0,True,,0.88461,0.88553,,,-0.00093
B0006,24C_2.0A,39,24.0,True,,0.87965,0.88056,,,-0.00091
B0006,24C_2.0A,40,24.0,True,,0.87441,0.8753,,,-0.00089
B0006,24C_2.0A,41,24.0,True,,0.86935,0.87023,,,-0.00088
B0006,24C_2.0A,42,24.0,True,,0.86399,0.86486,,,-0.00087
B0006,24C_2.0A,43,24.0,True,,0.87153,0.87122,,,0.00031
B0006,24C_2.0A,44,24.0,True,,0.87713,0.87803,,,-0.0009
B0006,24C_2.0A,45,24.0,True,,0.86116,0.86201,,,-0.00086
B0006,24C_2.0A,46,24.0,True,,0.85099,0.85182,,,-0.00083
B0006,24C_2.0A,47,24.0,True,,0.84557,0.8464,,,-0.00083
B0006,24C_2.0A,48,24.0,True,,0.90582,0.90681,,,-0.00098
B0006,24C_2.0A,49,24.0,True,,0.89808,0.89904,,,-0.00096
B0006,24C_2.0A,50,24.0,True,,0.882,0.88291,,,-0.00091
B0006,24C_2.0A,51,24.0,True,,0.8666,0.86746,,,-0.00086
B0006,24C_2.0A,52,24.0,True,,0.85888,0.85973,,,-0.00085
B0006,24C_2.0A,53,24.0,True,,0.8484,0.84923,,,-0.00083
B0006,24C_2.0A,54,24.0,True,,0.84318,0.84399,,,-0.00081
B0006,24C_2.0A,55,24.0,True,,0.83546,0.83624,,,-0.00078
B0006,24C_2.0A,56,24.0,True,,0.83021,0.83099,,,-0.00078
B0006,24C_2.0A,57,24.0,True,,0.82488,0.82565,,,-0.00076
B0006,24C_2.0A,58,24.0,True,,0.8201,0.82083,,,-0.00074
B0006,24C_2.0A,59,24.0,True,,0.81464,0.81539,,,-0.00075
B0006,24C_2.0A,60,24.0,True,,0.80921,0.80993,,,-0.00072
B0006,24C_2.0A,61,24.0,True,,0.7991,0.79981,,,-0.0007
B0006,24C_2.0A,62,24.0,True,,0.79646,0.79714,,,-0.00068
B0006,24C_2.0A,63,24.0,True,,0.79419,0.79488,,,-0.00068
B0006,24C_2.0A,64,24.0,True,,0.78856,0.78921,,,-0.00065
B0006,24C_2.0A,65,24.0,True,,0.78625,0.78691,,,-0.00067
B0006,24C_2.0A,66,24.0,True,,0.77838,0.77902,,,-0.00064
B0006,24C_2.0A,67,24.0,True,,0.7755,0.77614,,,-0.00063
B0006,24C_2.0A,68,24.0,True,,0.77045,0.77106,,,-0.00061
B0006,24C_2.0A,69,24.0,True,,0.76524,0.76584,,,-0.0006
B0006,24C_2.0A,70,24.0,True,,0.75761,0.75819,,,-0.00059
B0006,24C_2.0A,71,24.0,True,,0.76001,0.76061,,,-0.0006
B0006,24C_2.0A,72,24.0,True,,0.75728,0.75787,,,-0.00058
B0006,24C_2.0A,73,24.0,True,,0.75226,0.75284,,,-0.00058
B0006,24C_2.0A,74,24.0,True,,0.7497,0.75027,,,-0.00057
B0006,24C_2.0A,75,24.0,True,,0.74702,0.74757,,,-0.00055
B0006,24C_2.0A,76,24.0,True,,0.74182,0.74237,,,-0.00056
B0006,24C_2.0A,77,24.0,True,,0.73889,0.73943,,,-0.00054
B0006,24C_2.0A,78,24.0,True,,0.76008,0.76068,,,-0.0006
B0006,24C_2.0A,79,24.0,True,,0.74706,0.74762,,,-0.00056
B0006,24C_2.0A,80,24.0,True,,0.73945,0.73999,,,-0.00054
B0006,24C_2.0A,81,24.0,True,,0.73425,0.73477,,,-0.00053
B0006,24C_2.0A,82,24.0,True,,0.73434,0.73485,,,-0.00051
B0006,24C_2.0A,83,24.0,True,,0.73173,0.73224,,,-0.00051
B0006,24C_2.0A,84,24.0,True,,0.7289,0.72942,,,-0.00051
B0006,24C_2.0A,85,24.0,True,,0.72101,0.7215,,,-0.00049
B0006,24C_2.0A,86,24.0,True,,0.72116,0.72164,,,-0.00048
B0006,24C_2.0A,87,24.0,True,,0.71878,0.71927,,,-0.00048
B0006,24C_2.0A,88,24.0,True,,0.71864,0.71912,,,-0.00048
B0006,24C_2.0A,89,24.0,True,,0.71607,0.71654,,,-0.00048
B0006,24C_2.0A,90,24.0,True,,0.79152,0.79219,,,-0.00067
B0006,24C_2.0A,91,24.0,True,,0.76808,0.76869,,,-0.00061
B0006,24C_2.0A,92,24.0,True,,0.75234,0.75291,,,-0.00057
B0006,24C_2.0A,93,24.0,True,,0.74453,0.74508,,,-0.00055
B0006,24C_2.0A,94,24.0,True,,0.73665,0.73718,,,-0.00054
B0006,24C_2.0A,95,24.0,True,,0.73161,0.73212,,,-0.00051
B0006,24C_2.0A,96,24.0,True,,0.72654,0.72705,,,-0.00051
B0006,24C_2.0A,97,24.0,True,,0.72111,0.7216,,,-0.00049
B0006,24C_2.0A,98,24.0,True,,0.71865,0.71913,,,-0.00049
B0006,24C_2.0A,99,24.0,True,,0.71592,0.71639,,,-0.00047
B0006,24C_2.0A,100,24.0,True,,0.71087,0.71133,,,-0.00046
B0006,24C_2.0A,101,24.0,True,,0.70829,0.70875,,,-0.00046
B0006,24C_2.0A,102,24.0,True,,0.70554,0.70598,,,-0.00044
B0006,24C_2.0A,103,24.0,True,,0.70565,0.7061,,,-0.00045
B0006,24C_2.0A,104,24.0,True,,0.72132,0.72181,,,-0.00049
B0006,24C_2.0A,105,24.0,True,,0.71104,0.7115,,,-0.00046
B0006,24C_2.0A,106,24.0,True,,0.70282,0.70327,,,-0.00045
B0006,24C_2.0A,107,24.0,True,,0.7002,0.70063,,,-0.00043
B0006,24C_2.0A,108,24.0,True,,0.69781,0.69823,,,-0.00042
B0006,24C_2.0A,109,24.0,True,,0.69296,0.69338,,,-0.00041
B0006,24C_2.0A,110,24.0,True,,0.69265,0.69306,,,-0.00041
B0006,24C_2.0A,111,24.0,True,,0.69006,0.69047,,,-0.0004
B0006,24C_2.0A,112,24.0,True,,0.68734,0.68774,,,-0.0004
B0006,24C_2.0A,113,24.0,True,,0.68229,0.68268,,,-0.00039
B0006,24C_2.0A,114,24.0,True,,0.68474,0.68514,,,-0.0004
B0006,24C_2.0A,115,24.0,True,,0.68233,0.68272,,,-0.00039
B0006,24C_2.0A,116,24.0,True,,0.6796,0.67998,,,-0.00038
B0006,24C_2.0A,117,24.0,True,,0.67714,0.67751,,,-0.00037
B0006,24C_2.0A,118,24.0,True,,0.67455,0.67492,,,-0.00036
B0006,24C_2.0A,119,24.0,True,,0.67216,0.67251,,,-0.00036
B0006,24C_2.0A,120,24.0,True,,0.6875,0.6879,,,-0.0004
B0006,24C_2.0A,121,24.0,True,,0.69792,0.69835,,,-0.00043
B0006,24C_2.0A,122,24.0,True,,0.6848,0.68519,,,-0.00039
B0006,24C_2.0A,123,24.0,True,,0.6796,0.67999,,,-0.00039
B0006,24C_2.0A,124,24.0,True,,0.67417,0.67454,,,-0.00037
B0006,24C_2.0A,125,24.0,True,,0.67177,0.67212,,,-0.00035
B0006,24C_2.0A,126,24.0,True,,0.66925,0.6696,,,-0.00036
B0006,24C_2.0A,127,24.0,True,,0.66408,0.66442,,,-0.00034
B0006,24C_2.0A,128,24.0,True,,0.66121,0.66154,,,-0.00033
B0006,24C_2.0A,129,24.0,True,,0.65858,0.65891,,,-0.00033
B0006,24C_2.0A,130,24.0,True,,0.65642,0.65673,,,-0.00032
B0006,24C_2.0A,131,24.0,True,,0.65624,0.65656,,,-0.00032
B0006,24C_2.0A,132,24.0,True,,0.65347,0.65378,,,-0.00031
B0006,24C_2.0A,133,24.0,True,,0.65608,0.6564,,,-0.00032
B0006,24C_2.0A,134,24.0,True,,0.66926,0.66961,,,-0.00035
B0006,24C_2.0A,135,24.0,True,,0.65862,0.65894,,,-0.00032
B0006,24C_2.0A,136,24.0,True,,0.65072,0.65104,,,-0.00031
B0006,24C_2.0A,137,24.0,True,,0.64829,0.64858,,,-0.0003
B0006,24C_2.0A,138,24.0,True,,0.6459,0.64619,,,-0.00029
B0006,24C_2.0A,139,24.0,True,,0.64581,0.64611,,,-0.0003
B0006,24C_2.0A,140,24.0,True,,0.64049,0.64076,,,-0.00028
B0006,24C_2.0A,141,24.0,True,,0.63539,0.63566,,,-0.00026
B0006,24C_2.0A,142,24.0,True,,0.63537,0.63563,,,-0.00026
B0006,24C_2.0A,143,24.0,True,,0.6328,0.63306,,,-0.00026
B0006,24C_2.0A,144,24.0,True,,0.63285,0.63311,,,-0.00026
B0006,24C_2.0A,145,24.0,True,,0.6277,0.62793,,,-0.00023
B0006,24C_2.0A,146,24.0,True,,0.6249,0.62514,,,-0.00023
B0006,24C_2.0A,147,24.0,True,,0.62248,0.62271,,,-0.00023
B0006,24C_2.0A,148,24.0,True,,0.62247,0.6227,,,-0.00023
B0006,24C_2.0A,149,24.0,True,,0.61991,0.62013,,,-0.00022
B0006,24C_2.0A,150,24.0,True,,0.62257,0.6228,,,-0.00023
B0006,24C_2.0A,151,24.0,True,,0.64063,0.64092,,,-0.00028
B0006,24C_2.0A,152,24.0,True,,0.62759,0.62783,,,-0.00024
B0006,24C_2.0A,153,24.0,True,,0.61986,0.62008,,,-0.00022
B0006,24C_2.0A,154,24.0,True,,0.61198,0.61219,,,-0.00021
B0006,24C_2.0A,155,24.0,True,,0.6095,0.60969,,,-0.0002
B0006,24C_2.0A,156,24.0,True,,0.60683,0.60702,,,-0.00019
B0006,24C_2.0A,157,24.0,True,,0.60154,0.60172,,,-0.00018
B0006,24C_2.0A,158,24.0,True,,0.59882,0.59898,,,-0.00016
B0006,24C_2.0A,159,24.0,True,,0.59647,0.59663,,,-0.00015
B0006,24C_2.0A,160,24.0,True,,0.59135,0.5915,,,-0.00015
B0006,24C_2.0A,161,24.0,True,,0.58867,0.5888,,,-0.00013
B0006,24C_2.0A,162,24.0,True,,0.58593,0.58606,,,-0.00013
B0006,24C_2.0A,163,24.0,True,,0.58341,0.58353,,,-0.00012
B0006,24C_2.0A,164,24.0,True,,0.57309,0.57319,,,-0.0001
B0006,24C_2.0A,165,24.0,True,,0.57835,0.57846,,,-0.00011
B0006,24C_2.0A,166,24.0,True,,0.57556,0.57567,,,-0.0001
B0006,24C_2.0A,167,24.0,True,,0.5836,0.58372,,,-0.00012
B0006,24C_2.0A,168,24.0,True,,0.58891,0.58905,,,-0.00014
B0007,24C_2.0A,1,24.0,True,0.98693,1.00552,1.00555,0.01859,0.01862,-3e-05
B0007,24C_2.0A,2,24.0,True,0.99923,0.99999,0.99999,0.00076,0.00076,0.0
B0007,24C_2.0A,3,24.0,True,1.00062,1.0,1.0,0.00062,0.00062,0.0
B0007,24C_2.0A,4,24.0,True,1.0,1.00006,1.00007,6e-05,7e-05,-1e-05
B0007,24C_2.0A,5,24.0,True,1.00007,0.99936,0.99936,0.00072,0.00071,-1e-05
B0007,24C_2.0A,6,24.0,True,1.00144,1.00002,1.00002,0.00142,0.00142,-0.0
B0007,24C_2.0A,7,24.0,True,1.00253,0.99961,0.99963,0.00292,0.00289,-2e-05
B0007,24C_2.0A,8,24.0,True,0.99984,1.00045,1.00048,0.00061,0.00064,-3e-05
B0007,24C_2.0A,9,24.0,True,0.99899,0.99417,0.99416,0.00483,0.00483,0.0
B0007,24C_2.0A,10,24.0,True,0.99832,0.99436,0.99436,0.00396,0.00396,-1e-05
B0007,24C_2.0A,11,24.0,True,0.99753,0.99435,0.99434,0.00317,0.00318,1e-05
B0007,24C_2.0A,12,24.0,True,0.99365,0.98883,0.98881,0.00482,0.00484,2e-05
B0007,24C_2.0A,13,24.0,True,0.99391,0.98852,0.98851,0.00539,0.00541,2e-05
B0007,24C_2.0A,14,24.0,True,0.99316,0.98849,0.98847,0.00467,0.00469,2e-05
B0007,24C_2.0A,15,24.0,True,0.99245,0.98867,0.98865,0.00378,0.0038,3e-05
B0007,24C_2.0A,16,24.0,True,0.98999,0.98834,0.98832,0.00165,0.00167,2e-05
B0007,24C_2.0A,17,24.0,True,0.98908,0.98254,0.98249,0.00655,0.00659,4e-05
B0007,24C_2.0A,18,24.0,True,0.98771,0.98291,0.98287,0.0048,0.00483,4e-05
B0007,24C_2.0A,19,24.0,True,0.98552,0.98283,0.9828,0.00268,0.00272,4e-05
B0007,24C_2.0A,20,24.0,True,1.01002,1.00006,1.00008,0.00996,0.00994,-1e-05
B0007,24C_2.0A,21,24.0,True,1.01061,1.00043,1.00043,0.01018,0.01018,-0.0
B0007,24C_2.0A,22,24.0,True,1.01044,1.00023,1.00025,0.01021,0.01019,-2e-05
B0007,24C_2.0A,23,24.0,True,1.00785,0.99487,0.99486,0.01299,0.01299,0.0
B0007,24C_2.0A,24,24.0,True,1.00767,0.99444,0.99444,0.01323,0.01323,-0.0
B0007,24C_2.0A,25,24.0,True,1.0048,0.99469,0.99469,0.01011,0.01011,0.0
B0007,24C_2.0A,26,24.0,True,1.00284,0.98881,0.98877,0.01403,0.01407,3e-05
B0007,24C_2.0A,27,24.0,True,1.00045,0.98903,0.98902,0.01142,0.01143,1e-05
B0007,24C_2.0A,28,24.0,True,0.99832,0.98857,0.98855,0.00975,0.00978,2e-05
B0007,24C_2.0A,29,24.0,True,0.99657,0.98271,0.98267,0.01386,0.0139,3e-05
B0007,24C_2.0A,30,24.0,True,0.99489,0.98327,0.98324,0.01162,0.01165,3e-05
B0007,24C_2.0A,31,24.0,True,1.00679,1.00149,1.0028,0.0053,0.00399,-0.0013
B0007,24C_2.0A,32,24.0,True,1.00231,0.99051,0.99179,0.01179,0.01051,-0.00128
B0007,24C_2.0A,33,24.0,True,0.99783,0.9848,0.98606,0.01303,0.01177,-0.00126
B0007,24C_2.0A,34,24.0,True,0.99359,0.98207,0.98333,0.01152,0.01026,-0.00126
B0007,24C_2.0A,35,24.0,True,0.98794,0.97669,0.97793,0.01125,0.01001,-0.00123
B0007,24C_2.0A,36,24.0,True,0.98987,0.97687,0.97811,0.013,0.01176,-0.00124
B0007,24C_2.0A,37,24.0,True,0.98357,0.97395,0.9752,0.00962,0.00838,-0.00125
B0007,24C_2.0A,38,24.0,True,0.97897,0.96835,0.96958,0.01061,0.00939,-0.00123
B0007,24C_2.0A,39,24.0,True,0.97515,0.96589,0.9671,0.00927,0.00805,-0.00122
B0007,24C_2.0A,40,24.0,True,0.97243,0.96316,0.96436,0.00927,0.00807,-0.0012
B0007,24C_2.0A,41,24.0,True,0.9718,0.96328,0.96449,0.00852,0.00731,-0.00121
B0007,24C_2.0A,42,24.0,True,0.96759,0.96033,0.96154,0.00726,0.00606,-0.00121
B0007,24C_2.0A,43,24.0,True,0.97078,0.96413,0.96407,0.00665,0.00671,6e-05
B0007,24C_2.0A,44,24.0,True,0.96453,0.96044,0.96163,0.00409,0.0029,-0.00119
B0007,24C_2.0A,45,24.0,True,0.95756,0.95489,0.95608,0.00266,0.00148,-0.00118
B0007,24C_2.0A,46,24.0,True,0.95206,0.9496,0.95077,0.00246,0.00129,-0.00117
B0007,24C_2.0A,47,24.0,True,0.94843,0.94665,0.94781,0.00179,0.00062,-0.00116
B0007,24C_2.0A,48,24.0,True,0.98315,0.96513,0.96634,0.01803,0.01681,-0.00121
B0007,24C_2.0A,49,24.0,True,0.98034,0.96546,0.96667,0.01488,0.01367,-0.00121
B0007,24C_2.0A,50,24.0,True,0.97009,0.95724,0.95842,0.01285,0.01167,-0.00118
B0007,24C_2.0A,51,24.0,True,0.96219,0.95203,0.95319,0.01016,0.009,-0.00116
B0007,24C_2.0A,52,24.0,True,0.95476,0.94666,0.94781,0.0081,0.00695,-0.00115
B0007,24C_2.0A,53,24.0,True,0.9507,0.94399,0.94514,0.00671,0.00556,-0.00115
B0007,24C_2.0A,54,24.0,True,0.946,0.9413,0.94244,0.0047,0.00356,-0.00114
B0007,24C_2.0A,55,24.0,True,0.93788,0.93588,0.93699,0.002,0.00089,-0.00111
B0007,24C_2.0A,56,24.0,True,0.93219,0.93034,0.93145,0.00186,0.00074,-0.00111
B0007,24C_2.0A,57,24.0,True,0.92534,0.93034,0.93145,0.005,0.00612,-0.00112
B0007,24C_2.0A,58,24.0,True,0.92338,0.92788,0.92896,0.0045,0.00558,-0.00108
B0007,24C_2.0A,59,24.0,True,0.91772,0.92502,0.92612,0.0073,0.0084,-0.0011
B0007,24C_2.0A,60,24.0,True,0.91041,0.91913,0.92019,0.00871,0.00978,-0.00106
B0007,24C_2.0A,61,24.0,True,0.90503,0.91665,0.91773,0.01162,0.0127,-0.00108
B0007,24C_2.0A,62,24.0,True,0.89542,0.91137,0.91241,0.01595,0.017,-0.00104
B0007,24C_2.0A,63,24.0,True,0.89697,0.91137,0.91243,0.01439,0.01545,-0.00106
B0007,24C_2.0A,64,24.0,True,0.88356,0.90588,0.9069,0.02232,0.02335,-0.00103
B0007,24C_2.0A,65,24.0,True,0.88655,0.90607,0.90712,0.01952,0.02057,-0.00105
B0007,24C_2.0A,66,24.0,True,0.87894,0.90052,0.90154,0.02158,0.0226,-0.00102
B0007,24C_2.0A,67,24.0,True,0.87245,0.89737,0.89839,0.02493,0.02595,-0.00102
B0007,24C_2.0A,68,24.0,True,0.86786,0.89494,0.89595,0.02708,0.02809,-0.00101
B0007,24C_2.0A,69,24.0,True,0.86393,0.8922,0.8932,0.02827,0.02927,-0.001
B0007,24C_2.0A,70,24.0,True,0.85806,0.88969,0.89069,0.03163,0.03263,-0.00101
B0007,24C_2.0A,71,24.0,True,0.8524,0.88662,0.88761,0.03422,0.03521,-0.00099
B0007,24C_2.0A,72,24.0,True,0.84716,0.88387,0.88485,0.03671,0.03769,-0.00098
B0007,24C_2.0A,73,24.0,True,0.8417,0.8813,0.88227,0.03959,0.04057,-0.00098
B0007,24C_2.0A,74,24.0,True,0.83744,0.8787,0.87967,0.04126,0.04223,-0.00097
B0007,24C_2.0A,75,24.0,True,0.83118,0.87587,0.87681,0.04469,0.04563,-0.00094
B0007,24C_2.0A,76,24.0,True,0.82481,0.87013,0.87108,0.04531,0.04627,-0.00096
B0007,24C_2.0A,77,24.0,True,0.81512,0.87004,0.87099,0.05493,0.05588,-0.00095
B0007,24C_2.0A,78,24.0,True,0.82764,0.87263,0.87359,0.04498,0.04594,-0.00096
B0007,24C_2.0A,79,24.0,True,0.81142,0.86755,0.86849,0.05613,0.05707,-0.00094
B0007,24C_2.0A,80,24.0,True,0.80571,0.86204,0.86297,0.05634,0.05726,-0.00092
B0007,24C_2.0A,81,24.0,True,0.80367,0.8595,0.86041,0.05583,0.05674,-0.00091
B0007,24C_2.0A,82,24.0,True,0.80505,0.85918,0.86008,0.05412,0.05503,-0.0009
B0007,24C_2.0A,83,24.0,True,0.80407,0.85966,0.86057,0.05559,0.0565,-0.00091
B0007,24C_2.0A,84,24.0,True,0.79648,0.85654,0.85745,0.06006,0.06096,-0.00091
B0007,24C_2.0A,85,24.0,True,0.78734,0.85112,0.85201,0.06377,0.06467,-0.00089
B0007,24C_2.0A,86,24.0,True,0.77848,0.84859,0.84947,0.07012,0.071,-0.00088
B0007,24C_2.0A,87,24.0,True,0.78186,0.84875,0.84964,0.06689,0.06778,-0.00089
B0007,24C_2.0A,88,24.0,True,0.78308,0.84853,0.84942,0.06546,0.06635,-0.00089
B0007,24C_2.0A,89,24.0,True,0.77985,0.84579,0.84667,0.06594,0.06682,-0.00088
B0007,24C_2.0A,90,24.0,True,0.82131,0.89799,0.89901,0.07669,0.0777,-0.00102
B0007,24C_2.0A,91,24.0,True,0.82145,0.86459,0.86551,0.04314,0.04406,-0.00092
B0007,24C_2.0A,92,24.0,True,0.81033,0.85914,0.86004,0.0488,0.04971,-0.00091
B0007,24C_2.0A,93,24.0,True,0.80003,0.85377,0.85467,0.05374,0.05464,-0.0009
B0007,24C_2.0A,94,24.0,True,0.79028,0.84809,0.84897,0.05781,0.05869,-0.00088
B0007,24C_2.0A,95,24.0,True,0.78375,0.84566,0.84653,0.06191,0.06278,-0.00087
B0007,24C_2.0A,96,24.0,True,0.77951,0.84298,0.84385,0.06347,0.06434,-0.00088
B0007,24C_2.0A,97,24.0,True,0.77466,0.84012,0.84097,0.06545,0.06631,-0.00086
B0007,24C_2.0A,98,24.0,True,0.77,0.83759,0.83844,0.06759,0.06844,-0.00085
B0007,24C_2.0A,99,24.0,True,0.76554,0.8347,0.83554,0.06916,0.07,-0.00084
B0007,24C_2.0A,100,24.0,True,0.76113,0.83495,0.83578,0.07382,0.07466,-0.00083
B0007,24C_2.0A,101,24.0,True,0.75792,0.83229,0.83312,0.07436,0.0752,-0.00083
B0007,24C_2.0A,102,24.0,True,0.75381,0.8293,0.83012,0.07549,0.07631,-0.00082
B0007,24C_2.0A,103,24.0,True,0.76094,0.83214,0.83298,0.07121,0.07205,-0.00084
B0007,24C_2.0A,104,24.0,True,0.77335,0.83746,0.83831,0.06411,0.06496,-0.00085
B0007,24C_2.0A,105,24.0,True,0.76263,0.8323,0.83314,0.06967,0.0705,-0.00083
B0007,24C_2.0A,106,24.0,True,0.75455,0.82936,0.83019,0.07482,0.07564,-0.00083
B0007,24C_2.0A,107,24.0,True,0.74877,0.82412,0.82493,0.07535,0.07616,-0.00081
B0007,24C_2.0A,108,24.0,True,0.74196,0.82092,0.82172,0.07896,0.07977,-0.0008
B0007,24C_2.0A,109,24.0,True,0.74388,0.82153,0.82233,0.07765,0.07846,-0.0008
B0007,24C_2.0A,110,24.0,True,0.74025,0.8213,0.82211,0.08105,0.08185,-0.0008
B0007,24C_2.0A,111,24.0,True,0.73025,0.81583,0.81662,0.08558,0.08637,-0.00078
B0007,24C_2.0A,112,24.0,True,0.72786,0.81288,0.81366,0.08503,0.08581,-0.00078
B0007,24C_2.0A,113,24.0,True,0.72745,0.81297,0.81376,0.08552,0.08631,-0.00079
B0007,24C_2.0A,114,24.0,True,0.72771,0.81306,0.81384,0.08535,0.08613,-0.00078
B0007,24C_2.0A,115,24.0,True,0.72278,0.8103,0.81108,0.08752,0.08829,-0.00078
B0007,24C_2.0A,116,24.0,True,0.71648,0.80752,0.80828,0.09104,0.0918,-0.00076
B0007,24C_2.0A,117,24.0,True,0.71069,0.80485,0.8056,0.09416,0.09491,-0.00075
B0007,24C_2.0A,118,24.0,True,0.71223,0.80483,0.80558,0.0926,0.09335,-0.00076
B0007,24C_2.0A,119,24.0,True,0.71447,0.80501,0.80576,0.09054,0.09128,-0.00075
B0007,24C_2.0A,120,24.0,True,0.74101,0.81565,0.81644,0.07464,0.07543,-0.00079
B0007,24C_2.0A,121,24.0,True,0.73844,0.8184,0.81921,0.07996,0.08077,-0.0008
B0007,24C_2.0A,122,24.0,True,0.72628,0.81015,0.81092,0.08387,0.08464,-0.00077
B0007,24C_2.0A,123,24.0,True,0.71439,0.80481,0.80558,0.09042,0.09119,-0.00077
B0007,24C_2.0A,124,24.0,True,0.70834,0.80173,0.80249,0.09339,0.09415,-0.00076
B0007,24C_2.0A,125,24.0,True,0.70285,0.79929,0.80003,0.09644,0.09718,-0.00074
B0007,24C_2.0A,126,24.0,True,0.69933,0.79643,0.79717,0.09711,0.09784,-0.00073
B0007,24C_2.0A,127,24.0,True,0.69509,0.79379,0.79452,0.09869,0.09943,-0.00073
B0007,24C_2.0A,128,24.0,True,0.68812,0.79356,0.79429,0.10544,0.10617,-0.00073
B0007,24C_2.0A,129,24.0,True,0.68615,0.79094,0.79166,0.10478,0.10551,-0.00073
B0007,24C_2.0A,130,24.0,True,0.68292,0.7883,0.78902,0.10538,0.1061,-0.00071
B0007,24C_2.0A,131,24.0,True,0.67957,0.78844,0.78915,0.10887,0.10958,-0.00071
B0007,24C_2.0A,132,24.0,True,0.67527,0.78535,0.78606,0.11008,0.11079,-0.00071
B0007,24C_2.0A,133,24.0,True,0.69002,0.78797,0.78868,0.09795,0.09866,-0.00071
B0007,24C_2.0A,134,24.0,True,0.69892,0.7966,0.79734,0.09768,0.09842,-0.00074
B0007,24C_2.0A,135,24.0,True,0.68719,0.78806,0.78877,0.10087,0.10158,-0.00071
B0007,24C_2.0A,136,24.0,True,0.67803,0.78542,0.78613,0.10739,0.1081,-0.00071
B0007,24C_2.0A,137,24.0,True,0.67176,0.78274,0.78345,0.11098,0.11168,-0.0007
B0007,24C_2.0A,138,24.0,True,0.67314,0.78283,0.78354,0.1097,0.1104,-0.0007
B0007,24C_2.0A,139,24.0,True,0.67258,0.78005,0.78075,0.10747,0.10816,-0.0007
B0007,24C_2.0A,140,24.0,True,0.66578,0.77726,0.77794,0.11148,0.11216,-0.00068
B0007,24C_2.0A,141,24.0,True,0.65688,0.77456,0.77523,0.11768,0.11835,-0.00067
B0007,24C_2.0A,142,24.0,True,0.65106,0.77173,0.77239,0.12066,0.12133,-0.00067
B0007,24C_2.0A,143,24.0,True,0.65501,0.77186,0.77253,0.11685,0.11752,-0.00067
B0007,24C_2.0A,144,24.0,True,0.65163,0.76931,0.76997,0.11769,0.11835,-0.00066
B0007,24C_2.0A,145,24.0,True,0.64539,0.76928,0.76994,0.12389,0.12454,-0.00066
B0007,24C_2.0A,146,24.0,True,0.63893,0.76642,0.76707,0.12749,0.12814,-0.00065
B0007,24C_2.0A,147,24.0,True,0.63501,0.76369,0.76433,0.12868,0.12932,-0.00064
B0007,24C_2.0A,148,24.0,True,0.63819,0.76399,0.76464,0.1258,0.12644,-0.00064
B0007,24C_2.0A,149,24.0,True,0.63729,0.76372,0.76435,0.12643,0.12706,-0.00063
B0007,24C_2.0A,150,24.0,True,0.64816,0.76668,0.76732,0.11852,0.11916,-0.00065
B0007,24C_2.0A,151,24.0,True,0.67167,0.78015,0.78085,0.10848,0.10917,-0.00069
B0007,24C_2.0A,152,24.0,True,0.66034,0.772,0.77266,0.11166,0.11233,-0.00066
B0007,24C_2.0A,153,24.0,True,0.65004,0.76948,0.77014,0.11944,0.1201,-0.00066
B0007,24C_2.0A,154,24.0,True,0.65238,0.76664,0.76729,0.11426,0.11492,-0.00065
B0007,24C_2.0A,155,24.0,True,0.63773,0.76124,0.76187,0.12351,0.12415,-0.00064
B0007,24C_2.0A,156,24.0,True,0.6333,0.76133,0.76197,0.12803,0.12867,-0.00064
B0007,24C_2.0A,157,24.0,True,0.62941,0.75838,0.75901,0.12897,0.12959,-0.00063
B0007,24C_2.0A,158,24.0,True,0.62379,0.75829,0.75892,0.1345,0.13513,-0.00063
B0007,24C_2.0A,159,24.0,True,0.62165,0.75572,0.75633,0.13408,0.13469,-0.00061
B0007,24C_2.0A,160,24.0,True,0.61962,0.7531,0.75371,0.13348,0.13409,-0.00061
B0007,24C_2.0A,161,24.0,True,0.6181,0.75323,0.75383,0.13513,0.13573,-0.0006
B0007,24C_2.0A,162,24.0,True,0.61484,0.75018,0.75079,0.13535,0.13595,-0.00061
B0007,24C_2.0A,163,24.0,True,0.61168,0.75026,0.75085,0.13859,0.13918,-0.00059
B0007,24C_2.0A,164,24.0,True,0.60965,0.7477,0.7483,0.13805,0.13865,-0.0006
B0007,24C_2.0A,165,24.0,True,0.90792,0.74779,0.74838,0.16013,0.15954,-0.00059
B0007,24C_2.0A,166,24.0,True,0.92676,0.74466,0.74525,0.1821,0.18151,-0.00059
B0007,24C_2.0A,167,24.0,True,0.63925,0.756,0.75662,0.11675,0.11736,-0.00061
B0007,24C_2.0A,168,24.0,True,0.63597,0.76168,0.7623,0.12571,0.12634,-0.00063
B0018,24C_2.0A,1,24.0,True,0.99932,1.00837,1.00841,0.00905,0.00908,-3e-05
B0018,24C_2.0A,2,24.0,True,1.00553,1.00195,1.00196,0.00357,0.00356,-1e-05
B0018,24C_2.0A,3,24.0,True,1.00067,1.0,1.0,0.00067,0.00067,0.0
B0018,24C_2.0A,4,24.0,True,0.99647,0.99515,0.99511,0.00132,0.00136,3e-05
B0018,24C_2.0A,5,24.0,True,1.0,0.99625,0.99622,0.00375,0.00378,3e-05
B0018,24C_2.0A,6,24.0,True,0.99413,0.99398,0.99394,0.00015,0.00019,4e-05
B0018,24C_2.0A,7,24.0,True,0.98772,0.99,0.98994,0.00227,0.00221,6e-05
B0018,24C_2.0A,8,24.0,True,0.98205,0.98672,0.98665,0.00467,0.0046,7e-05
B0018,24C_2.0A,9,24.0,True,0.97896,0.98081,0.98071,0.00185,0.00175,0.0001
B0018,24C_2.0A,10,24.0,True,0.98919,0.99103,0.99093,0.00184,0.00174,0.0001
B0018,24C_2.0A,11,24.0,True,0.98254,0.98506,0.98498,0.00253,0.00244,9e-05
B0018,24C_2.0A,12,24.0,True,0.97363,0.98102,0.98092,0.00739,0.00728,0.00011
B0018,24C_2.0A,13,24.0,True,0.96465,0.9735,0.97337,0.00884,0.00872,0.00013
B0018,24C_2.0A,14,24.0,True,0.95833,0.96949,0.96935,0.01116,0.01102,0.00014
B0018,24C_2.0A,15,24.0,True,0.9556,0.96811,0.96796,0.01251,0.01236,0.00015
B0018,24C_2.0A,16,24.0,True,0.95215,0.96282,0.96265,0.01067,0.0105,0.00017
B0018,24C_2.0A,17,24.0,True,0.94456,0.96142,0.96124,0.01686,0.01669,0.00018
B0018,24C_2.0A,18,24.0,True,0.9337,0.95327,0.95305,0.01956,0.01935,0.00021
B0018,24C_2.0A,19,24.0,True,0.92429,0.94924,0.94903,0.02494,0.02473,0.00021
B0018,24C_2.0A,20,24.0,True,0.91486,0.94459,0.94436,0.02972,0.02949,0.00023
B0018,24C_2.0A,21,24.0,True,0.90583,0.94125,0.94101,0.03541,0.03518,0.00024
B0018,24C_2.0A,22,24.0,True,0.89551,0.92879,0.92851,0.03327,0.033,0.00027
B0018,24C_2.0A,23,24.0,True,0.88978,0.93035,0.93008,0.04057,0.0403,0.00027
B0018,24C_2.0A,24,24.0,True,0.884,0.92819,0.92791,0.04419,0.04391,0.00028
B0018,24C_2.0A,25,24.0,True,0.91836,0.95088,0.95062,0.03252,0.03226,0.00026
B0018,24C_2.0A,26,24.0,True,0.91116,0.94193,0.94165,0.03077,0.03049,0.00028
B0018,24C_2.0A,27,24.0,True,0.90319,0.9362,0.9359,0.033,0.03271,0.00029
B0018,24C_2.0A,28,24.0,True,0.89063,0.93055,0.93025,0.03993,0.03962,0.0003
B0018,24C_2.0A,29,24.0,True,0.88139,0.92372,0.92339,0.04233,0.04201,0.00032
B0018,24C_2.0A,30,24.0,True,0.86924,0.92087,0.92052,0.05163,0.05128,0.00035
B0018,24C_2.0A,31,24.0,True,0.85845,0.91428,0.91393,0.05582,0.05548,0.00035
B0018,24C_2.0A,32,24.0,True,0.85296,0.9116,0.91124,0.05864,0.05828,0.00036
B0018,24C_2.0A,33,24.0,True,0.84346,0.90537,0.90498,0.06191,0.06153,0.00039
B0018,24C_2.0A,34,24.0,True,,0.90084,0.90046,,,0.00039
B0018,24C_2.0A,35,24.0,True,0.82096,0.89597,0.89557,0.07501,0.07461,0.0004
B0018,24C_2.0A,36,24.0,True,0.80798,0.89083,0.89035,0.08285,0.08237,0.00048
B0018,24C_2.0A,37,24.0,True,0.79741,0.88478,0.88435,0.08737,0.08694,0.00043
B0018,24C_2.0A,38,24.0,True,0.79327,0.8818,0.88134,0.08853,0.08807,0.00045
B0018,24C_2.0A,39,24.0,True,0.78714,0.87737,0.8769,0.09023,0.08976,0.00046
B0018,24C_2.0A,40,24.0,True,0.84326,0.91109,0.91068,0.06783,0.06742,0.00041
B0018,24C_2.0A,41,24.0,True,0.82129,0.89655,0.89611,0.07526,0.07482,0.00044
B0018,24C_2.0A,42,24.0,True,0.80171,0.88736,0.88689,0.08564,0.08518,0.00046
B0018,24C_2.0A,43,24.0,True,1.06949,0.87868,0.87819,0.19081,0.19129,0.00048
B0018,24C_2.0A,44,24.0,True,0.77173,0.87568,0.87517,0.10395,0.10344,0.00051
B0018,24C_2.0A,45,24.0,True,0.9282,0.86729,0.86678,0.06091,0.06142,0.00051
B0018,24C_2.0A,46,24.0,True,0.94034,0.93863,0.93831,0.00171,0.00203,0.00032
B0018,24C_2.0A,47,24.0,True,0.92245,0.93312,0.93279,0.01067,0.01034,0.00033
B0018,24C_2.0A,48,24.0,True,0.89931,0.92184,0.92149,0.02253,0.02218,0.00035
B0018,24C_2.0A,49,24.0,True,0.87914,0.91203,0.91164,0.0329,0.0325,0.0004
B0018,24C_2.0A,50,24.0,True,0.86259,0.90273,0.90232,0.04014,0.03973,0.00041
B0018,24C_2.0A,51,24.0,True,0.86981,0.90585,0.90545,0.03604,0.03564,0.0004
B0018,24C_2.0A,52,24.0,True,0.85106,0.89521,0.89479,0.04415,0.04373,0.00043
B0018,24C_2.0A,53,24.0,True,0.8283,0.88376,0.88331,0.05546,0.05502,0.00045
B0018,24C_2.0A,54,24.0,True,0.81363,0.87636,0.87589,0.06273,0.06226,0.00047
B0018,24C_2.0A,55,24.0,True,0.80049,0.87287,0.87239,0.07238,0.0719,0.00048
B0018,24C_2.0A,56,24.0,True,0.85823,0.90979,0.9093,0.05156,0.05107,0.00049
B0018,24C_2.0A,57,24.0,True,0.83732,0.89173,0.89126,0.05441,0.05394,0.00047
B0018,24C_2.0A,58,24.0,True,0.81246,0.87696,0.87648,0.0645,0.06402,0.00049
B0018,24C_2.0A,59,24.0,True,0.79298,0.86546,0.86494,0.07248,0.07196,0.00051
B0018,24C_2.0A,60,24.0,True,0.77648,0.86247,0.86195,0.08599,0.08548,0.00052
B0018,24C_2.0A,61,24.0,True,0.76593,0.85892,0.85839,0.09299,0.09246,0.00053
B0018,24C_2.0A,62,24.0,True,0.7557,0.85028,0.84973,0.09458,0.09403,0.00055
B0018,24C_2.0A,63,24.0,True,0.74417,0.84563,0.84507,0.10146,0.10089,0.00056
B0018,24C_2.0A,64,24.0,True,0.73329,0.83725,0.83667,0.10396,0.10338,0.00058
B0018,24C_2.0A,65,24.0,True,0.72311,0.83288,0.83228,0.10977,0.10918,0.00059
B0018,24C_2.0A,66,24.0,True,0.71616,0.83258,0.83197,0.11642,0.11581,0.00061
B0018,24C_2.0A,67,24.0,True,0.76539,0.82749,0.82687,0.0621,0.06148,0.00063
B0018,24C_2.0A,68,24.0,True,0.69236,0.81894,0.81829,0.12659,0.12593,0.00065
B0018,24C_2.0A,69,24.0,True,0.68624,0.81617,0.81552,0.12992,0.12928,0.00065
B0018,24C_2.0A,70,24.0,True,0.67987,0.81341,0.81275,0.13354,0.13288,0.00066
B0018,24C_2.0A,71,24.0,True,0.72073,0.83356,0.83294,0.11284,0.11221,0.00063
B0018,24C_2.0A,72,24.0,True,0.70617,0.82836,0.82772,0.12219,0.12155,0.00064
B0018,24C_2.0A,73,24.0,True,0.69023,0.81604,0.81538,0.12581,0.12515,0.00066
B0018,24C_2.0A,74,24.0,True,0.67882,0.81127,0.81059,0.13245,0.13177,0.00068
B0018,24C_2.0A,75,24.0,True,0.66816,0.80633,0.80564,0.13817,0.13748,0.00069
B0018,24C_2.0A,76,24.0,True,0.66526,0.80492,0.80423,0.13966,0.13896,0.00069
B0018,24C_2.0A,77,24.0,True,0.65533,0.80099,0.80028,0.14566,0.14494,0.00072
B0018,24C_2.0A,78,24.0,True,0.65256,0.79801,0.79728,0.14545,0.14472,0.00073
B0018,24C_2.0A,79,24.0,True,0.64237,0.79261,0.79188,0.15025,0.14951,0.00074
B0018,24C_2.0A,80,24.0,True,0.6315,0.78705,0.78631,0.15556,0.15481,0.00075
B0018,24C_2.0A,81,24.0,True,0.62806,0.78973,0.78897,0.16166,0.16091,0.00075
B0018,24C_2.0A,82,24.0,True,0.81353,0.78416,0.78339,0.02937,0.03013,0.00076
B0018,24C_2.0A,83,24.0,True,0.78217,0.78238,0.78161,0.00021,0.00057,0.00077
B0018,24C_2.0A,84,24.0,True,0.61575,0.77661,0.77583,0.16085,0.16007,0.00078
B0018,24C_2.0A,85,24.0,True,0.60574,0.77457,0.77377,0.16883,0.16804,0.0008
B0018,24C_2.0A,86,24.0,True,0.65341,0.79898,0.79823,0.14557,0.14482,0.00075
B0018,24C_2.0A,87,24.0,True,0.63899,0.78962,0.78885,0.15063,0.14986,0.00077
B0018,24C_2.0A,88,24.0,True,0.62189,0.78432,0.78352,0.16243,0.16163,0.00079
B0018,24C_2.0A,89,24.0,True,0.60904,0.77646,0.77565,0.16742,0.16661,0.00081
B0018,24C_2.0A,90,24.0,True,0.59422,0.76944,0.76861,0.17522,0.17439,0.00083
B0018,24C_2.0A,91,24.0,True,0.62818,0.7907,0.7899,0.16252,0.16172,0.00081
B0018,24C_2.0A,92,24.0,True,0.98925,0.77643,0.77561,0.21282,0.21364,0.00082
B0018,24C_2.0A,93,24.0,True,0.60575,0.77174,0.77091,0.16599,0.16516,0.00083
B0018,24C_2.0A,94,24.0,True,0.59772,0.76949,0.76864,0.17177,0.17092,0.00085
B0018,24C_2.0A,95,24.0,True,0.58824,0.76412,0.76327,0.17588,0.17503,0.00085
B0018,24C_2.0A,96,24.0,True,0.5878,0.76563,0.76477,0.17782,0.17697,0.00086
B0018,24C_2.0A,97,24.0,True,0.57872,0.75932,0.75846,0.18061,0.17974,0.00086
B0018,24C_2.0A,98,24.0,True,0.57232,0.75754,0.75666,0.18522,0.18434,0.00088
B0018,24C_2.0A,99,24.0,True,0.56867,0.75525,0.75436,0.18658,0.18569,0.00089
B0018,24C_2.0A,100,24.0,True,0.56368,0.74938,0.74846,0.1857,0.18478,0.00093
B0018,24C_2.0A,101,24.0,True,0.56211,0.75283,0.75192,0.19072,0.18981,0.00091
B0018,24C_2.0A,102,24.0,True,0.848,0.7449,0.74398,0.10309,0.10402,0.00092
B0018,24C_2.0A,103,24.0,True,0.60097,0.74655,0.74563,0.14557,0.14466,0.00091
B0018,24C_2.0A,104,24.0,True,0.54921,0.74361,0.74269,0.1944,0.19348,0.00092
B0018,24C_2.0A,105,24.0,True,0.54336,0.7375,0.73657,0.19414,0.19321,0.00093
B0018,24C_2.0A,106,24.0,True,0.65189,0.79388,0.79303,0.14199,0.14114,0.00085
B0018,24C_2.0A,107,24.0,True,0.79102,0.78827,0.78741,0.00275,0.00361,0.00086
B0018,24C_2.0A,108,24.0,True,0.63632,0.78177,0.78088,0.14544,0.14456,0.00089
B0018,24C_2.0A,109,24.0,True,0.62095,0.77646,0.77544,0.1555,0.15448,0.00102
B0018,24C_2.0A,110,24.0,True,0.90474,0.76907,0.76815,0.13567,0.13659,0.00092
B0018,24C_2.0A,111,24.0,True,0.59144,0.76858,0.76756,0.17715,0.17612,0.00103
B0018,24C_2.0A,112,24.0,True,0.58436,0.76045,0.75952,0.17609,0.17516,0.00093
B0018,24C_2.0A,113,24.0,True,0.93222,0.7585,0.75755,0.17372,0.17467,0.00094
B0018,24C_2.0A,114,24.0,True,0.58398,0.75562,0.75469,0.17164,0.17071,0.00094
B0018,24C_2.0A,115,24.0,True,0.56977,0.75344,0.75249,0.18367,0.18272,0.00095
B0018,24C_2.0A,116,24.0,True,0.56517,0.75463,0.75366,0.18945,0.18849,0.00097
B0018,24C_2.0A,117,24.0,True,0.55232,0.74809,0.74711,0.19577,0.19479,0.00098
B0018,24C_2.0A,118,24.0,True,0.54362,0.74185,0.74085,0.19823,0.19723,0.001
B0018,24C_2.0A,119,24.0,True,0.53804,0.73874,0.73774,0.2007,0.19969,0.001
B0018,24C_2.0A,120,24.0,True,0.5285,0.73181,0.73075,0.20331,0.20226,0.00105
B0018,24C_2.0A,121,24.0,True,0.6034,0.77563,0.77468,0.17222,0.17127,0.00095
B0018,24C_2.0A,122,24.0,True,0.59496,0.76454,0.76357,0.16958,0.16861,0.00097
B0018,24C_2.0A,123,24.0,True,0.58629,0.7575,0.75652,0.1712,0.17022,0.00098
B0018,24C_2.0A,124,24.0,True,0.57314,0.75465,0.75366,0.18151,0.18052,0.00099
B0018,24C_2.0A,125,24.0,True,0.56351,0.74483,0.74381,0.18132,0.1803,0.00102
B0018,24C_2.0A,126,24.0,True,0.8378,0.75,0.74899,0.0878,0.08881,0.00101
B0018,24C_2.0A,127,24.0,True,0.55994,0.744,0.74298,0.18406,0.18304,0.00102
B0018,24C_2.0A,128,24.0,True,0.55943,0.74078,0.73975,0.18135,0.18032,0.00103
B0018,24C_2.0A,129,24.0,True,0.5544,0.74114,0.7401,0.18674,0.1857,0.00104
B0018,24C_2.0A,130,24.0,True,0.54126,0.73487,0.73382,0.19361,0.19256,0.00104
B0018,24C_2.0A,131,24.0,True,0.54028,0.73646,0.7354,0.19618,0.19513,0.00106
B0018,24C_2.0A,132,24.0,True,0.52964,0.72899,0.72792,0.19935,0.19828,0.00107
B0025,24C_4.0A,1,24.0,True,,0.99995,0.99998,,,-4e-05
B0025,24C_4.0A,2,24.0,True,1.0311,1.00079,1.0008,0.03032,0.03031,-1e-05
B0025,24C_4.0A,3,24.0,True,1.0,1.0,1.0,0.0,0.0,0.0
B0025,24C_4.0A,4,24.0,True,0.97737,1.00101,1.00099,0.02364,0.02362,2e-05
B0025,24C_4.0A,5,24.0,True,0.96825,0.99453,0.99446,0.02629,0.02622,7e-05
B0025,24C_4.0A,6,24.0,True,0.92753,0.984,0.98388,0.05647,0.05635,0.00012
B0025,24C_4.0A,7,24.0,True,0.92034,0.99608,0.99594,0.07574,0.07561,0.00013
B0025,24C_4.0A,8,24.0,True,0.90631,0.99781,0.99769,0.0915,0.09138,0.00012
B0025,24C_4.0A,9,24.0,True,0.89831,0.99625,0.9961,0.09794,0.09779,0.00015
B0025,24C_4.0A,10,24.0,True,0.88786,0.98972,0.98955,0.10186,0.10168,0.00018
B0025,24C_4.0A,11,24.0,True,0.87506,0.98822,0.98804,0.11316,0.11298,0.00018
B0025,24C_4.0A,12,24.0,True,0.86348,0.98609,0.98586,0.12261,0.12239,0.00023
B0025,24C_4.0A,13,24.0,True,0.85476,0.99091,0.99068,0.13615,0.13593,0.00022
B0025,24C_4.0A,14,24.0,True,0.84981,0.984,0.98372,0.13419,0.13391,0.00028
B0025,24C_4.0A,15,24.0,True,0.85105,0.9804,0.98011,0.12935,0.12906,0.00029
B0025,24C_4.0A,16,24.0,True,0.84308,0.97899,0.97868,0.13591,0.1356,0.00031
B0025,24C_4.0A,17,24.0,True,0.84334,0.9706,0.97024,0.12726,0.1269,0.00035
B0025,24C_4.0A,18,24.0,True,0.82807,0.9813,0.98089,0.15322,0.15282,0.0004
B0025,24C_4.0A,19,24.0,True,0.83977,0.9787,0.97834,0.13893,0.13857,0.00036
B0025,24C_4.0A,20,24.0,True,0.83776,0.9771,0.97671,0.13934,0.13895,0.00039
B0025,24C_4.0A,21,24.0,True,0.83627,0.97479,0.97438,0.13852,0.13811,0.00041
B0025,24C_4.0A,22,24.0,True,0.83699,0.97137,0.97096,0.13438,0.13397,0.00041
B0025,24C_4.0A,23,24.0,True,0.8335,0.97851,0.97808,0.14501,0.14458,0.00042
B0025,24C_4.0A,24,24.0,True,0.64282,0.96922,0.96874,0.32639,0.32592,0.00047
B0025,24C_4.0A,25,24.0,True,0.83376,0.9724,0.97192,0.13863,0.13816,0.00048
B0025,24C_4.0A,26,24.0,True,0.82897,0.96974,0.96923,0.14077,0.14026,0.00052
B0025,24C_4.0A,27,24.0,True,0.83301,0.96663,0.96614,0.13362,0.13313,0.0005
B0025,24C_4.0A,28,24.0,True,0.85181,0.95706,0.95651,0.10524,0.10469,0.00055
B0026,24C_4.0A,1,24.0,True,,0.99943,0.99951,,,-8e-05
B0026,24C_4.0A,2,24.0,True,1.0,1.00038,1.00044,0.00038,0.00044,-6e-05
B0026,24C_4.0A,3,24.0,True,,0.99958,0.99963,,,-4e-05
B0026,24C_4.0A,4,24.0,True,,1.00047,1.0005,,,-2e-05
B0026,24C_4.0A,5,24.0,True,,1.0,1.0,,,0.0
B0026,24C_4.0A,6,24.0,True,,0.76412,0.76334,,,0.00078
B0026,24C_4.0A,7,24.0,True,,1.00123,1.00117,,,6e-05
B0026,24C_4.0A,8,24.0,True,1.09344,0.99684,0.99677,0.0966,0.09667,7e-05
B0026,24C_4.0A,9,24.0,True,1.08399,0.99484,0.99473,0.08914,0.08925,0.00011
B0026,24C_4.0A,10,24.0,True,1.06952,0.99484,0.99473,0.07468,0.07479,0.00011
B0026,24C_4.0A,11,24.0,True,1.0878,0.94675,0.94647,0.14105,0.14132,0.00028
B0026,24C_4.0A,12,24.0,True,1.04124,0.99753,0.99738,0.04372,0.04386,0.00014
B0026,24C_4.0A,13,24.0,True,1.03082,0.99574,0.99558,0.03508,0.03525,0.00016
B0026,24C_4.0A,14,24.0,True,1.09378,0.98871,0.98849,0.10506,0.10528,0.00022
B0026,24C_4.0A,15,24.0,True,1.01935,0.99174,0.99153,0.02761,0.02781,0.00021
B0026,24C_4.0A,16,24.0,True,1.01234,0.98343,0.98317,0.02891,0.02917,0.00026
B0026,24C_4.0A,17,24.0,True,0.83905,0.92702,0.92657,0.08797,0.08752,0.00045
B0026,24C_4.0A,18,24.0,True,,0.99254,0.99221,,,0.00032
B0026,24C_4.0A,19,24.0,True,1.01348,0.9899,0.98963,0.02357,0.02385,0.00028
B0026,24C_4.0A,20,24.0,True,1.00909,0.98832,0.98801,0.02077,0.02108,0.00031
B0026,24C_4.0A,21,24.0,True,1.00347,0.99269,0.99238,0.01078,0.01109,0.00031
B0026,24C_4.0A,22,24.0,True,,0.98245,0.98213,,,0.00033
B0026,24C_4.0A,23,24.0,True,0.99849,0.98988,0.98953,0.00861,0.00895,0.00035
B0026,24C_4.0A,24,24.0,True,0.99361,0.98017,0.97977,0.01344,0.01384,0.0004
B0026,24C_4.0A,25,24.0,True,0.99731,0.97654,0.97611,0.02078,0.0212,0.00042
B0026,24C_4.0A,26,24.0,True,0.98977,0.98059,0.98015,0.00918,0.00962,0.00044
B0026,24C_4.0A,27,24.0,True,0.98684,0.97742,0.97699,0.00942,0.00984,0.00043
B0026,24C_4.0A,28,24.0,True,1.03106,0.9749,0.97444,0.05615,0.05661,0.00046
B0027,24C_4.0A,1,24.0,True,0.76046,1.005,1.00505,0.24454,0.24459,-5e-05
B0027,24C_4.0A,2,24.0,True,,1.0,1.0,,,0.0
B0027,24C_4.0A,3,24.0,True,1.0,0.99924,0.99923,0.00076,0.00077,1e-05
B0027,24C_4.0A,4,24.0,True,1.05838,1.0001,1.00007,0.05827,0.05831,3e-05
B0027,24C_4.0A,5,24.0,True,1.07218,0.99921,0.99915,0.07297,0.07303,6e-05
B0027,24C_4.0A,6,24.0,True,,0.98918,0.98907,,,0.0001
B0027,24C_4.0A,7,24.0,True,0.90215,1.00126,1.00114,0.09911,0.09899,0.00012
B0027,24C_4.0A,8,24.0,True,0.98399,1.00308,1.00298,0.01909,0.01898,0.00011
B0027,24C_4.0A,9,24.0,True,1.02448,1.00151,1.00137,0.02297,0.02311,0.00014
B0027,24C_4.0A,10,24.0,True,1.03132,0.99478,0.99461,0.03654,0.03671,0.00017
B0027,24C_4.0A,11,24.0,True,0.65492,0.99335,0.99318,0.33843,0.33826,0.00018
B0027,24C_4.0A,12,24.0,True,1.02846,0.99769,0.9975,0.03077,0.03096,0.0002
B0027,24C_4.0A,13,24.0,True,,1.00271,1.00252,,,0.0002
B0027,24C_4.0A,14,24.0,True,0.98277,0.99565,0.9954,0.01288,0.01264,0.00025
B0027,24C_4.0A,15,24.0,True,0.98616,0.99877,0.99853,0.01261,0.01237,0.00024
B0027,24C_4.0A,16,24.0,True,0.98017,0.99724,0.99698,0.01708,0.01681,0.00027
B0027,24C_4.0A,17,24.0,True,0.93472,0.98227,0.98195,0.04755,0.04722,0.00032
B0027,24C_4.0A,18,24.0,True,0.9565,1.00017,0.99982,0.04368,0.04332,0.00035
B0027,24C_4.0A,19,24.0,True,0.93652,0.9972,0.99688,0.06068,0.06037,0.00031
B0027,24C_4.0A,20,24.0,True,0.95553,0.99576,0.99542,0.04023,0.03989,0.00034
B0027,24C_4.0A,21,24.0,True,0.87568,0.99348,0.99312,0.11779,0.11744,0.00036
B0027,24C_4.0A,22,24.0,True,0.97277,0.99019,0.98983,0.01741,0.01705,0.00036
B0027,24C_4.0A,23,24.0,True,0.98211,0.997,0.99663,0.01489,0.01452,0.00037
B0027,24C_4.0A,24,24.0,True,0.99059,0.9875,0.98707,0.00309,0.00352,0.00043
B0027,24C_4.0A,25,24.0,True,,0.98407,0.98362,,,0.00045
B0027,24C_4.0A,26,24.0,True,0.9873,0.98841,0.98794,0.00111,0.00065,0.00046
B0027,24C_4.0A,27,24.0,True,0.98846,0.98516,0.98471,0.00331,0.00375,0.00044
B0027,24C_4.0A,28,24.0,True,1.02157,0.97567,0.97517,0.0459,0.0464,0.0005
B0028,24C_2.0A,1,24.0,True,1.0,1.00393,1.00396,0.00393,0.00396,-3e-05
B0028,24C_2.0A,2,24.0,True,0.6042,1.00399,1.004,0.39979,0.3998,-1e-05
B0028,24C_2.0A,3,24.0,True,1.03735,1.0,1.0,0.03735,0.03735,0.0
B0028,24C_2.0A,4,24.0,True,0.65909,0.99743,0.99741,0.33833,0.33831,2e-05
B0028,24C_2.0A,5,24.0,True,,0.99683,0.9968,,,2e-05
B0028,24C_2.0A,6,24.0,True,,0.98743,0.98737,,,6e-05
B0028,24C_2.0A,7,24.0,True,1.00171,0.9969,0.99684,0.00481,0.00487,6e-05
B0028,24C_2.0A,8,24.0,True,,0.99603,0.99597,,,6e-05
B0028,24C_2.0A,9,24.0,True,1.00773,0.994,0.99393,0.01373,0.0138,8e-05
B0028,24C_2.0A,10,24.0,True,0.71222,0.99418,0.9941,0.28196,0.28188,8e-05
B0028,24C_2.0A,11,24.0,True,0.71476,0.99111,0.99102,0.27635,0.27626,9e-05
B0028,24C_2.0A,12,24.0,True,0.71351,0.99299,0.9929,0.27949,0.27939,0.0001
B0028,24C_2.0A,13,24.0,True,,0.99041,0.9903,,,0.00011
B0028,24C_2.0A,14,24.0,True,0.76767,0.98959,0.98946,0.22192,0.22179,0.00013
B0028,24C_2.0A,15,24.0,True,0.69422,0.98677,0.98664,0.29255,0.29242,0.00013
B0028,24C_2.0A,16,24.0,True,0.95464,0.98446,0.98431,0.02982,0.02967,0.00015
B0028,24C_2.0A,17,24.0,True,0.7396,0.96844,0.96826,0.22884,0.22866,0.00017
B0028,24C_2.0A,18,24.0,True,,0.98175,0.98156,,,0.0002
B0028,24C_2.0A,19,24.0,True,1.00071,0.98007,0.97989,0.02064,0.02082,0.00018
B0028,24C_2.0A,20,24.0,True,0.70838,0.9778,0.9776,0.26942,0.26922,0.00019
B0028,24C_2.0A,21,24.0,True,0.69635,0.97459,0.97439,0.27824,0.27804,0.0002
B0028,24C_2.0A,22,24.0,True,0.69341,0.97469,0.97449,0.28129,0.28109,0.0002
B0028,24C_2.0A,23,24.0,True,1.01084,0.97895,0.97874,0.0319,0.03211,0.00021
B0028,24C_2.0A,24,24.0,True,0.80329,0.97257,0.97233,0.16927,0.16904,0.00023
B0028,24C_2.0A,25,24.0,True,,0.96859,0.96835,,,0.00024
B0028,24C_2.0A,26,24.0,True,0.67129,0.96594,0.96567,0.29465,0.29438,0.00026
B0028,24C_2.0A,27,24.0,True,0.66538,0.96603,0.96578,0.30065,0.3004,0.00025
B0028,24C_2.0A,28,24.0,True,0.8442,0.95528,0.955,0.11108,0.11079,0.00029
B0029,43C_4.0A,1,43.0,True,1.02876,0.93488,0.93473,0.09388,0.09403,0.00015
B0029,43C_4.0A,2,43.0,True,1.01419,1.01594,1.01603,0.00175,0.00184,-9e-05
B0029,43C_4.0A,3,43.0,True,1.0,1.00534,1.00535,0.00534,0.00535,-2e-05
B0029,43C_4.0A,4,43.0,True,0.9929,1.0,1.0,0.0071,0.0071,0.0
B0029,43C_4.0A,5,43.0,True,0.98706,0.99865,0.99862,0.01159,0.01156,3e-05
B0029,43C_4.0A,6,43.0,True,1.0039,0.99968,0.99965,0.00422,0.00425,3e-05
B0029,43C_4.0A,7,43.0,True,0.99224,0.99922,0.99917,0.00698,0.00693,5e-05
B0029,43C_4.0A,8,43.0,True,0.984,0.99207,0.99197,0.00807,0.00797,0.0001
B0029,43C_4.0A,9,43.0,True,0.97644,0.9848,0.98465,0.00836,0.0082,0.00015
B0029,43C_4.0A,10,43.0,True,0.97007,0.97815,0.97798,0.00808,0.00792,0.00016
B0029,43C_4.0A,11,43.0,True,0.98132,0.98322,0.98304,0.0019,0.00173,0.00017
B0029,43C_4.0A,12,43.0,True,0.96977,0.9747,0.97448,0.00493,0.00471,0.00022
B0029,43C_4.0A,13,43.0,True,0.96155,0.96738,0.96715,0.00583,0.0056,0.00023
B0029,43C_4.0A,14,43.0,True,0.9555,0.96618,0.96592,0.01068,0.01042,0.00026
B0029,43C_4.0A,15,43.0,True,0.95031,0.95789,0.95758,0.00758,0.00726,0.00031
B0029,43C_4.0A,16,43.0,True,0.98088,0.98019,0.97991,0.00069,0.00097,0.00028
B0029,43C_4.0A,17,43.0,True,0.96267,0.97244,0.97216,0.00977,0.00949,0.00028
B0029,43C_4.0A,18,43.0,True,0.95149,0.96511,0.96477,0.01361,0.01327,0.00034
B0029,43C_4.0A,19,43.0,True,0.94243,0.95719,0.95685,0.01476,0.01442,0.00034
B0029,43C_4.0A,20,43.0,True,0.93771,0.95345,0.95306,0.01574,0.01536,0.00038
B0029,43C_4.0A,21,43.0,True,0.94918,0.95713,0.95675,0.00796,0.00757,0.00039
B0029,43C_4.0A,22,43.0,True,0.93503,0.9486,0.94817,0.01358,0.01314,0.00043
B0029,43C_4.0A,23,43.0,True,0.92974,0.9464,0.94596,0.01665,0.01622,0.00043
B0029,43C_4.0A,24,43.0,True,0.92089,0.93681,0.93633,0.01592,0.01543,0.00049
B0029,43C_4.0A,25,43.0,True,0.91322,0.93278,0.93224,0.01957,0.01902,0.00055
B0029,43C_4.0A,26,43.0,True,0.92862,0.94345,0.94295,0.01483,0.01433,0.0005
B0029,43C_4.0A,27,43.0,True,0.91718,0.93498,0.93444,0.0178,0.01726,0.00054
B0029,43C_4.0A,28,43.0,True,0.90654,0.93071,0.93014,0.02417,0.0236,0.00057
B0029,43C_4.0A,29,43.0,True,0.90075,0.928,0.92744,0.02726,0.02669,0.00057
B0029,43C_4.0A,30,43.0,True,0.89634,0.92435,0.92374,0.02801,0.0274,0.00061
B0029,43C_4.0A,31,43.0,True,0.89466,0.92182,0.9212,0.02716,0.02654,0.00062
B0029,43C_4.0A,32,43.0,True,0.88397,0.91906,0.9184,0.0351,0.03444,0.00066
B0029,43C_4.0A,33,43.0,True,0.87549,0.90831,0.9076,0.03281,0.03211,0.00071
B0029,43C_4.0A,34,43.0,True,0.8714,0.90374,0.90302,0.03234,0.03162,0.00072
B0029,43C_4.0A,35,43.0,True,0.86833,0.90631,0.90559,0.03798,0.03726,0.00072
B0029,43C_4.0A,36,43.0,True,0.87752,0.91122,0.9105,0.0337,0.03299,0.00072
B0029,43C_4.0A,37,43.0,True,0.86575,0.90658,0.90582,0.04083,0.04007,0.00076
B0029,43C_4.0A,38,43.0,True,0.86174,0.89633,0.89555,0.03459,0.0338,0.00078
B0029,43C_4.0A,39,43.0,True,0.85458,0.89222,0.89142,0.03764,0.03684,0.0008
B0029,43C_4.0A,40,43.0,True,0.84579,0.88783,0.88698,0.04204,0.04119,0.00085
B0030,43C_4.0A,1,43.0,True,1.03189,0.94538,0.94526,0.08651,0.08662,0.00011
B0030,43C_4.0A,2,43.0,True,1.01624,1.01701,1.01711,0.00077,0.00087,-0.0001
B0030,43C_4.0A,3,43.0,True,1.0,1.00583,1.00585,0.00583,0.00585,-2e-05
B0030,43C_4.0A,4,43.0,True,0.99148,1.0,1.0,0.00852,0.00852,0.0
B0030,43C_4.0A,5,43.0,True,0.98402,0.99224,0.9922,0.00823,0.00818,4e-05
B0030,43C_4.0A,6,43.0,True,1.00759,0.99938,0.99936,0.00821,0.00823,2e-05
B0030,43C_4.0A,7,43.0,True,0.99666,0.99849,0.99843,0.00183,0.00177,5e-05
B0030,43C_4.0A,8,43.0,True,0.98244,0.98487,0.98475,0.00243,0.00231,0.00012
B0030,43C_4.0A,9,43.0,True,0.97307,0.97688,0.9767,0.00381,0.00363,0.00018
B0030,43C_4.0A,10,43.0,True,0.96608,0.96991,0.96972,0.00383,0.00364,0.00019
B0030,43C_4.0A,11,43.0,True,0.97886,0.98106,0.98088,0.0022,0.00202,0.00018
B0030,43C_4.0A,12,43.0,True,0.96851,0.97231,0.97208,0.0038,0.00357,0.00023
B0030,43C_4.0A,13,43.0,True,0.9591,0.96444,0.96418,0.00534,0.00509,0.00025
B0030,43C_4.0A,14,43.0,True,0.95176,0.95653,0.95624,0.00478,0.00448,0.00029
B0030,43C_4.0A,15,43.0,True,0.94533,0.95438,0.95405,0.00905,0.00871,0.00033
B0030,43C_4.0A,16,43.0,True,0.98906,0.98376,0.98349,0.0053,0.00557,0.00027
B0030,43C_4.0A,17,43.0,True,,0.97571,0.97543,,,0.00028
B0030,43C_4.0A,18,43.0,True,0.95623,0.96132,0.96096,0.00509,0.00473,0.00036
B0030,43C_4.0A,19,43.0,True,0.9456,0.95275,0.95238,0.00715,0.00678,0.00037
B0030,43C_4.0A,20,43.0,True,0.93959,0.9488,0.94839,0.00921,0.00879,0.00042
B0030,43C_4.0A,21,43.0,True,0.94657,0.95259,0.95217,0.00602,0.0056,0.00042
B0030,43C_4.0A,22,43.0,True,0.93536,0.94349,0.94303,0.00813,0.00767,0.00046
B0030,43C_4.0A,23,43.0,True,0.92606,0.94105,0.94058,0.01499,0.01452,0.00046
B0030,43C_4.0A,24,43.0,True,0.91795,0.93092,0.93039,0.01296,0.01244,0.00053
B0030,43C_4.0A,25,43.0,True,0.91275,0.92663,0.92605,0.01389,0.01331,0.00058
B0030,43C_4.0A,26,43.0,True,0.92714,0.9443,0.94379,0.01717,0.01666,0.00051
B0030,43C_4.0A,27,43.0,True,0.91767,0.93536,0.93479,0.01769,0.01712,0.00057
B0030,43C_4.0A,28,43.0,True,0.90956,0.92413,0.92352,0.01457,0.01397,0.00061
B0030,43C_4.0A,29,43.0,True,0.90079,0.92103,0.92043,0.02024,0.01963,0.00061
B0030,43C_4.0A,30,43.0,True,0.89503,0.91716,0.91651,0.02213,0.02148,0.00065
B0030,43C_4.0A,31,43.0,True,0.89892,0.92127,0.92063,0.02235,0.02171,0.00064
B0030,43C_4.0A,32,43.0,True,0.89253,0.91127,0.91057,0.01875,0.01804,0.0007
B0030,43C_4.0A,33,43.0,True,0.88433,0.90714,0.90641,0.0228,0.02207,0.00073
B0030,43C_4.0A,34,43.0,True,0.87956,0.90227,0.90151,0.02271,0.02195,0.00075
B0030,43C_4.0A,35,43.0,True,0.87456,0.90459,0.90384,0.03002,0.02928,0.00075
B0030,43C_4.0A,36,43.0,True,0.88859,0.90975,0.90901,0.02117,0.02042,0.00075
B0030,43C_4.0A,37,43.0,True,0.87747,0.9048,0.90401,0.02732,0.02654,0.00079
B0030,43C_4.0A,38,43.0,True,0.87227,0.90121,0.90042,0.02894,0.02815,0.00079
B0030,43C_4.0A,39,43.0,True,0.86581,0.89665,0.89583,0.03084,0.03003,0.00081
B0030,43C_4.0A,40,43.0,True,0.86169,0.89212,0.89126,0.03043,0.02957,0.00086
B0031,43C_4.0A,1,43.0,True,1.0158,0.92365,0.92347,0.09214,0.09232,0.00018
B0031,43C_4.0A,2,43.0,True,1.00775,1.01575,1.01584,0.008,0.00809,-9e-05
B0031,43C_4.0A,3,43.0,True,1.0,1.00529,1.00531,0.00529,0.00531,-2e-05
B0031,43C_4.0A,4,43.0,True,0.99442,1.0,1.0,0.00558,0.00558,0.0
B0031,43C_4.0A,5,43.0,True,0.99175,0.99873,0.9987,0.00699,0.00696,3e-05
B0031,43C_4.0A,6,43.0,True,0.99873,0.98178,0.9817,0.01695,0.01703,8e-05
B0031,43C_4.0A,7,43.0,True,1.00149,1.00529,1.00526,0.0038,0.00377,3e-05
B0031,43C_4.0A,8,43.0,True,0.99329,0.99828,0.99819,0.00499,0.00491,8e-05
B0031,43C_4.0A,9,43.0,True,0.98869,0.9911,0.99096,0.00241,0.00227,0.00013
B0031,43C_4.0A,10,43.0,True,0.98415,0.98454,0.9844,0.00039,0.00025,0.00014
B0031,43C_4.0A,11,43.0,True,0.9937,0.98957,0.98942,0.00413,0.00429,0.00016
B0031,43C_4.0A,12,43.0,True,0.98773,0.98721,0.98703,0.00052,0.00069,0.00018
B0031,43C_4.0A,13,43.0,True,0.97964,0.98008,0.97988,0.00044,0.00025,0.00019
B0031,43C_4.0A,14,43.0,True,0.97403,0.97898,0.97876,0.00495,0.00473,0.00022
B0031,43C_4.0A,15,43.0,True,0.96971,0.9708,0.97052,0.00108,0.00081,0.00027
B0031,43C_4.0A,16,43.0,True,0.98495,0.96165,0.96132,0.02331,0.02363,0.00033
B0031,43C_4.0A,17,43.0,True,0.98622,0.9855,0.98526,0.00072,0.00096,0.00024
B0031,43C_4.0A,18,43.0,True,0.97693,0.97814,0.97784,0.0012,0.0009,0.0003
B0031,43C_4.0A,19,43.0,True,0.97031,0.97681,0.97653,0.0065,0.00622,0.00028
B0031,43C_4.0A,20,43.0,True,0.9652,0.96668,0.96634,0.00148,0.00114,0.00034
B0031,43C_4.0A,21,43.0,True,0.97544,0.97694,0.97662,0.0015,0.00118,0.00032
B0031,43C_4.0A,22,43.0,True,0.96688,0.96864,0.96827,0.00176,0.00139,0.00037
B0031,43C_4.0A,23,43.0,True,0.96004,0.96657,0.96621,0.00653,0.00617,0.00036
B0031,43C_4.0A,24,43.0,True,0.95368,0.957,0.95658,0.00332,0.0029,0.00042
B0031,43C_4.0A,25,43.0,True,0.95006,0.95338,0.95291,0.00331,0.00284,0.00047
B0031,43C_4.0A,26,43.0,True,0.96579,0.96397,0.96353,0.00182,0.00226,0.00044
B0031,43C_4.0A,27,43.0,True,0.95658,0.96248,0.96203,0.0059,0.00545,0.00045
B0031,43C_4.0A,28,43.0,True,0.94914,0.95152,0.95103,0.00238,0.00189,0.0005
B0031,43C_4.0A,29,43.0,True,0.94183,0.9492,0.94871,0.00737,0.00687,0.0005
B0031,43C_4.0A,30,43.0,True,0.93759,0.94551,0.94497,0.00792,0.00738,0.00054
B0031,43C_4.0A,31,43.0,True,0.94364,0.94973,0.94921,0.00609,0.00557,0.00053
B0031,43C_4.0A,32,43.0,True,0.93661,0.9473,0.94674,0.01069,0.01013,0.00057
B0031,43C_4.0A,33,43.0,True,0.93014,0.93663,0.93601,0.0065,0.00588,0.00062
B0031,43C_4.0A,34,43.0,True,0.92581,0.93918,0.93857,0.01336,0.01276,0.00061
B0031,43C_4.0A,35,43.0,True,0.92182,0.93492,0.9343,0.01311,0.01248,0.00062
B0031,43C_4.0A,36,43.0,True,0.93803,0.93974,0.93912,0.00171,0.00109,0.00062
B0031,43C_4.0A,37,43.0,True,0.92968,0.9353,0.93464,0.00562,0.00497,0.00066
B0031,43C_4.0A,38,43.0,True,0.92304,0.93212,0.93146,0.00909,0.00842,0.00067
B0031,43C_4.0A,39,43.0,True,0.91837,0.92827,0.92759,0.00989,0.00922,0.00068
B0031,43C_4.0A,40,43.0,True,0.91228,0.924,0.92328,0.01172,0.011,0.00072
B0032,43C_4.0A,1,43.0,True,1.0,0.91389,0.91368,0.08611,0.08632,0.00021
B0032,43C_4.0A,2,43.0,True,1.03548,1.0153,1.01538,0.02019,0.0201,-8e-05
B0032,43C_4.0A,3,43.0,True,1.00988,1.00497,1.00499,0.00491,0.00489,-2e-05
B0032,43C_4.0A,4,43.0,True,0.99685,1.0,1.0,0.00315,0.00315,0.0
B0032,43C_4.0A,5,43.0,True,0.98632,0.99316,0.99312,0.00684,0.0068,4e-05
B0032,43C_4.0A,6,43.0,True,0.96346,0.98857,0.98851,0.02511,0.02505,6e-05
B0032,43C_4.0A,7,43.0,True,0.97271,0.98795,0.98787,0.01524,0.01516,8e-05
B0032,43C_4.0A,8,43.0,True,0.96131,0.98112,0.98099,0.01982,0.01968,0.00013
B0032,43C_4.0A,9,43.0,True,0.95732,0.97421,0.97402,0.01689,0.0167,0.00019
B0032,43C_4.0A,10,43.0,True,0.94982,0.968,0.96781,0.01818,0.01799,0.00019
B0032,43C_4.0A,11,43.0,True,0.94046,0.97292,0.97272,0.03246,0.03225,0.00021
B0032,43C_4.0A,12,43.0,True,0.93723,0.96463,0.96439,0.0274,0.02716,0.00024
B0032,43C_4.0A,13,43.0,True,0.93094,0.95774,0.95748,0.0268,0.02654,0.00026
B0032,43C_4.0A,14,43.0,True,0.92003,0.95072,0.95042,0.03069,0.03039,0.0003
B0032,43C_4.0A,15,43.0,True,0.91651,0.94881,0.94848,0.0323,0.03197,0.00033
B0032,43C_4.0A,16,43.0,True,0.91485,0.96464,0.96433,0.04979,0.04948,0.00031
B0032,43C_4.0A,17,43.0,True,0.91987,0.9632,0.9629,0.04333,0.04303,0.00031
B0032,43C_4.0A,18,43.0,True,0.92098,0.95622,0.95586,0.03525,0.03489,0.00036
B0032,43C_4.0A,19,43.0,True,0.90491,0.94862,0.94826,0.0437,0.04334,0.00036
B0032,43C_4.0A,20,43.0,True,0.89823,0.93878,0.93836,0.04055,0.04013,0.00042
B0032,43C_4.0A,21,43.0,True,0.90197,0.94868,0.94828,0.04671,0.0463,0.0004
B0032,43C_4.0A,22,43.0,True,0.89265,0.94065,0.9402,0.04799,0.04754,0.00045
B0032,43C_4.0A,23,43.0,True,0.88529,0.93215,0.93168,0.04686,0.04639,0.00047
B0032,43C_4.0A,24,43.0,True,0.88069,0.92936,0.92886,0.04867,0.04817,0.0005
B0032,43C_4.0A,25,43.0,True,0.85989,0.91938,0.91881,0.05949,0.05892,0.00057
B0032,43C_4.0A,26,43.0,True,0.87163,0.9361,0.9356,0.06448,0.06397,0.0005
B0032,43C_4.0A,27,43.0,True,0.8648,0.92155,0.92098,0.05676,0.05618,0.00058
B0032,43C_4.0A,28,43.0,True,0.85834,0.9175,0.91691,0.05916,0.05857,0.00058
B0032,43C_4.0A,29,43.0,True,0.83776,0.90866,0.90806,0.0709,0.0703,0.00061
B0032,43C_4.0A,30,43.0,True,0.84962,0.91156,0.91093,0.06194,0.06131,0.00063
B0032,43C_4.0A,31,43.0,True,0.84803,0.91563,0.91501,0.0676,0.06698,0.00062
B0032,43C_4.0A,32,43.0,True,0.84008,0.9067,0.90602,0.06661,0.06594,0.00068
B0032,43C_4.0A,33,43.0,True,0.83282,0.90295,0.90224,0.07013,0.06942,0.00071
B0032,43C_4.0A,34,43.0,True,0.80823,0.89201,0.89128,0.08378,0.08305,0.00073
B0032,43C_4.0A,35,43.0,True,0.81826,0.89447,0.89374,0.07622,0.07548,0.00073
B0032,43C_4.0A,36,43.0,True,0.82128,0.90589,0.90518,0.08461,0.0839,0.00071
B0032,43C_4.0A,37,43.0,True,0.81105,0.8949,0.89413,0.08385,0.08308,0.00077
B0032,43C_4.0A,38,43.0,True,0.81209,0.89168,0.8909,0.07959,0.07882,0.00078
B0032,43C_4.0A,39,43.0,True,0.79835,0.88106,0.88026,0.08271,0.08191,0.0008
B0032,43C_4.0A,40,43.0,True,0.78633,0.87687,0.87602,0.09055,0.08969,0.00085
B0033,24C_4.0A,2,24.0,True,0.56588,0.55036,0.54835,0.01552,0.01753,0.00201
B0033,24C_4.0A,3,24.0,True,0.92073,0.92669,0.92636,0.00596,0.00563,0.00033
B0033,24C_4.0A,4,24.0,True,1.0,1.0,1.0,0.0,0.0,0.0
B0033,24C_4.0A,5,24.0,True,1.03416,1.03989,1.04002,0.00573,0.00587,-0.00013
B0033,24C_4.0A,6,24.0,True,1.05744,1.05502,1.05523,0.00242,0.00221,-0.00021
B0033,24C_4.0A,7,24.0,True,1.03448,1.02836,1.02842,0.00612,0.00606,-6e-05
B0033,24C_4.0A,8,24.0,True,,1.36732,1.36893,,,-0.00161
B0033,24C_4.0A,9,24.0,True,,1.32177,1.3231,,,-0.00133
B0033,24C_4.0A,10,24.0,True,,1.29274,1.29395,,,-0.0012
B0033,24C_4.0A,11,24.0,True,,1.28071,1.28185,,,-0.00114
B0033,24C_4.0A,12,24.0,True,,1.29741,1.2986,,,-0.0012
B0033,24C_4.0A,13,24.0,True,,1.26909,1.2701,,,-0.00101
B0033,24C_4.0A,14,24.0,True,,1.2562,1.25715,,,-0.00095
B0033,24C_4.0A,15,24.0,True,,1.25396,1.25488,,,-0.00092
B0033,24C_4.0A,16,24.0,True,,1.26883,1.26979,,,-0.00096
B0033,24C_4.0A,17,24.0,True,,1.29754,1.29859,,,-0.00106
B0033,24C_4.0A,18,24.0,True,0.62973,1.31878,1.31992,0.68905,0.69019,-0.00114
B0033,24C_4.0A,19,24.0,True,,1.28848,1.28946,,,-0.00098
B0033,24C_4.0A,20,24.0,True,1.04499,1.2666,1.26748,0.22161,0.22249,-0.00088
B0033,24C_4.0A,21,24.0,True,,1.2625,1.26329,,,-0.00079
B0033,24C_4.0A,22,24.0,True,,1.35041,1.35168,,,-0.00127
B0033,24C_4.0A,23,24.0,True,,1.34719,1.34843,,,-0.00124
B0033,24C_4.0A,24,24.0,True,,1.32379,1.32491,,,-0.00113
B0033,24C_4.0A,25,24.0,True,,1.31053,1.31158,,,-0.00105
B0033,24C_4.0A,26,24.0,True,,1.30747,1.30844,,,-0.00097
B0033,24C_4.0A,27,24.0,True,,1.31075,1.31176,,,-0.00101
B0033,24C_4.0A,28,24.0,True,,1.31792,1.31891,,,-0.00099
B0033,24C_4.0A,29,24.0,True,,1.30306,1.30401,,,-0.00095
B0033,24C_4.0A,30,24.0,True,,1.29782,1.29872,,,-0.0009
B0033,24C_4.0A,31,24.0,True,,1.28333,1.28411,,,-0.00078
B0033,24C_4.0A,32,24.0,True,0.76891,1.287,1.28782,0.5181,0.51891,-0.00082
B0033,24C_4.0A,33,24.0,True,,1.29443,1.29524,,,-0.00082
B0033,24C_4.0A,34,24.0,True,,1.28861,1.28938,,,-0.00077
B0033,24C_4.0A,35,24.0,True,,1.27332,1.27396,,,-0.00064
B0033,24C_4.0A,36,24.0,True,,1.2672,1.26783,,,-0.00063
B0033,24C_4.0A,37,24.0,True,,1.26198,1.26258,,,-0.0006
B0033,24C_4.0A,38,24.0,True,,1.28725,1.28792,,,-0.00067
B0033,24C_4.0A,39,24.0,True,,1.29295,1.29364,,,-0.00069
B0033,24C_4.0A,40,24.0,True,,1.28493,1.28557,,,-0.00064
B0033,24C_4.0A,41,24.0,True,,1.25872,1.25921,,,-0.00049
B0033,24C_4.0A,42,24.0,True,,1.25374,1.25422,,,-0.00048
B0033,24C_4.0A,43,24.0,True,,1.29787,1.29852,,,-0.00065
B0033,24C_4.0A,44,24.0,True,,1.30478,1.30544,,,-0.00066
B0033,24C_4.0A,45,24.0,True,,1.28634,1.2869,,,-0.00056
B0033,24C_4.0A,46,24.0,True,,1.50457,1.50613,,,-0.00155
B0033,24C_4.0A,47,24.0,True,,1.32368,1.32439,,,-0.00071
B0033,24C_4.0A,48,24.0,True,,1.2963,1.29686,,,-0.00056
B0033,24C_4.0A,49,24.0,True,,1.28033,1.2808,,,-0.00047
B0033,24C_4.0A,50,24.0,True,,1.28338,1.28383,,,-0.00045
B0033,24C_4.0A,51,24.0,True,,1.29749,1.298,,,-0.00051
B0033,24C_4.0A,52,24.0,True,,1.29107,1.29155,,,-0.00048
B0033,24C_4.0A,53,24.0,True,,1.27486,1.27524,,,-0.00038
B0033,24C_4.0A,54,24.0,True,,1.26709,1.26741,,,-0.00032
B0033,24C_4.0A,55,24.0,True,,1.26124,1.26151,,,-0.00027
B0033,24C_4.0A,56,24.0,True,,1.26346,1.26373,,,-0.00027
B0033,24C_4.0A,57,24.0,True,,1.27916,1.27946,,,-0.0003
B0033,24C_4.0A,58,24.0,True,,1.27147,1.27173,,,-0.00026
B0033,24C_4.0A,59,24.0,True,,1.23301,1.23307,,,-6e-05
B0033,24C_4.0A,60,24.0,True,,1.22529,1.22534,,,-5e-05
B0033,24C_4.0A,61,24.0,True,,1.21735,1.21729,,,6e-05
B0033,24C_4.0A,62,24.0,True,,1.24184,1.24189,,,-5e-05
B0033,24C_4.0A,63,24.0,True,,1.24891,1.24898,,,-7e-05
B0033,24C_4.0A,64,24.0,True,,1.23858,1.23863,,,-6e-05
B0033,24C_4.0A,65,24.0,True,,1.20872,1.20862,,,0.0001
B0033,24C_4.0A,66,24.0,True,,1.20133,1.20117,,,0.00016
B0033,24C_4.0A,67,24.0,True,0.58786,1.28165,1.28185,0.69378,0.69399,-0.0002
B0033,24C_4.0A,68,24.0,True,,1.29687,1.29714,,,-0.00027
B0033,24C_4.0A,69,24.0,True,,1.26884,1.26893,,,-9e-05
B0033,24C_4.0A,70,24.0,True,,1.24127,1.24121,,,6e-05
B0033,24C_4.0A,71,24.0,True,,1.22892,1.22881,,,0.00011
B0033,24C_4.0A,72,24.0,True,,1.22058,1.22039,,,0.0002
B0033,24C_4.0A,73,24.0,True,0.98562,1.23524,1.23513,0.24962,0.24951,0.00011
B0033,24C_4.0A,74,24.0,True,,1.24985,1.24979,,,6e-05
B0033,24C_4.0A,75,24.0,True,,1.23041,1.23026,,,0.00014
B0033,24C_4.0A,76,24.0,True,,1.21122,1.21095,,,0.00027
B0033,24C_4.0A,77,24.0,True,,1.20319,1.20289,,,0.0003
B0033,24C_4.0A,78,24.0,True,,1.19359,1.19319,,,0.0004
B0033,24C_4.0A,79,24.0,True,,1.19699,1.19662,,,0.00037
B0033,24C_4.0A,80,24.0,True,,1.18976,1.18931,,,0.00045
B0033,24C_4.0A,81,24.0,True,,1.1813,1.18084,,,0.00046
B0033,24C_4.0A,82,24.0,True,,1.17133,1.17081,,,0.00052
B0033,24C_4.0A,83,24.0,True,,1.17562,1.17509,,,0.00053
B0033,24C_4.0A,84,24.0,True,,1.17666,1.17613,,,0.00054
B0033,24C_4.0A,85,24.0,True,,1.16807,1.16745,,,0.00061
B0033,24C_4.0A,86,24.0,True,,1.15944,1.15877,,,0.00067
B0033,24C_4.0A,87,24.0,True,,1.16185,1.16119,,,0.00066
B0033,24C_4.0A,88,24.0,True,,1.16505,1.1644,,,0.00065
B0033,24C_4.0A,89,24.0,True,,1.15625,1.15552,,,0.00073
B0033,24C_4.0A,90,24.0,True,,1.17059,1.16992,,,0.00067
B0033,24C_4.0A,91,24.0,True,,1.1724,1.17173,,,0.00067
B0033,24C_4.0A,92,24.0,True,,1.17413,1.17348,,,0.00065
B0033,24C_4.0A,93,24.0,True,,1.15512,1.15436,,,0.00076
B0033,24C_4.0A,94,24.0,True,,1.13376,1.1329,,,0.00086
B0033,24C_4.0A,95,24.0,True,,1.13664,1.13578,,,0.00086
B0033,24C_4.0A,96,24.0,True,,1.15032,1.1495,,,0.00082
B0033,24C_4.0A,97,24.0,True,,1.15321,1.15239,,,0.00082
B0033,24C_4.0A,98,24.0,True,,1.16049,1.15968,,,0.00081
B0033,24C_4.0A,99,24.0,True,,1.13541,1.13447,,,0.00094
B0033,24C_4.0A,100,24.0,True,,1.12551,1.12452,,,0.00099
B0033,24C_4.0A,101,24.0,True,,1.12894,1.12796,,,0.00098
B0033,24C_4.0A,102,24.0,True,,1.1424,1.14145,,,0.00096
B0033,24C_4.0A,103,24.0,True,,1.15849,1.15755,,,0.00093
B0033,24C_4.0A,104,24.0,True,,1.13576,1.13474,,,0.00102
B0033,24C_4.0A,105,24.0,True,,1.11442,1.11333,,,0.00109
B0033,24C_4.0A,106,24.0,True,,1.1157,1.1146,,,0.0011
B0033,24C_4.0A,107,24.0,True,,1.11828,1.11715,,,0.00112
B0033,24C_4.0A,108,24.0,True,,1.14673,1.1457,,,0.00103
B0033,24C_4.0A,109,24.0,True,,1.1469,1.14588,,,0.00103
B0033,24C_4.0A,110,24.0,True,,1.12564,1.12452,,,0.00111
B0033,24C_4.0A,111,24.0,True,,1.10351,1.10227,,,0.00124
B0033,24C_4.0A,112,24.0,True,,1.09338,1.09205,,,0.00134
B0033,24C_4.0A,113,24.0,True,,1.1003,1.09901,,,0.00129
B0033,24C_4.0A,114,24.0,True,1.00646,1.43949,1.43977,0.43303,0.4333,-0.00027
B0033,24C_4.0A,115,24.0,True,,1.13608,1.13494,,,0.00114
B0033,24C_4.0A,116,24.0,True,,1.11306,1.1118,,,0.00127
B0033,24C_4.0A,117,24.0,True,,1.11431,1.11302,,,0.00128
B0033,24C_4.0A,118,24.0,True,,1.10538,1.10408,,,0.00129
B0033,24C_4.0A,119,24.0,True,,1.09464,1.09324,,,0.00139
B0033,24C_4.0A,120,24.0,True,,1.08679,1.08532,,,0.00148
B0033,24C_4.0A,121,24.0,True,,1.10111,1.09973,,,0.00139
B0033,24C_4.0A,122,24.0,True,,1.08883,1.08739,,,0.00143
B0033,24C_4.0A,123,24.0,True,,1.07095,1.06939,,,0.00156
B0033,24C_4.0A,124,24.0,True,,1.08163,1.08012,,,0.00152
B0033,24C_4.0A,125,24.0,True,,1.06979,1.0682,,,0.00159
B0033,24C_4.0A,126,24.0,True,,1.08498,1.08348,,,0.0015
B0033,24C_4.0A,127,24.0,True,,1.07404,1.0725,,,0.00154
B0033,24C_4.0A,128,24.0,True,,1.07568,1.07413,,,0.00155
B0033,24C_4.0A,129,24.0,True,,1.06588,1.06424,,,0.00163
B0033,24C_4.0A,130,24.0,True,,1.07998,1.07838,,,0.00161
B0033,24C_4.0A,131,24.0,True,,1.0942,1.09262,,,0.00158
B0033,24C_4.0A,132,24.0,True,,1.08339,1.08179,,,0.0016
B0033,24C_4.0A,133,24.0,True,,1.07297,1.07132,,,0.00165
B0033,24C_4.0A,134,24.0,True,,1.06155,1.05983,,,0.00172
B0033,24C_4.0A,135,24.0,True,,1.12006,1.11818,,,0.00187
B0033,24C_4.0A,136,24.0,True,,1.10664,1.1051,,,0.00154
B0033,24C_4.0A,137,24.0,True,,1.09376,1.09213,,,0.00162
B0033,24C_4.0A,138,24.0,True,,1.05777,1.05598,,,0.00179
B0033,24C_4.0A,139,24.0,True,0.85453,0.67359,0.67004,0.18094,0.18449,0.00355
B0033,24C_4.0A,145,24.0,True,,0.34353,0.3384,,,0.00513
B0033,24C_4.0A,146,24.0,True,,0.37062,0.36557,,,0.00505
B0033,24C_4.0A,147,24.0,True,,0.31884,0.31356,,,0.00528
B0033,24C_4.0A,148,24.0,True,0.52119,1.16643,1.16505,0.64524,0.64386,0.00138
B0033,24C_4.0A,149,24.0,True,0.55884,1.12942,1.12786,0.57058,0.56901,0.00157
B0033,24C_4.0A,150,24.0,True,,1.10431,1.10263,,,0.00168
B0033,24C_4.0A,151,24.0,True,,1.09386,1.0921,,,0.00176
B0033,24C_4.0A,152,24.0,True,,1.08202,1.08019,,,0.00183
B0033,24C_4.0A,153,24.0,True,,1.08372,1.0819,,,0.00182
B0033,24C_4.0A,154,24.0,True,,1.08617,1.08436,,,0.00182
B0033,24C_4.0A,155,24.0,True,,1.07712,1.07521,,,0.00191
B0033,24C_4.0A,156,24.0,True,0.62159,0.94888,0.94635,0.32729,0.32476,0.00253
B0033,24C_4.0A,157,24.0,True,,1.2005,1.19918,,,0.00132
B0033,24C_4.0A,158,24.0,True,,1.18913,1.18774,,,0.00139
B0033,24C_4.0A,159,24.0,True,,1.1775,1.17605,,,0.00145
B0033,24C_4.0A,160,24.0,True,,1.16512,1.16361,,,0.00151
B0033,24C_4.0A,161,24.0,True,,1.15522,1.15365,,,0.00156
B0033,24C_4.0A,162,24.0,True,,1.17135,1.16983,,,0.00152
B0033,24C_4.0A,163,24.0,True,,1.15054,1.14888,,,0.00166
B0033,24C_4.0A,164,24.0,True,,1.13205,1.1303,,,0.00175
B0033,24C_4.0A,165,24.0,True,,1.11991,1.11813,,,0.00178
B0033,24C_4.0A,166,24.0,True,0.62763,1.11028,1.10843,0.48264,0.4808,0.00185
B0033,24C_4.0A,167,24.0,True,,1.12424,1.12245,,,0.00179
B0033,24C_4.0A,168,24.0,True,,1.12836,1.12656,,,0.00181
B0033,24C_4.0A,169,24.0,True,,1.12733,1.12546,,,0.00186
B0033,24C_4.0A,170,24.0,True,,1.10396,1.10204,,,0.00192
B0033,24C_4.0A,171,24.0,True,,1.08913,1.08715,,,0.00197
B0033,24C_4.0A,172,24.0,True,,1.09323,1.09126,,,0.00197
B0033,24C_4.0A,173,24.0,True,,1.10683,1.10488,,,0.00195
B0033,24C_4.0A,174,24.0,True,,1.11088,1.10893,,,0.00194
B0033,24C_4.0A,175,24.0,True,1.09917,1.09915,1.09714,2e-05,0.00202,0.002
B0033,24C_4.0A,176,24.0,True,,1.08541,1.08333,,,0.00208
B0033,24C_4.0A,177,24.0,True,,1.10123,1.09923,,,0.00201
B0033,24C_4.0A,178,24.0,True,,1.08795,1.08586,,,0.00209
B0033,24C_4.0A,179,24.0,True,0.98936,1.08962,1.08753,0.10027,0.09818,0.00209
B0033,24C_4.0A,180,24.0,True,0.90392,1.07736,1.07518,0.17344,0.17126,0.00217
B0033,24C_4.0A,181,24.0,True,,1.07982,1.07769,,,0.00213
B0033,24C_4.0A,182,24.0,True,,1.08032,1.07814,,,0.00217
B0033,24C_4.0A,183,24.0,True,,1.07206,1.06983,,,0.00222
B0033,24C_4.0A,184,24.0,True,1.09695,1.07045,1.06821,0.0265,0.02874,0.00224
B0033,24C_4.0A,185,24.0,True,0.71271,1.0597,1.05741,0.34699,0.3447,0.00229
B0033,24C_4.0A,186,24.0,True,1.08829,1.06133,1.05904,0.02696,0.02925,0.00229
B0033,24C_4.0A,187,24.0,True,0.55866,1.06598,1.06366,0.50731,0.50499,0.00232
B0033,24C_4.0A,188,24.0,True,,1.05173,1.04933,,,0.00239
B0033,24C_4.0A,189,24.0,True,0.76043,1.05161,1.04921,0.29118,0.28878,0.0024
B0033,24C_4.0A,190,24.0,True,,1.05235,1.04996,,,0.00239
B0033,24C_4.0A,191,24.0,True,1.08081,1.05475,1.05239,0.02606,0.02842,0.00236
B0033,24C_4.0A,192,24.0,True,1.07,1.04128,1.03884,0.02872,0.03115,0.00244
B0033,24C_4.0A,193,24.0,True,1.03896,1.05993,1.0575,0.02097,0.01854,0.00243
B0033,24C_4.0A,194,24.0,True,1.05903,1.08821,1.08594,0.02917,0.02691,0.00227
B0033,24C_4.0A,195,24.0,True,1.07635,1.06081,1.05843,0.01554,0.01792,0.00238
B0033,24C_4.0A,196,24.0,True,1.07309,1.04747,1.04505,0.02561,0.02804,0.00242
B0033,24C_4.0A,197,24.0,True,1.06505,1.04976,1.04727,0.01529,0.01778,0.00248
B0034,24C_4.0A,1,24.0,True,,0.46024,0.45839,,,0.00186
B0034,24C_4.0A,2,24.0,True,,1.02566,1.02581,,,-0.00015
B0034,24C_4.0A,3,24.0,True,1.01417,1.01503,1.0151,0.00086,0.00092,-7e-05
B0034,24C_4.0A,4,24.0,True,1.00676,1.0,1.0,0.00676,0.00676,0.0
B0034,24C_4.0A,5,24.0,True,1.0,0.9852,0.98511,0.0148,0.01489,9e-05
B0034,24C_4.0A,6,24.0,True,0.98384,0.91666,0.91632,0.06718,0.06752,0.00033
B0034,24C_4.0A,7,24.0,True,0.97423,0.91728,0.91693,0.05694,0.05729,0.00035
B0034,24C_4.0A,8,24.0,True,0.96123,0.90708,0.90668,0.05415,0.05456,0.0004
B0034,24C_4.0A,9,24.0,True,0.95313,0.89867,0.8982,0.05446,0.05494,0.00048
B0034,24C_4.0A,10,24.0,True,0.94339,0.88966,0.88915,0.05373,0.05424,0.00051
B0034,24C_4.0A,11,24.0,True,0.93955,0.8867,0.88617,0.05285,0.05337,0.00052
B0034,24C_4.0A,12,24.0,True,0.9359,0.89211,0.89159,0.04379,0.04431,0.00052
B0034,24C_4.0A,13,24.0,True,0.92714,0.88362,0.88301,0.04352,0.04413,0.00061
B0034,24C_4.0A,14,24.0,True,0.92408,0.8803,0.87968,0.04379,0.0444,0.00061
B0034,24C_4.0A,15,24.0,True,0.91681,0.87805,0.87742,0.03875,0.03939,0.00063
B0034,24C_4.0A,16,24.0,True,0.9113,0.88907,0.88846,0.02223,0.02284,0.00061
B0034,24C_4.0A,17,24.0,True,0.91461,0.91743,0.91689,0.00282,0.00228,0.00054
B0034,24C_4.0A,18,24.0,True,0.91075,0.94065,0.94018,0.02989,0.02942,0.00047
B0034,24C_4.0A,19,24.0,True,0.90411,0.90262,0.902,0.00149,0.00211,0.00062
B0034,24C_4.0A,20,24.0,True,0.90273,0.87805,0.87734,0.02468,0.02539,0.00071
B0034,24C_4.0A,21,24.0,True,0.89765,0.86696,0.86615,0.03069,0.0315,0.00081
B0034,24C_4.0A,22,24.0,True,,1.00754,1.0073,,,0.00024
B0034,24C_4.0A,23,24.0,True,0.95291,0.96791,0.9675,0.015,0.01459,0.0004
B0034,24C_4.0A,24,24.0,True,0.9435,0.93473,0.93422,0.00876,0.00928,0.00052
B0034,24C_4.0A,25,24.0,True,0.93162,0.91657,0.91597,0.01504,0.01564,0.0006
B0034,24C_4.0A,26,24.0,True,0.92914,0.91365,0.913,0.0155,0.01615,0.00065
B0034,24C_4.0A,27,24.0,True,0.9225,0.91565,0.91502,0.00685,0.00748,0.00063
B0034,24C_4.0A,28,24.0,True,0.91879,0.92071,0.92005,0.00191,0.00126,0.00066
B0034,24C_4.0A,29,24.0,True,0.9148,0.90904,0.90837,0.00576,0.00643,0.00067
B0034,24C_4.0A,30,24.0,True,0.91026,0.88947,0.8887,0.02079,0.02156,0.00077
B0034,24C_4.0A,31,24.0,True,0.90958,0.87775,0.8769,0.03183,0.03267,0.00084
B0034,24C_4.0A,32,24.0,True,0.90282,0.88025,0.87943,0.02257,0.02339,0.00082
B0034,24C_4.0A,33,24.0,True,0.90444,0.90063,0.89986,0.00381,0.00458,0.00077
B0034,24C_4.0A,34,24.0,True,0.88082,0.88825,0.88742,0.00743,0.0066,0.00083
B0034,24C_4.0A,35,24.0,True,0.89399,0.87587,0.87495,0.01812,0.01904,0.00092
B0034,24C_4.0A,36,24.0,True,0.89743,0.8711,0.87017,0.02633,0.02725,0.00092
B0034,24C_4.0A,37,24.0,True,0.89269,0.86654,0.86558,0.02615,0.02711,0.00096
B0034,24C_4.0A,38,24.0,True,0.89776,0.90916,0.90833,0.01141,0.01058,0.00083
B0034,24C_4.0A,39,24.0,True,0.90141,0.92098,0.92019,0.01956,0.01877,0.00079
B0034,24C_4.0A,40,24.0,True,0.89122,0.91442,0.91359,0.0232,0.02236,0.00083
B0034,24C_4.0A,41,24.0,True,0.88678,0.87835,0.87737,0.00843,0.00941,0.00099
B0034,24C_4.0A,42,24.0,True,0.88547,0.86617,0.86515,0.0193,0.02032,0.00102
B0034,24C_4.0A,43,24.0,True,0.92492,0.94792,0.94717,0.02299,0.02224,0.00075
B0034,24C_4.0A,44,24.0,True,0.91537,0.95268,0.95193,0.03731,0.03656,0.00075
B0034,24C_4.0A,45,24.0,True,0.90477,0.93038,0.92954,0.02561,0.02477,0.00084
B0034,24C_4.0A,46,24.0,True,,1.12314,1.12298,,,0.00016
B0034,24C_4.0A,47,24.0,True,0.97125,0.9833,0.98263,0.01204,0.01138,0.00067
B0034,24C_4.0A,48,24.0,True,0.95436,0.94591,0.9451,0.00844,0.00926,0.00081
B0034,24C_4.0A,49,24.0,True,0.94094,0.917,0.91608,0.02393,0.02486,0.00093
B0034,24C_4.0A,50,24.0,True,0.94081,0.92732,0.92639,0.01349,0.01442,0.00093
B0034,24C_4.0A,51,24.0,True,0.93186,0.93798,0.9371,0.00613,0.00524,0.00089
B0034,24C_4.0A,52,24.0,True,0.92904,0.9328,0.93189,0.00376,0.00285,0.00091
B0034,24C_4.0A,53,24.0,True,0.92038,0.90367,0.90263,0.01671,0.01775,0.00104
B0034,24C_4.0A,54,24.0,True,0.9148,0.89751,0.89643,0.01729,0.01837,0.00108
B0034,24C_4.0A,55,24.0,True,0.91306,0.88438,0.88324,0.02868,0.02982,0.00114
B0034,24C_4.0A,56,24.0,True,0.91113,0.89424,0.89313,0.01689,0.018,0.00111
B0034,24C_4.0A,57,24.0,True,0.91384,0.92255,0.92151,0.00871,0.00767,0.00104
B0034,24C_4.0A,58,24.0,True,0.90893,0.90827,0.90718,0.00066,0.00175,0.00109
B0034,24C_4.0A,59,24.0,True,0.75367,0.86982,0.86857,0.11615,0.1149,0.00125
B0034,24C_4.0A,60,24.0,True,0.89246,0.85529,0.85401,0.03717,0.03846,0.00128
B0034,24C_4.0A,61,24.0,True,0.88922,0.84062,0.83923,0.0486,0.04999,0.00139
B0034,24C_4.0A,62,24.0,True,0.90364,0.89289,0.89169,0.01075,0.01196,0.00121
B0034,24C_4.0A,63,24.0,True,0.89604,0.89802,0.89682,0.00198,0.00078,0.0012
B0034,24C_4.0A,64,24.0,True,0.8955,0.88997,0.88877,0.00553,0.00673,0.0012
B0034,24C_4.0A,65,24.0,True,0.88848,0.84995,0.84859,0.03853,0.03989,0.00136
B0034,24C_4.0A,66,24.0,True,0.88674,0.83542,0.83399,0.05131,0.05274,0.00143
B0034,24C_4.0A,67,24.0,True,0.9645,0.95692,0.95592,0.00758,0.00858,0.001
B0034,24C_4.0A,68,24.0,True,0.93826,0.96024,0.95925,0.02199,0.02099,0.00099
B0034,24C_4.0A,69,24.0,True,0.92602,0.92968,0.92853,0.00365,0.00251,0.00114
B0034,24C_4.0A,70,24.0,True,0.91892,0.89104,0.88975,0.02788,0.02917,0.0013
B0034,24C_4.0A,71,24.0,True,,0.8727,0.87134,,,0.00136
B0034,24C_4.0A,72,24.0,True,,0.85749,0.85604,,,0.00145
B0034,24C_4.0A,73,24.0,True,0.9096,0.89464,0.89334,0.01496,0.01626,0.0013
B0034,24C_4.0A,74,24.0,True,0.90417,0.90568,0.90441,0.00151,0.00024,0.00127
B0034,24C_4.0A,75,24.0,True,0.90025,0.88174,0.88038,0.0185,0.01987,0.00136
B0034,24C_4.0A,76,24.0,True,0.89646,0.84946,0.84795,0.047,0.0485,0.00151
B0034,24C_4.0A,77,24.0,True,0.74063,0.83393,0.83239,0.0933,0.09176,0.00154
B0034,24C_4.0A,78,24.0,True,0.62346,0.83542,0.83383,0.21196,0.21037,0.00159
B0034,24C_4.0A,79,24.0,True,0.88573,0.83772,0.83616,0.04801,0.04957,0.00156
B0034,24C_4.0A,80,24.0,True,0.88501,0.82319,0.82154,0.06182,0.06347,0.00165
B0034,24C_4.0A,81,24.0,True,,0.82507,0.82345,,,0.00162
B0034,24C_4.0A,82,24.0,True,,0.8262,0.82455,,,0.00165
B0034,24C_4.0A,83,24.0,True,0.88277,0.82921,0.82756,0.05356,0.05521,0.00165
B0034,24C_4.0A,84,24.0,True,0.88132,0.83017,0.82852,0.05115,0.0528,0.00165
B0034,24C_4.0A,85,24.0,True,0.8743,0.83186,0.83019,0.04244,0.04412,0.00168
B0034,24C_4.0A,86,24.0,True,0.87858,0.82513,0.82343,0.05344,0.05515,0.00171
B0034,24C_4.0A,87,24.0,True,0.87857,0.82694,0.82524,0.05163,0.05333,0.0017
B0034,24C_4.0A,88,24.0,True,0.87647,0.82006,0.81833,0.05641,0.05814,0.00173
B0034,24C_4.0A,89,24.0,True,0.87593,0.82207,0.82031,0.05387,0.05562,0.00175
B0034,24C_4.0A,90,24.0,True,0.87394,0.83305,0.83134,0.04088,0.0426,0.00172
B0034,24C_4.0A,91,24.0,True,0.87611,0.85241,0.85075,0.0237,0.02536,0.00166
B0034,24C_4.0A,92,24.0,True,0.87625,0.85369,0.85204,0.02257,0.02421,0.00165
B0034,24C_4.0A,93,24.0,True,0.87673,0.82069,0.81891,0.05604,0.05783,0.00178
B0034,24C_4.0A,94,24.0,True,0.87223,0.81303,0.81121,0.0592,0.06102,0.00182
B0034,24C_4.0A,95,24.0,True,0.86664,0.80604,0.80418,0.0606,0.06245,0.00185
B0034,24C_4.0A,96,24.0,True,0.872,0.82565,0.82386,0.04635,0.04814,0.00179
B0034,24C_4.0A,97,24.0,True,0.87736,0.83686,0.83509,0.0405,0.04227,0.00177
B0034,24C_4.0A,98,24.0,True,0.87982,0.84215,0.84039,0.03767,0.03943,0.00176
B0034,24C_4.0A,99,24.0,True,0.87057,0.82294,0.82109,0.04763,0.04948,0.00185
B0034,24C_4.0A,100,24.0,True,0.86664,0.80582,0.80391,0.06082,0.06273,0.0019
B0034,24C_4.0A,101,24.0,True,0.86898,0.80839,0.80649,0.06059,0.06249,0.00191
B0034,24C_4.0A,102,24.0,True,0.87164,0.83713,0.83531,0.03451,0.03634,0.00183
B0034,24C_4.0A,103,24.0,True,0.87576,0.85868,0.8569,0.01708,0.01886,0.00178
B0034,24C_4.0A,104,24.0,True,0.87361,0.84098,0.83914,0.03264,0.03447,0.00183
B0034,24C_4.0A,105,24.0,True,0.86639,0.81517,0.81326,0.05122,0.05313,0.00191
B0034,24C_4.0A,106,24.0,True,0.86984,0.80673,0.80477,0.06311,0.06507,0.00196
B0034,24C_4.0A,107,24.0,True,0.86237,0.80864,0.80667,0.05373,0.0557,0.00197
B0034,24C_4.0A,108,24.0,True,0.87535,0.84919,0.84733,0.02616,0.02802,0.00186
B0034,24C_4.0A,109,24.0,True,0.87074,0.85873,0.8569,0.01201,0.01384,0.00183
B0034,24C_4.0A,110,24.0,True,0.87274,0.8422,0.84033,0.03054,0.03241,0.00187
B0034,24C_4.0A,111,24.0,True,0.86795,0.81563,0.81364,0.05233,0.05431,0.00199
B0034,24C_4.0A,112,24.0,True,0.87067,0.80766,0.8056,0.06301,0.06507,0.00206
B0034,24C_4.0A,113,24.0,True,0.86737,0.82228,0.82028,0.04509,0.04709,0.002
B0034,24C_4.0A,114,24.0,True,0.9695,1.07507,1.07399,0.10557,0.10449,0.00108
B0034,24C_4.0A,115,24.0,True,0.8707,0.84983,0.84793,0.02087,0.02277,0.0019
B0034,24C_4.0A,116,24.0,True,0.86804,0.83219,0.83022,0.03584,0.03782,0.00197
B0034,24C_4.0A,117,24.0,True,0.86151,0.83305,0.83105,0.02845,0.03046,0.002
B0034,24C_4.0A,118,24.0,True,0.86482,0.82604,0.82404,0.03878,0.04078,0.00199
B0034,24C_4.0A,119,24.0,True,0.85977,0.81774,0.81568,0.04203,0.04409,0.00206
B0034,24C_4.0A,120,24.0,True,0.87027,0.82112,0.81903,0.04915,0.05124,0.00209
B0034,24C_4.0A,121,24.0,True,0.86362,0.82252,0.82045,0.0411,0.04317,0.00207
B0034,24C_4.0A,122,24.0,True,0.86324,0.82267,0.82061,0.04057,0.04263,0.00206
B0034,24C_4.0A,123,24.0,True,0.86091,0.81841,0.8163,0.0425,0.04461,0.00211
B0034,24C_4.0A,124,24.0,True,0.86085,0.8169,0.81478,0.04395,0.04607,0.00212
B0034,24C_4.0A,125,24.0,True,0.86144,0.81749,0.81537,0.04394,0.04607,0.00213
B0034,24C_4.0A,126,24.0,True,0.86257,0.81957,0.81747,0.043,0.0451,0.00211
B0034,24C_4.0A,127,24.0,True,0.86241,0.81111,0.80898,0.0513,0.05342,0.00212
B0034,24C_4.0A,128,24.0,True,0.85735,0.8124,0.81027,0.04495,0.04709,0.00214
B0034,24C_4.0A,129,24.0,True,0.85907,0.80468,0.80249,0.05439,0.05659,0.0022
B0034,24C_4.0A,130,24.0,True,0.8639,0.83508,0.83297,0.02882,0.03094,0.00212
B0034,24C_4.0A,131,24.0,True,,0.8461,0.844,,,0.0021
B0034,24C_4.0A,132,24.0,True,0.86091,0.83771,0.8356,0.0232,0.02531,0.00211
B0034,24C_4.0A,133,24.0,True,0.86201,0.81981,0.81764,0.0422,0.04438,0.00217
B0034,24C_4.0A,134,24.0,True,0.85774,0.81099,0.80878,0.04675,0.04896,0.00221
B0034,24C_4.0A,135,24.0,True,0.89518,0.85559,0.8532,0.03959,0.04198,0.00239
B0034,24C_4.0A,136,24.0,True,0.87772,0.85568,0.85361,0.02204,0.02412,0.00208
B0034,24C_4.0A,137,24.0,True,0.86666,0.83592,0.83374,0.03073,0.03291,0.00218
B0034,24C_4.0A,138,24.0,True,0.86572,0.81789,0.81566,0.04783,0.05006,0.00223
B0034,24C_4.0A,139,24.0,True,0.85934,0.8095,0.80725,0.04984,0.05209,0.00225
B0034,24C_4.0A,140,24.0,True,0.85634,0.80609,0.80381,0.05025,0.05253,0.00228
B0034,24C_4.0A,141,24.0,True,0.85873,0.82793,0.82572,0.03081,0.03301,0.0022
B0034,24C_4.0A,142,24.0,True,,0.8397,0.83752,,,0.00217
B0034,24C_4.0A,143,24.0,True,0.85274,0.82059,0.81835,0.03215,0.03439,0.00225
B0034,24C_4.0A,144,24.0,True,0.85118,0.80153,0.79921,0.04964,0.05196,0.00232
B0034,24C_4.0A,145,24.0,True,0.85313,0.80115,0.79883,0.05197,0.0543,0.00232
B0034,24C_4.0A,146,24.0,True,0.86174,0.813,0.81069,0.04874,0.05105,0.00231
B0034,24C_4.0A,147,24.0,True,0.85436,0.82436,0.8221,0.03,0.03226,0.00226
B0034,24C_4.0A,148,24.0,True,0.85507,0.84134,0.8391,0.01374,0.01597,0.00223
B0034,24C_4.0A,149,24.0,True,0.85688,0.82266,0.82035,0.03421,0.03653,0.00231
B0034,24C_4.0A,150,24.0,True,0.85493,0.80354,0.80117,0.05139,0.05376,0.00237
B0034,24C_4.0A,151,24.0,True,0.85955,0.79524,0.79281,0.06431,0.06674,0.00243
B0034,24C_4.0A,152,24.0,True,0.85229,0.79611,0.79368,0.05619,0.05862,0.00243
B0034,24C_4.0A,153,24.0,True,0.8524,0.79742,0.79499,0.05498,0.05741,0.00243
B0034,24C_4.0A,154,24.0,True,0.85247,0.79928,0.79684,0.0532,0.05563,0.00243
B0034,24C_4.0A,155,24.0,True,0.84825,0.79176,0.78927,0.05648,0.05898,0.0025
B0034,24C_4.0A,156,24.0,True,0.66548,0.8982,0.89608,0.23273,0.2306,0.00213
B0034,24C_4.0A,157,24.0,True,0.91217,0.89754,0.89544,0.01463,0.01674,0.00211
B0034,24C_4.0A,158,24.0,True,0.89907,0.87826,0.87608,0.0208,0.02298,0.00218
B0034,24C_4.0A,159,24.0,True,0.89607,0.85921,0.85696,0.03686,0.03911,0.00226
B0034,24C_4.0A,160,24.0,True,0.88927,0.84935,0.84705,0.03992,0.04222,0.00231
B0034,24C_4.0A,161,24.0,True,0.88919,0.8521,0.84981,0.0371,0.03939,0.00229
B0034,24C_4.0A,162,24.0,True,0.8924,0.86428,0.862,0.02812,0.0304,0.00228
B0034,24C_4.0A,163,24.0,True,0.88312,0.84816,0.8458,0.03495,0.03732,0.00237
B0034,24C_4.0A,164,24.0,True,0.87771,0.82345,0.821,0.05426,0.05671,0.00245
B0034,24C_4.0A,165,24.0,True,0.8785,0.82456,0.82214,0.05393,0.05636,0.00243
B0034,24C_4.0A,166,24.0,True,0.86859,0.80637,0.80387,0.06221,0.06472,0.00251
B0034,24C_4.0A,167,24.0,True,0.87329,0.82774,0.82531,0.04555,0.04798,0.00243
B0034,24C_4.0A,168,24.0,True,0.87229,0.83073,0.82827,0.04156,0.04402,0.00246
B0034,24C_4.0A,169,24.0,True,0.87069,0.82987,0.82737,0.04083,0.04332,0.0025
B0034,24C_4.0A,170,24.0,True,0.86908,0.8119,0.80938,0.05717,0.0597,0.00253
B0034,24C_4.0A,171,24.0,True,0.87062,0.80043,0.79787,0.0702,0.07275,0.00255
B0034,24C_4.0A,172,24.0,True,0.86811,0.79293,0.79033,0.07518,0.07778,0.0026
B0034,24C_4.0A,173,24.0,True,0.86904,0.81384,0.81129,0.05519,0.05775,0.00256
B0034,24C_4.0A,174,24.0,True,0.86583,0.82741,0.8249,0.03842,0.04093,0.00252
B0034,24C_4.0A,175,24.0,True,0.86342,0.81823,0.81568,0.0452,0.04774,0.00255
B0034,24C_4.0A,176,24.0,True,0.86637,0.80775,0.80515,0.05862,0.06122,0.0026
B0034,24C_4.0A,177,24.0,True,0.88611,0.84098,0.8385,0.04513,0.04761,0.00248
B0034,24C_4.0A,178,24.0,True,0.87072,0.82018,0.81761,0.05055,0.05311,0.00257
B0034,24C_4.0A,179,24.0,True,0.86349,0.8002,0.79755,0.06329,0.06594,0.00265
B0034,24C_4.0A,180,24.0,True,0.86433,0.80126,0.7986,0.06307,0.06573,0.00266
B0034,24C_4.0A,181,24.0,True,0.85689,0.79228,0.7896,0.06462,0.06729,0.00267
B0034,24C_4.0A,182,24.0,True,0.86073,0.8034,0.80074,0.05733,0.05999,0.00267
B0034,24C_4.0A,183,24.0,True,0.8685,0.8076,0.80495,0.06089,0.06355,0.00266
B0034,24C_4.0A,184,24.0,True,0.86081,0.78499,0.78225,0.07582,0.07856,0.00274
B0034,24C_4.0A,185,24.0,True,0.85363,0.78731,0.78457,0.06632,0.06906,0.00274
B0034,24C_4.0A,186,24.0,True,0.85563,0.77774,0.77496,0.07789,0.08067,0.00278
B0034,24C_4.0A,187,24.0,True,0.84808,0.78117,0.77837,0.06691,0.06971,0.0028
B0034,24C_4.0A,188,24.0,True,0.85025,0.78102,0.7782,0.06922,0.07205,0.00282
B0034,24C_4.0A,189,24.0,True,0.84827,0.78088,0.77806,0.06739,0.07021,0.00282
B0034,24C_4.0A,190,24.0,True,0.85627,0.78135,0.77854,0.07492,0.07773,0.00281
B0034,24C_4.0A,191,24.0,True,0.85471,0.79399,0.79124,0.06072,0.06347,0.00276
B0034,24C_4.0A,192,24.0,True,0.84863,0.78361,0.78081,0.06502,0.06782,0.0028
B0034,24C_4.0A,193,24.0,True,0.85479,0.83048,0.82779,0.02431,0.027,0.00269
B0034,24C_4.0A,194,24.0,True,0.85583,0.81981,0.8171,0.03603,0.03874,0.00271
B0034,24C_4.0A,195,24.0,True,0.85405,0.80953,0.8068,0.04452,0.04725,0.00273
B0034,24C_4.0A,196,24.0,True,0.85566,0.7991,0.79633,0.05656,0.05932,0.00277
B0034,24C_4.0A,197,24.0,True,0.85263,0.78993,0.78708,0.0627,0.06555,0.00285
B0036,24C_2.0A,1,24.0,True,,0.55632,0.55563,,,0.00069
B0036,24C_2.0A,2,24.0,True,1.00962,1.0,1.0,0.00962,0.00962,0.0
B0036,24C_2.0A,3,24.0,True,1.0,1.00184,1.00183,0.00184,0.00183,1e-05
B0036,24C_2.0A,4,24.0,True,1.00596,1.00183,1.0018,0.00414,0.00416,2e-05
B0036,24C_2.0A,5,24.0,True,0.99363,0.99879,0.99875,0.00516,0.00512,5e-05
B0036,24C_2.0A,6,24.0,True,0.99852,0.9955,0.99542,0.00302,0.00309,8e-05
B0036,24C_2.0A,7,24.0,True,0.99535,0.99303,0.99294,0.00231,0.0024,9e-05
B0036,24C_2.0A,8,24.0,True,0.99729,0.99333,0.99323,0.00396,0.00407,0.0001
B0036,24C_2.0A,9,24.0,True,0.99396,0.99346,0.99333,0.0005,0.00062,0.00012
B0036,24C_2.0A,10,24.0,True,0.99116,0.99166,0.99154,0.0005,0.00038,0.00012
B0036,24C_2.0A,11,24.0,True,0.98931,0.9903,0.99018,0.00099,0.00087,0.00012
B0036,24C_2.0A,12,24.0,True,0.99221,0.98994,0.98981,0.00228,0.0024,0.00013
B0036,24C_2.0A,13,24.0,True,0.9871,0.98905,0.9889,0.00195,0.00179,0.00015
B0036,24C_2.0A,14,24.0,True,0.98616,0.98747,0.98732,0.00131,0.00116,0.00016
B0036,24C_2.0A,15,24.0,True,0.98365,0.98601,0.98584,0.00236,0.00219,0.00017
B0036,24C_2.0A,16,24.0,True,0.98808,0.9872,0.98703,0.00088,0.00105,0.00017
B0036,24C_2.0A,17,24.0,True,0.99263,0.98995,0.98977,0.00268,0.00286,0.00018
B0036,24C_2.0A,18,24.0,True,0.99338,0.99289,0.99271,0.00049,0.00067,0.00018
B0036,24C_2.0A,19,24.0,True,0.98468,0.98789,0.98769,0.00321,0.00301,0.0002
B0036,24C_2.0A,20,24.0,True,0.9821,0.98325,0.98304,0.00115,0.00094,0.0002
B0036,24C_2.0A,21,24.0,True,0.98091,0.98046,0.98023,0.00045,0.00068,0.00023
B0036,24C_2.0A,22,24.0,True,1.03635,0.98978,0.9896,0.04657,0.04675,0.00018
B0036,24C_2.0A,23,24.0,True,1.02864,0.99743,0.99725,0.03121,0.03138,0.00017
B0036,24C_2.0A,24,24.0,True,1.02176,0.99434,0.99418,0.02742,0.02758,0.00016
B0036,24C_2.0A,25,24.0,True,1.01646,0.99116,0.99099,0.0253,0.02547,0.00017
B0036,24C_2.0A,26,24.0,True,1.01454,0.98891,0.98872,0.02563,0.02583,0.0002
B0036,24C_2.0A,27,24.0,True,1.01238,0.98582,0.98562,0.02657,0.02676,0.00019
B0036,24C_2.0A,28,24.0,True,1.01321,0.98656,0.98634,0.02665,0.02687,0.00021
B0036,24C_2.0A,29,24.0,True,1.01073,0.98346,0.98325,0.02727,0.02748,0.00021
B0036,24C_2.0A,30,24.0,True,1.00613,0.98347,0.98326,0.02266,0.02287,0.00022
B0036,24C_2.0A,31,24.0,True,1.00236,0.98056,0.98032,0.02181,0.02205,0.00024
B0036,24C_2.0A,32,24.0,True,1.00107,0.97678,0.97654,0.02429,0.02452,0.00024
B0036,24C_2.0A,33,24.0,True,1.00413,0.97776,0.97751,0.02637,0.02662,0.00025
B0036,24C_2.0A,34,24.0,True,1.00016,0.97731,0.97706,0.02285,0.0231,0.00025
B0036,24C_2.0A,35,24.0,True,0.99508,0.97473,0.97445,0.02035,0.02063,0.00028
B0036,24C_2.0A,36,24.0,True,0.99302,0.97416,0.97389,0.01886,0.01913,0.00027
B0036,24C_2.0A,37,24.0,True,0.99097,0.97158,0.97129,0.01939,0.01968,0.00028
B0036,24C_2.0A,38,24.0,True,1.00251,0.97775,0.97746,0.02476,0.02504,0.00028
B0036,24C_2.0A,39,24.0,True,1.00231,0.97852,0.97823,0.02379,0.02408,0.00029
B0036,24C_2.0A,40,24.0,True,0.99295,0.97364,0.97334,0.01931,0.01961,0.0003
B0036,24C_2.0A,41,24.0,True,0.98824,0.96952,0.9692,0.01872,0.01903,0.00032
B0036,24C_2.0A,42,24.0,True,0.98482,0.96642,0.9661,0.0184,0.01871,0.00031
B0036,24C_2.0A,43,24.0,True,1.01085,0.97201,0.97169,0.03884,0.03916,0.00032
B0036,24C_2.0A,44,24.0,True,1.01287,0.98002,0.97971,0.03285,0.03316,0.00031
B0036,24C_2.0A,45,24.0,True,1.00663,0.97895,0.97863,0.02768,0.028,0.00032
B0036,24C_2.0A,46,24.0,True,1.03626,1.10238,1.10224,0.06612,0.06598,0.00014
B0036,24C_2.0A,47,24.0,True,1.02191,0.98015,0.97982,0.04175,0.04208,0.00033
B0036,24C_2.0A,48,24.0,True,1.01929,0.97562,0.97527,0.04367,0.04401,0.00034
B0036,24C_2.0A,49,24.0,True,1.01522,0.97572,0.97537,0.03949,0.03984,0.00035
B0036,24C_2.0A,50,24.0,True,1.01882,0.97814,0.97779,0.04068,0.04103,0.00035
B0036,24C_2.0A,51,24.0,True,1.01831,0.97756,0.97721,0.04075,0.0411,0.00036
B0036,24C_2.0A,52,24.0,True,1.01555,0.97755,0.97719,0.03799,0.03835,0.00036
B0036,24C_2.0A,53,24.0,True,1.01344,0.97327,0.9729,0.04017,0.04055,0.00038
B0036,24C_2.0A,54,24.0,True,1.01135,0.97193,0.97154,0.03943,0.03981,0.00038
B0036,24C_2.0A,55,24.0,True,1.01242,0.97167,0.97127,0.04075,0.04115,0.0004
B0036,24C_2.0A,56,24.0,True,1.01104,0.96974,0.96934,0.0413,0.0417,0.0004
B0036,24C_2.0A,57,24.0,True,1.0146,0.97363,0.97323,0.04096,0.04137,0.00041
B0036,24C_2.0A,58,24.0,True,1.00685,0.97203,0.97162,0.03482,0.03524,0.00041
B0036,24C_2.0A,59,24.0,True,1.00156,0.96791,0.96749,0.03365,0.03408,0.00042
B0036,24C_2.0A,60,24.0,True,0.99768,0.96256,0.96213,0.03513,0.03555,0.00043
B0036,24C_2.0A,61,24.0,True,0.99423,0.96159,0.96114,0.03264,0.03309,0.00045
B0036,24C_2.0A,62,24.0,True,1.0081,0.96766,0.96722,0.04043,0.04088,0.00045
B0036,24C_2.0A,63,24.0,True,1.00718,0.96791,0.96746,0.03927,0.03972,0.00045
B0036,24C_2.0A,64,24.0,True,0.99646,0.96526,0.96482,0.03121,0.03164,0.00044
B0036,24C_2.0A,65,24.0,True,0.99039,0.96028,0.95982,0.03011,0.03056,0.00046
B0036,24C_2.0A,66,24.0,True,0.98788,0.95903,0.95856,0.02885,0.02932,0.00047
B0036,24C_2.0A,67,24.0,True,1.0284,0.96882,0.96836,0.05958,0.06004,0.00045
B0036,24C_2.0A,68,24.0,True,1.02114,0.97954,0.9791,0.04161,0.04205,0.00044
B0036,24C_2.0A,69,24.0,True,1.01182,0.9719,0.97143,0.03992,0.04039,0.00047
B0036,24C_2.0A,70,24.0,True,1.00522,0.96845,0.96797,0.03677,0.03725,0.00048
B0036,24C_2.0A,71,24.0,True,1.00053,0.96416,0.96367,0.03637,0.03686,0.00049
B0036,24C_2.0A,72,24.0,True,0.99616,0.96231,0.9618,0.03385,0.03436,0.00051
B0036,24C_2.0A,73,24.0,True,1.00628,0.9653,0.96481,0.04098,0.04147,0.00049
B0036,24C_2.0A,74,24.0,True,1.00627,0.96786,0.96737,0.03841,0.0389,0.00049
B0036,24C_2.0A,75,24.0,True,0.99764,0.96234,0.96184,0.0353,0.03579,0.0005
B0036,24C_2.0A,76,24.0,True,0.99225,0.96046,0.95995,0.03179,0.03231,0.00052
B0036,24C_2.0A,77,24.0,True,0.98523,0.95522,0.9547,0.03001,0.03053,0.00052
B0036,24C_2.0A,78,24.0,True,0.98569,0.95743,0.95689,0.02826,0.0288,0.00053
B0036,24C_2.0A,79,24.0,True,0.98289,0.9558,0.95526,0.0271,0.02763,0.00054
B0036,24C_2.0A,80,24.0,True,0.9818,0.95483,0.95427,0.02697,0.02752,0.00055
B0036,24C_2.0A,81,24.0,True,0.98054,0.95299,0.95245,0.02755,0.02809,0.00054
B0036,24C_2.0A,82,24.0,True,0.97428,0.95009,0.94953,0.02419,0.02475,0.00056
B0036,24C_2.0A,83,24.0,True,0.97488,0.94955,0.94898,0.02533,0.0259,0.00057
B0036,24C_2.0A,84,24.0,True,0.97345,0.95114,0.95057,0.02231,0.02289,0.00057
B0036,24C_2.0A,85,24.0,True,0.97172,0.94963,0.94904,0.0221,0.02268,0.00059
B0036,24C_2.0A,86,24.0,True,0.96882,0.94745,0.94687,0.02137,0.02195,0.00058
B0036,24C_2.0A,87,24.0,True,0.9676,0.9455,0.94491,0.0221,0.02269,0.00059
B0036,24C_2.0A,88,24.0,True,0.96713,0.9479,0.94731,0.01923,0.01982,0.00059
B0036,24C_2.0A,89,24.0,True,0.96877,0.94601,0.94541,0.02276,0.02337,0.00061
B0036,24C_2.0A,90,24.0,True,0.97438,0.94829,0.94768,0.02609,0.0267,0.00061
B0036,24C_2.0A,91,24.0,True,0.97725,0.95014,0.94953,0.02711,0.02771,0.00061
B0036,24C_2.0A,92,24.0,True,0.96963,0.95171,0.9511,0.01793,0.01853,0.0006
B0036,24C_2.0A,93,24.0,True,0.96172,0.94683,0.94622,0.01489,0.0155,0.00061
B0036,24C_2.0A,94,24.0,True,0.95381,0.94024,0.93961,0.01358,0.0142,0.00063
B0036,24C_2.0A,95,24.0,True,0.94842,0.93861,0.93797,0.00982,0.01045,0.00064
B0036,24C_2.0A,96,24.0,True,0.96164,0.9443,0.94366,0.01734,0.01798,0.00064
B0036,24C_2.0A,97,24.0,True,0.96604,0.94226,0.94161,0.02377,0.02442,0.00065
B0036,24C_2.0A,98,24.0,True,0.96203,0.94375,0.9431,0.01828,0.01893,0.00065
B0036,24C_2.0A,99,24.0,True,0.94727,0.93902,0.93835,0.00825,0.00892,0.00067
B0036,24C_2.0A,100,24.0,True,0.94346,0.93593,0.93527,0.00752,0.00819,0.00066
B0036,24C_2.0A,101,24.0,True,0.9445,0.93454,0.93388,0.00996,0.01063,0.00067
B0036,24C_2.0A,102,24.0,True,0.95907,0.93992,0.93924,0.01915,0.01982,0.00067
B0036,24C_2.0A,103,24.0,True,0.96641,0.94302,0.94233,0.0234,0.02408,0.00068
B0036,24C_2.0A,104,24.0,True,0.95148,0.9403,0.93962,0.01118,0.01187,0.00069
B0036,24C_2.0A,105,24.0,True,0.93687,0.93448,0.93379,0.00238,0.00307,0.00069
B0036,24C_2.0A,106,24.0,True,0.93578,0.93556,0.93488,0.00022,0.00091,0.00069
B0036,24C_2.0A,107,24.0,True,0.93619,0.93293,0.93223,0.00325,0.00396,0.00071
B0036,24C_2.0A,108,24.0,True,0.9556,0.94076,0.94005,0.01484,0.01554,0.00071
B0036,24C_2.0A,109,24.0,True,0.95847,0.94141,0.9407,0.01707,0.01777,0.0007
B0036,24C_2.0A,110,24.0,True,0.94405,0.93509,0.93438,0.00897,0.00968,0.00071
B0036,24C_2.0A,111,24.0,True,0.93012,0.92844,0.92771,0.00168,0.00241,0.00073
B0036,24C_2.0A,112,24.0,True,0.92482,0.92588,0.92512,0.00106,0.0003,0.00075
B0036,24C_2.0A,113,24.0,True,0.93867,0.93176,0.93102,0.00691,0.00765,0.00074
B0036,24C_2.0A,114,24.0,True,0.97563,1.35698,1.35692,0.38135,0.38128,7e-05
B0036,24C_2.0A,115,24.0,True,0.94757,0.93906,0.93834,0.00851,0.00923,0.00072
B0036,24C_2.0A,116,24.0,True,0.93321,0.93292,0.93218,0.00029,0.00103,0.00074
B0036,24C_2.0A,117,24.0,True,0.92763,0.92896,0.9282,0.00133,0.00057,0.00076
B0036,24C_2.0A,118,24.0,True,0.92616,0.92745,0.9267,0.00129,0.00054,0.00075
B0036,24C_2.0A,119,24.0,True,0.92227,0.92498,0.92421,0.00272,0.00195,0.00077
B0036,24C_2.0A,120,24.0,True,0.92431,0.92401,0.92322,0.00029,0.00109,0.00079
B0036,24C_2.0A,121,24.0,True,0.91974,0.92546,0.92468,0.00572,0.00494,0.00078
B0036,24C_2.0A,122,24.0,True,0.91812,0.92135,0.92057,0.00324,0.00245,0.00078
B0036,24C_2.0A,123,24.0,True,0.91399,0.923,0.9222,0.00901,0.00821,0.0008
B0036,24C_2.0A,124,24.0,True,0.91106,0.92185,0.92106,0.01079,0.00999,0.0008
B0036,24C_2.0A,125,24.0,True,0.91464,0.92223,0.92142,0.00758,0.00678,0.0008
B0036,24C_2.0A,126,24.0,True,0.91208,0.92028,0.91948,0.0082,0.00739,0.0008
B0036,24C_2.0A,127,24.0,True,0.90861,0.91654,0.91575,0.00794,0.00715,0.00079
B0036,24C_2.0A,128,24.0,True,0.90637,0.91791,0.91711,0.01154,0.01074,0.00081
B0036,24C_2.0A,129,24.0,True,0.90571,0.91579,0.91496,0.01007,0.00925,0.00082
B0036,24C_2.0A,130,24.0,True,0.92706,0.92602,0.9252,0.00104,0.00186,0.00082
B0036,24C_2.0A,131,24.0,True,0.92904,0.92769,0.92686,0.00135,0.00218,0.00083
B0036,24C_2.0A,132,24.0,True,0.91995,0.92489,0.92406,0.00494,0.00411,0.00083
B0036,24C_2.0A,133,24.0,True,0.90903,0.91794,0.9171,0.00891,0.00807,0.00083
B0036,24C_2.0A,134,24.0,True,0.90342,0.91437,0.91353,0.01095,0.01011,0.00085
B0036,24C_2.0A,135,24.0,True,0.94452,0.92826,0.9273,0.01625,0.01722,0.00097
B0036,24C_2.0A,136,24.0,True,0.9471,0.93319,0.93237,0.01391,0.01474,0.00083
B0036,24C_2.0A,137,24.0,True,0.9276,0.9293,0.92846,0.0017,0.00086,0.00085
B0036,24C_2.0A,138,24.0,True,0.91915,0.92198,0.92113,0.00283,0.00198,0.00085
B0036,24C_2.0A,139,24.0,True,0.90902,0.91943,0.91858,0.01041,0.00956,0.00085
B0036,24C_2.0A,140,24.0,True,0.8975,0.91436,0.9135,0.01686,0.016,0.00087
B0036,24C_2.0A,141,24.0,True,0.91512,0.92025,0.91939,0.00513,0.00427,0.00086
B0036,24C_2.0A,142,24.0,True,0.91823,0.92188,0.92103,0.00365,0.0028,0.00085
B0036,24C_2.0A,143,24.0,True,0.90113,0.91393,0.91305,0.01279,0.01192,0.00088
B0036,24C_2.0A,144,24.0,True,0.89037,0.91102,0.91014,0.02065,0.01977,0.00088
B0036,24C_2.0A,145,24.0,True,0.88729,0.90747,0.90658,0.02018,0.01929,0.00089
B0036,24C_2.0A,146,24.0,True,0.8982,0.90911,0.90821,0.01091,0.01001,0.0009
B0036,24C_2.0A,147,24.0,True,0.90214,0.91465,0.91377,0.01251,0.01162,0.00089
B0036,24C_2.0A,148,24.0,True,0.9206,0.91864,0.91775,0.00196,0.00285,0.00089
B0036,24C_2.0A,149,24.0,True,0.90193,0.91105,0.91014,0.00912,0.00821,0.00091
B0036,24C_2.0A,150,24.0,True,0.89263,0.90307,0.90215,0.01044,0.00952,0.00093
B0036,24C_2.0A,151,24.0,True,0.88691,0.90041,0.89948,0.0135,0.01256,0.00094
B0036,24C_2.0A,152,24.0,True,0.88515,0.90213,0.90119,0.01698,0.01604,0.00094
B0036,24C_2.0A,153,24.0,True,0.8832,0.89878,0.89784,0.01559,0.01464,0.00095
B0036,24C_2.0A,154,24.0,True,0.88117,0.89597,0.89503,0.0148,0.01386,0.00094
B0036,24C_2.0A,155,24.0,True,0.87634,0.89502,0.89405,0.01868,0.01771,0.00097
B0036,24C_2.0A,156,24.0,True,0.96625,0.9256,0.92468,0.04064,0.04157,0.00092
B0036,24C_2.0A,157,24.0,True,0.95672,0.93555,0.93465,0.02117,0.02207,0.0009
B0036,24C_2.0A,158,24.0,True,0.94959,0.93202,0.93111,0.01757,0.01848,0.00091
B0036,24C_2.0A,159,24.0,True,0.94526,0.92886,0.92795,0.0164,0.01731,0.00091
B0036,24C_2.0A,160,24.0,True,0.94163,0.92526,0.92434,0.01637,0.01729,0.00093
B0036,24C_2.0A,161,24.0,True,0.94695,0.92712,0.92621,0.01983,0.02074,0.00091
B0036,24C_2.0A,162,24.0,True,0.95038,0.92981,0.92888,0.02057,0.0215,0.00092
B0036,24C_2.0A,163,24.0,True,0.93472,0.92527,0.92432,0.00945,0.0104,0.00095
B0036,24C_2.0A,164,24.0,True,0.92703,0.91734,0.91638,0.00969,0.01065,0.00096
B0036,24C_2.0A,165,24.0,True,0.92157,0.91404,0.91307,0.00754,0.0085,0.00096
B0036,24C_2.0A,166,24.0,True,0.92244,0.91189,0.91092,0.01055,0.01152,0.00097
B0036,24C_2.0A,167,24.0,True,0.92834,0.91676,0.9158,0.01158,0.01254,0.00096
B0036,24C_2.0A,168,24.0,True,0.92863,0.91509,0.9141,0.01354,0.01452,0.00099
B0036,24C_2.0A,169,24.0,True,0.91905,0.91493,0.91394,0.00412,0.00511,0.001
B0036,24C_2.0A,170,24.0,True,0.90974,0.90825,0.90725,0.0015,0.00249,0.00099
B0036,24C_2.0A,171,24.0,True,0.90396,0.9068,0.9058,0.00284,0.00184,0.001
B0036,24C_2.0A,172,24.0,True,0.90211,0.90496,0.90396,0.00285,0.00185,0.001
B0036,24C_2.0A,173,24.0,True,0.91497,0.90988,0.90888,0.00509,0.0061,0.001
B0036,24C_2.0A,174,24.0,True,0.91582,0.90831,0.90731,0.00751,0.00852,0.00101
B0036,24C_2.0A,175,24.0,True,0.90432,0.90563,0.90462,0.00131,0.00029,0.00102
B0036,24C_2.0A,176,24.0,True,0.89401,0.90057,0.89954,0.00656,0.00553,0.00103
B0036,24C_2.0A,177,24.0,True,0.92396,0.91145,0.91043,0.01251,0.01353,0.00101
B0036,24C_2.0A,178,24.0,True,0.90282,0.9024,0.90137,0.00042,0.00145,0.00103
B0036,24C_2.0A,179,24.0,True,0.89569,0.89924,0.89819,0.00355,0.0025,0.00105
B0036,24C_2.0A,180,24.0,True,0.89091,0.89524,0.89418,0.00433,0.00327,0.00106
B0036,24C_2.0A,181,24.0,True,0.88654,0.89266,0.89162,0.00612,0.00508,0.00104
B0036,24C_2.0A,182,24.0,True,0.88604,0.89324,0.89218,0.0072,0.00614,0.00106
B0036,24C_2.0A,183,24.0,True,0.88486,0.89298,0.89191,0.00812,0.00705,0.00107
B0036,24C_2.0A,184,24.0,True,0.88098,0.89213,0.89106,0.01115,0.01008,0.00107
B0036,24C_2.0A,185,24.0,True,0.87671,0.88933,0.88825,0.01262,0.01154,0.00108
B0036,24C_2.0A,186,24.0,True,0.87319,0.88552,0.88443,0.01233,0.01124,0.00109
B0036,24C_2.0A,187,24.0,True,0.87081,0.88491,0.88381,0.0141,0.013,0.0011
B0036,24C_2.0A,188,24.0,True,0.86957,0.88392,0.8828,0.01435,0.01323,0.00112
B0036,24C_2.0A,189,24.0,True,0.8627,0.87987,0.87875,0.01717,0.01605,0.00112
B0036,24C_2.0A,190,24.0,True,0.85932,0.87521,0.87409,0.01589,0.01477,0.00112
B0036,24C_2.0A,191,24.0,True,0.85631,0.87281,0.87169,0.0165,0.01538,0.00112
B0036,24C_2.0A,192,24.0,True,0.85505,0.87335,0.87222,0.0183,0.01717,0.00113
B0036,24C_2.0A,193,24.0,True,0.88427,0.88667,0.88553,0.0024,0.00126,0.00114
B0036,24C_2.0A,194,24.0,True,0.87837,0.88597,0.88485,0.0076,0.00648,0.00112
B0036,24C_2.0A,195,24.0,True,0.86259,0.87696,0.87584,0.01438,0.01325,0.00113
B0036,24C_2.0A,196,24.0,True,0.85186,0.86777,0.86663,0.01591,0.01476,0.00115
B0036,24C_2.0A,197,24.0,True,0.84531,0.86564,0.86448,0.02033,0.01917,0.00116
B0038,44C_1.0A,1,24.0,True,,0.84617,0.84538,,,0.00078
B0038,44C_1.0A,2,24.0,True,,1.03891,1.03917,,,-0.00026
B0038,44C_1.0A,3,24.0,True,1.0,1.02568,1.02585,0.02568,0.02585,-0.00017
B0038,44C_1.0A,4,24.0,True,0.83951,1.0,1.0,0.16049,0.16049,0.0
B0038,44C_1.0A,5,24.0,True,0.84526,0.97492,0.97474,0.12965,0.12947,0.00018
B0038,44C_1.0A,6,24.0,True,1.02092,0.96766,0.96737,0.05326,0.05355,0.00028
B0038,44C_1.0A,7,24.0,True,,1.01618,1.0161,,,8e-05
B0038,44C_1.0A,8,24.0,True,,1.00242,1.00226,,,0.00015
B0038,44C_1.0A,9,24.0,True,,0.97676,0.97649,,,0.00027
B0038,44C_1.0A,10,24.0,True,,0.97137,0.97104,,,0.00033
B0038,44C_1.0A,11,24.0,True,,0.95542,0.955,,,0.00042
B0038,44C_1.0A,12,24.0,True,,0.95024,0.94971,,,0.00053
B0038,44C_1.0A,13,44.0,False,,1.64127,1.64879,,,-0.00752
B0038,44C_1.0A,14,44.0,False,,1.67691,1.68461,,,-0.00771
B0038,44C_1.0A,15,44.0,False,,1.67862,1.68633,,,-0.00771
B0038,44C_1.0A,16,44.0,False,,1.68043,1.68814,,,-0.00771
B0038,44C_1.0A,17,44.0,False,,1.68322,1.69094,,,-0.00772
B0038,44C_1.0A,18,44.0,False,,1.6828,1.69051,,,-0.00771
B0038,44C_1.0A,19,44.0,False,,1.67428,1.68193,,,-0.00765
B0038,44C_1.0A,20,44.0,False,,1.6785,1.68617,,,-0.00767
B0038,44C_1.0A,21,44.0,False,,1.68275,1.69044,,,-0.00769
B0038,44C_1.0A,22,44.0,False,,1.68206,1.68974,,,-0.00768
B0038,44C_1.0A,23,44.0,False,,1.68054,1.68819,,,-0.00765
B0038,44C_1.0A,24,44.0,False,,1.67685,1.68448,,,-0.00763
B0038,44C_1.0A,25,44.0,False,,1.68102,1.68868,,,-0.00765
B0038,44C_1.0A,26,44.0,False,,1.68026,1.6879,,,-0.00764
B0038,44C_1.0A,27,44.0,False,,1.67679,1.68441,,,-0.00762
B0038,44C_1.0A,28,44.0,False,,1.67871,1.68634,,,-0.00763
B0038,44C_1.0A,29,44.0,False,,1.67488,1.68247,,,-0.0076
B0038,44C_1.0A,30,44.0,False,,1.67498,1.68258,,,-0.0076
B0038,44C_1.0A,31,44.0,False,,1.67616,1.68376,,,-0.0076
B0038,44C_1.0A,32,44.0,False,,1.67788,1.68547,,,-0.00759
B0038,44C_1.0A,33,44.0,False,,1.67566,1.68322,,,-0.00756
B0038,44C_1.0A,34,44.0,False,,1.67619,1.68376,,,-0.00757
B0038,44C_1.0A,35,44.0,False,,1.67644,1.684,,,-0.00756
B0038,44C_1.0A,36,44.0,False,,1.67519,1.68274,,,-0.00755
B0038,44C_1.0A,37,44.0,False,,1.67642,1.68397,,,-0.00755
B0038,44C_1.0A,38,44.0,False,,1.67344,1.68098,,,-0.00754
B0038,44C_1.0A,39,44.0,False,,1.67254,1.68006,,,-0.00752
B0038,44C_1.0A,40,44.0,False,,1.63292,1.63861,,,-0.00568
B0038,44C_1.0A,41,44.0,False,,1.63898,1.6447,,,-0.00573
B0038,44C_1.0A,42,44.0,False,,1.63739,1.64311,,,-0.00571
B0038,44C_1.0A,43,44.0,False,,1.63006,1.63571,,,-0.00565
B0038,44C_1.0A,44,44.0,False,,1.62913,1.63479,,,-0.00565
B0038,44C_1.0A,45,44.0,False,,1.62873,1.63434,,,-0.00561
B0038,44C_1.0A,46,44.0,False,,1.43758,1.43888,,,-0.0013
B0038,44C_1.0A,47,44.0,False,,1.44173,1.44304,,,-0.0013
B0039,44C_1.0A,2,24.0,True,1.04761,1.00392,1.00418,0.04369,0.04343,-0.00026
B0039,44C_1.0A,4,24.0,True,1.01053,1.01618,1.01647,0.00565,0.00594,-0.00029
B0039,44C_1.0A,5,24.0,True,1.0,1.0,1.0,0.0,0.0,0.0
B0039,44C_1.0A,6,24.0,True,0.95979,0.99083,0.99057,0.03104,0.03078,0.00026
B0039,44C_1.0A,7,24.0,True,,0.99757,0.99726,,,0.00031
B0039,44C_1.0A,8,24.0,True,0.97122,0.9821,0.98159,0.01088,0.01037,0.00051
B0039,44C_1.0A,9,24.0,True,0.93619,0.97741,0.97691,0.04122,0.04073,0.00049
B0039,44C_1.0A,10,24.0,True,0.85437,0.9365,0.9354,0.08214,0.08103,0.0011
B0039,44C_1.0A,11,24.0,True,0.89027,0.94143,0.94037,0.05116,0.0501,0.00106
B0039,44C_1.0A,12,24.0,True,0.86072,0.87589,0.87385,0.01517,0.01313,0.00204
B0039,44C_1.0A,13,44.0,False,,3.7063,3.74864,,,-0.04234
B0039,44C_1.0A,14,44.0,False,,3.75585,3.79882,,,-0.04297
B0039,44C_1.0A,15,44.0,False,,3.76013,3.80311,,,-0.04298
B0039,44C_1.0A,16,44.0,False,,3.75819,3.80113,,,-0.04295
B0039,44C_1.0A,17,44.0,False,,3.75772,3.80065,,,-0.04294
B0039,44C_1.0A,18,44.0,False,,3.75581,3.79871,,,-0.04289
B0039,44C_1.0A,19,44.0,False,,3.74377,3.7865,,,-0.04273
B0039,44C_1.0A,20,44.0,False,,3.7602,3.80312,,,-0.04292
B0039,44C_1.0A,21,44.0,False,,3.75711,3.79998,,,-0.04286
B0039,44C_1.0A,22,44.0,False,,3.74997,3.79273,,,-0.04276
B0039,44C_1.0A,23,44.0,False,,3.74598,3.78867,,,-0.04269
B0039,44C_1.0A,24,44.0,False,,3.74378,3.78642,,,-0.04264
B0039,44C_1.0A,25,44.0,False,,3.74778,3.79048,,,-0.0427
B0039,44C_1.0A,26,44.0,False,,3.74532,3.78795,,,-0.04264
B0039,44C_1.0A,27,44.0,False,,3.73754,3.78007,,,-0.04253
B0039,44C_1.0A,28,44.0,False,,3.73529,3.77779,,,-0.0425
B0039,44C_1.0A,29,44.0,False,,3.73371,3.77618,,,-0.04247
B0039,44C_1.0A,30,44.0,False,,3.72725,3.76964,,,-0.04239
B0039,44C_1.0A,31,44.0,False,,3.72962,3.77202,,,-0.0424
B0039,44C_1.0A,32,44.0,False,,3.72691,3.76926,,,-0.04235
B0039,44C_1.0A,33,44.0,False,,3.7215,3.76374,,,-0.04224
B0039,44C_1.0A,34,44.0,False,,3.71582,3.75802,,,-0.04219
B0039,44C_1.0A,35,44.0,False,,3.71653,3.75867,,,-0.04213
B0039,44C_1.0A,36,44.0,False,,3.71357,3.75567,,,-0.0421
B0039,44C_1.0A,37,44.0,False,,3.7096,3.75167,,,-0.04207
B0039,44C_1.0A,38,44.0,False,,3.70257,3.74451,,,-0.04194
B0039,44C_1.0A,39,44.0,False,,3.7002,3.74212,,,-0.04192
B0039,44C_1.0A,40,44.0,False,,3.51419,3.55019,,,-0.036
B0039,44C_1.0A,41,44.0,False,,3.48725,3.52291,,,-0.03566
B0039,44C_1.0A,42,44.0,False,,3.46901,3.50444,,,-0.03543
B0039,44C_1.0A,43,44.0,False,,3.45229,3.48749,,,-0.0352
B0039,44C_1.0A,44,44.0,False,,3.43607,3.47107,,,-0.035
B0039,44C_1.0A,45,44.0,False,,3.42043,3.45517,,,-0.03473
B0039,44C_1.0A,46,44.0,False,,2.81039,2.83029,,,-0.0199
B0039,44C_1.0A,47,44.0,False,,2.79183,2.81147,,,-0.01964
B0040,44C_1.0A,1,24.0,True,0.98728,0.86387,0.86295,0.12341,0.12433,0.00092
B0040,44C_1.0A,2,24.0,True,0.83721,1.01503,1.0152,0.17782,0.17799,-0.00017
B0040,44C_1.0A,3,24.0,True,,1.00897,1.00908,,,-0.00011
B0040,44C_1.0A,4,24.0,True,1.0,1.0,1.0,0.0,0.0,0.0
B0040,44C_1.0A,5,24.0,True,1.03099,0.9785,0.97829,0.05249,0.0527,0.00021
B0040,44C_1.0A,6,24.0,True,1.05288,0.94986,0.94933,0.10302,0.10355,0.00054
B0040,44C_1.0A,7,24.0,True,,0.99847,0.99823,,,0.00025
B0040,44C_1.0A,8,24.0,True,0.7198,0.99196,0.99166,0.27216,0.27186,0.0003
B0040,44C_1.0A,9,24.0,True,0.685,0.97354,0.97316,0.28854,0.28816,0.00038
B0040,44C_1.0A,10,24.0,True,0.58193,0.95017,0.94956,0.36824,0.36763,0.00061
B0040,44C_1.0A,11,24.0,True,0.62977,0.95515,0.95457,0.32538,0.32481,0.00057
B0040,44C_1.0A,12,24.0,True,0.81466,0.91714,0.91616,0.10247,0.1015,0.00098
B0040,44C_1.0A,13,44.0,False,,2.19028,2.20447,,,-0.01419
B0040,44C_1.0A,14,44.0,False,,2.22025,2.23467,,,-0.01442
B0040,44C_1.0A,15,44.0,False,,2.22274,2.23716,,,-0.01442
B0040,44C_1.0A,16,44.0,False,,2.2214,2.23578,,,-0.01438
B0040,44C_1.0A,17,44.0,False,,2.22442,2.23884,,,-0.01442
B0040,44C_1.0A,18,44.0,False,,2.22358,2.23798,,,-0.0144
B0040,44C_1.0A,19,44.0,False,,2.21182,2.22611,,,-0.01429
B0040,44C_1.0A,20,44.0,False,,2.22156,2.23593,,,-0.01437
B0040,44C_1.0A,21,44.0,False,,2.22344,2.23781,,,-0.01437
B0040,44C_1.0A,22,44.0,False,,2.22191,2.23624,,,-0.01433
B0040,44C_1.0A,23,44.0,False,,2.22359,2.23794,,,-0.01435
B0040,44C_1.0A,24,44.0,False,,2.22217,2.23649,,,-0.01433
B0040,44C_1.0A,25,44.0,False,,2.22402,2.23835,,,-0.01433
B0040,44C_1.0A,26,44.0,False,,2.22292,2.23724,,,-0.01432
B0040,44C_1.0A,27,44.0,False,,2.22154,2.23583,,,-0.01429
B0040,44C_1.0A,28,44.0,False,,2.22002,2.23432,,,-0.01431
B0040,44C_1.0A,29,44.0,False,,2.21861,2.23288,,,-0.01427
B0040,44C_1.0A,30,44.0,False,,2.21863,2.23291,,,-0.01427
B0040,44C_1.0A,31,44.0,False,,2.22005,2.23431,,,-0.01427
B0040,44C_1.0A,32,44.0,False,,2.21819,2.23244,,,-0.01425
B0040,44C_1.0A,33,44.0,False,,2.21886,2.23306,,,-0.0142
B0040,44C_1.0A,34,44.0,False,,2.21514,2.22934,,,-0.0142
B0040,44C_1.0A,35,44.0,False,,2.21556,2.22973,,,-0.01417
B0040,44C_1.0A,36,44.0,False,,2.21729,2.23148,,,-0.0142
B0040,44C_1.0A,37,44.0,False,,2.21481,2.22898,,,-0.01417
B0040,44C_1.0A,38,44.0,False,,2.2143,2.22846,,,-0.01415
B0040,44C_1.0A,39,44.0,False,,2.21306,2.2272,,,-0.01414
B0040,44C_1.0A,40,44.0,False,,2.13806,2.14946,,,-0.0114
B0040,44C_1.0A,41,44.0,False,,2.138,2.14939,,,-0.01139
B0040,44C_1.0A,42,44.0,False,,2.12719,2.13849,,,-0.01131
B0040,44C_1.0A,43,44.0,False,,2.11692,2.12814,,,-0.01122
B0040,44C_1.0A,44,44.0,False,,2.11566,2.12688,,,-0.01122
B0040,44C_1.0A,45,44.0,False,,2.10614,2.11724,,,-0.0111
B0040,44C_1.0A,46,44.0,False,,0.5462,0.54137,,,0.00483
B0040,44C_1.0A,47,44.0,False,,0.71447,0.71086,,,0.00361
B0042,22C_2.0A,1,22.0,True,1.01764,1.00028,1.00029,0.01736,0.01734,-2e-05
B0042,22C_2.0A,2,22.0,True,1.00218,1.00187,1.00188,0.00031,0.0003,-1e-05
B0042,22C_2.0A,3,22.0,True,1.0,1.0,1.0,0.0,0.0,0.0
B0042,22C_2.0A,4,22.0,True,0.99526,0.99543,0.99541,0.00017,0.00014,3e-05
B0042,22C_2.0A,5,22.0,True,0.98879,0.99649,0.99645,0.0077,0.00766,4e-05
B0042,22C_2.0A,7,22.0,True,0.97321,0.98868,0.98862,0.01546,0.0154,6e-05
B0042,22C_2.0A,8,22.0,True,0.96943,0.98577,0.98568,0.01635,0.01626,9e-05
B0042,22C_2.0A,9,22.0,True,0.96665,0.98125,0.98116,0.0146,0.01451,9e-05
B0042,22C_2.0A,10,22.0,True,0.96295,0.98072,0.98061,0.01777,0.01767,0.0001
B0042,22C_2.0A,11,22.0,True,0.96318,0.97642,0.9763,0.01323,0.01311,0.00012
B0042,22C_2.0A,12,22.0,True,0.95635,0.97556,0.97543,0.01921,0.01908,0.00012
B0042,22C_2.0A,13,22.0,True,0.951,0.9711,0.97095,0.0201,0.01996,0.00014
B0042,22C_2.0A,14,22.0,True,0.94663,0.9686,0.96845,0.02197,0.02182,0.00015
B0042,22C_2.0A,15,22.0,True,0.94212,0.9676,0.96742,0.02547,0.0253,0.00017
B0042,22C_2.0A,16,22.0,True,0.9423,0.96977,0.96959,0.02747,0.02729,0.00018
B0042,22C_2.0A,17,22.0,True,0.93538,0.96157,0.96137,0.02619,0.02599,0.0002
B0042,22C_2.0A,18,22.0,True,0.93045,0.96091,0.9607,0.03045,0.03025,0.0002
B0042,22C_2.0A,19,22.0,True,0.92646,0.9565,0.95629,0.03004,0.02983,0.00021
B0042,22C_2.0A,20,22.0,True,0.92211,0.9547,0.95445,0.03259,0.03234,0.00025
B0042,22C_2.0A,21,22.0,True,0.94471,0.97284,0.97264,0.02813,0.02793,0.0002
B0042,22C_2.0A,22,22.0,True,0.93517,0.96633,0.96611,0.03117,0.03095,0.00022
B0042,22C_2.0A,23,22.0,True,0.92569,0.96467,0.96444,0.03898,0.03875,0.00023
B0042,22C_2.0A,24,22.0,True,0.91918,0.95872,0.95846,0.03953,0.03928,0.00025
B0042,22C_2.0A,25,22.0,True,0.91303,0.95183,0.95156,0.03879,0.03853,0.00027
B0042,22C_2.0A,26,22.0,True,0.90965,0.94849,0.94821,0.03884,0.03856,0.00028
B0042,22C_2.0A,27,22.0,True,0.91019,0.94956,0.94926,0.03937,0.03907,0.00029
B0042,22C_2.0A,28,22.0,True,0.90278,0.95084,0.95054,0.04805,0.04776,0.00029
B0042,22C_2.0A,29,22.0,True,0.8962,0.94308,0.94278,0.04689,0.04658,0.00031
B0042,22C_2.0A,30,22.0,True,0.88921,0.9396,0.93928,0.05039,0.05006,0.00032
B0042,22C_2.0A,31,22.0,True,0.88208,0.93658,0.93624,0.05451,0.05416,0.00034
B0042,22C_2.0A,32,22.0,True,0.88132,0.93699,0.93664,0.05567,0.05531,0.00035
B0042,22C_2.0A,33,22.0,True,0.87837,0.93424,0.93389,0.05587,0.05552,0.00035
B0042,22C_2.0A,34,22.0,True,0.86821,0.92997,0.9296,0.06176,0.06139,0.00037
B0042,22C_2.0A,35,22.0,True,0.85806,0.92653,0.92614,0.06847,0.06808,0.00039
B0042,22C_2.0A,36,22.0,True,0.84922,0.92235,0.92195,0.07313,0.07272,0.00041
B0042,22C_2.0A,37,22.0,True,0.85333,0.92273,0.92233,0.06939,0.06899,0.0004
B0042,22C_2.0A,38,22.0,True,0.85155,0.91898,0.91856,0.06743,0.06701,0.00042
B0042,22C_2.0A,39,22.0,True,0.84821,0.91885,0.91842,0.07064,0.07022,0.00042
B0042,22C_2.0A,40,22.0,True,0.83917,0.91418,0.91374,0.07501,0.07458,0.00044
B0042,22C_2.0A,41,22.0,True,0.82601,0.90589,0.90544,0.07988,0.07943,0.00045
B0042,22C_2.0A,88,4.0,False,0.54003,0.83191,0.83223,0.29188,0.2922,-0.00033
B0042,22C_2.0A,89,4.0,False,0.55555,0.88217,0.88258,0.32662,0.32703,-0.0004
B0042,22C_2.0A,90,4.0,False,0.56128,0.88039,0.88079,0.31911,0.31951,-0.0004
B0042,22C_2.0A,91,4.0,False,0.57663,0.87692,0.87731,0.30029,0.30068,-0.00039
B0042,22C_2.0A,92,4.0,False,0.53822,0.8705,0.87087,0.33228,0.33265,-0.00038
B0042,22C_2.0A,93,4.0,False,0.60392,0.86802,0.86839,0.26411,0.26447,-0.00036
B0042,22C_2.0A,94,4.0,False,0.60009,0.86158,0.86193,0.26149,0.26184,-0.00035
B0042,22C_2.0A,95,4.0,False,0.59247,0.85695,0.85729,0.26449,0.26483,-0.00034
B0042,22C_2.0A,96,4.0,False,0.57448,0.8542,0.85453,0.27973,0.28005,-0.00032
B0042,22C_2.0A,97,4.0,False,0.58601,0.84841,0.84873,0.2624,0.26272,-0.00032
B0042,22C_2.0A,98,4.0,False,0.57193,0.8444,0.84472,0.27247,0.27279,-0.00032
B0042,22C_2.0A,99,4.0,False,0.55802,0.83652,0.83682,0.2785,0.27881,-0.0003
B0042,22C_2.0A,100,4.0,False,0.59661,0.83326,0.83354,0.23665,0.23693,-0.00028
B0042,22C_2.0A,101,4.0,False,0.58802,0.82687,0.82715,0.23885,0.23913,-0.00028
B0042,22C_2.0A,102,4.0,False,0.58255,0.81828,0.81853,0.23572,0.23598,-0.00025
B0042,22C_2.0A,103,4.0,False,0.52458,0.8191,0.81936,0.29453,0.29479,-0.00026
B0042,22C_2.0A,104,4.0,False,0.57487,0.80975,0.80998,0.23488,0.23511,-0.00023
B0042,22C_2.0A,105,4.0,False,0.52335,0.80774,0.80798,0.28439,0.28462,-0.00024
B0042,22C_2.0A,106,4.0,False,0.51298,0.80601,0.80623,0.29304,0.29326,-0.00022
B0042,22C_2.0A,107,4.0,False,0.53848,0.79508,0.79528,0.2566,0.25681,-0.00021
B0042,22C_2.0A,108,4.0,False,0.51063,0.79575,0.79596,0.28513,0.28533,-0.0002
B0042,22C_2.0A,109,4.0,False,0.55051,0.79109,0.79128,0.24059,0.24077,-0.00019
B0042,22C_2.0A,110,4.0,False,0.53788,0.78513,0.78531,0.24725,0.24744,-0.00019
B0042,22C_2.0A,111,4.0,False,0.53752,0.77821,0.77838,0.24069,0.24086,-0.00017
B0042,22C_2.0A,112,4.0,False,0.5279,0.77389,0.77405,0.24599,0.24615,-0.00016
B0043,22C_2.0A,1,22.0,True,1.03252,1.0192,1.01926,0.01332,0.01327,-5e-05
B0043,22C_2.0A,2,22.0,True,1.00875,1.00837,1.00839,0.00038,0.00036,-2e-05
B0043,22C_2.0A,3,22.0,True,1.0,1.0,1.0,0.0,0.0,0.0
B0043,22C_2.0A,4,22.0,True,0.99327,0.9983,0.99828,0.00503,0.00502,2e-05
B0043,22C_2.0A,5,22.0,True,0.98519,0.99282,0.99278,0.00763,0.00759,4e-05
B0043,22C_2.0A,7,22.0,True,0.96506,0.98793,0.98787,0.02287,0.0228,6e-05
B0043,22C_2.0A,8,22.0,True,0.95906,0.98165,0.98156,0.02259,0.0225,0.0001
B0043,22C_2.0A,9,22.0,True,0.9543,0.97677,0.97667,0.02247,0.02237,0.0001
B0043,22C_2.0A,10,22.0,True,0.9465,0.97257,0.97245,0.02607,0.02595,0.00012
B0043,22C_2.0A,11,22.0,True,0.94244,0.9713,0.97118,0.02886,0.02874,0.00012
B0043,22C_2.0A,12,22.0,True,0.93389,0.96693,0.96679,0.03304,0.0329,0.00015
B0043,22C_2.0A,13,22.0,True,0.92904,0.96223,0.96207,0.03319,0.03303,0.00016
B0043,22C_2.0A,14,22.0,True,0.92052,0.95966,0.9595,0.03914,0.03897,0.00017
B0043,22C_2.0A,15,22.0,True,0.9141,0.955,0.95479,0.0409,0.0407,0.0002
B0043,22C_2.0A,16,22.0,True,0.90987,0.95353,0.95333,0.04366,0.04346,0.0002
B0043,22C_2.0A,17,22.0,True,0.90056,0.94864,0.94842,0.04808,0.04785,0.00022
B0043,22C_2.0A,18,22.0,True,0.89233,0.94429,0.94406,0.05196,0.05173,0.00023
B0043,22C_2.0A,19,22.0,True,0.88793,0.93968,0.93943,0.05175,0.0515,0.00025
B0043,22C_2.0A,20,22.0,True,0.88017,0.937,0.93671,0.05683,0.05654,0.00029
B0043,22C_2.0A,21,22.0,True,0.9009,0.94857,0.94833,0.04768,0.04743,0.00024
B0043,22C_2.0A,22,22.0,True,0.89475,0.94548,0.94521,0.05073,0.05047,0.00026
B0043,22C_2.0A,23,22.0,True,0.88391,0.94012,0.93983,0.05621,0.05593,0.00028
B0043,22C_2.0A,24,22.0,True,0.87358,0.93395,0.93366,0.06037,0.06008,0.0003
B0043,22C_2.0A,25,22.0,True,0.86518,0.93033,0.93002,0.06515,0.06484,0.00031
B0043,22C_2.0A,26,22.0,True,0.9186,0.92674,0.92642,0.00814,0.00781,0.00032
B0043,22C_2.0A,27,22.0,True,0.85613,0.92401,0.92367,0.06789,0.06754,0.00034
B0043,22C_2.0A,28,22.0,True,0.84928,0.92152,0.92118,0.07224,0.0719,0.00035
B0043,22C_2.0A,29,22.0,True,1.07732,0.91731,0.91695,0.16001,0.16037,0.00036
B0043,22C_2.0A,30,22.0,True,0.97825,0.91738,0.91701,0.06087,0.06124,0.00037
B0043,22C_2.0A,31,22.0,True,1.09799,0.91046,0.91007,0.18753,0.18792,0.0004
B0043,22C_2.0A,32,22.0,True,0.81267,0.9068,0.90639,0.09412,0.09371,0.00041
B0043,22C_2.0A,33,22.0,True,0.81162,0.90377,0.90335,0.09215,0.09174,0.00041
B0043,22C_2.0A,34,22.0,True,0.79761,0.89942,0.899,0.10181,0.10139,0.00042
B0043,22C_2.0A,35,22.0,True,0.7827,0.89201,0.89156,0.10931,0.10886,0.00045
B0043,22C_2.0A,36,22.0,True,0.77347,0.88755,0.88708,0.11408,0.11361,0.00047
B0043,22C_2.0A,37,22.0,True,0.77357,0.88768,0.88722,0.11411,0.11365,0.00046
B0043,22C_2.0A,38,22.0,True,0.77447,0.88755,0.88707,0.11308,0.11261,0.00048
B0043,22C_2.0A,39,22.0,True,0.77201,0.88332,0.88283,0.11132,0.11082,0.00049
B0043,22C_2.0A,40,22.0,True,0.76052,0.87851,0.87801,0.11799,0.11748,0.0005
B0043,22C_2.0A,41,22.0,True,0.74555,0.87391,0.8734,0.12836,0.12785,0.00051
B0043,22C_2.0A,88,4.0,False,0.67131,0.90698,0.90743,0.23568,0.23612,-0.00045
B0043,22C_2.0A,89,4.0,False,0.64297,0.92333,0.92381,0.28036,0.28084,-0.00048
B0043,22C_2.0A,90,4.0,False,0.65376,0.9175,0.91797,0.26375,0.26421,-0.00047
B0043,22C_2.0A,91,4.0,False,0.63666,0.91181,0.91225,0.27515,0.27559,-0.00044
B0043,22C_2.0A,92,4.0,False,0.57538,0.90115,0.90158,0.32577,0.32621,-0.00043
B0043,22C_2.0A,93,4.0,False,0.66548,0.89653,0.89694,0.23104,0.23146,-0.00042
B0043,22C_2.0A,94,4.0,False,0.67417,0.8859,0.8863,0.21172,0.21213,-0.0004
B0043,22C_2.0A,95,4.0,False,0.66006,0.87903,0.87941,0.21896,0.21935,-0.00038
B0043,22C_2.0A,96,4.0,False,0.63994,0.87423,0.87458,0.23428,0.23464,-0.00036
B0043,22C_2.0A,97,4.0,False,0.61476,0.86623,0.86659,0.25147,0.25183,-0.00036
B0043,22C_2.0A,98,4.0,False,0.60515,0.85994,0.86028,0.25479,0.25513,-0.00035
B0043,22C_2.0A,99,4.0,False,0.57565,0.85197,0.85231,0.27632,0.27666,-0.00033
B0043,22C_2.0A,100,4.0,False,0.62496,0.84433,0.84464,0.21937,0.21969,-0.00031
B0043,22C_2.0A,101,4.0,False,0.62585,0.83335,0.83364,0.2075,0.20779,-0.0003
B0043,22C_2.0A,102,4.0,False,0.61683,0.82444,0.82472,0.20761,0.20788,-0.00027
B0043,22C_2.0A,103,4.0,False,0.5416,0.82316,0.82343,0.28156,0.28183,-0.00027
B0043,22C_2.0A,104,4.0,False,0.59707,0.81188,0.81212,0.21481,0.21505,-0.00023
B0043,22C_2.0A,105,4.0,False,0.53679,0.8097,0.80995,0.27291,0.27315,-0.00024
B0043,22C_2.0A,106,4.0,False,0.51603,0.80345,0.80368,0.28742,0.28765,-0.00022
B0043,22C_2.0A,107,4.0,False,0.54772,0.78993,0.79013,0.24221,0.24241,-0.0002
B0043,22C_2.0A,108,4.0,False,0.51015,0.78842,0.78861,0.27827,0.27846,-0.00019
B0043,22C_2.0A,109,4.0,False,0.55222,0.78162,0.7818,0.2294,0.22957,-0.00017
B0043,22C_2.0A,110,4.0,False,0.53871,0.77332,0.77348,0.23461,0.23478,-0.00017
B0043,22C_2.0A,111,4.0,False,0.53275,0.76605,0.7662,0.2333,0.23345,-0.00015
B0043,22C_2.0A,112,4.0,False,0.52887,0.75931,0.75945,0.23044,0.23058,-0.00014
B0044,22C_2.0A,1,22.0,True,,1.02003,1.02009,,,-6e-05
B0044,22C_2.0A,2,22.0,True,1.01779,1.00548,1.00549,0.01231,0.0123,-2e-05
B0044,22C_2.0A,3,22.0,True,1.0,1.0,1.0,0.0,0.0,0.0
B0044,22C_2.0A,4,22.0,True,0.99338,0.99505,0.99502,0.00167,0.00164,3e-05
B0044,22C_2.0A,5,22.0,True,0.99562,0.98927,0.98923,0.00635,0.0064,5e-05
B0044,22C_2.0A,7,22.0,True,,0.9839,0.98382,,,8e-05
B0044,22C_2.0A,8,22.0,True,0.96229,0.97736,0.97726,0.01507,0.01497,0.0001
B0044,22C_2.0A,9,22.0,True,0.9521,0.9723,0.97219,0.0202,0.02009,0.00011
B0044,22C_2.0A,10,22.0,True,0.94171,0.96791,0.96778,0.0262,0.02607,0.00013
B0044,22C_2.0A,11,22.0,True,0.98811,0.96641,0.96628,0.0217,0.02184,0.00014
B0044,22C_2.0A,12,22.0,True,0.92831,0.96167,0.96152,0.03336,0.03321,0.00015
B0044,22C_2.0A,13,22.0,True,0.91779,0.95659,0.95642,0.0388,0.03864,0.00017
B0044,22C_2.0A,14,22.0,True,0.9097,0.95044,0.95025,0.04074,0.04055,0.00019
B0044,22C_2.0A,15,22.0,True,0.90084,0.94546,0.94525,0.04462,0.04441,0.00021
B0044,22C_2.0A,16,22.0,True,0.89626,0.94392,0.9437,0.04766,0.04744,0.00022
B0044,22C_2.0A,17,22.0,True,0.88379,0.93891,0.93866,0.05512,0.05487,0.00024
B0044,22C_2.0A,18,22.0,True,0.87741,0.93411,0.93386,0.0567,0.05645,0.00025
B0044,22C_2.0A,19,22.0,True,0.86914,0.92933,0.92906,0.06019,0.05992,0.00027
B0044,22C_2.0A,20,22.0,True,0.86191,0.9258,0.92549,0.0639,0.06358,0.00032
B0044,22C_2.0A,21,22.0,True,0.88441,0.93458,0.93431,0.05017,0.0499,0.00027
B0044,22C_2.0A,22,22.0,True,0.87702,0.93124,0.93096,0.05422,0.05393,0.00029
B0044,22C_2.0A,23,22.0,True,0.86528,0.92569,0.92538,0.06041,0.0601,0.00031
B0044,22C_2.0A,24,22.0,True,0.85383,0.9193,0.91897,0.06548,0.06514,0.00033
B0044,22C_2.0A,25,22.0,True,0.84366,0.91548,0.91514,0.07182,0.07148,0.00034
B0044,22C_2.0A,26,22.0,True,0.83518,0.908,0.90763,0.07282,0.07245,0.00037
B0044,22C_2.0A,27,22.0,True,0.83165,0.90866,0.90829,0.07702,0.07664,0.00037
B0044,22C_2.0A,28,22.0,True,0.82441,0.90607,0.90569,0.08166,0.08128,0.00038
B0044,22C_2.0A,29,22.0,True,0.95758,0.90157,0.90118,0.05601,0.0564,0.00039
B0044,22C_2.0A,30,22.0,True,1.07524,0.89778,0.89738,0.17746,0.17786,0.00041
B0044,22C_2.0A,31,22.0,True,0.79104,0.89061,0.89018,0.09957,0.09914,0.00043
B0044,22C_2.0A,32,22.0,True,0.82528,0.88685,0.88639,0.06157,0.06111,0.00046
B0044,22C_2.0A,33,22.0,True,0.78226,0.88734,0.88689,0.10508,0.10464,0.00045
B0044,22C_2.0A,34,22.0,True,0.76998,0.88266,0.8822,0.11268,0.11221,0.00046
B0044,22C_2.0A,35,22.0,True,0.75695,0.87504,0.87454,0.11809,0.11759,0.0005
B0044,22C_2.0A,36,22.0,True,0.74698,0.87037,0.86986,0.12339,0.12288,0.00051
B0044,22C_2.0A,37,22.0,True,0.745,0.87032,0.86982,0.12532,0.12482,0.0005
B0044,22C_2.0A,38,22.0,True,0.7474,0.8701,0.86958,0.12269,0.12217,0.00052
B0044,22C_2.0A,39,22.0,True,0.74399,0.8657,0.86516,0.12171,0.12118,0.00053
B0044,22C_2.0A,40,22.0,True,0.73466,0.86063,0.86009,0.12597,0.12543,0.00054
B0044,22C_2.0A,41,22.0,True,0.72209,0.85582,0.85527,0.13373,0.13318,0.00055
B0044,22C_2.0A,88,4.0,False,0.58026,0.89391,0.89435,0.31365,0.31409,-0.00044
B0044,22C_2.0A,89,4.0,False,0.58242,0.90366,0.90412,0.32125,0.3217,-0.00046
B0044,22C_2.0A,90,4.0,False,0.5926,0.89997,0.90042,0.30736,0.30781,-0.00045
B0044,22C_2.0A,91,4.0,False,0.59958,0.892,0.89242,0.29242,0.29284,-0.00042
B0044,22C_2.0A,92,4.0,False,0.57044,0.88329,0.8837,0.31286,0.31327,-0.00041
B0044,22C_2.0A,93,4.0,False,0.64968,0.87842,0.87882,0.22874,0.22914,-0.0004
B0044,22C_2.0A,94,4.0,False,0.63221,0.8716,0.87199,0.23938,0.23977,-0.00039
B0044,22C_2.0A,95,4.0,False,0.61992,0.86491,0.86527,0.24498,0.24535,-0.00037
B0044,22C_2.0A,96,4.0,False,0.58837,0.85517,0.85551,0.26681,0.26714,-0.00034
B0044,22C_2.0A,97,4.0,False,0.62789,0.84509,0.84541,0.2172,0.21753,-0.00033
B0044,22C_2.0A,98,4.0,False,0.67619,0.8386,0.83891,0.16241,0.16272,-0.00032
B0044,22C_2.0A,99,4.0,False,0.58285,0.83009,0.83039,0.24724,0.24754,-0.0003
B0044,22C_2.0A,100,4.0,False,0.60783,0.82246,0.82274,0.21463,0.21491,-0.00028
B0044,22C_2.0A,101,4.0,False,0.5917,0.8157,0.81598,0.22399,0.22427,-0.00028
B0044,22C_2.0A,102,4.0,False,0.57675,0.80647,0.80672,0.22972,0.22997,-0.00025
B0044,22C_2.0A,103,4.0,False,0.50935,0.80971,0.80997,0.30036,0.30061,-0.00025
B0044,22C_2.0A,104,4.0,False,0.55898,0.79553,0.79575,0.23656,0.23677,-0.00022
B0044,22C_2.0A,105,4.0,False,,0.80015,0.80038,,,-0.00023
B0044,22C_2.0A,106,4.0,False,0.50446,0.79152,0.79173,0.28706,0.28727,-0.00021
B0044,22C_2.0A,107,4.0,False,0.5137,0.78006,0.78025,0.26635,0.26655,-0.00019
B0044,22C_2.0A,108,4.0,False,0.77121,0.78058,0.78077,0.00938,0.00956,-0.00019
B0044,22C_2.0A,109,4.0,False,0.54442,0.77126,0.77142,0.22684,0.227,-0.00016
B0044,22C_2.0A,110,4.0,False,0.52397,0.76727,0.76743,0.24331,0.24346,-0.00016
B0044,22C_2.0A,111,4.0,False,0.52285,0.75999,0.76014,0.23715,0.23729,-0.00015
B0044,22C_2.0A,112,4.0,False,0.52357,0.75519,0.75531,0.23162,0.23174,-0.00013
B0045,4C_1.0A,1,4.0,True,,1.22231,1.22282,,,-0.00051
B0045,4C_1.0A,2,4.0,True,1.0,1.0483,1.04843,0.0483,0.04843,-0.00012
B0045,4C_1.0A,3,4.0,True,0.9756,1.0,1.0,0.0244,0.0244,0.0
B0045,4C_1.0A,4,4.0,True,,0.96939,0.96934,,,6e-05
B0045,4C_1.0A,5,4.0,True,0.82209,0.95,0.94989,0.12791,0.1278,0.00011
B0045,4C_1.0A,6,4.0,True,0.72703,0.93149,0.93132,0.20446,0.20429,0.00017
B0045,4C_1.0A,7,4.0,True,0.76536,0.89652,0.89628,0.13116,0.13092,0.00024
B0045,4C_1.0A,8,4.0,True,,0.92451,0.92433,,,0.00018
B0045,4C_1.0A,9,4.0,True,0.83632,0.90123,0.90099,0.06491,0.06467,0.00024
B0045,4C_1.0A,10,4.0,True,0.70319,0.90305,0.90281,0.19987,0.19963,0.00024
B0045,4C_1.0A,11,4.0,True,0.791,0.87925,0.87895,0.08825,0.08795,0.0003
B0045,4C_1.0A,12,4.0,True,,0.88159,0.88128,,,0.00031
B0045,4C_1.0A,13,4.0,True,0.67313,0.87134,0.87101,0.19821,0.19788,0.00033
B0045,4C_1.0A,14,4.0,True,0.8422,0.89842,0.89815,0.05623,0.05596,0.00027
B0045,4C_1.0A,15,4.0,True,0.8116,0.88389,0.88356,0.07228,0.07196,0.00032
B0045,4C_1.0A,16,4.0,True,0.78502,0.86415,0.86379,0.07914,0.07877,0.00036
B0045,4C_1.0A,17,4.0,True,0.75933,0.85234,0.85195,0.09301,0.09262,0.00039
B0045,4C_1.0A,18,4.0,True,,0.84773,0.84732,,,0.00041
B0045,4C_1.0A,19,4.0,True,,0.8368,0.83635,,,0.00044
B0045,4C_1.0A,21,4.0,True,0.71626,0.82564,0.82517,0.10938,0.10891,0.00047
B0045,4C_1.0A,22,4.0,True,0.62399,0.82324,0.82276,0.19925,0.19877,0.00048
B0045,4C_1.0A,23,4.0,True,0.66424,0.80898,0.80846,0.14474,0.14423,0.00052
B0045,4C_1.0A,24,4.0,True,,0.80538,0.80486,,,0.00053
B0045,4C_1.0A,25,4.0,True,0.68036,0.80683,0.80631,0.12647,0.12596,0.00052
B0045,4C_1.0A,26,4.0,True,0.61867,0.81232,0.8118,0.19364,0.19312,0.00052
B0045,4C_1.0A,27,4.0,True,0.63302,0.81044,0.80992,0.17742,0.1769,0.00052
B0045,4C_1.0A,28,4.0,True,0.66916,0.79881,0.79824,0.12965,0.12907,0.00057
B0045,4C_1.0A,29,4.0,True,0.58951,0.79478,0.7942,0.20527,0.20469,0.00058
B0045,4C_1.0A,30,4.0,True,0.67557,0.78413,0.78351,0.10856,0.10794,0.00062
B0045,4C_1.0A,31,4.0,True,0.61201,0.78108,0.78047,0.16907,0.16845,0.00062
B0045,4C_1.0A,32,4.0,True,0.58853,0.78757,0.78697,0.19905,0.19844,0.0006
B0045,4C_1.0A,33,4.0,True,0.66159,0.77186,0.77121,0.11027,0.10962,0.00065
B0045,4C_1.0A,34,4.0,True,0.54707,0.77068,0.77004,0.22361,0.22297,0.00064
B0045,4C_1.0A,35,4.0,True,0.65687,0.8235,0.82294,0.16663,0.16607,0.00055
B0045,4C_1.0A,36,4.0,True,0.60946,0.80653,0.80594,0.19706,0.19648,0.00059
B0045,4C_1.0A,37,4.0,True,0.65546,0.78601,0.78537,0.13056,0.12992,0.00064
B0045,4C_1.0A,38,4.0,True,0.61608,0.79286,0.79223,0.17677,0.17615,0.00063
B0045,4C_1.0A,39,4.0,True,0.58455,0.78082,0.78019,0.19628,0.19564,0.00064
B0045,4C_1.0A,40,4.0,True,0.60549,0.77308,0.77242,0.16759,0.16693,0.00066
B0045,4C_1.0A,41,4.0,True,0.93391,0.76157,0.76085,0.17233,0.17306,0.00072
B0045,4C_1.0A,42,4.0,True,0.6145,0.75352,0.7528,0.13902,0.13831,0.00071
B0045,4C_1.0A,43,4.0,True,0.61937,0.76866,0.76796,0.14928,0.14858,0.0007
B0045,4C_1.0A,44,4.0,True,0.63814,0.74762,0.74688,0.10948,0.10874,0.00074
B0045,4C_1.0A,45,4.0,True,0.53592,0.74822,0.74748,0.21229,0.21155,0.00074
B0045,4C_1.0A,46,4.0,True,0.60428,0.75456,0.75383,0.15029,0.14956,0.00073
B0045,4C_1.0A,47,4.0,True,,0.73306,0.73227,,,0.00079
B0045,4C_1.0A,48,4.0,True,1.04309,0.73471,0.73392,0.30838,0.30917,0.00079
B0045,4C_1.0A,49,4.0,True,0.60789,0.74245,0.74165,0.13456,0.13376,0.00079
B0045,4C_1.0A,50,4.0,True,0.54312,0.71888,0.71803,0.17576,0.17491,0.00086
B0045,4C_1.0A,51,4.0,True,,0.73842,0.73764,,,0.00078
B0045,4C_1.0A,52,4.0,True,,0.72204,0.72119,,,0.00085
B0045,4C_1.0A,53,4.0,True,0.59386,0.73229,0.73147,0.13844,0.13761,0.00082
B0045,4C_1.0A,54,4.0,True,0.59346,0.71035,0.70948,0.11689,0.11602,0.00087
B0045,4C_1.0A,55,4.0,True,,0.72081,0.71995,,,0.00086
B0045,4C_1.0A,56,4.0,True,0.61371,0.7405,0.73968,0.12679,0.12597,0.00082
B0045,4C_1.0A,57,4.0,True,0.56185,0.7326,0.73176,0.17075,0.16991,0.00084
B0045,4C_1.0A,58,4.0,True,0.54092,0.72911,0.72827,0.18819,0.18734,0.00085
B0045,4C_1.0A,59,4.0,True,0.55503,0.72606,0.7252,0.17103,0.17018,0.00085
B0045,4C_1.0A,60,4.0,True,0.59177,0.71763,0.71674,0.12587,0.12497,0.0009
B0045,4C_1.0A,61,4.0,True,,0.69553,0.6946,,,0.00093
B0045,4C_1.0A,62,4.0,True,,0.69712,0.69617,,,0.00094
B0045,4C_1.0A,63,4.0,True,,0.72687,0.72599,,,0.00088
B0045,4C_1.0A,64,4.0,True,0.55968,0.70924,0.7083,0.14956,0.14862,0.00093
B0045,4C_1.0A,65,4.0,True,0.5228,0.71059,0.70967,0.18779,0.18687,0.00092
B0045,4C_1.0A,67,4.0,True,,0.70791,0.70697,,,0.00094
B0045,4C_1.0A,68,4.0,True,0.5523,0.73383,0.73294,0.18153,0.18065,0.00089
B0045,4C_1.0A,69,4.0,True,0.58401,0.71594,0.71502,0.13193,0.131,0.00092
B0045,4C_1.0A,70,4.0,True,0.55925,0.71155,0.71061,0.1523,0.15136,0.00094
B0045,4C_1.0A,71,4.0,True,0.61408,0.6985,0.69752,0.08442,0.08344,0.00098
B0045,4C_1.0A,72,4.0,True,,0.68567,0.68467,,,0.001
B0046,4C_1.0A,1,4.0,True,,1.14977,1.14996,,,-0.00019
B0046,4C_1.0A,2,4.0,True,1.05141,1.00867,1.00868,0.04275,0.04274,-1e-05
B0046,4C_1.0A,3,4.0,True,1.0,1.0,1.0,0.0,0.0,0.0
B0046,4C_1.0A,4,4.0,True,0.99681,0.98852,0.9885,0.00829,0.00831,2e-05
B0046,4C_1.0A,5,4.0,True,0.99377,0.9776,0.97756,0.01617,0.01621,4e-05
B0046,4C_1.0A,6,4.0,True,0.9911,0.97062,0.97055,0.02048,0.02054,6e-05
B0046,4C_1.0A,7,4.0,True,0.99443,0.96844,0.96839,0.02599,0.02605,6e-05
B0046,4C_1.0A,8,4.0,True,0.98747,0.96881,0.96875,0.01866,0.01872,6e-05
B0046,4C_1.0A,9,4.0,True,0.93934,0.96071,0.96063,0.02137,0.02129,7e-05
B0046,4C_1.0A,10,4.0,True,0.96915,0.95022,0.95012,0.01893,0.01902,9e-05
B0046,4C_1.0A,11,4.0,True,0.92089,0.94469,0.94459,0.02381,0.0237,0.0001
B0046,4C_1.0A,12,4.0,True,0.94538,0.93427,0.93415,0.01111,0.01123,0.00012
B0046,4C_1.0A,13,4.0,True,0.98844,0.94699,0.94687,0.04145,0.04157,0.00011
B0046,4C_1.0A,14,4.0,True,0.94566,0.95401,0.95391,0.00835,0.00825,0.0001
B0046,4C_1.0A,15,4.0,True,0.92457,0.94371,0.94359,0.01915,0.01903,0.00012
B0046,4C_1.0A,16,4.0,True,0.90049,0.93514,0.93502,0.03465,0.03453,0.00012
B0046,4C_1.0A,17,4.0,True,0.88205,0.92409,0.92395,0.04204,0.04189,0.00015
B0046,4C_1.0A,18,4.0,True,0.8831,0.91299,0.91283,0.02989,0.02973,0.00016
B0046,4C_1.0A,19,4.0,True,0.89044,0.90583,0.90565,0.01539,0.01521,0.00019
B0046,4C_1.0A,21,4.0,True,0.84058,0.93807,0.93792,0.09749,0.09734,0.00014
B0046,4C_1.0A,22,4.0,True,0.85596,0.89119,0.89099,0.03524,0.03503,0.0002
B0046,4C_1.0A,23,4.0,True,0.81823,0.88426,0.88404,0.06603,0.06581,0.00022
B0046,4C_1.0A,24,4.0,True,0.83267,0.87695,0.87673,0.04428,0.04406,0.00022
B0046,4C_1.0A,25,4.0,True,0.80481,0.87313,0.8729,0.06832,0.06809,0.00023
B0046,4C_1.0A,26,4.0,True,0.84207,0.86442,0.86417,0.02234,0.02209,0.00025
B0046,4C_1.0A,27,4.0,True,0.83583,0.85672,0.85646,0.02089,0.02063,0.00026
B0046,4C_1.0A,28,4.0,True,0.7874,0.8559,0.85563,0.06851,0.06823,0.00027
B0046,4C_1.0A,29,4.0,True,0.82565,0.84621,0.84593,0.02057,0.02028,0.00028
B0046,4C_1.0A,30,4.0,True,0.74995,0.84587,0.84558,0.09592,0.09563,0.00029
B0046,4C_1.0A,31,4.0,True,0.74108,0.83928,0.83898,0.09821,0.0979,0.0003
B0046,4C_1.0A,32,4.0,True,0.77871,0.82636,0.82605,0.04765,0.04733,0.00032
B0046,4C_1.0A,33,4.0,True,0.72726,0.82512,0.8248,0.09786,0.09754,0.00032
B0046,4C_1.0A,34,4.0,True,0.85031,0.85496,0.85468,0.00465,0.00438,0.00028
B0046,4C_1.0A,35,4.0,True,0.84054,0.86775,0.86747,0.02721,0.02693,0.00028
B0046,4C_1.0A,36,4.0,True,0.81243,0.85014,0.84984,0.03771,0.03741,0.0003
B0046,4C_1.0A,37,4.0,True,0.75774,0.84647,0.84617,0.08873,0.08843,0.0003
B0046,4C_1.0A,38,4.0,True,0.80946,0.83013,0.8298,0.02067,0.02034,0.00033
B0046,4C_1.0A,39,4.0,True,0.75378,0.82179,0.82145,0.06801,0.06767,0.00034
B0046,4C_1.0A,40,4.0,True,0.78431,0.8178,0.81745,0.03349,0.03314,0.00034
B0046,4C_1.0A,41,4.0,True,0.70731,0.81423,0.81387,0.10692,0.10655,0.00037
B0046,4C_1.0A,42,4.0,True,0.74299,0.80195,0.80158,0.05895,0.05859,0.00037
B0046,4C_1.0A,43,4.0,True,0.75647,0.79553,0.79514,0.03906,0.03867,0.00039
B0046,4C_1.0A,44,4.0,True,0.71079,0.79173,0.79135,0.08094,0.08056,0.00039
B0046,4C_1.0A,45,4.0,True,0.72115,0.7845,0.7841,0.06336,0.06296,0.0004
B0046,4C_1.0A,46,4.0,True,0.72282,0.77805,0.77764,0.05523,0.05482,0.00041
B0046,4C_1.0A,47,4.0,True,0.66055,0.77687,0.77645,0.11632,0.1159,0.00042
B0046,4C_1.0A,48,4.0,True,0.69425,0.77035,0.76991,0.0761,0.07567,0.00043
B0046,4C_1.0A,49,4.0,True,0.71722,0.76506,0.76462,0.04784,0.04739,0.00044
B0046,4C_1.0A,50,4.0,True,0.65273,0.76526,0.76481,0.11254,0.11208,0.00045
B0046,4C_1.0A,51,4.0,True,0.69018,0.75506,0.7546,0.06488,0.06442,0.00046
B0046,4C_1.0A,52,4.0,True,0.655,0.75716,0.7567,0.10216,0.1017,0.00046
B0046,4C_1.0A,53,4.0,True,0.68179,0.74759,0.74711,0.0658,0.06532,0.00048
B0046,4C_1.0A,55,4.0,True,0.81532,0.80773,0.80733,0.00758,0.00799,0.0004
B0046,4C_1.0A,56,4.0,True,0.70763,0.80629,0.80588,0.09866,0.09825,0.00041
B0046,4C_1.0A,57,4.0,True,0.68703,0.79643,0.79601,0.10939,0.10898,0.00041
B0046,4C_1.0A,58,4.0,True,0.6915,0.78656,0.78611,0.09505,0.09461,0.00044
B0046,4C_1.0A,59,4.0,True,0.69984,0.77474,0.77429,0.07491,0.07446,0.00045
B0046,4C_1.0A,60,4.0,True,0.68579,0.76744,0.76697,0.08165,0.08119,0.00047
B0046,4C_1.0A,61,4.0,True,0.74225,0.77186,0.77141,0.02961,0.02915,0.00045
B0046,4C_1.0A,62,4.0,True,0.71436,0.77916,0.7787,0.0648,0.06434,0.00046
B0046,4C_1.0A,63,4.0,True,0.6997,0.76929,0.76882,0.06959,0.06912,0.00047
B0046,4C_1.0A,64,4.0,True,0.66708,0.75914,0.75865,0.09206,0.09157,0.00049
B0046,4C_1.0A,65,4.0,True,0.68463,0.75525,0.75476,0.07063,0.07014,0.00049
B0046,4C_1.0A,67,4.0,True,0.79184,0.83366,0.83326,0.04181,0.04142,0.0004
B0046,4C_1.0A,68,4.0,True,0.76224,0.8017,0.80125,0.03945,0.03901,0.00045
B0046,4C_1.0A,69,4.0,True,0.71079,0.79248,0.79203,0.08169,0.08124,0.00045
B0046,4C_1.0A,70,4.0,True,0.72013,0.78147,0.781,0.06133,0.06086,0.00047
B0046,4C_1.0A,71,4.0,True,0.70246,0.76876,0.76827,0.0663,0.06581,0.00049
B0046,4C_1.0A,72,4.0,True,0.67468,0.76761,0.76711,0.09292,0.09243,0.00049
B0047,4C_1.0A,1,4.0,True,1.05329,1.11023,1.11038,0.05694,0.05709,-0.00015
B0047,4C_1.0A,2,4.0,True,1.06769,1.0108,1.01082,0.05689,0.05687,-2e-05
B0047,4C_1.0A,3,4.0,True,1.0,1.0,1.0,0.0,0.0,0.0
B0047,4C_1.0A,4,4.0,True,0.98706,0.98374,0.98372,0.00331,0.00333,2e-05
B0047,4C_1.0A,5,4.0,True,0.97432,0.97285,0.97282,0.00147,0.0015,4e-05
B0047,4C_1.0A,6,4.0,True,0.97023,0.96073,0.96067,0.0095,0.00956,6e-05
B0047,4C_1.0A,7,4.0,True,0.91588,0.95874,0.95868,0.04286,0.0428,6e-05
B0047,4C_1.0A,8,4.0,True,0.93372,0.94897,0.94889,0.01525,0.01517,8e-05
B0047,4C_1.0A,9,4.0,True,0.86645,0.94112,0.94102,0.07467,0.07458,9e-05
B0047,4C_1.0A,10,4.0,True,0.90087,0.92833,0.92822,0.02746,0.02735,0.00011
B0047,4C_1.0A,11,4.0,True,0.82819,0.92072,0.9206,0.09253,0.09241,0.00012
B0047,4C_1.0A,12,4.0,True,0.86255,0.90527,0.90513,0.04272,0.04257,0.00015
B0047,4C_1.0A,13,4.0,True,0.89293,0.93234,0.93222,0.03942,0.0393,0.00012
B0047,4C_1.0A,14,4.0,True,0.86027,0.93215,0.93203,0.07188,0.07176,0.00012
B0047,4C_1.0A,15,4.0,True,0.83928,0.91956,0.91942,0.08028,0.08013,0.00014
B0047,4C_1.0A,16,4.0,True,0.80338,0.90878,0.90862,0.1054,0.10525,0.00015
B0047,4C_1.0A,17,4.0,True,0.77135,0.89501,0.89484,0.12366,0.12349,0.00017
B0047,4C_1.0A,18,4.0,True,0.77034,0.8787,0.87851,0.10836,0.10817,0.0002
B0047,4C_1.0A,19,4.0,True,0.77785,0.86945,0.86923,0.0916,0.09138,0.00022
B0047,4C_1.0A,21,4.0,True,0.68515,0.88817,0.88797,0.20301,0.20282,0.00019
B0047,4C_1.0A,22,4.0,True,0.73923,0.85202,0.85178,0.11279,0.11255,0.00024
B0047,4C_1.0A,23,4.0,True,,0.8499,0.84966,,,0.00025
B0047,4C_1.0A,24,4.0,True,0.69243,0.8355,0.83523,0.14308,0.14281,0.00027
B0047,4C_1.0A,25,4.0,True,0.83776,0.83953,0.83926,0.00177,0.00151,0.00026
B0047,4C_1.0A,26,4.0,True,0.99861,0.82314,0.82285,0.17547,0.17577,0.0003
B0047,4C_1.0A,27,4.0,True,0.7119,0.81553,0.81523,0.10363,0.10333,0.0003
B0047,4C_1.0A,28,4.0,True,0.69503,0.81434,0.81402,0.11931,0.11899,0.00032
B0047,4C_1.0A,29,4.0,True,0.69076,0.80499,0.80466,0.11423,0.1139,0.00033
B0047,4C_1.0A,30,4.0,True,0.6445,0.80722,0.80688,0.16272,0.16239,0.00033
B0047,4C_1.0A,31,4.0,True,0.60844,0.80059,0.80024,0.19215,0.19181,0.00034
B0047,4C_1.0A,32,4.0,True,0.64999,0.78779,0.78743,0.13779,0.13744,0.00036
B0047,4C_1.0A,33,4.0,True,0.63012,0.78663,0.78627,0.15652,0.15615,0.00037
B0047,4C_1.0A,34,4.0,True,0.73012,0.83643,0.83614,0.10631,0.10602,0.00029
B0047,4C_1.0A,35,4.0,True,0.74609,0.8387,0.8384,0.09261,0.09231,0.0003
B0047,4C_1.0A,36,4.0,True,0.71253,0.82665,0.82633,0.11412,0.1138,0.00032
B0047,4C_1.0A,37,4.0,True,0.64661,0.81786,0.81753,0.17125,0.17092,0.00033
B0047,4C_1.0A,38,4.0,True,0.70295,0.80429,0.80394,0.10134,0.10099,0.00035
B0047,4C_1.0A,39,4.0,True,0.63829,0.79566,0.79529,0.15737,0.15701,0.00036
B0047,4C_1.0A,40,4.0,True,0.67577,0.78925,0.78888,0.11348,0.11311,0.00037
B0047,4C_1.0A,41,4.0,True,0.65366,0.78859,0.78821,0.13493,0.13455,0.00038
B0047,4C_1.0A,42,4.0,True,0.65191,0.77388,0.77348,0.12197,0.12157,0.0004
B0047,4C_1.0A,43,4.0,True,0.64266,0.77021,0.7698,0.12755,0.12714,0.00041
B0047,4C_1.0A,44,4.0,True,0.62506,0.76625,0.76583,0.14118,0.14077,0.00042
B0047,4C_1.0A,45,4.0,True,0.7255,0.7618,0.76138,0.0363,0.03588,0.00042
B0047,4C_1.0A,46,4.0,True,0.61125,0.7583,0.75788,0.14705,0.14663,0.00042
B0047,4C_1.0A,47,4.0,True,0.56533,0.75712,0.75669,0.1918,0.19136,0.00043
B0047,4C_1.0A,48,4.0,True,0.61133,0.75332,0.75287,0.14199,0.14155,0.00044
B0047,4C_1.0A,49,4.0,True,0.61451,0.74508,0.74463,0.13057,0.13011,0.00045
B0047,4C_1.0A,50,4.0,True,0.55036,0.75066,0.7502,0.2003,0.19984,0.00046
B0047,4C_1.0A,51,4.0,True,0.59289,0.74069,0.74022,0.14779,0.14733,0.00046
B0047,4C_1.0A,52,4.0,True,0.56384,0.7427,0.74223,0.17886,0.1784,0.00046
B0047,4C_1.0A,53,4.0,True,0.5863,0.73337,0.73289,0.14707,0.14658,0.00048
B0047,4C_1.0A,55,4.0,True,0.70975,0.78961,0.78919,0.07986,0.07944,0.00042
B0047,4C_1.0A,56,4.0,True,0.61258,0.79654,0.79613,0.18396,0.18355,0.00041
B0047,4C_1.0A,57,4.0,True,0.61172,0.78954,0.78913,0.17782,0.17741,0.00041
B0047,4C_1.0A,58,4.0,True,0.6176,0.78009,0.77966,0.1625,0.16206,0.00043
B0047,4C_1.0A,59,4.0,True,,0.77106,0.77061,,,0.00044
B0047,4C_1.0A,60,4.0,True,0.60551,0.76363,0.76317,0.15812,0.15766,0.00046
B0047,4C_1.0A,61,4.0,True,0.66338,0.76811,0.76766,0.10473,0.10428,0.00045
B0047,4C_1.0A,62,4.0,True,0.63639,0.77531,0.77486,0.13892,0.13848,0.00045
B0047,4C_1.0A,63,4.0,True,0.62925,0.76841,0.76795,0.13915,0.13869,0.00046
B0047,4C_1.0A,64,4.0,True,0.59057,0.75855,0.75808,0.16799,0.16751,0.00048
B0047,4C_1.0A,65,4.0,True,0.61227,0.75487,0.75439,0.1426,0.14212,0.00048
B0047,4C_1.0A,67,4.0,True,0.69461,0.80985,0.80943,0.11523,0.11481,0.00042
B0047,4C_1.0A,68,4.0,True,0.68179,0.79778,0.79734,0.11598,0.11555,0.00044
B0047,4C_1.0A,69,4.0,True,0.6389,0.7889,0.78845,0.14999,0.14955,0.00044
B0047,4C_1.0A,70,4.0,True,0.64642,0.78074,0.78029,0.13432,0.13387,0.00046
B0047,4C_1.0A,71,4.0,True,0.63707,0.76816,0.76768,0.13109,0.13061,0.00048
B0047,4C_1.0A,72,4.0,True,0.60201,0.76701,0.76653,0.165,0.16452,0.00048
B0048,4C_1.0A,1,4.0,True,1.0069,1.10613,1.10627,0.09922,0.09937,-0.00015
B0048,4C_1.0A,2,4.0,True,1.0,1.00585,1.00587,0.00585,0.00587,-1e-05
B0048,4C_1.0A,3,4.0,True,0.93791,1.0,1.0,0.06209,0.06209,0.0
B0048,4C_1.0A,4,4.0,True,0.94473,0.98624,0.98622,0.04151,0.04149,2e-05
B0048,4C_1.0A,5,4.0,True,,0.97527,0.97524,,,3e-05
B0048,4C_1.0A,6,4.0,True,0.93309,0.968,0.96794,0.03492,0.03486,6e-05
B0048,4C_1.0A,7,4.0,True,,0.96853,0.96847,,,6e-05
B0048,4C_1.0A,8,4.0,True,0.9163,0.96362,0.96357,0.04732,0.04726,5e-05
B0048,4C_1.0A,9,4.0,True,0.86512,0.95585,0.95578,0.09073,0.09066,7e-05
B0048,4C_1.0A,10,4.0,True,0.90059,0.94551,0.94542,0.04491,0.04482,9e-05
B0048,4C_1.0A,11,4.0,True,,0.93784,0.93774,,,0.0001
B0048,4C_1.0A,12,4.0,True,0.86874,0.92751,0.92739,0.05877,0.05865,0.00012
B0048,4C_1.0A,13,4.0,True,,0.94712,0.94702,,,0.0001
B0048,4C_1.0A,14,4.0,True,0.85877,0.94672,0.94662,0.08795,0.08785,9e-05
B0048,4C_1.0A,15,4.0,True,0.84156,0.93685,0.93673,0.09529,0.09517,0.00012
B0048,4C_1.0A,16,4.0,True,0.81246,0.92841,0.92829,0.11595,0.11582,0.00012
B0048,4C_1.0A,17,4.0,True,0.91872,0.9173,0.91715,0.00142,0.00157,0.00015
B0048,4C_1.0A,18,4.0,True,0.78723,0.90366,0.9035,0.11643,0.11627,0.00016
B0048,4C_1.0A,19,4.0,True,0.79503,0.89666,0.89647,0.10162,0.10144,0.00019
B0048,4C_1.0A,21,4.0,True,0.6957,0.91558,0.91542,0.21988,0.21972,0.00016
B0048,4C_1.0A,22,4.0,True,0.76346,0.87957,0.87936,0.11611,0.1159,0.00021
B0048,4C_1.0A,23,4.0,True,0.71157,0.87481,0.87459,0.16324,0.16303,0.00022
B0048,4C_1.0A,24,4.0,True,0.72355,0.8653,0.86507,0.14175,0.14152,0.00023
B0048,4C_1.0A,25,4.0,True,0.69904,0.86697,0.86674,0.16793,0.1677,0.00023
B0048,4C_1.0A,26,4.0,True,0.98831,0.85569,0.85544,0.13262,0.13287,0.00025
B0048,4C_1.0A,27,4.0,True,0.75158,0.8508,0.85055,0.09922,0.09896,0.00026
B0048,4C_1.0A,28,4.0,True,0.70874,0.84965,0.84938,0.14091,0.14064,0.00027
B0048,4C_1.0A,29,4.0,True,0.73665,0.84021,0.83993,0.10356,0.10328,0.00028
B0048,4C_1.0A,30,4.0,True,,0.84271,0.84243,,,0.00029
B0048,4C_1.0A,31,4.0,True,0.64238,0.83338,0.83308,0.191,0.1907,0.0003
B0048,4C_1.0A,32,4.0,True,0.69795,0.82325,0.82294,0.1253,0.12499,0.00031
B0048,4C_1.0A,33,4.0,True,0.64268,0.82728,0.82697,0.1846,0.18429,0.00031
B0048,4C_1.0A,34,4.0,True,0.7372,0.86976,0.86951,0.13256,0.13231,0.00025
B0048,4C_1.0A,35,4.0,True,0.76223,0.87733,0.87709,0.1151,0.11485,0.00025
B0048,4C_1.0A,36,4.0,True,0.75869,0.85987,0.85959,0.10118,0.1009,0.00027
B0048,4C_1.0A,37,4.0,True,0.68451,0.85909,0.85882,0.17459,0.17431,0.00028
B0048,4C_1.0A,38,4.0,True,0.76018,0.8455,0.8452,0.08531,0.08501,0.0003
B0048,4C_1.0A,39,4.0,True,0.94708,0.83433,0.83402,0.11275,0.11306,0.00031
B0048,4C_1.0A,40,4.0,True,0.71249,0.83307,0.83276,0.12059,0.12028,0.00031
B0048,4C_1.0A,41,4.0,True,0.63489,0.8326,0.83227,0.19771,0.19738,0.00033
B0048,4C_1.0A,42,4.0,True,0.67493,0.82065,0.82032,0.14572,0.14539,0.00033
B0048,4C_1.0A,43,4.0,True,0.70121,0.81687,0.81651,0.11565,0.1153,0.00035
B0048,4C_1.0A,44,4.0,True,,0.81303,0.81266,,,0.00037
B0048,4C_1.0A,45,4.0,True,0.66879,0.8031,0.80274,0.13431,0.13394,0.00036
B0048,4C_1.0A,46,4.0,True,0.67535,0.79708,0.79671,0.12173,0.12136,0.00038
B0048,4C_1.0A,47,4.0,True,0.5938,0.80405,0.80367,0.21025,0.20987,0.00038
B0048,4C_1.0A,48,4.0,True,0.62838,0.79762,0.79724,0.16924,0.16885,0.00039
B0048,4C_1.0A,49,4.0,True,0.66008,0.79314,0.79274,0.13305,0.13265,0.0004
B0048,4C_1.0A,50,4.0,True,0.58205,0.79494,0.79454,0.21289,0.21249,0.0004
B0048,4C_1.0A,51,4.0,True,0.65785,0.78233,0.78192,0.12448,0.12407,0.00041
B0048,4C_1.0A,52,4.0,True,0.6303,0.78998,0.78957,0.15967,0.15926,0.00041
B0048,4C_1.0A,53,4.0,True,0.64867,0.77234,0.77191,0.12367,0.12324,0.00043
B0048,4C_1.0A,55,4.0,True,0.75577,0.84017,0.83982,0.08441,0.08405,0.00036
B0048,4C_1.0A,56,4.0,True,0.66013,0.84453,0.84418,0.1844,0.18405,0.00035
B0048,4C_1.0A,57,4.0,True,0.6767,0.8321,0.83175,0.1554,0.15504,0.00036
B0048,4C_1.0A,58,4.0,True,0.68979,0.82246,0.82209,0.13267,0.1323,0.00037
B0048,4C_1.0A,59,4.0,True,0.69273,0.8219,0.82152,0.12917,0.12879,0.00037
B0048,4C_1.0A,60,4.0,True,0.66946,0.81444,0.81404,0.14498,0.14457,0.0004
B0048,4C_1.0A,61,4.0,True,0.7054,0.81895,0.81857,0.11355,0.11317,0.00038
B0048,4C_1.0A,62,4.0,True,0.71152,0.82638,0.826,0.11486,0.11448,0.00038
B0048,4C_1.0A,63,4.0,True,0.70059,0.81949,0.8191,0.11891,0.11851,0.00039
B0048,4C_1.0A,64,4.0,True,0.65859,0.80695,0.80653,0.14836,0.14794,0.00042
B0048,4C_1.0A,65,4.0,True,0.68993,0.80606,0.80564,0.11612,0.11571,0.00041
B0048,4C_1.0A,67,4.0,True,0.7545,0.86721,0.86686,0.11271,0.11236,0.00034
B0048,4C_1.0A,68,4.0,True,0.70609,0.84669,0.84631,0.1406,0.14023,0.00038
B0048,4C_1.0A,69,4.0,True,0.68563,0.83761,0.83723,0.15198,0.1516,0.00039
B0048,4C_1.0A,70,4.0,True,0.67689,0.83526,0.83487,0.15837,0.15798,0.00039
B0048,4C_1.0A,71,4.0,True,0.72054,0.82559,0.82518,0.10505,0.10464,0.00041
B0048,4C_1.0A,72,4.0,True,0.65787,0.816,0.81559,0.15813,0.15772,0.00041
B0049,4C_2.0A,1,4.0,True,,0.62525,0.6245,,,0.00075
B0049,4C_2.0A,2,4.0,True,,1.035,1.03507,,,-6e-05
B0049,4C_2.0A,3,4.0,True,,1.0,1.0,,,0.0
B0049,4C_2.0A,4,4.0,True,,0.99382,0.99379,,,4e-05
B0049,4C_2.0A,5,4.0,True,,1.73263,1.73417,,,-0.00154
B0049,4C_2.0A,6,4.0,True,,0.77251,0.77204,,,0.00046
B0049,4C_2.0A,7,4.0,True,,0.7335,0.73295,,,0.00055
B0049,4C_2.0A,8,4.0,True,,0.67733,0.67664,,,0.00069
B0049,4C_2.0A,9,4.0,True,,0.6725,0.67179,,,0.00071
B0049,4C_2.0A,10,4.0,True,,0.65945,0.65871,,,0.00074
B0049,4C_2.0A,11,4.0,True,,0.62613,0.62529,,,0.00084
B0049,4C_2.0A,12,4.0,True,,0.60965,0.60878,,,0.00087
B0049,4C_2.0A,13,4.0,True,,0.616,0.61514,,,0.00086
B0049,4C_2.0A,14,4.0,True,,0.58792,0.58697,,,0.00094
B0049,4C_2.0A,15,4.0,True,,0.56967,0.56868,,,0.00099
B0049,4C_2.0A,16,4.0,True,,0.57931,0.57832,,,0.00099
B0049,4C_2.0A,18,4.0,True,,0.56467,0.56365,,,0.00102
B0049,4C_2.0A,19,4.0,True,,0.56174,0.56069,,,0.00105
B0049,4C_2.0A,20,4.0,True,,0.55251,0.55144,,,0.00107
B0049,4C_2.0A,21,4.0,True,,0.53534,0.53422,,,0.00111
B0049,4C_2.0A,22,4.0,True,,0.5366,0.53552,,,0.00108
B0049,4C_2.0A,23,4.0,True,,0.51673,0.51561,,,0.00112
B0049,4C_2.0A,24,4.0,True,,0.52347,0.52234,,,0.00113
B0049,4C_2.0A,25,4.0,True,,0.50361,0.50244,,,0.00117
B0051,4C_2.0A,1,4.0,True,,0.52362,0.52255,,,0.00107
B0051,4C_2.0A,2,4.0,True,,1.05231,1.05243,,,-0.00012
B0051,4C_2.0A,3,4.0,True,,1.0,1.0,,,0.0
B0051,4C_2.0A,4,4.0,True,,0.97966,0.9796,,,7e-05
B0051,4C_2.0A,5,4.0,True,,1.89672,1.89881,,,-0.00209
B0051,4C_2.0A,6,4.0,True,,0.82129,0.8209,,,0.0004
B0051,4C_2.0A,7,4.0,True,,0.7784,0.77789,,,0.00051
B0051,4C_2.0A,8,4.0,True,,0.73396,0.73333,,,0.00063
B0051,4C_2.0A,9,4.0,True,,0.72406,0.7234,,,0.00066
B0051,4C_2.0A,10,4.0,True,,0.71859,0.71791,,,0.00068
B0051,4C_2.0A,11,4.0,True,,0.68609,0.6853,,,0.00079
B0051,4C_2.0A,12,4.0,True,,0.6726,0.67178,,,0.00082
B0051,4C_2.0A,13,4.0,True,,0.67969,0.67889,,,0.0008
B0051,4C_2.0A,14,4.0,True,,0.65308,0.65219,,,0.00089
B0051,4C_2.0A,15,4.0,True,,0.63791,0.63697,,,0.00094
B0051,4C_2.0A,16,4.0,True,,0.64373,0.6428,,,0.00093
B0051,4C_2.0A,18,4.0,True,,0.62288,0.62189,,,0.00099
B0051,4C_2.0A,19,4.0,True,,0.62917,0.62816,,,0.00101
B0051,4C_2.0A,20,4.0,True,,0.61887,0.61784,,,0.00103
B0051,4C_2.0A,21,4.0,True,,0.60025,0.59917,,,0.00108
B0051,4C_2.0A,22,4.0,True,,0.6015,0.60044,,,0.00106
B0051,4C_2.0A,23,4.0,True,,0.5708,0.56968,,,0.00113
B0051,4C_2.0A,24,4.0,True,,0.57347,0.57232,,,0.00116
B0051,4C_2.0A,25,4.0,True,,0.55159,0.55041,,,0.00119
B0053,4C_2.0A,1,4.0,True,1.06459,0.94565,0.9455,0.11894,0.1191,0.00016
B0053,4C_2.0A,2,4.0,True,1.04414,1.02077,1.02083,0.02336,0.0233,-6e-05
B0053,4C_2.0A,3,4.0,True,1.0,1.01731,1.01736,0.01731,0.01736,-5e-05
B0053,4C_2.0A,4,4.0,True,0.98294,1.0,1.0,0.01706,0.01706,0.0
B0053,4C_2.0A,5,4.0,True,0.95925,0.99222,0.99217,0.03297,0.03292,5e-05
B0053,4C_2.0A,6,4.0,True,0.95009,0.98497,0.9849,0.03489,0.03481,8e-05
B0053,4C_2.0A,7,4.0,True,1.07415,0.96098,0.96083,0.11317,0.11332,0.00014
B0053,4C_2.0A,8,4.0,True,1.08577,0.94177,0.94157,0.144,0.1442,0.0002
B0053,4C_2.0A,9,4.0,True,0.96966,0.95608,0.9559,0.01358,0.01375,0.00018
B0053,4C_2.0A,10,4.0,True,0.91207,0.95992,0.95974,0.04785,0.04766,0.00019
B0053,4C_2.0A,11,4.0,True,1.05378,0.92915,0.92886,0.12463,0.12492,0.00029
B0053,4C_2.0A,12,4.0,True,0.89987,0.95999,0.95977,0.06013,0.05991,0.00022
B0053,4C_2.0A,13,4.0,True,1.04458,0.92946,0.92915,0.11511,0.11542,0.00031
B0053,4C_2.0A,14,4.0,True,0.93007,0.93837,0.93809,0.00829,0.00801,0.00028
B0053,4C_2.0A,15,4.0,True,0.88695,0.94693,0.94666,0.05998,0.05971,0.00027
B0053,4C_2.0A,16,4.0,True,1.00298,0.90576,0.90534,0.09722,0.09764,0.00041
B0053,4C_2.0A,17,4.0,True,0.86525,0.94384,0.94354,0.0786,0.07829,0.0003
B0053,4C_2.0A,18,4.0,True,1.01113,0.9092,0.9088,0.10194,0.10233,0.00039
B0053,4C_2.0A,19,4.0,True,0.94434,0.91328,0.91288,0.03106,0.03146,0.00041
B0053,4C_2.0A,20,4.0,True,0.84297,0.93398,0.93364,0.09101,0.09067,0.00034
B0053,4C_2.0A,21,4.0,True,0.92018,0.92388,0.92349,0.00371,0.00331,0.0004
B0053,4C_2.0A,22,4.0,True,1.01878,0.91573,0.91533,0.10305,0.10345,0.00041
B0053,4C_2.0A,23,4.0,True,0.91163,0.95202,0.9517,0.0404,0.04007,0.00032
B0053,4C_2.0A,24,4.0,True,0.95856,0.91565,0.91512,0.04291,0.04344,0.00053
B0053,4C_2.0A,25,4.0,True,0.8934,0.92999,0.92958,0.03659,0.03618,0.00041
B0053,4C_2.0A,26,4.0,True,0.8558,0.93786,0.93747,0.08206,0.08166,0.0004
B0053,4C_2.0A,27,4.0,True,0.96883,0.90546,0.90494,0.06337,0.06389,0.00052
B0053,4C_2.0A,28,4.0,True,0.84277,0.9257,0.92525,0.08293,0.08248,0.00045
B0053,4C_2.0A,29,4.0,True,0.97378,0.88725,0.88669,0.08653,0.08709,0.00056
B0053,4C_2.0A,30,4.0,True,0.8378,0.92532,0.92486,0.08752,0.08707,0.00046
B0053,4C_2.0A,31,4.0,True,0.94252,0.89832,0.89777,0.0442,0.04475,0.00055
B0053,4C_2.0A,32,4.0,True,0.85677,0.90661,0.90608,0.04984,0.0493,0.00054
B0053,4C_2.0A,33,4.0,True,0.95234,0.86692,0.86627,0.08541,0.08606,0.00065
B0053,4C_2.0A,34,4.0,True,0.80321,0.91703,0.91652,0.11382,0.11331,0.00051
B0053,4C_2.0A,35,4.0,True,0.79072,0.90823,0.90766,0.1175,0.11693,0.00057
B0053,4C_2.0A,36,4.0,True,0.80423,0.8978,0.89719,0.09357,0.09296,0.00061
B0053,4C_2.0A,37,4.0,True,0.93069,0.87606,0.87538,0.05463,0.05531,0.00068
B0053,4C_2.0A,38,4.0,True,0.7997,0.89739,0.89676,0.09769,0.09707,0.00063
B0053,4C_2.0A,39,4.0,True,0.92406,0.86781,0.86709,0.05625,0.05697,0.00072
B0053,4C_2.0A,40,4.0,True,0.81014,0.88818,0.88753,0.07805,0.0774,0.00065
B0053,4C_2.0A,41,4.0,True,0.75435,0.89141,0.89076,0.13707,0.13641,0.00066
B0053,4C_2.0A,42,4.0,True,0.90211,0.86898,0.86819,0.03314,0.03393,0.00079
B0053,4C_2.0A,43,4.0,True,1.02894,0.98151,0.98112,0.04743,0.04782,0.00039
B0053,4C_2.0A,44,4.0,True,0.88118,0.98505,0.98462,0.10387,0.10344,0.00043
B0053,4C_2.0A,45,4.0,True,0.99733,0.91855,0.91795,0.07878,0.07939,0.00061
B0053,4C_2.0A,46,4.0,True,0.85549,0.9525,0.952,0.097,0.0965,0.0005
B0053,4C_2.0A,47,4.0,True,0.86866,0.94833,0.9478,0.07967,0.07914,0.00053
B0053,4C_2.0A,48,4.0,True,0.95899,0.89552,0.89481,0.06347,0.06418,0.0007
B0053,4C_2.0A,49,4.0,True,0.92087,0.90926,0.9086,0.01162,0.01227,0.00066
B0053,4C_2.0A,50,4.0,True,0.95187,0.9114,0.91075,0.04047,0.04112,0.00065
B0053,4C_2.0A,51,4.0,True,0.82944,0.93369,0.93307,0.10425,0.10363,0.00062
B0053,4C_2.0A,52,4.0,True,0.95722,0.88548,0.88472,0.07174,0.0725,0.00076
B0053,4C_2.0A,53,4.0,True,0.79823,0.92579,0.92513,0.12755,0.1269,0.00066
B0053,4C_2.0A,54,4.0,True,0.79903,0.92623,0.92556,0.1272,0.12654,0.00066
B0053,4C_2.0A,55,4.0,True,0.94315,0.89358,0.89279,0.04957,0.05036,0.00079
B0054,4C_2.0A,1,4.0,True,,0.6751,0.67431,,,0.0008
B0054,4C_2.0A,2,4.0,True,,1.06434,1.06455,,,-0.00022
B0054,4C_2.0A,3,4.0,True,,1.00841,1.00846,,,-5e-05
B0054,4C_2.0A,4,4.0,True,,1.0,1.0,,,0.0
B0054,4C_2.0A,5,4.0,True,,0.98122,0.98116,,,6e-05
B0054,4C_2.0A,6,4.0,True,,0.97219,0.97211,,,8e-05
B0054,4C_2.0A,7,4.0,True,,0.96424,0.96412,,,0.00012
B0054,4C_2.0A,8,4.0,True,,0.95336,0.95319,,,0.00016
B0054,4C_2.0A,9,4.0,True,,0.9542,0.95404,,,0.00017
B0054,4C_2.0A,10,4.0,True,,0.92898,0.92873,,,0.00025
B0054,4C_2.0A,11,4.0,True,,0.93304,0.93278,,,0.00026
B0054,4C_2.0A,12,4.0,True,,0.94788,0.94764,,,0.00024
B0054,4C_2.0A,13,4.0,True,,0.92819,0.9279,,,0.00029
B0054,4C_2.0A,14,4.0,True,,0.94266,0.94239,,,0.00027
B0054,4C_2.0A,15,4.0,True,,0.92107,0.92074,,,0.00034
B0054,4C_2.0A,16,4.0,True,,0.89984,0.89944,,,0.0004
B0054,4C_2.0A,17,4.0,True,,0.91969,0.91933,,,0.00036
B0054,4C_2.0A,18,4.0,True,,0.92638,0.92596,,,0.00042
B0054,4C_2.0A,19,4.0,True,,0.92213,0.92172,,,0.00041
B0054,4C_2.0A,20,4.0,True,,0.92188,0.92148,,,0.0004
B0054,4C_2.0A,21,4.0,True,,0.89427,0.89379,,,0.00048
B0054,4C_2.0A,22,4.0,True,,1.00514,1.00495,,,0.00019
B0054,4C_2.0A,23,4.0,True,,0.98779,0.98753,,,0.00026
B0054,4C_2.0A,24,4.0,True,,0.96485,0.96451,,,0.00033
B0054,4C_2.0A,25,4.0,True,,0.94756,0.94716,,,0.0004
B0054,4C_2.0A,26,4.0,True,,0.91907,0.91859,,,0.00048
B0054,4C_2.0A,27,4.0,True,,0.92702,0.92655,,,0.00046
B0054,4C_2.0A,28,4.0,True,,0.92683,0.92635,,,0.00048
B0054,4C_2.0A,29,4.0,True,,0.91379,0.91326,,,0.00053
B0054,4C_2.0A,30,4.0,True,,0.89528,0.89469,,,0.00058
B0054,4C_2.0A,31,4.0,True,,0.91124,0.91068,,,0.00055
B0054,4C_2.0A,32,4.0,True,,0.87443,0.87378,,,0.00065
B0054,4C_2.0A,33,4.0,True,,0.89421,0.89358,,,0.00063
B0054,4C_2.0A,34,4.0,True,,0.88687,0.88622,,,0.00066
B0054,4C_2.0A,35,4.0,True,,0.88439,0.88372,,,0.00067
B0054,4C_2.0A,36,4.0,True,,0.86492,0.8642,,,0.00072
B0054,4C_2.0A,37,4.0,True,,0.8794,0.8787,,,0.00071
B0054,4C_2.0A,38,4.0,True,,0.8834,0.88269,,,0.00071
B0054,4C_2.0A,39,4.0,True,,0.85828,0.8575,,,0.00078
B0054,4C_2.0A,40,4.0,True,,0.87757,0.87685,,,0.00072
B0054,4C_2.0A,41,4.0,True,,0.85147,0.85065,,,0.00082
B0054,4C_2.0A,42,4.0,True,,0.84974,0.8489,,,0.00085
B0054,4C_2.0A,43,4.0,True,,0.91023,0.90954,,,0.0007
B0054,4C_2.0A,44,4.0,True,,0.89718,0.89642,,,0.00076
B0054,4C_2.0A,45,4.0,True,,0.90366,0.90296,,,0.0007
B0054,4C_2.0A,46,4.0,True,,0.86675,0.86593,,,0.00082
B0054,4C_2.0A,47,4.0,True,,0.86914,0.86833,,,0.00081
B0054,4C_2.0A,48,4.0,True,,0.80748,0.80661,,,0.00087
B0054,4C_2.0A,49,4.0,True,,0.90667,0.90605,,,0.00062
B0054,4C_2.0A,50,4.0,True,,0.90828,0.90767,,,0.00061
B0054,4C_2.0A,51,4.0,True,,0.88995,0.88927,,,0.00067
B0054,4C_2.0A,52,4.0,True,,0.88133,0.88061,,,0.00071
B0054,4C_2.0A,53,4.0,True,,0.87349,0.87274,,,0.00075
B0054,4C_2.0A,54,4.0,True,,0.84804,0.84723,,,0.00081
B0054,4C_2.0A,55,4.0,True,,0.85067,0.84987,,,0.0008
B0054,4C_2.0A,56,4.0,True,,0.87093,0.87016,,,0.00077
B0054,4C_2.0A,57,4.0,True,,0.85128,0.85044,,,0.00083
B0054,4C_2.0A,58,4.0,True,,0.8424,0.84153,,,0.00086
B0054,4C_2.0A,59,4.0,True,,0.84467,0.84378,,,0.00089
B0054,4C_2.0A,60,4.0,True,,0.836,0.83508,,,0.00091
B0054,4C_2.0A,61,4.0,True,,0.85646,0.8556,,,0.00085
B0054,4C_2.0A,62,4.0,True,,0.83565,0.83472,,,0.00093
B0054,4C_2.0A,63,4.0,True,,0.83963,0.8387,,,0.00093
B0054,4C_2.0A,64,4.0,True,,0.8313,0.83034,,,0.00096
B0054,4C_2.0A,65,4.0,True,,0.81937,0.81839,,,0.00098
B0054,4C_2.0A,66,4.0,True,,0.84659,0.84567,,,0.00092
B0054,4C_2.0A,67,4.0,True,,0.83195,0.83097,,,0.00098
B0054,4C_2.0A,68,4.0,True,,0.81535,0.81431,,,0.00104
B0054,4C_2.0A,69,4.0,True,,0.83035,0.82936,,,0.00099
B0054,4C_2.0A,70,4.0,True,,0.83163,0.83063,,,0.001
B0054,4C_2.0A,71,4.0,True,,0.85191,0.85087,,,0.00104
B0054,4C_2.0A,72,4.0,True,,0.81946,0.81839,,,0.00107
B0054,4C_2.0A,73,4.0,True,,0.83386,0.83283,,,0.00103
B0054,4C_2.0A,74,4.0,True,,0.79969,0.79855,,,0.00114
B0054,4C_2.0A,75,4.0,True,,0.80791,0.80678,,,0.00113
B0054,4C_2.0A,76,4.0,True,,0.80464,0.80351,,,0.00113
B0054,4C_2.0A,77,4.0,True,,0.82532,0.82425,,,0.00108
B0054,4C_2.0A,78,4.0,True,,0.79693,0.79576,,,0.00117
B0054,4C_2.0A,79,4.0,True,,0.824,0.8229,,,0.00111
B0054,4C_2.0A,80,4.0,True,,0.79489,0.79371,,,0.00118
B0054,4C_2.0A,81,4.0,True,,0.81535,0.81422,,,0.00113
B0054,4C_2.0A,82,4.0,True,,0.8061,0.8049,,,0.0012
B0054,4C_2.0A,83,4.0,True,,0.80102,0.7998,,,0.00122
B0054,4C_2.0A,84,4.0,True,,0.78459,0.78332,,,0.00127
B0054,4C_2.0A,85,4.0,True,,0.79353,0.79228,,,0.00125
B0054,4C_2.0A,86,4.0,True,,0.78814,0.78687,,,0.00127
B0054,4C_2.0A,87,4.0,True,,0.80889,0.80768,,,0.00121
B0054,4C_2.0A,88,4.0,True,,0.79287,0.79158,,,0.00128
B0054,4C_2.0A,89,4.0,True,,0.77319,0.7718,,,0.00139
B0054,4C_2.0A,90,4.0,True,,0.80287,0.80163,,,0.00124
B0054,4C_2.0A,91,4.0,True,,0.83122,0.83,,,0.00122
B0054,4C_2.0A,92,4.0,True,,0.83225,0.83106,,,0.00119
B0054,4C_2.0A,93,4.0,True,,0.80947,0.80822,,,0.00125
B0054,4C_2.0A,94,4.0,True,,0.81761,0.81636,,,0.00125
B0054,4C_2.0A,95,4.0,True,,0.80758,0.80629,,,0.00129
B0054,4C_2.0A,96,4.0,True,,0.80229,0.80099,,,0.0013
B0054,4C_2.0A,97,4.0,True,,0.77199,0.77061,,,0.00138
B0054,4C_2.0A,98,4.0,True,,0.79432,0.79297,,,0.00135
B0054,4C_2.0A,99,4.0,True,,0.7701,0.76867,,,0.00143
B0054,4C_2.0A,100,4.0,True,,0.77883,0.77741,,,0.00142
B0054,4C_2.0A,101,4.0,True,,0.77776,0.77634,,,0.00142
B0054,4C_2.0A,102,4.0,True,,0.76402,0.76253,,,0.00149
B0055,4C_2.0A,1,4.0,True,1.08791,0.63551,0.63473,0.4524,0.45318,0.00077
B0055,4C_2.0A,2,4.0,True,0.91571,1.04982,1.04997,0.13411,0.13426,-0.00016
B0055,4C_2.0A,3,4.0,True,1.06192,1.01569,1.01575,0.04623,0.04617,-6e-05
B0055,4C_2.0A,4,4.0,True,1.0,1.0,1.0,0.0,0.0,0.0
B0055,4C_2.0A,5,4.0,True,0.95277,0.95984,0.95974,0.00707,0.00697,0.0001
B0055,4C_2.0A,6,4.0,True,0.93907,0.96061,0.96052,0.02154,0.02145,9e-05
B0055,4C_2.0A,7,4.0,True,,0.95522,0.9551,,,0.00013
B0055,4C_2.0A,8,4.0,True,0.95898,0.94575,0.9456,0.01323,0.01338,0.00015
B0055,4C_2.0A,9,4.0,True,0.87004,0.93036,0.93016,0.06032,0.06012,0.0002
B0055,4C_2.0A,10,4.0,True,0.88936,0.91339,0.91313,0.02403,0.02378,0.00025
B0055,4C_2.0A,11,4.0,True,,0.91689,0.91664,,,0.00026
B0055,4C_2.0A,12,4.0,True,0.85429,0.90024,0.89992,0.04596,0.04564,0.00032
B0055,4C_2.0A,13,4.0,True,0.83871,0.90089,0.90058,0.06218,0.06188,0.00031
B0055,4C_2.0A,14,4.0,True,0.8194,0.88769,0.88733,0.06829,0.06792,0.00036
B0055,4C_2.0A,15,4.0,True,0.81439,0.8737,0.8733,0.05931,0.05891,0.0004
B0055,4C_2.0A,16,4.0,True,,0.86901,0.8686,,,0.00041
B0055,4C_2.0A,17,4.0,True,0.78491,0.88221,0.88181,0.0973,0.09691,0.0004
B0055,4C_2.0A,18,4.0,True,0.79609,0.88089,0.88042,0.0848,0.08433,0.00047
B0055,4C_2.0A,19,4.0,True,0.52284,0.88029,0.87985,0.35745,0.35701,0.00044
B0055,4C_2.0A,20,4.0,True,0.74526,0.85318,0.85269,0.10792,0.10743,0.00049
B0055,4C_2.0A,21,4.0,True,,0.85717,0.85667,,,0.0005
B0055,4C_2.0A,22,4.0,True,0.86594,0.953,0.95271,0.08706,0.08677,0.00029
B0055,4C_2.0A,23,4.0,True,0.83078,0.92466,0.9243,0.09388,0.09351,0.00037
B0055,4C_2.0A,24,4.0,True,0.8109,0.91921,0.91882,0.10831,0.10792,0.00039
B0055,4C_2.0A,25,4.0,True,0.52549,0.9047,0.90426,0.37921,0.37876,0.00045
B0055,4C_2.0A,26,4.0,True,0.8185,0.88497,0.88448,0.06647,0.06597,0.00049
B0055,4C_2.0A,27,4.0,True,0.76334,0.87385,0.87333,0.11051,0.10999,0.00052
B0055,4C_2.0A,28,4.0,True,0.75372,0.87375,0.87322,0.12003,0.1195,0.00053
B0055,4C_2.0A,29,4.0,True,0.74135,0.87726,0.87672,0.13591,0.13537,0.00054
B0055,4C_2.0A,30,4.0,True,0.74736,0.87091,0.87036,0.12356,0.123,0.00055
B0055,4C_2.0A,31,4.0,True,0.72593,0.86622,0.86564,0.14029,0.13971,0.00058
B0055,4C_2.0A,32,4.0,True,0.78276,0.8537,0.85309,0.07094,0.07033,0.00061
B0055,4C_2.0A,33,4.0,True,0.72781,0.87124,0.87064,0.14343,0.14284,0.0006
B0055,4C_2.0A,34,4.0,True,0.73766,0.84625,0.84559,0.10859,0.10793,0.00066
B0055,4C_2.0A,35,4.0,True,0.70823,0.86362,0.863,0.15539,0.15477,0.00062
B0055,4C_2.0A,36,4.0,True,0.76204,0.84221,0.84154,0.08017,0.0795,0.00067
B0055,4C_2.0A,37,4.0,True,0.70894,0.86007,0.85941,0.15113,0.15048,0.00065
B0055,4C_2.0A,38,4.0,True,0.69728,0.84438,0.84368,0.1471,0.14641,0.0007
B0055,4C_2.0A,39,4.0,True,0.75495,0.84262,0.84191,0.08767,0.08696,0.00071
B0055,4C_2.0A,40,4.0,True,0.68273,0.85444,0.85376,0.17171,0.17103,0.00068
B0055,4C_2.0A,41,4.0,True,0.71155,0.82764,0.82689,0.11609,0.11534,0.00076
B0055,4C_2.0A,42,4.0,True,0.6891,0.84117,0.84042,0.15207,0.15132,0.00075
B0055,4C_2.0A,43,4.0,True,0.65818,0.87361,0.87292,0.21543,0.21474,0.00069
B0055,4C_2.0A,44,4.0,True,0.73633,0.88268,0.882,0.14635,0.14568,0.00068
B0055,4C_2.0A,45,4.0,True,0.69994,0.85848,0.85777,0.15854,0.15783,0.00071
B0055,4C_2.0A,46,4.0,True,0.74559,0.85234,0.85161,0.10675,0.10602,0.00074
B0055,4C_2.0A,47,4.0,True,0.68793,0.85475,0.85402,0.16682,0.16609,0.00074
B0055,4C_2.0A,48,4.0,True,0.66042,0.86413,0.86351,0.20371,0.20309,0.00062
B0055,4C_2.0A,49,4.0,True,0.74328,0.90197,0.90142,0.15869,0.15814,0.00055
B0055,4C_2.0A,50,4.0,True,0.70471,0.88899,0.88842,0.18429,0.18371,0.00058
B0055,4C_2.0A,51,4.0,True,0.6997,0.87862,0.87801,0.17891,0.17831,0.0006
B0055,4C_2.0A,52,4.0,True,0.68291,0.86673,0.86609,0.18382,0.18318,0.00064
B0055,4C_2.0A,53,4.0,True,0.66611,0.85546,0.85478,0.18935,0.18867,0.00068
B0055,4C_2.0A,54,4.0,True,0.72468,0.84389,0.84319,0.11921,0.11851,0.0007
B0055,4C_2.0A,55,4.0,True,,0.8366,0.83588,,,0.00072
B0055,4C_2.0A,56,4.0,True,,0.83943,0.8387,,,0.00073
B0055,4C_2.0A,57,4.0,True,0.63659,0.83778,0.83704,0.20119,0.20044,0.00075
B0055,4C_2.0A,58,4.0,True,,0.82046,0.81967,,,0.0008
B0055,4C_2.0A,59,4.0,True,0.6362,0.83781,0.83703,0.20161,0.20083,0.00078
B0055,4C_2.0A,60,4.0,True,0.6965,0.82066,0.81984,0.12417,0.12335,0.00082
B0055,4C_2.0A,61,4.0,True,0.62057,0.82355,0.82274,0.20298,0.20217,0.00081
B0055,4C_2.0A,62,4.0,True,0.61459,0.82101,0.82018,0.20642,0.20559,0.00083
B0055,4C_2.0A,63,4.0,True,0.65786,0.80456,0.80368,0.14671,0.14582,0.00088
B0055,4C_2.0A,64,4.0,True,0.61442,0.82829,0.82745,0.21387,0.21303,0.00084
B0055,4C_2.0A,65,4.0,True,,0.81267,0.81181,,,0.00086
B0055,4C_2.0A,66,4.0,True,,0.80597,0.80509,,,0.00088
B0055,4C_2.0A,67,4.0,True,0.60007,0.81924,0.81837,0.21917,0.2183,0.00086
B0055,4C_2.0A,68,4.0,True,0.62677,0.81044,0.80953,0.18367,0.18276,0.00091
B0055,4C_2.0A,69,4.0,True,0.68924,0.81852,0.81763,0.12928,0.1284,0.00088
B0055,4C_2.0A,70,4.0,True,0.63417,0.84053,0.83969,0.20636,0.20552,0.00084
B0055,4C_2.0A,71,4.0,True,0.64988,0.81858,0.81761,0.1687,0.16773,0.00097
B0055,4C_2.0A,72,4.0,True,0.61993,0.82094,0.82003,0.20101,0.2001,0.00091
B0055,4C_2.0A,73,4.0,True,0.60785,0.82793,0.82703,0.22008,0.21918,0.0009
B0055,4C_2.0A,74,4.0,True,0.66143,0.80426,0.80328,0.14283,0.14186,0.00098
B0055,4C_2.0A,75,4.0,True,0.59569,0.82226,0.82133,0.22656,0.22564,0.00093
B0055,4C_2.0A,76,4.0,True,0.66376,0.79856,0.79757,0.13479,0.13381,0.00099
B0055,4C_2.0A,77,4.0,True,0.5958,0.82196,0.82103,0.22616,0.22522,0.00094
B0055,4C_2.0A,78,4.0,True,0.65136,0.80325,0.80225,0.15189,0.15089,0.001
B0055,4C_2.0A,79,4.0,True,0.59495,0.80542,0.80443,0.21047,0.20948,0.00099
B0055,4C_2.0A,80,4.0,True,0.65252,0.7913,0.79027,0.13878,0.13775,0.00103
B0055,4C_2.0A,81,4.0,True,0.5852,0.81453,0.81356,0.22933,0.22836,0.00098
B0055,4C_2.0A,82,4.0,True,0.5838,0.812,0.81099,0.2282,0.22719,0.00101
B0055,4C_2.0A,83,4.0,True,0.5814,0.80819,0.80716,0.22678,0.22576,0.00103
B0055,4C_2.0A,84,4.0,True,0.65088,0.79442,0.79335,0.14353,0.14246,0.00107
B0055,4C_2.0A,85,4.0,True,0.58252,0.80802,0.80696,0.22549,0.22444,0.00105
B0055,4C_2.0A,86,4.0,True,0.64471,0.79247,0.79139,0.14776,0.14668,0.00108
B0055,4C_2.0A,87,4.0,True,0.57559,0.79966,0.7986,0.22407,0.223,0.00106
B0055,4C_2.0A,88,4.0,True,0.56431,0.80264,0.80157,0.23833,0.23726,0.00108
B0055,4C_2.0A,89,4.0,True,0.62639,0.79415,0.79301,0.16777,0.16662,0.00115
B0055,4C_2.0A,90,4.0,True,0.67938,0.86636,0.86543,0.18698,0.18605,0.00093
B0055,4C_2.0A,91,4.0,True,0.61948,0.85853,0.85755,0.23905,0.23807,0.00098
B0055,4C_2.0A,92,4.0,True,0.66197,0.82132,0.82027,0.15935,0.1583,0.00105
B0055,4C_2.0A,93,4.0,True,0.59734,0.83504,0.83402,0.23769,0.23667,0.00102
B0055,4C_2.0A,94,4.0,True,0.59172,0.83148,0.83045,0.23976,0.23873,0.00104
B0055,4C_2.0A,95,4.0,True,0.61761,0.79551,0.79437,0.1779,0.17677,0.00114
B0055,4C_2.0A,96,4.0,True,,0.80207,0.80095,,,0.00112
B0055,4C_2.0A,97,4.0,True,0.63358,0.79829,0.79717,0.16471,0.16359,0.00112
B0055,4C_2.0A,98,4.0,True,0.56262,0.81807,0.81697,0.25545,0.25434,0.00111
B0055,4C_2.0A,99,4.0,True,0.63508,0.78081,0.77961,0.14573,0.14453,0.0012
B0055,4C_2.0A,100,4.0,True,0.55014,0.80549,0.80434,0.25536,0.2542,0.00116
B0055,4C_2.0A,101,4.0,True,0.54926,0.8114,0.81026,0.26214,0.261,0.00114
B0055,4C_2.0A,102,4.0,True,0.6343,0.78803,0.7868,0.15373,0.1525,0.00123
B0056,4C_2.0A,1,4.0,True,1.09907,0.60529,0.60446,0.49379,0.49461,0.00082
B0056,4C_2.0A,2,4.0,True,0.66974,1.03622,1.03634,0.36647,0.36659,-0.00012
B0056,4C_2.0A,3,4.0,True,0.89842,1.01552,1.01558,0.1171,0.11716,-6e-05
B0056,4C_2.0A,4,4.0,True,1.05194,1.0,1.0,0.05194,0.05194,0.0
B0056,4C_2.0A,5,4.0,True,1.0,0.97425,0.97418,0.02575,0.02582,7e-05
B0056,4C_2.0A,6,4.0,True,0.96606,0.97039,0.97031,0.00433,0.00425,8e-05
B0056,4C_2.0A,7,4.0,True,1.01654,0.98709,0.98704,0.02945,0.0295,5e-05
B0056,4C_2.0A,8,4.0,True,1.0159,0.9691,0.969,0.0468,0.04691,0.0001
B0056,4C_2.0A,9,4.0,True,0.70775,0.94239,0.94222,0.23464,0.23447,0.00017
B0056,4C_2.0A,10,4.0,True,0.95958,0.94752,0.94735,0.01206,0.01222,0.00016
B0056,4C_2.0A,11,4.0,True,0.98378,0.94621,0.94603,0.03757,0.03776,0.00018
B0056,4C_2.0A,12,4.0,True,0.64094,0.93527,0.93503,0.29433,0.29409,0.00024
B0056,4C_2.0A,13,4.0,True,0.88682,0.94825,0.94805,0.06143,0.06123,0.0002
B0056,4C_2.0A,14,4.0,True,,0.91937,0.91908,,,0.00028
B0056,4C_2.0A,15,4.0,True,0.88497,0.91471,0.91441,0.02974,0.02944,0.0003
B0056,4C_2.0A,16,4.0,True,,0.91839,0.91809,,,0.0003
B0056,4C_2.0A,17,4.0,True,0.52839,0.93588,0.93561,0.40749,0.40723,0.00027
B0056,4C_2.0A,18,4.0,True,0.85316,0.93223,0.93189,0.07907,0.07873,0.00033
B0056,4C_2.0A,19,4.0,True,0.72052,0.9304,0.93008,0.20988,0.20956,0.00032
B0056,4C_2.0A,20,4.0,True,0.82323,0.8964,0.89602,0.07317,0.07278,0.00038
B0056,4C_2.0A,21,4.0,True,,0.90867,0.9083,,,0.00037
B0056,4C_2.0A,22,4.0,True,0.94696,0.9978,0.99761,0.05084,0.05065,0.00019
B0056,4C_2.0A,23,4.0,True,0.91411,0.9714,0.97114,0.05729,0.05704,0.00025
B0056,4C_2.0A,24,4.0,True,0.86979,0.95646,0.95616,0.08666,0.08636,0.0003
B0056,4C_2.0A,25,4.0,True,0.85528,0.96518,0.96488,0.1099,0.1096,0.0003
B0056,4C_2.0A,26,4.0,True,0.90492,0.94646,0.94611,0.04153,0.04119,0.00035
B0056,4C_2.0A,27,4.0,True,0.8448,0.91857,0.91816,0.07377,0.07336,0.00041
B0056,4C_2.0A,28,4.0,True,0.83094,0.91405,0.91362,0.08311,0.08268,0.00043
B0056,4C_2.0A,29,4.0,True,0.81221,0.91269,0.91225,0.10048,0.10004,0.00045
B0056,4C_2.0A,30,4.0,True,0.81006,0.92956,0.92915,0.1195,0.11909,0.00042
B0056,4C_2.0A,31,4.0,True,0.80542,0.8983,0.89781,0.09289,0.0924,0.00049
B0056,4C_2.0A,32,4.0,True,0.87619,0.90877,0.90829,0.03258,0.0321,0.00047
B0056,4C_2.0A,33,4.0,True,0.782,0.92596,0.9255,0.14396,0.1435,0.00046
B0056,4C_2.0A,34,4.0,True,0.82195,0.89843,0.89791,0.07649,0.07597,0.00052
B0056,4C_2.0A,35,4.0,True,0.76463,0.90977,0.90927,0.14514,0.14464,0.0005
B0056,4C_2.0A,36,4.0,True,0.85036,0.8986,0.89807,0.04824,0.04771,0.00053
B0056,4C_2.0A,37,4.0,True,0.76543,0.90676,0.90622,0.14133,0.1408,0.00053
B0056,4C_2.0A,38,4.0,True,0.77946,0.8832,0.88261,0.10374,0.10315,0.00059
B0056,4C_2.0A,39,4.0,True,0.85053,0.89995,0.89938,0.04941,0.04885,0.00056
B0056,4C_2.0A,40,4.0,True,0.75056,0.88305,0.88246,0.13249,0.1319,0.00059
B0056,4C_2.0A,41,4.0,True,0.79701,0.88207,0.88146,0.08506,0.08445,0.00061
B0056,4C_2.0A,42,4.0,True,0.75371,0.89452,0.89391,0.14081,0.1402,0.00061
B0056,4C_2.0A,43,4.0,True,0.85656,0.94592,0.94541,0.08936,0.08885,0.0005
B0056,4C_2.0A,44,4.0,True,0.80779,0.96001,0.95952,0.15221,0.15173,0.00049
B0056,4C_2.0A,45,4.0,True,0.80287,0.90355,0.90296,0.10068,0.10009,0.00059
B0056,4C_2.0A,46,4.0,True,0.84591,0.92137,0.9208,0.07546,0.0749,0.00057
B0056,4C_2.0A,47,4.0,True,0.75147,0.91875,0.91817,0.16728,0.1667,0.00058
B0056,4C_2.0A,48,4.0,True,0.84445,0.94778,0.94736,0.10333,0.10291,0.00042
B0056,4C_2.0A,49,4.0,True,0.80811,0.98465,0.9843,0.17654,0.17619,0.00035
B0056,4C_2.0A,50,4.0,True,0.79175,0.95839,0.95799,0.16664,0.16623,0.00041
B0056,4C_2.0A,51,4.0,True,0.77191,0.94869,0.94826,0.17678,0.17635,0.00043
B0056,4C_2.0A,52,4.0,True,0.75848,0.93747,0.93699,0.17899,0.17852,0.00047
B0056,4C_2.0A,53,4.0,True,0.7393,0.93176,0.93126,0.19246,0.19197,0.0005
B0056,4C_2.0A,54,4.0,True,0.82963,0.9208,0.92028,0.09117,0.09065,0.00052
B0056,4C_2.0A,55,4.0,True,0.84169,0.90447,0.90391,0.06278,0.06222,0.00055
B0056,4C_2.0A,56,4.0,True,0.7484,0.87906,0.87843,0.13066,0.13003,0.00063
B0056,4C_2.0A,57,4.0,True,0.70448,0.91121,0.91064,0.20673,0.20616,0.00056
B0056,4C_2.0A,58,4.0,True,0.81652,0.88492,0.88429,0.0684,0.06777,0.00063
B0056,4C_2.0A,59,4.0,True,0.71928,0.91149,0.9109,0.19222,0.19163,0.00059
B0056,4C_2.0A,60,4.0,True,0.82062,0.89043,0.88979,0.06981,0.06917,0.00064
B0056,4C_2.0A,61,4.0,True,0.72767,0.86458,0.86388,0.13691,0.13621,0.0007
B0056,4C_2.0A,62,4.0,True,0.68778,0.89617,0.89554,0.2084,0.20776,0.00064
B0056,4C_2.0A,63,4.0,True,0.78575,0.86691,0.86619,0.08116,0.08044,0.00072
B0056,4C_2.0A,64,4.0,True,0.68426,0.89907,0.89842,0.2148,0.21415,0.00065
B0056,4C_2.0A,65,4.0,True,0.80037,0.8746,0.8739,0.07423,0.07353,0.0007
B0056,4C_2.0A,66,4.0,True,0.74087,0.84881,0.84805,0.10794,0.10718,0.00077
B0056,4C_2.0A,67,4.0,True,0.69081,0.89109,0.89042,0.20028,0.1996,0.00068
B0056,4C_2.0A,68,4.0,True,0.71121,0.87759,0.87686,0.16639,0.16565,0.00074
B0056,4C_2.0A,69,4.0,True,0.83302,0.90624,0.90558,0.07322,0.07256,0.00066
B0056,4C_2.0A,70,4.0,True,0.7095,0.92259,0.92195,0.21309,0.21246,0.00064
B0056,4C_2.0A,71,4.0,True,0.77277,0.86849,0.86766,0.09572,0.09489,0.00083
B0056,4C_2.0A,72,4.0,True,0.69305,0.8942,0.89347,0.20115,0.20042,0.00073
B0056,4C_2.0A,73,4.0,True,0.71209,0.87573,0.87496,0.16364,0.16287,0.00077
B0056,4C_2.0A,74,4.0,True,0.76004,0.87849,0.8777,0.11846,0.11766,0.00079
B0056,4C_2.0A,75,4.0,True,0.6663,0.89104,0.89028,0.22474,0.22399,0.00075
B0056,4C_2.0A,76,4.0,True,0.78827,0.86854,0.86774,0.08027,0.07947,0.0008
B0056,4C_2.0A,77,4.0,True,0.52056,0.86074,0.8599,0.34017,0.33934,0.00083
B0056,4C_2.0A,78,4.0,True,0.74322,0.87336,0.87254,0.13014,0.12932,0.00081
B0056,4C_2.0A,79,4.0,True,0.55797,0.83969,0.8388,0.28172,0.28083,0.00089
B0056,4C_2.0A,80,4.0,True,,0.85719,0.85633,,,0.00086
B0056,4C_2.0A,81,4.0,True,,0.86945,0.86861,,,0.00084
B0056,4C_2.0A,82,4.0,True,0.73803,0.87768,0.87685,0.13965,0.13881,0.00084
B0056,4C_2.0A,83,4.0,True,,0.86877,0.8679,,,0.00087
B0056,4C_2.0A,84,4.0,True,,0.8557,0.85479,,,0.0009
B0056,4C_2.0A,85,4.0,True,,0.87444,0.87356,,,0.00088
B0056,4C_2.0A,86,4.0,True,0.56013,0.85439,0.85348,0.29426,0.29334,0.00092
B0056,4C_2.0A,87,4.0,True,0.67394,0.83001,0.82904,0.15606,0.15509,0.00097
B0056,4C_2.0A,88,4.0,True,,0.86976,0.86886,,,0.0009
B0056,4C_2.0A,89,4.0,True,,0.85299,0.852,,,0.00099
B0056,4C_2.0A,90,4.0,True,0.76935,0.98015,0.9795,0.2108,0.21015,0.00065
B0056,4C_2.0A,91,4.0,True,0.71463,0.957,0.95626,0.24236,0.24163,0.00074
B0056,4C_2.0A,92,4.0,True,0.80804,0.90541,0.90457,0.09737,0.09653,0.00084
B0056,4C_2.0A,93,4.0,True,0.6986,0.92413,0.92334,0.22553,0.22474,0.00079
B0056,4C_2.0A,94,4.0,True,0.71466,0.88344,0.88255,0.16877,0.16788,0.00089
B0056,4C_2.0A,95,4.0,True,0.77052,0.8704,0.86946,0.09988,0.09894,0.00094
B0056,4C_2.0A,96,4.0,True,0.74468,0.85584,0.85487,0.11116,0.11019,0.00097
B0056,4C_2.0A,97,4.0,True,0.73134,0.88943,0.88854,0.15808,0.15719,0.00089
B0056,4C_2.0A,98,4.0,True,0.68343,0.87116,0.87021,0.18774,0.18678,0.00096
B0056,4C_2.0A,99,4.0,True,0.7636,0.86781,0.86684,0.10422,0.10325,0.00097
B0056,4C_2.0A,100,4.0,True,,0.88102,0.88007,,,0.00096
B0056,4C_2.0A,101,4.0,True,0.66593,0.8766,0.87563,0.21068,0.2097,0.00097
B0056,4C_2.0A,102,4.0,True,0.74171,0.87027,0.86926,0.12856,0.12755,0.00101
