cell_id,cohort,cycle,applied_shift_v,window_charge_ah,soh_true,temp_start_c,temp_mean_c,temp_max_c,ref_w,soh_est,required_shift_v,missing_shift_v,error
B0005,24C_2.0A,1,0.19723,1.11768,1.01152,24.33003,32.57233,38.98218,1.11768,1.0,0.202,0.00477,-0.01152
B0005,24C_2.0A,2,0.19418,1.12366,1.00598,24.69775,32.72524,39.0334,1.11768,1.00535,0.192,-0.00218,-0.00063
B0005,24C_2.0A,3,0.19114,1.12045,1.0,24.73427,32.64286,38.8188,1.11768,1.00248,0.204,0.01286,0.00248
B0005,24C_2.0A,4,0.19095,1.11753,0.99995,24.65424,32.51488,38.7623,1.11768,0.99986,0.188,-0.00295,-9e-05
B0005,24C_2.0A,5,0.18986,1.11625,0.99962,24.5248,32.38235,38.66539,1.11768,0.99872,0.188,-0.00186,-0.0009
B0005,24C_2.0A,6,0.18848,1.11641,1.00017,24.5223,32.43418,38.7517,1.11768,0.99887,0.186,-0.00248,-0.0013
B0005,24C_2.0A,7,0.18808,1.11527,0.99989,24.58488,32.48042,38.8207,1.11768,0.99785,0.186,-0.00208,-0.00204
B0005,24C_2.0A,8,0.19032,1.11265,0.99477,24.71363,32.41046,38.51713,1.11768,0.99549,0.18,-0.01032,0.00072
B0005,24C_2.0A,9,0.19068,1.10994,0.99424,24.63521,32.34614,38.52627,1.11768,0.99307,0.182,-0.00868,-0.00116
B0005,24C_2.0A,10,0.19052,1.10748,0.99415,24.57206,32.2768,38.52698,1.11768,0.99087,0.184,-0.00652,-0.00328
B0005,24C_2.0A,11,0.19143,1.10565,0.99415,24.43672,32.15709,38.54143,1.11768,0.98924,0.184,-0.00743,-0.00491
B0005,24C_2.0A,12,0.1908,1.10194,0.98848,24.74433,32.36407,38.52197,1.11768,0.98592,0.184,-0.0068,-0.00256
B0005,24C_2.0A,13,0.19109,1.09959,0.98823,24.73664,32.3182,38.58249,1.11768,0.98381,0.18,-0.01109,-0.00442
B0005,24C_2.0A,14,0.19107,1.09883,0.98806,24.44798,32.15709,38.52029,1.11768,0.98313,0.186,-0.00507,-0.00493
B0005,24C_2.0A,15,0.1907,1.096,0.98216,24.47212,32.04407,38.21359,1.11768,0.9806,0.186,-0.0047,-0.00155
B0005,24C_2.0A,16,0.19083,1.09307,0.98189,24.32542,31.93159,38.19836,1.11768,0.97798,0.192,0.00117,-0.0039
B0005,24C_2.0A,17,0.19188,1.09101,0.98215,24.36259,31.94166,38.31927,1.11768,0.97614,0.186,-0.00588,-0.006
B0005,24C_2.0A,18,0.19289,1.08886,0.98241,24.38242,31.96501,38.47875,1.11768,0.97421,0.188,-0.00489,-0.0082
B0005,24C_2.0A,19,0.19282,1.0872,0.98225,24.36145,31.96624,38.54659,1.11768,0.97273,0.188,-0.00482,-0.00953
B0005,24C_2.0A,20,0.18685,1.13284,1.00636,24.55871,32.37143,38.4475,1.11768,1.01356,0.206,0.01915,0.0072
B0005,24C_2.0A,21,0.18876,1.12899,1.00658,24.92211,32.70025,38.99228,1.11768,1.01011,0.168,-0.02076,0.00354
B0005,24C_2.0A,22,0.18867,1.12512,1.00045,24.56597,32.32266,38.51424,1.11768,1.00665,0.204,0.01533,0.0062
B0005,24C_2.0A,23,0.18963,1.12101,0.99479,24.21658,31.98796,38.16582,1.11768,1.00298,0.208,0.01837,0.00819
B0005,24C_2.0A,24,0.18862,1.11829,0.99442,24.05499,31.89446,38.16526,1.11768,1.00054,0.206,0.01738,0.00612
B0005,24C_2.0A,25,0.19276,1.1139,0.99468,24.02878,31.7804,38.2755,1.11768,0.99662,0.174,-0.01876,0.00194
B0005,24C_2.0A,26,0.19167,1.11152,0.98838,23.93841,31.68875,37.98216,1.11768,0.99448,0.168,-0.02367,0.0061
B0005,24C_2.0A,27,0.19273,1.10807,0.98879,23.81153,31.59675,38.111,1.11768,0.9914,0.202,0.00927,0.00262
B0005,24C_2.0A,28,0.19278,1.105,0.98835,23.75477,31.56559,38.18831,1.11768,0.98866,0.186,-0.00678,0.0003
B0005,24C_2.0A,29,0.19167,1.10216,0.98225,23.79768,31.59125,37.99854,1.11768,0.98611,0.174,-0.01767,0.00387
B0005,24C_2.0A,30,0.19273,1.09862,0.98296,23.8013,31.60349,38.1942,1.11768,0.98294,0.188,-0.00473,-2e-05
B0005,24C_2.0A,31,0.19241,1.12423,1.00896,23.7813,31.91556,38.45796,1.11768,1.00586,0.192,-0.00041,-0.0031
B0005,24C_2.0A,32,0.19335,1.11123,0.99747,24.20404,32.08113,38.49126,1.11768,0.99423,0.188,-0.00535,-0.00324
B0005,24C_2.0A,33,0.1933,1.10362,0.99158,24.00633,31.84979,38.31473,1.11768,0.98742,0.19,-0.0033,-0.00417
B0005,24C_2.0A,34,0.1927,1.09681,0.98581,23.53999,31.46569,37.86193,1.11768,0.98132,0.194,0.0013,-0.00449
B0005,24C_2.0A,35,0.19322,1.0877,0.98325,23.5661,31.40935,37.90666,1.11768,0.97318,0.194,0.00078,-0.01008
B0005,24C_2.0A,36,0.18471,1.08429,0.9804,23.97891,31.90225,38.34003,1.11768,0.97013,0.282,0.09729,-0.01027
B0005,24C_2.0A,37,0.18256,1.07586,0.97444,23.75759,31.64902,38.0746,1.11768,0.96259,0.268,0.08544,-0.01186
B0005,24C_2.0A,38,0.18305,1.06911,0.97144,23.51454,31.48875,38.07253,1.11768,0.95654,0.26,0.07695,-0.0149
B0005,24C_2.0A,39,0.18249,1.06149,0.96605,23.28241,31.33,37.80134,1.11768,0.94972,0.288,0.10551,-0.01633
B0005,24C_2.0A,40,0.18305,1.05847,0.96605,23.43937,31.56955,38.39874,1.11768,0.94702,0.286,0.10295,-0.01903
B0005,24C_2.0A,41,0.18244,1.05803,0.96323,24.02058,32.11143,38.74929,1.11768,0.94663,0.286,0.10356,-0.0166
B0005,24C_2.0A,42,0.18227,1.05037,0.96021,24.25609,32.27168,38.87275,1.11768,0.93977,0.246,0.06373,-0.02043
B0005,24C_2.0A,43,0.183,1.05776,0.9631,23.9927,31.84229,38.50354,1.11768,0.94639,0.278,0.095,-0.01671
B0005,24C_2.0A,44,0.18246,1.04834,0.9604,23.82879,31.75982,38.27009,1.11768,0.93796,0.286,0.10354,-0.02244
B0005,24C_2.0A,45,0.18264,1.03783,0.95444,23.35051,31.41911,38.11685,1.11768,0.92855,0.292,0.10936,-0.02589
B0005,24C_2.0A,46,0.18301,1.03008,0.94906,23.23621,31.33163,38.04153,1.11768,0.92163,0.296,0.11299,-0.02743
B0005,24C_2.0A,47,0.18346,1.02315,0.94592,23.2148,31.35934,38.1798,1.11768,0.91543,0.282,0.09854,-0.03049
B0005,24C_2.0A,48,0.18578,1.09118,0.97727,26.64737,34.31088,40.71218,1.11768,0.97629,0.186,0.00022,-0.00098
B0005,24C_2.0A,49,0.18469,1.07842,0.97158,25.70038,33.43586,39.88526,1.11768,0.96487,0.19,0.00531,-0.00671
B0005,24C_2.0A,50,0.18414,1.06344,0.96296,24.83619,32.66698,39.18287,1.11768,0.95147,0.268,0.08386,-0.01149
B0005,24C_2.0A,51,0.18325,1.05135,0.95732,24.36162,32.28423,38.95156,1.11768,0.94065,0.268,0.08475,-0.01667
B0005,24C_2.0A,52,0.18353,1.04077,0.95179,24.01916,32.00739,38.60751,1.11768,0.93119,0.286,0.10247,-0.0206
B0005,24C_2.0A,53,0.18367,1.03435,0.94898,24.01967,32.06387,38.92036,1.11768,0.92544,0.296,0.11233,-0.02354
B0005,24C_2.0A,54,0.18298,1.02947,0.9461,24.33608,32.43755,39.23273,1.11768,0.92107,0.258,0.07502,-0.02503
B0005,24C_2.0A,55,0.18255,1.01768,0.9406,24.12428,32.1681,38.96493,1.11768,0.91053,0.226,0.04345,-0.03007
B0005,24C_2.0A,56,0.18196,1.00845,0.93487,23.97157,32.05753,38.83927,1.11768,0.90227,0.228,0.04604,-0.03259
B0005,24C_2.0A,57,0.18195,0.99963,0.93199,23.83933,31.97592,38.82796,1.11768,0.89438,0.302,0.12005,-0.03762
B0005,24C_2.0A,58,0.18142,1.0435,0.92953,23.95692,32.21689,39.14008,1.11768,0.93363,0.228,0.04658,0.0041
B0005,24C_2.0A,59,0.18143,0.98887,0.92642,24.46512,32.55633,39.34961,1.11768,0.88475,0.214,0.03257,-0.04167
B0005,24C_2.0A,60,0.18153,1.0721,0.9233,24.26785,32.40048,39.29445,1.11768,0.95922,0.288,0.10647,0.03592
B0005,24C_2.0A,61,0.18175,0.97352,0.91803,24.1464,32.29372,39.10488,1.11768,0.87101,0.276,0.09425,-0.04701
B0005,24C_2.0A,62,0.18118,1.2383,0.91235,23.93565,32.13607,39.04626,1.11768,1.10792,0.19,0.00882,0.19557
B0005,24C_2.0A,63,0.18189,0.96123,0.9124,24.08254,32.38269,39.39803,1.11768,0.86002,0.23,0.04811,-0.05238
B0005,24C_2.0A,64,0.18151,0.94526,0.90648,24.42882,32.309,39.10678,1.11768,0.84573,0.296,0.11449,-0.06075
B0005,24C_2.0A,65,0.18112,0.94697,0.90392,24.32881,32.56637,39.44449,1.11768,0.84726,0.204,0.02288,-0.05666
B0005,24C_2.0A,66,0.18122,1.09644,0.90111,24.13397,32.46543,39.5096,1.11768,0.98099,0.27,0.08878,0.07988
B0005,24C_2.0A,67,0.18066,0.92757,0.89501,23.98029,32.34706,39.33487,1.11768,0.82991,0.186,0.00534,-0.0651
B0005,24C_2.0A,68,0.18119,0.92078,0.8924,23.97507,32.37154,39.43723,1.11768,0.82383,0.302,0.12081,-0.06856
B0005,24C_2.0A,69,0.18078,0.91436,0.8896,24.0384,32.45549,39.51375,1.11768,0.81809,0.276,0.09522,-0.07151
B0005,24C_2.0A,70,0.18111,0.90765,0.88689,24.08229,32.50017,39.6017,1.11768,0.81208,0.23,0.04889,-0.07481
B0005,24C_2.0A,71,0.18196,0.90096,0.88382,24.04361,32.501,39.68746,1.11768,0.8061,0.184,0.00204,-0.07772
B0005,24C_2.0A,72,0.1812,0.89299,0.87794,24.00795,32.47289,39.53535,1.11768,0.79896,0.246,0.0648,-0.07898
B0005,24C_2.0A,73,0.18127,0.88527,0.87534,23.99346,32.5048,39.65024,1.11768,0.79206,0.296,0.11473,-0.08328
B0005,24C_2.0A,74,0.1814,0.87823,0.87259,23.98661,32.51218,39.69929,1.11768,0.78576,0.11,-0.0714,-0.08683
B0005,24C_2.0A,75,0.18159,0.86965,0.86652,23.92822,32.45693,39.56076,1.11768,0.77808,0.306,0.12441,-0.08844
B0005,24C_2.0A,76,0.18117,0.86168,0.86403,23.87875,32.44706,39.63708,1.11768,0.77096,0.268,0.08683,-0.09307
B0005,24C_2.0A,77,0.18145,0.84996,0.86356,23.91102,32.3289,39.43977,1.11768,0.76046,0.294,0.11255,-0.1031
B0005,24C_2.0A,78,0.18308,0.87356,0.86933,24.47295,32.84488,39.83902,1.11768,0.78159,0.28,0.09692,-0.08775
B0005,24C_2.0A,79,0.18184,0.84914,0.858,23.82331,32.31732,39.41795,1.11768,0.75973,0.14,-0.04184,-0.09827
B0005,24C_2.0A,80,0.18125,0.83599,0.85265,23.40597,32.06376,39.26278,1.11768,0.74797,0.306,0.12475,-0.10468
B0005,24C_2.0A,81,0.18194,0.83174,0.84985,23.50658,32.21998,39.47238,1.11768,0.74417,0.116,-0.06594,-0.10568
B0005,24C_2.0A,82,0.18197,0.83174,0.84969,23.98624,32.71202,40.03754,1.11768,0.74416,0.16,-0.02197,-0.10553
B0005,24C_2.0A,83,0.18275,0.82877,0.84708,24.33202,32.94502,40.14273,1.11768,0.74151,0.278,0.09525,-0.10557
B0005,24C_2.0A,84,0.18228,0.8199,0.84391,24.21168,32.85755,40.11656,1.11768,0.73357,,,-0.11034
B0005,24C_2.0A,85,0.18261,0.80852,0.83812,24.00043,32.62966,39.87503,1.11768,0.72339,0.316,0.13339,-0.11473
B0005,24C_2.0A,86,0.18275,0.79822,0.83249,23.6681,32.37986,39.61962,1.11768,0.71418,0.08,-0.10275,-0.11832
B0005,24C_2.0A,87,0.18301,0.89024,0.83283,23.8539,32.68216,40.06732,1.11768,0.7965,0.326,0.14299,-0.03632
B0005,24C_2.0A,88,0.18237,0.79719,0.82962,24.24377,32.99387,40.24717,1.11768,0.71326,0.262,0.07963,-0.11637
B0005,24C_2.0A,89,0.1827,1.19799,0.82681,24.30454,33.0454,40.30253,1.11768,1.07185,0.242,0.0593,0.24504
B0005,24C_2.0A,90,0.1858,0.9638,0.87494,24.11684,32.8563,40.09418,1.11768,0.86232,0.222,0.0362,-0.01262
B0005,24C_2.0A,91,0.1865,0.85181,0.85207,24.7267,33.3395,40.52238,1.11768,0.76212,0.306,0.1195,-0.08995
B0005,24C_2.0A,92,0.18516,0.83329,0.84349,24.73539,33.35156,40.56886,1.11768,0.74555,0.258,0.07284,-0.09794
B0005,24C_2.0A,93,0.18385,0.81711,0.83492,24.50197,33.14749,40.27805,1.11768,0.73108,0.17,-0.01385,-0.10385
B0005,24C_2.0A,94,0.18378,0.80471,0.83197,24.26614,33.00728,40.29218,1.11768,0.71998,0.266,0.08222,-0.11199
B0005,24C_2.0A,95,0.18309,0.79436,0.82652,24.14881,32.91991,40.18438,1.11768,0.71072,0.32,0.13691,-0.1158
B0005,24C_2.0A,96,0.18296,0.78754,0.82377,24.20861,32.99903,40.32007,1.11768,0.70462,0.256,0.07304,-0.11915
B0005,24C_2.0A,97,0.18235,0.78046,0.82086,24.22821,33.03772,40.33651,1.11768,0.69828,0.254,0.07165,-0.12258
B0005,24C_2.0A,98,0.18226,0.77411,0.81813,24.25934,33.0774,40.43268,1.11768,0.69261,0.304,0.12174,-0.12552
B0005,24C_2.0A,99,0.18156,1.13459,0.81229,24.22899,33.05468,40.31454,1.11768,1.01513,0.26,0.07844,0.20283
B0005,24C_2.0A,100,0.18092,0.76012,0.80958,24.2741,33.1157,40.38666,1.11768,0.68008,0.336,0.15508,-0.1295
B0005,24C_2.0A,101,0.18082,0.75344,0.80661,24.26381,33.12942,40.43385,1.11768,0.67411,0.118,-0.06282,-0.1325
B0005,24C_2.0A,102,0.1815,1.06828,0.80378,24.25376,33.13068,40.44479,1.11768,0.9558,0.242,0.0605,0.15202
B0005,24C_2.0A,103,0.18252,0.75577,0.8096,24.34426,33.20069,40.585,1.11768,0.67619,0.336,0.15348,-0.13341
B0005,24C_2.0A,104,0.18322,0.83298,0.81515,25.05823,33.78698,40.99869,1.11768,0.74528,0.308,0.12478,-0.06988
B0005,24C_2.0A,105,0.18244,0.75482,0.80682,24.85067,33.67337,40.99781,1.11768,0.67534,0.202,0.01956,-0.13148
B0005,24C_2.0A,106,0.18197,0.74427,0.8008,24.68845,33.53582,40.84214,1.11768,0.66591,0.11,-0.07197,-0.1349
B0005,24C_2.0A,107,0.18222,0.73297,0.79217,24.44424,33.3227,40.69012,1.11768,0.6558,0.14,-0.04222,-0.13637
B0005,24C_2.0A,108,0.18145,1.03207,0.7923,24.38282,33.34623,40.69938,1.11768,0.92341,0.284,0.10255,0.13111
B0005,24C_2.0A,109,0.1821,0.72628,0.79278,24.71535,33.64949,41.06026,1.11768,0.64981,0.174,-0.0081,-0.14297
B0005,24C_2.0A,110,0.18153,0.72075,0.78952,24.85143,33.7927,41.19696,1.11768,0.64486,0.136,-0.04553,-0.14466
B0005,24C_2.0A,111,0.1814,0.71044,0.78387,24.59312,33.52447,40.84447,1.11768,0.63563,0.106,-0.0754,-0.14823
B0005,24C_2.0A,112,0.18176,0.70382,0.78102,24.38502,33.39042,40.7642,1.11768,0.62971,0.202,0.02024,-0.15131
B0005,24C_2.0A,113,0.18185,0.70279,0.78099,24.64515,33.6737,41.11213,1.11768,0.62879,,,-0.1522
B0005,24C_2.0A,114,0.18131,0.78033,0.77809,24.93287,33.91081,41.27257,1.11768,0.69817,0.264,0.08269,-0.07992
B0005,24C_2.0A,115,0.18189,0.69467,0.77529,24.80499,33.78507,41.15575,1.11768,0.62153,0.026,-0.15589,-0.15376
B0005,24C_2.0A,116,0.18261,0.68725,0.77229,24.57858,33.61127,41.03237,1.11768,0.61489,,,-0.15741
B0005,24C_2.0A,117,0.18263,0.68051,0.76956,24.35781,33.45599,40.93727,1.11768,0.60886,0.058,-0.12463,-0.1607
B0005,24C_2.0A,118,0.18291,0.68098,0.76965,24.61675,33.72327,41.2407,1.11768,0.60928,0.096,-0.08691,-0.16037
B0005,24C_2.0A,119,0.18234,0.76694,0.76694,25.02928,34.05008,41.4365,1.11768,0.68619,0.34,0.15766,-0.08075
B0005,24C_2.0A,120,0.18453,0.71324,0.78099,25.15949,33.88935,41.16704,1.11768,0.63814,0.308,0.12347,-0.14285
B0005,24C_2.0A,121,0.18458,0.71565,0.78364,25.21215,34.06765,41.36217,1.11768,0.6403,0.31,0.12542,-0.14335
B0005,24C_2.0A,122,0.18309,0.69272,0.77225,24.85201,33.75168,41.02199,1.11768,0.61978,0.174,-0.00909,-0.15247
B0005,24C_2.0A,123,0.18231,0.67795,0.7666,24.47595,33.46482,40.78819,1.11768,0.60657,0.19,0.00769,-0.16003
B0005,24C_2.0A,124,0.18312,0.67111,0.76345,24.34522,33.40211,40.81506,1.11768,0.60045,0.052,-0.13112,-0.163
B0005,24C_2.0A,125,0.18269,0.66373,0.761,24.32663,33.41069,40.85837,1.11768,0.59384,0.312,0.12931,-0.16716
B0005,24C_2.0A,126,0.18331,0.6593,0.75805,24.28028,33.38985,40.83988,1.11768,0.58988,0.07,-0.11331,-0.16817
B0005,24C_2.0A,127,0.18294,0.65358,0.75529,24.23902,33.37004,40.85376,1.11768,0.58476,0.342,0.15906,-0.17053
B0005,24C_2.0A,128,0.18225,0.6457,0.75214,24.1235,33.27216,40.74795,1.11768,0.57771,0.084,-0.09825,-0.17443
B0005,24C_2.0A,129,0.18272,0.6416,0.74931,24.05301,33.22244,40.68794,1.11768,0.57404,0.106,-0.07672,-0.17526
B0005,24C_2.0A,130,0.18365,0.63819,0.74673,24.06286,33.26208,40.78107,1.11768,0.571,0.34,0.15635,-0.17574
B0005,24C_2.0A,131,0.18367,0.63499,0.74673,24.08639,33.31203,40.88159,1.11768,0.56813,0.288,0.10433,-0.1786
B0005,24C_2.0A,132,0.18347,0.62874,0.74358,24.00928,33.25288,40.81191,1.11768,0.56254,0.078,-0.10547,-0.18104
B0005,24C_2.0A,133,0.18485,0.65047,0.74939,24.71955,33.74505,41.11794,1.11768,0.58198,0.098,-0.08685,-0.16741
B0005,24C_2.0A,134,0.18567,0.65987,0.75523,24.84308,33.88842,41.2488,1.11768,0.59039,0.126,-0.05967,-0.16484
B0005,24C_2.0A,135,0.18425,0.6423,0.74637,24.581,33.73538,41.16243,1.11768,0.57467,0.058,-0.12625,-0.1717
B0005,24C_2.0A,136,0.18419,0.89671,0.74361,24.34029,33.59131,41.16438,1.11768,0.80229,0.162,-0.02219,0.05868
B0005,24C_2.0A,137,0.18377,0.62209,0.73791,24.03014,33.32367,40.86422,1.11768,0.55659,0.246,0.06223,-0.18132
B0005,24C_2.0A,138,0.1844,0.62489,0.73808,24.40172,33.69196,41.25435,1.11768,0.5591,0.154,-0.0304,-0.17899
B0005,24C_2.0A,139,0.18462,0.99653,0.73812,24.64781,33.88764,41.45023,1.11768,0.89161,0.198,0.01338,0.15349
B0005,24C_2.0A,140,0.18467,0.61562,0.73518,24.40716,33.67308,41.27709,1.11768,0.5508,0.13,-0.05467,-0.18438
B0005,24C_2.0A,141,0.18475,0.60709,0.73239,24.07174,33.41199,41.06461,1.11768,0.54317,0.032,-0.15275,-0.18922
B0005,24C_2.0A,142,0.1841,0.60059,0.72956,23.87339,33.29927,40.99285,1.11768,0.53735,0.004,-0.1801,-0.19221
B0005,24C_2.0A,143,0.18417,0.60294,0.72951,24.17488,33.59981,41.29041,1.11768,0.53946,0.112,-0.07217,-0.19006
B0005,24C_2.0A,144,0.18445,0.60048,0.72684,24.28632,33.61961,41.2274,1.11768,0.53726,0.054,-0.13045,-0.18958
B0005,24C_2.0A,145,0.18388,0.59203,0.72392,24.0131,33.39452,41.0462,1.11768,0.5297,0.05,-0.13388,-0.19422
B0005,24C_2.0A,146,0.18489,0.58611,0.72094,23.71506,33.16735,40.85874,1.11768,0.5244,,,-0.19654
B0005,24C_2.0A,147,0.18458,0.58209,0.71821,23.57702,33.10962,40.79197,1.11768,0.5208,0.356,0.17142,-0.19741
B0005,24C_2.0A,148,0.18488,0.58524,0.71837,23.95988,33.46502,41.14128,1.11768,0.52362,0.358,0.17312,-0.19475
B0005,24C_2.0A,149,0.18565,0.58296,0.71828,23.9678,33.44262,41.14429,1.11768,0.52158,0.068,-0.11765,-0.1967
B0005,24C_2.0A,150,0.1859,0.59293,0.72132,23.59435,33.03793,40.66184,1.11768,0.5305,0.09,-0.0959,-0.19082
B0005,24C_2.0A,151,0.18913,0.62785,0.74107,24.23768,33.49495,41.04669,1.11768,0.56174,0.17,-0.01913,-0.17933
B0005,24C_2.0A,152,0.18748,0.60862,0.72985,24.16737,33.49136,41.04621,1.11768,0.54453,,,-0.18532
B0005,24C_2.0A,153,0.18729,0.59804,0.72413,23.98739,33.32981,40.8683,1.11768,0.53507,,,-0.18906
B0005,24C_2.0A,154,0.1869,0.59111,0.72121,23.8765,33.27303,40.85284,1.11768,0.52887,0.028,-0.1589,-0.19234
B0005,24C_2.0A,155,0.18706,0.5851,0.71846,23.80048,33.22988,40.85271,1.11768,0.5235,0.06,-0.12706,-0.19497
B0005,24C_2.0A,156,0.18634,0.81132,0.71565,23.75244,33.20861,40.82633,1.11768,0.7259,0.238,0.05166,0.01024
B0005,24C_2.0A,157,0.18694,0.57744,0.71551,23.77068,33.23612,40.90309,1.11768,0.51664,0.038,-0.14894,-0.19887
B0005,24C_2.0A,158,0.18621,0.57187,0.71256,23.69874,33.1866,40.84337,1.11768,0.51165,0.054,-0.13221,-0.2009
B0005,24C_2.0A,159,0.18673,0.56878,0.70996,23.68133,33.17406,40.81792,1.11768,0.50889,-0.01,-0.19673,-0.20107
B0005,24C_2.0A,160,0.18713,0.56841,0.71014,23.75349,33.25398,40.94699,1.11768,0.50856,0.072,-0.11513,-0.20158
B0005,24C_2.0A,161,0.18775,0.56607,0.71017,23.79107,33.31981,41.07494,1.11768,0.50647,0.016,-0.17175,-0.2037
B0005,24C_2.0A,162,0.18719,0.56262,0.70716,23.8376,33.33766,41.02476,1.11768,0.50338,0.098,-0.08919,-0.20378
B0005,24C_2.0A,163,0.18762,0.56005,0.70726,23.75127,33.29077,41.06214,1.11768,0.50108,0.17,-0.01762,-0.20618
B0005,24C_2.0A,164,0.18789,0.55803,0.70475,23.74142,33.27569,40.98366,1.11768,0.49928,0.054,-0.13389,-0.20547
B0005,24C_2.0A,165,0.18711,0.55433,0.70178,23.80398,33.32068,40.98234,1.11768,0.49596,0.008,-0.17911,-0.20581
B0005,24C_2.0A,166,0.18741,0.5528,0.70148,23.84912,33.37315,41.06375,1.11768,0.49459,0.202,0.01459,-0.20688
B0005,24C_2.0A,167,0.18981,0.59062,0.71322,24.9341,33.71352,41.04703,1.11768,0.52843,0.26,0.07019,-0.18479
B0005,24C_2.0A,168,0.19082,0.59402,0.72198,25.0933,33.86532,41.05101,1.11768,0.53147,0.012,-0.17882,-0.1905
B0006,24C_2.0A,1,0.2129,1.23724,1.01093,24.27757,32.14278,39.16299,1.23646,1.00063,0.202,-0.0109,-0.0103
B0006,24C_2.0A,2,0.2099,1.24033,1.00587,24.64861,32.29308,39.2462,1.23646,1.00313,0.188,-0.0219,-0.00273
B0006,24C_2.0A,3,0.2069,1.23646,1.0,24.70406,32.24415,38.9992,1.23646,1.0,0.182,-0.0249,0.0
B0006,24C_2.0A,4,0.20613,1.22897,0.99998,24.6505,32.14712,38.84363,1.23646,0.99395,0.194,-0.01213,-0.00603
B0006,24C_2.0A,5,0.20537,1.22302,0.99364,24.63421,32.06687,38.97799,1.23646,0.98913,0.188,-0.01737,-0.00451
B0006,24C_2.0A,6,0.20512,1.22056,1.00028,24.3434,32.03448,38.8399,1.23646,0.98714,0.192,-0.01312,-0.01315
B0006,24C_2.0A,7,0.20483,1.21471,0.99989,24.43095,32.11157,39.04611,1.23646,0.98241,0.196,-0.00883,-0.01748
B0006,24C_2.0A,8,0.20457,1.20616,0.97788,24.65044,32.11258,38.87508,1.23646,0.9755,0.19,-0.01457,-0.00238
B0006,24C_2.0A,9,0.20439,1.20104,0.97757,24.56498,32.03566,38.72605,1.23646,0.97136,0.194,-0.01039,-0.00621
B0006,24C_2.0A,10,0.20434,1.19295,0.97214,24.52543,31.99528,38.9863,1.23646,0.96481,0.198,-0.00634,-0.00733
B0006,24C_2.0A,11,0.2043,1.18828,0.96636,24.41205,31.87413,38.65979,1.23646,0.96103,0.198,-0.0063,-0.00533
B0006,24C_2.0A,12,0.20421,1.1719,0.96097,24.66607,32.12096,38.84979,1.23646,0.94779,0.196,-0.00821,-0.01318
B0006,24C_2.0A,13,0.2037,1.16529,0.95527,24.8333,32.11021,38.75128,1.23646,0.94244,0.196,-0.0077,-0.01283
B0006,24C_2.0A,14,0.20304,1.15783,0.94962,24.63065,31.98906,38.76854,1.23646,0.93641,0.2,-0.00304,-0.01321
B0006,24C_2.0A,15,0.20306,1.14758,0.94424,24.46192,31.87881,38.84686,1.23646,0.92812,0.194,-0.00906,-0.01612
B0006,24C_2.0A,16,0.20305,1.14027,0.93835,24.26872,31.76745,38.86589,1.23646,0.9222,0.202,-0.00105,-0.01614
B0006,24C_2.0A,17,0.20305,1.13238,0.93292,24.35472,31.78992,38.64758,1.23646,0.91582,0.202,-0.00105,-0.0171
B0006,24C_2.0A,18,0.20305,1.12264,0.9276,24.38426,31.82883,38.79218,1.23646,0.90795,,,-0.01966
B0006,24C_2.0A,19,0.20259,1.11398,0.92761,24.46587,31.89045,38.77022,1.23646,0.90094,,,-0.02667
B0006,24C_2.0A,20,0.20302,1.2117,0.98326,24.51161,31.51177,37.54321,1.23646,0.97998,0.192,-0.01102,-0.00328
B0006,24C_2.0A,21,0.20303,1.20163,0.9723,24.91059,31.87449,37.90363,1.23646,0.97183,0.202,-0.00103,-0.00047
B0006,24C_2.0A,22,0.20289,1.18798,0.96647,24.57007,31.53911,37.67016,1.23646,0.96079,0.198,-0.00489,-0.00568
B0006,24C_2.0A,23,0.20349,1.17574,0.95575,24.22557,31.22087,37.34167,1.23646,0.95089,0.196,-0.00749,-0.00486
B0006,24C_2.0A,24,0.20394,1.16556,0.96655,24.03915,31.11901,37.28979,1.23646,0.94266,,,-0.0239
B0006,24C_2.0A,25,0.20394,1.15204,0.94441,24.01574,31.03324,37.16794,1.23646,0.93172,0.204,6e-05,-0.01269
B0006,24C_2.0A,26,0.20324,1.1402,0.93312,23.90381,31.00125,37.51578,1.23646,0.92215,0.202,-0.00124,-0.01097
B0006,24C_2.0A,27,0.20324,1.12982,0.92797,23.81689,30.92143,37.24166,1.23646,0.91376,0.206,0.00276,-0.01421
B0006,24C_2.0A,28,0.20222,1.11908,0.92187,23.76258,30.92936,37.27233,1.23646,0.90507,0.204,0.00178,-0.0168
B0006,24C_2.0A,29,0.20071,1.10824,0.91649,23.77793,31.00811,37.20713,1.23646,0.8963,,,-0.0202
B0006,24C_2.0A,30,0.20406,1.09716,0.92247,23.76567,30.96779,37.49608,1.23646,0.88734,,,-0.03513
B0006,24C_2.0A,31,0.20526,1.15116,0.95602,23.74551,31.10097,37.25007,1.23646,0.93102,,,-0.025
B0006,24C_2.0A,32,0.20411,1.12596,0.93489,24.19572,31.30737,37.39699,1.23646,0.91063,,,-0.02425
B0006,24C_2.0A,33,0.20296,1.1039,0.9215,23.97348,31.13134,37.28521,1.23646,0.89279,,,-0.0287
B0006,24C_2.0A,34,0.20179,1.0837,0.91354,23.52016,30.82871,37.08039,1.23646,0.87645,,,-0.03709
B0006,24C_2.0A,35,0.20062,1.0635,0.90325,23.52943,30.76153,36.98024,1.23646,0.86012,,,-0.04313
B0006,24C_2.0A,36,0.19355,1.05133,0.90074,23.94767,31.30306,37.59874,1.23646,0.85028,,,-0.05046
B0006,24C_2.0A,37,0.19239,1.03044,0.8926,23.72467,31.06432,37.33681,1.23646,0.83338,,,-0.05922
B0006,24C_2.0A,38,0.19179,1.01383,0.88461,23.50967,30.96655,37.395,1.23646,0.81994,,,-0.06466
B0006,24C_2.0A,39,0.19121,0.99598,0.87965,23.25959,30.82646,37.35234,1.23646,0.80551,,,-0.07414
B0006,24C_2.0A,40,0.19066,0.98512,0.87441,23.4119,31.08077,37.58677,1.23646,0.79673,,,-0.07768
B0006,24C_2.0A,41,0.18956,0.97887,0.86935,23.99388,31.69429,38.20704,1.23646,0.79167,,,-0.07768
B0006,24C_2.0A,42,0.19051,0.96648,0.86399,24.22544,31.87558,38.34043,1.23646,0.78165,,,-0.08234
B0006,24C_2.0A,43,0.19333,0.98737,0.87153,23.9316,31.54329,38.52154,1.23646,0.79855,,,-0.07299
B0006,24C_2.0A,44,0.19526,0.98459,0.87713,23.80186,31.42098,38.03707,1.23646,0.7963,,,-0.08083
B0006,24C_2.0A,45,0.1932,0.95236,0.86116,23.32504,31.15837,37.93429,1.23646,0.77023,,,-0.09092
B0006,24C_2.0A,46,0.19207,0.92841,0.85099,23.22752,31.15661,37.88471,1.23646,0.75086,0.324,0.13193,-0.10013
B0006,24C_2.0A,47,0.19148,0.90975,0.84557,23.20967,31.20661,38.06537,1.23646,0.73577,0.328,0.13652,-0.1098
B0006,24C_2.0A,48,0.20085,1.09713,0.90582,26.60295,33.61169,39.78844,1.23646,0.88732,0.214,0.01315,-0.01851
B0006,24C_2.0A,49,0.19917,1.06364,0.89808,25.61137,32.8563,39.2129,1.23646,0.86023,,,-0.03785
B0006,24C_2.0A,50,0.1973,1.02142,0.882,24.78851,32.21098,38.66938,1.23646,0.82609,,,-0.05592
B0006,24C_2.0A,51,0.19494,0.9894,0.8666,24.29904,31.96509,38.51701,1.23646,0.80018,,,-0.06641
B0006,24C_2.0A,52,0.19395,0.95989,0.85888,23.99012,31.7448,38.29251,1.23646,0.77632,,,-0.08256
B0006,24C_2.0A,53,0.19355,0.94128,0.8484,23.99541,31.87656,38.52092,1.23646,0.76127,,,-0.08713
B0006,24C_2.0A,54,0.19239,0.92453,0.84318,24.29776,32.24289,38.95436,1.23646,0.74773,0.322,0.12961,-0.09545
B0006,24C_2.0A,55,0.19203,0.89815,0.83546,24.10547,32.07306,38.73136,1.23646,0.72639,0.322,0.12997,-0.10908
B0006,24C_2.0A,56,0.19168,0.87767,0.83021,23.9762,32.03014,38.74828,1.23646,0.70983,0.314,0.12232,-0.12038
B0006,24C_2.0A,57,0.19105,0.85649,0.82488,23.8242,31.98494,38.84227,1.23646,0.69269,0.338,0.14695,-0.13219
B0006,24C_2.0A,58,0.18991,0.84406,0.8201,23.9428,32.23677,39.22138,1.23646,0.68265,0.332,0.14209,-0.13745
B0006,24C_2.0A,59,0.18958,0.82951,0.81464,24.45765,32.56097,39.46651,1.23646,0.67088,0.306,0.11642,-0.14376
B0006,24C_2.0A,60,0.19041,0.81478,0.80921,24.25293,32.48985,39.35265,1.23646,0.65896,0.334,0.14359,-0.15024
B0006,24C_2.0A,61,0.19036,0.79627,0.7991,24.11449,32.42612,39.31891,1.23646,0.64399,0.34,0.14964,-0.15511
B0006,24C_2.0A,62,0.19115,0.77759,0.79646,23.92893,32.29984,39.47197,1.23646,0.62889,0.34,0.14885,-0.16757
B0006,24C_2.0A,63,0.19127,0.7727,0.79419,24.06286,32.61076,39.7401,1.23646,0.62493,0.304,0.11273,-0.16926
B0006,24C_2.0A,64,0.1916,0.74929,0.78856,24.43764,32.25699,39.036,1.23646,0.606,0.22,0.0284,-0.18256
B0006,24C_2.0A,65,0.19192,1.07571,0.78625,24.30185,32.47193,39.16106,1.23646,0.86999,0.312,0.12008,0.08374
B0006,24C_2.0A,66,0.19153,0.732,0.77838,24.11619,32.40219,39.20052,1.23646,0.59202,0.256,0.06447,-0.18637
B0006,24C_2.0A,67,0.19341,0.72077,0.7755,23.95791,32.30987,39.15878,1.23646,0.58293,0.362,0.16859,-0.19257
B0006,24C_2.0A,68,0.19345,0.70975,0.77045,23.96186,32.35441,39.18226,1.23646,0.57402,0.366,0.17255,-0.19643
B0006,24C_2.0A,69,0.19335,1.2951,0.76524,24.03193,32.47314,39.38159,1.23646,1.04742,0.36,0.16665,0.28219
B0006,24C_2.0A,70,0.19327,0.6902,0.75761,24.0548,32.52335,39.44713,1.23646,0.5582,0.148,-0.04527,-0.19941
B0006,24C_2.0A,71,0.19563,1.11035,0.76001,24.00485,32.51826,39.40951,1.23646,0.898,0.374,0.17837,0.13799
B0006,24C_2.0A,72,0.19568,0.6734,0.75728,23.98822,32.54371,39.48443,1.23646,0.54462,0.132,-0.06368,-0.21266
B0006,24C_2.0A,73,0.1964,0.66667,0.75226,23.97473,32.56222,39.44168,1.23646,0.53918,0.376,0.1796,-0.21308
B0006,24C_2.0A,74,0.19672,0.65776,0.7497,23.97219,32.58978,39.53866,1.23646,0.53197,0.118,-0.07872,-0.21773
B0006,24C_2.0A,75,0.19746,0.64997,0.74702,23.89672,32.5709,39.58675,1.23646,0.52567,0.388,0.19054,-0.22135
B0006,24C_2.0A,76,0.19733,0.64059,0.74182,23.84887,32.53785,39.49975,1.23646,0.51808,0.372,0.17467,-0.22373
B0006,24C_2.0A,77,0.19825,0.62908,0.73889,23.87365,32.65645,39.96864,1.23646,0.50878,0.3,0.10175,-0.23012
B0006,24C_2.0A,78,0.20378,0.68264,0.76008,24.4545,33.18079,40.42668,1.23646,0.55209,0.312,0.10822,-0.20798
B0006,24C_2.0A,79,0.20219,0.64901,0.74706,23.81418,32.71221,40.02451,1.23646,0.52489,0.392,0.18981,-0.22217
B0006,24C_2.0A,80,0.20219,0.63088,0.73945,23.39341,32.54394,40.02167,1.23646,0.51023,0.38,0.17781,-0.22922
B0006,24C_2.0A,81,0.20046,0.62064,0.73425,23.49493,32.66554,40.07821,1.23646,0.50195,0.378,0.17754,-0.2323
B0006,24C_2.0A,82,0.20097,0.76631,0.73434,23.94876,33.16092,40.56579,1.23646,0.61976,0.212,0.01103,-0.11458
B0006,24C_2.0A,83,0.20142,0.61681,0.73173,24.30564,33.41445,40.75221,1.23646,0.49885,0.198,-0.00342,-0.23288
B0006,24C_2.0A,84,0.20263,0.60861,0.7289,24.16642,33.35417,40.71163,1.23646,0.49222,0.146,-0.05663,-0.23668
B0006,24C_2.0A,85,0.20242,0.59685,0.72101,23.9808,33.13635,40.58721,1.23646,0.48271,0.218,0.01558,-0.2383
B0006,24C_2.0A,86,0.20299,0.58525,0.72116,23.64197,32.92242,40.37036,1.23646,0.47333,0.306,0.10301,-0.24783
B0006,24C_2.0A,87,0.20268,0.5859,0.71878,23.82944,33.20338,40.66792,1.23646,0.47386,0.066,-0.13668,-0.24493
B0006,24C_2.0A,88,0.20292,0.58554,0.71864,24.20985,33.53395,40.99036,1.23646,0.47356,,,-0.24508
B0006,24C_2.0A,89,0.20325,0.58121,0.71607,24.27322,33.57679,40.99774,1.23646,0.47006,,,-0.246
B0006,24C_2.0A,90,0.21513,1.21693,0.79152,24.05818,33.22409,40.77266,1.23646,0.9842,0.38,0.16487,0.19269
B0006,24C_2.0A,91,0.21522,0.71995,0.76808,24.67672,33.37083,40.5222,1.23646,0.58227,0.202,-0.01322,-0.18581
B0006,24C_2.0A,92,0.2115,0.68007,0.75234,24.71375,33.43367,40.57747,1.23646,0.55001,0.264,0.0525,-0.20233
B0006,24C_2.0A,93,0.20997,0.65266,0.74453,24.46721,33.28677,40.51696,1.23646,0.52785,0.102,-0.10797,-0.21668
B0006,24C_2.0A,94,0.20844,0.63022,0.73665,24.22465,33.14348,40.34325,1.23646,0.5097,0.134,-0.07444,-0.22695
B0006,24C_2.0A,95,0.20673,0.61301,0.73161,24.11358,33.11022,40.39341,1.23646,0.49577,0.17,-0.03673,-0.23583
B0006,24C_2.0A,96,0.20592,0.60216,0.72654,24.15235,33.18992,40.46341,1.23646,0.48701,0.338,0.13208,-0.23953
B0006,24C_2.0A,97,0.20518,0.59214,0.72111,24.19261,33.26265,40.58183,1.23646,0.4789,0.344,0.13882,-0.24221
B0006,24C_2.0A,98,0.20435,0.584,0.71865,24.23861,33.29998,40.61671,1.23646,0.47232,0.244,0.03965,-0.24633
B0006,24C_2.0A,99,0.20425,0.57631,0.71592,24.19103,33.31664,40.63165,1.23646,0.4661,0.188,-0.01625,-0.24982
B0006,24C_2.0A,100,0.20351,0.56898,0.71087,24.22647,33.39151,40.74323,1.23646,0.46017,0.138,-0.06551,-0.2507
B0006,24C_2.0A,101,0.20411,0.56419,0.70829,24.22179,33.41522,40.81715,1.23646,0.45629,0.068,-0.13611,-0.252
B0006,24C_2.0A,102,0.20439,0.55889,0.70554,24.21808,33.39691,40.72878,1.23646,0.45201,0.056,-0.14839,-0.25354
B0006,24C_2.0A,103,0.20483,0.56854,0.70565,24.26699,33.73732,41.45494,1.23646,0.45981,0.116,-0.08883,-0.24584
B0006,24C_2.0A,104,0.2079,0.60189,0.72132,25.01052,34.08965,41.39679,1.23646,0.48679,0.106,-0.1019,-0.23453
B0006,24C_2.0A,105,0.20739,0.57932,0.71104,24.81984,33.99873,41.36669,1.23646,0.46853,0.082,-0.12539,-0.24251
B0006,24C_2.0A,106,0.20746,0.56682,0.70282,24.66177,33.9074,41.37787,1.23646,0.45842,0.332,0.12454,-0.2444
B0006,24C_2.0A,107,0.20797,0.55544,0.7002,24.43112,33.70518,41.14096,1.23646,0.44922,0.264,0.05603,-0.25098
B0006,24C_2.0A,108,0.20669,1.07012,0.69781,24.34227,33.74588,41.21688,1.23646,0.86547,0.04,-0.16669,0.16766
B0006,24C_2.0A,109,0.20611,0.5455,0.69296,24.69462,34.01657,41.40392,1.23646,0.44118,0.19,-0.01611,-0.25178
B0006,24C_2.0A,110,0.20608,0.54149,0.69265,24.83379,34.17502,41.58657,1.23646,0.43794,,,-0.25471
B0006,24C_2.0A,111,0.20606,0.53142,0.69006,24.57103,33.97611,41.43504,1.23646,0.42979,0.118,-0.08806,-0.26027
B0006,24C_2.0A,112,0.20765,0.52745,0.68734,24.37379,33.8415,41.37437,1.23646,0.42658,0.094,-0.11365,-0.26076
B0006,24C_2.0A,113,0.20733,0.52692,0.68229,24.62893,34.10085,41.66478,1.23646,0.42616,0.05,-0.15733,-0.25614
B0006,24C_2.0A,114,0.20742,0.52669,0.68474,24.90866,34.34664,41.81817,1.23646,0.42597,0.232,0.02458,-0.25877
B0006,24C_2.0A,115,0.20739,0.61674,0.68233,24.7869,34.21623,41.68665,1.23646,0.4988,0.096,-0.11139,-0.18354
B0006,24C_2.0A,116,0.20894,0.51533,0.6796,24.55494,34.04162,41.56538,1.23646,0.41678,0.014,-0.19494,-0.26282
B0006,24C_2.0A,117,0.20952,0.51055,0.67714,24.32642,33.89021,41.46395,1.23646,0.41291,0.236,0.02648,-0.26423
B0006,24C_2.0A,118,0.20885,0.51151,0.67455,24.5753,34.11676,41.61236,1.23646,0.41369,0.036,-0.17285,-0.26087
B0006,24C_2.0A,119,0.20908,0.51341,0.67216,24.99358,34.49049,42.00754,1.23646,0.41522,0.004,-0.20508,-0.25693
B0006,24C_2.0A,120,0.21166,1.06741,0.6875,25.16522,34.23745,41.61679,1.23646,0.86328,0.134,-0.07766,0.17578
B0006,24C_2.0A,121,0.21414,1.20836,0.69792,25.16935,34.41429,41.80245,1.23646,0.97728,0.146,-0.06814,0.27935
B0006,24C_2.0A,122,0.2123,0.61177,0.6848,24.82144,34.16445,41.653,1.23646,0.49478,0.43,0.2177,-0.19002
B0006,24C_2.0A,123,0.21112,0.52149,0.6796,24.45986,33.87715,41.36062,1.23646,0.42176,0.362,0.15088,-0.25784
B0006,24C_2.0A,124,0.21151,0.5127,0.67417,24.31694,33.83957,41.42816,1.23646,0.41465,0.11,-0.10151,-0.25951
B0006,24C_2.0A,125,0.21001,1.18174,0.67177,24.29936,33.8183,41.34327,1.23646,0.95575,0.404,0.19399,0.28398
B0006,24C_2.0A,126,0.2106,0.59631,0.66925,24.26496,33.81262,41.38119,1.23646,0.48227,,,-0.18698
B0006,24C_2.0A,127,0.21062,0.49595,0.66408,24.23405,33.79895,41.37845,1.23646,0.4011,0.042,-0.16862,-0.26298
B0006,24C_2.0A,128,0.2098,0.4887,0.66121,24.08401,33.70272,41.3066,1.23646,0.39524,0.404,0.1942,-0.26597
B0006,24C_2.0A,129,0.20942,0.48492,0.65858,24.03274,33.63563,41.20408,1.23646,0.39218,0.45,0.24058,-0.2664
B0006,24C_2.0A,130,0.21062,0.4827,0.65642,24.03505,33.69072,41.32956,1.23646,0.39039,-0.02,-0.23062,-0.26602
B0006,24C_2.0A,131,0.21047,0.47967,0.65624,24.06713,33.71317,41.30037,1.23646,0.38794,0.072,-0.13847,-0.2683
B0006,24C_2.0A,132,0.20991,0.47571,0.65347,24.00395,33.65377,41.24365,1.23646,0.38474,0.164,-0.04591,-0.26873
B0006,24C_2.0A,133,0.21014,0.48957,0.65608,24.66522,33.98358,41.36465,1.23646,0.39594,0.438,0.22786,-0.26014
B0006,24C_2.0A,134,0.21357,0.69328,0.66926,24.80536,33.81635,40.89286,1.23646,0.5607,0.076,-0.13757,-0.10856
B0006,24C_2.0A,135,0.21097,0.48974,0.65862,24.56878,33.60692,40.65296,1.23646,0.39608,0.198,-0.01297,-0.26254
B0006,24C_2.0A,136,0.21074,0.47821,0.65072,24.31527,33.47351,40.58411,1.23646,0.38676,0.16,-0.05074,-0.26396
B0006,24C_2.0A,137,0.21027,0.47019,0.64829,24.0038,33.20918,40.32278,1.23646,0.38027,0.36,0.14973,-0.26802
B0006,24C_2.0A,138,0.2107,0.47242,0.6459,24.3607,33.58089,40.78033,1.23646,0.38208,0.204,-0.0067,-0.26382
B0006,24C_2.0A,139,0.20984,0.47016,0.64581,24.62177,33.76401,40.85732,1.23646,0.38024,,,-0.26557
B0006,24C_2.0A,140,0.20988,0.46375,0.64049,24.36244,33.57004,40.7486,1.23646,0.37506,0.012,-0.19788,-0.26542
B0006,24C_2.0A,141,0.20889,0.45565,0.63539,24.05829,33.27205,40.47228,1.23646,0.36851,0.364,0.15511,-0.26688
B0006,24C_2.0A,142,0.20856,0.44962,0.63537,23.84004,33.12741,40.28188,1.23646,0.36364,0.41,0.20144,-0.27173
B0006,24C_2.0A,143,0.20857,0.45157,0.6328,24.11615,33.43912,40.63757,1.23646,0.36521,-0.002,-0.21057,-0.26759
B0006,24C_2.0A,144,0.20907,0.44912,0.63285,24.24838,33.48287,40.64243,1.23646,0.36323,0.092,-0.11707,-0.26961
B0006,24C_2.0A,145,0.20785,0.44241,0.6277,23.97276,33.22136,40.38713,1.23646,0.3578,0.222,0.01415,-0.2699
B0006,24C_2.0A,146,0.20827,0.43563,0.6249,23.67999,32.98563,40.15316,1.23646,0.35232,0.046,-0.16227,-0.27258
B0006,24C_2.0A,147,0.20834,0.43279,0.62248,23.53253,32.97018,40.26212,1.23646,0.35003,,,-0.27246
B0006,24C_2.0A,148,0.20893,0.4362,0.62247,23.90039,33.31019,40.65438,1.23646,0.35278,0.024,-0.18493,-0.26968
B0006,24C_2.0A,149,0.20826,0.43256,0.61991,23.92716,33.23407,40.41022,1.23646,0.34983,0.162,-0.04626,-0.27008
B0006,24C_2.0A,150,0.20873,0.44182,0.62257,23.56322,33.11766,40.49522,1.23646,0.35733,0.456,0.24727,-0.26524
B0006,24C_2.0A,151,0.21265,0.4679,0.64063,24.18299,33.78417,41.35788,1.23646,0.37842,0.122,-0.09065,-0.26221
B0006,24C_2.0A,152,0.20974,0.44856,0.62759,24.1379,33.80644,41.37903,1.23646,0.36277,0.018,-0.19174,-0.26481
B0006,24C_2.0A,153,0.20785,0.43624,0.61986,23.9631,33.63736,41.20921,1.23646,0.35281,-0.02,-0.22785,-0.26704
B0006,24C_2.0A,154,0.20635,0.42683,0.61198,23.85281,33.58196,41.20631,1.23646,0.3452,0.004,-0.20235,-0.26678
B0006,24C_2.0A,155,0.20664,0.42099,0.6095,23.75303,33.56246,41.28239,1.23646,0.34048,0.072,-0.13464,-0.26901
B0006,24C_2.0A,156,0.20525,0.41457,0.60683,23.72133,33.51113,41.15957,1.23646,0.33529,0.45,0.24475,-0.27154
B0006,24C_2.0A,157,0.20506,0.41039,0.60154,23.75982,33.53676,41.23043,1.23646,0.33191,-0.014,-0.21906,-0.26963
B0006,24C_2.0A,158,0.20417,0.40498,0.59882,23.66232,33.49803,41.21488,1.23646,0.32753,0.04,-0.16417,-0.27128
B0006,24C_2.0A,159,0.20403,0.40112,0.59647,23.66169,33.51698,41.2744,1.23646,0.32441,,,-0.27206
B0006,24C_2.0A,160,0.20252,0.3971,0.59135,23.72461,33.53192,41.23767,1.23646,0.32116,,,-0.2702
B0006,24C_2.0A,161,0.20265,0.39384,0.58867,23.76206,33.56764,41.24068,1.23646,0.31852,0.094,-0.10865,-0.27015
B0006,24C_2.0A,162,0.20214,0.38967,0.58593,23.80607,33.60493,41.28134,1.23646,0.31515,0.124,-0.07814,-0.27078
B0006,24C_2.0A,163,0.20171,0.38468,0.58341,23.71353,33.54281,41.28339,1.23646,0.31112,0.064,-0.13771,-0.27229
B0006,24C_2.0A,164,0.19907,0.77995,0.57309,23.70734,33.47246,41.14919,1.23646,0.63079,0.0,-0.19907,0.0577
B0006,24C_2.0A,165,0.20022,0.11802,0.57835,23.79146,33.5821,41.26268,1.23646,0.09545,0.192,-0.00822,-0.4829
B0006,24C_2.0A,166,0.20061,0.10078,0.57556,23.8029,33.66346,41.45792,1.23646,0.08151,0.144,-0.05661,-0.49406
B0006,24C_2.0A,167,0.20262,0.40534,0.5836,24.6986,33.73055,41.11666,1.23646,0.32782,0.414,0.21138,-0.25577
B0006,24C_2.0A,168,0.20308,0.40528,0.58891,24.90773,33.89128,41.36264,1.23646,0.32778,0.348,0.14492,-0.26114
B0007,24C_2.0A,1,0.2033,1.11468,1.00552,23.93704,32.62486,40.59043,1.12944,0.98693,0.198,-0.0053,-0.01859
B0007,24C_2.0A,2,0.20052,1.12857,0.99999,24.26709,32.73821,40.26023,1.12944,0.99923,0.194,-0.00652,-0.00076
B0007,24C_2.0A,3,0.19889,1.13014,1.0,24.32857,32.68511,40.27559,1.12944,1.00062,0.184,-0.01489,0.00062
B0007,24C_2.0A,4,0.19878,1.12944,1.00006,24.22885,32.55475,40.29315,1.12944,1.0,0.188,-0.01078,-6e-05
B0007,24C_2.0A,5,0.19759,1.12952,0.99936,24.13831,32.46788,40.26887,1.12944,1.00007,0.2,0.00241,0.00072
B0007,24C_2.0A,6,0.19512,1.13106,1.00002,24.14796,32.48625,39.67621,1.12944,1.00144,0.178,-0.01712,0.00142
B0007,24C_2.0A,7,0.19471,1.1323,0.99961,24.25552,32.5578,39.80382,1.12944,1.00253,0.176,-0.01871,0.00292
B0007,24C_2.0A,8,0.19859,1.12926,1.00045,24.30295,32.45374,39.8881,1.12944,0.99984,0.196,-0.00259,-0.00061
B0007,24C_2.0A,9,0.19943,1.1283,0.99417,24.25753,32.37325,39.95162,1.12944,0.99899,0.168,-0.03143,0.00483
B0007,24C_2.0A,10,0.1989,1.12754,0.99436,24.18958,32.30534,40.05202,1.12944,0.99832,0.208,0.0091,0.00396
B0007,24C_2.0A,11,0.19943,1.12664,0.99435,24.06266,32.18332,40.12138,1.12944,0.99753,0.172,-0.02743,0.00317
B0007,24C_2.0A,12,0.19945,1.12227,0.98883,24.33488,32.37885,40.17466,1.12944,0.99365,0.208,0.00855,0.00482
B0007,24C_2.0A,13,0.19969,1.12256,0.98852,24.35207,32.29132,40.01643,1.12944,0.99391,0.166,-0.03369,0.00539
B0007,24C_2.0A,14,0.19955,1.12171,0.98849,24.13317,32.14783,40.16569,1.12944,0.99316,0.168,-0.03155,0.00467
B0007,24C_2.0A,15,0.19923,1.12091,0.98867,24.0725,32.01381,39.4614,1.12944,0.99245,0.172,-0.02723,0.00378
B0007,24C_2.0A,16,0.19976,1.11814,0.98834,23.93813,31.88131,39.56366,1.12944,0.98999,0.204,0.00424,0.00165
B0007,24C_2.0A,17,0.20055,1.11711,0.98254,23.93202,31.8543,39.62895,1.12944,0.98908,0.212,0.01145,0.00655
B0007,24C_2.0A,18,0.20026,1.11556,0.98291,23.98565,31.85656,39.22535,1.12944,0.98771,0.168,-0.03226,0.0048
B0007,24C_2.0A,19,0.20018,1.11308,0.98283,23.98815,31.86718,39.41263,1.12944,0.98552,0.17,-0.03018,0.00268
B0007,24C_2.0A,20,0.19381,1.14075,1.00006,24.35869,32.35217,39.95874,1.12944,1.01002,0.21,0.01619,0.00996
B0007,24C_2.0A,21,0.19583,1.14142,1.00043,24.65486,32.60219,40.31302,1.12944,1.01061,0.156,-0.03983,0.01018
B0007,24C_2.0A,22,0.19568,1.14123,1.00023,24.3143,32.19572,39.35945,1.12944,1.01044,0.212,0.01632,0.01021
B0007,24C_2.0A,23,0.19777,1.13831,0.99487,23.94671,31.80599,39.45416,1.12944,1.00785,0.216,0.01823,0.01299
B0007,24C_2.0A,24,0.19656,1.1381,0.99444,23.7951,31.737,39.64175,1.12944,1.00767,0.216,0.01944,0.01323
B0007,24C_2.0A,25,0.19945,1.13486,0.99469,23.73727,31.51708,38.86907,1.12944,1.0048,0.216,0.01655,0.01011
B0007,24C_2.0A,26,0.19949,1.13265,0.98881,23.65227,31.44286,39.1184,1.12944,1.00284,0.22,0.02051,0.01403
B0007,24C_2.0A,27,0.1994,1.12995,0.98903,23.52661,31.32326,38.68011,1.12944,1.00045,0.218,0.0186,0.01142
B0007,24C_2.0A,28,0.1994,1.12754,0.98857,23.48715,31.28572,38.86305,1.12944,0.99832,0.216,0.0166,0.00975
B0007,24C_2.0A,29,0.19942,1.12557,0.98271,23.5033,31.33185,39.14531,1.12944,0.99657,0.16,-0.03942,0.01386
B0007,24C_2.0A,30,0.1994,1.12367,0.98327,23.52059,31.32286,38.83806,1.12944,0.99489,0.162,-0.0374,0.01162
B0007,24C_2.0A,31,0.19837,1.1371,1.00149,23.53948,31.60844,38.95965,1.12944,1.00679,0.21,0.01163,0.0053
B0007,24C_2.0A,32,0.19944,1.13205,0.99051,23.95429,31.7821,39.05388,1.12944,1.00231,0.158,-0.04144,0.01179
B0007,24C_2.0A,33,0.19942,1.12699,0.9848,23.73567,31.51504,38.69955,1.12944,0.99783,0.16,-0.03942,0.01303
B0007,24C_2.0A,34,0.19941,1.1222,0.98207,23.30981,31.13866,38.60524,1.12944,0.99359,0.164,-0.03541,0.01152
B0007,24C_2.0A,35,0.19939,1.11582,0.97669,23.30595,31.06871,38.42605,1.12944,0.98794,0.166,-0.03339,0.01125
B0007,24C_2.0A,36,0.18962,1.11799,0.97687,23.73901,31.61824,39.0469,1.12944,0.98987,0.218,0.02838,0.013
B0007,24C_2.0A,37,0.18758,1.11088,0.97395,23.48762,31.33153,38.83676,1.12944,0.98357,0.216,0.02842,0.00962
B0007,24C_2.0A,38,0.18759,1.10568,0.96835,23.2596,31.13257,38.49981,1.12944,0.97897,0.168,-0.01959,0.01061
B0007,24C_2.0A,39,0.18758,1.10138,0.96589,23.02752,30.97297,38.58234,1.12944,0.97515,0.22,0.03242,0.00927
B0007,24C_2.0A,40,0.18762,1.0983,0.96316,23.19557,31.19906,38.7875,1.12944,0.97243,0.17,-0.01762,0.00927
B0007,24C_2.0A,41,0.18761,1.09759,0.96328,23.75942,31.72227,39.31221,1.12944,0.9718,0.17,-0.01761,0.00852
B0007,24C_2.0A,42,0.18756,1.09284,0.96033,23.99232,31.90083,39.40568,1.12944,0.96759,0.216,0.02844,0.00726
B0007,24C_2.0A,43,0.1876,1.09644,0.96413,23.71739,31.53724,39.32803,1.12944,0.97078,0.216,0.0284,0.00665
B0007,24C_2.0A,44,0.18791,1.08938,0.96044,23.52989,31.24663,38.61125,1.12944,0.96453,0.178,-0.00991,0.00409
B0007,24C_2.0A,45,0.18799,1.0815,0.95489,23.08807,30.9394,38.56973,1.12944,0.95756,0.18,-0.00799,0.00266
B0007,24C_2.0A,46,0.18805,1.0753,0.9496,22.99093,30.88486,38.34572,1.12944,0.95206,0.216,0.02795,0.00246
B0007,24C_2.0A,47,0.18868,1.0712,0.94665,22.97528,30.92068,38.48254,1.12944,0.94843,0.214,0.02532,0.00179
B0007,24C_2.0A,48,0.18865,1.11041,0.96513,26.46909,33.88058,41.04994,1.12944,0.98315,0.218,0.02935,0.01803
B0007,24C_2.0A,49,0.18868,1.10723,0.96546,25.38636,33.03834,40.36194,1.12944,0.98034,0.158,-0.03068,0.01488
B0007,24C_2.0A,50,0.18804,1.09566,0.95724,24.52729,32.27329,39.6677,1.12944,0.97009,0.164,-0.02404,0.01285
B0007,24C_2.0A,51,0.18791,1.08674,0.95203,24.049,31.93792,39.48118,1.12944,0.96219,0.22,0.03209,0.01016
B0007,24C_2.0A,52,0.18727,1.07834,0.94666,23.72477,31.68869,39.41905,1.12944,0.95476,0.22,0.03273,0.0081
B0007,24C_2.0A,53,0.18729,1.07375,0.94399,23.74325,31.77912,39.72196,1.12944,0.9507,0.218,0.03071,0.00671
B0007,24C_2.0A,54,0.18677,1.06845,0.9413,24.07168,32.13387,40.04137,1.12944,0.946,0.176,-0.01077,0.0047
B0007,24C_2.0A,55,0.18621,1.05928,0.93588,23.85738,31.88943,39.66314,1.12944,0.93788,0.214,0.02779,0.002
B0007,24C_2.0A,56,0.1862,1.05285,0.93034,23.74277,31.81736,39.84752,1.12944,0.93219,0.216,0.0298,0.00186
B0007,24C_2.0A,57,0.1862,1.04511,0.93034,23.58764,31.72316,39.74336,1.12944,0.92534,0.2,0.0138,-0.005
B0007,24C_2.0A,58,0.18566,1.0429,0.92788,23.71539,31.95715,40.07247,1.12944,0.92338,0.198,0.01234,-0.0045
B0007,24C_2.0A,59,0.18577,1.0365,0.92502,24.22627,32.29918,40.24772,1.12944,0.91772,0.204,0.01823,-0.0073
B0007,24C_2.0A,60,0.18566,1.02825,0.91913,24.01861,32.12884,40.27221,1.12944,0.91041,0.202,0.01634,-0.00871
B0007,24C_2.0A,61,0.18603,1.02217,0.91665,23.86816,32.02113,39.89848,1.12944,0.90503,0.21,0.02397,-0.01162
B0007,24C_2.0A,62,0.18583,1.01132,0.91137,23.67927,31.85905,40.05713,1.12944,0.89542,0.206,0.02017,-0.01595
B0007,24C_2.0A,63,0.18597,1.01307,0.91137,23.8419,32.161,40.24071,1.12944,0.89697,0.202,0.01603,-0.01439
B0007,24C_2.0A,64,0.18656,0.99792,0.90588,24.23912,32.10276,40.12942,1.12944,0.88356,0.208,0.02144,-0.02232
B0007,24C_2.0A,65,0.18617,1.0013,0.90607,24.10075,32.33881,40.39597,1.12944,0.88655,0.206,0.01983,-0.01952
B0007,24C_2.0A,66,0.18564,0.99271,0.90052,23.89759,32.21373,40.18751,1.12944,0.87894,0.208,0.02236,-0.02158
B0007,24C_2.0A,67,0.18583,0.98538,0.89737,23.75513,32.0995,40.14605,1.12944,0.87245,0.21,0.02417,-0.02493
B0007,24C_2.0A,68,0.18592,0.98019,0.89494,23.73697,32.11305,40.18846,1.12944,0.86786,0.212,0.02608,-0.02708
B0007,24C_2.0A,69,0.18606,0.97575,0.8922,23.79128,32.20372,40.27895,1.12944,0.86393,,,-0.02827
B0007,24C_2.0A,70,0.18626,0.96913,0.88969,23.83718,32.23341,40.31073,1.12944,0.85806,,,-0.03163
B0007,24C_2.0A,71,0.1863,0.96274,0.88662,23.78037,32.21217,40.31734,1.12944,0.8524,,,-0.03422
B0007,24C_2.0A,72,0.18619,0.95681,0.88387,23.77028,32.21746,40.33256,1.12944,0.84716,,,-0.03671
B0007,24C_2.0A,73,0.18664,0.95065,0.8813,23.76195,32.2341,40.43126,1.12944,0.8417,,,-0.03959
B0007,24C_2.0A,74,0.18672,0.94584,0.8787,23.75416,32.22834,40.46248,1.12944,0.83744,,,-0.04126
B0007,24C_2.0A,75,0.18689,0.93877,0.87587,23.69239,32.18331,40.40103,1.12944,0.83118,,,-0.04469
B0007,24C_2.0A,76,0.18673,0.93158,0.87013,23.65119,32.172,40.4427,1.12944,0.82481,,,-0.04531
B0007,24C_2.0A,77,0.18709,0.92062,0.87004,23.61777,32.03316,40.26215,1.12944,0.81512,0.32,0.13291,-0.05493
B0007,24C_2.0A,78,0.18801,0.93477,0.87263,24.17782,32.50667,40.64567,1.12944,0.82764,,,-0.04498
B0007,24C_2.0A,79,0.18744,0.91644,0.86755,23.55302,31.96104,39.95209,1.12944,0.81142,0.316,0.12856,-0.05613
B0007,24C_2.0A,80,0.18777,0.91,0.86204,23.15836,31.79808,40.16503,1.12944,0.80571,0.322,0.13423,-0.05634
B0007,24C_2.0A,81,0.18756,0.9077,0.8595,23.26176,31.95803,40.36674,1.12944,0.80367,0.3,0.11244,-0.05583
B0007,24C_2.0A,82,0.18764,0.90926,0.85918,23.70588,32.41813,40.88269,1.12944,0.80505,0.312,0.12436,-0.05412
B0007,24C_2.0A,83,0.18842,0.90815,0.85966,24.06483,32.64045,40.85633,1.12944,0.80407,0.322,0.13358,-0.05559
B0007,24C_2.0A,84,0.18808,0.89958,0.85654,23.955,32.56399,40.77802,1.12944,0.79648,0.318,0.12992,-0.06006
B0007,24C_2.0A,85,0.18889,0.88925,0.85112,23.71297,32.28305,40.58293,1.12944,0.78734,0.302,0.11311,-0.06377
B0007,24C_2.0A,86,0.18901,0.87924,0.84859,23.38047,32.06065,40.63457,1.12944,0.77848,0.324,0.13499,-0.07012
B0007,24C_2.0A,87,0.18864,0.88307,0.84875,23.59006,32.36526,40.7507,1.12944,0.78186,,,-0.06689
B0007,24C_2.0A,88,0.18937,0.88444,0.84853,23.98207,32.68852,41.06724,1.12944,0.78308,0.318,0.12863,-0.06546
B0007,24C_2.0A,89,0.18996,0.8808,0.84579,24.05889,32.74773,41.40591,1.12944,0.77985,0.316,0.12604,-0.06594
B0007,24C_2.0A,90,0.19325,0.92762,0.89799,23.85062,32.50501,41.01559,1.12944,0.82131,,,-0.07669
B0007,24C_2.0A,91,0.1919,0.92778,0.86459,24.43614,32.91994,41.31851,1.12944,0.82145,,,-0.04314
B0007,24C_2.0A,92,0.19112,0.91522,0.85914,24.49163,32.94831,41.4003,1.12944,0.81033,,,-0.0488
B0007,24C_2.0A,93,0.19049,0.90359,0.85377,24.22889,32.76907,41.25081,1.12944,0.80003,,,-0.05374
B0007,24C_2.0A,94,0.18987,0.89257,0.84809,24.00314,32.59734,40.95363,1.12944,0.79028,0.302,0.11213,-0.05781
B0007,24C_2.0A,95,0.18999,0.8852,0.84566,23.88732,32.5235,40.98902,1.12944,0.78375,0.324,0.13401,-0.06191
B0007,24C_2.0A,96,0.18998,0.88041,0.84298,23.93599,32.57823,41.02623,1.12944,0.77951,0.304,0.11402,-0.06347
B0007,24C_2.0A,97,0.18939,0.87494,0.84012,23.98346,32.62728,41.01371,1.12944,0.77466,0.32,0.13061,-0.06545
B0007,24C_2.0A,98,0.18935,0.86967,0.83759,24.00186,32.65212,41.04923,1.12944,0.77,0.316,0.12665,-0.06759
B0007,24C_2.0A,99,0.18959,0.86463,0.8347,23.97365,32.64767,41.05278,1.12944,0.76554,0.296,0.10641,-0.06916
B0007,24C_2.0A,100,0.18904,0.85965,0.83495,24.01136,32.69939,41.02092,1.12944,0.76113,0.26,0.07096,-0.07382
B0007,24C_2.0A,101,0.18964,0.85603,0.83229,24.01433,32.72458,41.3484,1.12944,0.75792,0.326,0.13636,-0.07436
B0007,24C_2.0A,102,0.18986,0.85138,0.8293,23.99715,32.70434,41.23754,1.12944,0.75381,0.338,0.14814,-0.07549
B0007,24C_2.0A,103,0.19039,0.85943,0.83214,24.07522,32.74052,41.217,1.12944,0.76094,0.29,0.09961,-0.07121
B0007,24C_2.0A,104,0.19102,0.87345,0.83746,24.77328,33.38713,41.89753,1.12944,0.77335,,,-0.06411
B0007,24C_2.0A,105,0.191,0.86135,0.8323,24.61172,33.27063,41.90271,1.12944,0.76263,0.336,0.145,-0.06967
B0007,24C_2.0A,106,0.19036,0.85222,0.82936,24.42364,33.11507,41.48234,1.12944,0.75455,0.298,0.10764,-0.07482
B0007,24C_2.0A,107,0.19173,0.84569,0.82412,24.19969,32.90573,41.64116,1.12944,0.74877,0.33,0.13827,-0.07535
B0007,24C_2.0A,108,0.19023,0.838,0.82092,24.11975,32.95311,41.43388,1.12944,0.74196,0.298,0.10777,-0.07896
B0007,24C_2.0A,109,0.19095,0.84016,0.82153,24.45909,33.22821,41.85436,1.12944,0.74388,0.324,0.13305,-0.07765
B0007,24C_2.0A,110,0.19044,0.83607,0.8213,24.60981,33.36134,41.78271,1.12944,0.74025,0.314,0.12356,-0.08105
B0007,24C_2.0A,111,0.19066,0.82478,0.81583,24.34781,33.12432,41.62745,1.12944,0.73025,0.264,0.07334,-0.08558
B0007,24C_2.0A,112,0.19067,0.82207,0.81288,24.14335,32.99155,41.55213,1.12944,0.72786,0.314,0.12333,-0.08503
B0007,24C_2.0A,113,0.1907,0.82161,0.81297,24.39232,33.23183,41.83917,1.12944,0.72745,0.32,0.1293,-0.08552
B0007,24C_2.0A,114,0.1909,0.8219,0.81306,24.67207,33.50981,42.23999,1.12944,0.72771,0.33,0.1391,-0.08535
B0007,24C_2.0A,115,0.19116,0.81634,0.8103,24.56853,33.3824,42.0409,1.12944,0.72278,0.288,0.09684,-0.08752
B0007,24C_2.0A,116,0.19135,0.80922,0.80752,24.34306,33.1783,41.80343,1.12944,0.71648,0.318,0.12665,-0.09104
B0007,24C_2.0A,117,0.19142,0.80268,0.80485,24.10298,33.01591,41.68869,1.12944,0.71069,,,-0.09416
B0007,24C_2.0A,118,0.1916,0.80442,0.80483,24.36378,33.271,41.98817,1.12944,0.71223,0.32,0.1284,-0.0926
B0007,24C_2.0A,119,0.19189,0.80695,0.80501,24.75194,33.61967,42.33252,1.12944,0.71447,0.324,0.13211,-0.09054
B0007,24C_2.0A,120,0.19324,0.83692,0.81565,24.96187,33.29697,41.63554,1.12944,0.74101,,,-0.07464
B0007,24C_2.0A,121,0.19264,0.83402,0.8184,24.95211,33.39313,41.4705,1.12944,0.73844,0.324,0.13136,-0.07996
B0007,24C_2.0A,122,0.19289,0.82029,0.81015,24.59604,33.13821,41.54038,1.12944,0.72628,0.334,0.14111,-0.08387
B0007,24C_2.0A,123,0.19258,0.80686,0.80481,24.21295,32.8407,41.13947,1.12944,0.71439,0.318,0.12542,-0.09042
B0007,24C_2.0A,124,0.19258,0.80003,0.80173,24.08347,32.7574,41.09042,1.12944,0.70834,0.314,0.12142,-0.09339
B0007,24C_2.0A,125,0.19216,0.79383,0.79929,24.06336,32.77234,41.10034,1.12944,0.70285,0.282,0.08984,-0.09644
B0007,24C_2.0A,126,0.19288,0.78985,0.79643,24.01467,32.72042,41.03075,1.12944,0.69933,0.352,0.15912,-0.09711
B0007,24C_2.0A,127,0.19284,0.78507,0.79379,23.99324,32.71002,40.99688,1.12944,0.69509,0.292,0.09916,-0.09869
B0007,24C_2.0A,128,0.19215,0.77718,0.79356,23.86413,32.62077,40.88481,1.12944,0.68812,0.268,0.07585,-0.10544
B0007,24C_2.0A,129,0.19371,0.77497,0.79094,23.79656,32.57652,41.09401,1.12944,0.68615,0.302,0.10829,-0.10478
B0007,24C_2.0A,130,0.19378,0.77132,0.7883,23.7888,32.58396,41.01378,1.12944,0.68292,0.354,0.16022,-0.10538
B0007,24C_2.0A,131,0.19317,0.76754,0.78844,23.82872,32.62374,40.90635,1.12944,0.67957,0.3,0.10683,-0.10887
B0007,24C_2.0A,132,0.19358,0.76267,0.78535,23.7497,32.58599,41.06596,1.12944,0.67527,0.296,0.10242,-0.11008
B0007,24C_2.0A,133,0.19435,0.77933,0.78797,24.45805,32.86454,40.8452,1.12944,0.69002,0.336,0.14165,-0.09795
B0007,24C_2.0A,134,0.19511,0.78939,0.7966,24.57587,33.07965,41.12808,1.12944,0.69892,0.288,0.09289,-0.09768
B0007,24C_2.0A,135,0.19476,0.77614,0.78806,24.33766,32.93214,41.09499,1.12944,0.68719,0.282,0.08724,-0.10087
B0007,24C_2.0A,136,0.19489,0.7658,0.78542,24.08962,32.75575,41.11878,1.12944,0.67803,0.29,0.09511,-0.10739
B0007,24C_2.0A,137,0.19497,0.75872,0.78274,23.77234,32.52965,40.98003,1.12944,0.67176,0.322,0.12703,-0.11098
B0007,24C_2.0A,138,0.19456,0.76027,0.78283,24.13227,32.84807,41.01751,1.12944,0.67314,0.292,0.09744,-0.1097
B0007,24C_2.0A,139,0.19491,0.75964,0.78005,24.39849,33.07233,41.29942,1.12944,0.67258,0.296,0.10109,-0.10747
B0007,24C_2.0A,140,0.19494,0.75196,0.77726,24.15788,32.85096,41.10574,1.12944,0.66578,0.29,0.09506,-0.11148
B0007,24C_2.0A,141,0.19499,0.74191,0.77456,23.83308,32.5723,40.87704,1.12944,0.65688,0.354,0.15901,-0.11768
B0007,24C_2.0A,142,0.1944,0.73533,0.77173,23.61384,32.45068,40.73022,1.12944,0.65106,,,-0.12066
B0007,24C_2.0A,143,0.19521,0.7398,0.77186,23.88538,32.73944,41.03226,1.12944,0.65501,0.222,0.02679,-0.11685
B0007,24C_2.0A,144,0.19522,0.73597,0.76931,24.02646,32.7759,40.89528,1.12944,0.65163,0.344,0.14878,-0.11769
B0007,24C_2.0A,145,0.19552,0.72893,0.76928,23.75894,32.58173,41.02492,1.12944,0.64539,0.226,0.03048,-0.12389
B0007,24C_2.0A,146,0.19628,0.72163,0.76642,23.45801,32.35021,40.81597,1.12944,0.63893,0.308,0.11172,-0.12749
B0007,24C_2.0A,147,0.19622,0.71721,0.76369,23.32048,32.28754,40.65139,1.12944,0.63501,0.322,0.12578,-0.12868
B0007,24C_2.0A,148,0.19632,0.7208,0.76399,23.67192,32.60324,40.96539,1.12944,0.63819,0.272,0.07568,-0.1258
B0007,24C_2.0A,149,0.19729,0.71978,0.76372,23.70325,32.61208,41.11319,1.12944,0.63729,0.332,0.13471,-0.12643
B0007,24C_2.0A,150,0.19813,0.73206,0.76668,23.32719,32.26743,40.78738,1.12944,0.64816,0.302,0.10387,-0.11852
B0007,24C_2.0A,151,0.19898,0.75862,0.78015,23.98016,32.63773,40.73001,1.12944,0.67167,0.302,0.10302,-0.10848
B0007,24C_2.0A,152,0.19887,0.74581,0.772,23.91927,32.66526,40.99035,1.12944,0.66034,0.262,0.06313,-0.11166
B0007,24C_2.0A,153,0.19814,0.73418,0.76948,23.75032,32.50265,40.62521,1.12944,0.65004,0.274,0.07586,-0.11944
B0007,24C_2.0A,154,0.19743,0.73682,0.76664,23.63227,32.44684,40.58944,1.12944,0.65238,0.348,0.15057,-0.11426
B0007,24C_2.0A,155,0.19796,0.72027,0.76124,23.53981,32.39362,40.58439,1.12944,0.63773,0.252,0.05404,-0.12351
B0007,24C_2.0A,156,0.19799,0.71528,0.76133,23.50487,32.41722,40.88444,1.12944,0.6333,0.364,0.16601,-0.12803
B0007,24C_2.0A,157,0.19801,0.71088,0.75838,23.54319,32.40094,40.6516,1.12944,0.62941,0.326,0.12799,-0.12897
B0007,24C_2.0A,158,0.19729,0.70454,0.75829,23.46587,32.36314,40.53138,1.12944,0.62379,0.338,0.14071,-0.1345
B0007,24C_2.0A,159,0.19799,0.70211,0.75572,23.44235,32.3826,40.82143,1.12944,0.62165,0.312,0.11401,-0.13408
B0007,24C_2.0A,160,0.19768,0.69982,0.7531,23.50443,32.43238,40.64336,1.12944,0.61962,0.296,0.09832,-0.13348
B0007,24C_2.0A,161,0.19834,0.69811,0.75323,23.53851,32.48862,40.97064,1.12944,0.6181,0.358,0.15966,-0.13513
B0007,24C_2.0A,162,0.19795,0.69442,0.75018,23.59765,32.52406,40.74888,1.12944,0.61484,0.368,0.17005,-0.13535
B0007,24C_2.0A,163,0.19852,0.69085,0.75026,23.51036,32.48262,40.93462,1.12944,0.61168,0.276,0.07748,-0.13859
B0007,24C_2.0A,164,0.19913,0.68856,0.7477,23.5047,32.4639,40.74176,1.12944,0.60965,0.182,-0.01713,-0.13805
B0007,24C_2.0A,165,0.19929,1.02544,0.74779,23.55552,32.55681,41.00964,1.12944,0.90792,,,0.16013
B0007,24C_2.0A,166,0.19881,1.04672,0.74466,23.59582,32.5763,40.80559,1.12944,0.92676,0.318,0.11919,0.1821
B0007,24C_2.0A,167,0.20103,0.722,0.756,24.49139,32.81805,40.92586,1.12944,0.63925,,,-0.11675
B0007,24C_2.0A,168,0.20116,0.71829,0.76168,24.73792,32.92941,40.5739,1.12944,0.63597,0.354,0.15284,-0.12571
B0018,24C_2.0A,1,0.20633,1.10982,1.00837,23.81952,31.77329,38.1018,1.11057,0.99932,0.214,0.00767,-0.00905
B0018,24C_2.0A,2,0.20193,1.11671,1.00195,24.31479,31.92489,38.14988,1.11057,1.00553,0.224,0.02207,0.00357
B0018,24C_2.0A,3,0.19871,1.11131,1.0,23.74389,31.31691,37.52669,1.11057,1.00067,0.196,-0.00271,0.00067
B0018,24C_2.0A,4,0.19804,1.10665,0.99515,23.22786,30.82119,37.06279,1.11057,0.99647,0.194,-0.00404,0.00132
B0018,24C_2.0A,5,0.19749,1.11057,0.99625,24.42207,31.95347,38.21104,1.11057,1.0,0.216,0.01851,0.00375
B0018,24C_2.0A,6,0.19717,1.10405,0.99398,24.69529,32.02311,38.17497,1.11057,0.99413,0.194,-0.00317,0.00015
B0018,24C_2.0A,7,0.19632,1.09694,0.99,24.31366,31.63453,37.64039,1.11057,0.98772,0.2,0.00368,-0.00227
B0018,24C_2.0A,8,0.19427,1.09064,0.98672,23.91727,31.28819,37.37603,1.11057,0.98205,0.206,0.01173,-0.00467
B0018,24C_2.0A,9,0.19219,1.08721,0.98081,23.65464,31.11122,37.28928,1.11057,0.97896,0.206,0.01381,-0.00185
B0018,24C_2.0A,10,0.19212,1.09857,0.99103,23.598,31.13167,37.52378,1.11057,0.98919,0.198,0.00588,-0.00184
B0018,24C_2.0A,11,0.19078,1.09118,0.98506,24.12829,31.51306,37.7242,1.11057,0.98254,0.198,0.00722,-0.00253
B0018,24C_2.0A,12,0.19006,1.08129,0.98102,24.011,31.31103,37.41366,1.11057,0.97363,0.204,0.01394,-0.00739
B0018,24C_2.0A,13,0.18913,1.07132,0.9735,23.55455,30.89396,36.94725,1.11057,0.96465,0.198,0.00887,-0.00884
B0018,24C_2.0A,14,0.18908,1.06429,0.96949,23.0905,30.5406,36.70709,1.11057,0.95833,0.208,0.01892,-0.01116
B0018,24C_2.0A,15,0.18882,1.06126,0.96811,23.30355,30.82566,37.13061,1.11057,0.9556,0.202,0.01318,-0.01251
B0018,24C_2.0A,16,0.18798,1.05743,0.96282,24.00012,31.4514,37.6866,1.11057,0.95215,0.204,0.01602,-0.01067
B0018,24C_2.0A,17,0.18787,1.049,0.96142,24.23042,31.51885,37.63358,1.11057,0.94456,0.2,0.01213,-0.01686
B0018,24C_2.0A,18,0.18656,1.03694,0.95327,23.79566,31.11237,37.15253,1.11057,0.9337,0.206,0.01944,-0.01956
B0018,24C_2.0A,19,0.18645,1.0265,0.94924,23.12732,30.58645,36.78829,1.11057,0.92429,0.3,0.11355,-0.02494
B0018,24C_2.0A,20,0.18699,1.01602,0.94459,22.78097,30.24291,36.54115,1.11057,0.91486,0.214,0.02701,-0.02972
B0018,24C_2.0A,21,0.18636,1.00599,0.94125,22.58238,30.1027,36.37209,1.11057,0.90583,0.294,0.10764,-0.03541
B0018,24C_2.0A,22,0.18453,0.99453,0.92879,22.71408,30.25118,36.52609,1.11057,0.89551,0.276,0.09147,-0.03327
B0018,24C_2.0A,23,0.18568,0.98816,0.93035,22.66179,30.21241,36.47625,1.11057,0.88978,0.304,0.11832,-0.04057
B0018,24C_2.0A,24,0.18589,0.98175,0.92819,22.50817,30.12501,36.37721,1.11057,0.884,0.284,0.09811,-0.04419
B0018,24C_2.0A,25,0.18818,1.01991,0.95088,22.61791,30.22429,36.64001,1.11057,0.91836,,,-0.03252
B0018,24C_2.0A,26,0.18753,1.01191,0.94193,23.43054,30.97638,37.38165,1.11057,0.91116,0.3,0.11247,-0.03077
B0018,24C_2.0A,27,0.18612,1.00306,0.9362,23.96695,31.4157,37.59825,1.11057,0.90319,0.292,0.10588,-0.033
B0018,24C_2.0A,28,0.18538,0.98911,0.93055,23.96435,31.3833,37.56056,1.11057,0.89063,0.28,0.09462,-0.03993
B0018,24C_2.0A,29,0.18527,0.97885,0.92372,23.63392,31.16794,37.52114,1.11057,0.88139,0.306,0.12073,-0.04233
B0018,24C_2.0A,30,0.18456,0.96535,0.92087,23.48488,30.99469,37.21887,1.11057,0.86924,0.3,0.11544,-0.05163
B0018,24C_2.0A,31,0.18364,0.95337,0.91428,23.47032,31.05532,37.33441,1.11057,0.85845,0.226,0.04236,-0.05582
B0018,24C_2.0A,32,0.18356,0.94728,0.9116,23.77351,31.37395,37.73318,1.11057,0.85296,0.298,0.11444,-0.05864
B0018,24C_2.0A,33,0.18225,0.93672,0.90537,24.00146,31.56128,37.84649,1.11057,0.84346,0.294,0.11175,-0.06191
B0018,24C_2.0A,34,0.18152,1.22871,0.90084,23.69719,31.31847,37.67016,1.11057,1.10638,0.23,0.04848,0.20553
B0018,24C_2.0A,35,0.18206,0.91173,0.89597,23.4918,31.10401,37.53185,1.11057,0.82096,0.234,0.05194,-0.07501
B0018,24C_2.0A,36,0.18146,0.89732,0.89083,23.323,30.98973,37.59333,1.11057,0.80798,0.302,0.12054,-0.08285
B0018,24C_2.0A,37,0.18036,0.88559,0.88478,23.25244,30.96785,37.36141,1.11057,0.79741,0.292,0.11164,-0.08737
B0018,24C_2.0A,38,0.18095,0.88098,0.8818,23.49349,31.28534,37.8998,1.11057,0.79327,0.256,0.07505,-0.08853
B0018,24C_2.0A,39,0.18089,0.87418,0.87737,23.65443,31.41096,38.0315,1.11057,0.78714,0.182,0.00111,-0.09023
B0018,24C_2.0A,40,0.18599,0.9365,0.91109,23.01654,30.75514,37.4222,1.11057,0.84326,0.276,0.09001,-0.06783
B0018,24C_2.0A,41,0.18306,0.9121,0.89655,23.3827,30.97745,37.32511,1.11057,0.82129,0.244,0.06094,-0.07526
B0018,24C_2.0A,42,0.18289,0.89036,0.88736,23.15402,30.80051,37.31088,1.11057,0.80171,0.258,0.07511,-0.08564
B0018,24C_2.0A,43,0.18226,1.18774,0.87868,22.88529,30.61619,37.23235,1.11057,1.06949,0.276,0.09374,0.19081
B0018,24C_2.0A,44,0.182,0.85706,0.87568,22.56635,30.39984,36.94851,1.11057,0.77173,0.296,0.114,-0.10395
B0018,24C_2.0A,45,0.18238,1.03083,0.86729,22.55263,30.38387,37.00266,1.11057,0.9282,0.304,0.12162,0.06091
B0018,24C_2.0A,46,0.18981,1.04432,0.93863,23.12501,30.57624,36.71025,1.11057,0.94034,0.228,0.03819,0.00171
B0018,24C_2.0A,47,0.18899,1.02445,0.93312,23.40896,30.70591,36.72808,1.11057,0.92245,0.21,0.02101,-0.01067
B0018,24C_2.0A,48,0.18689,0.99875,0.92184,23.28025,30.62584,36.72959,1.11057,0.89931,0.216,0.02911,-0.02253
B0018,24C_2.0A,49,0.18607,0.97635,0.91203,23.20461,30.59736,36.78746,1.11057,0.87914,0.302,0.11593,-0.0329
B0018,24C_2.0A,50,0.18463,0.95797,0.90273,23.12396,30.52849,36.75689,1.11057,0.86259,0.262,0.07737,-0.04014
B0018,24C_2.0A,51,0.18436,0.96599,0.90585,23.77348,31.20375,37.35016,1.11057,0.86981,0.278,0.09364,-0.03604
B0018,24C_2.0A,52,0.18324,0.94516,0.89521,23.73404,31.17264,37.48126,1.11057,0.85106,0.3,0.11676,-0.04415
B0018,24C_2.0A,53,0.18105,0.91989,0.88376,23.55967,30.96826,37.12544,1.11057,0.8283,0.316,0.13495,-0.05546
B0018,24C_2.0A,54,0.1816,0.9036,0.87636,23.30963,30.8217,37.19113,1.11057,0.81363,0.264,0.0824,-0.06273
B0018,24C_2.0A,55,0.18086,0.88901,0.87287,23.14398,30.76522,37.17643,1.11057,0.80049,0.262,0.08114,-0.07238
B0018,24C_2.0A,56,0.18366,0.95312,0.90979,23.09477,30.80999,37.11937,1.11057,0.85823,0.322,0.13834,-0.05156
B0018,24C_2.0A,57,0.1829,0.9299,0.89173,23.56722,31.03903,37.27025,1.11057,0.83732,0.258,0.0751,-0.05441
B0018,24C_2.0A,58,0.18207,0.9023,0.87696,23.54131,31.04176,37.39551,1.11057,0.81246,0.278,0.09593,-0.0645
B0018,24C_2.0A,59,0.18122,0.88066,0.86546,23.38831,30.95978,37.37896,1.11057,0.79298,0.324,0.14278,-0.07248
B0018,24C_2.0A,60,0.18111,0.86234,0.86247,23.16775,30.84351,37.24572,1.11057,0.77648,0.248,0.06689,-0.08599
B0018,24C_2.0A,61,0.18122,0.85062,0.85892,23.12031,30.79716,37.21756,1.11057,0.76593,0.202,0.02078,-0.09299
B0018,24C_2.0A,62,0.18182,0.83926,0.85028,23.28639,30.98443,37.56151,1.11057,0.7557,0.2,0.01818,-0.09458
B0018,24C_2.0A,63,0.18177,0.82646,0.84563,23.28423,30.9679,37.41748,1.11057,0.74417,0.316,0.13423,-0.10146
B0018,24C_2.0A,64,0.18238,0.81437,0.83725,23.22386,30.97662,37.55102,1.11057,0.73329,0.268,0.08562,-0.10396
B0018,24C_2.0A,65,0.18269,0.80306,0.83288,23.02721,30.89769,37.59895,1.11057,0.72311,0.3,0.11731,-0.10977
B0018,24C_2.0A,66,0.18349,0.79535,0.83258,23.03162,30.81569,37.48924,1.11057,0.71616,0.34,0.15651,-0.11642
B0018,24C_2.0A,67,0.18278,0.85002,0.82749,22.90302,30.72619,37.37911,1.11057,0.76539,0.316,0.13322,-0.0621
B0018,24C_2.0A,68,0.18254,0.76891,0.81894,22.83348,30.76819,37.5596,1.11057,0.69236,0.194,0.01146,-0.12659
B0018,24C_2.0A,69,0.18386,0.76212,0.81617,22.86781,30.77542,37.61805,1.11057,0.68624,0.24,0.05614,-0.12992
B0018,24C_2.0A,70,0.18531,0.75505,0.81341,22.7442,30.76182,37.71102,1.11057,0.67987,0.2,0.01469,-0.13354
B0018,24C_2.0A,71,0.18717,0.80042,0.83356,23.00988,30.91372,37.76799,1.11057,0.72073,0.268,0.08083,-0.11284
B0018,24C_2.0A,72,0.18623,0.78425,0.82836,23.37267,31.22822,37.91919,1.11057,0.70617,0.308,0.12177,-0.12219
B0018,24C_2.0A,73,0.18548,0.76655,0.81604,23.44173,31.26168,37.99329,1.11057,0.69023,0.17,-0.01548,-0.12581
B0018,24C_2.0A,74,0.18592,0.75388,0.81127,23.29773,31.18409,37.98484,1.11057,0.67882,0.266,0.08008,-0.13245
B0018,24C_2.0A,75,0.18587,0.74204,0.80633,23.09943,31.00143,37.82889,1.11057,0.66816,0.154,-0.03187,-0.13817
B0018,24C_2.0A,76,0.18773,0.73882,0.80492,23.04692,30.98137,37.84484,1.11057,0.66526,0.342,0.15427,-0.13966
B0018,24C_2.0A,77,0.18688,0.72779,0.80099,23.11556,31.08869,37.89846,1.11057,0.65533,0.128,-0.05888,-0.14566
B0018,24C_2.0A,78,0.18768,0.72472,0.79801,23.4241,31.33642,38.27784,1.11057,0.65256,0.246,0.05832,-0.14545
B0018,24C_2.0A,79,0.18776,0.71339,0.79261,23.21101,31.226,38.24434,1.11057,0.64237,0.348,0.16024,-0.15025
B0018,24C_2.0A,80,0.18786,0.70132,0.78705,22.93922,31.03732,38.06956,1.11057,0.6315,0.312,0.12414,-0.15556
B0018,24C_2.0A,81,0.18867,0.69751,0.78973,22.7156,30.81135,37.81745,1.11057,0.62806,0.304,0.11533,-0.16166
B0018,24C_2.0A,82,0.18767,0.90348,0.78416,22.81687,30.93222,37.90257,1.11057,0.81353,0.23,0.04233,0.02937
B0018,24C_2.0A,83,0.18773,0.86866,0.78238,23.15536,31.21553,38.16628,1.11057,0.78217,0.344,0.15627,-0.00021
B0018,24C_2.0A,84,0.18906,0.68384,0.77661,23.37239,31.4008,38.36789,1.11057,0.61575,0.18,-0.00906,-0.16085
B0018,24C_2.0A,85,0.18921,0.67272,0.77457,23.11201,31.25921,38.19824,1.11057,0.60574,0.304,0.11479,-0.16883
B0018,24C_2.0A,86,0.19231,0.72566,0.79898,23.1158,31.1347,38.09998,1.11057,0.65341,,,-0.14557
B0018,24C_2.0A,87,0.19204,0.70964,0.78962,23.26506,31.24688,38.21452,1.11057,0.63899,0.362,0.16996,-0.15063
B0018,24C_2.0A,88,0.19109,0.69066,0.78432,23.02704,31.02756,37.9397,1.11057,0.62189,0.288,0.09691,-0.16243
B0018,24C_2.0A,89,0.19123,0.67638,0.77646,22.78902,30.93192,38.06667,1.11057,0.60904,0.144,-0.04723,-0.16742
B0018,24C_2.0A,90,0.18958,0.65992,0.76944,22.47935,30.66708,37.6326,1.11057,0.59422,0.11,-0.07958,-0.17522
B0018,24C_2.0A,91,0.19343,0.69764,0.7907,23.1538,31.22679,38.18224,1.11057,0.62818,0.17,-0.02343,-0.16252
B0018,24C_2.0A,92,0.19146,1.09863,0.77643,23.29999,31.38773,38.39075,1.11057,0.98925,0.296,0.10454,0.21282
B0018,24C_2.0A,93,0.19138,0.67273,0.77174,23.43982,31.50567,38.51623,1.11057,0.60575,0.32,0.12862,-0.16599
B0018,24C_2.0A,94,0.19128,0.66382,0.76949,23.52415,31.54623,38.56612,1.11057,0.59772,0.268,0.07672,-0.17177
B0018,24C_2.0A,95,0.19137,0.65329,0.76412,23.17516,31.38998,38.56065,1.11057,0.58824,0.252,0.06063,-0.17588
B0018,24C_2.0A,96,0.19221,0.6528,0.76563,23.29007,31.38543,38.53842,1.11057,0.5878,0.266,0.07379,-0.17782
B0018,24C_2.0A,97,0.19123,0.64271,0.75932,23.25714,31.42371,38.54887,1.11057,0.57872,0.334,0.14277,-0.18061
B0018,24C_2.0A,98,0.19083,0.6356,0.75754,23.25643,31.43537,38.45838,1.11057,0.57232,0.346,0.15517,-0.18522
B0018,24C_2.0A,99,0.19104,0.63155,0.75525,23.41798,31.54238,38.54383,1.11057,0.56867,0.192,0.00096,-0.18658
B0018,24C_2.0A,100,0.1928,0.62601,0.74938,23.25472,31.5267,38.65088,1.11057,0.56368,0.116,-0.0768,-0.1857
B0018,24C_2.0A,101,0.19202,0.62427,0.75283,23.2753,31.43592,38.45655,1.11057,0.56211,0.304,0.11198,-0.19072
B0018,24C_2.0A,102,0.19216,0.94176,0.7449,23.18183,31.47524,38.65641,1.11057,0.848,0.302,0.10984,0.10309
B0018,24C_2.0A,103,0.19236,0.66742,0.74655,23.3472,31.58174,38.65559,1.11057,0.60097,0.238,0.04564,-0.14557
B0018,24C_2.0A,104,0.19266,0.60993,0.74361,23.44567,31.64796,38.69971,1.11057,0.54921,0.334,0.14134,-0.1944
B0018,24C_2.0A,105,0.19277,0.60344,0.7375,23.29824,31.66203,38.87482,1.11057,0.54336,0.322,0.12923,-0.19414
B0018,24C_2.0A,106,0.19763,0.72398,0.79388,22.45543,30.4345,37.36397,1.11057,0.65189,0.212,0.01437,-0.14199
B0018,24C_2.0A,107,0.19655,0.87848,0.78827,23.07059,31.018,37.88259,1.11057,0.79102,0.32,0.12345,0.00275
B0018,24C_2.0A,108,0.19544,0.70668,0.78177,23.48441,31.39484,38.15898,1.11057,0.63632,0.306,0.11056,-0.14544
B0018,24C_2.0A,109,0.19518,0.68962,0.77646,23.34443,31.24512,38.05243,1.11057,0.62095,0.254,0.05882,-0.1555
B0018,24C_2.0A,110,0.19506,1.00479,0.76907,23.06643,31.05307,37.89096,1.11057,0.90474,0.194,-0.00106,0.13567
B0018,24C_2.0A,111,0.19163,0.65683,0.76858,22.88189,30.88589,37.81204,1.11057,0.59144,0.33,0.13837,-0.17715
B0018,24C_2.0A,112,0.19063,0.64898,0.76045,22.93741,31.05399,37.9592,1.11057,0.58436,0.358,0.16737,-0.17609
B0018,24C_2.0A,113,0.1916,1.0353,0.7585,23.43881,31.49284,38.52104,1.11057,0.93222,0.192,0.0004,0.17372
B0018,24C_2.0A,114,0.19113,0.64856,0.75562,23.9029,31.93833,38.87869,1.11057,0.58398,0.214,0.02287,-0.17164
B0018,24C_2.0A,115,0.18995,0.63277,0.75344,23.63804,31.74563,38.65119,1.11057,0.56977,0.358,0.16805,-0.18367
B0018,24C_2.0A,116,0.19188,0.62767,0.75463,23.13879,31.31018,38.43424,1.11057,0.56517,0.22,0.02812,-0.18945
B0018,24C_2.0A,117,0.19097,0.61339,0.74809,23.03562,31.12736,38.10388,1.11057,0.55232,0.264,0.07303,-0.19577
B0018,24C_2.0A,118,0.19088,0.60373,0.74185,22.83525,30.98555,38.12743,1.11057,0.54362,0.362,0.17112,-0.19823
B0018,24C_2.0A,119,0.19168,0.59754,0.73874,22.68307,30.89965,38.03963,1.11057,0.53804,,,-0.2007
B0018,24C_2.0A,120,0.19137,0.58693,0.73181,22.35254,30.70612,37.85658,1.11057,0.5285,0.388,0.19663,-0.20331
B0018,24C_2.0A,121,0.19465,0.67012,0.77563,22.36774,30.47122,37.43017,1.11057,0.6034,0.32,0.12535,-0.17222
B0018,24C_2.0A,122,0.1925,0.66075,0.76454,22.90693,30.93922,37.82641,1.11057,0.59496,0.326,0.1335,-0.16958
B0018,24C_2.0A,123,0.1933,0.65112,0.7575,23.11782,31.11164,38.08307,1.11057,0.58629,0.306,0.1127,-0.1712
B0018,24C_2.0A,124,0.19214,0.63651,0.75465,23.04417,31.03791,37.8828,1.11057,0.57314,0.362,0.16986,-0.18151
B0018,24C_2.0A,125,0.19283,0.62582,0.74483,22.83426,30.96795,37.96027,1.11057,0.56351,0.338,0.14517,-0.18132
B0018,24C_2.0A,126,0.19308,0.93044,0.75,22.84933,30.93996,37.88051,1.11057,0.8378,0.32,0.12692,0.0878
B0018,24C_2.0A,127,0.19391,0.62185,0.744,23.17992,31.29502,38.43416,1.11057,0.55994,0.322,0.12809,-0.18406
B0018,24C_2.0A,128,0.19276,0.62128,0.74078,23.71916,31.81847,38.84749,1.11057,0.55943,0.346,0.15324,-0.18135
B0018,24C_2.0A,129,0.19141,0.6157,0.74114,24.04969,32.00067,38.80283,1.11057,0.5544,0.314,0.12259,-0.18674
B0018,24C_2.0A,130,0.19114,0.60111,0.73487,23.56289,31.73992,38.72699,1.11057,0.54126,0.362,0.17086,-0.19361
B0018,24C_2.0A,131,0.19316,0.60002,0.73646,23.40148,31.52614,38.67192,1.11057,0.54028,0.378,0.18484,-0.19618
B0018,24C_2.0A,132,0.19226,0.5882,0.72899,23.12358,31.27624,38.37181,1.11057,0.52964,0.254,0.06174,-0.19935
B0025,24C_4.0A,1,0.12471,0.90298,0.99995,26.51514,33.13282,41.81748,0.34143,2.64471,0.06,-0.06471,1.64476
B0025,24C_4.0A,2,0.12409,0.35205,1.00079,26.21789,32.84831,41.50441,0.34143,1.0311,0.096,-0.02809,0.03032
B0025,24C_4.0A,3,0.12383,0.34143,1.0,26.42321,33.07298,41.67078,0.34143,1.0,0.124,0.00017,0.0
B0025,24C_4.0A,4,0.12294,0.3337,1.00101,26.5573,33.12837,41.5835,0.34143,0.97737,0.136,0.01306,-0.02364
B0025,24C_4.0A,5,0.12225,0.33059,0.99453,26.62155,33.20067,41.82909,0.34143,0.96825,0.142,0.01975,-0.02629
B0025,24C_4.0A,6,0.12119,0.31668,0.984,26.38696,32.80303,41.15307,0.34143,0.92753,0.032,-0.08919,-0.05647
B0025,24C_4.0A,7,0.12214,0.31423,0.99608,26.1874,32.70663,41.16751,0.34143,0.92034,0.16,0.03786,-0.07574
B0025,24C_4.0A,8,0.12157,0.30944,0.99781,26.58225,32.88775,41.40744,0.34143,0.90631,0.164,0.04243,-0.0915
B0025,24C_4.0A,9,0.12071,0.30671,0.99625,26.52969,32.85054,41.08911,0.34143,0.89831,0.168,0.04729,-0.09794
B0025,24C_4.0A,10,0.12039,0.30314,0.98972,26.77642,33.21345,41.56082,0.34143,0.88786,0.166,0.04561,-0.10186
B0025,24C_4.0A,11,0.12007,0.29877,0.98822,26.15331,32.54793,41.02719,0.34143,0.87506,0.176,0.05593,-0.11316
B0025,24C_4.0A,12,0.11884,0.29482,0.98609,26.57929,32.95568,41.20659,0.34143,0.86348,0.608,0.48916,-0.12261
B0025,24C_4.0A,13,0.11885,0.29184,0.99091,26.99209,33.31259,41.45812,0.34143,0.85476,0.18,0.06115,-0.13615
B0025,24C_4.0A,14,0.11804,0.29015,0.984,26.96989,33.27639,41.50831,0.34143,0.84981,0.692,0.57396,-0.13419
B0025,24C_4.0A,15,0.11778,0.29057,0.9804,26.84084,33.13053,41.36968,0.34143,0.85105,0.178,0.06022,-0.12935
B0025,24C_4.0A,16,0.11741,0.28785,0.97899,26.87981,33.26254,41.46227,0.34143,0.84308,0.18,0.06259,-0.13591
B0025,24C_4.0A,17,0.11749,0.28794,0.9706,27.39389,33.45591,41.32045,0.34143,0.84334,0.186,0.06851,-0.12726
B0025,24C_4.0A,18,0.11781,0.28273,0.9813,27.27824,33.35916,41.291,0.34143,0.82807,0.186,0.06819,-0.15322
B0025,24C_4.0A,19,0.11705,0.28672,0.9787,27.15998,33.19908,41.08914,0.34143,0.83977,0.182,0.06495,-0.13893
B0025,24C_4.0A,20,0.11708,0.28603,0.9771,27.03215,33.10916,41.02067,0.34143,0.83776,0.182,0.06492,-0.13934
B0025,24C_4.0A,21,0.11714,0.28553,0.97479,26.87254,32.87303,40.73589,0.34143,0.83627,0.246,0.12886,-0.13852
B0025,24C_4.0A,22,0.11677,0.28577,0.97137,26.81997,32.8903,40.76228,0.34143,0.83699,0.18,0.06323,-0.13438
B0025,24C_4.0A,23,0.11641,0.28458,0.97851,26.15102,32.07013,39.71113,0.34143,0.8335,0.186,0.06959,-0.14501
B0025,24C_4.0A,24,0.11687,0.21948,0.96922,26.24211,32.1835,39.79704,0.34143,0.64282,0.682,0.56513,-0.32639
B0025,24C_4.0A,25,0.11697,0.28467,0.9724,26.23545,32.13396,39.64019,0.34143,0.83376,0.184,0.06703,-0.13863
B0025,24C_4.0A,26,0.11718,0.28304,0.96974,26.19663,32.19735,39.75344,0.34143,0.82897,0.184,0.06682,-0.14077
B0025,24C_4.0A,27,0.11724,0.28442,0.96663,26.17053,32.12866,39.57317,0.34143,0.83301,0.282,0.16476,-0.13362
B0025,24C_4.0A,28,0.11727,0.29083,0.95706,26.30004,32.1668,39.45688,0.34143,0.85181,0.18,0.06273,-0.10524
B0026,24C_4.0A,1,0.12526,0.3961,0.99943,26.41934,32.76449,40.71146,0.31283,1.26619,0.292,0.16674,0.26676
B0026,24C_4.0A,2,0.12436,0.31283,1.00038,26.34582,32.56059,40.56984,0.31283,1.0,0.664,0.53964,-0.00038
B0026,24C_4.0A,3,0.12307,0.0608,0.99958,26.85571,32.70948,40.42074,0.31283,0.19436,0.292,0.16893,-0.80522
B0026,24C_4.0A,4,0.12256,0.07236,1.00047,26.73412,32.89403,40.83936,0.31283,0.2313,0.298,0.17544,-0.76918
B0026,24C_4.0A,5,0.12164,0.3584,1.0,26.67777,32.88851,40.7626,0.31283,1.14568,0.29,0.16836,0.14568
B0026,24C_4.0A,6,0.09535,1.0151,0.76412,26.29148,31.60888,39.7874,0.31283,3.24488,0.432,0.33665,2.48076
B0026,24C_4.0A,7,0.12162,0.34786,1.00123,26.45813,32.49096,40.12859,0.31283,1.11196,0.046,-0.07562,0.11073
B0026,24C_4.0A,8,0.12134,0.34206,0.99684,26.49278,32.63416,40.39287,0.31283,1.09344,0.05,-0.07134,0.0966
B0026,24C_4.0A,9,0.12131,0.33911,0.99484,26.43187,32.64668,40.37811,0.31283,1.08399,0.058,-0.06331,0.08914
B0026,24C_4.0A,10,0.12049,0.33458,0.99484,26.66813,32.95341,40.63455,0.31283,1.06952,0.072,-0.04849,0.07468
B0026,24C_4.0A,11,0.11567,0.3403,0.94675,26.25337,32.14122,40.09802,0.31283,1.0878,0.342,0.22633,0.14105
B0026,24C_4.0A,12,0.11996,0.32573,0.99753,26.47777,32.73498,40.34748,0.31283,1.04124,0.092,-0.02796,0.04372
B0026,24C_4.0A,13,0.11997,0.32247,0.99574,26.87208,33.07773,40.65513,0.31283,1.03082,0.096,-0.02397,0.03508
B0026,24C_4.0A,14,0.11974,0.34217,0.98871,26.84635,33.06746,40.78649,0.31283,1.09378,0.094,-0.02574,0.10506
B0026,24C_4.0A,15,0.11961,0.31888,0.99174,26.72198,32.90272,40.64545,0.31283,1.01935,0.102,-0.01761,0.02761
B0026,24C_4.0A,16,0.11906,0.31669,0.98343,26.76872,33.04144,40.75355,0.31283,1.01234,0.708,0.58894,0.02891
B0026,24C_4.0A,17,0.11341,0.26248,0.92702,27.28061,33.2892,40.90407,0.31283,0.83905,-0.012,-0.12541,-0.08797
B0026,24C_4.0A,18,0.11936,0.67808,0.99254,27.17817,33.31828,40.76017,0.31283,2.16757,0.106,-0.01336,1.17504
B0026,24C_4.0A,19,0.11937,0.31705,0.9899,27.03715,33.24546,40.8676,0.31283,1.01348,0.106,-0.01337,0.02357
B0026,24C_4.0A,20,0.11935,0.31568,0.98832,26.91281,33.19382,40.84577,0.31283,1.00909,0.136,0.01665,0.02077
B0026,24C_4.0A,21,0.11933,0.31392,0.99269,26.80191,32.95037,40.61328,0.31283,1.00347,0.112,-0.00733,0.01078
B0026,24C_4.0A,22,0.11813,0.62319,0.98245,26.68911,32.98143,40.55411,0.31283,1.9921,0.106,-0.01213,1.00965
B0026,24C_4.0A,23,0.11855,0.31236,0.98988,26.05587,32.28564,39.8974,0.31283,0.99849,0.112,-0.00655,0.00861
B0026,24C_4.0A,24,0.11903,0.31083,0.98017,26.12993,32.40988,40.14801,0.31283,0.99361,0.106,-0.01303,0.01344
B0026,24C_4.0A,25,0.11903,0.31199,0.97654,26.12941,32.39507,40.16428,0.31283,0.99731,0.108,-0.01103,0.02078
B0026,24C_4.0A,26,0.11911,0.30963,0.98059,26.08064,32.48055,40.34823,0.31283,0.98977,0.112,-0.00711,0.00918
B0026,24C_4.0A,27,0.1187,0.30871,0.97742,26.069,32.39832,40.15514,0.31283,0.98684,0.112,-0.0067,0.00942
B0026,24C_4.0A,28,0.11966,0.32255,0.9749,26.22138,32.53167,40.0146,0.31283,1.03106,0.088,-0.03166,0.05615
B0027,24C_4.0A,1,0.15102,0.64242,1.005,26.28855,33.53146,42.07194,0.84477,0.76046,0.072,-0.07902,-0.24454
B0027,24C_4.0A,2,0.15805,0.42175,1.0,25.96472,33.76812,42.52646,0.84477,0.49924,0.452,0.29395,-0.50076
B0027,24C_4.0A,3,0.16452,0.84477,0.99924,26.16928,34.05754,42.65704,0.84477,1.0,0.164,-0.00052,0.00076
B0027,24C_4.0A,4,0.1709,0.89409,1.0001,26.28855,34.34312,43.07457,0.84477,1.05838,-0.106,-0.2769,0.05827
B0027,24C_4.0A,5,0.17659,0.90575,0.99921,26.34702,34.39006,43.12837,0.84477,1.07218,0.458,0.28141,0.07297
B0027,24C_4.0A,6,0.17735,0.01256,0.98918,26.17051,34.16207,42.92795,0.84477,0.01486,-0.102,-0.27935,-0.97431
B0027,24C_4.0A,7,0.17786,0.76211,1.00126,25.91464,33.65117,42.34491,0.84477,0.90215,0.456,0.27814,-0.09911
B0027,24C_4.0A,8,0.17505,0.83125,1.00308,26.32123,33.99315,42.50146,0.84477,0.98399,-0.1,-0.27505,-0.01909
B0027,24C_4.0A,9,0.17755,0.86545,1.00151,26.25011,34.1211,42.75456,0.84477,1.02448,0.48,0.30245,0.02297
B0027,24C_4.0A,10,0.17762,0.87123,0.99478,26.53256,34.5215,43.20869,0.84477,1.03132,0.474,0.29638,0.03654
B0027,24C_4.0A,11,0.17771,0.55326,0.99335,25.91244,33.91884,42.59572,0.84477,0.65492,0.788,0.61029,-0.33843
B0027,24C_4.0A,12,0.17726,0.86882,0.99769,26.31801,34.20379,42.63366,0.84477,1.02846,0.164,-0.01326,0.03077
B0027,24C_4.0A,13,0.17846,0.28501,1.00271,26.72149,34.48622,42.89197,0.84477,0.33738,0.748,0.56954,-0.66533
B0027,24C_4.0A,14,0.17739,0.83022,0.99565,26.67973,34.40142,42.7367,0.84477,0.98277,0.756,0.57861,-0.01288
B0027,24C_4.0A,15,0.1764,0.83308,0.99877,26.55717,34.31503,42.71819,0.84477,0.98616,0.182,0.0056,-0.01261
B0027,24C_4.0A,16,0.17373,0.82802,0.99724,26.6128,34.45053,42.87853,0.84477,0.98017,-0.098,-0.27173,-0.01708
B0027,24C_4.0A,17,0.17325,0.78963,0.98227,27.17859,34.7415,42.99196,0.84477,0.93472,0.742,0.56875,-0.04755
B0027,24C_4.0A,18,0.17366,0.80802,1.00017,27.03942,34.66301,42.92015,0.84477,0.9565,0.378,0.20434,-0.04368
B0027,24C_4.0A,19,0.17369,0.79115,0.9972,26.89033,34.47643,42.77821,0.84477,0.93652,-0.098,-0.27169,-0.06068
B0027,24C_4.0A,20,0.17377,0.80721,0.99576,26.74998,34.45772,42.71394,0.84477,0.95553,0.476,0.30223,-0.04023
B0027,24C_4.0A,21,0.1737,0.73975,0.99348,26.64796,34.27643,42.66067,0.84477,0.87568,-0.098,-0.2717,-0.11779
B0027,24C_4.0A,22,0.17317,0.82177,0.99019,26.54177,34.35293,42.6424,0.84477,0.97277,0.758,0.58483,-0.01741
B0027,24C_4.0A,23,0.17249,0.82966,0.997,25.91619,33.64813,41.86832,0.84477,0.98211,0.18,0.00751,-0.01489
B0027,24C_4.0A,24,0.17323,0.83682,0.9875,25.99125,33.75077,41.97208,0.84477,0.99059,0.172,-0.00123,0.00309
B0027,24C_4.0A,25,0.17346,0.04025,0.98407,25.98586,33.72039,41.9225,0.84477,0.04765,0.478,0.30454,-0.93642
B0027,24C_4.0A,26,0.1737,0.83404,0.98841,25.92616,33.81203,42.14301,0.84477,0.9873,0.174,0.0003,-0.00111
B0027,24C_4.0A,27,0.17516,0.83503,0.98516,25.90738,33.7968,42.4304,0.84477,0.98846,0.174,-0.00116,0.00331
B0027,24C_4.0A,28,0.17657,0.863,0.97567,26.05092,33.92036,42.03337,0.84477,1.02157,0.776,0.59943,0.0459
B0028,24C_2.0A,1,0.11975,0.54727,1.00393,26.42926,30.26108,31.67973,0.54727,1.0,0.132,0.01225,-0.00393
B0028,24C_2.0A,2,0.11939,0.33066,1.00399,26.12607,30.02321,31.42729,0.54727,0.6042,0.362,0.24261,-0.39979
B0028,24C_2.0A,3,0.11906,0.56771,1.0,26.30148,30.21666,31.69421,0.54727,1.03735,-0.112,-0.23106,0.03735
B0028,24C_2.0A,4,0.11854,0.3607,0.99743,26.46637,30.36356,31.84995,0.54727,0.65909,0.412,0.29346,-0.33833
B0028,24C_2.0A,5,0.118,0.86698,0.99683,26.51749,30.38371,31.89198,0.54727,1.58419,0.412,0.294,0.58736
B0028,24C_2.0A,6,0.1178,0.6136,0.98743,26.33972,30.15154,31.64784,0.54727,1.1212,-0.178,-0.2958,0.13377
B0028,24C_2.0A,7,0.11766,0.54821,0.9969,26.08198,29.94288,31.66717,0.54727,1.00171,0.28,0.16234,0.00481
B0028,24C_2.0A,8,0.11752,0.82918,0.99603,26.49497,30.15967,31.54308,0.54727,1.51512,0.408,0.29048,0.5191
B0028,24C_2.0A,9,0.11722,0.5515,0.994,26.4239,30.18504,31.63889,0.54727,1.00773,0.408,0.29078,0.01373
B0028,24C_2.0A,10,0.11694,0.38978,0.99418,26.72655,30.55737,32.06284,0.54727,0.71222,0.186,0.06906,-0.28196
B0028,24C_2.0A,11,0.11654,0.39117,0.99111,26.08922,29.87809,31.17822,0.54727,0.71476,0.146,0.02946,-0.27635
B0028,24C_2.0A,12,0.1159,0.39048,0.99299,26.51971,30.32954,31.83043,0.54727,0.71351,0.052,-0.0639,-0.27949
B0028,24C_2.0A,13,0.1156,0.64548,0.99041,26.88812,30.67806,32.17668,0.54727,1.17945,0.414,0.2984,0.18903
B0028,24C_2.0A,14,0.11521,0.42012,0.98959,26.88242,30.61748,32.10158,0.54727,0.76767,-0.152,-0.26721,-0.22192
B0028,24C_2.0A,15,0.11458,0.37993,0.98677,26.76169,30.47693,31.92723,0.54727,0.69422,0.348,0.23342,-0.29255
B0028,24C_2.0A,16,0.11435,0.52244,0.98446,26.79712,30.59852,32.17577,0.54727,0.95464,-0.122,-0.23635,-0.02982
B0028,24C_2.0A,17,0.11429,0.40476,0.96844,27.34377,31.10024,32.50608,0.54727,0.7396,-0.162,-0.27629,-0.22884
B0028,24C_2.0A,18,0.11426,0.60695,0.98175,27.22423,30.93817,32.36361,0.54727,1.10904,0.404,0.28974,0.12729
B0028,24C_2.0A,19,0.11378,0.54766,0.98007,27.07991,30.77962,32.23987,0.54727,1.00071,-0.138,-0.25178,0.02064
B0028,24C_2.0A,20,0.11372,0.38768,0.9778,26.96009,30.70961,32.12094,0.54727,0.70838,0.104,-0.00972,-0.26942
B0028,24C_2.0A,21,0.11365,0.38109,0.97459,26.8673,30.47706,31.87677,0.54727,0.69635,0.338,0.22435,-0.27824
B0028,24C_2.0A,22,0.11363,0.37948,0.97469,26.70986,30.54926,32.13892,0.54727,0.69341,0.094,-0.01963,-0.28129
B0028,24C_2.0A,23,0.11365,0.5532,0.97895,26.10272,29.85808,31.30995,0.54727,1.01084,0.412,0.29835,0.0319
B0028,24C_2.0A,24,0.11369,0.43962,0.97257,26.17007,29.9275,31.4439,0.54727,0.80329,0.136,0.02231,-0.16927
B0028,24C_2.0A,25,0.11375,0.65513,0.96859,26.15232,29.88731,31.38382,0.54727,1.19708,0.412,0.29825,0.2285
B0028,24C_2.0A,26,0.11384,0.36738,0.96594,26.10891,29.97461,31.36012,0.54727,0.67129,0.41,0.29616,-0.29465
B0028,24C_2.0A,27,0.1144,0.36414,0.96603,26.10133,29.92881,31.44534,0.54727,0.66538,-0.148,-0.2624,-0.30065
B0028,24C_2.0A,28,0.11437,0.46201,0.95528,26.23649,30.0298,31.55025,0.54727,0.8442,0.408,0.29363,-0.11108
B0029,43C_4.0A,1,0.31814,1.06289,0.93488,43.41518,51.63155,58.72627,1.03318,1.02876,0.268,-0.05014,0.09388
B0029,43C_4.0A,2,0.31058,1.04784,1.01594,44.6513,52.84944,59.76796,1.03318,1.01419,0.312,0.00142,-0.00175
B0029,43C_4.0A,3,0.3066,1.03318,1.00534,44.70541,52.90587,59.84435,1.03318,1.0,0.398,0.0914,-0.00534
B0029,43C_4.0A,4,0.30611,1.02584,1.0,44.70284,52.90439,59.91995,1.03318,0.9929,0.312,0.00589,-0.0071
B0029,43C_4.0A,5,0.30567,1.01981,0.99865,44.70337,52.87535,59.89475,1.03318,0.98706,0.316,0.01033,-0.01159
B0029,43C_4.0A,6,0.30964,1.0372,0.99968,44.65889,52.76265,59.58813,1.03318,1.0039,0.306,-0.00364,0.00422
B0029,43C_4.0A,7,0.30741,1.02515,0.99922,44.70657,52.78843,59.81337,1.03318,0.99224,0.396,0.08859,-0.00698
B0029,43C_4.0A,8,0.3073,1.01664,0.99207,44.67558,52.7842,59.75434,1.03318,0.984,0.314,0.0067,-0.00807
B0029,43C_4.0A,9,0.30737,1.00884,0.9848,44.6538,52.75174,59.77372,1.03318,0.97644,0.398,0.09063,-0.00836
B0029,43C_4.0A,10,0.30734,1.00225,0.97815,44.71567,52.7506,59.80011,1.03318,0.97007,0.314,0.00666,-0.00808
B0029,43C_4.0A,11,0.30916,1.01387,0.98322,44.6911,52.76187,59.92419,1.03318,0.98132,0.404,0.09484,-0.0019
B0029,43C_4.0A,12,0.30714,1.00194,0.9747,44.71219,52.81033,60.1209,1.03318,0.96977,0.402,0.09486,-0.00493
B0029,43C_4.0A,13,0.30714,0.99345,0.96738,44.71815,52.80362,60.15908,1.03318,0.96155,0.312,0.00486,-0.00583
B0029,43C_4.0A,14,0.30714,0.9872,0.96618,44.67603,52.77429,60.03306,1.03318,0.9555,0.4,0.09286,-0.01068
B0029,43C_4.0A,15,0.30771,0.98184,0.95789,44.72994,52.80429,60.15568,1.03318,0.95031,0.314,0.00629,-0.00758
B0029,43C_4.0A,16,0.30993,1.01342,0.98019,44.66213,52.72118,59.70826,1.03318,0.98088,0.41,0.10007,0.00069
B0029,43C_4.0A,17,0.30608,0.99461,0.97244,44.66913,52.76567,59.82607,1.03318,0.96267,0.314,0.00792,-0.00977
B0029,43C_4.0A,18,0.30602,0.98306,0.96511,44.70172,52.80161,59.97194,1.03318,0.95149,0.404,0.09798,-0.01361
B0029,43C_4.0A,19,0.30615,0.9737,0.95719,44.67584,52.76338,59.90509,1.03318,0.94243,0.318,0.01185,-0.01476
B0029,43C_4.0A,20,0.30647,0.96881,0.95345,44.69576,52.79366,60.00388,1.03318,0.93771,0.32,0.01353,-0.01574
B0029,43C_4.0A,21,0.30949,0.98066,0.95713,44.63571,52.75742,60.25772,1.03318,0.94918,0.408,0.09851,-0.00796
B0029,43C_4.0A,22,0.30572,0.96605,0.9486,44.7221,52.86655,59.90493,1.03318,0.93503,0.406,0.10028,-0.01358
B0029,43C_4.0A,23,0.30773,0.96059,0.9464,44.73531,52.88239,60.33243,1.03318,0.92974,0.322,0.01427,-0.01665
B0029,43C_4.0A,24,0.30608,0.95144,0.93681,44.73801,52.89175,59.9867,1.03318,0.92089,0.408,0.10192,-0.01592
B0029,43C_4.0A,25,0.30597,0.94351,0.93278,44.72081,52.86276,59.99529,1.03318,0.91322,0.406,0.10003,-0.01957
B0029,43C_4.0A,26,0.30703,0.95943,0.94345,44.68414,52.85515,59.98822,1.03318,0.92862,0.408,0.10097,-0.01483
B0029,43C_4.0A,27,0.30689,0.94761,0.93498,44.69955,52.84555,60.01986,1.03318,0.91718,0.406,0.09911,-0.0178
B0029,43C_4.0A,28,0.30693,0.93661,0.93071,44.67589,52.82153,60.2641,1.03318,0.90654,0.33,0.02307,-0.02417
B0029,43C_4.0A,29,0.30731,0.93063,0.928,44.65821,52.8158,59.92046,1.03318,0.90075,0.466,0.15869,-0.02726
B0029,43C_4.0A,30,0.30763,0.92608,0.92435,44.68604,52.80522,59.88769,1.03318,0.89634,0.334,0.02637,-0.02801
B0029,43C_4.0A,31,0.30784,0.92434,0.92182,44.60924,52.80312,60.15894,1.03318,0.89466,0.404,0.09616,-0.02716
B0029,43C_4.0A,32,0.30597,0.91329,0.91906,44.65791,52.85759,60.04748,1.03318,0.88397,0.342,0.03603,-0.0351
B0029,43C_4.0A,33,0.30664,0.90454,0.90831,44.67972,52.85638,60.16786,1.03318,0.87549,0.402,0.09536,-0.03281
B0029,43C_4.0A,34,0.30659,0.90031,0.90374,44.66502,52.88209,60.09738,1.03318,0.8714,0.476,0.16941,-0.03234
B0029,43C_4.0A,35,0.30744,0.89714,0.90631,44.67322,52.87121,60.0294,1.03318,0.86833,0.348,0.04056,-0.03798
B0029,43C_4.0A,36,0.30797,0.90663,0.91122,44.60925,52.89499,60.3309,1.03318,0.87752,0.404,0.09603,-0.0337
B0029,43C_4.0A,37,0.30607,0.89447,0.90658,44.65173,52.90578,59.8887,1.03318,0.86575,0.398,0.09193,-0.04083
B0029,43C_4.0A,38,0.3085,0.89033,0.89633,44.62431,52.85049,60.13012,1.03318,0.86174,0.34,0.0315,-0.03459
B0029,43C_4.0A,39,0.30872,0.88293,0.89222,44.68415,52.93319,60.20528,1.03318,0.85458,0.344,0.03528,-0.03764
B0029,43C_4.0A,40,0.30908,0.87385,0.88783,44.68322,52.9192,60.24495,1.03318,0.84579,0.398,0.08892,-0.04204
B0030,43C_4.0A,1,0.32726,1.04582,0.94538,43.1515,52.45061,61.11439,1.0135,1.03189,0.458,0.13074,0.08651
B0030,43C_4.0A,2,0.31548,1.02996,1.01701,44.54354,54.11324,61.99909,1.0135,1.01624,0.316,0.00052,-0.00077
B0030,43C_4.0A,3,0.31195,1.0135,1.00583,44.60752,54.15783,61.89071,1.0135,1.0,0.316,0.00405,-0.00583
B0030,43C_4.0A,4,0.31132,1.00486,1.0,44.61072,54.21202,62.21421,1.0135,0.99148,0.416,0.10468,-0.00852
B0030,43C_4.0A,5,0.31068,0.99731,0.99224,44.60202,54.19838,62.3118,1.0135,0.98402,0.416,0.10532,-0.00823
B0030,43C_4.0A,6,0.31659,1.0212,0.99938,44.60154,54.14162,62.29994,1.0135,1.00759,0.312,-0.00459,0.00821
B0030,43C_4.0A,7,0.31419,1.01012,0.99849,44.63081,54.21168,62.48135,1.0135,0.99666,0.416,0.10181,-0.00183
B0030,43C_4.0A,8,0.31184,0.9957,0.98487,44.59937,54.18635,62.15821,1.0135,0.98244,0.314,0.00216,-0.00243
B0030,43C_4.0A,9,0.31139,0.98621,0.97688,44.5929,54.1536,62.1103,1.0135,0.97307,0.314,0.00261,-0.00381
B0030,43C_4.0A,10,0.31108,0.97912,0.96991,44.65889,54.16819,62.21537,1.0135,0.96608,0.314,0.00292,-0.00383
B0030,43C_4.0A,11,0.31315,0.99207,0.98106,44.62015,54.22057,62.42078,1.0135,0.97886,0.42,0.10685,-0.0022
B0030,43C_4.0A,12,0.31085,0.98159,0.97231,44.6325,54.244,62.42541,1.0135,0.96851,0.418,0.10715,-0.0038
B0030,43C_4.0A,13,0.31047,0.97205,0.96444,44.63269,54.2415,62.43136,1.0135,0.9591,0.314,0.00353,-0.00534
B0030,43C_4.0A,14,0.31025,0.96461,0.95653,44.60213,54.1837,62.27459,1.0135,0.95176,0.42,0.10975,-0.00478
B0030,43C_4.0A,15,0.31016,0.9581,0.95438,44.64116,54.22887,62.57844,1.0135,0.94533,0.316,0.00584,-0.00905
B0030,43C_4.0A,16,0.31634,1.00241,0.98376,44.58276,54.15865,62.47199,1.0135,0.98906,0.314,-0.00234,0.0053
B0030,43C_4.0A,17,0.31229,1.27697,0.97571,44.60491,54.24275,62.67829,1.0135,1.25996,0.418,0.10571,0.28425
B0030,43C_4.0A,18,0.31025,0.96914,0.96132,44.63385,54.26601,62.48427,1.0135,0.95623,0.314,0.00375,-0.00509
B0030,43C_4.0A,19,0.31012,0.95836,0.95275,44.61036,54.24164,62.52066,1.0135,0.9456,0.422,0.11188,-0.00715
B0030,43C_4.0A,20,0.31087,0.95228,0.9488,44.64473,54.32283,62.83792,1.0135,0.93959,0.318,0.00713,-0.00921
B0030,43C_4.0A,21,0.31104,0.95935,0.95259,44.56443,54.27566,62.47597,1.0135,0.94657,0.316,0.00496,-0.00602
B0030,43C_4.0A,22,0.30884,0.94798,0.94349,44.63521,54.34652,62.5434,1.0135,0.93536,0.314,0.00516,-0.00813
B0030,43C_4.0A,23,0.30863,0.93856,0.94105,44.68033,54.36956,62.54254,1.0135,0.92606,0.418,0.10937,-0.01499
B0030,43C_4.0A,24,0.30858,0.93035,0.93092,44.65697,54.38101,62.63317,1.0135,0.91795,0.316,0.00742,-0.01296
B0030,43C_4.0A,25,0.30879,0.92507,0.92663,44.64948,54.36622,62.63886,1.0135,0.91275,0.422,0.11321,-0.01389
B0030,43C_4.0A,26,0.30919,0.93966,0.9443,44.61922,54.36083,62.50973,1.0135,0.92714,0.32,0.01081,-0.01717
B0030,43C_4.0A,27,0.30895,0.93006,0.93536,44.62244,54.32908,62.4143,1.0135,0.91767,0.322,0.01305,-0.01769
B0030,43C_4.0A,28,0.30923,0.92184,0.92413,44.61776,54.3508,62.71707,1.0135,0.90956,0.32,0.01077,-0.01457
B0030,43C_4.0A,29,0.30896,0.91296,0.92103,44.57939,54.3057,62.55457,1.0135,0.90079,0.324,0.01504,-0.02024
B0030,43C_4.0A,30,0.30939,0.90712,0.91716,44.65469,54.31177,62.48691,1.0135,0.89503,0.418,0.10861,-0.02213
B0030,43C_4.0A,31,0.30957,0.91106,0.92127,44.52997,54.31695,62.59235,1.0135,0.89892,0.326,0.01643,-0.02235
B0030,43C_4.0A,32,0.30941,0.90458,0.91127,44.58449,54.37603,62.84622,1.0135,0.89253,0.324,0.01459,-0.01875
B0030,43C_4.0A,33,0.30949,0.89627,0.90714,44.61354,54.40923,63.02422,1.0135,0.88433,0.42,0.11051,-0.0228
B0030,43C_4.0A,34,0.30957,0.89144,0.90227,44.6001,54.43118,63.00027,1.0135,0.87956,0.422,0.11243,-0.02271
B0030,43C_4.0A,35,0.30962,0.88637,0.90459,44.62647,54.42544,62.80131,1.0135,0.87456,0.334,0.02438,-0.03002
B0030,43C_4.0A,36,0.31022,0.90059,0.90975,44.54512,54.40879,62.73741,1.0135,0.88859,0.324,0.01378,-0.02117
B0030,43C_4.0A,37,0.30777,0.88932,0.9048,44.58024,54.42285,62.57853,1.0135,0.87747,0.328,0.02023,-0.02732
B0030,43C_4.0A,38,0.31046,0.88405,0.90121,44.57709,54.38754,62.84908,1.0135,0.87227,0.418,0.10754,-0.02894
B0030,43C_4.0A,39,0.31049,0.8775,0.89665,44.64555,54.45246,62.72846,1.0135,0.86581,0.418,0.10751,-0.03084
B0030,43C_4.0A,40,0.31063,0.87332,0.89212,44.60652,54.4111,62.69299,1.0135,0.86169,0.336,0.02537,-0.03043
B0031,43C_4.0A,1,0.32172,1.08672,0.92365,42.83004,52.65501,60.84632,1.06982,1.0158,0.28,-0.04172,0.09214
B0031,43C_4.0A,2,0.31921,1.07812,1.01575,44.29463,53.97231,61.81769,1.06982,1.00775,0.37,0.05079,-0.008
B0031,43C_4.0A,3,0.31773,1.06982,1.00529,44.34952,53.99109,61.82806,1.06982,1.0,0.376,0.05827,-0.00529
B0031,43C_4.0A,4,0.31714,1.06386,1.0,44.35853,53.99661,61.95644,1.06982,0.99442,0.322,0.00486,-0.00558
B0031,43C_4.0A,5,0.3184,1.06099,0.99873,44.36904,53.95426,62.09957,1.06982,0.99175,0.372,0.0536,-0.00699
B0031,43C_4.0A,6,0.3145,1.06846,0.98178,44.31234,53.97329,62.03751,1.06982,0.99873,0.4,0.0855,0.01695
B0031,43C_4.0A,7,0.32,1.07142,1.00529,44.36689,53.88993,61.84295,1.06982,1.00149,0.324,0.004,-0.0038
B0031,43C_4.0A,8,0.31958,1.06264,0.99828,44.34917,53.87262,61.83795,1.06982,0.99329,0.326,0.00642,-0.00499
B0031,43C_4.0A,9,0.32105,1.05772,0.9911,44.333,53.81894,61.84647,1.06982,0.98869,0.324,0.00295,-0.00241
B0031,43C_4.0A,10,0.32095,1.05287,0.98454,44.36236,53.82033,61.76014,1.06982,0.98415,0.322,0.00105,-0.00039
B0031,43C_4.0A,11,0.32104,1.06309,0.98957,44.31577,53.82113,61.91961,1.06982,0.9937,0.382,0.06096,0.00413
B0031,43C_4.0A,12,0.32083,1.05669,0.98721,44.36691,53.81795,61.86471,1.06982,0.98773,0.376,0.05517,0.00052
B0031,43C_4.0A,13,0.32039,1.04804,0.98008,44.33947,53.80194,61.77393,1.06982,0.97964,0.376,0.05561,-0.00044
B0031,43C_4.0A,14,0.32025,1.04204,0.97898,44.32819,53.75881,61.64539,1.06982,0.97403,0.326,0.00575,-0.00495
B0031,43C_4.0A,15,0.32026,1.03742,0.9708,44.36103,53.78851,61.8887,1.06982,0.96971,0.378,0.05774,-0.00108
B0031,43C_4.0A,16,0.31428,1.05373,0.96165,44.29994,53.83689,61.98674,1.06982,0.98495,0.3,-0.01428,0.02331
B0031,43C_4.0A,17,0.32025,1.05508,0.9855,44.3226,53.77338,61.73655,1.06982,0.98622,0.32,-0.00025,0.00072
B0031,43C_4.0A,18,0.32037,1.04515,0.97814,44.33236,53.77387,61.82231,1.06982,0.97693,0.322,0.00163,-0.0012
B0031,43C_4.0A,19,0.32053,1.03806,0.97681,44.32255,53.75466,61.70266,1.06982,0.97031,0.37,0.04947,-0.0065
B0031,43C_4.0A,20,0.32062,1.03259,0.96668,44.32493,53.76668,61.83339,1.06982,0.9652,0.378,0.05738,-0.00148
B0031,43C_4.0A,21,0.32081,1.04355,0.97694,44.28062,53.73174,61.71886,1.06982,0.97544,0.378,0.05719,-0.0015
B0031,43C_4.0A,22,0.32073,1.03439,0.96864,44.35278,53.77927,61.94562,1.06982,0.96688,0.378,0.05727,-0.00176
B0031,43C_4.0A,23,0.32079,1.02707,0.96657,44.36308,53.77941,61.68682,1.06982,0.96004,0.374,0.05321,-0.00653
B0031,43C_4.0A,24,0.32089,1.02027,0.957,44.35669,53.74981,61.72142,1.06982,0.95368,0.324,0.00311,-0.00332
B0031,43C_4.0A,25,0.3211,1.0164,0.95338,44.3336,53.75573,61.92237,1.06982,0.95006,0.38,0.0589,-0.00331
B0031,43C_4.0A,26,0.32134,1.03323,0.96397,44.30818,53.75429,61.87505,1.06982,0.96579,0.32,-0.00134,0.00182
B0031,43C_4.0A,27,0.32138,1.02338,0.96248,44.31985,53.71143,61.4912,1.06982,0.95658,0.376,0.05462,-0.0059
B0031,43C_4.0A,28,0.32145,1.01541,0.95152,44.31793,53.69343,61.70751,1.06982,0.94914,0.382,0.06055,-0.00238
B0031,43C_4.0A,29,0.3215,1.00759,0.9492,44.28878,53.61958,61.49432,1.06982,0.94183,0.33,0.0085,-0.00737
B0031,43C_4.0A,30,0.32199,1.00305,0.94551,44.31124,53.63363,61.5059,1.06982,0.93759,0.378,0.05601,-0.00792
B0031,43C_4.0A,31,0.32221,1.00953,0.94973,44.25633,53.64298,61.5865,1.06982,0.94364,0.328,0.00579,-0.00609
B0031,43C_4.0A,32,0.32236,1.00201,0.9473,44.29491,53.64019,61.66803,1.06982,0.93661,0.336,0.01364,-0.01069
B0031,43C_4.0A,33,0.32236,0.99508,0.93663,44.28543,53.65373,61.83745,1.06982,0.93014,0.382,0.05964,-0.0065
B0031,43C_4.0A,34,0.32245,0.99046,0.93918,44.29844,53.65355,61.77914,1.06982,0.92581,0.374,0.05155,-0.01336
B0031,43C_4.0A,35,0.32254,0.98618,0.93492,44.29686,53.64783,61.63756,1.06982,0.92182,0.376,0.05346,-0.01311
B0031,43C_4.0A,36,0.3227,1.00353,0.93974,44.24041,53.65472,61.76541,1.06982,0.93803,0.324,0.0013,-0.00171
B0031,43C_4.0A,37,0.32271,0.99459,0.9353,44.27768,53.66099,61.71412,1.06982,0.92968,0.328,0.00529,-0.00562
B0031,43C_4.0A,38,0.32343,0.98749,0.93212,44.26325,53.59867,61.46371,1.06982,0.92304,0.382,0.05857,-0.00909
B0031,43C_4.0A,39,0.32356,0.9825,0.92827,44.29498,53.62891,61.45869,1.06982,0.91837,0.382,0.05844,-0.00989
B0031,43C_4.0A,40,0.32372,0.97597,0.924,44.289,53.6138,61.4454,1.06982,0.91228,0.336,0.01228,-0.01172
B0032,43C_4.0A,1,0.36395,1.01444,0.91389,43.26523,52.14812,59.47601,1.01444,1.0,0.33,-0.03395,0.08611
B0032,43C_4.0A,2,0.36492,1.05044,1.0153,44.37912,53.49863,60.12129,1.01444,1.03548,0.5,0.13508,0.02019
B0032,43C_4.0A,3,0.36142,1.02447,1.00497,44.42491,53.56356,60.28987,1.01444,1.00988,0.494,0.13258,0.00491
B0032,43C_4.0A,4,0.36043,1.01125,1.0,44.42346,53.6365,60.57062,1.01444,0.99685,0.362,0.00157,-0.00315
B0032,43C_4.0A,5,0.35946,1.00057,0.99316,44.42238,53.66822,60.44487,1.01444,0.98632,0.492,0.13254,-0.00684
B0032,43C_4.0A,6,0.36041,0.97737,0.98857,44.40381,53.78515,60.80515,1.01444,0.96346,0.376,0.01559,-0.02511
B0032,43C_4.0A,7,0.36099,0.98676,0.98795,44.4333,53.8037,60.79131,1.01444,0.97271,0.49,0.12901,-0.01524
B0032,43C_4.0A,8,0.36103,0.97519,0.98112,44.39809,53.86087,60.82453,1.01444,0.96131,0.374,0.01297,-0.01982
B0032,43C_4.0A,9,0.36111,0.97115,0.97421,44.39713,53.86937,60.93844,1.01444,0.95732,0.372,0.01089,-0.01689
B0032,43C_4.0A,10,0.36112,0.96354,0.968,44.44117,53.91924,61.05693,1.01444,0.94982,0.372,0.01088,-0.01818
B0032,43C_4.0A,11,0.36112,0.95404,0.97292,44.40661,54.04736,61.26264,1.01444,0.94046,0.502,0.14088,-0.03246
B0032,43C_4.0A,12,0.35893,0.95077,0.96463,44.41451,54.07433,61.3091,1.01444,0.93723,0.376,0.01707,-0.0274
B0032,43C_4.0A,13,0.35892,0.94438,0.95774,44.42342,54.13198,61.35861,1.01444,0.93094,0.376,0.01708,-0.0268
B0032,43C_4.0A,14,0.35913,0.93331,0.95072,44.4053,54.17065,61.48219,1.01444,0.92003,0.378,0.01887,-0.03069
B0032,43C_4.0A,15,0.35978,0.92975,0.94881,44.43749,54.23028,61.55806,1.01444,0.91651,0.38,0.02022,-0.0323
B0032,43C_4.0A,16,0.36212,0.92806,0.96464,44.40135,54.34465,61.75556,1.01444,0.91485,0.39,0.02788,-0.04979
B0032,43C_4.0A,17,0.36042,0.93316,0.9632,44.40183,54.34024,61.78815,1.01444,0.91987,0.388,0.02758,-0.04333
B0032,43C_4.0A,18,0.36066,0.93427,0.95622,44.42499,54.38382,62.0268,1.01444,0.92098,0.382,0.02134,-0.03525
B0032,43C_4.0A,19,0.36073,0.91798,0.94862,44.4217,54.44223,62.05922,1.01444,0.90491,0.39,0.02927,-0.0437
B0032,43C_4.0A,20,0.35889,0.9112,0.93878,44.42051,54.47794,61.81678,1.01444,0.89823,0.384,0.02511,-0.04055
B0032,43C_4.0A,21,0.36266,0.915,0.94868,44.37974,54.52288,62.13035,1.01444,0.90197,0.504,0.14134,-0.04671
B0032,43C_4.0A,22,0.36076,0.90554,0.94065,44.43978,54.63737,62.20855,1.01444,0.89265,0.392,0.03124,-0.04799
B0032,43C_4.0A,23,0.36072,0.89807,0.93215,44.45074,54.62677,62.27936,1.01444,0.88529,0.39,0.02928,-0.04686
B0032,43C_4.0A,24,0.36117,0.89341,0.92936,44.44759,54.64311,62.40537,1.01444,0.88069,0.5,0.13883,-0.04867
B0032,43C_4.0A,25,0.35914,0.87231,0.91938,44.44233,54.70582,62.21601,1.01444,0.85989,0.396,0.03686,-0.05949
B0032,43C_4.0A,26,0.36209,0.88421,0.9361,44.41307,54.73635,62.6158,1.01444,0.87163,0.402,0.03991,-0.06448
B0032,43C_4.0A,27,0.35986,0.87728,0.92155,44.42726,54.72901,62.26361,1.01444,0.8648,0.398,0.03814,-0.05676
B0032,43C_4.0A,28,0.35995,0.87073,0.9175,44.4274,54.73589,62.4258,1.01444,0.85834,0.398,0.03805,-0.05916
B0032,43C_4.0A,29,0.36086,0.84986,0.90866,44.4048,54.73541,62.5594,1.01444,0.83776,0.414,0.05314,-0.0709
B0032,43C_4.0A,30,0.36355,0.86189,0.91156,44.42212,54.74866,62.58263,1.01444,0.84962,0.406,0.04245,-0.06194
B0032,43C_4.0A,31,0.36378,0.86027,0.91563,44.3532,54.78747,62.5709,1.01444,0.84803,0.508,0.14422,-0.0676
B0032,43C_4.0A,32,0.36162,0.85221,0.9067,44.39242,54.78138,62.42899,1.01444,0.84008,0.502,0.14038,-0.06661
B0032,43C_4.0A,33,0.36163,0.84485,0.90295,44.39769,54.78435,62.43152,1.01444,0.83282,0.408,0.04637,-0.07013
B0032,43C_4.0A,34,0.3592,0.8199,0.89201,44.40457,54.84501,62.57293,1.01444,0.80823,0.42,0.0608,-0.08378
B0032,43C_4.0A,35,0.36279,0.83007,0.89447,44.41671,54.84412,62.57968,1.01444,0.81826,0.5,0.13721,-0.07622
B0032,43C_4.0A,36,0.36349,0.83314,0.90589,44.346,54.91679,62.96997,1.01444,0.82128,0.42,0.05651,-0.08461
B0032,43C_4.0A,37,0.36104,0.82276,0.8949,44.40208,54.90429,62.75574,1.01444,0.81105,0.42,0.05896,-0.08385
B0032,43C_4.0A,38,0.3638,0.82381,0.89168,44.38078,54.85304,62.70443,1.01444,0.81209,0.424,0.0602,-0.07959
B0032,43C_4.0A,39,0.36165,0.80988,0.88106,44.42485,54.8701,62.46021,1.01444,0.79835,0.494,0.13235,-0.08271
B0032,43C_4.0A,40,0.36168,0.79768,0.87687,44.42345,54.91521,62.78975,1.01444,0.78633,0.472,0.11032,-0.09055
B0033,24C_4.0A,2,0.14093,0.70103,0.55036,25.17302,32.82332,47.87623,1.23883,0.56588,0.094,-0.04693,0.01552
B0033,24C_4.0A,3,0.23451,1.14062,0.92669,24.99055,35.7933,53.52137,1.23883,0.92073,0.218,-0.01651,-0.00596
B0033,24C_4.0A,4,0.25588,1.23883,1.0,24.56209,36.38267,53.59969,1.23883,1.0,0.256,0.00012,0.0
B0033,24C_4.0A,5,0.26915,1.28115,1.03989,24.34749,36.45901,53.8177,1.23883,1.03416,0.256,-0.01315,-0.00573
B0033,24C_4.0A,6,0.27837,1.30999,1.05502,23.83305,36.27978,53.57104,1.23883,1.05744,0.284,0.00563,0.00242
B0033,24C_4.0A,7,0.2718,1.28154,1.02836,23.85646,36.16553,54.60857,1.23883,1.03448,0.276,0.0042,0.00612
B0033,24C_4.0A,8,0.37094,1.71098,1.36732,23.81976,39.93652,54.19146,1.23883,1.38113,0.388,0.01706,0.01381
B0033,24C_4.0A,9,0.36162,1.57766,1.32177,23.83488,38.25328,52.93433,1.23883,1.27351,0.326,-0.03562,-0.04826
B0033,24C_4.0A,10,0.35675,1.50405,1.29274,23.79008,37.62899,52.5032,1.23883,1.21409,0.304,-0.05275,-0.07865
B0033,24C_4.0A,11,0.35135,1.46691,1.28071,23.7758,37.32713,52.17653,1.23883,1.18411,0.286,-0.06535,-0.0966
B0033,24C_4.0A,12,0.34819,1.46247,1.29741,23.90835,37.40238,52.04938,1.23883,1.18052,0.266,-0.08219,-0.11688
B0033,24C_4.0A,13,0.34598,1.39306,1.26909,24.162,36.99574,51.73549,1.23883,1.1245,0.252,-0.09398,-0.14459
B0033,24C_4.0A,14,0.33178,1.39074,1.2562,24.25375,36.8578,51.66117,1.23883,1.12262,0.246,-0.08578,-0.13358
B0033,24C_4.0A,15,0.3148,1.39618,1.25396,24.47639,36.64502,51.20271,1.23883,1.12701,0.228,-0.0868,-0.12694
B0033,24C_4.0A,16,0.30825,1.40546,1.26883,24.56958,37.06473,51.54633,1.23883,1.13451,0.23,-0.07825,-0.13433
B0033,24C_4.0A,17,0.30535,1.39084,1.29754,25.65541,37.66051,51.68735,1.23883,1.1227,,,-0.17484
B0033,24C_4.0A,18,0.29462,0.78013,1.31878,26.35149,38.32311,51.80665,1.23883,0.62973,,,-0.68905
B0033,24C_4.0A,19,0.28465,1.4086,1.28848,25.32532,37.01126,51.01352,1.23883,1.13704,,,-0.15143
B0033,24C_4.0A,20,0.28,1.29457,1.2666,24.49353,36.45752,50.61263,1.23883,1.04499,,,-0.22161
B0033,24C_4.0A,21,0.27874,1.4156,1.2625,24.19253,36.24583,50.47623,1.23883,1.14269,,,-0.11981
B0033,24C_4.0A,22,0.28214,,1.35041,25.94383,38.88045,52.80944,1.23883,,,,
B0033,24C_4.0A,23,0.27926,1.47643,1.34719,24.90287,37.68662,52.0013,1.23883,1.19179,,,-0.1554
B0033,24C_4.0A,24,0.27704,1.47637,1.32379,24.0929,37.02886,51.65599,1.23883,1.19175,,,-0.13204
B0033,24C_4.0A,25,0.27491,1.46818,1.31053,23.94184,36.84829,51.5094,1.23883,1.18514,,,-0.12539
B0033,24C_4.0A,26,0.27276,1.45732,1.30747,23.96471,36.78338,51.2584,1.23883,1.17637,,,-0.13111
B0033,24C_4.0A,27,0.27434,1.45431,1.31075,24.17171,37.14544,51.77189,1.23883,1.17394,,,-0.13681
B0033,24C_4.0A,28,0.27339,1.44714,1.31792,24.67175,37.43951,51.73759,1.23883,1.16815,,,-0.14977
B0033,24C_4.0A,29,0.27332,1.44141,1.30306,24.52586,37.21232,51.61243,1.23883,1.16353,,,-0.13953
B0033,24C_4.0A,30,0.27226,1.44639,1.29782,24.01437,36.82394,51.54624,1.23883,1.16755,,,-0.13027
B0033,24C_4.0A,31,0.27036,1.44004,1.28333,23.64534,36.46405,51.03144,1.23883,1.16242,,,-0.12091
B0033,24C_4.0A,32,0.27216,0.95254,1.287,23.79988,36.76267,51.41438,1.23883,0.76891,,,-0.5181
B0033,24C_4.0A,33,0.27109,1.43315,1.29443,24.27508,37.10563,51.44638,1.23883,1.15686,,,-0.13757
B0033,24C_4.0A,34,0.27004,1.42647,1.28861,24.22925,36.92447,51.30248,1.23883,1.15147,,,-0.13714
B0033,24C_4.0A,35,0.26988,1.43033,1.27332,23.77126,36.60696,51.29496,1.23883,1.15458,,,-0.11874
B0033,24C_4.0A,36,0.26889,1.42677,1.2672,23.69664,36.55039,51.18663,1.23883,1.15171,,,-0.11549
B0033,24C_4.0A,37,0.26883,1.4216,1.26198,23.75259,36.58233,51.18262,1.23883,1.14754,,,-0.11444
B0033,24C_4.0A,38,0.26988,1.41247,1.28725,25.37517,38.03676,52.16804,1.23883,1.14017,,,-0.14708
B0033,24C_4.0A,39,0.27084,1.40495,1.29295,26.11292,38.7607,52.74768,1.23883,1.13409,,,-0.15886
B0033,24C_4.0A,40,0.27075,1.40061,1.28493,26.01885,38.23516,52.43796,1.23883,1.13059,,,-0.15434
B0033,24C_4.0A,41,0.26862,1.41197,1.25872,24.50241,37.2077,51.81198,1.23883,1.13976,,,-0.11896
B0033,24C_4.0A,42,0.26848,1.4164,1.25374,23.99722,36.91602,51.73653,1.23883,1.14334,,,-0.1104
B0033,24C_4.0A,43,0.27377,1.4302,1.29787,25.33769,38.27231,52.54161,1.23883,1.15448,,,-0.1434
B0033,24C_4.0A,44,0.27268,1.41619,1.30478,26.355,39.10342,53.32326,1.23883,1.14317,,,-0.16161
B0033,24C_4.0A,45,0.26962,1.41218,1.28634,25.87343,38.33806,52.66627,1.23883,1.13993,,,-0.14641
B0033,24C_4.0A,46,0.28022,0.41155,1.50457,27.55226,40.78204,55.39142,1.23883,0.33221,0.18,-0.10022,-1.17236
B0033,24C_4.0A,47,0.27635,1.46198,1.32368,25.88261,38.52396,52.73529,1.23883,1.18013,,,-0.14355
B0033,24C_4.0A,48,0.27417,1.46679,1.2963,24.91694,37.84186,52.53063,1.23883,1.18401,,,-0.11229
B0033,24C_4.0A,49,0.27179,1.46266,1.28033,24.56094,37.4641,52.21869,1.23883,1.18068,,,-0.09965
B0033,24C_4.0A,50,0.27219,1.45935,1.28338,24.97537,38.11053,52.72732,1.23883,1.17801,,,-0.10538
B0033,24C_4.0A,51,0.27323,1.44221,1.29749,26.22134,39.0486,53.20573,1.23883,1.16417,,,-0.13332
B0033,24C_4.0A,52,0.27253,1.44112,1.29107,26.45666,38.88223,53.16441,1.23883,1.16329,,,-0.12778
B0033,24C_4.0A,53,0.27037,1.44723,1.27486,25.30476,38.10274,52.60041,1.23883,1.16823,,,-0.10663
B0033,24C_4.0A,54,0.26942,1.44683,1.26709,25.07239,37.91538,52.46866,1.23883,1.1679,,,-0.09919
B0033,24C_4.0A,55,0.26941,1.44507,1.26124,24.92434,37.92481,52.4098,1.23883,1.16648,,,-0.09476
B0033,24C_4.0A,56,0.27063,0.3263,1.26346,25.34303,38.34698,52.83404,1.23883,0.26339,,,-1.00007
B0033,24C_4.0A,57,0.27065,1.43395,1.27916,26.42712,39.30988,53.60145,1.23883,1.1575,,,-0.12166
B0033,24C_4.0A,58,0.27051,1.42399,1.27147,26.57005,38.96498,53.25153,1.23883,1.14947,,,-0.122
B0033,24C_4.0A,59,0.26901,1.43922,1.23301,24.7851,37.72135,52.64071,1.23883,1.16176,0.216,-0.05301,-0.07125
B0033,24C_4.0A,60,0.26909,1.43974,1.22529,24.36096,37.45856,52.51312,1.23883,1.16218,0.216,-0.05309,-0.06312
B0033,24C_4.0A,61,0.26823,1.43769,1.21735,24.12706,37.26596,52.39823,1.23883,1.16053,0.214,-0.05423,-0.05683
B0033,24C_4.0A,62,0.2697,1.43553,1.24184,25.45173,38.74888,53.45594,1.23883,1.15878,,,-0.08306
B0033,24C_4.0A,63,0.27133,1.42415,1.24891,26.62676,39.69321,54.15574,1.23883,1.1496,,,-0.09931
B0033,24C_4.0A,64,0.27222,1.40509,1.23858,26.42483,38.99545,53.69394,1.23883,1.13421,,,-0.10437
B0033,24C_4.0A,65,0.26989,1.43117,1.20872,24.6433,37.74699,52.91957,1.23883,1.15526,0.214,-0.05589,-0.05346
B0033,24C_4.0A,66,0.26898,1.43084,1.20133,24.29085,37.50736,52.7733,1.23883,1.155,0.216,-0.05298,-0.04633
B0033,24C_4.0A,67,0.28371,0.72826,1.28165,24.92622,38.88356,53.75238,1.23883,0.58786,,,-0.69378
B0033,24C_4.0A,68,0.28143,1.47059,1.29687,26.24959,39.70652,54.49883,1.23883,1.18708,,,-0.10979
B0033,24C_4.0A,69,0.27823,1.466,1.26884,25.71996,38.69689,53.48032,1.23883,1.18337,,,-0.08547
B0033,24C_4.0A,70,0.27711,1.47667,1.24127,24.53129,37.93115,53.19212,1.23883,1.19199,0.224,-0.05311,-0.04929
B0033,24C_4.0A,71,0.27646,1.47375,1.22892,24.13914,37.6707,52.91631,1.23883,1.18963,0.224,-0.05246,-0.03928
B0033,24C_4.0A,72,0.27596,1.47444,1.22058,23.86919,37.48834,52.95165,1.23883,1.19019,0.238,-0.03796,-0.0304
B0033,24C_4.0A,73,0.27982,1.22102,1.23524,25.19709,39.01194,54.15704,1.23883,0.98562,0.232,-0.04782,-0.24962
B0033,24C_4.0A,74,0.28166,1.46389,1.24985,26.40094,39.95408,54.90255,1.23883,1.18167,0.228,-0.05366,-0.06819
B0033,24C_4.0A,75,0.2808,1.46602,1.23041,25.25947,38.62921,53.80008,1.23883,1.18339,0.224,-0.0568,-0.04701
B0033,24C_4.0A,76,0.28007,1.47738,1.21122,24.15297,37.93003,53.54506,1.23883,1.19256,0.252,-0.02807,-0.01866
B0033,24C_4.0A,77,0.28045,1.47496,1.20319,23.79869,37.62158,53.29577,1.23883,1.19061,0.264,-0.01645,-0.01258
B0033,24C_4.0A,78,0.28117,1.48405,1.19359,23.53897,37.78621,53.69065,1.23883,1.19794,0.286,0.00483,0.00436
B0033,24C_4.0A,79,0.28095,1.47247,1.19699,23.87189,37.78055,53.46172,1.23883,1.1886,0.27,-0.01095,-0.0084
B0033,24C_4.0A,80,0.28225,1.47273,1.18976,23.48976,37.48831,53.31089,1.23883,1.18881,0.544,0.26175,-0.00095
B0033,24C_4.0A,81,0.28711,1.46754,1.1813,23.73619,37.84651,53.62775,1.23883,1.18462,0.292,0.00489,0.00332
B0033,24C_4.0A,82,0.28754,1.45481,1.17133,23.57527,37.50067,53.31129,1.23883,1.17434,0.292,0.00446,0.00301
B0033,24C_4.0A,83,0.28792,1.4512,1.17562,23.46175,37.46771,53.24782,1.23883,1.17142,0.282,-0.00592,-0.0042
B0033,24C_4.0A,84,0.28816,1.4609,1.17666,23.51359,37.59819,53.32567,1.23883,1.17926,0.292,0.00384,0.0026
B0033,24C_4.0A,85,0.28918,1.45376,1.16807,23.74452,37.70143,53.67135,1.23883,1.1735,0.296,0.00682,0.00543
B0033,24C_4.0A,86,0.28865,1.45952,1.15944,23.41242,37.53461,53.42592,1.23883,1.17814,0.312,0.02335,0.0187
B0033,24C_4.0A,87,0.29053,1.45693,1.16185,23.6274,37.84394,53.80241,1.23883,1.17605,0.308,0.01747,0.0142
B0033,24C_4.0A,88,0.28814,1.46035,1.16505,23.35534,37.6224,53.5387,1.23883,1.17882,0.308,0.01986,0.01377
B0033,24C_4.0A,89,0.291,1.45852,1.15625,23.54504,37.85402,53.85444,1.23883,1.17733,0.318,0.027,0.02108
B0033,24C_4.0A,90,0.29239,1.45602,1.17059,24.10428,38.4709,54.31271,1.23883,1.17532,0.298,0.00561,0.00473
B0033,24C_4.0A,91,0.29341,1.44689,1.1724,24.89107,39.05355,54.71725,1.23883,1.16795,0.288,-0.00541,-0.00445
B0033,24C_4.0A,92,0.29345,1.44044,1.17413,25.7665,39.44222,55.03279,1.23883,1.16274,0.28,-0.01345,-0.01139
B0033,24C_4.0A,93,0.29406,1.45586,1.15512,23.83984,38.22999,54.39303,1.23883,1.17519,0.318,0.02394,0.02007
B0033,24C_4.0A,94,0.29387,1.45243,1.13376,23.31338,37.7581,54.05963,1.23883,1.17242,0.34,0.04613,0.03866
B0033,24C_4.0A,95,0.29256,1.44388,1.13664,22.96645,37.42805,53.59788,1.23883,1.16552,0.332,0.03944,0.02887
B0033,24C_4.0A,96,0.29424,1.45568,1.15032,23.7274,38.50292,54.60814,1.23883,1.17504,0.326,0.03176,0.02472
B0033,24C_4.0A,97,0.29442,1.44203,1.15321,24.37289,38.83348,54.5574,1.23883,1.16403,0.308,0.01358,0.01082
B0033,24C_4.0A,98,0.2955,1.43618,1.16049,24.8188,39.05218,54.99419,1.23883,1.1593,0.294,-0.0015,-0.00119
B0033,24C_4.0A,99,0.29398,1.44808,1.13541,23.75766,38.02193,54.1632,1.23883,1.16891,0.336,0.04202,0.03349
B0033,24C_4.0A,100,0.29258,1.44344,1.12551,23.29158,37.73309,53.87734,1.23883,1.16517,0.344,0.05142,0.03966
B0033,24C_4.0A,101,0.29418,1.44,1.12894,23.29434,37.88254,54.00541,1.23883,1.16239,0.336,0.04182,0.03345
B0033,24C_4.0A,102,0.29578,1.44479,1.1424,24.4291,39.09683,55.01715,1.23883,1.16626,0.324,0.02822,0.02386
B0033,24C_4.0A,103,0.29589,1.43959,1.15849,25.49414,39.85321,55.56825,1.23883,1.16206,0.3,0.00411,0.00357
B0033,24C_4.0A,104,0.29497,1.44171,1.13576,24.91663,39.04624,54.92871,1.23883,1.16377,0.332,0.03703,0.02801
B0033,24C_4.0A,105,0.29379,1.4304,1.11442,23.69829,37.82054,53.80102,1.23883,1.15464,0.318,0.02421,0.04022
B0033,24C_4.0A,106,0.29419,1.43323,1.1157,23.23505,37.73311,53.90914,1.23883,1.15692,0.364,0.06981,0.04122
B0033,24C_4.0A,107,0.29626,1.4338,1.11828,23.38007,38.00667,54.2326,1.23883,1.15738,0.35,0.05374,0.03911
B0033,24C_4.0A,108,0.29784,1.4411,1.14673,25.56118,39.78463,55.63045,1.23883,1.16328,0.318,0.02016,0.01655
B0033,24C_4.0A,109,0.2979,1.42886,1.1469,26.31224,40.35945,56.16713,1.23883,1.15339,0.306,0.0081,0.00649
B0033,24C_4.0A,110,0.29727,1.41579,1.12564,25.37924,39.40096,55.53602,1.23883,1.14285,0.32,0.02273,0.01721
B0033,24C_4.0A,111,0.29437,1.42422,1.10351,23.9886,38.23202,54.4286,1.23883,1.14965,0.356,0.06163,0.04614
B0033,24C_4.0A,112,0.29576,1.42858,1.09338,23.55541,38.18612,54.60293,1.23883,1.15317,0.392,0.09624,0.05978
B0033,24C_4.0A,113,0.29575,1.44394,1.1003,23.62558,38.75651,55.29175,1.23883,1.16557,0.39,0.09425,0.06526
B0033,24C_4.0A,114,0.25692,1.24684,1.43949,26.0438,39.21825,57.6374,1.23883,1.00646,,,-0.43303
B0033,24C_4.0A,115,0.29639,1.39614,1.13608,25.44177,39.0531,54.65393,1.23883,1.12698,0.284,-0.01239,-0.0091
B0033,24C_4.0A,116,0.29615,1.40387,1.11306,24.59453,38.41375,54.15295,1.23883,1.13322,0.326,0.02985,0.02016
B0033,24C_4.0A,117,0.29698,1.41501,1.11431,24.37349,38.46903,54.53516,1.23883,1.14222,0.332,0.03502,0.02791
B0033,24C_4.0A,118,0.29823,1.41988,1.10538,24.0491,38.51003,54.77735,1.23883,1.14615,0.352,0.05377,0.04077
B0033,24C_4.0A,119,0.29915,1.40782,1.09464,24.1311,38.40064,54.64703,1.23883,1.13641,0.354,0.05485,0.04177
B0033,24C_4.0A,120,0.29813,1.40914,1.08679,24.00594,38.39045,54.5051,1.23883,1.13747,0.358,0.05987,0.05068
B0033,24C_4.0A,121,0.29863,1.41172,1.10111,24.06923,38.41363,54.42133,1.23883,1.13956,0.362,0.06337,0.03844
B0033,24C_4.0A,122,0.29926,1.41018,1.08883,23.99438,38.44025,54.59993,1.23883,1.13832,0.622,0.32274,0.04949
B0033,24C_4.0A,123,0.29711,1.39527,1.07095,23.85378,38.18715,54.62172,1.23883,1.12628,0.364,0.06689,0.05533
B0033,24C_4.0A,124,0.29712,1.39915,1.08163,23.79672,38.1865,54.55731,1.23883,1.12941,0.264,-0.03312,0.04778
B0033,24C_4.0A,125,0.29708,1.4067,1.06979,23.94604,38.53621,55.04132,1.23883,1.1355,0.392,0.09492,0.06571
B0033,24C_4.0A,126,0.29841,1.40476,1.08498,23.99729,38.55227,54.87422,1.23883,1.13394,0.38,0.08159,0.04897
B0033,24C_4.0A,127,0.29791,1.39811,1.07404,24.04675,38.45551,54.60503,1.23883,1.12857,0.388,0.09009,0.05453
B0033,24C_4.0A,128,0.29946,1.40113,1.07568,23.86165,38.45384,54.77197,1.23883,1.13101,0.388,0.08854,0.05533
B0033,24C_4.0A,129,0.30087,1.40691,1.06588,23.80836,38.59571,55.08132,1.23883,1.13567,0.396,0.09513,0.0698
B0033,24C_4.0A,130,0.29824,1.40832,1.07998,25.01821,39.84839,56.28818,1.23883,1.13682,0.364,0.06576,0.05683
B0033,24C_4.0A,131,0.30125,1.41445,1.0942,26.57896,40.85884,57.27354,1.23883,1.14176,0.36,0.05875,0.04756
B0033,24C_4.0A,132,0.30663,1.42862,1.08339,25.82461,40.64567,57.22919,1.23883,1.1532,0.394,0.08737,0.06981
B0033,24C_4.0A,133,0.30671,1.43357,1.07297,24.62859,40.22817,57.19704,1.23883,1.1572,0.29,-0.01671,0.08423
B0033,24C_4.0A,134,0.30961,1.40822,1.06155,24.08701,40.06015,57.01987,1.23883,1.13673,0.472,0.16239,0.07518
B0033,24C_4.0A,135,0.31026,1.45289,1.12006,24.76598,40.06294,55.9333,1.23883,1.17279,0.404,0.09374,0.05274
B0033,24C_4.0A,136,0.3075,1.3882,1.10664,25.83738,40.26239,56.29908,1.23883,1.12058,0.328,0.0205,0.01393
B0033,24C_4.0A,137,0.30892,1.40509,1.09376,25.22279,39.9974,56.50952,1.23883,1.13421,0.356,0.04708,0.04045
B0033,24C_4.0A,138,0.30873,1.39697,1.05777,24.47255,39.57409,56.69166,1.23883,1.12766,0.406,0.09727,0.06989
B0033,24C_4.0A,139,0.23269,1.05862,0.67359,24.19995,35.98333,55.51714,1.23883,0.85453,0.296,0.06331,0.18094
B0033,24C_4.0A,145,0.10928,0.31046,0.34353,24.16236,32.39036,51.87529,1.23883,0.25061,,,-0.09292
B0033,24C_4.0A,146,0.11502,0.33867,0.37062,24.63161,32.95417,51.76778,1.23883,0.27338,,,-0.09724
B0033,24C_4.0A,147,0.09926,0.27953,0.31884,25.74108,32.989,51.02675,1.23883,0.22564,,,-0.0932
B0033,24C_4.0A,148,0.35107,0.64567,1.16643,26.69093,45.33522,61.13716,1.23883,0.52119,0.284,-0.06707,-0.64524
B0033,24C_4.0A,149,0.34291,0.69231,1.12942,25.52025,40.62015,56.34875,1.23883,0.55884,0.392,0.04909,-0.57058
B0033,24C_4.0A,150,0.33629,0.59071,1.10431,24.51825,39.684,55.51778,1.23883,0.47683,0.392,0.05571,-0.62748
B0033,24C_4.0A,151,0.33319,0.36589,1.09386,24.03234,39.04724,54.98846,1.23883,0.29535,0.376,0.04281,-0.79851
B0033,24C_4.0A,152,0.32983,1.38114,1.08202,23.86501,38.66855,54.53862,1.23883,1.11487,0.318,-0.01183,0.03285
B0033,24C_4.0A,153,0.33128,0.52996,1.08372,23.92709,38.84148,54.72687,1.23883,0.42779,0.342,0.01072,-0.65593
B0033,24C_4.0A,154,0.33284,1.38338,1.08617,24.01833,39.05255,55.00462,1.23883,1.11668,0.376,0.04316,0.03051
B0033,24C_4.0A,155,0.33109,1.38025,1.07712,23.85035,38.79448,54.71731,1.23883,1.11415,0.368,0.03691,0.03704
B0033,24C_4.0A,156,0.27417,0.77004,0.94888,25.52649,38.50987,54.42878,1.23883,0.62159,0.292,0.01783,-0.32729
B0033,24C_4.0A,157,0.32734,1.41392,1.2005,26.50612,40.15831,54.89,1.23883,1.14133,0.262,-0.06534,-0.05917
B0033,24C_4.0A,158,0.32366,1.42713,1.18913,25.52348,39.45023,54.47368,1.23883,1.152,0.274,-0.04966,-0.03713
B0033,24C_4.0A,159,0.32161,1.43865,1.1775,24.76213,38.94098,54.12307,1.23883,1.16129,0.298,-0.02361,-0.0162
B0033,24C_4.0A,160,0.31912,1.43315,1.16512,24.41381,38.66654,53.77303,1.23883,1.15686,0.306,-0.01312,-0.00827
B0033,24C_4.0A,161,0.30925,1.43331,1.15522,24.78845,39.33636,54.60941,1.23883,1.15698,0.312,0.00275,0.00177
B0033,24C_4.0A,162,0.30912,1.42063,1.17135,26.12214,40.21246,55.29325,1.23883,1.14675,0.278,-0.03112,-0.0246
B0033,24C_4.0A,163,0.30273,1.41062,1.15054,25.59507,39.15441,54.26201,1.23883,1.13867,0.286,-0.01673,-0.01186
B0033,24C_4.0A,164,0.30375,1.41356,1.13205,24.16406,38.47234,54.0188,1.23883,1.14104,0.318,0.01425,0.00899
B0033,24C_4.0A,165,0.30103,1.40571,1.11991,23.77663,38.10279,53.57148,1.23883,1.13471,0.328,0.02697,0.0148
B0033,24C_4.0A,166,0.29923,0.77753,1.11028,23.78884,38.13962,53.48282,1.23883,0.62763,0.326,0.02677,-0.48264
B0033,24C_4.0A,167,0.29741,1.39372,1.12424,24.64644,38.75498,53.87014,1.23883,1.12503,0.298,0.00059,0.00079
B0033,24C_4.0A,168,0.29896,1.38604,1.12836,25.13175,39.16587,54.16164,1.23883,1.11883,0.286,-0.01296,-0.00953
B0033,24C_4.0A,169,0.29882,1.38253,1.12733,25.28376,39.02507,54.16534,1.23883,1.116,0.282,-0.01682,-0.01133
B0033,24C_4.0A,170,0.29772,1.38753,1.10396,24.13286,38.32512,53.79228,1.23883,1.12003,0.304,0.00628,0.01608
B0033,24C_4.0A,171,0.29455,1.37887,1.08913,23.74285,37.87818,53.22509,1.23883,1.11304,0.22,-0.07455,0.02391
B0033,24C_4.0A,172,0.29585,1.38684,1.09323,23.4909,37.90584,53.57858,1.23883,1.11948,0.34,0.04415,0.02625
B0033,24C_4.0A,173,0.29762,1.38195,1.10683,24.86505,39.12239,54.49826,1.23883,1.11553,0.31,0.01238,0.00869
B0033,24C_4.0A,174,0.29592,1.36858,1.11088,25.55711,39.39196,54.46813,1.23883,1.10474,0.286,-0.00992,-0.00614
B0033,24C_4.0A,175,0.29415,1.36168,1.09915,25.25565,38.80565,53.8942,1.23883,1.09917,0.294,-0.00015,2e-05
B0033,24C_4.0A,176,0.29299,1.37022,1.08541,24.10676,38.29516,53.78225,1.23883,1.10606,0.332,0.03901,0.02065
B0033,24C_4.0A,177,0.29,1.37751,1.10123,25.71183,39.48207,54.8001,1.23883,1.11194,0.308,0.018,0.01071
B0033,24C_4.0A,178,0.29309,1.37933,1.08795,24.05346,38.22421,53.59426,1.23883,1.11341,0.334,0.04091,0.02546
B0033,24C_4.0A,179,0.29453,1.22564,1.08962,23.78506,38.21223,53.86004,1.23883,0.98936,0.334,0.03947,-0.10027
B0033,24C_4.0A,180,0.29401,1.1198,1.07736,23.67835,38.03727,53.50394,1.23883,0.90392,0.336,0.04199,-0.17344
B0033,24C_4.0A,181,0.29545,1.36927,1.07982,23.64982,38.08745,53.71092,1.23883,1.1053,0.338,0.04255,0.02547
B0033,24C_4.0A,182,0.2948,1.36757,1.08032,23.95212,38.37116,53.96609,1.23883,1.10392,0.316,0.0212,0.0236
B0033,24C_4.0A,183,0.29292,1.36469,1.07206,23.85563,38.215,53.89602,1.23883,1.1016,0.344,0.05108,0.02954
B0033,24C_4.0A,184,0.29299,1.35894,1.07045,23.75642,38.06836,53.58336,1.23883,1.09695,0.338,0.04501,0.0265
B0033,24C_4.0A,185,0.29127,0.88293,1.0597,23.71942,37.98762,53.3583,1.23883,0.71271,0.33,0.03873,-0.34699
B0033,24C_4.0A,186,0.2927,1.34821,1.06133,23.89969,38.35566,53.56873,1.23883,1.08829,0.338,0.0453,0.02696
B0033,24C_4.0A,187,0.29094,0.69209,1.06598,24.95344,38.58774,54.02894,1.23883,0.55866,0.312,0.02106,-0.50731
B0033,24C_4.0A,188,0.29084,0.46154,1.05173,23.56702,37.84947,53.32085,1.23883,0.37256,0.348,0.05716,-0.67916
B0033,24C_4.0A,189,0.29245,0.94204,1.05161,23.45529,37.81893,53.15805,1.23883,0.76043,0.344,0.05155,-0.29118
B0033,24C_4.0A,190,0.29391,0.50249,1.05235,23.66365,37.98975,53.44441,1.23883,0.40562,0.334,0.04009,-0.64673
B0033,24C_4.0A,191,0.29538,1.33894,1.05475,23.55231,38.1105,53.71117,1.23883,1.08081,0.338,0.04262,0.02606
B0033,24C_4.0A,192,0.29135,1.32554,1.04128,23.69119,38.15871,53.18757,1.23883,1.07,0.228,-0.06335,0.02872
B0033,24C_4.0A,193,0.28456,1.2871,1.05993,29.44423,41.90171,56.49573,1.23883,1.03896,0.254,-0.03056,-0.02097
B0033,24C_4.0A,194,0.29063,1.31196,1.08821,27.53247,40.72594,55.32081,1.23883,1.05903,0.25,-0.04063,-0.02917
B0033,24C_4.0A,195,0.29327,1.33342,1.06081,25.33427,39.38801,54.57623,1.23883,1.07635,0.316,0.02273,0.01554
B0033,24C_4.0A,196,0.29302,1.32937,1.04747,24.27374,38.64571,54.00879,1.23883,1.07309,0.334,0.04098,0.02561
B0033,24C_4.0A,197,0.29091,1.31942,1.04976,24.07166,38.30368,53.475,1.23883,1.06505,0.32,0.02909,0.01529
B0034,24C_4.0A,1,0.34048,,0.46024,23.62065,38.95837,51.86748,1.52883,,0.658,0.31752,
B0034,24C_4.0A,2,0.32251,,1.02566,25.26878,39.10734,53.72591,1.52883,,0.344,0.02149,
B0034,24C_4.0A,3,0.30584,1.5505,1.01503,25.49262,39.20921,54.14046,1.52883,1.01417,0.306,0.00016,-0.00086
B0034,24C_4.0A,4,0.29811,1.53917,1.0,24.89763,38.93608,54.22868,1.52883,1.00676,0.304,0.00589,0.00676
B0034,24C_4.0A,5,0.29313,1.52883,0.9852,24.5998,38.60446,54.17642,1.52883,1.0,0.306,0.01287,0.0148
B0034,24C_4.0A,6,0.28581,1.50412,0.91666,23.78697,37.79485,54.09746,1.52883,0.98384,0.34,0.05419,0.06718
B0034,24C_4.0A,7,0.284,1.48942,0.91728,23.81681,37.65277,54.03811,1.52883,0.97423,0.332,0.048,0.05694
B0034,24C_4.0A,8,0.28252,1.46956,0.90708,23.76396,37.91666,54.56296,1.52883,0.96123,0.328,0.04548,0.05415
B0034,24C_4.0A,9,0.28002,1.45718,0.89867,23.79463,37.78228,54.47381,1.52883,0.95313,0.326,0.04598,0.05446
B0034,24C_4.0A,10,0.27772,1.44229,0.88966,23.75706,37.58309,54.15719,1.52883,0.94339,0.324,0.04628,0.05373
B0034,24C_4.0A,11,0.27728,1.4364,0.8867,23.70041,37.55052,54.45257,1.52883,0.93955,0.324,0.04672,0.05285
B0034,24C_4.0A,12,0.27638,1.43083,0.89211,23.8914,37.68195,54.20148,1.52883,0.9359,0.316,0.03962,0.04379
B0034,24C_4.0A,13,0.27261,1.41744,0.88362,23.91127,37.44027,53.81394,1.52883,0.92714,0.312,0.03939,0.04352
B0034,24C_4.0A,14,0.2714,1.41276,0.8803,23.85764,37.40277,53.84994,1.52883,0.92408,0.312,0.0406,0.04379
B0034,24C_4.0A,15,0.26857,1.40164,0.87805,23.89191,37.26498,53.61278,1.52883,0.91681,0.306,0.03743,0.03875
B0034,24C_4.0A,16,0.2668,1.39323,0.88907,24.17435,37.57057,53.35591,1.52883,0.9113,0.288,0.0212,0.02223
B0034,24C_4.0A,17,0.26895,1.39828,0.91743,25.20795,38.40025,53.83103,1.52883,0.91461,0.266,-0.00295,-0.00282
B0034,24C_4.0A,18,0.2705,1.39238,0.94065,26.07891,39.10294,53.99406,1.52883,0.91075,0.24,-0.0305,-0.02989
B0034,24C_4.0A,19,0.26498,1.38222,0.90262,24.96706,37.80351,53.39429,1.52883,0.90411,0.266,0.00102,0.00149
B0034,24C_4.0A,20,0.26326,1.38012,0.87805,24.27111,37.35606,53.38471,1.52883,0.90273,0.288,0.02474,0.02468
B0034,24C_4.0A,21,0.26048,1.37235,0.86696,23.97135,37.06077,53.12873,1.52883,0.89765,0.292,0.03152,0.03069
B0034,24C_4.0A,22,0.28382,,1.00754,25.94194,39.94613,55.80847,1.52883,,,,
B0034,24C_4.0A,23,0.27284,1.45683,0.96791,24.8824,38.71835,55.57913,1.52883,0.95291,0.258,-0.01484,-0.015
B0034,24C_4.0A,24,0.26849,1.44244,0.93473,24.04322,38.13133,55.55906,1.52883,0.9435,0.278,0.00951,0.00876
B0034,24C_4.0A,25,0.26433,1.42428,0.91657,23.87898,37.90483,55.43439,1.52883,0.93162,0.28,0.01567,0.01504
B0034,24C_4.0A,26,0.26411,1.4205,0.91365,23.89534,38.06681,55.91433,1.52883,0.92914,0.28,0.01589,0.0155
B0034,24C_4.0A,27,0.26386,1.41034,0.91565,24.09029,38.24252,55.7844,1.52883,0.9225,0.272,0.00814,0.00685
B0034,24C_4.0A,28,0.26275,1.40467,0.92071,24.60783,38.56099,55.81905,1.52883,0.91879,0.26,-0.00275,-0.00191
B0034,24C_4.0A,29,0.26257,1.39857,0.90904,24.44665,38.38922,55.81813,1.52883,0.9148,0.268,0.00543,0.00576
B0034,24C_4.0A,30,0.25946,1.39164,0.88947,23.94553,37.90832,55.50853,1.52883,0.91026,0.282,0.02254,0.02079
B0034,24C_4.0A,31,0.25929,1.39059,0.87775,23.5871,37.789,55.81047,1.52883,0.90958,0.294,0.03471,0.03183
B0034,24C_4.0A,32,0.25903,1.38026,0.88025,23.74742,37.86846,55.55805,1.52883,0.90282,0.284,0.02497,0.02257
B0034,24C_4.0A,33,0.25986,1.38273,0.90063,24.2382,38.32719,55.74561,1.52883,0.90444,0.264,0.00414,0.00381
B0034,24C_4.0A,34,0.25879,1.34662,0.88825,24.18121,38.22275,55.88273,1.52883,0.88082,0.274,0.01521,-0.00743
B0034,24C_4.0A,35,0.25658,1.36676,0.87587,23.72897,37.70866,55.52092,1.52883,0.89399,0.278,0.02142,0.01812
B0034,24C_4.0A,36,0.25762,1.37201,0.8711,23.64818,37.87036,56.03798,1.52883,0.89743,0.288,0.03038,0.02633
B0034,24C_4.0A,37,0.25736,1.36476,0.86654,23.69212,37.83489,55.78726,1.52883,0.89269,0.288,0.03064,0.02615
B0034,24C_4.0A,38,0.26068,1.37251,0.90916,25.32908,39.26931,56.29506,1.52883,0.89776,0.248,-0.01268,-0.01141
B0034,24C_4.0A,39,0.26373,1.37811,0.92098,26.07082,40.15065,57.20364,1.52883,0.90141,0.242,-0.02173,-0.01956
B0034,24C_4.0A,40,0.26138,1.36252,0.91442,26.00011,39.44313,56.48442,1.52883,0.89122,0.234,-0.02738,-0.0232
B0034,24C_4.0A,41,0.25723,1.35573,0.87835,24.45854,38.29706,55.71156,1.52883,0.88678,0.268,0.01077,0.00843
B0034,24C_4.0A,42,0.25696,1.35372,0.86617,23.9488,38.00009,55.72518,1.52883,0.88547,0.28,0.02304,0.0193
B0034,24C_4.0A,43,0.27128,1.41405,0.94792,25.31387,39.66453,56.68735,1.52883,0.92492,0.246,-0.02528,-0.02299
B0034,24C_4.0A,44,0.2703,1.39944,0.95268,26.3205,40.50365,57.52357,1.52883,0.91537,0.23,-0.0403,-0.03731
B0034,24C_4.0A,45,0.26486,1.38324,0.93038,25.81739,39.60223,56.64647,1.52883,0.90477,0.234,-0.03086,-0.02561
B0034,24C_4.0A,46,0.2854,0.7124,1.12314,27.49208,43.00893,61.22071,1.52883,0.46598,0.26,-0.0254,-0.65716
B0034,24C_4.0A,47,0.28114,1.48488,0.9833,25.86719,40.64496,58.28489,1.52883,0.97125,0.27,-0.01114,-0.01204
B0034,24C_4.0A,48,0.27453,1.45905,0.94591,24.87902,39.63966,57.59202,1.52883,0.95436,0.284,0.00947,0.00844
B0034,24C_4.0A,49,0.26896,1.43853,0.917,24.50768,39.1668,57.28443,1.52883,0.94094,0.296,0.02704,0.02393
B0034,24C_4.0A,50,0.26957,1.43833,0.92732,24.90488,39.82255,57.87209,1.52883,0.94081,0.286,0.01643,0.01349
B0034,24C_4.0A,51,0.27146,1.42465,0.93798,26.16829,40.67553,58.01476,1.52883,0.93186,0.264,-0.00746,-0.00613
B0034,24C_4.0A,52,0.27033,1.42034,0.9328,26.43484,40.58254,58.31205,1.52883,0.92904,0.266,-0.00433,-0.00376
B0034,24C_4.0A,53,0.26678,1.4071,0.90367,25.23773,39.68435,57.74556,1.52883,0.92038,0.286,0.01922,0.01671
B0034,24C_4.0A,54,0.26626,1.39857,0.89751,25.01536,39.47995,57.59063,1.52883,0.9148,0.288,0.02174,0.01729
B0034,24C_4.0A,55,0.26504,1.39591,0.88438,24.86229,39.48993,57.76024,1.52883,0.91306,0.3,0.03496,0.02868
B0034,24C_4.0A,56,0.26629,1.39297,0.89424,25.24712,39.85231,57.84385,1.52883,0.91113,0.286,0.01971,0.01689
B0034,24C_4.0A,57,0.26832,1.3971,0.92255,26.38592,40.87369,58.50818,1.52883,0.91384,0.258,-0.01032,-0.00871
B0034,24C_4.0A,58,0.26707,1.3896,0.90827,26.53467,40.55985,58.39805,1.52883,0.90893,0.268,0.00093,0.00066
B0034,24C_4.0A,59,0.26022,1.15223,0.86982,24.70012,38.98866,57.19672,1.52883,0.75367,0.296,0.03578,-0.11615
B0034,24C_4.0A,60,0.25992,1.36442,0.85529,24.29089,38.71511,57.09358,1.52883,0.89246,0.3,0.04008,0.03717
B0034,24C_4.0A,61,0.25877,1.35946,0.84062,24.03763,38.5115,57.05643,1.52883,0.88922,0.312,0.05323,0.0486
B0034,24C_4.0A,62,0.26484,1.38151,0.89289,25.39144,40.11248,57.99097,1.52883,0.90364,0.278,0.01316,0.01075
B0034,24C_4.0A,63,0.26357,1.36989,0.89802,26.54277,40.84013,58.16328,1.52883,0.89604,0.262,-0.00157,-0.00198
B0034,24C_4.0A,64,0.26461,1.36906,0.88997,26.32455,40.34897,58.29542,1.52883,0.8955,0.272,0.00739,0.00553
B0034,24C_4.0A,65,0.25992,1.35833,0.84995,24.53375,38.95729,57.37518,1.52883,0.88848,0.306,0.04608,0.03853
B0034,24C_4.0A,66,0.25886,1.35567,0.83542,24.16479,38.73711,57.42041,1.52883,0.88674,0.324,0.06514,0.05131
B0034,24C_4.0A,67,0.28132,1.47455,0.95692,24.86648,40.23106,57.71521,1.52883,0.9645,0.29,0.00868,0.00758
B0034,24C_4.0A,68,0.27682,1.43443,0.96024,26.21162,40.92955,58.17136,1.52883,0.93826,0.25,-0.02682,-0.02199
B0034,24C_4.0A,69,0.27297,1.41573,0.92968,25.62279,39.99371,57.75308,1.52883,0.92602,0.268,-0.00497,-0.00365
B0034,24C_4.0A,70,0.2685,1.40487,0.89104,24.45092,39.10226,57.51037,1.52883,0.91892,0.302,0.0335,0.02788
B0034,24C_4.0A,71,0.26504,0.39067,0.8727,24.01695,38.63704,56.86348,1.52883,0.25554,0.308,0.04296,-0.61716
B0034,24C_4.0A,72,0.26363,0.04359,0.85749,23.7648,38.45795,56.97608,1.52883,0.02851,0.324,0.06037,-0.82898
B0034,24C_4.0A,73,0.26866,1.39062,0.89464,25.12615,39.98853,57.957,1.52883,0.9096,0.288,0.01934,0.01496
B0034,24C_4.0A,74,0.26865,1.38232,0.90568,26.3382,40.84025,58.36639,1.52883,0.90417,0.266,-0.00265,-0.00151
B0034,24C_4.0A,75,0.2666,1.37632,0.88174,25.14868,39.64173,57.88325,1.52883,0.90025,0.292,0.0254,0.0185
B0034,24C_4.0A,76,0.2628,1.37053,0.84946,24.03743,38.82197,57.62605,1.52883,0.89646,0.314,0.0512,0.047
B0034,24C_4.0A,77,0.26009,1.1323,0.83393,23.68204,38.27602,56.80377,1.52883,0.74063,0.314,0.05391,-0.0933
B0034,24C_4.0A,78,0.26009,0.95316,0.83542,23.47644,38.30615,56.88027,1.52883,0.62346,0.336,0.07591,-0.21196
B0034,24C_4.0A,79,0.26213,1.35412,0.83772,23.74538,38.50348,57.11228,1.52883,0.88573,0.326,0.06387,0.04801
B0034,24C_4.0A,80,0.26111,1.35302,0.82319,23.34904,38.25735,57.23778,1.52883,0.88501,0.346,0.08489,0.06182
B0034,24C_4.0A,81,0.2598,0.14623,0.82507,23.58328,38.29433,56.7955,1.52883,0.09565,0.338,0.0782,-0.72942
B0034,24C_4.0A,82,0.26134,0.27921,0.8262,23.45648,38.19006,56.74357,1.52883,0.18263,0.312,0.05066,-0.64357
B0034,24C_4.0A,83,0.26243,1.34961,0.82921,23.40019,38.32674,57.18505,1.52883,0.88277,0.322,0.05957,0.05356
B0034,24C_4.0A,84,0.26328,1.34739,0.83017,23.39996,38.32611,57.13164,1.52883,0.88132,0.332,0.06872,0.05115
B0034,24C_4.0A,85,0.26193,1.33666,0.83186,23.60972,38.25045,56.68622,1.52883,0.8743,0.314,0.05207,0.04244
B0034,24C_4.0A,86,0.26328,1.34319,0.82513,23.27646,38.25522,57.14457,1.52883,0.87858,0.312,0.04872,0.05344
B0034,24C_4.0A,87,0.26442,1.34318,0.82694,23.51413,38.48279,57.28985,1.52883,0.87857,0.328,0.06358,0.05163
B0034,24C_4.0A,88,0.26183,1.33997,0.82006,23.3048,38.20831,56.90074,1.52883,0.87647,0.32,0.05817,0.05641
B0034,24C_4.0A,89,0.26297,1.33915,0.82207,23.41548,38.37963,57.12618,1.52883,0.87593,0.322,0.05903,0.05387
B0034,24C_4.0A,90,0.26299,1.3361,0.83305,23.98489,38.84789,57.09007,1.52883,0.87394,0.326,0.06301,0.04088
B0034,24C_4.0A,91,0.26563,1.33942,0.85241,24.79114,39.55794,57.5613,1.52883,0.87611,0.298,0.03237,0.0237
B0034,24C_4.0A,92,0.26561,1.33964,0.85369,25.61284,39.99599,58.12885,1.52883,0.87625,0.296,0.03039,0.02257
B0034,24C_4.0A,93,0.26274,1.34037,0.82069,23.78586,38.63711,57.35751,1.52883,0.87673,0.336,0.07326,0.05604
B0034,24C_4.0A,94,0.26263,1.33348,0.81303,23.15973,38.17459,57.07647,1.52883,0.87223,,,0.0592
B0034,24C_4.0A,95,0.26126,1.32494,0.80604,22.91454,37.84309,56.56265,1.52883,0.86664,0.346,0.08474,0.0606
B0034,24C_4.0A,96,0.26295,1.33314,0.82565,23.68495,38.78498,57.16856,1.52883,0.872,0.33,0.06705,0.04635
B0034,24C_4.0A,97,0.26658,1.34133,0.83686,24.22074,39.47059,57.90284,1.52883,0.87736,0.32,0.05342,0.0405
B0034,24C_4.0A,98,0.2677,1.3451,0.84215,24.76374,39.61654,58.11518,1.52883,0.87982,0.31,0.0423,0.03767
B0034,24C_4.0A,99,0.26357,1.33095,0.82294,23.61904,38.42382,56.98036,1.52883,0.87057,0.324,0.06043,0.04763
B0034,24C_4.0A,100,0.26202,1.32494,0.80582,23.14751,38.11462,56.67208,1.52883,0.86664,0.312,0.04998,0.06082
B0034,24C_4.0A,101,0.26358,1.32852,0.80839,23.24148,38.33392,57.04473,1.52883,0.86898,,,0.06059
B0034,24C_4.0A,102,0.26512,1.33259,0.83713,24.3655,39.42514,57.6473,1.52883,0.87164,0.312,0.04688,0.03451
B0034,24C_4.0A,103,0.26783,1.33888,0.85868,25.42968,40.31507,58.29336,1.52883,0.87576,0.29,0.02217,0.01708
B0034,24C_4.0A,104,0.26626,1.3356,0.84098,24.7597,39.53448,57.95446,1.52883,0.87361,0.31,0.04374,0.03264
B0034,24C_4.0A,105,0.26318,1.32456,0.81517,23.55537,38.37203,56.91514,1.52883,0.86639,0.322,0.05882,0.05122
B0034,24C_4.0A,106,0.26318,1.32983,0.80673,23.15733,38.31019,57.19635,1.52883,0.86984,,,0.06311
B0034,24C_4.0A,107,0.26227,1.31841,0.80864,23.32558,38.27775,56.74945,1.52883,0.86237,0.304,0.04173,0.05373
B0034,24C_4.0A,108,0.26926,1.33826,0.84919,25.49481,40.33419,58.60835,1.52883,0.87535,0.304,0.03474,0.02616
B0034,24C_4.0A,109,0.26935,1.33121,0.85873,26.14058,40.7923,58.69313,1.52883,0.87074,0.286,0.01665,0.01201
B0034,24C_4.0A,110,0.26756,1.33426,0.8422,25.23664,39.99901,58.28762,1.52883,0.87274,0.308,0.04044,0.03054
B0034,24C_4.0A,111,0.26453,1.32695,0.81563,23.82195,38.79391,57.38457,1.52883,0.86795,0.336,0.07147,0.05233
B0034,24C_4.0A,112,0.26567,1.33111,0.80766,23.39896,38.67005,57.58115,1.52883,0.87067,0.35,0.08433,0.06301
B0034,24C_4.0A,113,0.26491,1.32606,0.82228,23.55668,38.82665,57.1329,1.52883,0.86737,0.328,0.06309,0.04509
B0034,24C_4.0A,114,0.23224,1.4822,1.07507,27.19642,40.0535,61.43732,1.52883,0.9695,,,-0.10557
B0034,24C_4.0A,115,0.26841,1.33115,0.84983,25.38699,39.89751,57.73883,1.52883,0.8707,0.296,0.02759,0.02087
B0034,24C_4.0A,116,0.26804,1.32708,0.83219,24.44989,39.19724,57.38608,1.52883,0.86804,0.316,0.04796,0.03584
B0034,24C_4.0A,117,0.26639,1.31709,0.83305,24.23038,38.90699,56.89634,1.52883,0.86151,0.306,0.03961,0.02845
B0034,24C_4.0A,118,0.26758,1.32216,0.82604,24.02587,38.91493,57.23877,1.52883,0.86482,0.318,0.05042,0.03878
B0034,24C_4.0A,119,0.26605,1.31444,0.81774,23.96086,38.75337,56.92287,1.52883,0.85977,0.324,0.05795,0.04203
B0034,24C_4.0A,120,0.27007,1.33049,0.82112,23.93279,39.09185,57.6306,1.52883,0.87027,0.326,0.05593,0.04915
B0034,24C_4.0A,121,0.26741,1.32033,0.82252,23.91799,38.79791,57.01463,1.52883,0.86362,0.316,0.04859,0.0411
B0034,24C_4.0A,122,0.26877,1.31974,0.82267,23.85581,38.87343,57.17374,1.52883,0.86324,0.318,0.04923,0.04057
B0034,24C_4.0A,123,0.26712,1.31618,0.81841,23.83759,38.72429,56.96912,1.52883,0.86091,0.386,0.11888,0.0425
B0034,24C_4.0A,124,0.26715,1.31609,0.8169,23.75789,38.69393,57.10359,1.52883,0.86085,0.214,-0.05315,0.04395
B0034,24C_4.0A,125,0.26716,1.31699,0.81749,23.8621,38.83689,57.06833,1.52883,0.86144,0.214,-0.05316,0.04394
B0034,24C_4.0A,126,0.2684,1.31872,0.81957,23.9411,38.98263,57.42601,1.52883,0.86257,0.322,0.0536,0.043
B0034,24C_4.0A,127,0.26982,1.31847,0.81111,23.89159,39.05103,57.61101,1.52883,0.86241,0.348,0.07818,0.0513
B0034,24C_4.0A,128,0.26695,1.31075,0.8124,23.83458,38.79001,57.13778,1.52883,0.85735,0.336,0.06905,0.04495
B0034,24C_4.0A,129,0.26831,1.31337,0.80468,23.79536,38.89401,57.23603,1.52883,0.85907,0.342,0.07369,0.05439
B0034,24C_4.0A,130,0.26871,1.32076,0.83508,24.95062,40.17157,58.39093,1.52883,0.8639,0.308,0.03929,0.02882
B0034,24C_4.0A,131,0.27154,0.07919,0.8461,26.38308,41.03606,58.90074,1.52883,0.0518,0.292,0.02046,-0.7943
B0034,24C_4.0A,132,0.27001,1.31618,0.83771,25.80948,40.43961,58.27129,1.52883,0.86091,0.302,0.03199,0.0232
B0034,24C_4.0A,133,0.26952,1.31787,0.81981,24.61471,39.65188,58.03065,1.52883,0.86201,0.328,0.05848,0.0422
B0034,24C_4.0A,134,0.26804,1.31133,0.81099,24.08044,39.17911,57.37646,1.52883,0.85774,0.342,0.07396,0.04675
B0034,24C_4.0A,135,0.2753,1.36858,0.85559,24.68743,40.1181,58.48729,1.52883,0.89518,0.326,0.0507,0.03959
B0034,24C_4.0A,136,0.27297,1.34188,0.85568,25.76886,40.80597,58.63748,1.52883,0.87772,0.302,0.02903,0.02204
B0034,24C_4.0A,137,0.26835,1.32497,0.83592,25.0519,39.6846,57.63609,1.52883,0.86666,0.312,0.04365,0.03073
B0034,24C_4.0A,138,0.26794,1.32354,0.81789,24.42004,39.35392,57.60594,1.52883,0.86572,0.328,0.06006,0.04783
B0034,24C_4.0A,139,0.26627,1.31378,0.8095,24.14804,38.77497,56.80159,1.52883,0.85934,0.33,0.06373,0.04984
B0034,24C_4.0A,140,0.26595,1.30919,0.80609,24.02863,38.26584,56.21047,1.52883,0.85634,0.328,0.06205,0.05025
B0034,24C_4.0A,141,0.26764,1.31285,0.82793,25.64172,39.68448,57.15395,1.52883,0.85873,0.31,0.04236,0.03081
B0034,24C_4.0A,142,0.27058,0.69666,0.8397,26.33996,40.52185,58.22841,1.52883,0.45568,0.276,0.00542,-0.38401
B0034,24C_4.0A,143,0.26726,1.30369,0.82059,25.47679,39.34384,56.89654,1.52883,0.85274,0.312,0.04474,0.03215
B0034,24C_4.0A,144,0.2661,1.3013,0.80153,24.53175,38.61214,56.43024,1.52883,0.85118,0.328,0.0619,0.04964
B0034,24C_4.0A,145,0.26738,1.30429,0.80115,24.13849,38.6159,56.60428,1.52883,0.85313,0.334,0.06662,0.05197
B0034,24C_4.0A,146,0.27038,1.31744,0.813,24.57117,39.40573,57.47493,1.52883,0.86174,0.328,0.05762,0.04874
B0034,24C_4.0A,147,0.26916,1.30616,0.82436,25.76432,39.93467,57.43585,1.52883,0.85436,0.31,0.04084,0.03
B0034,24C_4.0A,148,0.27077,1.30726,0.84134,26.67561,41.55493,59.12207,1.52883,0.85507,0.29,0.01923,0.01374
B0034,24C_4.0A,149,0.27034,1.31001,0.82266,25.51461,40.30937,58.23289,1.52883,0.85688,0.318,0.04766,0.03421
B0034,24C_4.0A,150,0.26996,1.30704,0.80354,24.51823,39.63376,57.69878,1.52883,0.85493,0.348,0.07804,0.05139
B0034,24C_4.0A,151,0.27121,1.31411,0.79524,23.9911,39.39726,57.77711,1.52883,0.85955,0.36,0.08879,0.06431
B0034,24C_4.0A,152,0.26872,1.30301,0.79611,23.82348,39.05565,57.23966,1.52883,0.85229,0.336,0.06728,0.05619
B0034,24C_4.0A,153,0.27015,1.30317,0.79742,23.89491,39.19215,57.3923,1.52883,0.8524,0.338,0.06785,0.05498
B0034,24C_4.0A,154,0.27205,1.30328,0.79928,24.00219,39.32468,57.49397,1.52883,0.85247,0.348,0.07595,0.0532
B0034,24C_4.0A,155,0.2705,1.29682,0.79176,23.8325,39.02096,57.11778,1.52883,0.84825,0.212,-0.0585,0.05648
B0034,24C_4.0A,156,0.28821,1.0174,0.8982,25.45993,41.16887,59.00816,1.52883,0.66548,0.326,0.03779,-0.23273
B0034,24C_4.0A,157,0.28835,1.39455,0.89754,26.42415,41.53076,59.53807,1.52883,0.91217,0.306,0.01765,0.01463
B0034,24C_4.0A,158,0.28059,1.37452,0.87826,25.36156,40.35675,58.40788,1.52883,0.89907,0.31,0.02941,0.0208
B0034,24C_4.0A,159,0.27886,1.36994,0.85921,24.66236,39.90529,58.34389,1.52883,0.89607,0.326,0.04714,0.03686
B0034,24C_4.0A,160,0.27719,1.35954,0.84935,24.37119,39.62633,58.00882,1.52883,0.88927,0.33,0.05281,0.03992
B0034,24C_4.0A,161,0.27717,1.35942,0.8521,24.75944,40.25112,58.52326,1.52883,0.88919,0.338,0.06083,0.0371
B0034,24C_4.0A,162,0.27977,1.36432,0.86428,26.00979,41.28365,59.50838,1.52883,0.8924,0.316,0.03623,0.02812
B0034,24C_4.0A,163,0.27577,1.35013,0.84816,25.39282,40.2772,58.58185,1.52883,0.88312,0.324,0.04823,0.03495
B0034,24C_4.0A,164,0.27402,1.34186,0.82345,24.1401,39.45874,57.97581,1.52883,0.87771,,,0.05426
B0034,24C_4.0A,165,0.27539,1.34307,0.82456,23.63677,39.29136,58.057,1.52883,0.8785,0.354,0.07861,0.05393
B0034,24C_4.0A,166,0.27044,1.32792,0.80637,23.69468,39.19248,57.78193,1.52883,0.86859,0.366,0.09556,0.06221
B0034,24C_4.0A,167,0.27224,1.3351,0.82774,24.53361,39.89212,58.20714,1.52883,0.87329,0.336,0.06376,0.04555
B0034,24C_4.0A,168,0.27424,1.33358,0.83073,25.03094,40.35118,58.61341,1.52883,0.87229,0.326,0.05176,0.04156
B0034,24C_4.0A,169,0.27429,1.33114,0.82987,25.20613,40.23284,58.64477,1.52883,0.87069,0.326,0.05171,0.04083
B0034,24C_4.0A,170,0.27394,1.32866,0.8119,24.09871,39.47676,58.05107,1.52883,0.86908,,,0.05717
B0034,24C_4.0A,171,0.2744,1.33103,0.80043,23.68673,39.32484,58.29145,1.52883,0.87062,0.218,-0.0564,0.0702
B0034,24C_4.0A,172,0.27341,1.32719,0.79293,23.36261,39.06556,58.02893,1.52883,0.86811,0.384,0.11059,0.07518
B0034,24C_4.0A,173,0.27524,1.32861,0.81384,24.72189,40.25367,58.80693,1.52883,0.86904,0.354,0.07876,0.05519
B0034,24C_4.0A,174,0.27673,1.3237,0.82741,25.33609,40.60644,58.77015,1.52883,0.86583,0.232,-0.04473,0.03842
B0034,24C_4.0A,175,0.27443,1.32003,0.81823,24.99625,40.11087,58.49257,1.52883,0.86342,0.346,0.07157,0.0452
B0034,24C_4.0A,176,0.27583,1.32453,0.80775,24.08661,39.61214,58.33205,1.52883,0.86637,0.362,0.08617,0.05862
B0034,24C_4.0A,177,0.27947,1.35471,0.84098,25.56032,40.95422,59.36033,1.52883,0.88611,0.336,0.05653,0.04513
B0034,24C_4.0A,178,0.27595,1.33118,0.82018,23.91853,39.36833,57.71232,1.52883,0.87072,,,0.05055
B0034,24C_4.0A,179,0.27512,1.32013,0.8002,23.6509,39.15337,57.6331,1.52883,0.86349,0.37,0.09488,0.06329
B0034,24C_4.0A,180,0.27693,1.32141,0.80126,23.55259,39.24399,57.87687,1.52883,0.86433,,,0.06307
B0034,24C_4.0A,181,0.2754,1.31004,0.79228,23.51952,39.03574,57.47418,1.52883,0.85689,0.374,0.0986,0.06462
B0034,24C_4.0A,182,0.27904,1.31591,0.8034,23.71223,39.3626,57.69187,1.52883,0.86073,0.356,0.07696,0.05733
B0034,24C_4.0A,183,0.28051,1.32778,0.8076,23.50437,39.45159,58.23513,1.52883,0.8685,0.37,0.08949,0.06089
B0034,24C_4.0A,184,0.27765,1.31603,0.78499,23.49123,39.28023,58.15904,1.52883,0.86081,0.372,0.09435,0.07582
B0034,24C_4.0A,185,0.27588,1.30505,0.78731,23.45974,39.09399,57.66508,1.52883,0.85363,0.376,0.10012,0.06632
B0034,24C_4.0A,186,0.2774,1.30811,0.77774,23.39547,39.19232,57.95098,1.52883,0.85563,0.392,0.1146,0.07789
B0034,24C_4.0A,187,0.27569,1.29657,0.78117,23.54835,39.05035,57.50629,1.52883,0.84808,0.2,-0.07569,0.06691
B0034,24C_4.0A,188,0.27581,1.29988,0.78102,23.34918,38.99238,57.45114,1.52883,0.85025,0.204,-0.07181,0.06922
B0034,24C_4.0A,189,0.27751,1.29685,0.78088,23.30334,39.014,57.51486,1.52883,0.84827,,,0.06739
B0034,24C_4.0A,190,0.28276,1.30909,0.78135,23.33829,39.39352,58.24938,1.52883,0.85627,0.374,0.09124,0.07492
B0034,24C_4.0A,191,0.28457,1.3067,0.79399,23.28301,39.40321,57.97581,1.52883,0.85471,0.364,0.07943,0.06072
B0034,24C_4.0A,192,0.28115,1.29741,0.78361,23.33154,39.209,57.69369,1.52883,0.84863,0.38,0.09885,0.06502
B0034,24C_4.0A,193,0.28507,1.30682,0.83048,26.51176,41.703,59.71428,1.52883,0.85479,0.32,0.03493,0.02431
B0034,24C_4.0A,194,0.28503,1.30842,0.81981,26.12189,41.54043,59.59623,1.52883,0.85583,0.326,0.04097,0.03603
B0034,24C_4.0A,195,0.28468,1.3057,0.80953,25.07583,40.70765,58.94389,1.52883,0.85405,0.478,0.19332,0.04452
B0034,24C_4.0A,196,0.28787,1.30815,0.7991,24.09833,40.21143,58.68467,1.52883,0.85566,0.368,0.08013,0.05656
B0034,24C_4.0A,197,0.28615,1.30353,0.78993,23.93933,40.00467,58.63989,1.52883,0.85263,0.382,0.09585,0.0627
B0036,24C_2.0A,1,0.31763,,0.55632,23.91298,24.89207,25.25511,1.08107,,0.526,0.20837,
B0036,24C_2.0A,2,0.30438,1.09147,1.0,24.88004,25.95906,26.54707,1.08107,1.00962,0.32,0.01562,0.00962
B0036,24C_2.0A,3,0.29137,1.08107,1.00184,24.5416,25.80257,26.49584,1.08107,1.0,0.296,0.00463,-0.00184
B0036,24C_2.0A,4,0.28908,1.08752,1.00183,24.21956,25.6023,26.38387,1.08107,1.00596,0.304,0.01492,0.00414
B0036,24C_2.0A,5,0.28671,1.07419,0.99879,24.00838,25.34081,26.03851,1.08107,0.99363,0.29,0.00329,-0.00516
B0036,24C_2.0A,6,0.28792,1.07947,0.9955,23.75001,25.0667,25.52894,1.08107,0.99852,0.314,0.02608,0.00302
B0036,24C_2.0A,7,0.2891,1.07604,0.99303,23.78479,24.87901,25.4349,1.08107,0.99535,0.31,0.0209,0.00231
B0036,24C_2.0A,8,0.28892,1.07815,0.99333,23.78662,24.96218,25.49993,1.08107,0.99729,0.278,-0.01092,0.00396
B0036,24C_2.0A,9,0.2887,1.07454,0.99346,23.853,24.97177,25.53881,1.08107,0.99396,0.302,0.0133,0.0005
B0036,24C_2.0A,10,0.28813,1.07151,0.99166,23.79705,24.9049,25.42022,1.08107,0.99116,0.296,0.00787,-0.0005
B0036,24C_2.0A,11,0.28755,1.06951,0.9903,23.70858,24.82895,25.37617,1.08107,0.98931,0.298,0.01045,-0.00099
B0036,24C_2.0A,12,0.28754,1.07265,0.98994,24.00383,25.10525,25.60917,1.08107,0.99221,0.306,0.01846,0.00228
B0036,24C_2.0A,13,0.28671,1.06713,0.98905,23.89738,24.95115,25.48814,1.08107,0.9871,0.29,0.00329,-0.00195
B0036,24C_2.0A,14,0.28675,1.06611,0.98747,23.79897,24.90443,25.39251,1.08107,0.98616,0.292,0.00525,-0.00131
B0036,24C_2.0A,15,0.28622,1.0634,0.98601,23.812,24.88717,25.4519,1.08107,0.98365,0.29,0.00378,-0.00236
B0036,24C_2.0A,16,0.28593,1.06818,0.9872,24.38681,25.52721,26.00581,1.08107,0.98808,0.282,-0.00393,0.00088
B0036,24C_2.0A,17,0.28484,1.07311,0.98995,25.46478,26.40999,26.84531,1.08107,0.99263,0.3,0.01516,0.00268
B0036,24C_2.0A,18,0.28478,1.07392,0.99289,26.03182,27.24956,27.81505,1.08107,0.99338,0.29,0.00522,0.00049
B0036,24C_2.0A,19,0.28461,1.06452,0.98789,24.93149,25.79214,26.20275,1.08107,0.98468,0.288,0.00339,-0.00321
B0036,24C_2.0A,20,0.28432,1.06172,0.98325,24.44989,25.23787,25.7044,1.08107,0.9821,0.294,0.00968,-0.00115
B0036,24C_2.0A,21,0.2835,1.06043,0.98046,23.97813,24.99097,25.46084,1.08107,0.98091,0.3,0.0165,0.00045
B0036,24C_2.0A,22,0.28217,1.12037,0.98978,25.98117,32.80125,37.62544,1.08107,1.03635,0.332,0.04983,0.04657
B0036,24C_2.0A,23,0.28174,1.11203,0.99743,24.91554,31.56958,36.1436,1.08107,1.02864,0.244,-0.03774,0.03121
B0036,24C_2.0A,24,0.28022,1.1046,0.99434,24.10742,30.90999,35.62561,1.08107,1.02176,0.248,-0.03222,0.02742
B0036,24C_2.0A,25,0.27981,1.09887,0.99116,23.90438,30.76521,35.5717,1.08107,1.01646,0.25,-0.02981,0.0253
B0036,24C_2.0A,26,0.27978,1.09679,0.98891,23.94148,30.82787,35.70161,1.08107,1.01454,0.328,0.04822,0.02563
B0036,24C_2.0A,27,0.27967,1.09446,0.98582,24.13629,31.04478,35.94641,1.08107,1.01238,0.328,0.04833,0.02657
B0036,24C_2.0A,28,0.27933,1.09535,0.98656,24.66851,31.49556,36.33441,1.08107,1.01321,0.248,-0.03133,0.02665
B0036,24C_2.0A,29,0.27932,1.09268,0.98346,24.48522,31.22859,35.97981,1.08107,1.01073,0.328,0.04868,0.02727
B0036,24C_2.0A,30,0.27931,1.0877,0.98347,23.99058,30.77808,35.59541,1.08107,1.00613,0.252,-0.02731,0.02266
B0036,24C_2.0A,31,0.27931,1.08363,0.98056,23.69136,30.55842,35.45428,1.08107,1.00236,0.326,0.04669,0.02181
B0036,24C_2.0A,32,0.27911,1.08223,0.97678,23.84699,30.72558,35.64366,1.08107,1.00107,0.25,-0.02911,0.02429
B0036,24C_2.0A,33,0.27913,1.08554,0.97776,24.35424,31.23296,36.10113,1.08107,1.00413,0.328,0.04887,0.02637
B0036,24C_2.0A,34,0.27912,1.08125,0.97731,24.28565,31.07282,35.91863,1.08107,1.00016,0.252,-0.02712,0.02285
B0036,24C_2.0A,35,0.27911,1.07575,0.97473,23.83052,30.64089,35.53291,1.08107,0.99508,0.254,-0.02511,0.02035
B0036,24C_2.0A,36,0.27912,1.07353,0.97416,23.7351,30.615,35.58661,1.08107,0.99302,0.326,0.04688,0.01886
B0036,24C_2.0A,37,0.2791,1.07131,0.97158,23.74166,30.62199,35.60387,1.08107,0.99097,0.326,0.0469,0.01939
B0036,24C_2.0A,38,0.2791,1.08378,0.97775,25.41189,32.23336,37.1509,1.08107,1.00251,0.248,-0.0311,0.02476
B0036,24C_2.0A,39,0.27909,1.08357,0.97852,26.16442,32.95845,37.80882,1.08107,1.00231,0.32,0.04091,0.02379
B0036,24C_2.0A,40,0.2791,1.07345,0.97364,25.99456,32.33797,36.91706,1.08107,0.99295,0.32,0.0409,0.01931
B0036,24C_2.0A,41,0.27833,1.06835,0.96952,24.47499,31.201,36.08766,1.08107,0.98824,0.324,0.04567,0.01872
B0036,24C_2.0A,42,0.27833,1.06466,0.96642,24.01767,30.84421,35.83312,1.08107,0.98482,0.326,0.04767,0.0184
B0036,24C_2.0A,43,0.27798,1.0928,0.97201,25.41464,32.19295,37.01706,1.08107,1.01085,0.33,0.05202,0.03884
B0036,24C_2.0A,44,0.27768,1.09498,0.98002,26.40774,33.06147,37.72357,1.08107,1.01287,0.238,-0.03968,0.03285
B0036,24C_2.0A,45,0.27617,1.08824,0.97895,25.84896,32.35367,36.98325,1.08107,1.00663,0.322,0.04583,0.02768
B0036,24C_2.0A,46,0.2763,1.12027,1.10238,27.56055,34.70041,39.35954,1.08107,1.03626,,,-0.06612
B0036,24C_2.0A,47,0.27633,1.10476,0.98015,25.8847,32.42192,37.02708,1.08107,1.02191,0.328,0.05167,0.04175
B0036,24C_2.0A,48,0.27631,1.10192,0.97562,24.91211,31.60919,36.34457,1.08107,1.01929,0.236,-0.04031,0.04367
B0036,24C_2.0A,49,0.27784,1.09752,0.97572,24.56794,31.31596,36.15358,1.08107,1.01522,0.332,0.05416,0.03949
B0036,24C_2.0A,50,0.27792,1.10142,0.97814,25.07857,31.99859,37.00649,1.08107,1.01882,0.238,-0.03992,0.04068
B0036,24C_2.0A,51,0.27789,1.10087,0.97756,26.22324,32.98892,37.85687,1.08107,1.01831,0.328,0.05011,0.04075
B0036,24C_2.0A,52,0.27791,1.09788,0.97755,26.4613,32.83559,37.45006,1.08107,1.01555,0.238,-0.03991,0.03799
B0036,24C_2.0A,53,0.27789,1.09561,0.97327,25.27228,31.97864,36.77796,1.08107,1.01344,0.334,0.05611,0.04017
B0036,24C_2.0A,54,0.27833,1.09334,0.97193,25.02254,31.79589,36.64422,1.08107,1.01135,0.24,-0.03833,0.03943
B0036,24C_2.0A,55,0.27891,1.0945,0.97167,24.89907,31.80465,37.1386,1.08107,1.01242,0.336,0.05709,0.04075
B0036,24C_2.0A,56,0.2789,1.09301,0.96974,25.30698,32.18425,37.11822,1.08107,1.01104,0.334,0.0551,0.0413
B0036,24C_2.0A,57,0.27882,1.09685,0.97363,26.47983,33.27019,38.21029,1.08107,1.0146,0.332,0.05318,0.04096
B0036,24C_2.0A,58,0.27881,1.08848,0.97203,26.54319,32.91813,37.50964,1.08107,1.00685,0.33,0.05119,0.03482
B0036,24C_2.0A,59,0.27886,1.08276,0.96791,24.7614,31.48101,36.38798,1.08107,1.00156,0.246,-0.03286,0.03365
B0036,24C_2.0A,60,0.27881,1.07857,0.96256,24.30853,31.1271,36.05508,1.08107,0.99768,0.246,-0.03281,0.03513
B0036,24C_2.0A,61,0.27891,1.07483,0.96159,24.06545,30.92548,35.91913,1.08107,0.99423,0.248,-0.03091,0.03264
B0036,24C_2.0A,62,0.2793,1.08982,0.96766,25.50071,32.53817,37.59839,1.08107,1.0081,0.336,0.0567,0.04043
B0036,24C_2.0A,63,0.27926,1.08883,0.96791,26.63398,33.50829,38.47341,1.08107,1.00718,0.332,0.05274,0.03927
B0036,24C_2.0A,64,0.27928,1.07725,0.96526,26.30308,32.72224,37.37836,1.08107,0.99646,0.246,-0.03328,0.03121
B0036,24C_2.0A,65,0.27935,1.07068,0.96028,24.55199,31.33964,36.32515,1.08107,0.99039,0.336,0.05665,0.03011
B0036,24C_2.0A,66,0.27937,1.06797,0.95903,24.24578,31.09123,36.17136,1.08107,0.98788,0.338,0.05863,0.02885
B0036,24C_2.0A,67,0.28041,1.11177,0.96882,24.99263,32.07453,36.94271,1.08107,1.0284,0.342,0.06159,0.05958
B0036,24C_2.0A,68,0.2804,1.10393,0.97954,26.33518,33.16721,37.96104,1.08107,1.02114,0.328,0.0476,0.04161
B0036,24C_2.0A,69,0.28041,1.09385,0.9719,25.62927,32.14048,36.73215,1.08107,1.01182,0.332,0.05159,0.03992
B0036,24C_2.0A,70,0.2806,1.08672,0.96845,24.49907,31.2454,36.08239,1.08107,1.00522,0.336,0.0554,0.03677
B0036,24C_2.0A,71,0.28057,1.08165,0.96416,24.10679,30.94181,35.84834,1.08107,1.00053,0.338,0.05743,0.03637
B0036,24C_2.0A,72,0.28058,1.07692,0.96231,23.84736,30.72958,35.70394,1.08107,0.99616,0.34,0.05942,0.03385
B0036,24C_2.0A,73,0.28056,1.08786,0.9653,25.23466,32.24122,37.2312,1.08107,1.00628,0.242,-0.03856,0.04098
B0036,24C_2.0A,74,0.28058,1.08785,0.96786,26.40912,33.27348,38.21828,1.08107,1.00627,0.33,0.04942,0.03841
B0036,24C_2.0A,75,0.2806,1.07852,0.96234,25.18415,31.82186,36.62627,1.08107,0.99764,0.336,0.0554,0.0353
B0036,24C_2.0A,76,0.28099,1.0727,0.96046,24.06737,30.95349,36.01597,1.08107,0.99225,0.252,-0.02899,0.03179
B0036,24C_2.0A,77,0.28099,1.0651,0.95522,23.72497,30.59411,35.64215,1.08107,0.98523,0.342,0.06101,0.03001
B0036,24C_2.0A,78,0.28098,1.0656,0.95743,23.55584,30.62105,35.82142,1.08107,0.98569,0.342,0.06102,0.02826
B0036,24C_2.0A,79,0.28153,1.06258,0.9558,23.80237,30.73761,35.84687,1.08107,0.98289,0.34,0.05847,0.0271
B0036,24C_2.0A,80,0.28233,1.06139,0.95483,23.41551,30.47569,35.69484,1.08107,0.9818,0.342,0.05967,0.02697
B0036,24C_2.0A,81,0.28252,1.06003,0.95299,23.65052,30.66548,35.81968,1.08107,0.98054,0.342,0.05948,0.02755
B0036,24C_2.0A,82,0.28257,1.05326,0.95009,23.50814,30.48169,35.62973,1.08107,0.97428,0.342,0.05943,0.02419
B0036,24C_2.0A,83,0.28262,1.05392,0.94955,23.47334,30.50179,35.66197,1.08107,0.97488,0.344,0.06138,0.02533
B0036,24C_2.0A,84,0.28349,1.05237,0.95114,23.44353,30.48295,35.75184,1.08107,0.97345,0.342,0.05851,0.02231
B0036,24C_2.0A,85,0.28365,1.0505,0.94963,23.66075,30.592,35.77783,1.08107,0.97172,0.262,-0.02165,0.0221
B0036,24C_2.0A,86,0.28423,1.04737,0.94745,23.34809,30.42457,35.71372,1.08107,0.96882,0.262,-0.02223,0.02137
B0036,24C_2.0A,87,0.28425,1.04605,0.9455,23.54904,30.57065,35.72586,1.08107,0.9676,0.262,-0.02225,0.0221
B0036,24C_2.0A,88,0.28431,1.04554,0.9479,23.33448,30.46046,35.76853,1.08107,0.96713,0.342,0.05769,0.01923
B0036,24C_2.0A,89,0.28434,1.04731,0.94601,23.46008,30.54769,35.84927,1.08107,0.96877,0.344,0.05966,0.02276
B0036,24C_2.0A,90,0.28434,1.05337,0.94829,24.02523,31.18957,36.56784,1.08107,0.97438,0.342,0.05766,0.02609
B0036,24C_2.0A,91,0.28428,1.05648,0.95014,24.80543,31.89808,37.22027,1.08107,0.97725,0.34,0.05572,0.02711
B0036,24C_2.0A,92,0.28427,1.04824,0.95171,25.66219,32.32307,37.24355,1.08107,0.96963,0.262,-0.02227,0.01793
B0036,24C_2.0A,93,0.28432,1.03968,0.94683,23.8437,30.83437,36.10195,1.08107,0.96172,0.34,0.05568,0.01489
B0036,24C_2.0A,94,0.28428,1.03114,0.94024,23.22169,30.28704,35.5909,1.08107,0.95381,0.27,-0.01428,0.01358
B0036,24C_2.0A,95,0.28429,1.02531,0.93861,22.97739,30.072,35.41709,1.08107,0.94842,0.272,-0.01229,0.00982
B0036,24C_2.0A,96,0.2847,1.0396,0.9443,23.74245,31.09366,36.54229,1.08107,0.96164,0.266,-0.0187,0.01734
B0036,24C_2.0A,97,0.28416,1.04435,0.94226,24.29452,31.60762,37.06815,1.08107,0.96604,0.344,0.05984,0.02377
B0036,24C_2.0A,98,0.28403,1.04002,0.94375,24.80532,31.68783,36.82684,1.08107,0.96203,0.34,0.05597,0.01828
B0036,24C_2.0A,99,0.28403,1.02407,0.93902,23.66119,30.6413,35.92989,1.08107,0.94727,0.34,0.05597,0.00825
B0036,24C_2.0A,100,0.28404,1.01995,0.93593,23.20881,30.35776,35.78129,1.08107,0.94346,0.342,0.05796,0.00752
B0036,24C_2.0A,101,0.28543,1.02108,0.93454,23.31443,30.4676,35.83939,1.08107,0.9445,0.274,-0.01143,0.00996
B0036,24C_2.0A,102,0.28542,1.03682,0.93992,24.45069,31.69034,37.17156,1.08107,0.95907,0.266,-0.01942,0.01915
B0036,24C_2.0A,103,0.28541,1.04476,0.94302,25.50908,32.58002,37.84191,1.08107,0.96641,0.34,0.05459,0.0234
B0036,24C_2.0A,104,0.28542,1.02862,0.9403,24.79848,31.69291,36.94022,1.08107,0.95148,0.272,-0.01342,0.01118
B0036,24C_2.0A,105,0.28541,1.01282,0.93448,23.58922,30.6084,35.97985,1.08107,0.93687,0.282,-0.00341,0.00238
B0036,24C_2.0A,106,0.28544,1.01165,0.93556,23.19247,30.39965,35.91143,1.08107,0.93578,0.336,0.05056,0.00022
B0036,24C_2.0A,107,0.28577,1.01209,0.93293,23.35424,30.54732,36.02244,1.08107,0.93619,0.338,0.05223,0.00325
B0036,24C_2.0A,108,0.28578,1.03307,0.94076,25.55119,32.47852,37.65076,1.08107,0.9556,0.336,0.05022,0.01484
B0036,24C_2.0A,109,0.28573,1.03618,0.94141,26.19823,33.08511,38.27191,1.08107,0.95847,0.334,0.04827,0.01707
B0036,24C_2.0A,110,0.28363,1.02059,0.93509,25.30171,32.12056,37.26846,1.08107,0.94405,0.336,0.05237,0.00897
B0036,24C_2.0A,111,0.28364,1.00553,0.92844,23.88776,30.90916,36.23919,1.08107,0.93012,0.282,-0.00164,0.00168
B0036,24C_2.0A,112,0.28365,0.9998,0.92588,23.46091,30.5865,35.98993,1.08107,0.92482,0.34,0.05635,-0.00106
B0036,24C_2.0A,113,0.28593,1.01477,0.93176,23.65596,31.07831,36.75281,1.08107,0.93867,0.278,-0.00793,0.00691
B0036,24C_2.0A,114,0.2859,1.05473,1.35698,26.96404,33.98758,38.49715,1.08107,0.97563,,,-0.38135
B0036,24C_2.0A,115,0.2859,1.02439,0.93906,25.48502,32.26011,37.31224,1.08107,0.94757,0.324,0.0381,0.00851
B0036,24C_2.0A,116,0.28265,1.00887,0.93292,24.53622,31.4262,36.5974,1.08107,0.93321,0.282,-0.00065,0.00029
B0036,24C_2.0A,117,0.28262,1.00284,0.92896,24.31395,31.20956,36.44127,1.08107,0.92763,0.284,0.00138,-0.00133
B0036,24C_2.0A,118,0.28264,1.00125,0.92745,24.1594,31.07811,36.3267,1.08107,0.92616,0.324,0.04136,-0.00129
B0036,24C_2.0A,119,0.2831,0.99703,0.92498,24.11048,31.05361,36.29812,1.08107,0.92227,0.322,0.0389,-0.00272
B0036,24C_2.0A,120,0.28352,0.99924,0.92401,24.04037,31.06053,36.31567,1.08107,0.92431,0.326,0.04248,0.00029
B0036,24C_2.0A,121,0.28354,0.9943,0.92546,23.98777,30.97728,36.31712,1.08107,0.91974,0.318,0.03446,-0.00572
B0036,24C_2.0A,122,0.2835,0.99255,0.92135,23.93192,30.93919,36.22857,1.08107,0.91812,0.324,0.0405,-0.00324
B0036,24C_2.0A,123,0.28348,0.98808,0.923,23.91628,30.92629,36.3581,1.08107,0.91399,0.304,0.02052,-0.00901
B0036,24C_2.0A,124,0.2835,0.98493,0.92185,23.85422,30.86305,36.29901,1.08107,0.91106,0.306,0.0225,-0.01079
B0036,24C_2.0A,125,0.28354,0.9888,0.92223,23.97396,31.03802,36.42868,1.08107,0.91464,0.3,0.01646,-0.00758
B0036,24C_2.0A,126,0.2838,0.98603,0.92028,24.0445,31.04051,36.39664,1.08107,0.91208,0.304,0.0202,-0.0082
B0036,24C_2.0A,127,0.28389,0.98227,0.91654,23.93379,30.9573,36.31744,1.08107,0.90861,0.3,0.01611,-0.00794
B0036,24C_2.0A,128,0.28418,0.97985,0.91791,23.8825,30.94528,36.40597,1.08107,0.90637,0.308,0.02382,-0.01154
B0036,24C_2.0A,129,0.28454,0.97914,0.91579,23.8589,30.88891,36.28094,1.08107,0.90571,0.306,0.02146,-0.01007
B0036,24C_2.0A,130,0.28451,1.00222,0.92602,25.07718,32.32149,37.95296,1.08107,0.92706,0.322,0.03749,0.00104
B0036,24C_2.0A,131,0.28443,1.00436,0.92769,26.42733,33.2351,38.41829,1.08107,0.92904,0.282,-0.00243,0.00135
B0036,24C_2.0A,132,0.2845,0.99453,0.92489,25.91192,32.67238,37.82489,1.08107,0.91995,0.308,0.0235,-0.00494
B0036,24C_2.0A,133,0.28451,0.98273,0.91794,24.73147,31.62788,36.92206,1.08107,0.90903,0.31,0.02549,-0.00891
B0036,24C_2.0A,134,0.28467,0.97666,0.91437,24.18742,31.23409,36.61884,1.08107,0.90342,0.306,0.02133,-0.01095
B0036,24C_2.0A,135,0.28468,1.02109,0.92826,24.79736,31.95071,37.2676,1.08107,0.94452,0.334,0.04932,0.01625
B0036,24C_2.0A,136,0.2847,1.02389,0.93319,25.88632,32.94223,38.25723,1.08107,0.9471,0.328,0.0433,0.01391
B0036,24C_2.0A,137,0.28401,1.0028,0.9293,25.12685,31.94185,37.23,1.08107,0.9276,0.316,0.03199,-0.0017
B0036,24C_2.0A,138,0.28369,0.99367,0.92198,24.52013,31.44721,36.7501,1.08107,0.91915,0.288,0.00431,-0.00283
B0036,24C_2.0A,139,0.28373,0.98272,0.91943,24.2415,31.12482,36.46134,1.08107,0.90902,0.306,0.02227,-0.01041
B0036,24C_2.0A,140,0.28371,0.97026,0.91436,24.09095,30.75545,36.12158,1.08107,0.8975,0.314,0.03029,-0.01686
B0036,24C_2.0A,141,0.28369,0.98931,0.92025,25.75125,32.32491,37.62902,1.08107,0.91512,0.294,0.01031,-0.00513
B0036,24C_2.0A,142,0.28367,0.99267,0.92188,26.42829,32.95271,38.17207,1.08107,0.91823,0.294,0.01033,-0.00365
B0036,24C_2.0A,143,0.28365,0.97419,0.91393,25.55076,31.96334,37.07442,1.08107,0.90113,0.306,0.02235,-0.01279
B0036,24C_2.0A,144,0.28367,0.96256,0.91102,24.62189,31.19256,36.55596,1.08107,0.89037,0.31,0.02633,-0.02065
B0036,24C_2.0A,145,0.28368,0.95922,0.90747,24.26274,31.0119,36.35822,1.08107,0.88729,0.314,0.03032,-0.02018
B0036,24C_2.0A,146,0.2837,0.97102,0.90911,24.68691,31.59343,37.04815,1.08107,0.8982,0.312,0.0283,-0.01091
B0036,24C_2.0A,147,0.28365,0.97528,0.91465,25.81687,32.45135,37.78143,1.08107,0.90214,0.306,0.02235,-0.01251
B0036,24C_2.0A,148,0.28366,0.99524,0.91864,26.75525,33.70908,38.98412,1.08107,0.9206,0.28,-0.00366,0.00196
B0036,24C_2.0A,149,0.28405,0.97505,0.91105,25.5887,32.36287,37.65911,1.08107,0.90193,0.306,0.02195,-0.00912
B0036,24C_2.0A,150,0.28404,0.965,0.90307,24.61914,31.55894,36.92167,1.08107,0.89263,0.306,0.02196,-0.01044
B0036,24C_2.0A,151,0.28405,0.95881,0.90041,24.10245,31.13589,36.59955,1.08107,0.88691,0.31,0.02595,-0.0135
B0036,24C_2.0A,152,0.2846,0.95691,0.90213,23.95083,31.04112,36.62217,1.08107,0.88515,0.314,0.0294,-0.01698
B0036,24C_2.0A,153,0.28484,0.9548,0.89878,23.99914,31.05488,36.5909,1.08107,0.8832,0.318,0.03316,-0.01559
B0036,24C_2.0A,154,0.28543,0.95261,0.89597,24.08199,31.10834,36.59234,1.08107,0.88117,0.308,0.02257,-0.0148
B0036,24C_2.0A,155,0.28561,0.94738,0.89502,23.90261,30.94466,36.48018,1.08107,0.87634,0.314,0.02839,-0.01868
B0036,24C_2.0A,156,0.2856,1.04458,0.9256,25.52596,32.6792,38.23567,1.08107,0.96625,0.34,0.0544,0.04064
B0036,24C_2.0A,157,0.2856,1.03428,0.93555,26.48502,33.03297,37.93095,1.08107,0.95672,0.324,0.0384,0.02117
B0036,24C_2.0A,158,0.28557,1.02658,0.93202,25.44849,32.14081,37.19258,1.08107,0.94959,0.26,-0.02557,0.01757
B0036,24C_2.0A,159,0.28562,1.0219,0.92886,24.73354,31.5466,36.76201,1.08107,0.94526,0.264,-0.02162,0.0164
B0036,24C_2.0A,160,0.28562,1.01797,0.92526,24.45997,31.32211,36.54834,1.08107,0.94163,0.266,-0.01962,0.01637
B0036,24C_2.0A,161,0.28501,1.02372,0.92712,24.839,31.94448,37.37954,1.08107,0.94695,0.262,-0.02301,0.01983
B0036,24C_2.0A,162,0.28291,1.02743,0.92981,26.09029,32.95971,38.17966,1.08107,0.95038,0.33,0.04709,0.02057
B0036,24C_2.0A,163,0.28258,1.0105,0.92527,25.36692,31.94955,37.06881,1.08107,0.93472,0.326,0.04342,0.00945
B0036,24C_2.0A,164,0.28261,1.00219,0.91734,24.10256,31.01651,36.32072,1.08107,0.92703,0.272,-0.01061,0.00969
B0036,24C_2.0A,165,0.28259,0.99629,0.91404,23.71272,30.71785,36.10688,1.08107,0.92157,0.336,0.05341,0.00754
B0036,24C_2.0A,166,0.28261,0.99722,0.91189,23.74485,30.87978,36.31248,1.08107,0.92244,0.272,-0.01061,0.01055
B0036,24C_2.0A,167,0.28262,1.0036,0.91676,24.59307,31.65022,37.0755,1.08107,0.92834,0.336,0.05338,0.01158
B0036,24C_2.0A,168,0.28294,1.00391,0.91509,25.08682,32.06626,37.41488,1.08107,0.92863,0.268,-0.01494,0.01354
B0036,24C_2.0A,169,0.28323,0.99356,0.91493,25.19916,31.89595,37.0964,1.08107,0.91905,0.326,0.04277,0.00412
B0036,24C_2.0A,170,0.28341,0.9835,0.90825,24.06433,30.9855,36.36605,1.08107,0.90974,0.282,-0.00141,0.0015
B0036,24C_2.0A,171,0.28386,0.97725,0.9068,23.69221,30.7214,36.23424,1.08107,0.90396,0.332,0.04814,-0.00284
B0036,24C_2.0A,172,0.28502,0.97524,0.90496,23.39949,30.52576,36.1333,1.08107,0.90211,0.288,0.00298,-0.00285
B0036,24C_2.0A,173,0.28542,0.98915,0.90988,24.79491,31.8611,37.40632,1.08107,0.91497,0.33,0.04458,0.00509
B0036,24C_2.0A,174,0.28543,0.99007,0.90831,25.3508,32.31202,37.77077,1.08107,0.91582,0.33,0.04457,0.00751
B0036,24C_2.0A,175,0.28543,0.97764,0.90563,25.02376,31.79301,37.14813,1.08107,0.90432,0.324,0.03857,-0.00131
B0036,24C_2.0A,176,0.28545,0.96649,0.90057,24.04982,31.01748,36.5324,1.08107,0.89401,0.324,0.03855,-0.00656
B0036,24C_2.0A,177,0.28496,0.99887,0.91145,25.60507,32.52627,37.81512,1.08107,0.92396,0.27,-0.01496,0.01251
B0036,24C_2.0A,178,0.28542,0.97601,0.9024,23.9613,30.97124,36.40459,1.08107,0.90282,0.332,0.04658,0.00042
B0036,24C_2.0A,179,0.2859,0.9683,0.89924,23.69919,30.76463,36.31179,1.08107,0.89569,0.33,0.0441,-0.00355
B0036,24C_2.0A,180,0.28702,0.96314,0.89524,23.59611,30.66018,36.18055,1.08107,0.89091,0.33,0.04298,-0.00433
B0036,24C_2.0A,181,0.28729,0.95841,0.89266,23.53886,30.58667,36.10348,1.08107,0.88654,0.296,0.00871,-0.00612
B0036,24C_2.0A,182,0.28741,0.95787,0.89324,23.77839,30.83253,36.39816,1.08107,0.88604,0.324,0.03659,-0.0072
B0036,24C_2.0A,183,0.2874,0.9566,0.89298,23.54235,30.68861,36.34868,1.08107,0.88486,0.328,0.0406,-0.00812
B0036,24C_2.0A,184,0.288,0.9524,0.89213,23.51879,30.62049,36.3034,1.08107,0.88098,0.312,0.024,-0.01115
B0036,24C_2.0A,185,0.28824,0.94778,0.88933,23.47888,30.59823,36.26566,1.08107,0.87671,0.32,0.03176,-0.01262
B0036,24C_2.0A,186,0.28854,0.94399,0.88552,23.39662,30.5224,36.17314,1.08107,0.87319,0.318,0.02946,-0.01233
B0036,24C_2.0A,187,0.28898,0.94141,0.88491,23.49716,30.57201,36.20038,1.08107,0.87081,0.312,0.02302,-0.0141
B0036,24C_2.0A,188,0.28912,0.94007,0.88392,23.38451,30.52559,36.12974,1.08107,0.86957,0.316,0.02688,-0.01435
B0036,24C_2.0A,189,0.28921,0.93264,0.87987,23.33389,30.46015,36.15129,1.08107,0.8627,0.316,0.02679,-0.01717
B0036,24C_2.0A,190,0.28931,0.92898,0.87521,23.31766,30.42635,36.06504,1.08107,0.85932,0.32,0.03069,-0.01589
B0036,24C_2.0A,191,0.28934,0.92573,0.87281,23.35411,30.47793,36.12803,1.08107,0.85631,0.318,0.02866,-0.0165
B0036,24C_2.0A,192,0.28967,0.92437,0.87335,23.28005,30.47371,36.26775,1.08107,0.85505,0.322,0.03233,-0.0183
B0036,24C_2.0A,193,0.28969,0.95596,0.88667,26.39047,33.14387,38.4363,1.08107,0.88427,0.318,0.02831,-0.0024
B0036,24C_2.0A,194,0.28964,0.94958,0.88597,26.03035,32.93454,38.52064,1.08107,0.87837,0.308,0.01836,-0.0076
B0036,24C_2.0A,195,0.28969,0.93252,0.87696,25.06143,31.95402,37.48941,1.08107,0.86259,0.316,0.02631,-0.01438
B0036,24C_2.0A,196,0.28969,0.92093,0.86777,24.17487,31.19189,36.78752,1.08107,0.85186,0.318,0.02831,-0.01591
B0036,24C_2.0A,197,0.28977,0.91385,0.86564,23.9319,30.99298,36.62637,1.08107,0.84531,0.32,0.03023,-0.02033
B0038,44C_1.0A,1,0.72372,0.67739,0.84617,25.04583,38.82651,51.69378,0.20811,3.25504,,,2.40887
B0038,44C_1.0A,2,0.52949,0.44121,1.03891,26.19649,40.49652,51.13688,0.20811,2.12014,0.494,-0.03549,1.08123
B0038,44C_1.0A,3,0.50832,0.20811,1.02568,25.2277,40.30827,51.35176,0.20811,1.0,0.372,-0.13632,-0.02568
B0038,44C_1.0A,4,0.49741,0.17471,1.0,25.64011,39.93347,49.54155,0.20811,0.83951,0.504,0.00659,-0.16049
B0038,44C_1.0A,5,0.49539,0.1759,0.97492,25.75235,39.95,49.944,0.20811,0.84526,0.502,0.00661,-0.12965
B0038,44C_1.0A,6,0.49928,0.21246,0.96766,25.94174,40.03056,50.47284,0.20811,1.02092,0.496,-0.00328,0.05326
B0038,44C_1.0A,7,0.63226,0.72115,1.01618,25.58348,39.44913,49.8359,0.20811,3.46529,,,2.44911
B0038,44C_1.0A,8,0.51151,0.27976,1.00242,25.51977,40.05857,50.05822,0.20811,1.34431,0.498,-0.01351,0.34189
B0038,44C_1.0A,9,0.50547,0.22936,0.97676,25.60075,39.91607,49.70255,0.20811,1.10212,0.498,-0.00747,0.12537
B0038,44C_1.0A,10,0.51639,0.23436,0.97137,26.30349,40.27645,51.3543,0.20811,1.12614,0.508,-0.00839,0.15477
B0038,44C_1.0A,11,0.51017,0.23997,0.95542,25.84378,40.17547,50.44247,0.20811,1.15311,0.498,-0.01217,0.19769
B0038,44C_1.0A,12,0.51774,0.23179,0.95024,26.26537,40.41337,51.33206,0.20811,1.1138,0.504,-0.01374,0.16356
B0038,44C_1.0A,13,0.17165,1.0434,1.64127,29.07979,44.29688,49.52802,0.20811,5.01381,0.38,0.20835,3.37253
B0038,44C_1.0A,14,0.16876,1.05769,1.67691,45.45025,47.19545,49.28702,0.20811,5.08245,0.378,0.20924,3.40554
B0038,44C_1.0A,15,0.16902,1.05587,1.67862,45.42054,47.14607,49.17906,0.20811,5.0737,0.378,0.20898,3.39508
B0038,44C_1.0A,16,0.16926,1.0582,1.68043,45.37067,47.12764,49.18091,0.20811,5.08489,0.38,0.21074,3.40446
B0038,44C_1.0A,17,0.16926,1.05971,1.68322,45.33488,47.09919,49.05688,0.20811,5.09215,0.38,0.21074,3.40894
B0038,44C_1.0A,18,0.16839,1.06142,1.6828,45.3715,47.13321,49.13032,0.20811,5.10039,0.38,0.21161,3.41759
B0038,44C_1.0A,19,0.16001,1.07898,1.67428,45.37791,47.15436,49.23199,0.20811,5.18475,0.38,0.21999,3.51047
B0038,44C_1.0A,20,0.15746,1.08246,1.6785,45.39074,47.16342,49.16417,0.20811,5.20148,0.38,0.22254,3.52299
B0038,44C_1.0A,21,0.15707,1.0815,1.68275,45.43326,47.14214,49.04035,0.20811,5.19689,0.38,0.22293,3.51414
B0038,44C_1.0A,22,0.15707,1.08042,1.68206,45.33971,47.07812,48.97912,0.20811,5.19167,0.38,0.22293,3.50961
B0038,44C_1.0A,23,0.15705,1.0805,1.68054,45.31934,47.07326,48.97887,0.20811,5.19204,0.38,0.22295,3.5115
B0038,44C_1.0A,24,0.15723,1.07931,1.67685,45.31901,47.08147,49.04046,0.20811,5.18636,0.382,0.22477,3.50951
B0038,44C_1.0A,25,0.15752,1.08212,1.68102,45.32065,47.08762,48.95885,0.20811,5.19982,0.382,0.22448,3.5188
B0038,44C_1.0A,26,0.15728,1.07988,1.68026,45.3714,47.09423,49.01777,0.20811,5.18909,0.382,0.22472,3.50883
B0038,44C_1.0A,27,0.15728,1.07934,1.67679,45.34607,47.08319,48.99249,0.20811,5.18646,0.382,0.22472,3.50968
B0038,44C_1.0A,28,0.15756,1.07854,1.67871,45.33311,47.06402,48.94618,0.20811,5.18266,0.382,0.22444,3.50394
B0038,44C_1.0A,29,0.15762,1.07776,1.67488,45.32946,47.07143,49.02094,0.20811,5.17888,0.382,0.22438,3.504
B0038,44C_1.0A,30,0.15788,1.07976,1.67498,45.34515,47.09494,49.01418,0.20811,5.18849,0.382,0.22412,3.5135
B0038,44C_1.0A,31,0.15762,1.07901,1.67616,45.3616,47.09951,49.08755,0.20811,5.18492,0.382,0.22438,3.50876
B0038,44C_1.0A,32,0.1579,1.07728,1.67788,45.32534,47.07452,49.00031,0.20811,5.17659,0.382,0.2241,3.49871
B0038,44C_1.0A,33,0.158,1.07699,1.67566,45.36512,47.12153,49.05043,0.20811,5.17521,0.382,0.224,3.49956
B0038,44C_1.0A,34,0.15829,1.07588,1.67619,45.41869,47.1583,49.08199,0.20811,5.16987,0.382,0.22371,3.49368
B0038,44C_1.0A,35,0.15855,1.07857,1.67644,45.40775,47.16161,49.1328,0.20811,5.18279,0.382,0.22345,3.50635
B0038,44C_1.0A,36,0.15852,1.07552,1.67519,45.41689,47.15557,49.13553,0.20811,5.16812,0.384,0.22548,3.49293
B0038,44C_1.0A,37,0.15855,1.07485,1.67642,45.37303,47.13226,49.04172,0.20811,5.16489,0.384,0.22545,3.48847
B0038,44C_1.0A,38,0.15857,1.07524,1.67344,45.39909,47.13347,49.09469,0.20811,5.16679,0.384,0.22543,3.49335
B0038,44C_1.0A,39,0.15831,1.07441,1.67254,45.39781,47.17639,49.05706,0.20811,5.1628,0.384,0.22569,3.49026
B0038,44C_1.0A,40,0.32096,1.04317,1.63292,45.33454,50.15441,54.42194,0.20811,5.0127,0.57,0.24904,3.37977
B0038,44C_1.0A,41,0.32129,1.04098,1.63898,45.36603,50.19794,54.61602,0.20811,5.00215,0.57,0.24871,3.36317
B0038,44C_1.0A,42,0.32142,1.03666,1.63739,45.40187,50.18896,54.62184,0.20811,4.98138,0.57,0.24858,3.34398
B0038,44C_1.0A,43,0.32145,1.03438,1.63006,45.36086,50.17841,54.57283,0.20811,4.97042,0.57,0.24855,3.34035
B0038,44C_1.0A,44,0.32156,1.03171,1.62913,45.37975,50.18251,54.65885,0.20811,4.95761,0.572,0.25044,3.32848
B0038,44C_1.0A,45,0.3217,1.03038,1.62873,45.36945,50.17367,54.51994,0.20811,4.95123,0.572,0.2503,3.3225
B0038,44C_1.0A,46,0.64543,0.84312,1.43758,45.37893,58.41949,69.28797,0.20811,4.0514,,,2.61382
B0038,44C_1.0A,47,0.64579,0.8035,1.44173,45.41313,58.95481,69.86975,0.20811,3.86099,,,2.41926
B0039,44C_1.0A,2,0.21581,0.38986,1.00392,25.90311,34.6023,42.96184,0.37214,1.04761,0.22,0.00419,0.04369
B0039,44C_1.0A,4,0.22044,0.37607,1.01618,25.40298,34.77152,43.90627,0.37214,1.01053,0.22,-0.00044,-0.00565
B0039,44C_1.0A,5,0.21812,0.37214,1.0,25.49166,34.70956,44.01377,0.37214,1.0,0.218,-0.00012,0.0
B0039,44C_1.0A,6,0.21928,0.35718,0.99083,25.66996,34.6589,42.92203,0.37214,0.95979,0.218,-0.00128,-0.03104
B0039,44C_1.0A,7,0.26545,0.15744,0.99757,25.35869,35.44499,43.24543,0.37214,0.42305,0.22,-0.04545,-0.57452
B0039,44C_1.0A,8,0.21809,0.36144,0.9821,25.33365,34.61767,43.86578,0.37214,0.97122,0.218,-9e-05,-0.01088
B0039,44C_1.0A,9,0.21895,0.3484,0.97741,25.39641,34.65017,43.6727,0.37214,0.93619,0.216,-0.00295,-0.04122
B0039,44C_1.0A,10,0.22335,0.31795,0.9365,26.02574,34.82228,43.79137,0.37214,0.85437,0.218,-0.00535,-0.08214
B0039,44C_1.0A,11,0.22021,0.33131,0.94143,25.61382,34.67233,43.92655,0.37214,0.89027,0.216,-0.00421,-0.05116
B0039,44C_1.0A,12,0.21887,0.32031,0.87589,25.97495,34.74469,43.36144,0.37214,0.86072,0.218,-0.00087,-0.01517
B0039,44C_1.0A,13,0.15091,1.03493,3.7063,29.83967,44.00752,48.10058,0.37214,2.78098,,,-0.92532
B0039,44C_1.0A,14,0.1481,1.038,3.75585,45.22052,46.67611,48.36095,0.37214,2.78924,,,-0.96661
B0039,44C_1.0A,15,0.14788,1.03854,3.76013,45.18884,46.6383,48.20508,0.37214,2.79068,,,-0.96944
B0039,44C_1.0A,16,0.14683,1.04105,3.75819,45.15706,46.62431,48.1815,0.37214,2.79743,,,-0.96076
B0039,44C_1.0A,17,0.14641,1.04149,3.75772,45.13238,46.60182,48.22286,0.37214,2.79862,,,-0.95909
B0039,44C_1.0A,18,0.14605,1.04188,3.75581,45.16731,46.6408,48.31113,0.37214,2.79967,,,-0.95614
B0039,44C_1.0A,19,0.13243,1.06978,3.74377,45.16834,46.6527,48.31988,0.37214,2.87464,,,-0.86913
B0039,44C_1.0A,20,0.13046,1.07111,3.7602,45.17501,46.6373,48.19161,0.37214,2.87821,,,-0.88199
B0039,44C_1.0A,21,0.13023,1.0685,3.75711,45.17746,46.62385,48.22746,0.37214,2.87118,,,-0.88593
B0039,44C_1.0A,22,0.13003,1.06784,3.74997,45.14666,46.59535,48.17195,0.37214,2.86941,,,-0.88056
B0039,44C_1.0A,23,0.13,1.06663,3.74598,45.13198,46.59282,48.20205,0.37214,2.86618,,,-0.8798
B0039,44C_1.0A,24,0.1302,1.06567,3.74378,45.11984,46.59554,48.20809,0.37214,2.86359,,,-0.88019
B0039,44C_1.0A,25,0.13026,1.06854,3.74778,45.14829,46.61592,48.21695,0.37214,2.87131,,,-0.87647
B0039,44C_1.0A,26,0.13006,1.06483,3.74532,45.17808,46.61307,48.23861,0.37214,2.86133,,,-0.88399
B0039,44C_1.0A,27,0.13036,1.06372,3.73754,45.18851,46.60739,48.24095,0.37214,2.85835,,,-0.87919
B0039,44C_1.0A,28,0.13037,1.06309,3.73529,45.11967,46.59732,48.28638,0.37214,2.85665,,,-0.87864
B0039,44C_1.0A,29,0.13022,1.06289,3.73371,45.17869,46.60563,48.23634,0.37214,2.85611,,,-0.8776
B0039,44C_1.0A,30,0.13062,1.06401,3.72725,45.13946,46.62474,48.26819,0.37214,2.85913,,,-0.86812
B0039,44C_1.0A,31,0.1303,1.06233,3.72962,45.16401,46.63863,48.25893,0.37214,2.85461,,,-0.87501
B0039,44C_1.0A,32,0.13032,1.06048,3.72691,45.20464,46.62408,48.27406,0.37214,2.84964,,,-0.87727
B0039,44C_1.0A,33,0.13062,1.05815,3.7215,45.17009,46.6574,48.37743,0.37214,2.84339,,,-0.87811
B0039,44C_1.0A,34,0.13068,1.05708,3.71582,45.24998,46.69851,48.34229,0.37214,2.84051,,,-0.87531
B0039,44C_1.0A,35,0.1307,1.05947,3.71653,45.20775,46.70367,48.35206,0.37214,2.84692,,,-0.86961
B0039,44C_1.0A,36,0.13054,1.0557,3.71357,45.20675,46.69858,48.36227,0.37214,2.83681,,,-0.87677
B0039,44C_1.0A,37,0.13057,1.054,3.7096,45.19191,46.68478,48.39408,0.37214,2.83224,,,-0.87736
B0039,44C_1.0A,38,0.13071,1.05256,3.70257,45.22041,46.69163,48.40713,0.37214,2.82837,,,-0.8742
B0039,44C_1.0A,39,0.13055,1.05123,3.7002,45.36827,46.75241,48.47682,0.37214,2.82479,,,-0.87541
B0039,44C_1.0A,40,0.25662,0.97089,3.51419,45.15282,49.30086,52.90221,0.37214,2.6089,,,-0.90529
B0039,44C_1.0A,41,0.25403,0.95301,3.48725,45.18828,49.34643,53.0488,0.37214,2.56085,,,-0.9264
B0039,44C_1.0A,42,0.25309,0.9397,3.46901,45.21587,49.35236,53.01744,0.37214,2.5251,,,-0.94391
B0039,44C_1.0A,43,0.25319,0.93107,3.45229,45.17554,49.34647,53.0743,0.37214,2.50189,,,-0.9504
B0039,44C_1.0A,44,0.25287,0.92257,3.43607,45.17865,49.35565,53.15177,0.37214,2.47907,,,-0.95701
B0039,44C_1.0A,45,0.25302,0.91449,3.42043,45.26533,49.36828,53.01719,0.37214,2.45734,,,-0.96309
B0039,44C_1.0A,46,0.45299,0.06936,2.81039,45.18803,55.9739,63.94078,0.37214,0.18637,,,-2.62401
B0039,44C_1.0A,47,0.45419,0.53395,2.79183,45.21433,55.95647,64.14382,0.37214,1.43479,0.322,-0.13219,-1.35704
B0040,44C_1.0A,1,0.42295,0.15629,0.86387,24.62083,34.52085,40.6774,0.15831,0.98728,0.43,0.00705,0.12341
B0040,44C_1.0A,2,0.32001,0.13254,1.01503,25.99999,34.02923,41.12187,0.15831,0.83721,0.316,-0.00401,-0.17782
B0040,44C_1.0A,3,0.31247,0.17556,1.00897,24.88729,34.01209,41.63283,0.15831,1.10896,,,0.09999
B0040,44C_1.0A,4,0.31236,0.15831,1.0,25.43068,33.97839,41.71575,0.15831,1.0,0.312,-0.00036,0.0
B0040,44C_1.0A,5,0.30796,0.16321,0.9785,25.5768,33.83722,41.61696,0.15831,1.03099,,,0.05249
B0040,44C_1.0A,6,0.30282,0.16668,0.94986,25.76954,33.67936,40.41568,0.15831,1.05288,0.306,0.00318,0.10302
B0040,44C_1.0A,7,0.38804,0.07305,0.99847,25.4116,34.85668,41.6427,0.15831,0.46142,0.316,-0.07204,-0.53706
B0040,44C_1.0A,8,0.31538,0.11395,0.99196,25.31753,33.93438,41.66613,0.15831,0.7198,,,-0.27216
B0040,44C_1.0A,9,0.31312,0.10844,0.97354,25.42651,33.87341,41.55824,0.15831,0.685,0.306,-0.00712,-0.28854
B0040,44C_1.0A,10,0.31005,0.09212,0.95017,26.11589,33.80163,41.25451,0.15831,0.58193,0.538,0.22795,-0.36824
B0040,44C_1.0A,11,0.3116,0.0997,0.95515,25.6873,33.84121,40.05464,0.15831,0.62977,0.518,0.2064,-0.32538
B0040,44C_1.0A,12,0.30137,0.12897,0.91714,26.07991,33.68916,40.76453,0.15831,0.81466,0.522,0.22063,-0.10247
B0040,44C_1.0A,13,0.15146,1.0422,2.19028,30.40794,44.27505,47.45926,0.15831,6.58336,0.366,0.21454,4.39308
B0040,44C_1.0A,14,0.1488,1.04699,2.22025,45.24984,46.49678,47.73328,0.15831,6.61363,0.364,0.2152,4.39338
B0040,44C_1.0A,15,0.14816,1.04838,2.22274,45.22752,46.46785,47.68534,0.15831,6.62243,0.364,0.21584,4.39969
B0040,44C_1.0A,16,0.14756,1.04999,2.2214,45.19188,46.4519,47.67231,0.15831,6.63258,0.364,0.21644,4.41118
B0040,44C_1.0A,17,0.14797,1.04959,2.22442,45.17166,46.44023,47.70026,0.15831,6.63005,0.364,0.21603,4.40562
B0040,44C_1.0A,18,0.1471,1.05227,2.22358,45.19744,46.46522,47.70251,0.15831,6.64699,0.366,0.2189,4.42341
B0040,44C_1.0A,19,0.1394,1.06903,2.21182,45.19912,46.49072,47.77568,0.15831,6.75286,0.366,0.2266,4.54105
B0040,44C_1.0A,20,0.13727,1.06967,2.22156,45.20988,46.47888,47.68448,0.15831,6.75694,0.364,0.22673,4.53538
B0040,44C_1.0A,21,0.13725,1.06739,2.22344,45.21111,46.4548,47.66868,0.15831,6.74253,0.366,0.22875,4.51909
B0040,44C_1.0A,22,0.13713,1.06763,2.22191,45.16617,46.4231,47.63554,0.15831,6.74401,0.366,0.22887,4.52209
B0040,44C_1.0A,23,0.13734,1.06669,2.22359,45.14764,46.41788,47.64098,0.15831,6.7381,0.366,0.22866,4.51451
B0040,44C_1.0A,24,0.13747,1.06703,2.22217,45.1486,46.41963,47.67661,0.15831,6.74026,0.366,0.22853,4.51809
B0040,44C_1.0A,25,0.13766,1.06876,2.22402,45.17238,46.43722,47.67006,0.15831,6.75119,0.366,0.22834,4.52717
B0040,44C_1.0A,26,0.13757,1.0673,2.22292,45.18401,46.44052,47.67505,0.15831,6.74192,0.366,0.22843,4.519
B0040,44C_1.0A,27,0.13775,1.06694,2.22154,45.19093,46.43825,47.66226,0.15831,6.73967,0.366,0.22825,4.51813
B0040,44C_1.0A,28,0.13771,1.06579,2.22002,45.16946,46.4198,47.65776,0.15831,6.73237,0.366,0.22829,4.51236
B0040,44C_1.0A,29,0.1377,1.06634,2.21861,45.16319,46.41926,47.65588,0.15831,6.73588,0.368,0.2303,4.51727
B0040,44C_1.0A,30,0.13788,1.06757,2.21863,45.21095,46.44288,47.68924,0.15831,6.74366,0.368,0.23012,4.52502
B0040,44C_1.0A,31,0.13765,1.06593,2.22005,45.35262,46.45501,47.68013,0.15831,6.73326,0.368,0.23035,4.51322
B0040,44C_1.0A,32,0.13761,1.06508,2.21819,45.14347,46.429,47.69684,0.15831,6.7279,0.368,0.23039,4.50971
B0040,44C_1.0A,33,0.1379,1.06435,2.21886,45.16684,46.44608,47.68347,0.15831,6.72329,0.368,0.2301,4.50443
B0040,44C_1.0A,34,0.13779,1.06432,2.21514,45.19248,46.47728,47.72656,0.15831,6.72314,0.368,0.23021,4.508
B0040,44C_1.0A,35,0.13807,1.06577,2.21556,45.23103,46.50566,47.73364,0.15831,6.7323,0.368,0.22993,4.51674
B0040,44C_1.0A,36,0.13817,1.06279,2.21729,45.22358,46.48953,47.73354,0.15831,6.71344,0.368,0.22983,4.49615
B0040,44C_1.0A,37,0.1383,1.06151,2.21481,45.17367,46.47423,47.74133,0.15831,6.70538,0.368,0.2297,4.49057
B0040,44C_1.0A,38,0.13827,1.06219,2.2143,45.19459,46.4676,47.7374,0.15831,6.70965,0.37,0.23173,4.49535
B0040,44C_1.0A,39,0.13832,1.0615,2.21306,45.20414,46.50712,47.78008,0.15831,6.70528,0.37,0.23168,4.49222
B0040,44C_1.0A,40,0.27581,0.99253,2.13806,45.17514,48.82112,51.74026,0.15831,6.26963,0.562,0.28619,4.13157
B0040,44C_1.0A,41,0.27488,0.98317,2.138,45.18912,48.86274,51.80596,0.15831,6.21053,0.55,0.27512,4.07253
B0040,44C_1.0A,42,0.27384,0.97307,2.12719,45.2327,48.85967,51.79141,0.15831,6.1467,0.552,0.27816,4.01951
B0040,44C_1.0A,43,0.27391,0.96726,2.11692,45.19256,48.8476,51.75433,0.15831,6.10999,0.558,0.28409,3.99307
B0040,44C_1.0A,44,0.27425,0.96301,2.11566,45.1859,48.86015,51.8632,0.15831,6.08317,0.552,0.27775,3.96751
B0040,44C_1.0A,45,0.27448,0.95998,2.10614,45.18951,48.85594,51.81918,0.15831,6.06403,0.562,0.28752,3.95789
B0040,44C_1.0A,46,0.1544,0.23815,0.5462,45.19772,49.04132,53.95647,0.15831,1.50433,0.8,0.6456,0.95813
B0040,44C_1.0A,47,0.20116,0.33146,0.71447,45.2214,50.17314,55.6788,0.15831,2.09375,0.274,0.07284,1.37928
B0042,22C_2.0A,1,0.24216,1.16236,1.00028,22.91677,30.57467,36.71745,1.14222,1.01764,0.258,0.01584,0.01736
B0042,22C_2.0A,2,0.2382,1.14471,1.00187,22.54257,29.95773,35.70114,1.14222,1.00218,0.238,-0.0002,0.00031
B0042,22C_2.0A,3,0.23358,1.14222,1.0,22.2533,29.65737,35.60446,1.14222,1.0,0.214,-0.01958,0.0
B0042,22C_2.0A,4,0.23401,1.13681,0.99543,22.14576,29.58112,35.76285,1.14222,0.99526,0.214,-0.02001,-0.00017
B0042,22C_2.0A,5,0.23518,1.12942,0.99649,22.50194,29.85245,36.00768,1.14222,0.98879,0.222,-0.01318,-0.0077
B0042,22C_2.0A,7,0.2374,1.11163,0.98868,23.13561,30.13315,36.26318,1.14222,0.97321,0.222,-0.0154,-0.01546
B0042,22C_2.0A,8,0.2375,1.1073,0.98577,22.66739,29.74045,35.76231,1.14222,0.96943,0.224,-0.0135,-0.01635
B0042,22C_2.0A,9,0.2358,1.10413,0.98125,22.39744,29.50335,35.65229,1.14222,0.96665,0.228,-0.0078,-0.0146
B0042,22C_2.0A,10,0.23411,1.0999,0.98072,22.16122,29.32451,35.46408,1.14222,0.96295,0.228,-0.00611,-0.01777
B0042,22C_2.0A,11,0.23402,1.10017,0.97642,21.97681,29.22569,35.57687,1.14222,0.96318,0.228,-0.00602,-0.01323
B0042,22C_2.0A,12,0.23395,1.09236,0.97556,22.04061,29.23821,35.38826,1.14222,0.95635,0.228,-0.00595,-0.01921
B0042,22C_2.0A,13,0.23314,1.08625,0.9711,22.00467,29.20609,35.48076,1.14222,0.951,,,-0.0201
B0042,22C_2.0A,14,0.23306,1.08126,0.9686,21.99529,29.18392,35.44318,1.14222,0.94663,,,-0.02197
B0042,22C_2.0A,15,0.23309,1.07611,0.9676,21.9372,29.15371,35.53527,1.14222,0.94212,,,-0.02547
B0042,22C_2.0A,16,0.23307,1.07632,0.96977,21.83273,29.10633,35.6339,1.14222,0.9423,,,-0.02747
B0042,22C_2.0A,17,0.23307,1.06841,0.96157,21.8949,29.12674,35.59923,1.14222,0.93538,,,-0.02619
B0042,22C_2.0A,18,0.23309,1.06278,0.96091,21.91246,29.11535,35.43687,1.14222,0.93045,,,-0.03045
B0042,22C_2.0A,19,0.23308,1.05822,0.9565,21.88062,29.12273,35.61619,1.14222,0.92646,,,-0.03004
B0042,22C_2.0A,20,0.23309,1.05326,0.9547,21.92015,29.13775,35.60753,1.14222,0.92211,,,-0.03259
B0042,22C_2.0A,21,0.23308,1.07906,0.97284,22.06038,29.35748,35.78017,1.14222,0.94471,,,-0.02813
B0042,22C_2.0A,22,0.2331,1.06816,0.96633,22.90248,30.0583,36.29735,1.14222,0.93517,,,-0.03117
B0042,22C_2.0A,23,0.23309,1.05734,0.96467,23.25558,30.33555,36.77407,1.14222,0.92569,,,-0.03898
B0042,22C_2.0A,24,0.23306,1.04991,0.95872,23.13255,30.2279,36.68988,1.14222,0.91918,,,-0.03953
B0042,22C_2.0A,25,0.23301,1.04288,0.95183,22.93358,30.04069,36.47459,1.14222,0.91303,,,-0.03879
B0042,22C_2.0A,26,0.23253,1.03902,0.94849,22.75567,29.99515,36.5373,1.14222,0.90965,,,-0.03884
B0042,22C_2.0A,27,0.2302,1.03964,0.94956,23.09266,30.29955,36.91332,1.14222,0.91019,,,-0.03937
B0042,22C_2.0A,28,0.22933,1.03118,0.95084,23.57597,30.68092,37.19793,1.14222,0.90278,,,-0.04805
B0042,22C_2.0A,29,0.22907,1.02365,0.94308,23.50975,30.66344,37.30789,1.14222,0.8962,,,-0.04689
B0042,22C_2.0A,30,0.22907,1.01568,0.9396,23.25627,30.40848,36.9185,1.14222,0.88921,,,-0.05039
B0042,22C_2.0A,31,0.22907,1.00752,0.93658,22.97179,30.2394,37.04715,1.14222,0.88208,,,-0.05451
B0042,22C_2.0A,32,0.22906,1.00667,0.93699,22.75413,30.13871,37.11899,1.14222,0.88132,,,-0.05567
B0042,22C_2.0A,33,0.22935,1.0033,0.93424,23.20335,30.49092,37.20593,1.14222,0.87837,,,-0.05587
B0042,22C_2.0A,34,0.22961,0.99168,0.92997,23.33684,30.52917,37.36855,1.14222,0.86821,,,-0.06176
B0042,22C_2.0A,35,0.23021,0.98009,0.92653,22.93905,30.17962,36.95276,1.14222,0.85806,,,-0.06847
B0042,22C_2.0A,36,0.23043,0.97,0.92235,22.62976,29.9331,36.81559,1.14222,0.84922,,,-0.07313
B0042,22C_2.0A,37,0.23063,0.97469,0.92273,22.34783,29.85511,36.96423,1.14222,0.85333,,,-0.06939
B0042,22C_2.0A,38,0.23116,0.97266,0.91898,22.82886,30.25739,37.23036,1.14222,0.85155,,,-0.06743
B0042,22C_2.0A,39,0.23193,0.96884,0.91885,23.22624,30.56279,37.46832,1.14222,0.84821,,,-0.07064
B0042,22C_2.0A,40,0.232,0.95851,0.91418,23.23571,30.59004,37.65059,1.14222,0.83917,,,-0.07501
B0042,22C_2.0A,41,0.2321,0.94349,0.90589,22.89288,30.19027,37.16199,1.14222,0.82601,,,-0.07988
B0042,22C_2.0A,88,0.1114,0.61684,0.83191,4.86645,8.33615,12.07562,1.14222,0.54003,,,-0.29188
B0042,22C_2.0A,89,0.11582,0.63456,0.88217,4.39239,8.08831,11.61044,1.14222,0.55555,,,-0.32662
B0042,22C_2.0A,90,0.11689,0.64111,0.88039,5.57832,8.10864,12.41639,1.14222,0.56128,,,-0.31911
B0042,22C_2.0A,91,0.1172,0.65864,0.87692,5.84208,8.17947,12.74191,1.14222,0.57663,,,-0.30029
B0042,22C_2.0A,92,0.11748,0.61476,0.8705,3.94252,8.13332,11.81218,1.14222,0.53822,,,-0.33228
B0042,22C_2.0A,93,0.17536,0.68981,0.86802,5.9267,8.22155,12.77319,1.14222,0.60392,,,-0.26411
B0042,22C_2.0A,94,0.17583,0.68543,0.86158,4.11461,8.19603,11.71485,1.14222,0.60009,,,-0.26149
B0042,22C_2.0A,95,0.17782,0.67673,0.85695,4.85694,8.16363,11.58954,1.14222,0.59247,,,-0.26449
B0042,22C_2.0A,96,0.18039,0.65618,0.8542,3.77431,8.1823,12.22802,1.14222,0.57448,,,-0.27973
B0042,22C_2.0A,97,0.1804,0.66936,0.84841,6.11302,8.23985,12.99541,1.14222,0.58601,,,-0.2624
B0042,22C_2.0A,98,0.18039,0.65327,0.8444,6.11215,8.31438,13.0069,1.14222,0.57193,,,-0.27247
B0042,22C_2.0A,99,0.18039,0.63738,0.83652,3.92354,8.2033,13.0034,1.14222,0.55802,,,-0.2785
B0042,22C_2.0A,100,0.17911,0.68146,0.83326,5.95177,8.25238,12.80274,1.14222,0.59661,,,-0.23665
B0042,22C_2.0A,101,0.18041,0.67165,0.82687,5.8292,8.24745,12.74843,1.14222,0.58802,,,-0.23885
B0042,22C_2.0A,102,0.18121,0.6654,0.81828,5.83454,8.17936,12.45342,1.14222,0.58255,,,-0.23572
B0042,22C_2.0A,103,0.18142,0.59918,0.8191,4.99054,8.33801,12.16915,1.14222,0.52458,,,-0.29453
B0042,22C_2.0A,104,0.18158,0.65663,0.80975,5.96357,8.29333,12.72644,1.14222,0.57487,,,-0.23488
B0042,22C_2.0A,105,0.18208,0.59779,0.80774,5.21757,8.37314,12.12572,1.14222,0.52335,,,-0.28439
B0042,22C_2.0A,106,0.1821,0.58593,0.80601,4.92398,8.32904,12.1135,1.14222,0.51298,,,-0.29304
B0042,22C_2.0A,107,0.1821,0.61506,0.79508,5.78029,8.39613,12.96041,1.14222,0.53848,,,-0.2566
B0042,22C_2.0A,108,0.18502,0.58325,0.79575,4.47482,8.43692,12.42623,1.14222,0.51063,,,-0.28513
B0042,22C_2.0A,109,0.18501,0.6288,0.79109,6.27361,8.41979,13.21754,1.14222,0.55051,,,-0.24059
B0042,22C_2.0A,110,0.18503,0.61437,0.78513,6.11765,8.40981,13.04767,1.14222,0.53788,,,-0.24725
B0042,22C_2.0A,111,0.1857,0.61397,0.77821,6.08709,8.37006,13.07309,1.14222,0.53752,,,-0.24069
B0042,22C_2.0A,112,0.18571,0.60298,0.77389,6.29011,8.33428,13.2791,1.14222,0.5279,,,-0.24599
B0043,22C_2.0A,1,0.24252,1.11478,1.0192,22.75446,30.90789,36.84241,1.07966,1.03252,0.184,-0.05852,0.01332
B0043,22C_2.0A,2,0.23576,1.08911,1.00837,22.37722,30.3638,36.25113,1.07966,1.00875,0.236,0.00024,0.00038
B0043,22C_2.0A,3,0.22903,1.07966,1.0,22.12103,30.07612,36.12856,1.07966,1.0,0.224,-0.00503,0.0
B0043,22C_2.0A,4,0.22895,1.07239,0.9983,22.07958,30.05897,36.35252,1.07966,0.99327,0.228,-0.00095,-0.00503
B0043,22C_2.0A,5,0.22962,1.06367,0.99282,22.54807,30.41715,36.75257,1.07966,0.98519,0.226,-0.00362,-0.00763
B0043,22C_2.0A,7,0.23075,1.04194,0.98793,23.29599,30.61757,36.83143,1.07966,0.96506,,,-0.02287
B0043,22C_2.0A,8,0.23055,1.03546,0.98165,22.83908,30.25824,36.54736,1.07966,0.95906,,,-0.02259
B0043,22C_2.0A,9,0.2273,1.03032,0.97677,22.29504,29.93668,36.22368,1.07966,0.9543,,,-0.02247
B0043,22C_2.0A,10,0.22482,1.0219,0.97257,22.05569,29.74762,36.1696,1.07966,0.9465,,,-0.02607
B0043,22C_2.0A,11,0.2247,1.01751,0.9713,22.03234,29.69904,36.19613,1.07966,0.94244,,,-0.02886
B0043,22C_2.0A,12,0.22458,1.00828,0.96693,22.13794,29.74662,36.21757,1.07966,0.93389,,,-0.03304
B0043,22C_2.0A,13,0.22336,1.00305,0.96223,21.93065,29.64299,36.09048,1.07966,0.92904,0.316,0.09264,-0.03319
B0043,22C_2.0A,14,0.22336,0.99385,0.95966,22.07367,29.66394,36.14898,1.07966,0.92052,,,-0.03914
B0043,22C_2.0A,15,0.22251,0.98692,0.955,22.05503,29.63765,36.15796,1.07966,0.9141,0.296,0.07349,-0.0409
B0043,22C_2.0A,16,0.2217,0.98235,0.95353,21.80302,29.5936,36.16956,1.07966,0.90987,0.298,0.0763,-0.04366
B0043,22C_2.0A,17,0.22153,0.97231,0.94864,22.04129,29.63923,36.13183,1.07966,0.90056,0.304,0.08247,-0.04808
B0043,22C_2.0A,18,0.2215,0.96341,0.94429,22.23079,29.6662,36.12995,1.07966,0.89233,0.29,0.0685,-0.05196
B0043,22C_2.0A,19,0.22064,0.95866,0.93968,21.88046,29.63595,36.11538,1.07966,0.88793,0.264,0.04336,-0.05175
B0043,22C_2.0A,20,0.22116,0.95029,0.937,22.10697,29.67188,36.26027,1.07966,0.88017,,,-0.05683
B0043,22C_2.0A,21,0.21981,0.97266,0.94857,21.94019,29.99315,36.73408,1.07966,0.9009,0.316,0.09619,-0.04768
B0043,22C_2.0A,22,0.2199,0.96602,0.94548,22.79424,30.68128,37.35436,1.07966,0.89475,0.318,0.0981,-0.05073
B0043,22C_2.0A,23,0.21905,0.95432,0.94012,23.14908,30.87124,37.40944,1.07966,0.88391,0.302,0.08295,-0.05621
B0043,22C_2.0A,24,0.2189,0.94317,0.93395,23.18301,30.78,37.26366,1.07966,0.87358,0.286,0.0671,-0.06037
B0043,22C_2.0A,25,0.21962,0.9341,0.93033,22.83772,30.58148,37.27003,1.07966,0.86518,0.32,0.10038,-0.06515
B0043,22C_2.0A,26,0.21883,0.99178,0.92674,22.61463,30.54661,37.37613,1.07966,0.9186,0.204,-0.01483,-0.00814
B0043,22C_2.0A,27,0.21611,0.92433,0.92401,22.97636,30.9233,37.57568,1.07966,0.85613,0.3,0.08389,-0.06789
B0043,22C_2.0A,28,0.21502,0.91693,0.92152,23.47217,31.22588,37.80944,1.07966,0.84928,0.272,0.05698,-0.07224
B0043,22C_2.0A,29,0.21447,1.16314,0.91731,23.53524,31.1632,37.69837,1.07966,1.07732,0.328,0.11353,0.16001
B0043,22C_2.0A,30,0.21603,1.05618,0.91738,24.06645,31.13065,37.67202,1.07966,0.97825,0.268,0.05197,0.06087
B0043,22C_2.0A,31,0.21423,1.18546,0.91046,23.21352,30.83723,37.58462,1.07966,1.09799,0.236,0.02177,0.18753
B0043,22C_2.0A,32,0.21333,0.87741,0.9068,22.61071,30.64132,37.57164,1.07966,0.81267,0.326,0.11267,-0.09412
B0043,22C_2.0A,33,0.21324,0.87627,0.90377,23.05465,31.01733,37.83812,1.07966,0.81162,,,-0.09215
B0043,22C_2.0A,34,0.21327,0.86115,0.89942,23.16347,30.93897,37.76121,1.07966,0.79761,0.162,-0.05127,-0.10181
B0043,22C_2.0A,35,0.2136,0.84505,0.89201,22.77011,30.58536,37.43417,1.07966,0.7827,,,-0.10931
B0043,22C_2.0A,36,0.21427,0.83509,0.88755,22.49808,30.36482,37.31899,1.07966,0.77347,0.102,-0.11227,-0.11408
B0043,22C_2.0A,37,0.21338,0.83519,0.88768,22.19537,30.4324,37.58605,1.07966,0.77357,,,-0.11411
B0043,22C_2.0A,38,0.21438,0.83616,0.88755,22.6837,30.83184,38.06718,1.07966,0.77447,0.146,-0.06838,-0.11308
B0043,22C_2.0A,39,0.21498,0.83351,0.88332,23.07432,31.09499,38.0343,1.07966,0.77201,,,-0.11132
B0043,22C_2.0A,40,0.2149,0.82111,0.87851,23.07534,31.03847,37.88504,1.07966,0.76052,0.266,0.0511,-0.11799
B0043,22C_2.0A,41,0.21585,0.80494,0.87391,22.68503,30.65225,37.72174,1.07966,0.74555,,,-0.12836
B0043,22C_2.0A,88,0.11437,0.72479,0.90698,4.83237,7.78485,11.05916,1.07966,0.67131,,,-0.23568
B0043,22C_2.0A,89,0.11485,0.69419,0.92333,4.33262,7.67731,10.46475,1.07966,0.64297,,,-0.28036
B0043,22C_2.0A,90,0.11534,0.70584,0.9175,5.52381,7.72036,11.11782,1.07966,0.65376,,,-0.26375
B0043,22C_2.0A,91,0.11543,0.68738,0.91181,5.7663,7.79501,11.46595,1.07966,0.63666,,,-0.27515
B0043,22C_2.0A,92,0.11593,0.62121,0.90115,3.94194,7.802,10.67239,1.07966,0.57538,,,-0.32577
B0043,22C_2.0A,93,0.17701,0.7185,0.89653,5.84606,7.88542,11.55324,1.07966,0.66548,,,-0.23104
B0043,22C_2.0A,94,0.17689,0.72788,0.8859,4.12078,7.8656,10.67819,1.07966,0.67417,,,-0.21172
B0043,22C_2.0A,95,0.17733,0.71265,0.87903,4.8077,7.84091,10.67885,1.07966,0.66006,,,-0.21896
B0043,22C_2.0A,96,0.18266,0.69092,0.87423,3.75217,7.86613,11.2495,1.07966,0.63994,,,-0.23428
B0043,22C_2.0A,97,0.18225,0.66373,0.86623,6.0233,7.93933,11.63748,1.07966,0.61476,,,-0.25147
B0043,22C_2.0A,98,0.18134,0.65336,0.85994,6.01488,8.02042,11.79752,1.07966,0.60515,0.314,0.13266,-0.25479
B0043,22C_2.0A,99,0.18132,0.62151,0.85197,3.9066,7.90928,11.71732,1.07966,0.57565,,,-0.27632
B0043,22C_2.0A,100,0.17948,0.67474,0.84433,5.88276,7.97646,11.40015,1.07966,0.62496,0.286,0.10652,-0.21937
B0043,22C_2.0A,101,0.17987,0.6757,0.83335,5.71587,7.97522,11.27413,1.07966,0.62585,,,-0.2075
B0043,22C_2.0A,102,0.17976,0.66597,0.82444,5.76284,7.91928,10.93921,1.07966,0.61683,,,-0.20761
B0043,22C_2.0A,103,0.18029,0.58474,0.82316,4.91649,8.08785,11.46926,1.07966,0.5416,,,-0.28156
B0043,22C_2.0A,104,0.17977,0.64463,0.81188,5.88481,8.02259,11.0768,1.07966,0.59707,0.358,0.17823,-0.21481
B0043,22C_2.0A,105,0.18099,0.57955,0.8097,5.15944,8.12949,11.26155,1.07966,0.53679,,,-0.27291
B0043,22C_2.0A,106,0.18124,0.55714,0.80345,4.86242,8.08966,11.57697,1.07966,0.51603,0.312,0.13076,-0.28742
B0043,22C_2.0A,107,0.17971,0.59135,0.78993,5.68444,8.14444,11.16401,1.07966,0.54772,0.352,0.17229,-0.24221
B0043,22C_2.0A,108,0.18318,0.55079,0.78842,4.45025,8.23198,11.98897,1.07966,0.51015,0.312,0.12882,-0.27827
B0043,22C_2.0A,109,0.18174,0.59621,0.78162,6.20029,8.20747,11.73519,1.07966,0.55222,,,-0.2294
B0043,22C_2.0A,110,0.1822,0.58162,0.77332,6.02082,8.18931,11.29913,1.07966,0.53871,0.242,0.0598,-0.23461
B0043,22C_2.0A,111,0.18186,0.57519,0.76605,5.99514,8.13947,11.37691,1.07966,0.53275,0.286,0.10414,-0.2333
B0043,22C_2.0A,112,0.18154,0.571,0.75931,6.19204,8.11395,11.48881,1.07966,0.52887,0.234,0.05246,-0.23044
B0044,22C_2.0A,1,0.27551,1.25871,1.02003,22.89819,32.08333,37.78004,1.06784,1.17873,0.214,-0.06151,0.1587
B0044,22C_2.0A,2,0.26629,1.08684,1.00548,22.49755,31.44294,37.3792,1.06784,1.01779,0.238,-0.02829,0.01231
B0044,22C_2.0A,3,0.25719,1.06784,1.0,22.24009,31.1499,37.15908,1.06784,1.0,0.258,0.00081,0.0
B0044,22C_2.0A,4,0.25711,1.06078,0.99505,22.14947,31.12955,37.12092,1.06784,0.99338,0.268,0.01089,-0.00167
B0044,22C_2.0A,5,0.25696,1.06317,0.98927,22.52528,31.51399,37.70825,1.06784,0.99562,0.256,-0.00096,0.00635
B0044,22C_2.0A,7,0.25904,1.20296,0.9839,23.1077,31.63479,37.6496,1.06784,1.12653,0.328,0.06896,0.14263
B0044,22C_2.0A,8,0.258,1.02758,0.97736,22.67063,31.27366,37.14338,1.06784,0.96229,0.274,0.016,-0.01507
B0044,22C_2.0A,9,0.25591,1.0167,0.9723,22.36189,31.05139,37.11953,1.06784,0.9521,0.248,-0.00791,-0.0202
B0044,22C_2.0A,10,0.25384,1.0056,0.96791,22.13536,30.82532,36.82785,1.06784,0.94171,0.36,0.10616,-0.0262
B0044,22C_2.0A,11,0.25328,1.05515,0.96641,21.99728,30.77231,37.07362,1.06784,0.98811,0.364,0.11072,0.0217
B0044,22C_2.0A,12,0.25267,0.99129,0.96167,22.01348,30.77793,37.27343,1.06784,0.92831,0.366,0.11333,-0.03336
B0044,22C_2.0A,13,0.25142,0.98006,0.95659,21.9826,30.73408,36.92555,1.06784,0.91779,0.332,0.08058,-0.0388
B0044,22C_2.0A,14,0.25091,0.97142,0.95044,21.96611,30.71193,36.82542,1.06784,0.9097,0.342,0.09109,-0.04074
B0044,22C_2.0A,15,0.24989,0.96196,0.94546,21.93801,30.69222,36.86402,1.06784,0.90084,,,-0.04462
B0044,22C_2.0A,16,0.24895,0.95706,0.94392,21.82718,30.65672,36.85448,1.06784,0.89626,0.346,0.09705,-0.04766
B0044,22C_2.0A,17,0.24878,0.94375,0.93891,21.88017,30.67765,37.00807,1.06784,0.88379,0.244,-0.00478,-0.05512
B0044,22C_2.0A,18,0.24896,0.93694,0.93411,21.89721,30.6704,36.85691,1.06784,0.87741,0.17,-0.07896,-0.0567
B0044,22C_2.0A,19,0.24791,0.9281,0.92933,21.85039,30.6959,36.93398,1.06784,0.86914,0.272,0.02409,-0.06019
B0044,22C_2.0A,20,0.24837,0.92038,0.9258,21.88267,30.6936,36.96952,1.06784,0.86191,0.376,0.12763,-0.0639
B0044,22C_2.0A,21,0.24633,0.94442,0.93458,22.12957,31.33178,37.88034,1.06784,0.88441,0.124,-0.12233,-0.05017
B0044,22C_2.0A,22,0.24696,0.93652,0.93124,22.95359,32.00309,38.43381,1.06784,0.87702,0.334,0.08704,-0.05422
B0044,22C_2.0A,23,0.24591,0.92398,0.92569,23.24704,32.22913,38.62528,1.06784,0.86528,,,-0.06041
B0044,22C_2.0A,24,0.24569,0.91175,0.9193,23.13647,32.11597,38.54196,1.06784,0.85383,0.368,0.12231,-0.06548
B0044,22C_2.0A,25,0.24642,0.9009,0.91548,22.93636,31.96909,38.50118,1.06784,0.84366,0.278,0.03158,-0.07182
B0044,22C_2.0A,26,0.24526,0.89184,0.908,22.77251,31.8747,38.43384,1.06784,0.83518,,,-0.07282
B0044,22C_2.0A,27,0.24188,0.88807,0.90866,23.133,32.24329,38.70474,1.06784,0.83165,0.322,0.08012,-0.07702
B0044,22C_2.0A,28,0.24101,0.88034,0.90607,23.57637,32.62194,39.13186,1.06784,0.82441,0.3,0.05899,-0.08166
B0044,22C_2.0A,29,0.24067,1.02255,0.90157,23.50542,32.53472,39.06117,1.06784,0.95758,0.118,-0.12267,0.05601
B0044,22C_2.0A,30,0.2414,1.14819,0.89778,23.26128,32.31509,38.90091,1.06784,1.07524,0.266,0.0246,0.17746
B0044,22C_2.0A,31,0.23934,0.84471,0.89061,22.98382,32.11227,38.63755,1.06784,0.79104,0.358,0.11866,-0.09957
B0044,22C_2.0A,32,0.23826,0.88127,0.88685,22.78063,31.74434,38.14612,1.06784,0.82528,0.344,0.10574,-0.06157
B0044,22C_2.0A,33,0.23925,0.83533,0.88734,23.22002,32.11351,38.41021,1.06784,0.78226,0.058,-0.18125,-0.10508
B0044,22C_2.0A,34,0.23925,0.82222,0.88266,23.29623,32.04802,38.34288,1.06784,0.76998,0.318,0.07875,-0.11268
B0044,22C_2.0A,35,0.23944,0.8083,0.87504,22.9174,31.70802,37.97726,1.06784,0.75695,0.032,-0.20744,-0.11809
B0044,22C_2.0A,36,0.23934,0.79766,0.87037,22.60431,31.4672,37.79706,1.06784,0.74698,0.058,-0.18134,-0.12339
B0044,22C_2.0A,37,0.23861,0.79555,0.87032,22.36753,31.56045,37.93561,1.06784,0.745,0.096,-0.14261,-0.12532
B0044,22C_2.0A,38,0.24032,0.79811,0.8701,22.83007,31.88771,38.32555,1.06784,0.7474,0.064,-0.17632,-0.12269
B0044,22C_2.0A,39,0.24022,0.79446,0.8657,23.23044,32.16481,38.55611,1.06784,0.74399,0.114,-0.12622,-0.12171
B0044,22C_2.0A,40,0.24017,0.78451,0.86063,23.21624,32.13295,38.62165,1.06784,0.73466,0.106,-0.13417,-0.12597
B0044,22C_2.0A,41,0.24171,0.77108,0.85582,22.8534,31.75134,38.188,1.06784,0.72209,,,-0.13373
B0044,22C_2.0A,88,0.12838,0.61963,0.89391,5.05919,7.83159,10.17192,1.06784,0.58026,0.358,0.22962,-0.31365
B0044,22C_2.0A,89,0.12788,0.62193,0.90366,4.36285,7.73055,10.29602,1.06784,0.58242,,,-0.32125
B0044,22C_2.0A,90,0.12864,0.63281,0.89997,5.77812,7.78796,10.39642,1.06784,0.5926,0.178,0.04936,-0.30736
B0044,22C_2.0A,91,0.12831,0.64026,0.892,6.01085,7.84982,10.67512,1.06784,0.59958,,,-0.29242
B0044,22C_2.0A,92,0.12866,0.60914,0.88329,3.8115,7.86322,10.56227,1.06784,0.57044,0.138,0.00934,-0.31286
B0044,22C_2.0A,93,0.1906,0.69375,0.87842,6.07521,7.93011,10.76625,1.06784,0.64968,0.316,0.1254,-0.22874
B0044,22C_2.0A,94,0.19098,0.67511,0.8716,3.86049,7.88844,10.91113,1.06784,0.63221,0.278,0.08702,-0.23938
B0044,22C_2.0A,95,0.19108,0.66198,0.86491,4.96652,7.81804,10.81914,1.06784,0.61992,0.138,-0.05308,-0.24498
B0044,22C_2.0A,96,0.19633,0.62828,0.85517,3.44036,7.83097,11.00631,1.06784,0.58837,0.254,0.05767,-0.26681
B0044,22C_2.0A,97,0.19492,0.67048,0.84509,6.27338,7.87856,10.61468,1.06784,0.62789,,,-0.2172
B0044,22C_2.0A,98,0.19429,0.72206,0.8386,6.23567,7.96025,10.78731,1.06784,0.67619,0.16,-0.03429,-0.16241
B0044,22C_2.0A,99,0.1936,0.62239,0.83009,3.64446,7.82582,10.64615,1.06784,0.58285,0.05,-0.1436,-0.24724
B0044,22C_2.0A,100,0.19003,0.64907,0.82246,6.1194,7.87172,10.14934,1.06784,0.60783,0.244,0.05397,-0.21463
B0044,22C_2.0A,101,0.19237,0.63185,0.8157,5.94995,7.87285,10.26967,1.06784,0.5917,0.106,-0.08637,-0.22399
B0044,22C_2.0A,102,0.19183,0.61588,0.80647,6.0182,7.78767,10.51184,1.06784,0.57675,0.076,-0.11583,-0.22972
B0044,22C_2.0A,103,0.1933,0.54391,0.80971,5.10318,7.99791,11.24984,1.06784,0.50935,0.08,-0.1133,-0.30036
B0044,22C_2.0A,104,0.19058,0.5969,0.79553,6.14043,7.8819,10.47867,1.06784,0.55898,0.094,-0.09658,-0.23656
B0044,22C_2.0A,105,0.1946,0.53143,0.80015,5.40975,8.02245,11.27607,1.06784,0.49766,0.25,0.0554,-0.30248
B0044,22C_2.0A,106,0.19341,0.53868,0.79152,5.11857,7.97792,11.18488,1.06784,0.50446,0.266,0.07259,-0.28706
B0044,22C_2.0A,107,0.19165,0.54856,0.78006,5.93823,8.01677,10.57285,1.06784,0.5137,0.23,0.03835,-0.26635
B0044,22C_2.0A,108,0.19654,0.82353,0.78058,4.18198,8.10436,11.28642,1.06784,0.77121,0.01,-0.18654,-0.00938
B0044,22C_2.0A,109,0.19434,0.58136,0.77126,6.41369,8.02137,10.53201,1.06784,0.54442,,,-0.22684
B0044,22C_2.0A,110,0.19468,0.55951,0.76727,6.2281,8.01294,10.49677,1.06784,0.52397,0.25,0.05532,-0.24331
B0044,22C_2.0A,111,0.19397,0.55832,0.75999,6.22815,7.9442,10.21937,1.06784,0.52285,0.316,0.12203,-0.23715
B0044,22C_2.0A,112,0.19383,0.55909,0.75519,6.38571,7.90489,10.30759,1.06784,0.52357,-0.002,-0.19583,-0.23162
B0045,4C_1.0A,1,0.16704,0.33721,1.22231,6.54613,9.48522,15.71039,0.29419,1.14625,0.2,0.03296,-0.07606
B0045,4C_1.0A,2,0.15996,0.29419,1.0483,5.66173,9.41249,16.32788,0.29419,1.0,0.38,0.22004,-0.0483
B0045,4C_1.0A,3,0.14704,0.28701,1.0,6.42199,9.14441,16.19045,0.29419,0.9756,0.224,0.07696,-0.0244
B0045,4C_1.0A,4,0.14575,0.34679,0.96939,4.77782,9.07418,16.44565,0.29419,1.17879,0.556,0.41025,0.2094
B0045,4C_1.0A,5,0.14499,0.24185,0.95,5.04727,9.0637,16.65282,0.29419,0.82209,0.54,0.39501,-0.12791
B0045,4C_1.0A,6,0.1431,0.21388,0.93149,5.28867,9.07658,16.62605,0.29419,0.72703,0.542,0.3989,-0.20446
B0045,4C_1.0A,7,0.13995,0.22516,0.89652,4.61134,9.26502,16.23169,0.29419,0.76536,0.172,0.03205,-0.13116
B0045,4C_1.0A,8,0.14228,0.71076,0.92451,5.51385,9.33935,16.18567,0.29419,2.41603,0.372,0.22972,1.49152
B0045,4C_1.0A,9,0.14129,0.24603,0.90123,5.12801,9.30863,16.52621,0.29419,0.83632,0.194,0.05271,-0.06491
B0045,4C_1.0A,10,0.13978,0.20687,0.90305,5.89981,9.25415,15.19641,0.29419,0.70319,0.52,0.38022,-0.19987
B0045,4C_1.0A,11,0.13897,0.2327,0.87925,5.09316,9.29175,16.35444,0.29419,0.791,0.58,0.44103,-0.08825
B0045,4C_1.0A,12,0.13888,0.74479,0.88159,5.86314,9.31045,15.57016,0.29419,2.53169,-0.05,-0.18888,1.6501
B0045,4C_1.0A,13,0.1399,0.19803,0.87134,5.79096,9.29775,16.4819,0.29419,0.67313,0.272,0.1321,-0.19821
B0045,4C_1.0A,14,0.14215,0.24776,0.89842,4.85553,9.24563,16.68636,0.29419,0.8422,0.568,0.42585,-0.05623
B0045,4C_1.0A,15,0.14077,0.23876,0.88389,5.01541,9.21861,16.52732,0.29419,0.8116,0.57,0.42923,-0.07228
B0045,4C_1.0A,16,0.1404,0.23094,0.86415,4.87525,9.19413,16.32508,0.29419,0.78502,0.174,0.0336,-0.07914
B0045,4C_1.0A,17,0.13909,0.22339,0.85234,5.56535,9.18827,16.1878,0.29419,0.75933,0.59,0.45091,-0.09301
B0045,4C_1.0A,18,0.13909,0.48701,0.84773,5.09391,9.21191,16.54869,0.29419,1.65545,0.48,0.34091,0.80772
B0045,4C_1.0A,19,0.13823,0.77585,0.8368,5.72151,9.15686,15.89339,0.29419,2.63727,0.54,0.40177,1.80048
B0045,4C_1.0A,21,0.13459,0.21071,0.82564,4.96097,9.10454,16.27356,0.29419,0.71626,0.714,0.57941,-0.10938
B0045,4C_1.0A,22,0.13913,0.18357,0.82324,5.76729,9.19624,16.57769,0.29419,0.62399,0.538,0.39887,-0.19925
B0045,4C_1.0A,23,0.13981,0.19541,0.80898,5.4536,9.22429,16.45193,0.29419,0.66424,0.568,0.42819,-0.14474
B0045,4C_1.0A,24,0.14026,0.75511,0.80538,5.48371,9.23929,16.6604,0.29419,2.56678,0.564,0.42374,1.76139
B0045,4C_1.0A,25,0.14075,0.20015,0.80683,5.33531,9.22051,16.19278,0.29419,0.68036,0.586,0.44525,-0.12647
B0045,4C_1.0A,26,0.13998,0.18201,0.81232,6.10078,9.14059,14.74286,0.29419,0.61867,0.454,0.31402,-0.19364
B0045,4C_1.0A,27,0.14065,0.18623,0.81044,6.40197,9.05273,14.69352,0.29419,0.63302,0.518,0.37735,-0.17742
B0045,4C_1.0A,28,0.14191,0.19686,0.79881,4.70001,9.31152,15.86984,0.29419,0.66916,0.614,0.47209,-0.12965
B0045,4C_1.0A,29,0.14072,0.17342,0.79478,6.28505,9.16785,14.82966,0.29419,0.58951,0.538,0.39728,-0.20527
B0045,4C_1.0A,30,0.14392,0.19874,0.78413,5.18734,9.28785,15.90646,0.29419,0.67557,0.616,0.47208,-0.10856
B0045,4C_1.0A,31,0.14483,0.18005,0.78108,5.5929,9.32218,16.35377,0.29419,0.61201,0.568,0.42317,-0.16907
B0045,4C_1.0A,32,0.14476,0.17314,0.78757,6.12655,9.28968,15.07653,0.29419,0.58853,0.534,0.38924,-0.19905
B0045,4C_1.0A,33,0.14529,0.19463,0.77186,5.28797,9.36591,16.04585,0.29419,0.66159,0.616,0.47071,-0.11027
B0045,4C_1.0A,34,0.14244,0.16094,0.77068,4.94209,9.32802,16.24823,0.29419,0.54707,0.644,0.50156,-0.22361
B0045,4C_1.0A,35,0.14539,0.19324,0.8235,6.28284,9.37311,15.76188,0.29419,0.65687,0.536,0.39061,-0.16663
B0045,4C_1.0A,36,0.14709,0.1793,0.80653,6.01694,9.30684,16.34939,0.29419,0.60946,0.346,0.19891,-0.19706
B0045,4C_1.0A,37,0.14716,0.19283,0.78601,5.38263,9.33953,16.22246,0.29419,0.65546,0.03,-0.11716,-0.13056
B0045,4C_1.0A,38,0.14605,0.18124,0.79286,6.34927,9.13275,14.78002,0.29419,0.61608,0.3,0.15395,-0.17677
B0045,4C_1.0A,39,0.14696,0.17197,0.78082,5.82328,9.34385,16.35715,0.29419,0.58455,0.546,0.39904,-0.19628
B0045,4C_1.0A,40,0.14306,0.17813,0.77308,6.43407,9.25758,15.30401,0.29419,0.60549,0.544,0.40094,-0.16759
B0045,4C_1.0A,41,0.14678,0.27474,0.76157,5.60977,9.38425,16.29806,0.29419,0.93391,0.472,0.32522,0.17233
B0045,4C_1.0A,42,0.14224,0.18078,0.75352,5.02362,9.14498,15.08823,0.29419,0.6145,0.626,0.48376,-0.13902
B0045,4C_1.0A,43,0.14762,0.18221,0.76866,5.12909,9.26257,15.20178,0.29419,0.61937,0.528,0.38038,-0.14928
B0045,4C_1.0A,44,0.14823,0.18773,0.74762,5.14526,9.40011,15.82051,0.29419,0.63814,0.304,0.15577,-0.10948
B0045,4C_1.0A,45,0.14786,0.15766,0.74822,6.33418,9.41933,15.58071,0.29419,0.53592,0.544,0.39614,-0.21229
B0045,4C_1.0A,46,0.14904,0.17777,0.75456,4.74573,9.20783,14.52503,0.29419,0.60428,0.506,0.35696,-0.15029
B0045,4C_1.0A,47,0.15066,0.37055,0.73306,5.77584,9.47897,16.25635,0.29419,1.25956,0.596,0.44534,0.5265
B0045,4C_1.0A,48,0.15035,0.30686,0.73471,5.39285,9.37536,15.91652,0.29419,1.04309,0.636,0.48565,0.30838
B0045,4C_1.0A,49,0.15172,0.17883,0.74245,4.98892,9.34898,15.3227,0.29419,0.60789,-0.008,-0.15972,-0.13456
B0045,4C_1.0A,50,0.15322,0.15978,0.71888,5.7302,9.53983,16.43547,0.29419,0.54312,0.602,0.44878,-0.17576
B0045,4C_1.0A,51,0.15425,0.36586,0.73842,6.33052,9.43688,14.75287,0.29419,1.24364,0.536,0.38175,0.50522
B0045,4C_1.0A,52,0.15582,0.4641,0.72204,6.26739,9.48793,16.57328,0.29419,1.57758,0.552,0.39618,0.85555
B0045,4C_1.0A,53,0.15409,0.1747,0.73229,4.82031,9.30031,14.52844,0.29419,0.59386,0.51,0.35591,-0.13844
B0045,4C_1.0A,54,0.18713,0.17459,0.71035,5.55584,10.07602,15.82829,0.29419,0.59346,0.642,0.45487,-0.11689
B0045,4C_1.0A,55,0.14401,0.13027,0.72081,4.5379,9.25484,15.05094,0.29419,0.44281,0.56,0.41599,-0.278
B0045,4C_1.0A,56,0.15329,0.18055,0.7405,5.49518,9.58412,16.87889,0.29419,0.61371,0.614,0.46071,-0.12679
B0045,4C_1.0A,57,0.15373,0.16529,0.7326,5.7879,9.56691,16.75287,0.29419,0.56185,0.738,0.58427,-0.17075
B0045,4C_1.0A,58,0.15249,0.15913,0.72911,6.01816,9.48625,16.63073,0.29419,0.54092,0.572,0.41951,-0.18819
B0045,4C_1.0A,59,0.15042,0.16328,0.72606,5.90109,9.49294,15.27071,0.29419,0.55503,0.556,0.40558,-0.17103
B0045,4C_1.0A,60,0.15189,0.17409,0.71763,5.63306,9.62129,16.43807,0.29419,0.59177,0.588,0.43611,-0.12587
B0045,4C_1.0A,61,0.14565,0.13264,0.69553,6.39769,9.48081,15.65991,0.29419,0.45085,0.58,0.43435,-0.24467
B0045,4C_1.0A,62,0.14466,0.14372,0.69712,6.08154,9.44895,15.26572,0.29419,0.48854,0.578,0.43334,-0.20858
B0045,4C_1.0A,63,0.15035,0.33363,0.72687,6.00991,9.52266,15.45995,0.29419,1.13407,0.548,0.39765,0.4072
B0045,4C_1.0A,64,0.1529,0.16465,0.70924,5.72271,9.5701,16.47272,0.29419,0.55968,0.58,0.4271,-0.14956
B0045,4C_1.0A,65,0.15016,0.1538,0.71059,6.16984,9.48857,15.32195,0.29419,0.5228,0.546,0.39584,-0.18779
B0045,4C_1.0A,67,0.13991,0.13018,0.70791,6.1244,9.3782,15.46919,0.29419,0.4425,0.584,0.44409,-0.26541
B0045,4C_1.0A,68,0.1478,0.16248,0.73383,6.46531,9.49518,15.90916,0.29419,0.5523,0.54,0.3922,-0.18153
B0045,4C_1.0A,69,0.14839,0.17181,0.71594,5.70821,9.47491,16.12831,0.29419,0.58401,0.584,0.43561,-0.13193
B0045,4C_1.0A,70,0.1461,0.16452,0.71155,6.37529,9.41164,15.80329,0.29419,0.55925,0.536,0.3899,-0.1523
B0045,4C_1.0A,71,0.14772,0.18065,0.6985,6.18958,9.47683,15.46351,0.29419,0.61408,0.546,0.39828,-0.08442
B0045,4C_1.0A,72,0.14755,0.62074,0.68567,5.44733,9.49822,16.26953,0.29419,2.11,0.624,0.47645,1.42434
B0046,4C_1.0A,1,0.20206,0.79279,1.14977,6.39846,9.03589,13.88008,0.70991,1.11674,0.278,0.07594,-0.03302
B0046,4C_1.0A,2,0.1909,0.74641,1.00867,5.60507,8.87211,12.94153,0.70991,1.05141,0.156,-0.0349,0.04275
B0046,4C_1.0A,3,0.17976,0.70991,1.0,6.32354,8.62845,13.35969,0.70991,1.0,0.18,0.00024,0.0
B0046,4C_1.0A,4,0.18051,0.70765,0.98852,4.78451,8.63136,12.68391,0.70991,0.99681,0.174,-0.00651,0.00829
B0046,4C_1.0A,5,0.18032,0.70549,0.9776,5.05987,8.67697,13.0654,0.70991,0.99377,0.272,0.09168,0.01617
B0046,4C_1.0A,6,0.18083,0.70359,0.97062,5.28662,8.71476,12.80248,0.70991,0.9911,0.278,0.09717,0.02048
B0046,4C_1.0A,7,0.18126,0.70596,0.96844,4.54071,8.94152,13.58555,0.70991,0.99443,0.16,-0.02126,0.02599
B0046,4C_1.0A,8,0.1808,0.70102,0.96881,5.4992,8.95681,13.94301,0.70991,0.98747,0.268,0.0872,0.01866
B0046,4C_1.0A,9,0.18112,0.66685,0.96071,5.06788,8.85708,13.13417,0.70991,0.93934,0.208,0.02688,-0.02137
B0046,4C_1.0A,10,0.1807,0.68801,0.95022,5.84398,8.95119,14.08695,0.70991,0.96915,0.23,0.0493,0.01893
B0046,4C_1.0A,11,0.18109,0.65375,0.94469,5.01793,8.96616,13.31472,0.70991,0.92089,0.232,0.05091,-0.02381
B0046,4C_1.0A,12,0.1803,0.67114,0.93427,5.80318,8.97293,14.17329,0.70991,0.94538,0.174,-0.0063,0.01111
B0046,4C_1.0A,13,0.18111,0.70171,0.94699,5.65437,9.0328,13.95935,0.70991,0.98844,0.33,0.14889,0.04145
B0046,4C_1.0A,14,0.18124,0.67134,0.95401,4.75769,8.86661,13.5232,0.70991,0.94566,0.288,0.10676,-0.00835
B0046,4C_1.0A,15,0.18142,0.65636,0.94371,4.94879,8.91722,13.75023,0.70991,0.92457,0.206,0.02458,-0.01915
B0046,4C_1.0A,16,0.18202,0.63927,0.93514,4.8396,8.92396,13.40097,0.70991,0.90049,0.274,0.09198,-0.03465
B0046,4C_1.0A,17,0.18204,0.62618,0.92409,5.48551,8.99132,13.64871,0.70991,0.88205,0.28,0.09796,-0.04204
B0046,4C_1.0A,18,0.18207,0.62692,0.91299,5.0877,9.01672,13.95982,0.70991,0.8831,0.26,0.07793,-0.02989
B0046,4C_1.0A,19,0.18218,0.63214,0.90583,5.66148,8.99959,14.34964,0.70991,0.89044,0.248,0.06582,-0.01539
B0046,4C_1.0A,21,0.18231,0.59674,0.93807,5.0202,9.07358,13.72001,0.70991,0.84058,0.278,0.09569,-0.09749
B0046,4C_1.0A,22,0.18239,0.60766,0.89119,5.74288,9.0357,14.21458,0.70991,0.85596,0.248,0.06561,-0.03524
B0046,4C_1.0A,23,0.18455,0.58087,0.88426,5.44013,9.04285,13.72062,0.70991,0.81823,0.278,0.09345,-0.06603
B0046,4C_1.0A,24,0.18527,0.59112,0.87695,5.4507,9.10348,14.30705,0.70991,0.83267,0.222,0.03673,-0.04428
B0046,4C_1.0A,25,0.18526,0.57135,0.87313,5.30618,9.08627,13.73207,0.70991,0.80481,0.28,0.09474,-0.06832
B0046,4C_1.0A,26,0.18551,0.5978,0.86442,6.04202,9.11349,14.55015,0.70991,0.84207,0.196,0.01049,-0.02234
B0046,4C_1.0A,27,0.1855,0.59337,0.85672,6.33606,8.97748,14.43703,0.70991,0.83583,0.196,0.0105,-0.02089
B0046,4C_1.0A,28,0.18629,0.55899,0.8559,4.68278,9.20552,14.364,0.70991,0.7874,,,-0.06851
B0046,4C_1.0A,29,0.18749,0.58614,0.84621,6.20593,9.14555,14.69335,0.70991,0.82565,0.204,0.01651,-0.02057
B0046,4C_1.0A,30,0.18839,0.5324,0.84587,5.17381,9.11135,14.05802,0.70991,0.74995,,,-0.09592
B0046,4C_1.0A,31,0.18883,0.5261,0.83928,5.58048,9.16382,13.77915,0.70991,0.74108,0.274,0.08517,-0.09821
B0046,4C_1.0A,32,0.18883,0.55282,0.82636,6.07125,9.16533,14.38374,0.70991,0.77871,0.23,0.04117,-0.04765
B0046,4C_1.0A,33,0.18988,0.51629,0.82512,5.2807,9.17975,14.5895,0.70991,0.72726,,,-0.09786
B0046,4C_1.0A,34,0.19154,0.60365,0.85496,4.88774,9.27416,13.89115,0.70991,0.85031,0.198,0.00646,-0.00465
B0046,4C_1.0A,35,0.19152,0.59671,0.86775,6.19984,9.27198,14.6731,0.70991,0.84054,,,-0.02721
B0046,4C_1.0A,36,0.19151,0.57676,0.85014,5.96093,9.03398,13.89697,0.70991,0.81243,0.22,0.02849,-0.03771
B0046,4C_1.0A,37,0.193,0.53793,0.84647,5.37146,9.17212,13.90854,0.70991,0.75774,,,-0.08873
B0046,4C_1.0A,38,0.193,0.57465,0.83013,6.29088,9.09337,14.61756,0.70991,0.80946,0.204,0.011,-0.02067
B0046,4C_1.0A,39,0.19277,0.53512,0.82179,5.79453,9.11993,14.28812,0.70991,0.75378,0.266,0.07323,-0.06801
B0046,4C_1.0A,40,0.19274,0.55679,0.8178,6.37255,9.18535,14.87587,0.70991,0.78431,,,-0.03349
B0046,4C_1.0A,41,0.19273,0.50213,0.81423,5.61552,9.15697,13.88018,0.70991,0.70731,,,-0.10692
B0046,4C_1.0A,42,0.1927,0.52746,0.80195,5.00021,9.08775,14.63196,0.70991,0.74299,,,-0.05895
B0046,4C_1.0A,43,0.19433,0.53703,0.79553,5.10366,9.18446,14.76816,0.70991,0.75647,,,-0.03906
B0046,4C_1.0A,44,0.19436,0.5046,0.79173,5.14953,9.21505,15.03794,0.70991,0.71079,,,-0.08094
B0046,4C_1.0A,45,0.19434,0.51195,0.7845,6.26481,9.18533,14.29014,0.70991,0.72115,0.244,0.04966,-0.06336
B0046,4C_1.0A,46,0.19513,0.51314,0.77805,4.72676,9.04666,13.99645,0.70991,0.72282,0.238,0.04287,-0.05523
B0046,4C_1.0A,47,0.19581,0.46893,0.77687,5.76108,9.26196,14.93508,0.70991,0.66055,,,-0.11632
B0046,4C_1.0A,48,0.19748,0.49285,0.77035,5.39469,9.25299,14.99165,0.70991,0.69425,,,-0.0761
B0046,4C_1.0A,49,0.20028,0.50917,0.76506,5.00165,9.26311,14.81185,0.70991,0.71722,,,-0.04784
B0046,4C_1.0A,50,0.20117,0.46338,0.76526,5.67909,9.33113,14.24756,0.70991,0.65273,,,-0.11254
B0046,4C_1.0A,51,0.20114,0.48997,0.75506,6.27283,9.26682,14.33224,0.70991,0.69018,0.258,0.05686,-0.06488
B0046,4C_1.0A,52,0.20118,0.46499,0.75716,6.22388,9.20992,14.27687,0.70991,0.655,,,-0.10216
B0046,4C_1.0A,53,0.20122,0.48401,0.74759,4.84806,9.17214,13.77731,0.70991,0.68179,,,-0.0658
B0046,4C_1.0A,55,0.20157,0.5788,0.80773,4.43808,9.25835,14.96166,0.70991,0.81532,0.198,-0.00357,0.00758
B0046,4C_1.0A,56,0.20121,0.50236,0.80629,5.47808,9.31163,14.62212,0.70991,0.70763,,,-0.09866
B0046,4C_1.0A,57,0.2012,0.48773,0.79643,5.76628,9.3065,14.18116,0.70991,0.68703,,,-0.10939
B0046,4C_1.0A,58,0.20028,0.49091,0.78656,6.00476,9.36188,13.98928,0.70991,0.6915,,,-0.09505
B0046,4C_1.0A,59,0.20025,0.49682,0.77474,5.91503,9.56598,15.0426,0.70991,0.69984,,,-0.07491
B0046,4C_1.0A,60,0.20029,0.48685,0.76744,5.677,9.61325,15.02742,0.70991,0.68579,,,-0.08165
B0046,4C_1.0A,61,0.20021,0.52694,0.77186,6.29933,9.65971,14.5774,0.70991,0.74225,0.266,0.06579,-0.02961
B0046,4C_1.0A,62,0.19992,0.50713,0.77916,6.04375,9.66007,15.36588,0.70991,0.71436,0.242,0.04208,-0.0648
B0046,4C_1.0A,63,0.19995,0.49673,0.76929,5.99588,9.61073,15.29268,0.70991,0.6997,,,-0.06959
B0046,4C_1.0A,64,0.19993,0.47357,0.75914,5.72345,9.50961,14.6989,0.70991,0.66708,,,-0.09206
B0046,4C_1.0A,65,0.19991,0.48603,0.75525,6.14497,9.55377,15.06679,0.70991,0.68463,,,-0.07063
B0046,4C_1.0A,67,0.19985,0.56214,0.83366,6.07639,9.68933,14.88444,0.70991,0.79184,0.242,0.04215,-0.04181
B0046,4C_1.0A,68,0.19969,0.54113,0.8017,6.43201,9.54652,14.45439,0.70991,0.76224,,,-0.03945
B0046,4C_1.0A,69,0.19981,0.5046,0.79248,5.73123,9.48611,14.17294,0.70991,0.71079,,,-0.08169
B0046,4C_1.0A,70,0.19978,0.51123,0.78147,6.37369,9.52899,14.79784,0.70991,0.72013,,,-0.06133
B0046,4C_1.0A,71,0.19972,0.49869,0.76876,6.17679,9.51983,14.86815,0.70991,0.70246,,,-0.0663
B0046,4C_1.0A,72,0.19973,0.47897,0.76761,5.51249,9.50863,14.05163,0.70991,0.67468,,,-0.09292
B0047,4C_1.0A,1,0.19976,0.78085,1.11023,6.2127,8.27242,12.37682,0.74134,1.05329,0.292,0.09224,-0.05694
B0047,4C_1.0A,2,0.19551,0.79152,1.0108,5.45496,8.21072,11.3149,0.74134,1.06769,0.28,0.08449,0.05689
B0047,4C_1.0A,3,0.18464,0.74134,1.0,6.14525,7.95446,11.62453,0.74134,1.0,0.286,0.10136,0.0
B0047,4C_1.0A,4,0.18452,0.73174,0.98374,4.55327,7.98586,11.09292,0.74134,0.98706,0.284,0.09948,0.00331
B0047,4C_1.0A,5,0.18376,0.7223,0.97285,4.82628,8.00943,11.02098,0.74134,0.97432,0.25,0.06624,0.00147
B0047,4C_1.0A,6,0.18292,0.71927,0.96073,5.07445,8.03363,11.05909,0.74134,0.97023,0.26,0.07708,0.0095
B0047,4C_1.0A,7,0.183,0.67898,0.95874,4.13558,8.1508,11.87703,0.74134,0.91588,0.204,0.021,-0.04286
B0047,4C_1.0A,8,0.18102,0.6922,0.94897,5.2928,8.2309,11.55925,0.74134,0.93372,0.21,0.02898,-0.01525
B0047,4C_1.0A,9,0.18062,0.64233,0.94112,4.77904,8.14695,11.34744,0.74134,0.86645,0.228,0.04738,-0.07467
B0047,4C_1.0A,10,0.17997,0.66785,0.92833,5.66418,8.25189,11.69327,0.74134,0.90087,0.326,0.14603,-0.02746
B0047,4C_1.0A,11,0.1796,0.61397,0.92072,4.63618,8.23498,11.55744,0.74134,0.82819,0.256,0.0764,-0.09253
B0047,4C_1.0A,12,0.17898,0.63945,0.90527,5.58922,8.26924,11.66741,0.74134,0.86255,0.428,0.24902,-0.04272
B0047,4C_1.0A,13,0.18141,0.66196,0.93234,5.29078,8.23658,11.31102,0.74134,0.89293,0.316,0.13459,-0.03942
B0047,4C_1.0A,14,0.18042,0.63776,0.93215,4.34218,8.16127,11.1756,0.74134,0.86027,0.262,0.08158,-0.07188
B0047,4C_1.0A,15,0.18125,0.62219,0.91956,4.60069,8.25301,11.15024,0.74134,0.83928,0.202,0.02075,-0.08028
B0047,4C_1.0A,16,0.18244,0.59558,0.90878,4.38018,8.29164,11.81131,0.74134,0.80338,0.386,0.20356,-0.1054
B0047,4C_1.0A,17,0.18086,0.57183,0.89501,5.1147,8.31811,11.6998,0.74134,0.77135,0.334,0.15314,-0.12366
B0047,4C_1.0A,18,0.18022,0.57109,0.8787,4.78474,8.30302,11.23402,0.74134,0.77034,0.338,0.15778,-0.10836
B0047,4C_1.0A,19,0.17994,0.57665,0.86945,5.47366,8.32601,11.72963,0.74134,0.77785,0.262,0.08206,-0.0916
B0047,4C_1.0A,21,0.17754,0.50793,0.88817,4.74832,8.38811,12.18616,0.74134,0.68515,0.374,0.19646,-0.20301
B0047,4C_1.0A,22,0.17943,0.54802,0.85202,5.5065,8.30484,11.14741,0.74134,0.73923,0.092,-0.08743,-0.11279
B0047,4C_1.0A,23,0.18077,1.10526,0.8499,5.16589,8.31903,11.68101,0.74134,1.4909,0.29,0.10923,0.64099
B0047,4C_1.0A,24,0.18096,0.51332,0.8355,5.26521,8.40176,11.29684,0.74134,0.69243,0.388,0.20704,-0.14308
B0047,4C_1.0A,25,0.18191,0.62106,0.83953,5.04276,8.39535,11.8824,0.74134,0.83776,0.354,0.17209,-0.00177
B0047,4C_1.0A,26,0.18158,0.74031,0.82314,5.8282,8.41929,11.79171,0.74134,0.99861,,,0.17547
B0047,4C_1.0A,27,0.18195,0.52776,0.81553,6.10545,8.29333,11.72662,0.74134,0.7119,,,-0.10363
B0047,4C_1.0A,28,0.18191,0.51526,0.81434,4.15216,8.4919,12.46463,0.74134,0.69503,,,-0.11931
B0047,4C_1.0A,29,0.18167,0.51209,0.80499,6.01773,8.43715,11.86355,0.74134,0.69076,0.448,0.26633,-0.11423
B0047,4C_1.0A,30,0.18481,0.47779,0.80722,4.93694,8.42962,12.46083,0.74134,0.6445,,,-0.16272
B0047,4C_1.0A,31,0.18488,0.45106,0.80059,5.37037,8.46306,12.21364,0.74134,0.60844,0.254,0.06912,-0.19215
B0047,4C_1.0A,32,0.18414,0.48186,0.78779,5.85672,8.4592,11.53478,0.74134,0.64999,0.382,0.19786,-0.13779
B0047,4C_1.0A,33,0.18591,0.46713,0.78663,5.00666,8.49322,12.42978,0.74134,0.63012,0.11,-0.07591,-0.15652
B0047,4C_1.0A,34,0.19026,0.54127,0.83643,4.68018,8.46623,12.42832,0.74134,0.73012,0.324,0.13374,-0.10631
B0047,4C_1.0A,35,0.18814,0.55311,0.8387,6.02112,8.55313,12.48741,0.74134,0.74609,0.126,-0.06214,-0.09261
B0047,4C_1.0A,36,0.18851,0.52823,0.82665,5.83519,8.34282,11.34373,0.74134,0.71253,,,-0.11412
B0047,4C_1.0A,37,0.19106,0.47936,0.81786,5.23019,8.48147,12.64165,0.74134,0.64661,0.18,-0.01106,-0.17125
B0047,4C_1.0A,38,0.19031,0.52113,0.80429,6.11581,8.42519,11.96994,0.74134,0.70295,,,-0.10134
B0047,4C_1.0A,39,0.18826,0.47319,0.79566,5.68554,8.47173,11.4384,0.74134,0.63829,0.114,-0.07426,-0.15737
B0047,4C_1.0A,40,0.18766,0.50098,0.78925,6.17156,8.51048,12.14444,0.74134,0.67577,0.382,0.19434,-0.11348
B0047,4C_1.0A,41,0.18998,0.48459,0.78859,5.50364,8.53022,12.67224,0.74134,0.65366,0.306,0.11602,-0.13493
B0047,4C_1.0A,42,0.18864,0.48329,0.77388,4.83826,8.42061,11.98479,0.74134,0.65191,0.134,-0.05464,-0.12197
B0047,4C_1.0A,43,0.18979,0.47643,0.77021,4.71943,8.51216,12.10196,0.74134,0.64266,0.256,0.06621,-0.12755
B0047,4C_1.0A,44,0.1903,0.46338,0.76625,4.95957,8.54603,12.39697,0.74134,0.62506,0.14,-0.0503,-0.14118
B0047,4C_1.0A,45,0.19013,0.53784,0.7618,6.07319,8.44857,11.45512,0.74134,0.7255,0.258,0.06787,-0.0363
B0047,4C_1.0A,46,0.19014,0.45314,0.7583,4.29752,8.33439,11.39345,0.74134,0.61125,0.116,-0.07414,-0.14705
B0047,4C_1.0A,47,0.1928,0.4191,0.75712,5.56582,8.54898,12.63527,0.74134,0.56533,0.326,0.1332,-0.1918
B0047,4C_1.0A,48,0.19511,0.4532,0.75332,5.14557,8.54564,12.45445,0.74134,0.61133,0.138,-0.05711,-0.14199
B0047,4C_1.0A,49,0.19584,0.45556,0.74508,4.68857,8.53068,12.18401,0.74134,0.61451,,,-0.13057
B0047,4C_1.0A,50,0.19936,0.40801,0.75066,5.49753,8.58809,12.84901,0.74134,0.55036,,,-0.2003
B0047,4C_1.0A,51,0.19791,0.43954,0.74069,6.07184,8.52072,11.44308,0.74134,0.59289,0.128,-0.06991,-0.14779
B0047,4C_1.0A,52,0.19992,0.418,0.7427,6.04697,8.50943,12.89563,0.74134,0.56384,0.444,0.24408,-0.17886
B0047,4C_1.0A,53,0.19846,0.43465,0.73337,4.60975,8.45415,11.5739,0.74134,0.5863,,,-0.14707
B0047,4C_1.0A,55,0.19799,0.52617,0.78961,4.11274,8.47657,11.98429,0.74134,0.70975,,,-0.07986
B0047,4C_1.0A,56,0.19973,0.45413,0.79654,5.38967,8.56701,12.83627,0.74134,0.61258,0.386,0.18627,-0.18396
B0047,4C_1.0A,57,0.20156,0.45349,0.78954,5.65005,8.60733,12.65599,0.74134,0.61172,0.252,0.05044,-0.17782
B0047,4C_1.0A,58,0.1988,0.45785,0.78009,5.76367,8.70796,12.20963,0.74134,0.6176,,,-0.1625
B0047,4C_1.0A,59,0.19753,0.88528,0.77106,5.69568,9.00353,12.78013,0.74134,1.19416,0.382,0.18447,0.4231
B0047,4C_1.0A,60,0.19743,0.44889,0.76363,5.44602,9.02853,12.65811,0.74134,0.60551,0.434,0.23657,-0.15812
B0047,4C_1.0A,61,0.19741,0.49179,0.76811,6.10878,9.02773,13.24937,0.74134,0.66338,0.462,0.26459,-0.10473
B0047,4C_1.0A,62,0.19573,0.47178,0.77531,5.85029,9.07161,13.10254,0.74134,0.63639,,,-0.13892
B0047,4C_1.0A,63,0.19678,0.46649,0.76841,5.81345,9.05028,13.01916,0.74134,0.62925,,,-0.13915
B0047,4C_1.0A,64,0.19805,0.43781,0.75855,5.57007,8.98606,12.61226,0.74134,0.59057,,,-0.16799
B0047,4C_1.0A,65,0.19718,0.4539,0.75487,5.96672,9.03688,12.96881,0.74134,0.61227,,,-0.1426
B0047,4C_1.0A,67,0.19143,0.51495,0.80985,5.91763,9.09539,13.12391,0.74134,0.69461,0.222,0.03057,-0.11523
B0047,4C_1.0A,68,0.19678,0.50544,0.79778,6.23872,9.00906,13.17942,0.74134,0.68179,,,-0.11598
B0047,4C_1.0A,69,0.19814,0.47364,0.7889,5.40461,8.95805,12.74228,0.74134,0.6389,0.384,0.18586,-0.14999
B0047,4C_1.0A,70,0.19739,0.47922,0.78074,6.0972,8.97256,13.23163,0.74134,0.64642,0.45,0.25261,-0.13432
B0047,4C_1.0A,71,0.19788,0.47229,0.76816,5.91191,9.03715,12.85792,0.74134,0.63707,0.376,0.17812,-0.13109
B0047,4C_1.0A,72,0.19781,0.4463,0.76701,5.36593,9.00904,12.67528,0.74134,0.60201,,,-0.165
B0048,4C_1.0A,1,0.20307,0.76897,1.10613,6.52487,7.91149,10.85194,0.7637,1.0069,0.34,0.13693,-0.09922
B0048,4C_1.0A,2,0.20035,0.7637,1.00585,5.77223,7.95893,10.82947,0.7637,1.0,0.288,0.08765,-0.00585
B0048,4C_1.0A,3,0.19138,0.71628,1.0,6.46483,7.70893,11.05344,0.7637,0.93791,0.228,0.03662,-0.06209
B0048,4C_1.0A,4,0.19219,0.72148,0.98624,4.74308,7.71189,10.58238,0.7637,0.94473,0.264,0.07181,-0.04151
B0048,4C_1.0A,5,0.19131,1.0239,0.97527,5.09046,7.73369,10.22776,0.7637,1.34072,0.23,0.03869,0.36544
B0048,4C_1.0A,6,0.19102,0.7126,0.968,5.46794,7.71379,10.44817,0.7637,0.93309,0.204,0.01298,-0.03492
B0048,4C_1.0A,7,0.19165,0.99059,0.96853,3.93242,7.85139,11.08765,0.7637,1.29709,0.306,0.11435,0.32857
B0048,4C_1.0A,8,0.19002,0.69978,0.96362,5.53785,7.90532,10.33153,0.7637,0.9163,,,-0.04732
B0048,4C_1.0A,9,0.19058,0.66069,0.95585,4.84317,7.84768,10.69547,0.7637,0.86512,0.262,0.07142,-0.09073
B0048,4C_1.0A,10,0.18987,0.68778,0.94551,5.92286,7.92651,10.58861,0.7637,0.90059,,,-0.04491
B0048,4C_1.0A,11,0.18997,1.12646,0.93784,4.74398,7.9371,10.71076,0.7637,1.47501,0.38,0.19003,0.53717
B0048,4C_1.0A,12,0.18866,0.66345,0.92751,5.89042,7.96613,10.52686,0.7637,0.86874,0.178,-0.01066,-0.05877
B0048,4C_1.0A,13,0.1904,1.15066,0.94712,5.25673,7.88674,10.68071,0.7637,1.5067,0.228,0.0376,0.55958
B0048,4C_1.0A,14,0.19101,0.65584,0.94672,4.06829,7.81037,10.4793,0.7637,0.85877,0.23,0.03899,-0.08795
B0048,4C_1.0A,15,0.19133,0.6427,0.93685,4.5617,7.86971,10.37858,0.7637,0.84156,,,-0.09529
B0048,4C_1.0A,16,0.19228,0.62048,0.92841,4.07869,7.87329,10.85148,0.7637,0.81246,0.248,0.05572,-0.11595
B0048,4C_1.0A,17,0.19115,0.70162,0.9173,4.91363,7.8883,10.70498,0.7637,0.91872,0.206,0.01485,0.00142
B0048,4C_1.0A,18,0.18997,0.6012,0.90366,4.9518,7.90515,10.26828,0.7637,0.78723,0.278,0.08803,-0.11643
B0048,4C_1.0A,19,0.18986,0.60717,0.89666,5.79524,7.92787,10.42029,0.7637,0.79503,,,-0.10162
B0048,4C_1.0A,21,0.18916,0.53131,0.91558,5.06667,7.95038,11.02593,0.7637,0.6957,,,-0.21988
B0048,4C_1.0A,22,0.19025,0.58305,0.87957,5.80373,7.89105,10.19629,0.7637,0.76346,0.24,0.04975,-0.11611
B0048,4C_1.0A,23,0.19116,0.54342,0.87481,5.44828,7.91193,10.67776,0.7637,0.71157,0.266,0.07484,-0.16324
B0048,4C_1.0A,24,0.19061,0.55257,0.8653,5.56302,7.97313,10.19761,0.7637,0.72355,0.118,-0.07261,-0.14175
B0048,4C_1.0A,25,0.19224,0.53386,0.86697,5.3053,7.98882,10.81758,0.7637,0.69904,,,-0.16793
B0048,4C_1.0A,26,0.19036,0.75477,0.85569,6.09933,7.99022,10.51607,0.7637,0.98831,0.446,0.25564,0.13262
B0048,4C_1.0A,27,0.19136,0.57398,0.8508,6.38397,7.88269,10.5497,0.7637,0.75158,0.452,0.26064,-0.09922
B0048,4C_1.0A,28,0.19436,0.54127,0.84965,3.94735,8.05468,11.26265,0.7637,0.70874,0.06,-0.13436,-0.14091
B0048,4C_1.0A,29,0.19313,0.56258,0.84021,6.30505,7.98952,10.67023,0.7637,0.73665,0.452,0.25887,-0.10356
B0048,4C_1.0A,30,0.19531,1.03551,0.84271,5.22225,8.03196,11.29025,0.7637,1.35591,0.318,0.12269,0.5132
B0048,4C_1.0A,31,0.19494,0.49059,0.83338,5.67786,8.04323,10.97335,0.7637,0.64238,0.302,0.10706,-0.191
B0048,4C_1.0A,32,0.19396,0.53302,0.82325,6.12907,8.03181,10.33915,0.7637,0.69795,0.176,-0.01796,-0.1253
B0048,4C_1.0A,33,0.19597,0.49082,0.82728,5.27038,8.09701,11.22843,0.7637,0.64268,0.458,0.26203,-0.1846
B0048,4C_1.0A,34,0.20023,0.563,0.86976,4.72934,8.02253,11.14219,0.7637,0.7372,0.318,0.11777,-0.13256
B0048,4C_1.0A,35,0.19859,0.58212,0.87733,6.31497,8.10817,11.26678,0.7637,0.76223,,,-0.1151
B0048,4C_1.0A,36,0.19716,0.57941,0.85987,6.04916,7.89772,10.42585,0.7637,0.75869,,,-0.10118
B0048,4C_1.0A,37,0.20194,0.52276,0.85909,5.47638,8.04149,11.21603,0.7637,0.68451,0.462,0.26006,-0.17459
B0048,4C_1.0A,38,0.20061,0.58055,0.8455,6.33849,7.95412,10.7821,0.7637,0.76018,0.214,0.01339,-0.08531
B0048,4C_1.0A,39,0.19741,0.72328,0.83433,5.89787,7.99745,10.3212,0.7637,0.94708,0.128,-0.06941,0.11275
B0048,4C_1.0A,40,0.19736,0.54412,0.83307,6.40962,8.03309,10.9707,0.7637,0.71249,0.186,-0.01136,-0.12059
B0048,4C_1.0A,41,0.19984,0.48487,0.8326,5.71713,8.03282,11.12118,0.7637,0.63489,,,-0.19771
B0048,4C_1.0A,42,0.19852,0.51544,0.82065,5.06611,7.97199,10.80537,0.7637,0.67493,0.45,0.25148,-0.14572
B0048,4C_1.0A,43,0.20148,0.53551,0.81687,4.39722,7.98584,10.90428,0.7637,0.70121,0.454,0.25252,-0.11565
B0048,4C_1.0A,44,0.20206,1.02528,0.81303,5.14609,8.05592,11.17755,0.7637,1.34252,0.178,-0.02406,0.52949
B0048,4C_1.0A,45,0.1974,0.51076,0.8031,6.34844,7.98216,10.37553,0.7637,0.66879,,,-0.13431
B0048,4C_1.0A,46,0.20061,0.51576,0.79708,3.93363,7.8428,10.31409,0.7637,0.67535,,,-0.12173
B0048,4C_1.0A,47,0.20341,0.45348,0.80405,5.85761,8.07994,11.36743,0.7637,0.5938,,,-0.21025
B0048,4C_1.0A,48,0.20478,0.4799,0.79762,5.43791,8.06477,11.06955,0.7637,0.62838,0.136,-0.06878,-0.16924
B0048,4C_1.0A,49,0.20674,0.5041,0.79314,4.8373,8.04769,10.97733,0.7637,0.66008,0.13,-0.07674,-0.13305
B0048,4C_1.0A,50,0.20803,0.44451,0.79494,5.78519,8.07753,11.25041,0.7637,0.58205,,,-0.21289
B0048,4C_1.0A,51,0.2059,0.5024,0.78233,6.34231,7.99354,10.26191,0.7637,0.65785,,,-0.12448
B0048,4C_1.0A,52,0.20942,0.48136,0.78998,6.28279,7.97318,11.20945,0.7637,0.6303,0.304,0.09458,-0.15967
B0048,4C_1.0A,53,0.2065,0.49539,0.77234,4.71951,7.91595,10.39466,0.7637,0.64867,0.132,-0.0745,-0.12367
B0048,4C_1.0A,55,0.20815,0.57718,0.84017,3.85663,7.93827,10.71881,0.7637,0.75577,0.374,0.16585,-0.08441
B0048,4C_1.0A,56,0.20965,0.50414,0.84453,5.64884,8.02453,11.26754,0.7637,0.66013,,,-0.1844
B0048,4C_1.0A,57,0.21027,0.5168,0.8321,5.9127,8.0267,10.97722,0.7637,0.6767,0.448,0.23773,-0.1554
B0048,4C_1.0A,58,0.20821,0.52679,0.82246,6.03441,8.08309,10.69898,0.7637,0.68979,0.356,0.14779,-0.13267
B0048,4C_1.0A,59,0.20758,0.52904,0.8219,5.87766,8.28295,11.20078,0.7637,0.69273,0.456,0.24842,-0.12917
B0048,4C_1.0A,60,0.20752,0.51127,0.81444,5.5255,8.29625,11.06712,0.7637,0.66946,,,-0.14498
B0048,4C_1.0A,61,0.20746,0.53872,0.81895,6.30148,8.28035,11.2172,0.7637,0.7054,,,-0.11355
B0048,4C_1.0A,62,0.20633,0.54338,0.82638,6.03267,8.3469,11.59326,0.7637,0.71152,,,-0.11486
B0048,4C_1.0A,63,0.20771,0.53504,0.81949,5.97798,8.33788,11.53405,0.7637,0.70059,0.454,0.24629,-0.11891
B0048,4C_1.0A,64,0.20822,0.50296,0.80695,5.68628,8.25962,10.92573,0.7637,0.65859,,,-0.14836
B0048,4C_1.0A,65,0.20734,0.5269,0.80606,6.14602,8.2905,11.34638,0.7637,0.68993,,,-0.11612
B0048,4C_1.0A,67,0.20156,0.57621,0.86721,6.08236,8.32132,11.43917,0.7637,0.7545,,,-0.11271
B0048,4C_1.0A,68,0.20552,0.53924,0.84669,6.39647,8.23808,11.14724,0.7637,0.70609,0.454,0.24848,-0.1406
B0048,4C_1.0A,69,0.20696,0.52361,0.83761,5.20832,8.18903,10.83129,0.7637,0.68563,,,-0.15198
B0048,4C_1.0A,70,0.20765,0.51694,0.83526,6.13537,8.23487,11.23629,0.7637,0.67689,,,-0.15837
B0048,4C_1.0A,71,0.20809,0.55028,0.82559,6.13485,8.23828,11.08617,0.7637,0.72054,,,-0.10505
B0048,4C_1.0A,72,0.20736,0.50242,0.816,5.4385,8.21937,10.75191,0.7637,0.65787,,,-0.15813
B0049,4C_2.0A,1,0.36426,,0.62525,9.29264,13.05286,16.38073,0.67463,,0.708,0.34374,
B0049,4C_2.0A,2,0.3301,0.66893,1.035,5.64178,12.62801,20.82413,0.67463,0.99156,0.258,-0.0721,-0.04345
B0049,4C_2.0A,3,0.33697,0.87591,1.0,5.70105,12.62518,22.12714,0.67463,1.29836,0.236,-0.10097,0.29836
B0049,4C_2.0A,4,0.29274,0.77422,0.99382,4.85423,11.4628,17.45531,0.67463,1.14761,0.43,0.13726,0.15379
B0049,4C_2.0A,5,0.35444,0.67463,1.73263,5.23614,14.66981,20.09631,0.67463,1.0,0.366,0.01156,-0.73263
B0049,4C_2.0A,6,0.1548,0.17456,0.77251,5.00498,10.15972,20.53053,0.67463,0.25874,0.464,0.3092,-0.51376
B0049,4C_2.0A,7,0.29745,0.28863,0.7335,5.51967,12.74781,19.60551,0.67463,0.42783,0.32,0.02255,-0.30567
B0049,4C_2.0A,8,0.28196,0.12228,0.67733,6.63116,12.85939,21.57829,0.67463,0.18125,0.52,0.23804,-0.49608
B0049,4C_2.0A,9,0.28425,0.08509,0.6725,5.75236,12.77865,21.33341,0.67463,0.12612,0.364,0.07975,-0.54637
B0049,4C_2.0A,10,0.23598,0.09012,0.65945,6.41795,11.60078,18.65095,0.67463,0.13358,0.144,-0.09198,-0.52587
B0049,4C_2.0A,11,0.37733,0.37971,0.62613,6.68848,12.46217,21.20669,0.67463,0.56284,0.432,0.05467,-0.06329
B0049,4C_2.0A,12,0.27233,0.75314,0.60965,5.97205,12.68524,21.32957,0.67463,1.11637,0.394,0.12167,0.50672
B0049,4C_2.0A,13,0.24694,0.74638,0.616,6.27459,12.07092,18.61596,0.67463,1.10636,0.234,-0.01294,0.49036
B0049,4C_2.0A,14,0.38483,0.36552,0.58792,5.50143,12.93174,22.13176,0.67463,0.54181,,,-0.04611
B0049,4C_2.0A,15,0.38684,0.34435,0.56967,4.40581,12.53101,21.07976,0.67463,0.51042,0.446,0.05916,-0.05925
B0049,4C_2.0A,16,0.3868,0.31178,0.57931,6.70291,12.33551,19.66472,0.67463,0.46215,0.528,0.1412,-0.11716
B0049,4C_2.0A,18,0.38687,0.33134,0.56467,4.03238,13.18737,22.34781,0.67463,0.49114,0.452,0.06513,-0.07353
B0049,4C_2.0A,19,0.29252,0.18593,0.56174,6.563,12.73854,19.41196,0.67463,0.2756,0.168,-0.12452,-0.28614
B0049,4C_2.0A,20,0.40362,0.27773,0.55251,6.65372,12.43174,19.07461,0.67463,0.41167,,,-0.14084
B0049,4C_2.0A,21,0.40808,0.29635,0.53534,6.03191,13.38235,22.60767,0.67463,0.43927,,,-0.09607
B0049,4C_2.0A,22,0.41042,0.27994,0.5366,6.68618,12.30088,19.00328,0.67463,0.41495,,,-0.12165
B0049,4C_2.0A,23,0.41089,0.29622,0.51673,5.95289,13.14601,22.10155,0.67463,0.43909,,,-0.07764
B0049,4C_2.0A,24,0.41089,0.272,0.52347,5.2767,12.41982,19.70296,0.67463,0.40319,,,-0.12028
B0049,4C_2.0A,25,0.41208,0.27949,0.50361,6.04737,13.21473,22.29366,0.67463,0.41429,,,-0.08933
B0051,4C_2.0A,1,0.27797,,0.52362,9.13006,13.52131,17.93304,0.63181,,0.604,0.32603,
B0051,4C_2.0A,2,0.28555,0.63181,1.05231,5.55934,12.32942,17.97953,0.63181,1.0,0.276,-0.00955,-0.05231
B0051,4C_2.0A,3,0.26361,0.23121,1.0,5.53716,11.78616,16.97627,0.63181,0.36596,0.468,0.20439,-0.63404
B0051,4C_2.0A,4,0.26097,0.17943,0.97966,4.54354,11.79177,18.15292,0.63181,0.28399,0.23,-0.03097,-0.69567
B0051,4C_2.0A,5,0.33847,0.66881,1.89672,5.1006,14.85534,20.74351,0.63181,1.05857,,,-0.83815
B0051,4C_2.0A,6,0.13619,0.94649,0.82129,4.98551,9.40736,19.42896,0.63181,1.49808,0.47,0.33381,0.67678
B0051,4C_2.0A,7,0.26359,0.3465,0.7784,5.45528,12.00427,18.95415,0.63181,0.54843,,,-0.22997
B0051,4C_2.0A,8,0.23443,0.54905,0.73396,6.26265,11.42032,17.46871,0.63181,0.86902,0.372,0.13757,0.13506
B0051,4C_2.0A,9,0.24594,0.30372,0.72406,5.59112,11.80357,19.15366,0.63181,0.48071,,,-0.24335
B0051,4C_2.0A,10,0.20634,0.6597,0.71859,6.1245,10.93913,16.52478,0.63181,1.04415,,,0.32556
B0051,4C_2.0A,11,0.29791,0.00432,0.68609,6.28891,11.88322,17.11376,0.63181,0.00684,0.4,0.10209,-0.67925
B0051,4C_2.0A,12,0.21528,0.5917,0.6726,5.53141,11.10456,17.6374,0.63181,0.93652,0.468,0.25272,0.26391
B0051,4C_2.0A,13,0.20928,0.63372,0.67969,6.01561,11.40683,18.52237,0.63181,1.00303,0.272,0.06272,0.32334
B0051,4C_2.0A,14,0.30124,0.16301,0.65308,5.38519,12.19844,18.39923,0.63181,0.25801,0.28,-0.02124,-0.39507
B0051,4C_2.0A,15,0.30967,0.34007,0.63791,4.09406,11.82532,17.27537,0.63181,0.53825,0.276,-0.03367,-0.09966
B0051,4C_2.0A,16,0.31522,0.31804,0.64373,6.30718,11.83598,16.60445,0.63181,0.50338,0.212,-0.10322,-0.14035
B0051,4C_2.0A,18,0.28458,0.30035,0.62288,3.95798,12.00999,17.68252,0.63181,0.47539,0.44,0.15542,-0.1475
B0051,4C_2.0A,19,0.23638,0.00751,0.62917,6.22089,11.68955,16.94512,0.63181,0.01188,,,-0.61728
B0051,4C_2.0A,20,0.31858,0.28411,0.61887,6.26041,11.98737,17.54518,0.63181,0.44967,0.264,-0.05458,-0.1692
B0051,4C_2.0A,21,0.29563,0.17948,0.60025,5.82669,12.36845,18.87024,0.63181,0.28408,,,-0.31617
B0051,4C_2.0A,22,0.31698,0.27638,0.6015,6.3185,11.81015,16.85013,0.63181,0.43745,,,-0.16405
B0051,4C_2.0A,23,0.28999,0.25459,0.5708,5.72831,12.09457,18.12397,0.63181,0.40295,0.268,-0.02199,-0.16785
B0051,4C_2.0A,24,0.30969,0.25828,0.57347,4.90964,11.79703,16.26048,0.63181,0.40879,0.274,-0.03569,-0.16468
B0051,4C_2.0A,25,0.29074,0.22348,0.55159,5.78453,12.07939,18.15351,0.63181,0.35371,,,-0.19788
B0053,4C_2.0A,1,0.40417,0.56653,0.94565,5.64804,11.98858,19.02186,0.53216,1.06459,0.55,0.14583,0.11894
B0053,4C_2.0A,2,0.39856,0.55564,1.02077,5.54368,12.05986,18.30475,0.53216,1.04414,0.374,-0.02456,0.02336
B0053,4C_2.0A,3,0.39294,0.53216,1.01731,6.1542,11.96789,19.33943,0.53216,1.0,0.404,0.01106,-0.01731
B0053,4C_2.0A,4,0.39155,0.52308,1.0,5.89622,11.9859,18.72914,0.53216,0.98294,0.48,0.08845,-0.01706
B0053,4C_2.0A,5,0.39023,0.51047,0.99222,5.95901,12.00438,18.70941,0.53216,0.95925,0.418,0.02777,-0.03297
B0053,4C_2.0A,6,0.39053,0.5056,0.98497,5.84666,12.13389,18.63571,0.53216,0.95009,0.432,0.04147,-0.03489
B0053,4C_2.0A,7,0.39084,0.57162,0.96098,4.90887,12.32709,21.29231,0.53216,1.07415,0.498,0.10716,0.11317
B0053,4C_2.0A,8,0.39056,0.5778,0.94177,4.38761,12.1645,21.0116,0.53216,1.08577,0.334,-0.05656,0.144
B0053,4C_2.0A,9,0.39023,0.51601,0.95608,6.56025,12.12873,20.93994,0.53216,0.96966,0.382,-0.00823,0.01358
B0053,4C_2.0A,10,0.39058,0.48537,0.95992,5.92524,12.24519,19.28384,0.53216,0.91207,0.444,0.05342,-0.04785
B0053,4C_2.0A,11,0.39023,0.56077,0.92915,4.488,12.19092,21.10139,0.53216,1.05378,0.54,0.14977,0.12463
B0053,4C_2.0A,12,0.39021,0.47887,0.95999,6.15187,12.16307,18.64341,0.53216,0.89987,0.452,0.06179,-0.06013
B0053,4C_2.0A,13,0.39024,0.55588,0.92946,4.38493,12.29254,21.31368,0.53216,1.04458,0.342,-0.04824,0.11511
B0053,4C_2.0A,14,0.39023,0.49494,0.93837,6.63464,12.12953,20.92812,0.53216,0.93007,0.396,0.00577,-0.00829
B0053,4C_2.0A,15,0.39039,0.47199,0.94693,5.94506,12.3646,19.93079,0.53216,0.88695,,,-0.05998
B0053,4C_2.0A,16,0.39042,0.53374,0.90576,5.4872,12.12832,21.02206,0.53216,1.00298,0.352,-0.03842,0.09722
B0053,4C_2.0A,17,0.39034,0.46045,0.94384,6.031,12.30213,19.09162,0.53216,0.86525,,,-0.0786
B0053,4C_2.0A,18,0.39033,0.53808,0.9092,4.41091,12.36659,21.3057,0.53216,1.01113,0.346,-0.04433,0.10194
B0053,4C_2.0A,19,0.3904,0.50254,0.91328,6.91565,12.13342,21.06886,0.53216,0.94434,0.578,0.1876,0.03106
B0053,4C_2.0A,20,0.39062,0.44859,0.93398,6.21826,12.14681,19.04038,0.53216,0.84297,,,-0.09101
B0053,4C_2.0A,21,0.39061,0.48968,0.92388,5.63154,12.49346,21.22988,0.53216,0.92018,0.406,0.01539,-0.00371
B0053,4C_2.0A,22,0.39144,0.54215,0.91573,5.21387,12.21244,20.94981,0.53216,1.01878,0.572,0.18056,0.10305
B0053,4C_2.0A,23,0.3924,0.48513,0.95202,5.8164,12.5338,20.123,0.53216,0.91163,,,-0.0404
B0053,4C_2.0A,24,0.39152,0.5101,0.91565,6.85395,12.15752,20.90631,0.53216,0.95856,0.572,0.18048,0.04291
B0053,4C_2.0A,25,0.39244,0.47543,0.92999,5.84309,12.50049,21.20076,0.53216,0.8934,,,-0.03659
B0053,4C_2.0A,26,0.39148,0.45542,0.93786,6.53451,12.12975,20.01669,0.53216,0.8558,0.488,0.09652,-0.08206
B0053,4C_2.0A,27,0.39279,0.51557,0.90546,5.2921,12.43758,21.30089,0.53216,0.96883,0.486,0.09321,0.06337
B0053,4C_2.0A,28,0.39334,0.44849,0.9257,6.08184,12.49999,19.8591,0.53216,0.84277,,,-0.08293
B0053,4C_2.0A,29,0.39339,0.5182,0.88725,4.15533,12.40733,21.37106,0.53216,0.97378,0.536,0.14261,0.08653
B0053,4C_2.0A,30,0.39335,0.44584,0.92532,6.61311,12.12683,20.12147,0.53216,0.8378,0.516,0.12265,-0.08752
B0053,4C_2.0A,31,0.39395,0.50157,0.89832,5.38404,12.48823,21.3755,0.53216,0.94252,0.478,0.08405,0.0442
B0053,4C_2.0A,32,0.39331,0.45594,0.90661,6.73379,12.14146,20.7552,0.53216,0.85677,0.564,0.17069,-0.04984
B0053,4C_2.0A,33,0.39393,0.50679,0.86692,3.81007,12.39514,21.49511,0.53216,0.95234,0.546,0.15207,0.08541
B0053,4C_2.0A,34,0.39338,0.42743,0.91703,6.57989,12.19452,19.65098,0.53216,0.80321,,,-0.11382
B0053,4C_2.0A,35,0.39437,0.42079,0.90823,6.14622,12.32467,18.85601,0.53216,0.79072,,,-0.1175
B0053,4C_2.0A,36,0.39435,0.42797,0.8978,6.02551,12.45656,19.66944,0.53216,0.80423,,,-0.09357
B0053,4C_2.0A,37,0.39547,0.49527,0.87606,5.00565,12.49323,21.13885,0.53216,0.93069,0.52,0.12453,0.05463
B0053,4C_2.0A,38,0.39491,0.42556,0.89739,6.10762,12.49708,19.28805,0.53216,0.7997,,,-0.09769
B0053,4C_2.0A,39,0.39546,0.49174,0.86781,4.64029,12.49966,21.3268,0.53216,0.92406,0.532,0.13654,0.05625
B0053,4C_2.0A,40,0.39496,0.43112,0.88818,6.70395,12.23315,20.84261,0.53216,0.81014,0.45,0.05504,-0.07805
B0053,4C_2.0A,41,0.39493,0.40143,0.89141,6.27894,12.38,18.56011,0.53216,0.75435,,,-0.13707
B0053,4C_2.0A,42,0.39496,0.48007,0.86898,5.4262,12.61625,21.5924,0.53216,0.90211,0.482,0.08704,0.03314
B0053,4C_2.0A,43,0.39534,0.54756,0.98151,5.44658,12.82959,20.67996,0.53216,1.02894,0.362,-0.03334,0.04743
B0053,4C_2.0A,44,0.39488,0.46893,0.98505,6.10463,12.58985,18.98748,0.53216,0.88118,,,-0.10387
B0053,4C_2.0A,45,0.39493,0.53074,0.91855,5.96757,12.49958,21.622,0.53216,0.99733,0.362,-0.03293,0.07878
B0053,4C_2.0A,46,0.39491,0.45526,0.9525,6.15966,12.55045,18.97365,0.53216,0.85549,,,-0.097
B0053,4C_2.0A,47,0.39385,0.46227,0.94833,6.66465,12.43237,20.9789,0.53216,0.86866,0.446,0.05215,-0.07967
B0053,4C_2.0A,48,0.3925,0.51033,0.89552,5.23172,12.51661,21.79017,0.53216,0.95899,0.366,-0.0265,0.06347
B0053,4C_2.0A,49,0.39231,0.49005,0.90926,6.8599,12.38698,21.25969,0.53216,0.92087,0.578,0.18569,0.01162
B0053,4C_2.0A,50,0.39237,0.50655,0.9114,5.44042,12.86442,22.11368,0.53216,0.95187,0.36,-0.03237,0.04047
B0053,4C_2.0A,51,0.39237,0.44139,0.93369,6.57242,12.45289,20.51266,0.53216,0.82944,,,-0.10425
B0053,4C_2.0A,52,0.39239,0.50939,0.88548,4.48725,12.71717,21.83824,0.53216,0.95722,0.36,-0.03239,0.07174
B0053,4C_2.0A,53,0.39237,0.42479,0.92579,6.3966,12.47998,19.19841,0.53216,0.79823,,,-0.12755
B0053,4C_2.0A,54,0.39205,0.42521,0.92623,6.47585,12.53086,19.94794,0.53216,0.79903,,,-0.1272
B0053,4C_2.0A,55,0.39206,0.50191,0.89358,5.21984,12.90029,22.11168,0.53216,0.94315,0.368,-0.02406,0.04957
B0054,4C_2.0A,1,0.30907,0.84418,0.6751,6.15063,12.46348,19.22241,0.70532,1.19688,0.626,0.31693,0.52178
B0054,4C_2.0A,2,0.39378,0.70532,1.06434,5.10816,13.22909,19.13351,0.70532,1.0,0.312,-0.08178,-0.06434
B0054,4C_2.0A,3,0.33293,0.62812,1.00841,6.22048,12.76795,19.24644,0.70532,0.89055,0.578,0.24507,-0.11786
B0054,4C_2.0A,4,0.42114,0.72681,1.0,5.19102,14.48548,25.27434,0.70532,1.03048,0.404,-0.01714,0.03048
B0054,4C_2.0A,5,0.31116,0.31739,0.98122,6.09702,12.21069,17.91273,0.70532,0.45,0.516,0.20484,-0.53122
B0054,4C_2.0A,6,0.41097,0.68918,0.97219,5.39028,14.38285,25.39913,0.70532,0.97713,0.408,-0.00297,0.00494
B0054,4C_2.0A,7,0.33918,0.61724,0.96424,4.66086,12.64654,19.9585,0.70532,0.87512,0.408,0.06882,-0.08912
B0054,4C_2.0A,8,0.39932,0.64492,0.95336,5.2627,13.5018,22.34555,0.70532,0.91436,0.444,0.04468,-0.03899
B0054,4C_2.0A,9,0.30753,0.01532,0.9542,5.52755,12.31069,18.34644,0.70532,0.02172,,,-0.93249
B0054,4C_2.0A,10,0.30544,0.13814,0.92898,6.54753,12.44959,19.77679,0.70532,0.19586,0.386,0.08056,-0.73312
B0054,4C_2.0A,11,0.39177,0.60685,0.93304,5.45203,13.39261,22.52028,0.70532,0.86039,,,-0.07265
B0054,4C_2.0A,12,0.29793,0.47732,0.94788,5.96976,12.04525,17.54568,0.70532,0.67675,0.242,-0.05593,-0.27113
B0054,4C_2.0A,13,0.36855,0.58528,0.92819,5.01507,14.02714,22.73011,0.70532,0.82981,0.286,-0.08255,-0.09838
B0054,4C_2.0A,14,0.29466,0.06477,0.94266,6.0379,11.98699,17.24231,0.70532,0.09183,0.254,-0.04066,-0.85083
B0054,4C_2.0A,15,0.29014,0.08291,0.92107,6.26714,11.96125,17.67282,0.70532,0.11754,,,-0.80353
B0054,4C_2.0A,16,0.36736,0.5824,0.89984,6.39632,14.30392,24.83366,0.70532,0.82573,,,-0.07411
B0054,4C_2.0A,17,0.36698,0.58889,0.91969,4.55889,14.01457,23.81487,0.70532,0.83493,0.328,-0.03898,-0.08476
B0054,4C_2.0A,18,0.36354,0.11067,0.92638,5.11308,13.82742,23.28616,0.70532,0.15692,0.216,-0.14754,-0.76946
B0054,4C_2.0A,19,0.34693,0.52056,0.92213,5.45935,13.79318,22.85769,0.70532,0.73806,0.242,-0.10493,-0.18407
B0054,4C_2.0A,20,0.28575,0.41599,0.92188,6.01676,12.00656,17.07444,0.70532,0.58979,0.194,-0.09175,-0.33209
B0054,4C_2.0A,21,0.3596,0.56321,0.89427,6.54631,14.22333,25.03416,0.70532,0.79853,0.366,0.0064,-0.09574
B0054,4C_2.0A,22,0.35719,0.22135,1.00514,5.70921,13.81671,23.82931,0.70532,0.31384,,,-0.6913
B0054,4C_2.0A,23,0.29779,0.47755,0.98779,5.94648,12.29745,18.1483,0.70532,0.67707,,,-0.31072
B0054,4C_2.0A,24,0.35675,0.51529,0.96485,5.66898,13.91771,24.2405,0.70532,0.73058,,,-0.23426
B0054,4C_2.0A,25,0.34644,0.52092,0.94756,5.46981,13.73825,22.93935,0.70532,0.73857,0.092,-0.25444,-0.20899
B0054,4C_2.0A,26,0.34816,0.47166,0.91907,4.34472,14.02104,24.77112,0.70532,0.66873,0.314,-0.03416,-0.25035
B0054,4C_2.0A,27,0.27618,0.40472,0.92702,6.2864,11.90991,17.39259,0.70532,0.57381,,,-0.35321
B0054,4C_2.0A,28,0.28275,0.47972,0.92683,6.13428,12.31362,18.30575,0.70532,0.68015,,,-0.24667
B0054,4C_2.0A,29,0.29744,0.41147,0.91379,5.98654,12.83554,19.8496,0.70532,0.58339,0.17,-0.12744,-0.3304
B0054,4C_2.0A,30,0.34779,0.50908,0.89528,5.16106,14.02533,23.69789,0.70532,0.72177,0.312,-0.03579,-0.17351
B0054,4C_2.0A,31,0.28187,0.58485,0.91124,6.20789,12.20639,17.63937,0.70532,0.8292,0.116,-0.16587,-0.08204
B0054,4C_2.0A,32,0.34499,0.51256,0.87443,5.60715,14.15791,24.85576,0.70532,0.7267,0.07,-0.27499,-0.14773
B0054,4C_2.0A,33,0.33643,0.04588,0.89421,5.73051,13.87703,22.63357,0.70532,0.06505,0.28,-0.05643,-0.82916
B0054,4C_2.0A,34,0.27217,0.37967,0.88687,6.47614,12.00073,18.2421,0.70532,0.5383,,,-0.34857
B0054,4C_2.0A,35,0.33604,0.43421,0.88439,5.80094,13.96142,23.45959,0.70532,0.61562,0.296,-0.04004,-0.26877
B0054,4C_2.0A,36,0.33922,0.39516,0.86492,5.531,14.14108,24.87319,0.70532,0.56026,0.332,-0.00722,-0.30466
B0054,4C_2.0A,37,0.3313,0.08496,0.8794,5.76143,13.85708,22.57895,0.70532,0.12046,0.28,-0.0513,-0.75894
B0054,4C_2.0A,38,0.27675,0.36,0.8834,6.23206,12.29999,18.15588,0.70532,0.51041,0.24,-0.03675,-0.37299
B0054,4C_2.0A,39,0.33976,0.48246,0.85828,4.4956,14.21212,24.74574,0.70532,0.68403,0.202,-0.13776,-0.17425
B0054,4C_2.0A,40,0.3012,0.15822,0.87757,6.05718,13.2324,20.8645,0.70532,0.22432,0.222,-0.0792,-0.65325
B0054,4C_2.0A,41,0.26719,0.31941,0.85147,6.5515,12.09848,18.59368,0.70532,0.45287,,,-0.3986
B0054,4C_2.0A,42,0.33982,0.46188,0.84974,5.30377,14.31611,24.59721,0.70532,0.65486,0.334,-0.00582,-0.19489
B0054,4C_2.0A,43,0.3367,0.45652,0.91023,6.24183,14.08355,24.13179,0.70532,0.64725,,,-0.26298
B0054,4C_2.0A,44,0.33972,0.49375,0.89718,5.21085,14.07161,23.61219,0.70532,0.70005,0.384,0.04428,-0.19713
B0054,4C_2.0A,45,0.27821,0.36845,0.90366,6.27988,12.23793,18.35582,0.70532,0.52239,0.158,-0.12021,-0.38127
B0054,4C_2.0A,46,0.34113,0.21061,0.86675,4.4773,14.18267,24.73342,0.70532,0.29861,,,-0.56814
B0054,4C_2.0A,47,0.33927,0.00946,0.86914,5.44234,14.10332,24.17257,0.70532,0.01341,,,-0.85573
B0054,4C_2.0A,48,0.32917,0.72423,0.80748,5.47822,14.07341,23.9904,0.70532,1.02682,,,0.21934
B0054,4C_2.0A,49,0.33894,0.48262,0.90667,5.40842,14.08106,23.49791,0.70532,0.68426,0.38,0.04106,-0.22241
B0054,4C_2.0A,50,0.33556,0.42522,0.90828,5.99115,13.88291,22.41364,0.70532,0.60288,0.278,-0.05756,-0.3054
B0054,4C_2.0A,51,0.33999,0.33271,0.88995,5.73282,13.97691,23.27629,0.70532,0.47172,0.33,-0.00999,-0.41823
B0054,4C_2.0A,52,0.33826,0.50934,0.88133,5.80261,14.00148,23.16642,0.70532,0.72214,0.3,-0.03826,-0.15918
B0054,4C_2.0A,53,0.33755,0.43441,0.87349,5.70708,14.09361,23.91552,0.70532,0.61591,,,-0.25758
B0054,4C_2.0A,54,0.33442,0.46577,0.84804,4.93538,14.30028,24.77149,0.70532,0.66037,0.304,-0.03042,-0.18767
B0054,4C_2.0A,55,0.33242,0.25947,0.85067,4.71858,14.12406,24.68396,0.70532,0.36788,0.308,-0.02442,-0.48279
B0054,4C_2.0A,56,0.2834,0.07068,0.87093,6.31897,12.64526,19.02036,0.70532,0.10021,,,-0.77072
B0054,4C_2.0A,57,0.33856,0.42052,0.85128,5.71718,14.22333,24.13873,0.70532,0.59622,,,-0.25506
B0054,4C_2.0A,58,0.33275,0.56846,0.8424,4.76737,14.13919,24.81564,0.70532,0.80597,0.096,-0.23675,-0.03643
B0054,4C_2.0A,59,0.3335,0.39507,0.84467,5.95153,14.08739,23.24486,0.70532,0.56013,0.416,0.0825,-0.28453
B0054,4C_2.0A,60,0.33203,0.14567,0.836,4.51282,14.20296,24.86373,0.70532,0.20653,,,-0.62946
B0054,4C_2.0A,61,0.28326,0.54087,0.85646,6.38614,12.67288,19.18753,0.70532,0.76684,,,-0.08961
B0054,4C_2.0A,62,0.33675,0.41291,0.83565,5.76018,14.26712,24.60858,0.70532,0.58542,0.33,-0.00675,-0.25023
B0054,4C_2.0A,63,0.26893,0.29411,0.83963,5.58213,12.174,18.81387,0.70532,0.41699,0.242,-0.02693,-0.42264
B0054,4C_2.0A,64,0.33797,0.28903,0.8313,5.84891,14.24082,23.94925,0.70532,0.40978,,,-0.42151
B0054,4C_2.0A,65,0.33295,0.43018,0.81937,4.53165,14.27529,24.82147,0.70532,0.60991,,,-0.20946
B0054,4C_2.0A,66,0.27454,0.32383,0.84659,6.6984,12.31988,18.57812,0.70532,0.45912,0.246,-0.02854,-0.38747
B0054,4C_2.0A,67,0.33773,0.3701,0.83195,6.02245,14.01734,22.52381,0.70532,0.52473,,,-0.30722
B0054,4C_2.0A,68,0.33269,0.17973,0.81535,5.484,14.30967,24.88527,0.70532,0.25482,0.474,0.14131,-0.56053
B0054,4C_2.0A,69,0.33114,0.08045,0.83035,5.3017,14.20581,24.49535,0.70532,0.11406,0.322,-0.00914,-0.71629
B0054,4C_2.0A,70,0.33343,0.4263,0.83163,5.65194,14.34333,24.79249,0.70532,0.60441,,,-0.22722
B0054,4C_2.0A,71,0.28069,0.34217,0.85191,6.59738,12.52113,19.41886,0.70532,0.48512,0.248,-0.03269,-0.36678
B0054,4C_2.0A,72,0.33824,0.41857,0.81946,5.64822,14.32001,24.84316,0.70532,0.59344,0.394,0.05576,-0.22601
B0054,4C_2.0A,73,0.32848,0.18867,0.83386,6.28075,13.81783,22.81807,0.70532,0.26749,0.374,0.04552,-0.56637
B0054,4C_2.0A,74,0.33459,0.42235,0.79969,5.21778,14.23049,24.5813,0.70532,0.59881,,,-0.20088
B0054,4C_2.0A,75,0.33619,0.39523,0.80791,5.88917,14.34371,24.65463,0.70532,0.56036,0.41,0.07381,-0.24755
B0054,4C_2.0A,76,0.33442,0.58044,0.80464,4.3492,14.14664,24.66771,0.70532,0.82294,,,0.0183
B0054,4C_2.0A,77,0.31579,0.66905,0.82532,6.34844,13.55225,21.67226,0.70532,0.94858,,,0.12326
B0054,4C_2.0A,78,0.33673,0.41425,0.79693,5.2495,14.2808,24.96144,0.70532,0.58733,0.312,-0.02473,-0.2096
B0054,4C_2.0A,79,0.29361,0.32328,0.824,6.47162,12.92629,19.86209,0.70532,0.45835,,,-0.36565
B0054,4C_2.0A,80,0.33766,0.40632,0.79489,4.06269,14.22946,24.81399,0.70532,0.57608,,,-0.21881
B0054,4C_2.0A,81,0.3286,0.14494,0.81535,6.3492,13.88906,22.34228,0.70532,0.20549,,,-0.60986
B0054,4C_2.0A,82,0.33603,0.36298,0.8061,5.95578,14.09832,23.38962,0.70532,0.51463,0.12,-0.21603,-0.29147
B0054,4C_2.0A,83,0.33601,0.37975,0.80102,5.82597,14.20561,24.43725,0.70532,0.53842,0.43,0.09399,-0.2626
B0054,4C_2.0A,84,0.33458,0.39966,0.78459,4.98588,14.19999,24.61732,0.70532,0.56665,0.312,-0.02258,-0.21795
B0054,4C_2.0A,85,0.33402,0.13502,0.79353,5.93283,14.2882,24.27194,0.70532,0.19144,,,-0.6021
B0054,4C_2.0A,86,0.33449,0.30996,0.78814,4.71732,14.20886,24.80473,0.70532,0.43946,0.132,-0.20249,-0.34868
B0054,4C_2.0A,87,0.29202,0.14805,0.80889,6.44056,12.93618,19.87935,0.70532,0.2099,0.244,-0.04802,-0.59899
B0054,4C_2.0A,88,0.33763,0.1191,0.79287,6.07747,14.08418,23.51552,0.70532,0.16886,,,-0.62401
B0054,4C_2.0A,89,0.33361,0.39398,0.77319,5.30293,14.2759,24.91314,0.70532,0.55858,0.414,0.08039,-0.21461
B0054,4C_2.0A,90,0.32458,0.16682,0.80287,5.32012,14.30665,23.80381,0.70532,0.23651,0.36,0.03542,-0.56636
B0054,4C_2.0A,91,0.33123,0.24474,0.83122,5.94874,13.97058,23.08245,0.70532,0.34699,0.406,0.07477,-0.48423
B0054,4C_2.0A,92,0.32757,0.19938,0.83225,5.88362,13.79916,23.77823,0.70532,0.28269,0.324,-0.00357,-0.54957
B0054,4C_2.0A,93,0.33062,0.36525,0.80947,6.00913,13.85337,23.05943,0.70532,0.51785,0.296,-0.03462,-0.29163
B0054,4C_2.0A,94,0.31744,0.33112,0.81761,6.4587,13.51487,22.24493,0.70532,0.46947,0.334,0.01656,-0.34814
B0054,4C_2.0A,95,0.32794,0.24152,0.80758,5.23233,13.78954,23.80118,0.70532,0.34243,0.08,-0.24794,-0.46516
B0054,4C_2.0A,96,0.28453,0.64695,0.80229,6.63292,12.63216,20.12928,0.70532,0.91724,0.268,-0.01653,0.11495
B0054,4C_2.0A,97,0.32774,0.39232,0.77199,5.35112,14.13324,24.10418,0.70532,0.55623,0.288,-0.03974,-0.21575
B0054,4C_2.0A,98,0.31585,0.31513,0.79432,6.37587,13.44514,21.12482,0.70532,0.44679,0.332,0.01615,-0.34752
B0054,4C_2.0A,99,0.32545,0.38033,0.7701,4.45345,13.90646,24.03837,0.70532,0.53923,0.308,-0.01745,-0.23087
B0054,4C_2.0A,100,0.32469,0.32122,0.77883,6.17575,13.60046,22.3338,0.70532,0.45543,0.29,-0.03469,-0.3234
B0054,4C_2.0A,101,0.32061,0.31521,0.77776,6.25329,13.62234,21.72925,0.70532,0.4469,,,-0.33086
B0054,4C_2.0A,102,0.3249,0.0211,0.76402,5.10357,14.07171,24.06773,0.70532,0.02992,,,-0.7341
B0055,4C_2.0A,1,0.30176,0.84478,0.63551,5.90501,11.87903,18.02447,0.77651,1.08791,0.562,0.26024,0.4524
B0055,4C_2.0A,2,0.40936,0.71106,1.04982,4.9473,12.41526,16.63308,0.77651,0.91571,0.368,-0.04136,-0.13411
B0055,4C_2.0A,3,0.35957,0.8246,1.01569,5.99753,12.36023,18.02222,0.77651,1.06192,0.496,0.13643,0.04623
B0055,4C_2.0A,4,0.35227,0.77651,1.0,5.02696,12.1828,16.27692,0.77651,1.0,0.458,0.10573,0.0
B0055,4C_2.0A,5,0.32031,0.73984,0.95984,5.86595,11.99518,17.38618,0.77651,0.95277,0.44,0.11969,-0.00707
B0055,4C_2.0A,6,0.33179,0.7292,0.96061,5.19077,12.01585,16.28737,0.77651,0.93907,0.342,0.01021,-0.02154
B0055,4C_2.0A,7,0.35116,0.01968,0.95522,4.58384,12.31052,18.76541,0.77651,0.02534,0.434,0.08284,-0.92988
B0055,4C_2.0A,8,0.3512,0.74466,0.94575,5.0533,12.20327,17.74321,0.77651,0.95898,0.342,-0.0092,0.01323
B0055,4C_2.0A,9,0.30479,0.6756,0.93036,5.30159,11.97419,16.27241,0.77651,0.87004,0.336,0.03121,-0.06032
B0055,4C_2.0A,10,0.30872,0.6906,0.91339,6.25759,12.14603,18.49606,0.77651,0.88936,0.418,0.10928,-0.02403
B0055,4C_2.0A,11,0.34288,0.14899,0.91689,5.21199,12.07503,17.23359,0.77651,0.19187,0.382,0.03912,-0.72502
B0055,4C_2.0A,12,0.30073,0.66337,0.90024,5.70541,11.95348,17.25233,0.77651,0.85429,0.388,0.08727,-0.04596
B0055,4C_2.0A,13,0.30809,0.65127,0.90089,4.90217,12.09124,18.84637,0.77651,0.83871,0.198,-0.11009,-0.06218
B0055,4C_2.0A,14,0.29306,0.63628,0.88769,5.75313,11.84145,16.69867,0.77651,0.8194,0.354,0.06094,-0.06829
B0055,4C_2.0A,15,0.29099,0.63239,0.8737,5.96872,11.855,17.2812,0.77651,0.81439,0.39,0.09901,-0.05931
B0055,4C_2.0A,16,0.28773,0.00833,0.86901,6.12395,11.91733,17.87487,0.77651,0.01072,0.4,0.11227,-0.85828
B0055,4C_2.0A,17,0.29877,0.60949,0.88221,4.4928,12.13503,18.56562,0.77651,0.78491,0.198,-0.10077,-0.0973
B0055,4C_2.0A,18,0.29941,0.61818,0.88089,4.9202,12.08553,18.73139,0.77651,0.79609,0.192,-0.10741,-0.0848
B0055,4C_2.0A,19,0.29496,0.40599,0.88029,5.2435,12.03513,18.85911,0.77651,0.52284,0.19,-0.10496,-0.35745
B0055,4C_2.0A,20,0.27901,0.5787,0.85318,5.72622,11.69401,16.47489,0.77651,0.74526,0.208,-0.07101,-0.10792
B0055,4C_2.0A,21,0.28649,0.13097,0.85717,6.26221,12.02595,18.42984,0.77651,0.16866,0.198,-0.08849,-0.68851
B0055,4C_2.0A,22,0.29602,0.67241,0.953,5.49206,11.84729,16.79121,0.77651,0.86594,0.196,-0.10002,-0.08706
B0055,4C_2.0A,23,0.28827,0.64511,0.92466,5.66809,11.64239,16.55821,0.77651,0.83078,0.196,-0.09227,-0.09388
B0055,4C_2.0A,24,0.29049,0.62968,0.91921,5.42966,11.77201,16.17672,0.77651,0.8109,0.19,-0.10049,-0.10831
B0055,4C_2.0A,25,0.2965,0.40805,0.9047,5.22037,11.98345,18.2892,0.77651,0.52549,0.19,-0.1065,-0.37921
B0055,4C_2.0A,26,0.28644,0.63558,0.88497,4.25858,11.9086,18.65864,0.77651,0.8185,0.188,-0.09844,-0.06647
B0055,4C_2.0A,27,0.27599,0.59275,0.87385,6.01219,11.58944,16.83473,0.77651,0.76334,0.192,-0.08399,-0.11051
B0055,4C_2.0A,28,0.27667,0.58527,0.87375,5.87094,11.62971,16.75679,0.77651,0.75372,0.194,-0.08267,-0.12003
B0055,4C_2.0A,29,0.28008,0.57567,0.87726,5.7312,11.64725,16.247,0.77651,0.74135,0.194,-0.08608,-0.13591
B0055,4C_2.0A,30,0.28845,0.58033,0.87091,5.01967,12.02221,19.12998,0.77651,0.74736,0.188,-0.10045,-0.12356
B0055,4C_2.0A,31,0.27571,0.5637,0.86622,5.93323,11.54222,16.36765,0.77651,0.72593,0.194,-0.08171,-0.14029
B0055,4C_2.0A,32,0.27825,0.60783,0.8537,5.45491,11.82597,18.15665,0.77651,0.78276,0.19,-0.08825,-0.07094
B0055,4C_2.0A,33,0.29116,0.56515,0.87124,5.4355,12.03864,18.80551,0.77651,0.72781,0.208,-0.08316,-0.14343
B0055,4C_2.0A,34,0.27294,0.5728,0.84625,6.19648,11.59317,17.55958,0.77651,0.73766,0.19,-0.08294,-0.10859
B0055,4C_2.0A,35,0.28409,0.54995,0.86362,5.53725,11.8736,17.46708,0.77651,0.70823,0.2,-0.08409,-0.15539
B0055,4C_2.0A,36,0.27562,0.59174,0.84221,5.37606,11.80931,18.49463,0.77651,0.76204,0.192,-0.08362,-0.08017
B0055,4C_2.0A,37,0.28637,0.5505,0.86007,5.49139,11.93303,17.91165,0.77651,0.70894,0.196,-0.09037,-0.15113
B0055,4C_2.0A,38,0.27128,0.54144,0.84438,5.97412,11.53733,16.7193,0.77651,0.69728,0.192,-0.07928,-0.1471
B0055,4C_2.0A,39,0.27806,0.58623,0.84262,4.43626,11.94224,18.74387,0.77651,0.75495,0.194,-0.08406,-0.08767
B0055,4C_2.0A,40,0.2751,0.53015,0.85444,5.79371,11.65444,16.07532,0.77651,0.68273,0.196,-0.0791,-0.17171
B0055,4C_2.0A,41,0.27143,0.55253,0.82764,6.25111,11.7227,18.10554,0.77651,0.71155,0.194,-0.07743,-0.11609
B0055,4C_2.0A,42,0.28023,0.5351,0.84117,5.11675,12.13911,19.2254,0.77651,0.6891,0.192,-0.08823,-0.15207
B0055,4C_2.0A,43,0.27646,0.51108,0.87361,6.01151,11.72579,17.79699,0.77651,0.65818,0.198,-0.07846,-0.21543
B0055,4C_2.0A,44,0.29212,0.57177,0.88268,5.01681,12.14093,19.9031,0.77651,0.73633,0.2,-0.09212,-0.14635
B0055,4C_2.0A,45,0.26925,0.54351,0.85848,6.00317,11.32245,16.28428,0.77651,0.69994,0.184,-0.08525,-0.15854
B0055,4C_2.0A,46,0.28034,0.57896,0.85234,4.3664,11.89973,18.8582,0.77651,0.74559,0.192,-0.08834,-0.10675
B0055,4C_2.0A,47,0.28428,0.53419,0.85475,5.20613,11.96985,19.2654,0.77651,0.68793,0.19,-0.09428,-0.16682
B0055,4C_2.0A,48,0.31018,0.51283,0.86413,5.25911,11.94488,19.91575,0.77651,0.66042,0.22,-0.09018,-0.20371
B0055,4C_2.0A,49,0.29318,0.57717,0.90197,5.21609,12.02893,19.74476,0.77651,0.74328,0.198,-0.09518,-0.15869
B0055,4C_2.0A,50,0.2877,0.54722,0.88899,5.74569,11.71503,18.23946,0.77651,0.70471,0.21,-0.0777,-0.18429
B0055,4C_2.0A,51,0.28846,0.54333,0.87862,5.50733,11.81061,19.14325,0.77651,0.6997,0.198,-0.09046,-0.17891
B0055,4C_2.0A,52,0.28661,0.53029,0.86673,5.57356,11.76563,18.95715,0.77651,0.68291,0.2,-0.08661,-0.18382
B0055,4C_2.0A,53,0.28158,0.51724,0.85546,5.47188,11.66666,18.56961,0.77651,0.66611,0.192,-0.08958,-0.18935
B0055,4C_2.0A,54,0.27643,0.56272,0.84389,4.75597,11.70894,18.3896,0.77651,0.72468,0.194,-0.08243,-0.11921
B0055,4C_2.0A,55,0.26955,0.15465,0.8366,4.57187,11.45009,17.85984,0.77651,0.19916,0.188,-0.08155,-0.63744
B0055,4C_2.0A,56,0.26574,0.08683,0.83943,6.07471,11.13163,15.81628,0.77651,0.11182,0.188,-0.07774,-0.72762
B0055,4C_2.0A,57,0.27717,0.49432,0.83778,5.56953,11.73883,18.75543,0.77651,0.63659,0.196,-0.08117,-0.20119
B0055,4C_2.0A,58,0.26631,0.1705,0.82046,4.55428,11.3307,17.25331,0.77651,0.21957,0.188,-0.07831,-0.6009
B0055,4C_2.0A,59,0.28471,0.49402,0.83781,5.76138,11.71744,19.04466,0.77651,0.6362,0.22,-0.06471,-0.20161
B0055,4C_2.0A,60,0.26836,0.54084,0.82066,4.34019,11.44802,17.63278,0.77651,0.6965,0.188,-0.08036,-0.12417
B0055,4C_2.0A,61,0.26576,0.48188,0.82355,6.14378,11.11336,15.65287,0.77651,0.62057,0.194,-0.07176,-0.20298
B0055,4C_2.0A,62,0.2778,0.47724,0.82101,5.57133,11.75991,18.85118,0.77651,0.61459,0.202,-0.0758,-0.20642
B0055,4C_2.0A,63,0.26291,0.51084,0.80456,5.34231,11.09515,16.68238,0.77651,0.65786,0.19,-0.07291,-0.14671
B0055,4C_2.0A,64,0.28274,0.47711,0.82829,5.66038,11.85542,19.33127,0.77651,0.61442,0.214,-0.06874,-0.21387
B0055,4C_2.0A,65,0.26883,0.29774,0.81267,4.35158,11.50146,17.79649,0.77651,0.38344,0.19,-0.07883,-0.42924
B0055,4C_2.0A,66,0.26038,0.31203,0.80597,6.42151,10.92254,15.64187,0.77651,0.40183,0.19,-0.07038,-0.40414
B0055,4C_2.0A,67,0.28332,0.46596,0.81924,5.84288,11.67912,18.47502,0.77651,0.60007,,,-0.21917
B0055,4C_2.0A,68,0.27441,0.48669,0.81044,5.30713,11.71672,18.59857,0.77651,0.62677,0.196,-0.07841,-0.18367
B0055,4C_2.0A,69,0.27045,0.5352,0.81852,5.07253,11.33203,17.70296,0.77651,0.68924,0.204,-0.06645,-0.12928
B0055,4C_2.0A,70,0.28663,0.49244,0.84053,5.4427,11.96782,19.64849,0.77651,0.63417,0.22,-0.06663,-0.20636
B0055,4C_2.0A,71,0.26513,0.50464,0.81858,6.36015,11.01545,16.17806,0.77651,0.64988,0.19,-0.07513,-0.1687
B0055,4C_2.0A,72,0.27884,0.48138,0.82094,5.48744,11.81803,18.88644,0.77651,0.61993,0.2,-0.07884,-0.20101
B0055,4C_2.0A,73,0.27614,0.47201,0.82793,6.08063,11.29528,16.02015,0.77651,0.60785,0.208,-0.06814,-0.22008
B0055,4C_2.0A,74,0.27354,0.51361,0.80426,5.04978,11.58925,18.29217,0.77651,0.66143,0.2,-0.07354,-0.14283
B0055,4C_2.0A,75,0.28429,0.46256,0.82226,5.68478,11.85714,19.26049,0.77651,0.59569,0.22,-0.06429,-0.22656
B0055,4C_2.0A,76,0.26797,0.51542,0.79856,4.09802,11.27629,17.24385,0.77651,0.66376,0.192,-0.07597,-0.13479
B0055,4C_2.0A,77,0.27353,0.46265,0.82196,6.15456,11.22079,15.90082,0.77651,0.5958,0.204,-0.06953,-0.22616
B0055,4C_2.0A,78,0.27982,0.50579,0.80325,5.07194,11.75945,18.9485,0.77651,0.65136,0.204,-0.07582,-0.15189
B0055,4C_2.0A,79,0.26658,0.46199,0.80542,6.25364,10.98825,14.95748,0.77651,0.59495,0.196,-0.07058,-0.21047
B0055,4C_2.0A,80,0.27018,0.50669,0.7913,3.88005,11.35568,17.7046,0.77651,0.65252,0.2,-0.07018,-0.13878
B0055,4C_2.0A,81,0.27974,0.45442,0.81453,6.14834,11.44329,16.74671,0.77651,0.5852,,,-0.22933
B0055,4C_2.0A,82,0.28819,0.45333,0.812,5.78702,11.78583,19.20127,0.77651,0.5838,0.078,-0.21019,-0.2282
B0055,4C_2.0A,83,0.28256,0.45147,0.80819,5.644,11.7264,18.92122,0.77651,0.5814,0.216,-0.06656,-0.22678
B0055,4C_2.0A,84,0.27298,0.50542,0.79442,4.75626,11.47279,17.83845,0.77651,0.65088,0.2,-0.07298,-0.14353
B0055,4C_2.0A,85,0.28578,0.45234,0.80802,5.6984,11.80224,19.41325,0.77651,0.58252,0.238,-0.04778,-0.22549
B0055,4C_2.0A,86,0.27047,0.50063,0.79247,4.51219,11.36319,17.55547,0.77651,0.64471,0.2,-0.07047,-0.14776
B0055,4C_2.0A,87,0.26624,0.44696,0.79966,6.21161,10.94982,15.1816,0.77651,0.57559,0.196,-0.07024,-0.22407
B0055,4C_2.0A,88,0.28826,0.43819,0.80264,5.94087,11.70644,19.119,0.77651,0.56431,,,-0.23833
B0055,4C_2.0A,89,0.27562,0.4864,0.79415,5.13654,11.58353,18.25939,0.77651,0.62639,0.204,-0.07162,-0.16777
B0055,4C_2.0A,90,0.30351,0.52755,0.86636,5.16885,11.9615,20.33433,0.77651,0.67938,,,-0.18698
B0055,4C_2.0A,91,0.29011,0.48104,0.85853,5.77876,11.5226,18.82434,0.77651,0.61948,,,-0.23905
B0055,4C_2.0A,92,0.26218,0.51403,0.82132,5.64709,10.72186,16.21506,0.77651,0.66197,0.19,-0.07218,-0.15935
B0055,4C_2.0A,93,0.28587,0.46385,0.83504,5.84374,11.41154,18.62486,0.77651,0.59734,,,-0.23769
B0055,4C_2.0A,94,0.26752,0.45948,0.83148,6.24775,10.81051,15.13757,0.77651,0.59172,0.202,-0.06552,-0.23976
B0055,4C_2.0A,95,0.25992,0.47958,0.79551,5.04634,10.71418,16.11339,0.77651,0.61761,0.194,-0.06592,-0.1779
B0055,4C_2.0A,96,0.25645,0.17811,0.80207,6.4047,10.47873,14.51027,0.77651,0.22937,0.192,-0.06445,-0.5727
B0055,4C_2.0A,97,0.27702,0.49198,0.79829,5.14978,11.57745,18.79688,0.77651,0.63358,0.074,-0.20302,-0.16471
B0055,4C_2.0A,98,0.2693,0.43688,0.81807,6.18059,10.88928,15.51512,0.77651,0.56262,,,-0.25545
B0055,4C_2.0A,99,0.26614,0.49315,0.78081,4.23053,11.12586,17.41088,0.77651,0.63508,0.206,-0.06014,-0.14573
B0055,4C_2.0A,100,0.27759,0.42719,0.80549,6.03063,11.18026,17.54163,0.77651,0.55014,,,-0.25536
B0055,4C_2.0A,101,0.27344,0.42651,0.8114,6.11485,11.10281,16.68413,0.77651,0.54926,,,-0.26214
B0055,4C_2.0A,102,0.26894,0.49255,0.78803,4.94866,11.41293,18.12731,0.77651,0.6343,0.212,-0.05694,-0.15373
B0056,4C_2.0A,1,0.28913,0.77519,0.60529,6.29338,9.97936,15.73754,0.70531,1.09907,0.25,-0.03913,0.49379
B0056,4C_2.0A,2,0.42384,0.47238,1.03622,5.13443,11.06744,14.09018,0.70531,0.66974,0.324,-0.09984,-0.36647
B0056,4C_2.0A,3,0.38192,0.63367,1.01552,6.30952,10.88946,14.90737,0.70531,0.89842,0.394,0.01208,-0.1171
B0056,4C_2.0A,4,0.37681,0.74194,1.0,5.21129,10.76446,14.04619,0.70531,1.05194,0.362,-0.01481,0.05194
B0056,4C_2.0A,5,0.34554,0.70531,0.97425,6.17894,10.65575,14.4588,0.70531,1.0,0.534,0.18846,0.02575
B0056,4C_2.0A,6,0.35573,0.68137,0.97039,5.39439,10.6044,13.79069,0.70531,0.96606,0.494,0.13827,-0.00433
B0056,4C_2.0A,7,0.37765,0.71698,0.98709,4.42682,10.74762,14.88122,0.70531,1.01654,0.366,-0.01165,0.02945
B0056,4C_2.0A,8,0.38135,0.71653,0.9691,5.31215,10.64228,14.28315,0.70531,1.0159,0.472,0.09065,0.0468
B0056,4C_2.0A,9,0.33437,0.49918,0.94239,5.65159,10.44943,13.24626,0.70531,0.70775,0.348,0.01363,-0.23464
B0056,4C_2.0A,10,0.34053,0.6768,0.94752,6.5762,10.53511,14.78464,0.70531,0.95958,0.332,-0.00853,0.01206
B0056,4C_2.0A,11,0.37845,0.69387,0.94621,5.57047,10.59659,13.96721,0.70531,0.98378,0.456,0.07755,0.03757
B0056,4C_2.0A,12,0.33306,0.45206,0.93527,6.08443,10.51888,14.10184,0.70531,0.64094,0.238,-0.09506,-0.29433
B0056,4C_2.0A,13,0.34236,0.62548,0.94825,4.9218,10.55327,15.01474,0.70531,0.88682,0.446,0.10364,-0.06143
B0056,4C_2.0A,14,0.32695,0.07374,0.91937,6.13995,10.41471,13.81433,0.70531,0.10455,0.448,0.12105,-0.81481
B0056,4C_2.0A,15,0.32574,0.62418,0.91471,6.31669,10.39418,14.16756,0.70531,0.88497,0.492,0.16626,-0.02974
B0056,4C_2.0A,16,0.32672,0.11019,0.91839,6.44121,10.4419,14.49848,0.70531,0.15624,0.468,0.14128,-0.76215
B0056,4C_2.0A,17,0.33664,0.37268,0.93588,4.3043,10.55651,14.95747,0.70531,0.52839,0.378,0.04136,-0.40749
B0056,4C_2.0A,18,0.33815,0.60174,0.93223,5.21308,10.53633,15.00152,0.70531,0.85316,0.4,0.06185,-0.07907
B0056,4C_2.0A,19,0.33306,0.50819,0.9304,5.59769,10.4952,14.33817,0.70531,0.72052,0.396,0.06294,-0.20988
B0056,4C_2.0A,20,0.31662,0.58063,0.8964,6.07843,10.30191,13.43661,0.70531,0.82323,0.352,0.03538,-0.07317
B0056,4C_2.0A,21,0.32109,0.16485,0.90867,6.58306,10.454,14.63927,0.70531,0.23373,0.336,0.01491,-0.67494
B0056,4C_2.0A,22,0.33566,0.6679,0.9978,5.89143,10.39029,13.57735,0.70531,0.94696,0.38,0.04434,-0.05084
B0056,4C_2.0A,23,0.32789,0.64473,0.9714,6.05968,10.29031,13.56827,0.70531,0.91411,0.374,0.04611,-0.05729
B0056,4C_2.0A,24,0.32355,0.61347,0.95646,5.83637,10.26309,13.22292,0.70531,0.86979,,,-0.08666
B0056,4C_2.0A,25,0.33164,0.60324,0.96518,5.5387,10.40001,14.11724,0.70531,0.85528,0.234,-0.09764,-0.1099
B0056,4C_2.0A,26,0.32349,0.63825,0.94646,3.56505,10.40983,14.72591,0.70531,0.90492,0.244,-0.07949,-0.04153
B0056,4C_2.0A,27,0.31658,0.59584,0.91857,6.35002,10.24962,13.78291,0.70531,0.8448,0.416,0.09942,-0.07377
B0056,4C_2.0A,28,0.31442,0.58607,0.91405,6.21249,10.23703,13.53465,0.70531,0.83094,0.242,-0.07242,-0.08311
B0056,4C_2.0A,29,0.31685,0.57286,0.91269,6.11792,10.19823,12.99756,0.70531,0.81221,,,-0.10048
B0056,4C_2.0A,30,0.32576,0.57134,0.92956,5.2114,10.43094,14.90755,0.70531,0.81006,0.172,-0.15376,-0.1195
B0056,4C_2.0A,31,0.31416,0.56807,0.8983,6.25597,10.13953,13.20576,0.70531,0.80542,0.238,-0.07616,-0.09289
B0056,4C_2.0A,32,0.31736,0.61799,0.90877,5.01932,10.30844,14.51159,0.70531,0.87619,0.4,0.08264,-0.03258
B0056,4C_2.0A,33,0.32547,0.55155,0.92596,5.84891,10.36841,14.30233,0.70531,0.782,0.174,-0.15147,-0.14396
B0056,4C_2.0A,34,0.31069,0.57973,0.89843,6.51341,10.20467,14.15322,0.70531,0.82195,0.442,0.13131,-0.07649
B0056,4C_2.0A,35,0.31771,0.5393,0.90977,5.91379,10.31561,13.85529,0.70531,0.76463,0.23,-0.08771,-0.14514
B0056,4C_2.0A,36,0.31118,0.59977,0.8986,4.85373,10.27679,14.49286,0.70531,0.85036,0.392,0.08082,-0.04824
B0056,4C_2.0A,37,0.31994,0.53986,0.90676,5.89074,10.32642,14.06546,0.70531,0.76543,0.088,-0.23194,-0.14133
B0056,4C_2.0A,38,0.30854,0.54976,0.8832,6.2944,10.17301,13.41286,0.70531,0.77946,,,-0.10374
B0056,4C_2.0A,39,0.31352,0.59989,0.89995,3.72244,10.35992,14.6061,0.70531,0.85053,0.174,-0.13952,-0.04941
B0056,4C_2.0A,40,0.30909,0.52938,0.88305,6.19235,10.16088,13.20812,0.70531,0.75056,0.234,-0.07509,-0.13249
B0056,4C_2.0A,41,0.30677,0.56214,0.88207,6.57681,10.1944,14.33987,0.70531,0.79701,0.352,0.04523,-0.08506
B0056,4C_2.0A,42,0.31148,0.5316,0.89452,5.46266,10.4564,14.86919,0.70531,0.75371,0.236,-0.07548,-0.14081
B0056,4C_2.0A,43,0.32058,0.60414,0.94592,6.34647,10.31362,14.25522,0.70531,0.85656,,,-0.08936
B0056,4C_2.0A,44,0.32835,0.56974,0.96001,5.33004,10.45092,15.14597,0.70531,0.80779,,,-0.15221
B0056,4C_2.0A,45,0.31129,0.56627,0.90355,6.34658,10.0664,13.36576,0.70531,0.80287,0.218,-0.09329,-0.10068
B0056,4C_2.0A,46,0.31945,0.59663,0.92137,4.1165,10.4375,14.76156,0.70531,0.84591,,,-0.07546
B0056,4C_2.0A,47,0.32224,0.53002,0.91875,5.58902,10.41391,14.92752,0.70531,0.75147,0.23,-0.09224,-0.16728
B0056,4C_2.0A,48,0.3502,0.5956,0.94778,5.66552,10.51373,15.38684,0.70531,0.84445,0.274,-0.0762,-0.10333
B0056,4C_2.0A,49,0.33409,0.56997,0.98465,5.57307,10.47765,15.06186,0.70531,0.80811,,,-0.17654
B0056,4C_2.0A,50,0.32913,0.55843,0.95839,6.12583,10.31728,14.19418,0.70531,0.79175,,,-0.16664
B0056,4C_2.0A,51,0.33014,0.54444,0.94869,5.90057,10.38069,14.67022,0.70531,0.77191,,,-0.17678
B0056,4C_2.0A,52,0.32811,0.53496,0.93747,5.90353,10.36448,14.75644,0.70531,0.75848,,,-0.17899
B0056,4C_2.0A,53,0.32523,0.52143,0.93176,5.84894,10.41861,15.07494,0.70531,0.7393,0.236,-0.08923,-0.19246
B0056,4C_2.0A,54,0.31875,0.58515,0.9208,4.8451,10.46747,14.77235,0.70531,0.82963,0.242,-0.07675,-0.09117
B0056,4C_2.0A,55,0.31058,0.59365,0.90447,3.90376,10.24759,14.62427,0.70531,0.84169,,,-0.06278
B0056,4C_2.0A,56,0.30493,0.52785,0.87906,6.37309,10.06028,12.97402,0.70531,0.7484,0.202,-0.10293,-0.13066
B0056,4C_2.0A,57,0.31731,0.49688,0.91121,5.94227,10.46182,14.96234,0.70531,0.70448,,,-0.20673
B0056,4C_2.0A,58,0.307,0.5759,0.88492,3.95751,10.21777,14.28894,0.70531,0.81652,0.36,0.053,-0.0684
B0056,4C_2.0A,59,0.32127,0.50731,0.91149,6.12319,10.38285,14.73165,0.70531,0.71928,0.242,-0.07927,-0.19222
B0056,4C_2.0A,60,0.30981,0.57879,0.89043,4.33078,10.34459,14.53018,0.70531,0.82062,,,-0.06981
B0056,4C_2.0A,61,0.30399,0.51323,0.86458,6.44246,10.02822,12.92096,0.70531,0.72767,0.212,-0.09199,-0.13691
B0056,4C_2.0A,62,0.31578,0.4851,0.89617,5.95991,10.49753,14.9755,0.70531,0.68778,,,-0.2084
B0056,4C_2.0A,63,0.30462,0.55419,0.86691,5.03151,10.07846,14.00667,0.70531,0.78575,0.404,0.09938,-0.08116
B0056,4C_2.0A,64,0.3177,0.48262,0.89907,6.04384,10.43759,15.0655,0.70531,0.68426,,,-0.2148
B0056,4C_2.0A,65,0.30745,0.56451,0.8746,4.39535,10.32768,14.43852,0.70531,0.80037,,,-0.07423
B0056,4C_2.0A,66,0.29921,0.52254,0.84881,6.68817,9.93132,13.19429,0.70531,0.74087,0.366,0.06679,-0.10794
B0056,4C_2.0A,67,0.31948,0.48724,0.89109,6.20169,10.34139,14.4825,0.70531,0.69081,0.25,-0.06948,-0.20028
B0056,4C_2.0A,68,0.30947,0.50162,0.87759,5.70652,10.49474,14.72075,0.70531,0.71121,,,-0.16639
B0056,4C_2.0A,69,0.31353,0.58754,0.90624,4.70598,10.20642,14.52908,0.70531,0.83302,0.366,0.05247,-0.07322
B0056,4C_2.0A,70,0.32035,0.50041,0.92259,5.89184,10.59291,15.24413,0.70531,0.7095,,,-0.21309
B0056,4C_2.0A,71,0.30466,0.54504,0.86849,6.64627,9.98442,13.5129,0.70531,0.77277,0.366,0.06134,-0.09572
B0056,4C_2.0A,72,0.31468,0.48882,0.8942,5.87485,10.53276,14.86213,0.70531,0.69305,,,-0.20115
B0056,4C_2.0A,73,0.31344,0.50225,0.87573,6.41127,10.14469,13.37841,0.70531,0.71209,0.212,-0.10144,-0.16364
B0056,4C_2.0A,74,0.31063,0.53606,0.87849,5.38473,10.41872,14.8062,0.70531,0.76004,0.196,-0.11463,-0.11846
B0056,4C_2.0A,75,0.31742,0.46995,0.89104,6.10185,10.53297,15.1441,0.70531,0.6663,0.216,-0.10142,-0.22474
B0056,4C_2.0A,76,0.30833,0.55598,0.86854,4.08417,10.29425,14.39832,0.70531,0.78827,0.204,-0.10433,-0.08027
B0056,4C_2.0A,77,0.31106,0.36716,0.86074,6.42963,10.05039,13.06986,0.70531,0.52056,0.228,-0.08306,-0.34017
B0056,4C_2.0A,78,0.31434,0.5242,0.87336,5.45162,10.47201,14.62578,0.70531,0.74322,0.086,-0.22834,-0.13014
B0056,4C_2.0A,79,0.30336,0.39354,0.83969,6.52814,9.9094,12.58524,0.70531,0.55797,,,-0.28172
B0056,4C_2.0A,80,0.3073,0.30419,0.85719,3.47883,10.24276,14.40909,0.70531,0.43129,0.208,-0.0993,-0.42589
B0056,4C_2.0A,81,0.31659,0.29558,0.86945,6.43472,10.21629,13.63962,0.70531,0.41908,0.23,-0.08659,-0.45037
B0056,4C_2.0A,82,0.31851,0.52054,0.87768,6.15613,10.35797,14.88069,0.70531,0.73803,0.212,-0.10651,-0.13965
B0056,4C_2.0A,83,0.31343,0.21273,0.86877,6.06124,10.41264,14.94384,0.70531,0.30162,,,-0.56715
B0056,4C_2.0A,84,0.30903,0.04384,0.8557,5.03024,10.35556,14.50969,0.70531,0.06215,,,-0.79355
B0056,4C_2.0A,85,0.31511,0.0392,0.87444,6.11673,10.41666,15.06227,0.70531,0.05558,,,-0.81886
B0056,4C_2.0A,86,0.30754,0.39507,0.85439,4.58562,10.30129,14.46895,0.70531,0.56013,,,-0.29426
B0056,4C_2.0A,87,0.30085,0.47534,0.83001,6.53037,9.91166,12.50824,0.70531,0.67394,0.186,-0.11485,-0.15606
B0056,4C_2.0A,88,0.31761,0.06248,0.86976,6.32596,10.34902,14.88703,0.70531,0.08859,0.192,-0.12561,-0.78118
B0056,4C_2.0A,89,0.30747,0.3067,0.85299,5.5445,10.40396,14.64377,0.70531,0.43484,,,-0.41814
B0056,4C_2.0A,90,0.33137,0.54263,0.98015,5.5894,10.67259,15.53615,0.70531,0.76935,,,-0.2108
B0056,4C_2.0A,91,0.32523,0.50404,0.957,6.18903,10.38887,14.71032,0.70531,0.71463,0.262,-0.06323,-0.24236
B0056,4C_2.0A,92,0.30876,0.56992,0.90541,5.45004,10.08475,14.28271,0.70531,0.80804,,,-0.09737
B0056,4C_2.0A,93,0.3225,0.49273,0.92413,6.21888,10.36589,14.73543,0.70531,0.6986,0.238,-0.0845,-0.22553
B0056,4C_2.0A,94,0.30812,0.50406,0.88344,6.55008,10.01961,12.98621,0.70531,0.71466,0.244,-0.06412,-0.16877
B0056,4C_2.0A,95,0.30374,0.54345,0.8704,4.79595,10.06003,14.02091,0.70531,0.77052,,,-0.09988
B0056,4C_2.0A,96,0.29939,0.52523,0.85584,6.66468,9.89481,13.15859,0.70531,0.74468,0.412,0.11261,-0.11116
B0056,4C_2.0A,97,0.30905,0.51582,0.88943,5.57237,10.53515,14.94202,0.70531,0.73134,,,-0.15808
B0056,4C_2.0A,98,0.30812,0.48203,0.87116,6.48551,10.11601,13.31671,0.70531,0.68343,0.226,-0.08212,-0.18774
B0056,4C_2.0A,99,0.30455,0.53857,0.86781,4.4394,10.33224,14.61281,0.70531,0.7636,,,-0.10422
B0056,4C_2.0A,100,0.31295,0.29014,0.88102,6.34204,10.27802,14.20547,0.70531,0.41137,,,-0.46966
B0056,4C_2.0A,101,0.31026,0.46968,0.8766,6.42392,10.2635,13.86252,0.70531,0.66593,,,-0.21068
B0056,4C_2.0A,102,0.30327,0.52314,0.87027,5.33093,10.45275,14.8992,0.70531,0.74171,,,-0.12856
