cell_id,cohort,cycle,rul_pred,rul_true,error,slope_per_cycle,refusal,threshold
CS2_3,CS2_Type3,30.0,,214.0,,-0.0002937973681708502,"extrapolation reaches 315 cycles ahead on 29 cycles of history, beyond 2x; the trend cannot see that far",0.9
CS2_3,CS2_Type3,40.0,,204.0,,-0.00024598730349820674,"extrapolation reaches 371 cycles ahead on 39 cycles of history, beyond 2x; the trend cannot see that far",0.9
CS2_3,CS2_Type3,50.0,,194.0,,-0.0003619132902507541,"extrapolation reaches 234 cycles ahead on 49 cycles of history, beyond 2x; the trend cannot see that far",0.9
CS2_3,CS2_Type3,60.0,,184.0,,-0.0004270738374770188,"extrapolation reaches 183 cycles ahead on 59 cycles of history, beyond 2x; the trend cannot see that far",0.9
CS2_3,CS2_Type3,70.0,,174.0,,-0.0004209357798559778,"extrapolation reaches 176 cycles ahead on 69 cycles of history, beyond 2x; the trend cannot see that far",0.9
CS2_3,CS2_Type3,80.0,,164.0,,-0.00040622111940429424,"extrapolation reaches 174 cycles ahead on 79 cycles of history, beyond 2x; the trend cannot see that far",0.9
CS2_3,CS2_Type3,90.0,162.5629333835918,154.0,8.562933383591798,-0.0004096613262989292,,0.9
CS2_3,CS2_Type3,100.0,155.43389753296069,144.0,11.433897532960685,-0.0004043424669251566,,0.9
CS2_3,CS2_Type3,110.0,146.37897663127808,134.0,12.378976631278078,-0.00040262364097878373,,0.9
CS2_3,CS2_Type3,120.0,135.12108157721815,124.0,11.121081577218149,-0.00040497296604691875,,0.9
CS2_3,CS2_Type3,130.0,121.61758668362631,114.0,7.617586683626314,-0.00041167923085458965,,0.9
CS2_3,CS2_Type3,140.0,112.89387913176057,104.0,8.89387913176057,-0.00040914781895493046,,0.9
CS2_3,CS2_Type3,150.0,100.48222627226554,94.0,6.482226272265535,-0.00041397204454526133,,0.9
CS2_3,CS2_Type3,160.0,91.87996502675489,84.0,7.879965026754888,-0.00041106576015242273,,0.9
CS2_3,CS2_Type3,170.0,85.98033144863163,74.0,11.980331448631631,-0.00040267607588576125,,0.9
CS2_3,CS2_Type3,180.0,73.92568570882833,64.0,9.925685708828325,-0.0004068848965007626,,0.9
CS2_3,CS2_Type3,190.0,65.72903509446644,54.0,11.72903509446644,-0.0004031020665712184,,0.9
CS2_3,CS2_Type3,200.0,54.512175634011555,44.0,10.512175634011555,-0.0004056879568698846,,0.9
CS2_3,CS2_Type3,210.0,43.952491808881376,34.0,9.952491808881376,-0.00040688039252034265,,0.9
CS2_3,CS2_Type3,220.0,32.03344982516805,24.0,8.033449825168049,-0.0004111834563542393,,0.9
CS2_3,CS2_Type3,230.0,21.88432105497077,14.0,7.884321054970769,-0.0004115083224023402,,0.9
CS2_3,CS2_Type3,240.0,11.582642628320144,4.0,7.582642628320144,-0.0004122180673455172,,0.9
CS2_33,CS2_Type1,30.0,,248.0,,-0.000975892352349117,"extrapolation reaches 74 cycles ahead on 29 cycles of history, beyond 2x; the trend cannot see that far",0.9
CS2_33,CS2_Type1,40.0,70.92717668799627,238.0,-167.07282331200372,-0.0009035469711234916,,0.9
CS2_33,CS2_Type1,50.0,72.82197008376005,228.0,-155.17802991623995,-0.0008029771132877596,,0.9
CS2_33,CS2_Type1,60.0,93.0708792928074,218.0,-124.9291207071926,-0.0006219841892700005,,0.9
CS2_33,CS2_Type1,70.0,90.10527823869913,208.0,-117.89472176130087,-0.0005900891803562862,,0.9
CS2_33,CS2_Type1,80.0,83.68205125825256,198.0,-114.31794874174744,-0.0005746818555445262,,0.9
CS2_33,CS2_Type1,90.0,76.8044440449327,188.0,-111.1955559550673,-0.0005615758638936653,,0.9
CS2_33,CS2_Type1,100.0,73.69758505114186,178.0,-104.30241494885814,-0.0005342169597719321,,0.9
CS2_33,CS2_Type1,110.0,72.51470541338244,168.0,-95.48529458661756,-0.000502115601758544,,0.9
CS2_33,CS2_Type1,120.0,73.54553170254988,158.0,-84.45446829745012,-0.0004663762812382475,,0.9
CS2_33,CS2_Type1,130.0,67.50503667573233,148.0,-80.49496332426767,-0.0004544512360799033,,0.9
CS2_33,CS2_Type1,140.0,68.37440996313228,138.0,-69.62559003686772,-0.0004240565859450672,,0.9
CS2_33,CS2_Type1,150.0,73.9837122373122,128.0,-54.016287762687796,-0.0003862958252229546,,0.9
CS2_33,CS2_Type1,160.0,70.71794559839003,118.0,-47.28205440160997,-0.0003717228850111408,,0.9
CS2_33,CS2_Type1,170.0,65.97926321779391,108.0,-42.020736782206086,-0.00036087990544114837,,0.9
CS2_33,CS2_Type1,180.0,64.45422008394925,98.0,-33.54577991605075,-0.00034439387354752877,,0.9
CS2_33,CS2_Type1,190.0,64.66472746104785,88.0,-23.335272538952154,-0.00032612507775566624,,0.9
CS2_33,CS2_Type1,200.0,62.81867433799971,78.0,-15.18132566200029,-0.0003126557117979874,,0.9
CS2_33,CS2_Type1,210.0,56.77699730384114,68.0,-11.223002696158858,-0.00030640369251201444,,0.9
CS2_33,CS2_Type1,220.0,44.45890965743712,58.0,-13.541090342562882,-0.0003100815341582496,,0.9
CS2_33,CS2_Type1,230.0,34.21293709692725,48.0,-13.787062903072751,-0.00031047855479031914,,0.9
CS2_33,CS2_Type1,240.0,28.525786234898646,38.0,-9.474213765101354,-0.0003034295198665818,,0.9
CS2_33,CS2_Type1,250.0,18.85894489320833,28.0,-9.141055106791669,-0.00030288900908944586,,0.9
CS2_33,CS2_Type1,260.0,7.794942881713325,18.0,-10.205057118286675,-0.00030465632497860787,,0.9
CS2_33,CS2_Type1,270.0,0.5419249969232283,8.0,-7.458075003076772,-0.0003000400867496933,,0.9
CS2_34,CS2_Type1,30.0,,237.0,,-0.0009624825888339055,"extrapolation reaches 73 cycles ahead on 29 cycles of history, beyond 2x; the trend cannot see that far",0.9
CS2_34,CS2_Type1,40.0,69.38005258588777,227.0,-157.61994741411223,-0.0009021350562999647,,0.9
CS2_34,CS2_Type1,50.0,70.32189606934493,217.0,-146.67810393065508,-0.0008073798784151097,,0.9
CS2_34,CS2_Type1,60.0,89.28111917382324,207.0,-117.71888082617676,-0.0006279862994568034,,0.9
CS2_34,CS2_Type1,70.0,89.04667668698477,197.0,-107.95332331301523,-0.0005830463261193753,,0.9
CS2_34,CS2_Type1,80.0,83.22690735473304,187.0,-103.77309264526696,-0.0005652182276539788,,0.9
CS2_34,CS2_Type1,90.0,82.73922883108472,177.0,-94.26077116891528,-0.0005277264741610932,,0.9
CS2_34,CS2_Type1,100.0,87.11717991841067,167.0,-79.88282008158933,-0.00047880427712739427,,0.9
CS2_34,CS2_Type1,110.0,84.5436172160031,157.0,-72.4563827839969,-0.00045639280595009596,,0.9
CS2_34,CS2_Type1,120.0,84.46837758947021,147.0,-62.53162241052979,-0.0004290400984870206,,0.9
CS2_34,CS2_Type1,130.0,77.45182264946394,137.0,-59.548177350536065,-0.00042126047348830484,,0.9
CS2_34,CS2_Type1,140.0,70.37359205465356,127.0,-56.62640794534644,-0.0004137770102895225,,0.9
CS2_34,CS2_Type1,150.0,75.50335385979858,117.0,-41.49664614020142,-0.0003783974765558901,,0.9
CS2_34,CS2_Type1,160.0,73.4025818418011,107.0,-33.597418158198906,-0.000361908789302916,,0.9
CS2_34,CS2_Type1,170.0,65.561452078679,97.0,-31.438547921321003,-0.00035756023105457444,,0.9
CS2_34,CS2_Type1,180.0,56.96246557495962,87.0,-30.037534425040377,-0.000354737098957325,,0.9
CS2_34,CS2_Type1,190.0,54.61572153886735,77.0,-22.384278461132652,-0.0003398750138276999,,0.9
CS2_34,CS2_Type1,200.0,46.84858485996122,67.0,-20.15141514003878,-0.0003356970988145221,,0.9
CS2_34,CS2_Type1,210.0,36.33870581773215,57.0,-20.661294182267852,-0.00033666068922599867,,0.9
CS2_34,CS2_Type1,220.0,26.739554084477476,47.0,-20.260445915522524,-0.00033587832454283543,,0.9
CS2_34,CS2_Type1,230.0,20.088373650539978,37.0,-16.911626349460022,-0.00032943862479438684,,0.9
CS2_34,CS2_Type1,240.0,12.931997926895434,27.0,-14.068002073104566,-0.0003240644162764071,,0.9
CS2_34,CS2_Type1,250.0,3.50694982620044,17.0,-13.49305017379956,-0.0003229741457610852,,0.9
CS2_34,CS2_Type1,260.0,0.0,7.0,-7.0,-0.00031865890972815136,fitted trend places end of life at or before now,0.9
CS2_35,CS2_Type2,30.0,47.24087207247966,114.0,-66.75912792752034,-0.0012094224125282227,,0.9
CS2_35,CS2_Type2,40.0,22.971468660928593,104.0,-81.0285313390714,-0.0015380050763158645,,0.9
CS2_35,CS2_Type2,50.0,15.409405523659998,94.0,-78.59059447634,-0.0014616176430476246,,0.9
CS2_35,CS2_Type2,60.0,27.918246554732562,84.0,-56.08175344526744,-0.0009832164563163275,,0.9
CS2_35,CS2_Type2,70.0,25.194793475035866,74.0,-48.805206524964134,-0.0008843563478768308,,0.9
CS2_35,CS2_Type2,80.0,14.771936683244547,64.0,-49.22806331675545,-0.0008892760224359677,,0.9
CS2_35,CS2_Type2,90.0,4.771510648832546,54.0,-49.228489351167454,-0.0008890492613708241,,0.9
CS2_35,CS2_Type2,100.0,0.0,44.0,-44.0,-0.0008876593379574386,fitted trend places end of life at or before now,0.9
CS2_35,CS2_Type2,110.0,0.0,34.0,-34.0,-0.0007577633059784363,fitted trend places end of life at or before now,0.9
CS2_35,CS2_Type2,120.0,0.0,24.0,-24.0,-0.0006713019779404017,fitted trend places end of life at or before now,0.9
CS2_35,CS2_Type2,130.0,0.0,14.0,-14.0,-0.0006348945616622855,fitted trend places end of life at or before now,0.9
CS2_35,CS2_Type2,140.0,0.0,4.0,-4.0,-0.0005860865244718069,fitted trend places end of life at or before now,0.9
CS2_36,CS2_Type2,30.0,,237.0,,-0.0008162530286649299,"extrapolation reaches 88 cycles ahead on 29 cycles of history, beyond 2x; the trend cannot see that far",0.9
CS2_36,CS2_Type2,40.0,49.18687699038374,227.0,-177.81312300961628,-0.001110897780343175,,0.9
CS2_36,CS2_Type2,50.0,41.769249406415526,217.0,-175.23075059358447,-0.0010725833286960066,,0.9
CS2_36,CS2_Type2,60.0,64.28452921468377,207.0,-142.71547078531623,-0.0007408169548862772,,0.9
CS2_36,CS2_Type2,70.0,63.621365689523145,197.0,-133.37863431047685,-0.0006782482770480785,,0.9
CS2_36,CS2_Type2,80.0,53.966845264202306,187.0,-133.0331547357977,-0.0006758337454872619,,0.9
CS2_36,CS2_Type2,90.0,46.166160391626704,177.0,-130.8338396083733,-0.0006618847054724059,,0.9
CS2_36,CS2_Type2,100.0,38.76723653751978,167.0,-128.23276346248022,-0.0006456363989819977,,0.9
CS2_36,CS2_Type2,110.0,33.96645425406311,157.0,-123.03354574593689,-0.0006147043182201679,,0.9
CS2_36,CS2_Type2,120.0,25.79910219478984,147.0,-121.20089780521016,-0.0006040954044605083,,0.9
CS2_36,CS2_Type2,130.0,24.435753136453712,137.0,-112.56424686354629,-0.0005575590619973397,,0.9
CS2_36,CS2_Type2,140.0,26.49296063946744,127.0,-100.50703936053256,-0.0005020467461880152,,0.9
CS2_36,CS2_Type2,150.0,22.163732397905704,117.0,-94.8362676020943,-0.00047885127897561835,,0.9
CS2_36,CS2_Type2,160.0,16.751061342148404,107.0,-90.2489386578516,-0.00046119485555667667,,0.9
CS2_36,CS2_Type2,170.0,10.703391106141595,97.0,-86.2966088938584,-0.00044663618758998937,,0.9
CS2_36,CS2_Type2,180.0,9.812533119729807,87.0,-77.1874668802702,-0.00041558395995349015,,0.9
CS2_36,CS2_Type2,190.0,8.49257797757815,77.0,-68.50742202242185,-0.00038916169947377546,,0.9
CS2_36,CS2_Type2,200.0,2.696197315809144,67.0,-64.30380268419086,-0.0003771974112791965,,0.9
CS2_36,CS2_Type2,210.0,0.0,57.0,-57.0,-0.00036483763119442644,fitted trend places end of life at or before now,0.9
CS2_36,CS2_Type2,220.0,0.0,47.0,-47.0,-0.0003507571971945396,fitted trend places end of life at or before now,0.9
CS2_36,CS2_Type2,230.0,0.0,37.0,-37.0,-0.00032854448427271167,fitted trend places end of life at or before now,0.9
CS2_36,CS2_Type2,240.0,0.0,27.0,-27.0,-0.0003108303007458308,fitted trend places end of life at or before now,0.9
CS2_36,CS2_Type2,250.0,0.0,17.0,-17.0,-0.00029846964940509154,fitted trend places end of life at or before now,0.9
CS2_36,CS2_Type2,260.0,0.0,7.0,-7.0,-0.000288035592175002,fitted trend places end of life at or before now,0.9
CS2_37,CS2_Type2,30.0,,85.0,,-0.0010414606868079592,"extrapolation reaches 60 cycles ahead on 29 cycles of history, beyond 2x; the trend cannot see that far",0.9
CS2_37,CS2_Type2,40.0,30.805890488984417,75.0,-44.19410951101558,-0.0013811304090798344,,0.9
CS2_37,CS2_Type2,50.0,22.49476319749914,65.0,-42.50523680250086,-0.0013392332450578078,,0.9
CS2_37,CS2_Type2,60.0,39.200037225498534,55.0,-15.799962774501466,-0.0008927505443512943,,0.9
CS2_37,CS2_Type2,70.0,34.80262321592305,45.0,-10.197376784076951,-0.0008314470395239684,,0.9
CS2_37,CS2_Type2,80.0,24.008474427969276,35.0,-10.991525572030724,-0.0008393610916188578,,0.9
CS2_37,CS2_Type2,90.0,15.062923049666225,25.0,-9.937076950333775,-0.0008275856071672687,,0.9
CS2_37,CS2_Type2,100.0,5.405843307501868,15.0,-9.594156692498132,-0.0008236783431336149,,0.9
CS2_37,CS2_Type2,110.0,0.7417821513283656,5.0,-4.258217848671634,-0.0007657899448126483,,0.9
CS2_38,CS2_Type2,30.0,,116.0,,-0.0010169680471837318,"extrapolation reaches 64 cycles ahead on 29 cycles of history, beyond 2x; the trend cannot see that far",0.9
CS2_38,CS2_Type2,40.0,29.237131143321832,106.0,-76.76286885667817,-0.0014409122928190233,,0.9
CS2_38,CS2_Type2,50.0,21.21385905531298,96.0,-74.78614094468702,-0.0013882912883210901,,0.9
CS2_38,CS2_Type2,60.0,42.38205625943921,86.0,-43.61794374056079,-0.0008690702746840151,,0.9
CS2_38,CS2_Type2,70.0,48.41496531996417,76.0,-27.585034680035832,-0.0007241733042781172,,0.9
CS2_38,CS2_Type2,80.0,39.09395093988631,66.0,-26.906049060113688,-0.0007183489646692463,,0.9
CS2_38,CS2_Type2,90.0,32.59619758248796,56.0,-23.40380241751204,-0.0006915026920462314,,0.9
CS2_38,CS2_Type2,100.0,24.429603091867435,46.0,-21.570396908132565,-0.0006775976164474616,,0.9
CS2_38,CS2_Type2,110.0,17.897188206788087,36.0,-18.102811793211913,-0.0006521733558597175,,0.9
CS2_38,CS2_Type2,120.0,8.468148724676553,26.0,-17.531851275323447,-0.0006479846530923948,,0.9
CS2_38,CS2_Type2,130.0,7.085375463758908,16.0,-8.914624536241092,-0.0005892385411797645,,0.9
CS2_38,CS2_Type2,140.0,3.5061106396128707,6.0,-2.4938893603871293,-0.0005508572425727798,,0.9
CS2_5,CS2_Type5,,,,,,never crosses SOH 0.9,0.9
CS2_6,CS2_Type5,30.0,14.680478396248567,8.0,6.680478396248567,-0.0023217694111712928,,0.9
CS2_7,CS2_Type4,,,,,,never crosses SOH 0.9,0.9
CS2_9,CS2_Type3,30.0,,132.0,,-0.0003531684115163736,"extrapolation reaches 217 cycles ahead on 29 cycles of history, beyond 2x; the trend cannot see that far",0.9
CS2_9,CS2_Type3,40.0,,122.0,,-0.00027481394910928156,"extrapolation reaches 276 cycles ahead on 39 cycles of history, beyond 2x; the trend cannot see that far",0.9
CS2_9,CS2_Type3,50.0,,112.0,,-0.00034280109134317044,"extrapolation reaches 206 cycles ahead on 49 cycles of history, beyond 2x; the trend cannot see that far",0.9
CS2_9,CS2_Type3,60.0,,102.0,,-0.0004285305269258577,"extrapolation reaches 148 cycles ahead on 59 cycles of history, beyond 2x; the trend cannot see that far",0.9
CS2_9,CS2_Type3,70.0,113.34592305434936,92.0,21.345923054349356,-0.0004932096796121254,,0.9
CS2_9,CS2_Type3,80.0,104.0018569824046,82.0,22.001856982404604,-0.0004915271676494658,,0.9
CS2_9,CS2_Type3,90.0,113.09066627162431,72.0,41.090666271624315,-0.0004378953531941068,,0.9
CS2_9,CS2_Type3,100.0,107.78697812049242,62.0,45.78697812049242,-0.00042587132927546294,,0.9
CS2_9,CS2_Type3,110.0,92.25036564509705,52.0,40.25036564509705,-0.0004398756417202231,,0.9
CS2_9,CS2_Type3,120.0,76.68592804164899,42.0,34.68592804164899,-0.0004554364721956429,,0.9
CS2_9,CS2_Type3,130.0,67.26175711285902,32.0,35.261757112859016,-0.0004539982801050034,,0.9
CS2_9,CS2_Type3,140.0,59.71139338543608,22.0,37.71139338543608,-0.00044691630628551583,,0.9
CS2_9,CS2_Type3,150.0,44.17652258236748,12.0,32.17652258236748,-0.00046377749163430403,,0.9
CS2_9,CS2_Type3,160.0,24.686917998430715,2.0,22.686917998430715,-0.000496791994373397,,0.9
CX2_16,CX2_Type1,30.0,,740.0,,-0.00019570089078500583,"extrapolation reaches 483 cycles ahead on 29 cycles of history, beyond 2x; the trend cannot see that far",0.9
CX2_16,CX2_Type1,40.0,,730.0,,-0.00020191537922854897,"extrapolation reaches 457 cycles ahead on 39 cycles of history, beyond 2x; the trend cannot see that far",0.9
CX2_16,CX2_Type1,50.0,,720.0,,-0.0001883783509525052,"extrapolation reaches 482 cycles ahead on 49 cycles of history, beyond 2x; the trend cannot see that far",0.9
CX2_16,CX2_Type1,60.0,,710.0,,-5.561153202268955e-05,"extrapolation reaches 1698 cycles ahead on 59 cycles of history, beyond 2x; the trend cannot see that far",0.9
CX2_16,CX2_Type1,70.0,,700.0,,-4.349661759745612e-05,"extrapolation reaches 2171 cycles ahead on 69 cycles of history, beyond 2x; the trend cannot see that far",0.9
CX2_16,CX2_Type1,80.0,,690.0,,-7.867264507795986e-05,"extrapolation reaches 1170 cycles ahead on 79 cycles of history, beyond 2x; the trend cannot see that far",0.9
CX2_16,CX2_Type1,90.0,,680.0,,-0.00011276156665698678,"extrapolation reaches 791 cycles ahead on 89 cycles of history, beyond 2x; the trend cannot see that far",0.9
CX2_16,CX2_Type1,100.0,,670.0,,-0.00013856476904292614,"extrapolation reaches 623 cycles ahead on 99 cycles of history, beyond 2x; the trend cannot see that far",0.9
CX2_16,CX2_Type1,110.0,,660.0,,-0.00014977926946620234,"extrapolation reaches 561 cycles ahead on 109 cycles of history, beyond 2x; the trend cannot see that far",0.9
CX2_16,CX2_Type1,120.0,,650.0,,-0.000158490769356369,"extrapolation reaches 517 cycles ahead on 119 cycles of history, beyond 2x; the trend cannot see that far",0.9
CX2_16,CX2_Type1,130.0,,640.0,,-0.00017046243930743464,"extrapolation reaches 465 cycles ahead on 129 cycles of history, beyond 2x; the trend cannot see that far",0.9
CX2_16,CX2_Type1,140.0,,630.0,,-0.00017542040922551022,"extrapolation reaches 439 cycles ahead on 139 cycles of history, beyond 2x; the trend cannot see that far",0.9
CX2_16,CX2_Type1,150.0,,620.0,,-0.0001734106349913739,"extrapolation reaches 435 cycles ahead on 149 cycles of history, beyond 2x; the trend cannot see that far",0.9
CX2_16,CX2_Type1,160.0,,610.0,,-0.00016875009525851623,"extrapolation reaches 440 cycles ahead on 159 cycles of history, beyond 2x; the trend cannot see that far",0.9
CX2_16,CX2_Type1,170.0,,600.0,,-0.0001715963523772983,"extrapolation reaches 421 cycles ahead on 169 cycles of history, beyond 2x; the trend cannot see that far",0.9
CX2_16,CX2_Type1,180.0,,590.0,,-0.0001746491895003722,"extrapolation reaches 402 cycles ahead on 179 cycles of history, beyond 2x; the trend cannot see that far",0.9
CX2_16,CX2_Type1,190.0,,580.0,,-0.000175533232727912,"extrapolation reaches 389 cycles ahead on 189 cycles of history, beyond 2x; the trend cannot see that far",0.9
CX2_16,CX2_Type1,200.0,,570.0,,-0.0001671498745020085,"extrapolation reaches 405 cycles ahead on 199 cycles of history, beyond 2x; the trend cannot see that far",0.9
CX2_16,CX2_Type1,210.0,,560.0,,-0.00015763203131726985,"extrapolation reaches 427 cycles ahead on 209 cycles of history, beyond 2x; the trend cannot see that far",0.9
CX2_16,CX2_Type1,220.0,410.56969916953835,550.0,-139.43030083046165,-0.00015953821345560319,,0.9
CX2_16,CX2_Type1,230.0,385.3455497048644,540.0,-154.65445029513558,-0.00016403406866146868,,0.9
CX2_16,CX2_Type1,240.0,361.91950625440484,530.0,-168.08049374559516,-0.0001682440270748942,,0.9
CX2_16,CX2_Type1,250.0,344.90924477762576,520.0,-175.09075522237424,-0.00017054084917738255,,0.9
CX2_16,CX2_Type1,260.0,331.4201276991346,510.0,-178.57987230086542,-0.00017171719304056457,,0.9
CX2_16,CX2_Type1,270.0,321.14611356474745,500.0,-178.85388643525255,-0.0001718118288826708,,0.9
CX2_16,CX2_Type1,280.0,310.77216401119574,490.0,-179.22783598880426,-0.000171940428127585,,0.9
CX2_16,CX2_Type1,290.0,295.4937431699235,480.0,-184.5062568300765,-0.00017379121157668864,,0.9
CX2_16,CX2_Type1,300.0,292.3795824989438,470.0,-177.62041750105618,-0.00017136167612610367,,0.9
CX2_16,CX2_Type1,310.0,290.3566324799582,460.0,-169.6433675200418,-0.00016861797548287026,,0.9
CX2_16,CX2_Type1,320.0,283.6784868358367,450.0,-166.32151316416332,-0.00016749396004162414,,0.9
CX2_16,CX2_Type1,330.0,272.47867501623944,440.0,-167.52132498376056,-0.0001679006924444992,,0.9
CX2_16,CX2_Type1,340.0,264.2184005976284,430.0,-165.78159940237163,-0.000167306955373195,,0.9
CX2_16,CX2_Type1,350.0,256.9209591633228,420.0,-163.07904083667722,-0.00016638677580462757,,0.9
CX2_16,CX2_Type1,360.0,250.02954799115935,410.0,-159.97045200884065,-0.0001653338981510356,,0.9
CX2_16,CX2_Type1,370.0,238.55406369825698,400.0,-161.44593630174302,-0.00016583432908056362,,0.9
CX2_16,CX2_Type1,380.0,227.96793900379157,390.0,-162.03206099620843,-0.00016603569075737202,,0.9
CX2_16,CX2_Type1,390.0,216.35384956485905,380.0,-163.64615043514095,-0.00016659688821031978,,0.9
CX2_16,CX2_Type1,400.0,203.40623414231902,370.0,-166.59376585768098,-0.0001676387902744003,,0.9
CX2_16,CX2_Type1,410.0,193.84204175783987,360.0,-166.15795824216013,-0.00016748067476956793,,0.9
CX2_16,CX2_Type1,420.0,185.05065400019373,350.0,-164.94934599980627,-0.00016704560754388981,,0.9
CX2_16,CX2_Type1,430.0,174.10884256432053,340.0,-165.89115743567947,-0.00016738578946322828,,0.9
CX2_16,CX2_Type1,440.0,163.50892496099425,330.0,-166.49107503900575,-0.00016760450010393552,,0.9
CX2_16,CX2_Type1,450.0,153.37494498400827,320.0,-166.62505501599173,-0.00016765367438018264,,0.9
CX2_16,CX2_Type1,460.0,143.3989991579341,310.0,-166.6010008420659,-0.0001676445578735552,,0.9
CX2_16,CX2_Type1,470.0,132.93442147725,300.0,-167.06557852275,-0.0001678183494561102,,0.9
CX2_16,CX2_Type1,480.0,134.93676283599734,290.0,-155.06323716400266,-0.00016340377356213604,,0.9
CX2_16,CX2_Type1,490.0,134.42026691514934,280.0,-145.57973308485066,-0.0001600507014258521,,0.9
CX2_16,CX2_Type1,500.0,145.22063224550834,270.0,-124.77936775449166,-0.0001531134820861564,,0.9
CX2_16,CX2_Type1,510.0,147.57135981915314,260.0,-112.42864018084686,-0.00014924262247587822,,0.9
CX2_16,CX2_Type1,520.0,158.5955077845025,250.0,-91.4044922154975,-0.0001430476859077966,,0.9
CX2_16,CX2_Type1,530.0,159.1270174055237,240.0,-80.8729825944763,-0.0001401147156672063,,0.9
CX2_16,CX2_Type1,540.0,155.40563631684336,230.0,-74.59436368315664,-0.00013841114975090893,,0.9
CX2_16,CX2_Type1,550.0,158.23258045943305,220.0,-61.76741954056695,-0.00013503471519579665,,0.9
CX2_16,CX2_Type1,560.0,163.55116765935327,210.0,-46.44883234064673,-0.00013119200169014734,,0.9
CX2_16,CX2_Type1,570.0,159.2711445494739,200.0,-40.72885545052611,-0.0001298028136023697,,0.9
CX2_16,CX2_Type1,580.0,155.1011004805423,190.0,-34.8988995194577,-0.00012840897383155063,,0.9
CX2_16,CX2_Type1,590.0,161.03423175885519,180.0,-18.965768241144815,-0.0001247270750018995,,0.9
CX2_16,CX2_Type1,600.0,156.9312330257883,170.0,-13.068766974211712,-0.00012340938305148511,,0.9
CX2_16,CX2_Type1,610.0,155.72343610974463,160.0,-4.276563890255375,-0.00012148263998077841,,0.9
CX2_16,CX2_Type1,620.0,158.70684832095253,150.0,8.706848320952531,-0.00011873146875247539,,0.9
CX2_16,CX2_Type1,630.0,156.53082162786666,140.0,16.530821627866658,-0.00011712310947415756,,0.9
CX2_16,CX2_Type1,640.0,150.2921414074467,130.0,20.292141407446707,-0.00011636102744543204,,0.9
CX2_16,CX2_Type1,650.0,153.7101858418623,120.0,33.71018584186231,-0.0001137069751232476,,0.9
CX2_16,CX2_Type1,660.0,149.95306028973357,110.0,39.95306028973357,-0.0001125061459482207,,0.9
CX2_16,CX2_Type1,670.0,147.45766109641795,100.0,47.45766109641795,-0.00011108746048210952,,0.9
CX2_16,CX2_Type1,680.0,150.97543000867608,90.0,60.975430008676085,-0.00010860710864694313,,0.9
CX2_16,CX2_Type1,690.0,152.05014413223194,80.0,72.05014413223194,-0.00010664707203618423,,0.9
CX2_16,CX2_Type1,700.0,143.25623945523728,70.0,73.25623945523728,-0.00010643662521034431,,0.9
CX2_16,CX2_Type1,710.0,134.19444313332497,60.0,74.19444313332497,-0.00010627227233448446,,0.9
CX2_16,CX2_Type1,720.0,135.17944363910908,50.0,85.17944363910908,-0.00010437921899550702,,0.9
CX2_16,CX2_Type1,730.0,128.41084720610615,40.0,88.41084720610615,-0.00010383166926736859,,0.9
CX2_16,CX2_Type1,740.0,116.47363586432641,30.0,86.47363586432641,-0.00010416110313242601,,0.9
CX2_16,CX2_Type1,750.0,106.55272033814776,20.0,86.55272033814776,-0.00010414696489347368,,0.9
CX2_16,CX2_Type1,760.0,104.99883573940599,10.0,94.99883573940599,-0.0001027123692633693,,0.9
CX2_3,CX2_Type4,30.0,,228.0,,,fewer than 30 cycles of history,0.9
CX2_3,CX2_Type4,40.0,,218.0,,-0.0004634260664363864,"extrapolation reaches 166 cycles ahead on 39 cycles of history, beyond 2x; the trend cannot see that far",0.9
CX2_3,CX2_Type4,50.0,,208.0,,-0.0006428925803729118,"extrapolation reaches 103 cycles ahead on 49 cycles of history, beyond 2x; the trend cannot see that far",0.9
CX2_3,CX2_Type4,60.0,89.13115704796706,198.0,-108.86884295203294,-0.0006601504401646265,,0.9
CX2_3,CX2_Type4,70.0,75.87695818316669,188.0,-112.12304181683331,-0.0006773422316001238,,0.9
CX2_3,CX2_Type4,80.0,73.04323493368753,178.0,-104.95676506631247,-0.0006389075133700021,,0.9
CX2_3,CX2_Type4,90.0,64.80530986419882,168.0,-103.19469013580118,-0.0006297806678991598,,0.9
CX2_3,CX2_Type4,100.0,63.511348860119256,158.0,-94.48865113988074,-0.0005877634209581663,,0.9
CX2_3,CX2_Type4,110.0,66.71260190469988,148.0,-81.28739809530012,-0.0005325384091537785,,0.9
CX2_3,CX2_Type4,120.0,66.61050500700352,138.0,-71.38949499299648,-0.0004966619864070132,,0.9
CX2_3,CX2_Type4,130.0,67.8441352064738,128.0,-60.155864793526206,-0.00046065055667235557,,0.9
CX2_3,CX2_Type4,140.0,67.0191776504806,118.0,-50.9808223495194,-0.00043437529263956723,,0.9
CX2_3,CX2_Type4,150.0,66.42051922110409,108.0,-41.57948077889591,-0.00040989835693983355,,0.9
CX2_3,CX2_Type4,160.0,64.14038805084385,98.0,-33.85961194915615,-0.0003914302744141298,,0.9
CX2_3,CX2_Type4,170.0,61.1581218330133,88.0,-26.841878166986703,-0.00037572232186900453,,0.9
CX2_3,CX2_Type4,180.0,53.662927977763076,78.0,-24.337072022236924,-0.00037032367797686636,,0.9
CX2_3,CX2_Type4,190.0,45.26006151743965,68.0,-22.739938482560348,-0.0003668676240104664,,0.9
CX2_3,CX2_Type4,200.0,39.206380497949,58.0,-18.793619502051,-0.00035851535546747013,,0.9
CX2_3,CX2_Type4,210.0,36.83462157209732,48.0,-11.16537842790268,-0.0003430915093112614,,0.9
CX2_3,CX2_Type4,220.0,29.70537081324241,38.0,-8.29462918675759,-0.00033751393503448317,,0.9
CX2_3,CX2_Type4,230.0,24.66977142052116,28.0,-3.3302285794788418,-0.00032812226276591214,,0.9
CX2_3,CX2_Type4,240.0,15.956662319712706,18.0,-2.0433376802872942,-0.00032573759229778334,,0.9
CX2_3,CX2_Type4,250.0,6.042613384496235,8.0,-1.957386615503765,-0.0003255650236949573,,0.9
CX2_33,CX2_Type1,30.0,,379.0,,-0.00031443817110428965,"extrapolation reaches 293 cycles ahead on 29 cycles of history, beyond 2x; the trend cannot see that far",0.9
CX2_33,CX2_Type1,40.0,,369.0,,-0.0003486452061858303,"extrapolation reaches 252 cycles ahead on 39 cycles of history, beyond 2x; the trend cannot see that far",0.9
CX2_33,CX2_Type1,50.0,,359.0,,-0.00013499379025511723,"extrapolation reaches 680 cycles ahead on 49 cycles of history, beyond 2x; the trend cannot see that far",0.9
CX2_33,CX2_Type1,60.0,,349.0,,-0.00018912593496460482,"extrapolation reaches 467 cycles ahead on 59 cycles of history, beyond 2x; the trend cannot see that far",0.9
CX2_33,CX2_Type1,70.0,,339.0,,-0.00025760633442503336,"extrapolation reaches 323 cycles ahead on 69 cycles of history, beyond 2x; the trend cannot see that far",0.9
CX2_33,CX2_Type1,80.0,,329.0,,-0.0001598071308016002,"extrapolation reaches 537 cycles ahead on 79 cycles of history, beyond 2x; the trend cannot see that far",0.9
CX2_33,CX2_Type1,90.0,,319.0,,-0.0001290751955803332,"extrapolation reaches 668 cycles ahead on 89 cycles of history, beyond 2x; the trend cannot see that far",0.9
CX2_33,CX2_Type1,100.0,,309.0,,-0.00017912208969697726,"extrapolation reaches 455 cycles ahead on 99 cycles of history, beyond 2x; the trend cannot see that far",0.9
CX2_33,CX2_Type1,110.0,,299.0,,-0.0001986033137746497,"extrapolation reaches 394 cycles ahead on 109 cycles of history, beyond 2x; the trend cannot see that far",0.9
CX2_33,CX2_Type1,120.0,,289.0,,-0.00015871664326155675,"extrapolation reaches 501 cycles ahead on 119 cycles of history, beyond 2x; the trend cannot see that far",0.9
CX2_33,CX2_Type1,130.0,,279.0,,-0.0001395428847356006,"extrapolation reaches 570 cycles ahead on 129 cycles of history, beyond 2x; the trend cannot see that far",0.9
CX2_33,CX2_Type1,140.0,,269.0,,-0.0001522946804415806,"extrapolation reaches 506 cycles ahead on 139 cycles of history, beyond 2x; the trend cannot see that far",0.9
CX2_33,CX2_Type1,150.0,,259.0,,-0.000181594195745081,"extrapolation reaches 399 cycles ahead on 149 cycles of history, beyond 2x; the trend cannot see that far",0.9
CX2_33,CX2_Type1,160.0,,249.0,,-0.00019661732230360902,"extrapolation reaches 351 cycles ahead on 159 cycles of history, beyond 2x; the trend cannot see that far",0.9
CX2_33,CX2_Type1,170.0,314.01398820649234,239.0,75.01398820649234,-0.00020911319910111144,,0.9
CX2_33,CX2_Type1,180.0,306.31833409854073,229.0,77.31833409854073,-0.00020797626117632613,,0.9
CX2_33,CX2_Type1,190.0,302.9768432308267,219.0,83.97684323082672,-0.00020477833837724606,,0.9
CX2_33,CX2_Type1,200.0,280.22775434068603,209.0,71.22775434068603,-0.00021106233111357323,,0.9
CX2_33,CX2_Type1,210.0,290.6318419440952,199.0,91.63184194409519,-0.00020109632111960828,,0.9
CX2_33,CX2_Type1,220.0,305.6522427208712,189.0,116.65224272087119,-0.00019000646230655333,,0.9
CX2_33,CX2_Type1,230.0,292.2608831888068,179.0,113.26088318880682,-0.00019144846889797428,,0.9
CX2_33,CX2_Type1,240.0,272.5888335535532,169.0,103.58883355355317,-0.00019571147724636764,,0.9
CX2_33,CX2_Type1,250.0,256.3211187298487,159.0,97.3211187298487,-0.00019859900791612285,,0.9
CX2_33,CX2_Type1,260.0,243.35512469636154,149.0,94.35512469636154,-0.00020001600545599508,,0.9
CX2_33,CX2_Type1,270.0,212.2922312069071,139.0,73.2922312069071,-0.00021071949508044748,,0.9
CX2_33,CX2_Type1,280.0,185.13116252862875,129.0,56.13116252862875,-0.00022041135684923186,,0.9
CX2_33,CX2_Type1,290.0,172.03301655773527,119.0,53.033016557735266,-0.000222269263659417,,0.9
CX2_33,CX2_Type1,300.0,159.7739392243838,109.0,50.77393922438381,-0.00022366488086314208,,0.9
CX2_33,CX2_Type1,310.0,143.00720763350995,99.0,44.00720763350995,-0.00022796668314504725,,0.9
CX2_33,CX2_Type1,320.0,134.85686892928885,89.0,45.85686892928885,-0.0002267637777284041,,0.9
CX2_33,CX2_Type1,330.0,123.19343226530702,79.0,44.193432265307024,-0.00022785756169373434,,0.9
CX2_33,CX2_Type1,340.0,120.44688890661672,69.0,51.44688890661672,-0.0002231138017797038,,0.9
CX2_33,CX2_Type1,350.0,114.15864345301253,59.0,55.15864345301253,-0.00022074252961965828,,0.9
CX2_33,CX2_Type1,360.0,110.73033932096712,49.0,61.73033932096712,-0.00021662063884411825,,0.9
CX2_33,CX2_Type1,370.0,97.36580050526908,39.0,58.36580050526908,-0.00021873097139650567,,0.9
CX2_33,CX2_Type1,380.0,80.05856760315925,29.0,51.05856760315925,-0.00022350233554905435,,0.9
CX2_33,CX2_Type1,390.0,66.3742706552361,19.0,47.3742706552361,-0.00022601618812819762,,0.9
CX2_33,CX2_Type1,400.0,53.733690181381974,9.0,44.733690181381974,-0.00022787194012105716,,0.9
CX2_34,CX2_Type2,30.0,,207.0,,-0.0008637009086026504,"extrapolation reaches 77 cycles ahead on 29 cycles of history, beyond 2x; the trend cannot see that far",0.9
CX2_34,CX2_Type2,40.0,,197.0,,-0.0006448587208040404,"extrapolation reaches 99 cycles ahead on 39 cycles of history, beyond 2x; the trend cannot see that far",0.9
CX2_34,CX2_Type2,50.0,68.49345073507784,187.0,-118.50654926492216,-0.0007740893955564548,,0.9
CX2_34,CX2_Type2,60.0,,177.0,,-0.00046050494887406063,"extrapolation reaches 127 cycles ahead on 59 cycles of history, beyond 2x; the trend cannot see that far",0.9
CX2_34,CX2_Type2,70.0,101.1670528768719,167.0,-65.8329471231281,-0.0005079060292585806,,0.9
CX2_34,CX2_Type2,80.0,75.43295001670666,157.0,-81.56704998329334,-0.0005690971333510615,,0.9
CX2_34,CX2_Type2,90.0,56.70174254747664,147.0,-90.29825745252336,-0.0006110811046552458,,0.9
CX2_34,CX2_Type2,100.0,42.06367449161806,137.0,-94.93632550838194,-0.0006364703195147304,,0.9
CX2_34,CX2_Type2,110.0,54.969388476683264,127.0,-72.03061152331674,-0.0005242775121768659,,0.9
CX2_34,CX2_Type2,120.0,50.83639108486355,117.0,-66.16360891513645,-0.0005009739681270962,,0.9
CX2_34,CX2_Type2,130.0,49.39553316970512,107.0,-57.60446683029488,-0.0004697533828757969,,0.9
CX2_34,CX2_Type2,140.0,43.101977358609645,97.0,-53.898022641390355,-0.0004571908626447256,,0.9
CX2_34,CX2_Type2,150.0,31.990069180095986,87.0,-55.009930819904014,-0.00046096616970042205,,0.9
CX2_34,CX2_Type2,160.0,43.02068425523623,77.0,-33.97931574476377,-0.0003969172617176557,,0.9
CX2_34,CX2_Type2,170.0,47.70310723267838,67.0,-19.296892767321623,-0.0003609975778159677,,0.9
CX2_34,CX2_Type2,180.0,41.69574867154458,57.0,-15.304251328455422,-0.00035218043974955215,,0.9
CX2_34,CX2_Type2,190.0,30.125940315589077,47.0,-16.874059684410923,-0.0003556659294468286,,0.9
CX2_34,CX2_Type2,200.0,19.372801833366253,37.0,-17.627198166633747,-0.00035735887075711886,,0.9
CX2_34,CX2_Type2,210.0,34.57177378838864,27.0,7.57177378838864,-0.000306279869095603,,0.9
CX2_34,CX2_Type2,220.0,36.231850289400256,17.0,19.231850289400256,-0.0002869074083353697,,0.9
CX2_34,CX2_Type2,230.0,27.693576296922913,7.0,20.693576296922913,-0.00028459909472919407,,0.9
CX2_35,CX2_Type1,30.0,,347.0,,-0.0005534430686703085,"extrapolation reaches 146 cycles ahead on 29 cycles of history, beyond 2x; the trend cannot see that far",0.9
CX2_35,CX2_Type1,40.0,,337.0,,-0.0006053678278145552,"extrapolation reaches 122 cycles ahead on 39 cycles of history, beyond 2x; the trend cannot see that far",0.9
CX2_35,CX2_Type1,50.0,,327.0,,-0.0006010867808462364,"extrapolation reaches 113 cycles ahead on 49 cycles of history, beyond 2x; the trend cannot see that far",0.9
CX2_35,CX2_Type1,60.0,,317.0,,-0.0004374881316336188,"extrapolation reaches 157 cycles ahead on 59 cycles of history, beyond 2x; the trend cannot see that far",0.9
CX2_35,CX2_Type1,70.0,,307.0,,-0.00043948961922946387,"extrapolation reaches 146 cycles ahead on 69 cycles of history, beyond 2x; the trend cannot see that far",0.9
CX2_35,CX2_Type1,80.0,131.1774725879407,297.0,-165.8225274120593,-0.00045063219193469705,,0.9
CX2_35,CX2_Type1,90.0,115.01465807250966,287.0,-171.98534192749034,-0.0004662857610659921,,0.9
CX2_35,CX2_Type1,100.0,109.88983637403985,277.0,-167.11016362596015,-0.00045348887919770346,,0.9
CX2_35,CX2_Type1,110.0,103.64202641506606,267.0,-163.35797358493394,-0.0004438912745336107,,0.9
CX2_35,CX2_Type1,120.0,114.01371491413974,257.0,-142.98628508586026,-0.00039763638641509283,,0.9
CX2_35,CX2_Type1,130.0,108.36737374637272,247.0,-138.63262625362728,-0.00038882476941551667,,0.9
CX2_35,CX2_Type1,140.0,101.38274612412482,237.0,-135.61725387587518,-0.00038281069444233244,,0.9
CX2_35,CX2_Type1,150.0,122.15339679290173,227.0,-104.84660320709827,-0.00033011273216431596,,0.9
CX2_35,CX2_Type1,160.0,130.22725143010769,217.0,-86.77274856989231,-0.00030507343796361004,,0.9
CX2_35,CX2_Type1,170.0,123.60954256929836,207.0,-83.39045743070164,-0.00030072350654507094,,0.9
CX2_35,CX2_Type1,180.0,114.38328868549172,197.0,-82.61671131450828,-0.0002997292704232955,,0.9
CX2_35,CX2_Type1,190.0,111.01828934258259,187.0,-75.98171065741741,-0.0002914013540482311,,0.9
CX2_35,CX2_Type1,200.0,102.1196666140358,177.0,-74.8803333859642,-0.00029006454306184206,,0.9
CX2_35,CX2_Type1,210.0,87.46888515000398,167.0,-79.53111484999602,-0.00029595854248844823,,0.9
CX2_35,CX2_Type1,220.0,72.27424887348133,157.0,-84.72575112651867,-0.0003029277769884289,,0.9
CX2_35,CX2_Type1,230.0,66.36857868207926,147.0,-80.63142131792074,-0.0002973204426743352,,0.9
CX2_35,CX2_Type1,240.0,59.971708978554545,137.0,-77.02829102144545,-0.00029248351949707325,,0.9
CX2_35,CX2_Type1,250.0,48.68727529027228,127.0,-78.31272470972772,-0.00029421537226413793,,0.9
CX2_35,CX2_Type1,260.0,40.37844862964346,117.0,-76.62155137035654,-0.00029188984793771086,,0.9
CX2_35,CX2_Type1,270.0,32.018742866088985,107.0,-74.98125713391101,-0.00028966058472061846,,0.9
CX2_35,CX2_Type1,280.0,21.44214175372008,97.0,-75.55785824627992,-0.0002904405872112645,,0.9
CX2_35,CX2_Type1,290.0,15.33703509164826,87.0,-71.66296490835174,-0.0002850470050221917,,0.9
CX2_35,CX2_Type1,300.0,10.320171650674354,77.0,-66.67982834932565,-0.00027833168494767355,,0.9
CX2_35,CX2_Type1,310.0,3.439890134450252,67.0,-63.56010986554975,-0.00027422229633100804,,0.9
CX2_35,CX2_Type1,320.0,0.0,57.0,-57.0,-0.0002666870198369735,fitted trend places end of life at or before now,0.9
CX2_35,CX2_Type1,330.0,0.0,47.0,-47.0,-0.000261376615261582,fitted trend places end of life at or before now,0.9
CX2_35,CX2_Type1,340.0,0.0,37.0,-37.0,-0.0002573195894046807,fitted trend places end of life at or before now,0.9
CX2_35,CX2_Type1,350.0,0.0,27.0,-27.0,-0.0002532604246272548,fitted trend places end of life at or before now,0.9
CX2_35,CX2_Type1,360.0,0.0,17.0,-17.0,-0.00024689361383980644,fitted trend places end of life at or before now,0.9
CX2_35,CX2_Type1,370.0,0.0,7.0,-7.0,-0.00024258079230559252,fitted trend places end of life at or before now,0.9
CX2_36,CX2_Type2,30.0,,149.0,,-0.0010468982160683968,"extrapolation reaches 63 cycles ahead on 29 cycles of history, beyond 2x; the trend cannot see that far",0.9
CX2_36,CX2_Type2,40.0,,139.0,,-0.0006889359163585665,"extrapolation reaches 95 cycles ahead on 39 cycles of history, beyond 2x; the trend cannot see that far",0.9
CX2_36,CX2_Type2,50.0,61.642745262403565,129.0,-67.35725473759643,-0.0008523869275155606,,0.9
CX2_36,CX2_Type2,60.0,92.76049801220148,119.0,-26.23950198779852,-0.000590323121598595,,0.9
CX2_36,CX2_Type2,70.0,75.6874653271887,109.0,-33.312534672811296,-0.00062355466007034,,0.9
CX2_36,CX2_Type2,80.0,56.087832302845186,99.0,-42.912167697154814,-0.0006772636867224111,,0.9
CX2_36,CX2_Type2,90.0,42.98172571702557,89.0,-46.01827428297443,-0.0006973256838194086,,0.9
CX2_36,CX2_Type2,100.0,31.3314613510465,79.0,-47.6685386489535,-0.0007087020970261369,,0.9
CX2_36,CX2_Type2,110.0,22.070779033181452,69.0,-46.92922096681855,-0.0007032685429454209,,0.9
CX2_36,CX2_Type2,120.0,12.712656827646043,59.0,-46.28734317235396,-0.0006984276195657616,,0.9
CX2_36,CX2_Type2,130.0,11.113030278804843,49.0,-37.88696972119516,-0.0006392387149882421,,0.9
CX2_36,CX2_Type2,140.0,5.182183561662498,39.0,-33.8178164383375,-0.0006133316841910093,,0.9
CX2_36,CX2_Type2,150.0,0.0,29.0,-29.0,-0.0005909611083512888,fitted trend places end of life at or before now,0.9
CX2_36,CX2_Type2,160.0,0.0,19.0,-19.0,-0.0005682592773478384,fitted trend places end of life at or before now,0.9
CX2_36,CX2_Type2,170.0,0.0,9.0,-9.0,-0.000525645380534133,fitted trend places end of life at or before now,0.9
CX2_37,CX2_Type2,30.0,,157.0,,-0.0010941494100514518,"extrapolation reaches 61 cycles ahead on 29 cycles of history, beyond 2x; the trend cannot see that far",0.9
CX2_37,CX2_Type2,40.0,,147.0,,-0.0007621873983046298,"extrapolation reaches 86 cycles ahead on 39 cycles of history, beyond 2x; the trend cannot see that far",0.9
CX2_37,CX2_Type2,50.0,73.30922355006804,137.0,-63.69077644993196,-0.0007789324255480218,,0.9
CX2_37,CX2_Type2,60.0,108.95156249551056,127.0,-18.048437504489442,-0.0005412629382526958,,0.9
CX2_37,CX2_Type2,70.0,97.81107671229046,117.0,-19.188923287709542,-0.0005451199712705492,,0.9
CX2_37,CX2_Type2,80.0,75.99598831501436,107.0,-31.00401168498564,-0.0005941638755891004,,0.9
CX2_37,CX2_Type2,90.0,61.16093450006085,97.0,-35.83906549993915,-0.0006175340700235321,,0.9
CX2_37,CX2_Type2,100.0,46.74278875573887,87.0,-40.25721124426113,-0.0006411759415894572,,0.9
CX2_37,CX2_Type2,110.0,37.10435539672426,77.0,-39.89564460327574,-0.0006390763618510152,,0.9
CX2_37,CX2_Type2,120.0,27.00882133419904,67.0,-39.99117866580096,-0.0006396235639884169,,0.9
CX2_37,CX2_Type2,130.0,23.541651071730428,57.0,-33.45834892826957,-0.0006021602247337439,,0.9
CX2_37,CX2_Type2,140.0,17.856220719221284,47.0,-29.143779280778716,-0.0005791349684186955,,0.9
CX2_37,CX2_Type2,150.0,14.232251504123838,37.0,-22.767748495876162,-0.0005470022887547285,,0.9
CX2_37,CX2_Type2,160.0,10.233518097030753,27.0,-16.766481902969247,-0.0005192329420762938,,0.9
CX2_37,CX2_Type2,170.0,8.181737018101614,17.0,-8.818262981898386,-0.00048565497843057535,,0.9
CX2_37,CX2_Type2,180.0,2.6329527956965535,7.0,-4.3670472043034465,-0.0004682487167051591,,0.9
CX2_38,CX2_Type2,30.0,,154.0,,-0.0011260310466253817,"extrapolation reaches 59 cycles ahead on 29 cycles of history, beyond 2x; the trend cannot see that far",0.9
CX2_38,CX2_Type2,40.0,,144.0,,-0.0008024834996867722,"extrapolation reaches 79 cycles ahead on 39 cycles of history, beyond 2x; the trend cannot see that far",0.9
CX2_38,CX2_Type2,50.0,61.711322836774755,134.0,-72.28867716322524,-0.0008658066604017968,,0.9
CX2_38,CX2_Type2,60.0,93.92141673644585,124.0,-30.07858326355415,-0.0005945250693937396,,0.9
CX2_38,CX2_Type2,70.0,85.36734241529487,114.0,-28.63265758470513,-0.0005876302057116325,,0.9
CX2_38,CX2_Type2,80.0,66.6069720080221,104.0,-37.3930279919779,-0.0006298490600848555,,0.9
CX2_38,CX2_Type2,90.0,51.98497049518116,94.0,-42.01502950481884,-0.0006554333466534725,,0.9
CX2_38,CX2_Type2,100.0,37.941987381602615,84.0,-46.058012618397385,-0.000680246336747213,,0.9
CX2_38,CX2_Type2,110.0,28.41910607174043,74.0,-45.58089392825957,-0.0006770947135965351,,0.9
CX2_38,CX2_Type2,120.0,20.218334094469782,64.0,-43.78166590553022,-0.0006650581268902594,,0.9
CX2_38,CX2_Type2,130.0,17.77155640099579,54.0,-36.22844359900421,-0.000617557480739835,,0.9
CX2_38,CX2_Type2,140.0,10.700791012095834,44.0,-33.299208987904166,-0.0006004270927095166,,0.9
CX2_38,CX2_Type2,150.0,6.921178407060722,34.0,-27.078821592939278,-0.0005657675599944552,,0.9
CX2_38,CX2_Type2,160.0,1.9376077437005677,24.0,-22.062392256299432,-0.0005399143743265025,,0.9
CX2_38,CX2_Type2,170.0,0.0,14.0,-14.0,-0.0005056007634847424,fitted trend places end of life at or before now,0.9
CX2_38,CX2_Type2,180.0,0.0,4.0,-4.0,-0.00048645450276311954,fitted trend places end of life at or before now,0.9
CX2_8,CX2_Type3,30.0,,1.0,,,fewer than 30 cycles of history,0.9
CS2_24,CS2_Type6,,,,,,never crosses SOH 0.85,0.85
CS2_25,CS2_Type6,30.0,7.906532122487128,12.0,-4.093467877512872,-0.0035699604834246645,,0.85
CS2_25,CS2_Type6,40.0,1.4478789530912692,2.0,-0.5521210469087308,-0.003142636574766808,,0.85
CS2_3,CS2_Type3,30.0,,287.0,,-0.0002937973681708502,"extrapolation reaches 486 cycles ahead on 29 cycles of history, beyond 2x; the trend cannot see that far",0.85
CS2_3,CS2_Type3,40.0,,277.0,,-0.00024598730349820674,"extrapolation reaches 574 cycles ahead on 39 cycles of history, beyond 2x; the trend cannot see that far",0.85
CS2_3,CS2_Type3,50.0,,267.0,,-0.0003619132902507541,"extrapolation reaches 372 cycles ahead on 49 cycles of history, beyond 2x; the trend cannot see that far",0.85
CS2_3,CS2_Type3,60.0,,257.0,,-0.0004270738374770188,"extrapolation reaches 300 cycles ahead on 59 cycles of history, beyond 2x; the trend cannot see that far",0.85
CS2_3,CS2_Type3,70.0,,247.0,,-0.0004209357798559778,"extrapolation reaches 295 cycles ahead on 69 cycles of history, beyond 2x; the trend cannot see that far",0.85
CS2_3,CS2_Type3,80.0,,237.0,,-0.00040622111940429424,"extrapolation reaches 298 cycles ahead on 79 cycles of history, beyond 2x; the trend cannot see that far",0.85
CS2_3,CS2_Type3,90.0,,227.0,,-0.0004096613262989292,"extrapolation reaches 285 cycles ahead on 89 cycles of history, beyond 2x; the trend cannot see that far",0.85
CS2_3,CS2_Type3,100.0,,217.0,,-0.0004043424669251566,"extrapolation reaches 279 cycles ahead on 99 cycles of history, beyond 2x; the trend cannot see that far",0.85
CS2_3,CS2_Type3,110.0,,207.0,,-0.00040262364097878373,"extrapolation reaches 271 cycles ahead on 109 cycles of history, beyond 2x; the trend cannot see that far",0.85
CS2_3,CS2_Type3,120.0,,197.0,,-0.00040497296604691875,"extrapolation reaches 259 cycles ahead on 119 cycles of history, beyond 2x; the trend cannot see that far",0.85
CS2_3,CS2_Type3,130.0,243.07136975693533,187.0,56.071369756935326,-0.00041167923085458965,,0.85
CS2_3,CS2_Type3,140.0,235.09910101883554,177.0,58.09910101883554,-0.00040914781895493046,,0.85
CS2_3,CS2_Type3,150.0,221.26332890668107,167.0,54.26332890668107,-0.00041397204454526133,,0.85
CS2_3,CS2_Type3,160.0,213.51500459186025,157.0,56.51500459186025,-0.00041106576015242273,,0.85
CS2_3,CS2_Type3,170.0,210.14961538241312,147.0,63.14961538241312,-0.00040267607588576125,,0.85
CS2_3,CS2_Type3,180.0,196.8105615791381,137.0,59.810561579138096,-0.0004068848965007626,,0.85
CS2_3,CS2_Type3,190.0,189.76709926342363,127.0,62.76709926342363,-0.0004031020665712184,,0.85
CS2_3,CS2_Type3,200.0,177.7596104008179,117.0,60.759610400817905,-0.0004056879568698846,,0.85
CS2_3,CS2_Type3,210.0,166.8387279587352,107.0,59.838727958735205,-0.00040688039252034265,,0.85
CS2_3,CS2_Type3,220.0,153.63367285779043,97.0,56.63367285779043,-0.0004111834563542393,,0.85
CS2_3,CS2_Type3,230.0,143.38854655424024,87.0,56.388546554240236,-0.0004115083224023402,,0.85
CS2_3,CS2_Type3,240.0,132.87766572610815,77.0,55.87766572610815,-0.0004122180673455172,,0.85
CS2_3,CS2_Type3,250.0,121.69428900586735,67.0,54.69428900586735,-0.0004139083153860395,,0.85
CS2_3,CS2_Type3,260.0,114.30292031978712,57.0,57.30292031978712,-0.00041017202353560553,,0.85
CS2_3,CS2_Type3,270.0,106.70368106380221,47.0,59.70368106380221,-0.00040674923692644323,,0.85
CS2_3,CS2_Type3,280.0,97.22104716904897,37.0,60.22104716904897,-0.0004059974299041335,,0.85
CS2_3,CS2_Type3,290.0,91.33320919723599,27.0,64.33320919723599,-0.00040015471554970136,,0.85
CS2_3,CS2_Type3,300.0,74.53854835540557,17.0,57.53854835540557,-0.0004100021710137141,,0.85
CS2_3,CS2_Type3,310.0,58.488597620448616,7.0,51.488597620448616,-0.0004193017033402624,,0.85
CS2_33,CS2_Type1,30.0,,391.0,,-0.000975892352349117,"extrapolation reaches 125 cycles ahead on 29 cycles of history, beyond 2x; the trend cannot see that far",0.85
CS2_33,CS2_Type1,40.0,,381.0,,-0.0009035469711234916,"extrapolation reaches 126 cycles ahead on 39 cycles of history, beyond 2x; the trend cannot see that far",0.85
CS2_33,CS2_Type1,50.0,,371.0,,-0.0008029771132877596,"extrapolation reaches 135 cycles ahead on 49 cycles of history, beyond 2x; the trend cannot see that far",0.85
CS2_33,CS2_Type1,60.0,,361.0,,-0.0006219841892700005,"extrapolation reaches 173 cycles ahead on 59 cycles of history, beyond 2x; the trend cannot see that far",0.85
CS2_33,CS2_Type1,70.0,,351.0,,-0.0005900891803562862,"extrapolation reaches 175 cycles ahead on 69 cycles of history, beyond 2x; the trend cannot see that far",0.85
CS2_33,CS2_Type1,80.0,,341.0,,-0.0005746818555445262,"extrapolation reaches 171 cycles ahead on 79 cycles of history, beyond 2x; the trend cannot see that far",0.85
CS2_33,CS2_Type1,90.0,165.83960957595625,331.0,-165.16039042404375,-0.0005615758638936653,,0.85
CS2_33,CS2_Type1,100.0,167.29251700789973,321.0,-153.70748299210027,-0.0005342169597719321,,0.85
CS2_33,CS2_Type1,110.0,172.09336782675217,311.0,-138.90663217324783,-0.000502115601758544,,0.85
CS2_33,CS2_Type1,120.0,180.7551004808936,301.0,-120.24489951910641,-0.0004663762812382475,,0.85
CS2_33,CS2_Type1,130.0,177.52784227155394,291.0,-113.47215772844606,-0.0004544512360799033,,0.85
CS2_33,CS2_Type1,140.0,186.28320246205863,281.0,-94.71679753794137,-0.0004240565859450672,,0.85
CS2_33,CS2_Type1,150.0,203.4181941428364,271.0,-67.5818058571636,-0.0003862958252229546,,0.85
CS2_33,CS2_Type1,160.0,205.226747762942,261.0,-55.77325223705799,-0.0003717228850111408,,0.85
CS2_33,CS2_Type1,170.0,204.52951011746217,251.0,-46.470489882537834,-0.00036087990544114837,,0.85
CS2_33,CS2_Type1,180.0,209.63682593277161,241.0,-31.363174067228385,-0.00034439387354752877,,0.85
CS2_33,CS2_Type1,190.0,217.98013743838231,231.0,-13.019862561617686,-0.00032612507775566624,,0.85
CS2_33,CS2_Type1,200.0,222.73898960256122,221.0,1.7389896025612188,-0.0003126557117979874,,0.85
CS2_33,CS2_Type1,210.0,219.96040932502456,211.0,8.960409325024557,-0.00030640369251201444,,0.85
CS2_33,CS2_Type1,220.0,205.70682187423694,201.0,4.706821874236937,-0.0003100815341582496,,0.85
CS2_33,CS2_Type1,230.0,195.25465552983934,191.0,4.25465552983934,-0.00031047855479031914,,0.85
CS2_33,CS2_Type1,240.0,193.30869866209122,181.0,12.308698662091217,-0.0003034295198665818,,0.85
CS2_33,CS2_Type1,250.0,183.93591533301253,171.0,12.935915333012531,-0.00030288900908944586,,0.85
CS2_33,CS2_Type1,260.0,171.9142993516993,161.0,10.914299351699299,-0.00030465632497860787,,0.85
CS2_33,CS2_Type1,270.0,167.1863242225249,151.0,16.18632422252489,-0.0003000400867496933,,0.85
CS2_33,CS2_Type1,280.0,163.074727394624,141.0,22.074727394624006,-0.0002950077585505126,,0.85
CS2_33,CS2_Type1,290.0,151.76381184263425,131.0,20.763811842634254,-0.0002961188613227677,,0.85
CS2_33,CS2_Type1,300.0,139.34447509404015,121.0,18.34447509404015,-0.00029822195171843105,,0.85
CS2_33,CS2_Type1,310.0,130.49899661941282,111.0,19.49899661941282,-0.00029720158801381595,,0.85
CS2_33,CS2_Type1,320.0,124.22160317999305,101.0,23.221603179993053,-0.0002939343775226233,,0.85
CS2_33,CS2_Type1,330.0,118.49714134647564,91.0,27.497141346475644,-0.000290235030196704,,0.85
CS2_33,CS2_Type1,340.0,111.49385457603182,81.0,30.493854576031822,-0.0002876723195161033,,0.85
CS2_33,CS2_Type1,350.0,102.49484903070635,71.0,31.494849030706348,-0.00028681494040552584,,0.85
CS2_33,CS2_Type1,360.0,94.58661973004666,61.0,33.586619730046664,-0.0002850276032172954,,0.85
CS2_33,CS2_Type1,370.0,87.9534245947923,51.0,36.953424594792295,-0.00028216967058469804,,0.85
CS2_33,CS2_Type1,380.0,78.13040607850354,41.0,37.13040607850354,-0.000282020621856988,,0.85
CS2_33,CS2_Type1,390.0,69.17490255309627,31.0,38.174902553096274,-0.0002811274237251388,,0.85
CS2_33,CS2_Type1,400.0,59.02229844039573,21.0,38.02229844039573,-0.00028125713751820655,,0.85
CS2_33,CS2_Type1,410.0,49.07258169844329,11.0,38.07258169844329,-0.0002812129724862492,,0.85
CS2_33,CS2_Type1,420.0,35.000993075224585,1.0,34.000993075224585,-0.00028483171830868584,,0.85
CS2_34,CS2_Type1,30.0,,378.0,,-0.0009624825888339055,"extrapolation reaches 125 cycles ahead on 29 cycles of history, beyond 2x; the trend cannot see that far",0.85
CS2_34,CS2_Type1,40.0,,368.0,,-0.0009021350562999647,"extrapolation reaches 125 cycles ahead on 39 cycles of history, beyond 2x; the trend cannot see that far",0.85
CS2_34,CS2_Type1,50.0,,358.0,,-0.0008073798784151097,"extrapolation reaches 132 cycles ahead on 49 cycles of history, beyond 2x; the trend cannot see that far",0.85
CS2_34,CS2_Type1,60.0,,348.0,,-0.0006279862994568034,"extrapolation reaches 169 cycles ahead on 59 cycles of history, beyond 2x; the trend cannot see that far",0.85
CS2_34,CS2_Type1,70.0,,338.0,,-0.0005830463261193753,"extrapolation reaches 175 cycles ahead on 69 cycles of history, beyond 2x; the trend cannot see that far",0.85
CS2_34,CS2_Type1,80.0,,328.0,,-0.0005652182276539788,"extrapolation reaches 172 cycles ahead on 79 cycles of history, beyond 2x; the trend cannot see that far",0.85
CS2_34,CS2_Type1,90.0,177.48528090187227,318.0,-140.51471909812773,-0.0005277264741610932,,0.85
CS2_34,CS2_Type1,100.0,191.54398307893604,308.0,-116.45601692106396,-0.00047880427712739427,,0.85
CS2_34,CS2_Type1,110.0,194.09836774699033,298.0,-103.90163225300967,-0.00045639280595009596,,0.85
CS2_34,CS2_Type1,120.0,201.00760125719142,288.0,-86.99239874280858,-0.0004290400984870206,,0.85
CS2_34,CS2_Type1,130.0,196.14323365692974,278.0,-81.85676634307026,-0.00042126047348830484,,0.85
CS2_34,CS2_Type1,140.0,191.2116249966353,268.0,-76.7883750033647,-0.0004137770102895225,,0.85
CS2_34,CS2_Type1,150.0,207.63954159310907,258.0,-50.36045840689093,-0.0003783974765558901,,0.85
CS2_34,CS2_Type1,160.0,211.55893912814008,248.0,-36.44106087185992,-0.000361908789302916,,0.85
CS2_34,CS2_Type1,170.0,205.398032485096,238.0,-32.601967514904004,-0.00035756023105457444,,0.85
CS2_34,CS2_Type1,180.0,197.91191841472323,228.0,-30.08808158527677,-0.000354737098957325,,0.85
CS2_34,CS2_Type1,190.0,201.72862471140718,218.0,-16.27137528859282,-0.0003398750138276999,,0.85
CS2_34,CS2_Type1,200.0,195.79238025339663,208.0,-12.20761974660337,-0.0003356970988145221,,0.85
CS2_34,CS2_Type1,210.0,184.85619419736082,198.0,-13.143805802639179,-0.00033666068922599867,,0.85
CS2_34,CS2_Type1,220.0,175.60298570976954,188.0,-12.397014290230459,-0.00033587832454283543,,0.85
CS2_34,CS2_Type1,230.0,171.86171240584423,178.0,-6.13828759415577,-0.00032943862479438684,,0.85
CS2_34,CS2_Type1,240.0,167.22231024971802,168.0,-0.7776897502819793,-0.0003240644162764071,,0.85
CS2_34,CS2_Type1,250.0,158.31810315296462,158.0,0.31810315296462477,-0.0003229741457610852,,0.85
CS2_34,CS2_Type1,260.0,152.68632166366456,148.0,4.6863216636645575,-0.00031865890972815136,,0.85
CS2_34,CS2_Type1,270.0,146.2951594351162,138.0,8.295159435116204,-0.0003151529514362966,,0.85
CS2_34,CS2_Type1,280.0,137.82172301448276,128.0,9.821723014482757,-0.00031366904456849216,,0.85
CS2_34,CS2_Type1,290.0,135.01100316609103,118.0,17.01100316609103,-0.00030682803382424016,,0.85
CS2_34,CS2_Type1,300.0,130.50024296032564,108.0,22.500242960325636,-0.0003017506168512123,,0.85
CS2_34,CS2_Type1,310.0,123.21259948736542,98.0,25.212599487365424,-0.00029927780113808987,,0.85
CS2_34,CS2_Type1,320.0,117.54515376663488,88.0,29.545153766634883,-0.0002953714230111459,,0.85
CS2_34,CS2_Type1,330.0,110.53623221341627,78.0,32.53623221341627,-0.00029271119301848154,,0.85
CS2_34,CS2_Type1,340.0,101.82478928438428,68.0,33.82478928438428,-0.00029156493730653687,,0.85
CS2_34,CS2_Type1,350.0,97.78543473091412,58.0,39.78543473091412,-0.00028633799258033174,,0.85
CS2_34,CS2_Type1,360.0,92.78038865872753,48.0,44.78038865872753,-0.0002820552334908846,,0.85
CS2_34,CS2_Type1,370.0,82.64770462587461,38.0,44.64770462587461,-0.00028216584142738645,,0.85
CS2_34,CS2_Type1,380.0,71.41419893775463,28.0,43.414198937754634,-0.00028323308797049485,,0.85
CS2_34,CS2_Type1,390.0,59.25843381464426,18.0,41.25843381464426,-0.000285133378060539,,0.85
CS2_34,CS2_Type1,400.0,50.539154078687886,8.0,42.539154078687886,-0.0002839928478095381,,0.85
CS2_35,CS2_Type2,30.0,,319.0,,-0.0012094224125282227,"extrapolation reaches 89 cycles ahead on 29 cycles of history, beyond 2x; the trend cannot see that far",0.85
CS2_35,CS2_Type2,40.0,55.48111428561664,309.0,-253.51888571438337,-0.0015380050763158645,,0.85
CS2_35,CS2_Type2,50.0,49.61807852225958,299.0,-249.38192147774043,-0.0014616176430476246,,0.85
CS2_35,CS2_Type2,60.0,78.77174852654423,289.0,-210.22825147345577,-0.0009832164563163275,,0.85
CS2_35,CS2_Type2,70.0,81.73308838301094,279.0,-197.26691161698906,-0.0008843563478768308,,0.85
CS2_35,CS2_Type2,80.0,70.99744905344937,269.0,-198.00255094655063,-0.0008892760224359677,,0.85
CS2_35,CS2_Type2,90.0,61.01136390837533,259.0,-197.98863609162467,-0.0008890492613708241,,0.85
CS2_35,CS2_Type2,100.0,51.19049794924359,249.0,-197.8095020507564,-0.0008876593379574386,,0.85
CS2_35,CS2_Type2,110.0,61.02160455430666,239.0,-177.97839544569334,-0.0007577633059784363,,0.85
CS2_35,CS2_Type2,120.0,68.06279922843686,229.0,-160.93720077156314,-0.0006713019779404017,,0.85
CS2_35,CS2_Type2,130.0,66.42617050744852,219.0,-152.57382949255148,-0.0006348945616622855,,0.85
CS2_35,CS2_Type2,140.0,69.02052947447976,209.0,-139.97947052552024,-0.0005860865244718069,,0.85
CS2_35,CS2_Type2,150.0,61.99041672195273,199.0,-137.00958327804727,-0.0005754966840727069,,0.85
CS2_35,CS2_Type2,160.0,51.75706777145385,189.0,-137.24293222854615,-0.0005763230784531586,,0.85
CS2_35,CS2_Type2,170.0,44.32422207592961,179.0,-134.6757779240704,-0.0005669967982896451,,0.85
CS2_35,CS2_Type2,180.0,42.34755270417756,169.0,-126.65244729582244,-0.0005391324428248791,,0.85
CS2_35,CS2_Type2,190.0,44.32118110473266,159.0,-114.67881889526734,-0.0005016401325142234,,0.85
CS2_35,CS2_Type2,200.0,43.243052439687915,149.0,-105.75694756031208,-0.0004764966508200075,,0.85
CS2_35,CS2_Type2,210.0,58.0411848903309,139.0,-80.9588151096691,-0.0004171381693228919,,0.85
CS2_35,CS2_Type2,220.0,77.22045179907576,129.0,-51.77954820092424,-0.0003630715706606195,,0.85
CS2_35,CS2_Type2,230.0,83.88198702669541,119.0,-35.11801297330459,-0.0003376934900828615,,0.85
CS2_35,CS2_Type2,240.0,80.88533462685689,109.0,-28.11466537314311,-0.00032792155114830636,,0.85
CS2_35,CS2_Type2,250.0,74.717375673981,99.0,-24.282624326019004,-0.00032274878556037476,,0.85
CS2_35,CS2_Type2,260.0,72.64330598168254,89.0,-16.356694018317455,-0.0003123858860160443,,0.85
CS2_35,CS2_Type2,270.0,71.43782159959989,79.0,-7.562178400400114,-0.0003015110593779629,,0.85
CS2_35,CS2_Type2,280.0,60.949035651593476,69.0,-8.050964348406524,-0.0003021091110421498,,0.85
CS2_35,CS2_Type2,290.0,48.357643097802736,59.0,-10.642356902197264,-0.0003053352191642321,,0.85
CS2_35,CS2_Type2,300.0,36.98394952785776,49.0,-12.01605047214224,-0.0003070979779852512,,0.85
CS2_35,CS2_Type2,310.0,28.726115353291448,39.0,-10.273884646708552,-0.00030482267498458174,,0.85
CS2_35,CS2_Type2,320.0,24.09257242653962,29.0,-4.907427573460382,-0.00029796693599951166,,0.85
CS2_35,CS2_Type2,330.0,14.806469372414256,19.0,-4.193530627585744,-0.00029707198378255703,,0.85
CS2_35,CS2_Type2,340.0,4.459278166220372,9.0,-4.540721833779628,-0.0002975158759421078,,0.85
CS2_36,CS2_Type2,30.0,,383.0,,-0.0008162530286649299,"extrapolation reaches 149 cycles ahead on 29 cycles of history, beyond 2x; the trend cannot see that far",0.85
CS2_36,CS2_Type2,40.0,,373.0,,-0.001110897780343175,"extrapolation reaches 94 cycles ahead on 39 cycles of history, beyond 2x; the trend cannot see that far",0.85
CS2_36,CS2_Type2,50.0,88.38567412820152,363.0,-274.6143258717985,-0.0010725833286960066,,0.85
CS2_36,CS2_Type2,60.0,,353.0,,-0.0007408169548862772,"extrapolation reaches 132 cycles ahead on 59 cycles of history, beyond 2x; the trend cannot see that far",0.85
CS2_36,CS2_Type2,70.0,137.34068307225752,343.0,-205.65931692774248,-0.0006782482770480785,,0.85
CS2_36,CS2_Type2,80.0,127.94953750747152,333.0,-205.05046249252848,-0.0006758337454872619,,0.85
CS2_36,CS2_Type2,90.0,121.70801773718,323.0,-201.29198226282,-0.0006618847054724059,,0.85
CS2_36,CS2_Type2,100.0,116.21020610806625,313.0,-196.78979389193375,-0.0006456363989819977,,0.85
CS2_36,CS2_Type2,110.0,115.30637414395659,303.0,-187.6936258560434,-0.0006147043182201679,,0.85
CS2_36,CS2_Type2,120.0,108.56748551770701,293.0,-184.432514482293,-0.0006040954044605083,,0.85
CS2_36,CS2_Type2,130.0,114.1123513803876,283.0,-168.8876486196124,-0.0005575590619973397,,0.85
CS2_36,CS2_Type2,140.0,126.08528023847782,273.0,-146.91471976152218,-0.0005020467461880152,,0.85
CS2_36,CS2_Type2,150.0,126.58028550174714,263.0,-136.41971449825286,-0.00047885127897561835,,0.85
CS2_36,CS2_Type2,160.0,125.16510672357072,253.0,-127.83489327642928,-0.00046119485555667667,,0.85
CS2_36,CS2_Type2,170.0,122.651328575776,243.0,-120.348671424224,-0.00044663618758998937,,0.85
CS2_36,CS2_Type2,180.0,130.12516502591734,233.0,-102.87483497408266,-0.00041558395995349015,,0.85
CS2_36,CS2_Type2,190.0,136.9738752573723,223.0,-86.0261247426277,-0.00038916169947377546,,0.85
CS2_36,CS2_Type2,200.0,135.2527804334772,213.0,-77.7472195665228,-0.0003771974112791965,,0.85
CS2_36,CS2_Type2,210.0,134.2725991369876,203.0,-68.7274008630124,-0.00036483763119442644,,0.85
CS2_36,CS2_Type2,220.0,135.18182158801187,193.0,-57.81817841198813,-0.0003507571971945396,,0.85
CS2_36,CS2_Type2,230.0,144.0997547804917,183.0,-38.90024521950829,-0.00032854448427271167,,0.85
CS2_36,CS2_Type2,240.0,150.93683578565475,173.0,-22.06316421434525,-0.0003108303007458308,,0.85
CS2_36,CS2_Type2,250.0,153.70365498508733,163.0,-9.296345014912674,-0.00029846964940509154,,0.85
CS2_36,CS2_Type2,260.0,155.23190121104983,153.0,2.2319012110498306,-0.000288035592175002,,0.85
CS2_36,CS2_Type2,270.0,151.66249377998923,143.0,8.662493779989234,-0.00028246190473745023,,0.85
CS2_36,CS2_Type2,280.0,146.638650004765,133.0,13.638650004764997,-0.0002782601347126732,,0.85
CS2_36,CS2_Type2,290.0,149.83528527413472,123.0,26.83528527413472,-0.00026760479347514676,,0.85
CS2_36,CS2_Type2,300.0,149.7492196826787,113.0,36.7492196826787,-0.00026005209535598893,,0.85
CS2_36,CS2_Type2,310.0,140.62387968798595,103.0,37.62387968798595,-0.0002593980859101477,,0.85
CS2_36,CS2_Type2,320.0,137.31718894624777,93.0,44.31718894624777,-0.00025447404170261004,,0.85
CS2_36,CS2_Type2,330.0,137.04175697863013,83.0,54.04175697863013,-0.0002475717804666654,,0.85
CS2_36,CS2_Type2,340.0,132.65538811648344,73.0,59.65538811648344,-0.00024372140165945222,,0.85
CS2_36,CS2_Type2,350.0,118.55455464410659,63.0,55.55455464410659,-0.0002465443137949899,,0.85
CS2_36,CS2_Type2,360.0,104.96933349640335,53.0,51.96933349640335,-0.0002491007953214244,,0.85
CS2_36,CS2_Type2,370.0,91.05778961651049,43.0,48.05778961651049,-0.0002519776317671939,,0.85
CS2_36,CS2_Type2,380.0,81.92210281619447,33.0,48.92210281619447,-0.0002513315025748727,,0.85
CS2_36,CS2_Type2,390.0,74.09850590186983,23.0,51.09850590186983,-0.00024970149824541917,,0.85
CS2_36,CS2_Type2,400.0,57.906139252590606,13.0,44.906139252590606,-0.0002544414965881503,,0.85
CS2_36,CS2_Type2,410.0,43.343322058091985,3.0,40.343322058091985,-0.00025809331137698413,,0.85
CS2_37,CS2_Type2,30.0,,374.0,,-0.0010414606868079592,"extrapolation reaches 108 cycles ahead on 29 cycles of history, beyond 2x; the trend cannot see that far",0.85
CS2_37,CS2_Type2,40.0,67.00811996079229,364.0,-296.99188003920773,-0.0013811304090798344,,0.85
CS2_37,CS2_Type2,50.0,59.829559197012884,354.0,-294.1704408029871,-0.0013392332450578078,,0.85
CS2_37,CS2_Type2,60.0,95.20672388210753,344.0,-248.79327611789247,-0.0008927505443512943,,0.85
CS2_37,CS2_Type2,70.0,94.93874448785246,334.0,-239.06125551214754,-0.0008314470395239684,,0.85
CS2_37,CS2_Type2,80.0,83.57759253370148,324.0,-240.42240746629852,-0.0008393610916188578,,0.85
CS2_37,CS2_Type2,90.0,75.47963349868473,314.0,-238.52036650131527,-0.0008275856071672687,,0.85
CS2_37,CS2_Type2,100.0,66.1091511179018,304.0,-237.8908488820982,-0.0008236783431336149,,0.85
CS2_37,CS2_Type2,110.0,66.03383820232892,294.0,-227.96616179767108,-0.0007657899448126483,,0.85
CS2_37,CS2_Type2,120.0,58.33395200484,284.0,-225.66604799516,-0.0007531115857708667,,0.85
CS2_37,CS2_Type2,130.0,56.148156886462715,274.0,-217.85184311353729,-0.0007121425341792742,,0.85
CS2_37,CS2_Type2,140.0,60.72409957803205,264.0,-203.27590042196795,-0.0006453163811175768,,0.85
CS2_37,CS2_Type2,150.0,60.34732567365728,254.0,-193.65267432634272,-0.0006068370078355527,,0.85
CS2_37,CS2_Type2,160.0,60.02864971841433,244.0,-183.97135028158567,-0.0005718543930835346,,0.85
CS2_37,CS2_Type2,170.0,57.482851988539636,234.0,-176.51714801146036,-0.0005470857540550153,,0.85
CS2_37,CS2_Type2,180.0,62.104862981609756,224.0,-161.89513701839024,-0.0005034547244138906,,0.85
CS2_37,CS2_Type2,190.0,69.31151041642158,214.0,-144.68848958357842,-0.0004595269720717477,,0.85
CS2_37,CS2_Type2,200.0,70.02927121185434,204.0,-133.97072878814566,-0.0004354111863245419,,0.85
CS2_37,CS2_Type2,210.0,71.44703540965838,194.0,-122.55296459034162,-0.00041202984693286055,,0.85
CS2_37,CS2_Type2,220.0,73.50492943190807,184.0,-110.49507056809193,-0.00038956796543477255,,0.85
CS2_37,CS2_Type2,230.0,82.49358186098891,174.0,-91.50641813901109,-0.00035836961977660383,,0.85
CS2_37,CS2_Type2,240.0,92.22347253369765,164.0,-71.77652746630235,-0.00033047085347890086,,0.85
CS2_37,CS2_Type2,250.0,91.68601417832241,154.0,-62.31398582167759,-0.00031841607299837245,,0.85
CS2_37,CS2_Type2,260.0,89.36954247573465,144.0,-54.63045752426535,-0.0003091467061810715,,0.85
CS2_37,CS2_Type2,270.0,83.85293305160405,134.0,-50.147066948395945,-0.00030391054466867985,,0.85
CS2_37,CS2_Type2,280.0,79.57979669609381,124.0,-44.42020330390619,-0.0002974041423759081,,0.85
CS2_37,CS2_Type2,290.0,74.64115618492082,114.0,-39.35884381507918,-0.0002918166531270329,,0.85
CS2_37,CS2_Type2,300.0,68.56434434887444,104.0,-35.43565565112556,-0.00028756910323647183,,0.85
CS2_37,CS2_Type2,310.0,66.47337494250536,94.0,-27.52662505749464,-0.0002792820411001927,,0.85
CS2_37,CS2_Type2,320.0,58.828327771773104,84.0,-25.171672228226896,-0.0002768821095268505,,0.85
CS2_37,CS2_Type2,330.0,49.622075858947596,74.0,-24.377924141052404,-0.0002760635974373908,,0.85
CS2_37,CS2_Type2,340.0,43.85586666677125,64.0,-20.14413333322875,-0.00027176704250330384,,0.85
CS2_37,CS2_Type2,350.0,41.07844105372595,54.0,-12.921558946274047,-0.0002646504745965302,,0.85
CS2_37,CS2_Type2,360.0,33.650929278566196,44.0,-10.349070721433804,-0.0002621822505804041,,0.85
CS2_37,CS2_Type2,370.0,22.180350187817623,34.0,-11.819649812182377,-0.0002636085645900319,,0.85
CS2_37,CS2_Type2,380.0,11.758816051168196,24.0,-12.241183948831804,-0.00026402132553139955,,0.85
CS2_37,CS2_Type2,390.0,1.7133096196866973,14.0,-12.286690380313303,-0.0002640621981427844,,0.85
CS2_37,CS2_Type2,400.0,0.0,4.0,-4.0,-0.0002604409806624078,fitted trend places end of life at or before now,0.85
CS2_38,CS2_Type2,30.0,,334.0,,-0.0010169680471837318,"extrapolation reaches 113 cycles ahead on 29 cycles of history, beyond 2x; the trend cannot see that far",0.85
CS2_38,CS2_Type2,40.0,63.93736949174988,324.0,-260.0626305082501,-0.0014409122928190233,,0.85
CS2_38,CS2_Type2,50.0,57.22935552973573,314.0,-256.7706444702643,-0.0013882912883210901,,0.85
CS2_38,CS2_Type2,60.0,99.91480298487465,304.0,-204.08519701512535,-0.0008690702746840151,,0.85
CS2_38,CS2_Type2,70.0,117.45921164141882,294.0,-176.54078835858118,-0.0007241733042781172,,0.85
CS2_38,CS2_Type2,80.0,108.69800476214223,284.0,-175.30199523785777,-0.0007183489646692463,,0.85
CS2_38,CS2_Type2,90.0,104.90249598899831,274.0,-169.0975040110017,-0.0006915026920462314,,0.85
CS2_38,CS2_Type2,100.0,98.21970917598006,264.0,-165.78029082401994,-0.0006775976164474616,,0.85
CS2_38,CS2_Type2,110.0,94.56392037355732,254.0,-159.43607962644268,-0.0006521733558597175,,0.85
CS2_38,CS2_Type2,120.0,85.63047002562664,244.0,-158.36952997437336,-0.0006479846530923948,,0.85
CS2_38,CS2_Type2,130.0,91.9406530901864,234.0,-142.0593469098136,-0.0005892385411797645,,0.85
CS2_38,CS2_Type2,140.0,94.27372906371662,224.0,-129.72627093628338,-0.0005508572425727798,,0.85
CS2_38,CS2_Type2,150.0,86.94312649259766,214.0,-127.05687350740234,-0.0005430696250815199,,0.85
CS2_38,CS2_Type2,160.0,73.8402932053148,204.0,-130.1597067946852,-0.000552306014757362,,0.85
CS2_38,CS2_Type2,170.0,63.193274719862984,194.0,-130.80672528013702,-0.0005543199498885316,,0.85
CS2_38,CS2_Type2,180.0,63.72447949906905,184.0,-120.27552050093095,-0.0005228201448206746,,0.85
CS2_38,CS2_Type2,190.0,60.71028041945493,174.0,-113.28971958054507,-0.0005034920997677283,,0.85
CS2_38,CS2_Type2,200.0,55.98160117425206,164.0,-108.01839882574794,-0.0004895629967516011,,0.85
CS2_38,CS2_Type2,210.0,52.338117971766735,154.0,-101.66188202823326,-0.00047348594095502516,,0.85
CS2_38,CS2_Type2,220.0,53.84376023223979,144.0,-90.15623976776021,-0.00044647451065263154,,0.85
CS2_38,CS2_Type2,230.0,59.159214755711446,134.0,-74.84078524428855,-0.00041448352462282505,,0.85
CS2_38,CS2_Type2,240.0,61.22293361888933,124.0,-62.77706638111067,-0.0003920255460349298,,0.85
CS2_38,CS2_Type2,250.0,59.225241947961194,114.0,-54.774758052038806,-0.0003782101420334662,,0.85
CS2_38,CS2_Type2,260.0,54.33400886785063,104.0,-49.66599113214937,-0.000369762548145886,,0.85
CS2_38,CS2_Type2,270.0,49.57115988810841,94.0,-44.42884011189159,-0.0003613680281038468,,0.85
CS2_38,CS2_Type2,280.0,44.704893065431065,84.0,-39.295106934568935,-0.0003533864426069128,,0.85
CS2_38,CS2_Type2,290.0,38.98824545826153,74.0,-35.01175454173847,-0.0003469011862708339,,0.85
CS2_38,CS2_Type2,300.0,35.69775416751196,64.0,-28.30224583248804,-0.0003370713480590331,,0.85
CS2_38,CS2_Type2,310.0,34.627333239746065,54.0,-19.372666760253935,-0.0003246601299991076,,0.85
CS2_38,CS2_Type2,320.0,27.05359106084518,44.0,-16.94640893915482,-0.00032139871900531907,,0.85
CS2_38,CS2_Type2,330.0,21.965919728265476,34.0,-12.034080271734524,-0.00031489981106362956,,0.85
CS2_38,CS2_Type2,340.0,17.900668883055573,24.0,-6.099331116944427,-0.00030728831949310777,,0.85
CS2_38,CS2_Type2,350.0,15.136188828096465,14.0,1.136188828096465,-0.000298383278048658,,0.85
CS2_38,CS2_Type2,360.0,6.828845854534109,4.0,2.8288458545341086,-0.00029635002151455014,,0.85
CS2_5,CS2_Type5,,,,,,never crosses SOH 0.85,0.85
CS2_6,CS2_Type5,30.0,36.21577805151274,14.0,22.215778051512743,-0.0023217694111712928,,0.85
CS2_6,CS2_Type5,40.0,21.199457443516266,4.0,17.199457443516266,-0.0025529936998860327,,0.85
CS2_7,CS2_Type4,,,,,,never crosses SOH 0.85,0.85
CS2_9,CS2_Type3,30.0,,258.0,,-0.0003531684115163736,"extrapolation reaches 359 cycles ahead on 29 cycles of history, beyond 2x; the trend cannot see that far",0.85
CS2_9,CS2_Type3,40.0,,248.0,,-0.00027481394910928156,"extrapolation reaches 458 cycles ahead on 39 cycles of history, beyond 2x; the trend cannot see that far",0.85
CS2_9,CS2_Type3,50.0,,238.0,,-0.00034280109134317044,"extrapolation reaches 351 cycles ahead on 49 cycles of history, beyond 2x; the trend cannot see that far",0.85
CS2_9,CS2_Type3,60.0,,228.0,,-0.0004285305269258577,"extrapolation reaches 264 cycles ahead on 59 cycles of history, beyond 2x; the trend cannot see that far",0.85
CS2_9,CS2_Type3,70.0,,218.0,,-0.0004932096796121254,"extrapolation reaches 215 cycles ahead on 69 cycles of history, beyond 2x; the trend cannot see that far",0.85
CS2_9,CS2_Type3,80.0,,208.0,,-0.0004915271676494658,"extrapolation reaches 206 cycles ahead on 79 cycles of history, beyond 2x; the trend cannot see that far",0.85
CS2_9,CS2_Type3,90.0,,198.0,,-0.0004378953531941068,"extrapolation reaches 227 cycles ahead on 89 cycles of history, beyond 2x; the trend cannot see that far",0.85
CS2_9,CS2_Type3,100.0,,188.0,,-0.00042587132927546294,"extrapolation reaches 225 cycles ahead on 99 cycles of history, beyond 2x; the trend cannot see that far",0.85
CS2_9,CS2_Type3,110.0,205.91885568574781,178.0,27.918855685747815,-0.0004398756417202231,,0.85
CS2_9,CS2_Type3,120.0,186.4707236223627,168.0,18.470723622362698,-0.0004554364721956429,,0.85
CS2_9,CS2_Type3,130.0,177.39433292005316,158.0,19.39433292005316,-0.0004539982801050034,,0.85
CS2_9,CS2_Type3,140.0,171.5891640033136,148.0,23.589164003313613,-0.00044691630628551583,,0.85
CS2_9,CS2_Type3,150.0,151.98684305265425,138.0,13.986843052654251,-0.00046377749163430403,,0.85
CS2_9,CS2_Type3,160.0,125.33266222598206,128.0,-2.6673377740179376,-0.000496791994373397,,0.85
CS2_9,CS2_Type3,170.0,103.77597924952778,118.0,-14.22402075047222,-0.0005230501826802453,,0.85
CS2_9,CS2_Type3,180.0,86.65362852960516,108.0,-21.346371470394843,-0.0005409495417694315,,0.85
CS2_9,CS2_Type3,190.0,76.49884192130622,98.0,-21.501158078693777,-0.0005413967757778622,,0.85
CS2_9,CS2_Type3,200.0,67.83135108485192,88.0,-20.168648915148083,-0.0005378983622295676,,0.85
CS2_9,CS2_Type3,210.0,58.75553588793986,78.0,-19.244464112060143,-0.0005354701050776601,,0.85
CS2_9,CS2_Type3,220.0,51.138571539558825,68.0,-16.861428460441175,-0.0005290638897073407,,0.85
CS2_9,CS2_Type3,230.0,45.447509398227,58.0,-12.552490601773002,-0.0005176664847791987,,0.85
CS2_9,CS2_Type3,240.0,38.367857527674175,48.0,-9.632142472325825,-0.0005100885824376016,,0.85
CS2_9,CS2_Type3,250.0,29.509977079460555,38.0,-8.490022920539445,-0.0005070900554831705,,0.85
CS2_9,CS2_Type3,260.0,25.358849826667836,28.0,-2.6411501733321643,-0.0004922483292051263,,0.85
CS2_9,CS2_Type3,270.0,19.53073638570146,18.0,1.5307363857014593,-0.000482049040683407,,0.85
CS2_9,CS2_Type3,280.0,10.572011901246071,8.0,2.5720119012460714,-0.0004795106471412336,,0.85
CX2_16,CX2_Type1,30.0,,953.0,,-0.00019570089078500583,"extrapolation reaches 739 cycles ahead on 29 cycles of history, beyond 2x; the trend cannot see that far",0.85
CX2_16,CX2_Type1,40.0,,943.0,,-0.00020191537922854897,"extrapolation reaches 705 cycles ahead on 39 cycles of history, beyond 2x; the trend cannot see that far",0.85
CX2_16,CX2_Type1,50.0,,933.0,,-0.0001883783509525052,"extrapolation reaches 747 cycles ahead on 49 cycles of history, beyond 2x; the trend cannot see that far",0.85
CX2_16,CX2_Type1,60.0,,923.0,,-5.561153202268955e-05,"extrapolation reaches 2597 cycles ahead on 59 cycles of history, beyond 2x; the trend cannot see that far",0.85
CX2_16,CX2_Type1,70.0,,913.0,,-4.349661759745612e-05,"extrapolation reaches 3321 cycles ahead on 69 cycles of history, beyond 2x; the trend cannot see that far",0.85
CX2_16,CX2_Type1,80.0,,903.0,,-7.867264507795986e-05,"extrapolation reaches 1806 cycles ahead on 79 cycles of history, beyond 2x; the trend cannot see that far",0.85
CX2_16,CX2_Type1,90.0,,893.0,,-0.00011276156665698678,"extrapolation reaches 1234 cycles ahead on 89 cycles of history, beyond 2x; the trend cannot see that far",0.85
CX2_16,CX2_Type1,100.0,,883.0,,-0.00013856476904292614,"extrapolation reaches 984 cycles ahead on 99 cycles of history, beyond 2x; the trend cannot see that far",0.85
CX2_16,CX2_Type1,110.0,,873.0,,-0.00014977926946620234,"extrapolation reaches 895 cycles ahead on 109 cycles of history, beyond 2x; the trend cannot see that far",0.85
CX2_16,CX2_Type1,120.0,,863.0,,-0.000158490769356369,"extrapolation reaches 832 cycles ahead on 119 cycles of history, beyond 2x; the trend cannot see that far",0.85
CX2_16,CX2_Type1,130.0,,853.0,,-0.00017046243930743464,"extrapolation reaches 758 cycles ahead on 129 cycles of history, beyond 2x; the trend cannot see that far",0.85
CX2_16,CX2_Type1,140.0,,843.0,,-0.00017542040922551022,"extrapolation reaches 724 cycles ahead on 139 cycles of history, beyond 2x; the trend cannot see that far",0.85
CX2_16,CX2_Type1,150.0,,833.0,,-0.0001734106349913739,"extrapolation reaches 724 cycles ahead on 149 cycles of history, beyond 2x; the trend cannot see that far",0.85
CX2_16,CX2_Type1,160.0,,823.0,,-0.00016875009525851623,"extrapolation reaches 736 cycles ahead on 159 cycles of history, beyond 2x; the trend cannot see that far",0.85
CX2_16,CX2_Type1,170.0,,813.0,,-0.0001715963523772983,"extrapolation reaches 713 cycles ahead on 169 cycles of history, beyond 2x; the trend cannot see that far",0.85
CX2_16,CX2_Type1,180.0,,803.0,,-0.0001746491895003722,"extrapolation reaches 688 cycles ahead on 179 cycles of history, beyond 2x; the trend cannot see that far",0.85
CX2_16,CX2_Type1,190.0,,793.0,,-0.000175533232727912,"extrapolation reaches 674 cycles ahead on 189 cycles of history, beyond 2x; the trend cannot see that far",0.85
CX2_16,CX2_Type1,200.0,,783.0,,-0.0001671498745020085,"extrapolation reaches 704 cycles ahead on 199 cycles of history, beyond 2x; the trend cannot see that far",0.85
CX2_16,CX2_Type1,210.0,,773.0,,-0.00015763203131726985,"extrapolation reaches 745 cycles ahead on 209 cycles of history, beyond 2x; the trend cannot see that far",0.85
CX2_16,CX2_Type1,220.0,,763.0,,-0.00015953821345560319,"extrapolation reaches 724 cycles ahead on 219 cycles of history, beyond 2x; the trend cannot see that far",0.85
CX2_16,CX2_Type1,230.0,,753.0,,-0.00016403406866146868,"extrapolation reaches 690 cycles ahead on 229 cycles of history, beyond 2x; the trend cannot see that far",0.85
CX2_16,CX2_Type1,240.0,,743.0,,-0.0001682440270748942,"extrapolation reaches 659 cycles ahead on 239 cycles of history, beyond 2x; the trend cannot see that far",0.85
CX2_16,CX2_Type1,250.0,,733.0,,-0.00017054084917738255,"extrapolation reaches 638 cycles ahead on 249 cycles of history, beyond 2x; the trend cannot see that far",0.85
CX2_16,CX2_Type1,260.0,,723.0,,-0.00017171719304056457,"extrapolation reaches 623 cycles ahead on 259 cycles of history, beyond 2x; the trend cannot see that far",0.85
CX2_16,CX2_Type1,270.0,,713.0,,-0.0001718118288826708,"extrapolation reaches 612 cycles ahead on 269 cycles of history, beyond 2x; the trend cannot see that far",0.85
CX2_16,CX2_Type1,280.0,,703.0,,-0.000171940428127585,"extrapolation reaches 602 cycles ahead on 279 cycles of history, beyond 2x; the trend cannot see that far",0.85
CX2_16,CX2_Type1,290.0,,693.0,,-0.00017379121157668864,"extrapolation reaches 583 cycles ahead on 289 cycles of history, beyond 2x; the trend cannot see that far",0.85
CX2_16,CX2_Type1,300.0,584.1601085204414,683.0,-98.83989147955856,-0.00017136167612610367,,0.85
CX2_16,CX2_Type1,310.0,586.8849228761354,673.0,-86.11507712386458,-0.00016861797548287026,,0.85
CX2_16,CX2_Type1,320.0,582.1967139263807,663.0,-80.80328607361935,-0.00016749396004162414,,0.85
CX2_16,CX2_Type1,330.0,570.27375419096,653.0,-82.72624580904005,-0.0001679006924444992,,0.85
CX2_16,CX2_Type1,340.0,563.0702916530242,643.0,-79.92970834697576,-0.000167306955373195,,0.85
CX2_16,CX2_Type1,350.0,557.4256101982727,633.0,-75.5743898017273,-0.00016638677580462757,,0.85
CX2_16,CX2_Type1,360.0,552.4478696974807,623.0,-70.55213030251934,-0.0001653338981510356,,0.85
CX2_16,CX2_Type1,370.0,540.0597909937776,613.0,-72.9402090062224,-0.00016583432908056362,,0.85
CX2_16,CX2_Type1,380.0,529.1080117913048,603.0,-73.89198820869524,-0.00016603569075737202,,0.85
CX2_16,CX2_Type1,390.0,516.479503393865,593.0,-76.520496606135,-0.00016659688821031978,,0.85
CX2_16,CX2_Type1,400.0,501.66655872565275,583.0,-81.33344127434725,-0.0001676387902744003,,0.85
CX2_16,CX2_Type1,410.0,492.3839485706328,573.0,-80.61605142936719,-0.00016748067476956793,,0.85
CX2_16,CX2_Type1,420.0,484.3701077419688,563.0,-78.62989225803119,-0.00016704560754388981,,0.85
CX2_16,CX2_Type1,430.0,472.8199826219069,553.0,-80.18001737809311,-0.00016738578946322828,,0.85
CX2_16,CX2_Type1,440.0,461.8302705632535,543.0,-81.16972943674648,-0.00016760450010393552,,0.85
CX2_16,CX2_Type1,450.0,451.60879034916695,533.0,-81.39120965083305,-0.00016765367438018264,,0.85
CX2_16,CX2_Type1,460.0,441.64906247172325,523.0,-81.35093752827675,-0.0001676445578735552,,0.85
CX2_16,CX2_Type1,470.0,430.87561898066497,513.0,-82.12438101933503,-0.0001678183494561102,,0.85
CX2_16,CX2_Type1,480.0,440.92724830656084,503.0,-62.07275169343916,-0.00016340377356213604,,0.85
CX2_16,CX2_Type1,490.0,446.8212720626583,493.0,-46.178727937341705,-0.0001600507014258521,,0.85
CX2_16,CX2_Type1,500.0,471.77580765367543,483.0,-11.224192346324571,-0.0001531134820861564,,0.85
CX2_16,CX2_Type1,510.0,482.5962955279949,473.0,9.596295527994926,-0.00014924262247587822,,0.85
CX2_16,CX2_Type1,520.0,508.1292991401224,463.0,45.129299140122384,-0.0001430476859077966,,0.85
CX2_16,CX2_Type1,530.0,515.977472134045,453.0,62.977472134045,-0.0001401147156672063,,0.85
CX2_16,CX2_Type1,540.0,516.6482102711986,443.0,73.64821027119865,-0.00013841114975090893,,0.85
CX2_16,CX2_Type1,550.0,528.5077347225529,433.0,95.50773472255287,-0.00013503471519579665,,0.85
CX2_16,CX2_Type1,560.0,544.6719627981554,423.0,121.67196279815539,-0.00013119200169014734,,0.85
CX2_16,CX2_Type1,570.0,544.4708071173986,413.0,131.47080711739864,-0.0001298028136023697,,0.85
CX2_16,CX2_Type1,580.0,544.4819864736894,403.0,141.4819864736894,-0.00012840897383155063,,0.85
CX2_16,CX2_Type1,590.0,561.9095028195977,393.0,168.90950281959772,-0.0001247270750018995,,0.85
CX2_16,CX2_Type1,600.0,562.0868116671672,383.0,179.08681166716724,-0.00012340938305148511,,0.85
CX2_16,CX2_Type1,610.0,567.304876946981,373.0,194.30487694698104,-0.00012148263998077841,,0.85
CX2_16,CX2_Type1,620.0,579.8251965175641,363.0,216.8251965175641,-0.00011873146875247539,,0.85
CX2_16,CX2_Type1,630.0,583.4320559315224,353.0,230.43205593152243,-0.00011712310947415756,,0.85
CX2_16,CX2_Type1,640.0,579.9892753851245,343.0,236.98927538512453,-0.00011636102744543204,,0.85
CX2_16,CX2_Type1,650.0,593.436947949506,333.0,260.436947949506,-0.0001137069751232476,,0.85
CX2_16,CX2_Type1,660.0,594.373225771287,323.0,271.373225771287,-0.0001125061459482207,,0.85
CX2_16,CX2_Type1,670.0,597.5534665366051,313.0,284.55346653660513,-0.00011108746048210952,,0.85
CX2_16,CX2_Type1,680.0,611.3504517076572,303.0,308.35045170765716,-0.00010860710864694313,,0.85
CX2_16,CX2_Type1,690.0,620.8862691693598,293.0,327.8862691693598,-0.00010664707203618423,,0.85
CX2_16,CX2_Type1,700.0,613.0193487344732,283.0,330.01934873447317,-0.00010643662521034431,,0.85
CX2_16,CX2_Type1,710.0,604.6840534676987,273.0,331.68405346769873,-0.00010627227233448446,,0.85
CX2_16,CX2_Type1,720.0,614.2019969900043,263.0,351.2019969900043,-0.00010437921899550702,,0.85
CX2_16,CX2_Type1,730.0,609.9594956367603,253.0,356.95949563676027,-0.00010383166926736859,,0.85
CX2_16,CX2_Type1,740.0,596.4992739994386,243.0,353.4992739994386,-0.00010416110313242601,,0.85
CX2_16,CX2_Type1,750.0,586.64352328322,233.0,353.64352328322,-0.00010414696489347368,,0.85
CX2_16,CX2_Type1,760.0,591.795122871999,223.0,368.79512287199896,-0.0001027123692633693,,0.85
CX2_16,CX2_Type1,770.0,573.4821908906699,213.0,360.4821908906699,-0.00010349674400162458,,0.85
CX2_16,CX2_Type1,780.0,554.3896787562824,203.0,351.38967875628236,-0.00010437149413613612,,0.85
CX2_16,CX2_Type1,790.0,561.4321239908343,193.0,368.43212399083427,-0.00010273927624793504,,0.85
CX2_16,CX2_Type1,800.0,539.7937693216943,183.0,356.7937693216943,-0.00010385229623093523,,0.85
CX2_16,CX2_Type1,810.0,511.59066769486776,173.0,338.59066769486776,-0.00010564776693046834,,0.85
CX2_16,CX2_Type1,820.0,492.3461067863077,163.0,329.3461067863077,-0.00010658620041097144,,0.85
CX2_16,CX2_Type1,830.0,481.5997580271053,153.0,328.5997580271053,-0.00010666334379085325,,0.85
CX2_16,CX2_Type1,840.0,461.7682679076397,143.0,318.7682679076397,-0.00010768835340939878,,0.85
CX2_16,CX2_Type1,850.0,445.6875290235862,133.0,312.6875290235862,-0.00010833424964040913,,0.85
CX2_16,CX2_Type1,860.0,441.7928928257004,123.0,318.7928928257004,-0.00010768370286555957,,0.85
CX2_16,CX2_Type1,870.0,420.33760552485,113.0,307.33760552485,-0.00010891509025248432,,0.85
CX2_16,CX2_Type1,880.0,397.7270337283471,103.0,294.7270337283471,-0.00011030871334751806,,0.85
CX2_16,CX2_Type1,890.0,386.25856918905356,93.0,293.25856918905356,-0.00011047369128074568,,0.85
CX2_16,CX2_Type1,900.0,367.467945584521,83.0,284.467945584521,-0.00011147670432008355,,0.85
CX2_16,CX2_Type1,910.0,345.5139895352322,73.0,272.5139895352322,-0.0001128744127510689,,0.85
CX2_16,CX2_Type1,920.0,333.4271524978101,63.0,270.4271524978101,-0.00011312265835078932,,0.85
CX2_16,CX2_Type1,930.0,321.0059272440892,53.0,268.0059272440892,-0.00011341387291227448,,0.85
CX2_16,CX2_Type1,940.0,302.31404421449383,43.0,259.31404421449383,-0.000114473396041301,,0.85
CX2_16,CX2_Type1,950.0,285.97681418236175,33.0,252.97681418236175,-0.00011526130012614234,,0.85
CX2_16,CX2_Type1,960.0,264.5087403555217,23.0,241.5087403555217,-0.00011672052822996054,,0.85
CX2_16,CX2_Type1,970.0,241.1998567218302,13.0,228.1998567218302,-0.0001184675680370809,,0.85
CX2_16,CX2_Type1,980.0,231.76818777656013,3.0,228.76818777656013,-0.00011839215821804132,,0.85
CX2_3,CX2_Type4,30.0,,413.0,,,fewer than 30 cycles of history,0.85
CX2_3,CX2_Type4,40.0,,403.0,,-0.0004634260664363864,"extrapolation reaches 274 cycles ahead on 39 cycles of history, beyond 2x; the trend cannot see that far",0.85
CX2_3,CX2_Type4,50.0,,393.0,,-0.0006428925803729118,"extrapolation reaches 181 cycles ahead on 49 cycles of history, beyond 2x; the trend cannot see that far",0.85
CX2_3,CX2_Type4,60.0,,383.0,,-0.0006601504401646265,"extrapolation reaches 165 cycles ahead on 59 cycles of history, beyond 2x; the trend cannot see that far",0.85
CX2_3,CX2_Type4,70.0,,373.0,,-0.0006773422316001238,"extrapolation reaches 150 cycles ahead on 69 cycles of history, beyond 2x; the trend cannot see that far",0.85
CX2_3,CX2_Type4,80.0,151.30182315449034,363.0,-211.69817684550966,-0.0006389075133700021,,0.85
CX2_3,CX2_Type4,90.0,144.19802950227768,353.0,-208.80197049772232,-0.0006297806678991598,,0.85
CX2_3,CX2_Type4,100.0,148.57958927305705,343.0,-194.42041072694295,-0.0005877634209581663,,0.85
CX2_3,CX2_Type4,110.0,160.60254325081183,333.0,-172.39745674918817,-0.0005325384091537785,,0.85
CX2_3,CX2_Type4,120.0,167.2825946140893,323.0,-155.7174053859107,-0.0004966619864070132,,0.85
CX2_3,CX2_Type4,130.0,176.3862812557258,313.0,-136.6137187442742,-0.00046065055667235557,,0.85
CX2_3,CX2_Type4,140.0,182.12701377109687,303.0,-120.87298622890313,-0.00043437529263956723,,0.85
CX2_3,CX2_Type4,150.0,188.40197914517802,293.0,-104.59802085482198,-0.00040989835693983355,,0.85
CX2_3,CX2_Type4,160.0,191.87705858517376,283.0,-91.12294141482624,-0.0003914302744141298,,0.85
CX2_3,CX2_Type4,170.0,194.23512335711365,273.0,-78.76487664288635,-0.00037572232186900453,,0.85
CX2_3,CX2_Type4,180.0,188.6799495010897,263.0,-74.32005049891029,-0.00037032367797686636,,0.85
CX2_3,CX2_Type4,190.0,181.5490026167327,253.0,-71.45099738326729,-0.0003668676240104664,,0.85
CX2_3,CX2_Type4,200.0,178.67042084513236,243.0,-64.32957915486764,-0.00035851535546747013,,0.85
CX2_3,CX2_Type4,210.0,182.56833588164835,233.0,-50.43166411835165,-0.0003430915093112614,,0.85
CX2_3,CX2_Type4,220.0,177.84740232637574,223.0,-45.15259767362426,-0.00033751393503448317,,0.85
CX2_3,CX2_Type4,230.0,177.05199498110557,213.0,-35.948005018894435,-0.00032812226276591214,,0.85
CX2_3,CX2_Type4,240.0,169.4544506692102,203.0,-33.54554933078981,-0.00032573759229778334,,0.85
CX2_3,CX2_Type4,250.0,159.62176458609537,193.0,-33.37823541390463,-0.0003255650236949573,,0.85
CX2_3,CX2_Type4,260.0,151.17550950838427,183.0,-31.824490491615734,-0.00032401002608922237,,0.85
CX2_3,CX2_Type4,270.0,139.65790907000746,173.0,-33.34209092999254,-0.00032554079823970484,,0.85
CX2_3,CX2_Type4,280.0,129.47824397418458,163.0,-33.52175602581542,-0.0003257243153638377,,0.85
CX2_3,CX2_Type4,290.0,120.52453733865644,153.0,-32.475462661343556,-0.0003246376867200979,,0.85
CX2_3,CX2_Type4,300.0,110.37749937065428,143.0,-32.62250062934572,-0.0003247814117421223,,0.85
CX2_3,CX2_Type4,310.0,104.9748266311816,133.0,-28.0251733688184,-0.0003200067669290732,,0.85
CX2_3,CX2_Type4,320.0,95.89870748963193,123.0,-27.10129251036807,-0.00031904993613687105,,0.85
CX2_3,CX2_Type4,330.0,86.59717885599241,113.0,-26.40282114400759,-0.00031832216281968304,,0.85
CX2_3,CX2_Type4,340.0,77.17479874658284,103.0,-25.825201253417163,-0.0003177155003357739,,0.85
CX2_3,CX2_Type4,350.0,68.20015691826484,93.0,-24.799843081735162,-0.00031663483150365824,,0.85
CX2_3,CX2_Type4,360.0,59.25485196942975,83.0,-23.74514803057025,-0.0003155200240909331,,0.85
CX2_3,CX2_Type4,370.0,51.247815162434165,73.0,-21.752184837565835,-0.0003134119624601979,,0.85
CX2_3,CX2_Type4,380.0,42.59622953747453,63.0,-20.403770462525472,-0.00031198576593208916,,0.85
CX2_3,CX2_Type4,390.0,33.083915116914284,53.0,-19.916084883085716,-0.00031146610530074397,,0.85
CX2_3,CX2_Type4,400.0,24.37434156004815,43.0,-18.62565843995185,-0.000310086507915503,,0.85
CX2_3,CX2_Type4,410.0,15.185144849851156,33.0,-17.814855150148844,-0.00030921664196845134,,0.85
CX2_3,CX2_Type4,420.0,5.969645410510111,23.0,-17.03035458948989,-0.0003083687940372788,,0.85
CX2_3,CX2_Type4,430.0,0.0,13.0,-13.0,-0.00030703196143597845,fitted trend places end of life at or before now,0.85
CX2_3,CX2_Type4,440.0,0.0,3.0,-3.0,-0.0003054593287223333,fitted trend places end of life at or before now,0.85
CX2_33,CX2_Type1,30.0,,546.0,,-0.00031443817110428965,"extrapolation reaches 452 cycles ahead on 29 cycles of history, beyond 2x; the trend cannot see that far",0.85
CX2_33,CX2_Type1,40.0,,536.0,,-0.0003486452061858303,"extrapolation reaches 395 cycles ahead on 39 cycles of history, beyond 2x; the trend cannot see that far",0.85
CX2_33,CX2_Type1,50.0,,526.0,,-0.00013499379025511723,"extrapolation reaches 1050 cycles ahead on 49 cycles of history, beyond 2x; the trend cannot see that far",0.85
CX2_33,CX2_Type1,60.0,,516.0,,-0.00018912593496460482,"extrapolation reaches 731 cycles ahead on 59 cycles of history, beyond 2x; the trend cannot see that far",0.85
CX2_33,CX2_Type1,70.0,,506.0,,-0.00025760633442503336,"extrapolation reaches 517 cycles ahead on 69 cycles of history, beyond 2x; the trend cannot see that far",0.85
CX2_33,CX2_Type1,80.0,,496.0,,-0.0001598071308016002,"extrapolation reaches 850 cycles ahead on 79 cycles of history, beyond 2x; the trend cannot see that far",0.85
CX2_33,CX2_Type1,90.0,,486.0,,-0.0001290751955803332,"extrapolation reaches 1055 cycles ahead on 89 cycles of history, beyond 2x; the trend cannot see that far",0.85
CX2_33,CX2_Type1,100.0,,476.0,,-0.00017912208969697726,"extrapolation reaches 734 cycles ahead on 99 cycles of history, beyond 2x; the trend cannot see that far",0.85
CX2_33,CX2_Type1,110.0,,466.0,,-0.0001986033137746497,"extrapolation reaches 646 cycles ahead on 109 cycles of history, beyond 2x; the trend cannot see that far",0.85
CX2_33,CX2_Type1,120.0,,456.0,,-0.00015871664326155675,"extrapolation reaches 816 cycles ahead on 119 cycles of history, beyond 2x; the trend cannot see that far",0.85
CX2_33,CX2_Type1,130.0,,446.0,,-0.0001395428847356006,"extrapolation reaches 929 cycles ahead on 129 cycles of history, beyond 2x; the trend cannot see that far",0.85
CX2_33,CX2_Type1,140.0,,436.0,,-0.0001522946804415806,"extrapolation reaches 834 cycles ahead on 139 cycles of history, beyond 2x; the trend cannot see that far",0.85
CX2_33,CX2_Type1,150.0,,426.0,,-0.000181594195745081,"extrapolation reaches 675 cycles ahead on 149 cycles of history, beyond 2x; the trend cannot see that far",0.85
CX2_33,CX2_Type1,160.0,,416.0,,-0.00019661732230360902,"extrapolation reaches 606 cycles ahead on 159 cycles of history, beyond 2x; the trend cannot see that far",0.85
CX2_33,CX2_Type1,170.0,,406.0,,-0.00020911319910111144,"extrapolation reaches 553 cycles ahead on 169 cycles of history, beyond 2x; the trend cannot see that far",0.85
CX2_33,CX2_Type1,180.0,,396.0,,-0.00020797626117632613,"extrapolation reaches 547 cycles ahead on 179 cycles of history, beyond 2x; the trend cannot see that far",0.85
CX2_33,CX2_Type1,190.0,,386.0,,-0.00020477833837724606,"extrapolation reaches 547 cycles ahead on 189 cycles of history, beyond 2x; the trend cannot see that far",0.85
CX2_33,CX2_Type1,200.0,,376.0,,-0.00021106233111357323,"extrapolation reaches 517 cycles ahead on 199 cycles of history, beyond 2x; the trend cannot see that far",0.85
CX2_33,CX2_Type1,210.0,,366.0,,-0.00020109632111960828,"extrapolation reaches 539 cycles ahead on 209 cycles of history, beyond 2x; the trend cannot see that far",0.85
CX2_33,CX2_Type1,220.0,,356.0,,-0.00019000646230655333,"extrapolation reaches 569 cycles ahead on 219 cycles of history, beyond 2x; the trend cannot see that far",0.85
CX2_33,CX2_Type1,230.0,,346.0,,-0.00019144846889797428,"extrapolation reaches 553 cycles ahead on 229 cycles of history, beyond 2x; the trend cannot see that far",0.85
CX2_33,CX2_Type1,240.0,,336.0,,-0.00019571147724636764,"extrapolation reaches 528 cycles ahead on 239 cycles of history, beyond 2x; the trend cannot see that far",0.85
CX2_33,CX2_Type1,250.0,,326.0,,-0.00019859900791612285,"extrapolation reaches 508 cycles ahead on 249 cycles of history, beyond 2x; the trend cannot see that far",0.85
CX2_33,CX2_Type1,260.0,493.3351194773312,316.0,177.3351194773312,-0.00020001600545599508,,0.85
CX2_33,CX2_Type1,270.0,449.5745006092293,306.0,143.5745006092293,-0.00021071949508044748,,0.85
CX2_33,CX2_Type1,280.0,411.9797274789438,296.0,115.9797274789438,-0.00022041135684923186,,0.85
CX2_33,CX2_Type1,290.0,396.98539718295297,286.0,110.98539718295297,-0.000222269263659417,,0.85
CX2_33,CX2_Type1,300.0,383.32266894469456,276.0,107.32266894469456,-0.00022366488086314208,,0.85
CX2_33,CX2_Type1,310.0,362.3375032284447,266.0,96.33750322844469,-0.00022796668314504725,,0.85
CX2_33,CX2_Type1,320.0,355.3506378233899,256.0,99.35063782338989,-0.0002267637777284041,,0.85
CX2_33,CX2_Type1,330.0,342.62876558641733,246.0,96.62876558641733,-0.00022785756169373434,,0.85
CX2_33,CX2_Type1,340.0,344.54777195897327,236.0,108.54777195897327,-0.0002231138017797038,,0.85
CX2_33,CX2_Type1,350.0,340.6668749485498,226.0,114.66687494854978,-0.00022074252961965828,,0.85
CX2_33,CX2_Type1,360.0,341.548604223142,216.0,125.54860422314198,-0.00021662063884411825,,0.85
CX2_33,CX2_Type1,370.0,325.95711375538167,206.0,119.95711375538167,-0.00021873097139650567,,0.85
CX2_33,CX2_Type1,380.0,303.76987637839136,196.0,107.76987637839136,-0.00022350233554905435,,0.85
CX2_33,CX2_Type1,390.0,287.59736274472743,186.0,101.59736274472743,-0.00022601618812819762,,0.85
CX2_33,CX2_Type1,400.0,273.155177414244,176.0,97.15517741424401,-0.00022787194012105716,,0.85
CX2_33,CX2_Type1,410.0,259.44427628676635,166.0,93.44427628676635,-0.0002294566901385585,,0.85
CX2_33,CX2_Type1,420.0,237.4862292611532,156.0,81.4862292611532,-0.00023474469857195462,,0.85
CX2_33,CX2_Type1,430.0,217.9699069633233,146.0,71.9699069633233,-0.00023916024779985283,,0.85
CX2_33,CX2_Type1,440.0,199.1563508713324,136.0,63.15635087133239,-0.00024342963829624738,,0.85
CX2_33,CX2_Type1,450.0,179.17138866571418,126.0,53.171388665714176,-0.000248488825661905,,0.85
CX2_33,CX2_Type1,460.0,166.8870156951424,116.0,50.887015695142395,-0.0002496870674654088,,0.85
CX2_33,CX2_Type1,470.0,152.49761147804725,106.0,46.49761147804725,-0.0002520333401748774,,0.85
CX2_33,CX2_Type1,480.0,138.53648378848231,96.0,42.536483788482315,-0.0002542051316952075,,0.85
CX2_33,CX2_Type1,490.0,122.43604105366035,86.0,36.43604105366035,-0.0002576480625421084,,0.85
CX2_33,CX2_Type1,500.0,105.97232848025999,76.0,29.97232848025999,-0.00026142830176631475,,0.85
CX2_33,CX2_Type1,510.0,90.70286126750489,66.0,24.702861267504886,-0.0002646172398296732,,0.85
CX2_33,CX2_Type1,520.0,77.61585906851042,56.0,21.615859068510417,-0.00026653492921834595,,0.85
CX2_33,CX2_Type1,530.0,65.20965814777446,46.0,19.209658147774462,-0.0002680638398086902,,0.85
CX2_33,CX2_Type1,540.0,52.60186436781419,36.0,16.601864367814187,-0.0002697523650105739,,0.85
CX2_33,CX2_Type1,550.0,39.79427247214642,26.0,13.794272472146417,-0.00027161020335218425,,0.85
CX2_33,CX2_Type1,560.0,27.45713973438194,16.0,11.45713973438194,-0.0002731886541239194,,0.85
CX2_33,CX2_Type1,570.0,17.035404620204872,6.0,11.035404620204872,-0.0002734769912965124,,0.85
CX2_34,CX2_Type2,30.0,,427.0,,-0.0008637009086026504,"extrapolation reaches 135 cycles ahead on 29 cycles of history, beyond 2x; the trend cannot see that far",0.85
CX2_34,CX2_Type2,40.0,,417.0,,-0.0006448587208040404,"extrapolation reaches 177 cycles ahead on 39 cycles of history, beyond 2x; the trend cannot see that far",0.85
CX2_34,CX2_Type2,50.0,,407.0,,-0.0007740893955564548,"extrapolation reaches 133 cycles ahead on 49 cycles of history, beyond 2x; the trend cannot see that far",0.85
CX2_34,CX2_Type2,60.0,,397.0,,-0.00046050494887406063,"extrapolation reaches 235 cycles ahead on 59 cycles of history, beyond 2x; the trend cannot see that far",0.85
CX2_34,CX2_Type2,70.0,,387.0,,-0.0005079060292585806,"extrapolation reaches 200 cycles ahead on 69 cycles of history, beyond 2x; the trend cannot see that far",0.85
CX2_34,CX2_Type2,80.0,,377.0,,-0.0005690971333510615,"extrapolation reaches 163 cycles ahead on 79 cycles of history, beyond 2x; the trend cannot see that far",0.85
CX2_34,CX2_Type2,90.0,138.52394195619277,367.0,-228.47605804380723,-0.0006110811046552458,,0.85
CX2_34,CX2_Type2,100.0,120.62193316756381,357.0,-236.3780668324362,-0.0006364703195147304,,0.85
CX2_34,CX2_Type2,110.0,150.33872787938583,347.0,-196.66127212061417,-0.0005242775121768659,,0.85
CX2_34,CX2_Type2,120.0,150.64197616731064,337.0,-186.35802383268936,-0.0005009739681270962,,0.85
CX2_34,CX2_Type2,130.0,155.83436218654708,327.0,-171.16563781345292,-0.0004697533828757969,,0.85
CX2_34,CX2_Type2,140.0,152.46549287325388,317.0,-164.53450712674612,-0.0004571908626447256,,0.85
CX2_34,CX2_Type2,150.0,140.4578988963084,307.0,-166.5421011036916,-0.00046096616970042205,,0.85
CX2_34,CX2_Type2,160.0,168.99152206567942,297.0,-128.00847793432058,-0.0003969172617176557,,0.85
CX2_34,CX2_Type2,170.0,186.2081916781188,287.0,-100.7918083218812,-0.0003609975778159677,,0.85
CX2_34,CX2_Type2,180.0,183.66842618752702,277.0,-93.33157381247298,-0.00035218043974955215,,0.85
CX2_34,CX2_Type2,190.0,170.70730012636892,267.0,-96.29269987363108,-0.0003556659294468286,,0.85
CX2_34,CX2_Type2,200.0,159.28817568169825,257.0,-97.71182431830175,-0.00035735887075711886,,0.85
CX2_34,CX2_Type2,210.0,197.82115791422848,247.0,-49.17884208577152,-0.000306279869095603,,0.85
CX2_34,CX2_Type2,220.0,210.50410171050828,237.0,-26.49589828949172,-0.0002869074083353697,,0.85
CX2_34,CX2_Type2,230.0,203.3793072989023,227.0,-23.62069270109771,-0.00028459909472919407,,0.85
CX2_34,CX2_Type2,240.0,185.6160717820673,217.0,-31.38392821793269,-0.0002909671056181989,,0.85
CX2_34,CX2_Type2,250.0,169.46261181051955,207.0,-37.53738818948045,-0.00029627066254657105,,0.85
CX2_34,CX2_Type2,260.0,162.11511831403777,197.0,-34.88488168596223,-0.0002939420655960925,,0.85
CX2_34,CX2_Type2,270.0,147.02124690579245,187.0,-39.97875309420755,-0.0002985128617041657,,0.85
CX2_34,CX2_Type2,280.0,128.13686300602592,177.0,-48.86313699397408,-0.00030690249838127425,,0.85
CX2_34,CX2_Type2,290.0,110.06380233338473,167.0,-56.93619766661527,-0.0003150362965321474,,0.85
CX2_34,CX2_Type2,300.0,109.69194692651314,157.0,-47.30805307348686,-0.00030523473657966725,,0.85
CX2_34,CX2_Type2,310.0,122.85192161045211,147.0,-24.14807838954789,-0.0002838668241570535,,0.85
CX2_34,CX2_Type2,320.0,129.6319528564685,137.0,-7.3680471435314985,-0.00027002774165481335,,0.85
CX2_34,CX2_Type2,330.0,128.40370978248734,127.0,1.40370978248734,-0.0002632465043703475,,0.85
CX2_34,CX2_Type2,340.0,129.1342110414123,117.0,12.1342110414123,-0.0002553349320474495,,0.85
CX2_34,CX2_Type2,350.0,120.89046510826876,107.0,13.890465108268756,-0.0002540755551064832,,0.85
CX2_34,CX2_Type2,360.0,108.70216944234869,97.0,11.70216944234869,-0.0002556628085797011,,0.85
CX2_34,CX2_Type2,370.0,98.72286081399983,87.0,11.72286081399983,-0.00025564805689514726,,0.85
CX2_34,CX2_Type2,380.0,85.66797686547517,77.0,8.667976865475168,-0.00025794229900095257,,0.85
CX2_34,CX2_Type2,390.0,74.34773496779883,67.0,7.347734967798829,-0.0002589564049646552,,0.85
CX2_34,CX2_Type2,400.0,67.45946987136296,57.0,10.459469871362955,-0.0002565568886930425,,0.85
CX2_34,CX2_Type2,410.0,59.6606251701985,47.0,12.6606251701985,-0.0002548662206517675,,0.85
CX2_34,CX2_Type2,420.0,49.210777019751276,37.0,12.210777019751276,-0.0002552122432007999,,0.85
CX2_34,CX2_Type2,430.0,38.27221039761298,27.0,11.27221039761298,-0.0002559468862099833,,0.85
CX2_34,CX2_Type2,440.0,27.820527410659338,17.0,10.820527410659338,-0.0002563034595790937,,0.85
CX2_34,CX2_Type2,450.0,20.25384805929133,7.0,13.253848059291329,-0.00025436416240376343,,0.85
CX2_35,CX2_Type1,30.0,,545.0,,-0.0005534430686703085,"extrapolation reaches 237 cycles ahead on 29 cycles of history, beyond 2x; the trend cannot see that far",0.85
CX2_35,CX2_Type1,40.0,,535.0,,-0.0006053678278145552,"extrapolation reaches 205 cycles ahead on 39 cycles of history, beyond 2x; the trend cannot see that far",0.85
CX2_35,CX2_Type1,50.0,,525.0,,-0.0006010867808462364,"extrapolation reaches 196 cycles ahead on 49 cycles of history, beyond 2x; the trend cannot see that far",0.85
CX2_35,CX2_Type1,60.0,,515.0,,-0.0004374881316336188,"extrapolation reaches 271 cycles ahead on 59 cycles of history, beyond 2x; the trend cannot see that far",0.85
CX2_35,CX2_Type1,70.0,,505.0,,-0.00043948961922946387,"extrapolation reaches 260 cycles ahead on 69 cycles of history, beyond 2x; the trend cannot see that far",0.85
CX2_35,CX2_Type1,80.0,,495.0,,-0.00045063219193469705,"extrapolation reaches 242 cycles ahead on 79 cycles of history, beyond 2x; the trend cannot see that far",0.85
CX2_35,CX2_Type1,90.0,,485.0,,-0.0004662857610659921,"extrapolation reaches 222 cycles ahead on 89 cycles of history, beyond 2x; the trend cannot see that far",0.85
CX2_35,CX2_Type1,100.0,,475.0,,-0.00045348887919770346,"extrapolation reaches 220 cycles ahead on 99 cycles of history, beyond 2x; the trend cannot see that far",0.85
CX2_35,CX2_Type1,110.0,216.2822220407499,465.0,-248.7177779592501,-0.0004438912745336107,,0.85
CX2_35,CX2_Type1,120.0,,455.0,,-0.00039763638641509283,"extrapolation reaches 240 cycles ahead on 119 cycles of history, beyond 2x; the trend cannot see that far",0.85
CX2_35,CX2_Type1,130.0,236.9600044966212,445.0,-208.0399955033788,-0.00038882476941551667,,0.85
CX2_35,CX2_Type1,140.0,231.99560706532344,435.0,-203.00439293467656,-0.00038281069444233244,,0.85
CX2_35,CX2_Type1,150.0,273.61680649596093,425.0,-151.38319350403907,-0.00033011273216431596,,0.85
CX2_35,CX2_Type1,160.0,294.1222149961071,415.0,-120.87778500389288,-0.00030507343796361004,,0.85
CX2_35,CX2_Type1,170.0,289.87522819672466,405.0,-115.12477180327534,-0.00030072350654507094,,0.85
CX2_35,CX2_Type1,180.0,281.20049652571055,395.0,-113.79950347428945,-0.0002997292704232955,,0.85
CX2_35,CX2_Type1,190.0,282.6029415941446,385.0,-102.39705840585538,-0.0002914013540482311,,0.85
CX2_35,CX2_Type1,200.0,274.4950954486452,375.0,-100.5049045513548,-0.00029006454306184206,,0.85
CX2_35,CX2_Type1,210.0,256.4114660249981,365.0,-108.5885339750019,-0.00029595854248844823,,0.85
CX2_35,CX2_Type1,220.0,237.3300931974237,355.0,-117.66990680257629,-0.0003029277769884289,,0.85
CX2_35,CX2_Type1,230.0,234.5373044859981,345.0,-110.4626955140019,-0.0002973204426743352,,0.85
CX2_35,CX2_Type1,240.0,230.92151184599567,335.0,-104.07848815400433,-0.00029248351949707325,,0.85
CX2_35,CX2_Type1,250.0,218.63080888345075,325.0,-106.36919111654925,-0.00029421537226413793,,0.85
CX2_35,CX2_Type1,260.0,211.67594442562608,315.0,-103.32405557437392,-0.00029188984793771086,,0.85
CX2_35,CX2_Type1,270.0,204.63456509894723,305.0,-100.36543490105277,-0.00028966058472061846,,0.85
CX2_35,CX2_Type1,280.0,193.59438975764795,295.0,-101.40561024235205,-0.0002904405872112645,,0.85
CX2_35,CX2_Type1,290.0,190.74670128374663,285.0,-94.25329871625337,-0.0002850470050221917,,0.85
CX2_35,CX2_Type1,300.0,189.96195411392523,275.0,-85.03804588607477,-0.00027833168494767355,,0.85
CX2_35,CX2_Type1,310.0,185.77371444042893,265.0,-79.22628555957107,-0.00027422229633100804,,0.85
CX2_35,CX2_Type1,320.0,186.80205666950803,255.0,-68.19794333049197,-0.0002666870198369735,,0.85
CX2_35,CX2_Type1,330.0,184.89397459565146,245.0,-60.10602540434854,-0.000261376615261582,,0.85
CX2_35,CX2_Type1,340.0,181.2409768264123,235.0,-53.75902317358771,-0.0002573195894046807,,0.85
CX2_35,CX2_Type1,350.0,177.74300573693347,225.0,-47.25699426306653,-0.0002532604246272548,,0.85
CX2_35,CX2_Type1,360.0,178.289829661167,215.0,-36.710170338832995,-0.00024689361383980644,,0.85
CX2_35,CX2_Type1,370.0,175.69058947087672,205.0,-29.309410529123284,-0.00024258079230559252,,0.85
CX2_35,CX2_Type1,380.0,171.9025106099068,195.0,-23.097489390093187,-0.00023904669339812183,,0.85
CX2_35,CX2_Type1,390.0,168.6588164061627,185.0,-16.341183593837286,-0.00023528626121855966,,0.85
CX2_35,CX2_Type1,400.0,164.59542877880017,175.0,-10.40457122119983,-0.0002320589715184041,,0.85
CX2_35,CX2_Type1,410.0,153.82240429523267,165.0,-11.177595704767327,-0.00023247747803287213,,0.85
CX2_35,CX2_Type1,420.0,143.87794687526696,155.0,-11.122053124733043,-0.00023244662067276636,,0.85
CX2_35,CX2_Type1,430.0,138.53783714126644,145.0,-6.4621628587335636,-0.00022990552595034643,,0.85
CX2_35,CX2_Type1,440.0,131.98570223379704,135.0,-3.014297766202958,-0.00022804808282578682,,0.85
CX2_35,CX2_Type1,450.0,123.8579033040154,125.0,-1.1420966959846055,-0.00022704051094802293,,0.85
CX2_35,CX2_Type1,460.0,115.12646657538517,115.0,0.12646657538516592,-0.00022635804140855542,,0.85
CX2_35,CX2_Type1,470.0,109.9574489550671,105.0,4.957448955067093,-0.00022378268123817398,,0.85
CX2_35,CX2_Type1,480.0,99.9573710306637,95.0,4.957371030663694,-0.00022378429133744702,,0.85
CX2_35,CX2_Type1,490.0,90.581329769724,85.0,5.581329769723993,-0.00022345098963471677,,0.85
CX2_35,CX2_Type1,500.0,86.26669504838242,75.0,11.266695048382417,-0.00022042710369483043,,0.85
CX2_35,CX2_Type1,510.0,85.8773220296921,65.0,20.877322029692095,-0.00021546761036899065,,0.85
CX2_35,CX2_Type1,520.0,79.7574114312498,55.0,24.757411431249807,-0.00021351395556429113,,0.85
CX2_35,CX2_Type1,530.0,67.91108786264738,45.0,22.911087862647378,-0.00021444619659921225,,0.85
CX2_35,CX2_Type1,540.0,56.91995284155894,35.0,21.91995284155894,-0.00021495303639959272,,0.85
CX2_35,CX2_Type1,550.0,47.56704596108091,25.0,22.567045961080908,-0.00021461811686913373,,0.85
CX2_35,CX2_Type1,560.0,38.733472734540555,15.0,23.733472734540555,-0.00021401212029252176,,0.85
CX2_35,CX2_Type1,570.0,30.00009183668533,5.0,25.00009183668533,-0.00021335341376667156,,0.85
CX2_36,CX2_Type2,30.0,,307.0,,-0.0010468982160683968,"extrapolation reaches 110 cycles ahead on 29 cycles of history, beyond 2x; the trend cannot see that far",0.85
CX2_36,CX2_Type2,40.0,,297.0,,-0.0006889359163585665,"extrapolation reaches 167 cycles ahead on 39 cycles of history, beyond 2x; the trend cannot see that far",0.85
CX2_36,CX2_Type2,50.0,,287.0,,-0.0008523869275155606,"extrapolation reaches 120 cycles ahead on 49 cycles of history, beyond 2x; the trend cannot see that far",0.85
CX2_36,CX2_Type2,60.0,,277.0,,-0.000590323121598595,"extrapolation reaches 177 cycles ahead on 59 cycles of history, beyond 2x; the trend cannot see that far",0.85
CX2_36,CX2_Type2,70.0,,267.0,,-0.00062355466007034,"extrapolation reaches 156 cycles ahead on 69 cycles of history, beyond 2x; the trend cannot see that far",0.85
CX2_36,CX2_Type2,80.0,129.91432112874537,257.0,-127.08567887125463,-0.0006772636867224111,,0.85
CX2_36,CX2_Type2,90.0,114.68423311090052,247.0,-132.31576688909948,-0.0006973256838194086,,0.85
CX2_36,CX2_Type2,100.0,101.88296699751004,237.0,-135.11703300248996,-0.0007087020970261369,,0.85
CX2_36,CX2_Type2,110.0,93.16737577642644,227.0,-133.83262422357356,-0.0007032685429454209,,0.85
CX2_36,CX2_Type2,120.0,84.30203645597015,217.0,-132.69796354402985,-0.0006984276195657616,,0.85
CX2_36,CX2_Type2,130.0,89.33107125105687,207.0,-117.66892874894313,-0.0006392387149882421,,0.85
CX2_36,CX2_Type2,140.0,86.70414188988835,197.0,-110.29585811011165,-0.0006133316841910093,,0.85
CX2_36,CX2_Type2,150.0,83.40451602592393,187.0,-103.59548397407607,-0.0005909611083512888,,0.85
CX2_36,CX2_Type2,160.0,80.6504006324277,177.0,-96.3495993675723,-0.0005682592773478384,,0.85
CX2_36,CX2_Type2,170.0,85.68181411891413,167.0,-81.31818588108587,-0.000525645380534133,,0.85
CX2_36,CX2_Type2,180.0,85.24995694372666,157.0,-71.75004305627334,-0.0005013365627679995,,0.85
CX2_36,CX2_Type2,190.0,76.56635107226441,147.0,-70.43364892773559,-0.0004981059239754748,,0.85
CX2_36,CX2_Type2,200.0,73.99063409639689,137.0,-63.00936590360311,-0.0004803229314615896,,0.85
CX2_36,CX2_Type2,210.0,83.08130776126245,127.0,-43.91869223873755,-0.00043947322208146185,,0.85
CX2_36,CX2_Type2,220.0,90.16785305340409,117.0,-26.832146946595913,-0.00040792924221963087,,0.85
CX2_36,CX2_Type2,230.0,82.73646211720745,107.0,-24.263537882792548,-0.00040350417331464866,,0.85
CX2_36,CX2_Type2,240.0,73.11601271411826,97.0,-23.883987285881744,-0.00040285548563144796,,0.85
CX2_36,CX2_Type2,250.0,67.60976838161253,87.0,-19.390231618387475,-0.0003951489247923797,,0.85
CX2_36,CX2_Type2,260.0,62.258349979505226,77.0,-14.741650020494774,-0.0003873853819909491,,0.85
CX2_36,CX2_Type2,270.0,52.81336323527904,67.0,-14.186636764720959,-0.0003864616035924301,,0.85
CX2_36,CX2_Type2,280.0,49.31036027853452,57.0,-7.689639721465483,-0.00037588838087185126,,0.85
CX2_36,CX2_Type2,290.0,42.556985155692985,47.0,-4.443014844307015,-0.00037076177956472814,,0.85
CX2_36,CX2_Type2,300.0,31.531813117389277,37.0,-5.468186882610723,-0.0003724011463055104,,0.85
CX2_36,CX2_Type2,310.0,24.193985085853228,27.0,-2.806014914146772,-0.0003681344777307283,,0.85
CX2_36,CX2_Type2,320.0,20.491598926863844,17.0,3.491598926863844,-0.0003582803724678428,,0.85
CX2_36,CX2_Type2,330.0,13.741231034267173,7.0,6.741231034267173,-0.00035333728175791177,,0.85
CX2_37,CX2_Type2,30.0,,450.0,,-0.0010941494100514518,"extrapolation reaches 107 cycles ahead on 29 cycles of history, beyond 2x; the trend cannot see that far",0.85
CX2_37,CX2_Type2,40.0,,440.0,,-0.0007621873983046298,"extrapolation reaches 151 cycles ahead on 39 cycles of history, beyond 2x; the trend cannot see that far",0.85
CX2_37,CX2_Type2,50.0,,430.0,,-0.0007789324255480218,"extrapolation reaches 137 cycles ahead on 49 cycles of history, beyond 2x; the trend cannot see that far",0.85
CX2_37,CX2_Type2,60.0,,420.0,,-0.0005412629382526958,"extrapolation reaches 201 cycles ahead on 59 cycles of history, beyond 2x; the trend cannot see that far",0.85
CX2_37,CX2_Type2,70.0,,410.0,,-0.0005451199712705492,"extrapolation reaches 190 cycles ahead on 69 cycles of history, beyond 2x; the trend cannot see that far",0.85
CX2_37,CX2_Type2,80.0,,400.0,,-0.0005941638755891004,"extrapolation reaches 160 cycles ahead on 79 cycles of history, beyond 2x; the trend cannot see that far",0.85
CX2_37,CX2_Type2,90.0,142.12812712490617,390.0,-247.87187287509383,-0.0006175340700235321,,0.85
CX2_37,CX2_Type2,100.0,124.72450447022973,380.0,-255.27549552977027,-0.0006411759415894572,,0.85
CX2_37,CX2_Type2,110.0,115.34226714670743,370.0,-254.65773285329257,-0.0006390763618510152,,0.85
CX2_37,CX2_Type2,120.0,105.17980003958255,360.0,-254.82019996041745,-0.0006396235639884169,,0.85
CX2_37,CX2_Type2,130.0,106.57602954152799,350.0,-243.423970458472,-0.0006021602247337439,,0.85
CX2_37,CX2_Type2,140.0,104.19188118973821,340.0,-235.8081188102618,-0.0005791349684186955,,0.85
CX2_37,CX2_Type2,150.0,105.63954728313593,330.0,-224.36045271686407,-0.0005470022887547285,,0.85
CX2_37,CX2_Type2,160.0,106.52941142009587,320.0,-213.47058857990413,-0.0005192329420762938,,0.85
CX2_37,CX2_Type2,170.0,111.1354844739152,310.0,-198.8645155260848,-0.00048565497843057535,,0.85
CX2_37,CX2_Type2,180.0,109.41381137834469,300.0,-190.5861886216553,-0.0004682487167051591,,0.85
CX2_37,CX2_Type2,190.0,101.35759341266345,290.0,-188.64240658733655,-0.00046427684561115186,,0.85
CX2_37,CX2_Type2,200.0,106.1127280125358,280.0,-173.8872719874642,-0.00043577958582302964,,0.85
CX2_37,CX2_Type2,210.0,113.99942752522742,270.0,-156.00057247477258,-0.0004052372462464025,,0.85
CX2_37,CX2_Type2,220.0,118.73601123574196,260.0,-141.26398876425804,-0.0003828437163274206,,0.85
CX2_37,CX2_Type2,230.0,111.69672433013801,250.0,-138.303275669862,-0.00037857060787552466,,0.85
CX2_37,CX2_Type2,240.0,102.71042244966458,240.0,-137.28957755033542,-0.0003771171287896968,,0.85
CX2_37,CX2_Type2,250.0,101.14704566126443,230.0,-128.85295433873557,-0.0003652805422863156,,0.85
CX2_37,CX2_Type2,260.0,98.82563863455783,220.0,-121.17436136544217,-0.0003550225627081164,,0.85
CX2_37,CX2_Type2,270.0,90.20515052326277,210.0,-119.79484947673723,-0.0003532172861782098,,0.85
CX2_37,CX2_Type2,280.0,86.2402020317088,200.0,-113.7597979682912,-0.0003454464519943995,,0.85
CX2_37,CX2_Type2,290.0,79.46057222897957,190.0,-110.53942777102043,-0.0003413972065462442,,0.85
CX2_37,CX2_Type2,300.0,68.99083832561234,180.0,-111.00916167438766,-0.0003419924812229673,,0.85
CX2_37,CX2_Type2,310.0,63.64262773136221,170.0,-106.35737226863779,-0.000336140162153247,,0.85
CX2_37,CX2_Type2,320.0,60.65010512793339,160.0,-99.34989487206661,-0.00032758453033135594,,0.85
CX2_37,CX2_Type2,330.0,54.27405595307255,150.0,-95.72594404692745,-0.00032328377213826587,,0.85
CX2_37,CX2_Type2,340.0,44.160931587109246,140.0,-95.83906841289075,-0.000323419853310759,,0.85
CX2_37,CX2_Type2,350.0,32.888682777112194,130.0,-97.1113172228878,-0.00032495645353751874,,0.85
CX2_37,CX2_Type2,360.0,21.929639660110183,120.0,-98.07036033988982,-0.0003261408927692046,,0.85
CX2_37,CX2_Type2,370.0,16.132107534657337,110.0,-93.86789246534266,-0.00032095394862208194,,0.85
CX2_37,CX2_Type2,380.0,8.65131828197218,100.0,-91.34868171802782,-0.0003178890480375704,,0.85
CX2_37,CX2_Type2,390.0,0.0,90.0,-90.0,-0.0003168373134027031,fitted trend places end of life at or before now,0.85
CX2_37,CX2_Type2,400.0,0.0,80.0,-80.0,-0.0003151175315403253,fitted trend places end of life at or before now,0.85
CX2_37,CX2_Type2,410.0,0.0,70.0,-70.0,-0.00031329706490805845,fitted trend places end of life at or before now,0.85
CX2_37,CX2_Type2,420.0,0.0,60.0,-60.0,-0.0003085926012218062,fitted trend places end of life at or before now,0.85
CX2_37,CX2_Type2,430.0,0.0,50.0,-50.0,-0.00030405697126078136,fitted trend places end of life at or before now,0.85
CX2_37,CX2_Type2,440.0,0.0,40.0,-40.0,-0.000300213406974854,fitted trend places end of life at or before now,0.85
CX2_37,CX2_Type2,450.0,0.0,30.0,-30.0,-0.0002953666972737783,fitted trend places end of life at or before now,0.85
CX2_37,CX2_Type2,460.0,0.0,20.0,-20.0,-0.00028896160244688027,fitted trend places end of life at or before now,0.85
CX2_37,CX2_Type2,470.0,0.0,10.0,-10.0,-0.00028373203280245696,fitted trend places end of life at or before now,0.85
CX2_38,CX2_Type2,30.0,,344.0,,-0.0011260310466253817,"extrapolation reaches 103 cycles ahead on 29 cycles of history, beyond 2x; the trend cannot see that far",0.85
CX2_38,CX2_Type2,40.0,,334.0,,-0.0008024834996867722,"extrapolation reaches 142 cycles ahead on 39 cycles of history, beyond 2x; the trend cannot see that far",0.85
CX2_38,CX2_Type2,50.0,,324.0,,-0.0008658066604017968,"extrapolation reaches 119 cycles ahead on 49 cycles of history, beyond 2x; the trend cannot see that far",0.85
CX2_38,CX2_Type2,60.0,,314.0,,-0.0005945250693937396,"extrapolation reaches 178 cycles ahead on 59 cycles of history, beyond 2x; the trend cannot see that far",0.85
CX2_38,CX2_Type2,70.0,,304.0,,-0.0005876302057116325,"extrapolation reaches 170 cycles ahead on 69 cycles of history, beyond 2x; the trend cannot see that far",0.85
CX2_38,CX2_Type2,80.0,145.99107078442395,294.0,-148.00892921557605,-0.0006298490600848555,,0.85
CX2_38,CX2_Type2,90.0,128.27037808893766,284.0,-155.72962191106234,-0.0006554333466534725,,0.85
CX2_38,CX2_Type2,100.0,111.44477203324652,274.0,-162.55522796675348,-0.000680246336747213,,0.85
CX2_38,CX2_Type2,110.0,102.26401874933944,264.0,-161.73598125066056,-0.0006770947135965351,,0.85
CX2_38,CX2_Type2,120.0,95.39973249913962,254.0,-158.60026750086038,-0.0006650581268902594,,0.85
CX2_38,CX2_Type2,130.0,98.735679675966,244.0,-145.264320324034,-0.000617557480739835,,0.85
CX2_38,CX2_Type2,140.0,93.97484810763362,234.0,-140.02515189236638,-0.0006004270927095166,,0.85
CX2_38,CX2_Type2,150.0,95.29669431767616,224.0,-128.70330568232384,-0.0005657675599944552,,0.85
CX2_38,CX2_Type2,160.0,94.54488470751693,214.0,-119.45511529248307,-0.0005399143743265025,,0.85
CX2_38,CX2_Type2,170.0,98.0645325950926,204.0,-105.9354674049074,-0.0005056007634847424,,0.85
CX2_38,CX2_Type2,180.0,96.31583488454277,194.0,-97.68416511545723,-0.00048645450276311954,,0.85
CX2_38,CX2_Type2,190.0,88.44573823838789,184.0,-95.55426176161211,-0.0004816636567055558,,0.85
CX2_38,CX2_Type2,200.0,90.0330775607365,174.0,-83.9669224392635,-0.0004567763603317443,,0.85
CX2_38,CX2_Type2,210.0,96.57249879318806,164.0,-67.42750120681194,-0.00042501445343832246,,0.85
CX2_38,CX2_Type2,220.0,99.83172332531927,154.0,-54.168276674680726,-0.00040227217876660006,,0.85
CX2_38,CX2_Type2,230.0,92.98969004148228,144.0,-51.01030995851772,-0.00039712203263145187,,0.85
CX2_38,CX2_Type2,240.0,83.71709204755024,134.0,-50.28290795244976,-0.00039593854201105575,,0.85
CX2_38,CX2_Type2,250.0,80.83096117291308,124.0,-43.16903882708692,-0.0003846019092337939,,0.85
CX2_38,CX2_Type2,260.0,76.23735804780677,114.0,-37.762641952193235,-0.00037631017891825996,,0.85
CX2_38,CX2_Type2,270.0,68.19867704273469,104.0,-35.80132295726531,-0.00037335353610675576,,0.85
CX2_38,CX2_Type2,280.0,64.88417963899809,94.0,-29.11582036100191,-0.0003634910843018129,,0.85
CX2_38,CX2_Type2,290.0,58.46860062288329,84.0,-25.531399377116713,-0.0003583530498300888,,0.85
CX2_38,CX2_Type2,300.0,47.483583670004634,74.0,-26.516416329995366,-0.00035976181911405637,,0.85
CX2_38,CX2_Type2,310.0,41.35354020788009,64.0,-22.646459792119913,-0.00035418427163251705,,0.85
CX2_38,CX2_Type2,320.0,36.8777468979178,54.0,-17.122253102082198,-0.00034640722871970617,,0.85
CX2_38,CX2_Type2,330.0,29.44539375019491,44.0,-14.55460624980509,-0.00034286890067122713,,0.85
CX2_38,CX2_Type2,340.0,18.83264761864541,34.0,-15.16735238135459,-0.00034372203861856757,,0.85
CX2_38,CX2_Type2,350.0,7.883307667070994,24.0,-16.116692332929006,-0.00034506387919281816,,0.85
CX2_38,CX2_Type2,360.0,3.8530385143492936,14.0,-10.146961485650706,-0.00033666291173582307,,0.85
CX2_38,CX2_Type2,370.0,0.0,4.0,-4.0,-0.00032953873723281336,fitted trend places end of life at or before now,0.85
CX2_8,CX2_Type3,30.0,,6.0,,,fewer than 30 cycles of history,0.85
