cell_id,ref_size,n_readings,estimate,truth,abs_error,reference_se,recent_se,uncertainty
CS2_24,5,31,0.96288,0.96975,0.00687,0.00291,0.00665,0.00726
CS2_24,5,132,0.93889,0.94963,0.01074,0.00291,0.00362,0.00464
CS2_24,5,233,0.93001,0.92755,0.00246,0.00291,0.00903,0.00948
CS2_24,5,334,0.95991,0.93083,0.02908,0.00291,0.01129,0.01166
CS2_24,5,428,0.93597,0.90181,0.03416,0.00291,0.00626,0.00691
CS2_24,5,456,0.97169,0.91324,0.05845,0.00291,0.00545,0.00618
CS2_24,5,554,0.94251,0.89531,0.0472,0.00291,0.00476,0.00557
CS2_24,5,651,0.95261,0.88652,0.06608,0.00291,0.00125,0.00317
CS2_24,5,741,0.93775,0.8812,0.05654,0.00291,0.00399,0.00494
CS2_24,5,837,0.90408,0.89657,0.0075,0.00291,0.00521,0.00597
CS2_24,5,938,0.89273,0.8859,0.00682,0.00291,0.00816,0.00866
CS2_24,5,1039,0.89285,0.87187,0.02098,0.00291,0.00513,0.0059
CS2_24,5,1140,0.90652,0.86344,0.04308,0.00291,0.00521,0.00596
CS2_24,5,1237,0.89858,0.85797,0.0406,0.00291,0.00597,0.00664
CS2_24,5,1323,0.88112,0.85076,0.03037,0.00291,0.00285,0.00407
CS2_24,5,1424,0.86354,0.83673,0.02681,0.00291,0.00486,0.00567
CS2_24,5,1522,0.8465,0.83512,0.01137,0.00291,0.01438,0.01467
CS2_24,5,1623,0.82728,0.82113,0.00615,0.00291,0.00822,0.00872
CS2_24,5,1723,0.80457,0.82591,0.02134,0.00291,0.02079,0.02099
CS2_24,5,1823,0.86153,0.82847,0.03306,0.00291,0.00345,0.00451
CS2_24,5,1924,0.86693,0.85085,0.01608,0.00291,0.00528,0.00603
CS2_24,5,2025,0.86361,0.85402,0.00959,0.00291,0.00309,0.00424
CS2_24,5,2126,0.81726,0.84185,0.02459,0.00291,0.00519,0.00595
CS2_24,5,2227,0.83788,0.83306,0.00482,0.00291,0.00372,0.00472
CS2_24,5,2328,0.83697,0.82513,0.01184,0.00291,0.00635,0.00698
CS2_24,5,2429,0.82542,0.83991,0.01449,0.00291,0.00532,0.00607
CS2_24,5,2530,0.83637,0.82483,0.01155,0.00291,0.00066,0.00298
CS2_24,5,2631,0.82381,0.83434,0.01053,0.00291,0.00805,0.00856
CS2_24,5,2732,0.80691,0.80919,0.00228,0.00291,0.00531,0.00605
CS2_24,5,2833,0.82453,0.81725,0.00728,0.00291,0.00432,0.00521
CS2_24,5,2934,0.78089,0.81363,0.03274,0.00291,0.00442,0.00529
CS2_24,5,3035,0.80497,0.80688,0.00191,0.00291,0.0004,0.00294
CS2_24,5,3081,0.72241,0.80457,0.08216,0.00291,0.02187,0.02206
CS2_24,5,3160,0.74442,0.80512,0.0607,0.00291,0.01044,0.01084
CS2_24,5,4242,0.69646,0.98678,0.29032,0.00291,0.03542,0.03554
CS2_25,5,89,0.95787,1.0,0.04213,0.00308,0.00432,0.0053
CS2_25,5,186,0.94368,0.9708,0.02713,0.00308,0.00751,0.00811
CS2_25,5,287,0.96982,0.94886,0.02096,0.00308,0.00326,0.00449
CS2_25,5,381,0.95738,0.93914,0.01824,0.00308,0.00734,0.00796
CS2_25,5,397,0.98966,0.93984,0.04982,0.00308,0.00678,0.00745
CS2_25,5,491,0.93484,0.93012,0.00472,0.00308,0.00457,0.00551
CS2_25,5,592,0.94173,0.91689,0.02484,0.00308,0.00366,0.00478
CS2_25,5,692,0.95535,0.94242,0.01293,0.00308,0.00123,0.00332
CS2_25,5,793,0.95372,0.93061,0.02311,0.00308,0.00442,0.00538
CS2_25,5,892,0.92332,0.90853,0.01479,0.00308,0.00753,0.00814
CS2_25,5,990,0.937,0.92261,0.01439,0.00308,0.00287,0.00421
CS2_25,5,1091,0.94194,0.92344,0.0185,0.00308,0.00593,0.00668
CS2_25,5,1192,0.90896,0.89173,0.01723,0.00308,0.006,0.00675
CS2_25,5,1293,0.86283,0.89424,0.03141,0.00308,0.00667,0.00735
CS2_25,5,1394,0.89626,0.87655,0.01971,0.00308,0.00777,0.00836
CS2_25,5,1495,0.85839,0.89535,0.03696,0.00308,0.01083,0.01126
CS2_25,5,1596,0.89787,0.89695,0.00092,0.00308,0.00393,0.00499
CS2_25,5,1697,0.86309,0.89791,0.03482,0.00308,0.00498,0.00586
CS2_25,5,1798,0.88368,0.8853,0.00162,0.00308,0.00622,0.00694
CS2_25,5,1899,0.84699,0.87284,0.02585,0.00308,0.01031,0.01076
CS2_25,5,2000,0.84711,0.86057,0.01346,0.00308,0.01263,0.013
CS2_25,5,2101,0.85469,0.87872,0.02404,0.00308,0.0082,0.00876
CS2_25,5,2202,0.88675,0.86646,0.02029,0.00308,0.00289,0.00423
CS2_25,5,2303,0.86799,0.87509,0.0071,0.00308,0.00488,0.00577
CS2_25,5,2404,0.85677,0.85239,0.00437,0.00308,0.00708,0.00772
CS2_25,5,2504,0.84606,1.00701,0.16095,0.00308,0.0201,0.02033
CS2_25,5,2506,0.92674,0.85749,0.06925,0.00308,0.02265,0.02286
CS2_25,5,2607,0.84928,0.86581,0.01653,0.00308,0.00465,0.00557
CS2_25,5,2708,0.82304,0.86127,0.03823,0.00308,0.0085,0.00904
CS2_25,5,2749,0.8204,0.86448,0.04407,0.00308,0.01865,0.0189
CS2_25,5,2819,0.84036,0.86107,0.02071,0.00308,0.01204,0.01243
CS2_25,5,2920,0.8678,0.86412,0.00368,0.00308,0.00358,0.00473
CS2_25,5,3021,0.83433,0.85634,0.02201,0.00308,0.00989,0.01036
CS2_25,5,3102,0.84863,0.8534,0.00477,0.00308,0.00576,0.00653
CS2_25,5,3203,0.8452,0.83891,0.0063,0.00308,0.00266,0.00407
CS2_25,5,3268,0.82548,0.83361,0.00812,0.00308,0.00776,0.00835
CS2_25,5,3366,0.79025,0.83183,0.04159,0.00308,0.00916,0.00966
CS2_25,5,3466,0.81869,0.83755,0.01887,0.00308,0.00486,0.00575
CS2_25,5,3567,0.84513,0.82445,0.02067,0.00308,0.00064,0.00315
CS2_25,5,3668,0.80798,0.82023,0.01224,0.00308,0.00516,0.00601
CS2_25,5,3769,0.81068,0.81982,0.00914,0.00308,0.00626,0.00697
CS2_25,5,3870,0.79678,0.81576,0.01899,0.00308,0.00719,0.00782
CS2_25,5,3971,0.75528,0.8109,0.05563,0.00308,0.01052,0.01096
CS2_3,5,1,0.81145,0.99984,0.18838,0.0061,,
CS2_3,5,1,0.81145,1.00742,0.19596,0.0061,,
CS2_3,5,1,0.81145,1.01449,0.20304,0.0061,,
CS2_3,5,1,0.81145,1.00494,0.19349,0.0061,,
CS2_3,5,1,0.81145,0.96596,0.15451,0.0061,,
CS2_3,5,7,0.97358,1.00364,0.03006,0.0061,0.0316,0.03219
CS2_3,5,7,0.97358,1.00914,0.03556,0.0061,0.0316,0.03219
CS2_3,5,7,0.97358,1.01091,0.03732,0.0061,0.0316,0.03219
CS2_3,5,7,0.97358,0.99386,0.02028,0.0061,0.0316,0.03219
CS2_3,5,7,0.97358,0.91742,0.05616,0.0061,0.0316,0.03219
CS2_3,5,10,0.86893,1.00354,0.13461,0.0061,0.03716,0.03766
CS2_3,5,10,0.86893,1.0002,0.13127,0.0061,0.03716,0.03766
CS2_3,5,16,0.99111,0.99784,0.00674,0.0061,0.04107,0.04152
CS2_3,5,16,0.99111,1.00486,0.01375,0.0061,0.04107,0.04152
CS2_3,5,16,0.99111,1.01091,0.0198,0.0061,0.04107,0.04152
CS2_3,5,16,0.99111,1.00419,0.01309,0.0061,0.04107,0.04152
CS2_3,5,16,0.99111,0.96189,0.02922,0.0061,0.04107,0.04152
CS2_3,5,19,0.98715,0.99945,0.0123,0.0061,0.07945,0.07969
CS2_3,5,19,0.98715,1.00242,0.01527,0.0061,0.07945,0.07969
CS2_3,5,19,0.98715,1.00607,0.01892,0.0061,0.07945,0.07969
CS2_3,5,25,0.97254,0.9093,0.06325,0.0061,0.01273,0.01411
CS2_3,5,25,0.97254,0.98975,0.01721,0.0061,0.01273,0.01411
CS2_3,5,25,0.97254,1.00306,0.03052,0.0061,0.01273,0.01411
CS2_3,5,25,0.97254,1.00227,0.02973,0.0061,0.01273,0.01411
CS2_3,5,25,0.97254,1.00591,0.03337,0.0061,0.01273,0.01411
CS2_3,5,31,0.97187,0.99813,0.02627,0.0061,0.02813,0.02878
CS2_3,5,31,0.97187,1.00407,0.0322,0.0061,0.02813,0.02878
CS2_3,5,31,0.97187,1.00689,0.03502,0.0061,0.02813,0.02878
CS2_3,5,31,0.97187,0.99007,0.0182,0.0061,0.02813,0.02878
CS2_3,5,31,0.97187,0.92067,0.0512,0.0061,0.02813,0.02878
CS2_3,5,34,0.98322,1.00223,0.01902,0.0061,0.02022,0.02112
CS2_3,5,34,0.98322,0.99434,0.01113,0.0061,0.02022,0.02112
CS2_3,5,34,0.98322,1.00016,0.01695,0.0061,0.02022,0.02112
CS2_3,5,40,0.97412,0.93353,0.0406,0.0061,0.01182,0.0133
CS2_3,5,40,0.97412,0.99266,0.01854,0.0061,0.01182,0.0133
CS2_3,5,40,0.97412,0.99889,0.02476,0.0061,0.01182,0.0133
CS2_3,5,40,0.97412,0.9993,0.02518,0.0061,0.01182,0.0133
CS2_3,5,40,0.97412,1.00547,0.03134,0.0061,0.01182,0.0133
CS2_3,5,44,0.97911,0.99763,0.01852,0.0061,0.01305,0.01441
CS2_3,5,44,0.97911,0.99178,0.01267,0.0061,0.01305,0.01441
CS2_3,5,44,0.97911,0.99496,0.01584,0.0061,0.01305,0.01441
CS2_3,5,44,0.97911,0.97133,0.00778,0.0061,0.01305,0.01441
CS2_3,5,50,0.96266,0.97497,0.01231,0.0061,0.02881,0.02945
CS2_3,5,50,0.96266,0.99472,0.03206,0.0061,0.02881,0.02945
CS2_3,5,50,0.96266,0.86681,0.09585,0.0061,0.02881,0.02945
CS2_3,5,50,0.96266,0.98834,0.02568,0.0061,0.02881,0.02945
CS2_3,5,50,0.96266,0.99138,0.02872,0.0061,0.02881,0.02945
CS2_3,5,56,0.93372,0.98557,0.05185,0.0061,0.03891,0.03938
CS2_3,5,56,0.93372,0.98899,0.05526,0.0061,0.03891,0.03938
CS2_3,5,56,0.93372,0.9904,0.05668,0.0061,0.03891,0.03938
CS2_3,5,56,0.93372,0.96129,0.02757,0.0061,0.03891,0.03938
CS2_3,5,56,0.93372,0.84339,0.09033,0.0061,0.03891,0.03938
CS2_3,5,62,0.92677,0.98374,0.05697,0.0061,0.04707,0.04746
CS2_3,5,62,0.92677,0.98634,0.05957,0.0061,0.04707,0.04746
CS2_3,5,62,0.92677,0.98968,0.06291,0.0061,0.04707,0.04746
CS2_3,5,62,0.92677,0.95837,0.0316,0.0061,0.04707,0.04746
CS2_3,5,62,0.92677,0.80852,0.11825,0.0061,0.04707,0.04746
CS2_3,5,68,0.92916,0.95695,0.02779,0.0061,0.04601,0.04642
CS2_3,5,68,0.92916,0.98658,0.05742,0.0061,0.04601,0.04642
CS2_3,5,68,0.92916,0.98148,0.05232,0.0061,0.04601,0.04642
CS2_3,5,68,0.92916,0.98389,0.05473,0.0061,0.04601,0.04642
CS2_3,5,71,0.96682,0.97948,0.01265,0.0061,0.04375,0.04417
CS2_3,5,71,0.96682,0.98163,0.0148,0.0061,0.04375,0.04417
CS2_3,5,71,0.96682,0.98349,0.01667,0.0061,0.04375,0.04417
CS2_3,5,77,0.93803,0.98092,0.0429,0.0061,0.0159,0.01703
CS2_3,5,77,0.93803,0.98377,0.04574,0.0061,0.0159,0.01703
CS2_3,5,77,0.93803,0.98831,0.05028,0.0061,0.0159,0.01703
CS2_3,5,77,0.93803,0.9702,0.03217,0.0061,0.0159,0.01703
CS2_3,5,77,0.93803,0.87278,0.06524,0.0061,0.0159,0.01703
CS2_3,5,83,0.93904,0.85384,0.0852,0.0061,0.04006,0.04052
CS2_3,5,83,0.93904,0.96474,0.0257,0.0061,0.04006,0.04052
CS2_3,5,83,0.93904,0.98334,0.0443,0.0061,0.04006,0.04052
CS2_3,5,83,0.93904,0.98484,0.0458,0.0061,0.04006,0.04052
CS2_3,5,83,0.93904,0.98873,0.0497,0.0061,0.04006,0.04052
CS2_3,5,89,0.92697,0.97744,0.05047,0.0061,0.05044,0.05081
CS2_3,5,89,0.92697,0.9798,0.05283,0.0061,0.05044,0.05081
CS2_3,5,89,0.92697,0.98242,0.05545,0.0061,0.05044,0.05081
CS2_3,5,89,0.92697,0.95425,0.02728,0.0061,0.05044,0.05081
CS2_3,5,95,0.93662,0.96053,0.02391,0.0061,0.04043,0.04089
CS2_3,5,95,0.93662,0.98403,0.04741,0.0061,0.04043,0.04089
CS2_3,5,95,0.93662,0.84822,0.0884,0.0061,0.04043,0.04089
CS2_3,5,95,0.93662,0.97737,0.04075,0.0061,0.04043,0.04089
CS2_3,5,95,0.93662,0.98004,0.04342,0.0061,0.04043,0.04089
CS2_3,5,101,0.92548,0.97394,0.04846,0.0061,0.04433,0.04475
CS2_3,5,101,0.92548,0.97632,0.05084,0.0061,0.04433,0.04475
CS2_3,5,101,0.92548,0.97815,0.05267,0.0061,0.04433,0.04475
CS2_3,5,101,0.92548,0.9536,0.02812,0.0061,0.04433,0.04475
CS2_3,5,101,0.92548,0.81904,0.10644,0.0061,0.04433,0.04475
CS2_3,5,107,0.91717,0.96965,0.05248,0.0061,0.04818,0.04857
CS2_3,5,107,0.91717,0.97258,0.05541,0.0061,0.04818,0.04857
CS2_3,5,107,0.91717,0.97459,0.05742,0.0061,0.04818,0.04857
CS2_3,5,107,0.91717,0.94587,0.0287,0.0061,0.04818,0.04857
CS2_3,5,113,0.91915,0.94323,0.02408,0.0061,0.04882,0.0492
CS2_3,5,113,0.91915,0.97191,0.05276,0.0061,0.04882,0.0492
CS2_3,5,113,0.91915,0.96712,0.04796,0.0061,0.04882,0.0492
CS2_3,5,113,0.91915,0.97055,0.0514,0.0061,0.04882,0.0492
CS2_3,5,119,0.92845,0.96996,0.04151,0.0061,0.04706,0.04745
CS2_3,5,119,0.92845,0.97309,0.04464,0.0061,0.04706,0.04745
CS2_3,5,119,0.92845,0.97522,0.04677,0.0061,0.04706,0.04745
CS2_3,5,119,0.92845,0.95242,0.02397,0.0061,0.04706,0.04745
CS2_3,5,125,0.91349,0.96623,0.05274,0.0061,0.04734,0.04773
CS2_3,5,125,0.91349,0.96999,0.05651,0.0061,0.04734,0.04773
CS2_3,5,125,0.91349,0.9706,0.05711,0.0061,0.04734,0.04773
CS2_3,5,125,0.91349,0.94075,0.02726,0.0061,0.04734,0.04773
CS2_3,5,131,0.93029,0.82434,0.10595,0.0061,0.04179,0.04223
CS2_3,5,131,0.93029,0.9496,0.01931,0.0061,0.04179,0.04223
CS2_3,5,131,0.93029,0.96435,0.03406,0.0061,0.04179,0.04223
CS2_3,5,131,0.93029,0.96901,0.03873,0.0061,0.04179,0.04223
CS2_3,5,131,0.93029,0.97122,0.04094,0.0061,0.04179,0.04223
CS2_3,5,137,0.93849,0.84044,0.09806,0.0061,0.04043,0.04089
CS2_3,5,137,0.93849,0.96367,0.02518,0.0061,0.04043,0.04089
CS2_3,5,137,0.93849,0.96625,0.02776,0.0061,0.04043,0.04089
CS2_3,5,137,0.93849,0.96955,0.03105,0.0061,0.04043,0.04089
CS2_3,5,137,0.93849,0.95307,0.01458,0.0061,0.04043,0.04089
CS2_3,5,143,0.91154,0.9346,0.02306,0.0061,0.04957,0.04994
CS2_3,5,143,0.91154,0.96387,0.05234,0.0061,0.04957,0.04994
CS2_3,5,143,0.91154,0.96028,0.04874,0.0061,0.04957,0.04994
CS2_3,5,143,0.91154,0.96245,0.05091,0.0061,0.04957,0.04994
CS2_3,5,145,0.91154,0.95726,0.04572,0.0061,0.03628,0.03679
CS2_3,5,145,0.91154,0.96032,0.04878,0.0061,0.03628,0.03679
CS2_3,5,151,0.91898,0.95271,0.03373,0.0061,0.01949,0.02042
CS2_3,5,151,0.91898,0.95566,0.03668,0.0061,0.01949,0.02042
CS2_3,5,151,0.91898,0.95686,0.03788,0.0061,0.01949,0.02042
CS2_3,5,151,0.91898,0.93635,0.01737,0.0061,0.01949,0.02042
CS2_3,5,152,0.91898,0.95082,0.03184,0.0061,0.01045,0.0121
CS2_3,5,158,0.90105,0.96232,0.06127,0.0061,0.03751,0.038
CS2_3,5,158,0.90105,0.93641,0.03536,0.0061,0.03751,0.038
CS2_3,5,158,0.90105,0.96133,0.06028,0.0061,0.03751,0.038
CS2_3,5,158,0.90105,0.95955,0.0585,0.0061,0.03751,0.038
CS2_3,5,164,0.89969,0.9547,0.05501,0.0061,0.04851,0.0489
CS2_3,5,164,0.89969,0.95725,0.05756,0.0061,0.04851,0.0489
CS2_3,5,164,0.89969,0.95761,0.05792,0.0061,0.04851,0.0489
CS2_3,5,164,0.89969,0.93047,0.03078,0.0061,0.04851,0.0489
CS2_3,5,170,0.89773,0.95197,0.05425,0.0061,0.04688,0.04727
CS2_3,5,170,0.89773,0.95482,0.05709,0.0061,0.04688,0.04727
CS2_3,5,170,0.89773,0.95503,0.05731,0.0061,0.04688,0.04727
CS2_3,5,170,0.89773,0.92719,0.02946,0.0061,0.04688,0.04727
CS2_3,5,176,0.91266,0.93194,0.01928,0.0061,0.04868,0.04906
CS2_3,5,176,0.91266,0.95402,0.04136,0.0061,0.04868,0.04906
CS2_3,5,176,0.91266,0.95218,0.03952,0.0061,0.04868,0.04906
CS2_3,5,176,0.91266,0.94807,0.03541,0.0061,0.04868,0.04906
CS2_3,5,182,0.88245,0.94777,0.06532,0.0061,0.04056,0.04101
CS2_3,5,182,0.88245,0.94688,0.06443,0.0061,0.04056,0.04101
CS2_3,5,182,0.88245,0.94755,0.0651,0.0061,0.04056,0.04101
CS2_3,5,182,0.88245,0.92231,0.03986,0.0061,0.04056,0.04101
CS2_3,5,185,0.91707,0.94322,0.02615,0.0061,0.04974,0.05012
CS2_3,5,185,0.91707,0.95109,0.03402,0.0061,0.04974,0.05012
CS2_3,5,185,0.91707,0.95087,0.0338,0.0061,0.04974,0.05012
CS2_3,5,191,0.91618,0.81855,0.09763,0.0061,0.01622,0.01732
CS2_3,5,191,0.91618,0.92848,0.01231,0.0061,0.01622,0.01732
CS2_3,5,191,0.91618,0.9482,0.03202,0.0061,0.01622,0.01732
CS2_3,5,191,0.91618,0.94805,0.03187,0.0061,0.01622,0.01732
CS2_3,5,191,0.91618,0.95103,0.03485,0.0061,0.01622,0.01732
CS2_3,5,193,0.91618,0.94254,0.02636,0.0061,0.01423,0.01549
CS2_3,5,193,0.91618,0.94463,0.02846,0.0061,0.01423,0.01549
CS2_3,5,199,0.90558,0.95189,0.0463,0.0061,0.02632,0.02702
CS2_3,5,199,0.90558,0.952,0.04641,0.0061,0.02632,0.02702
CS2_3,5,199,0.90558,0.94853,0.04294,0.0061,0.02632,0.02702
CS2_3,5,199,0.90558,0.92322,0.01763,0.0061,0.02632,0.02702
CS2_3,5,199,0.90558,0.81348,0.0921,0.0061,0.02632,0.02702
CS2_3,5,205,0.89004,0.91466,0.02462,0.0061,0.04673,0.04713
CS2_3,5,205,0.89004,0.9489,0.05885,0.0061,0.04673,0.04713
CS2_3,5,205,0.89004,0.94736,0.05732,0.0061,0.04673,0.04713
CS2_3,5,205,0.89004,0.94503,0.05499,0.0061,0.04673,0.04713
CS2_3,5,211,0.90715,0.94428,0.03713,0.0061,0.04202,0.04246
CS2_3,5,211,0.90715,0.94781,0.04066,0.0061,0.04202,0.04246
CS2_3,5,211,0.90715,0.94475,0.0376,0.0061,0.04202,0.04246
CS2_3,5,211,0.90715,0.92066,0.01351,0.0061,0.04202,0.04246
CS2_3,5,217,0.88873,0.94135,0.05262,0.0061,0.04599,0.04639
CS2_3,5,217,0.88873,0.94064,0.05191,0.0061,0.04599,0.04639
CS2_3,5,217,0.88873,0.9389,0.05017,0.0061,0.04599,0.04639
CS2_3,5,217,0.88873,0.9085,0.01978,0.0061,0.04599,0.04639
CS2_3,5,223,0.88157,0.90154,0.01997,0.0061,0.05076,0.05112
CS2_3,5,223,0.88157,0.93459,0.05302,0.0061,0.05076,0.05112
CS2_3,5,223,0.88157,0.93638,0.05481,0.0061,0.05076,0.05112
CS2_3,5,223,0.88157,0.9369,0.05533,0.0061,0.05076,0.05112
CS2_3,5,226,0.91798,0.93348,0.01551,0.0061,0.04312,0.04355
CS2_3,5,226,0.91798,0.9373,0.01932,0.0061,0.04312,0.04355
CS2_3,5,226,0.91798,0.93282,0.01484,0.0061,0.04312,0.04355
CS2_3,5,232,0.87905,0.93653,0.05748,0.0061,0.02089,0.02176
CS2_3,5,232,0.87905,0.93866,0.0596,0.0061,0.02089,0.02176
CS2_3,5,232,0.87905,0.94031,0.06126,0.0061,0.02089,0.02176
CS2_3,5,232,0.87905,0.906,0.02695,0.0061,0.02089,0.02176
CS2_3,5,238,0.87792,0.90175,0.02383,0.0061,0.04651,0.04691
CS2_3,5,238,0.87792,0.9336,0.05568,0.0061,0.04651,0.04691
CS2_3,5,238,0.87792,0.93497,0.05705,0.0061,0.04651,0.04691
CS2_3,5,238,0.87792,0.93659,0.05867,0.0061,0.04651,0.04691
CS2_3,5,244,0.89138,0.93366,0.04228,0.0061,0.03794,0.03843
CS2_3,5,244,0.89138,0.93616,0.04478,0.0061,0.03794,0.03843
CS2_3,5,244,0.89138,0.93333,0.04195,0.0061,0.03794,0.03843
CS2_3,5,244,0.89138,0.90613,0.01474,0.0061,0.03794,0.03843
CS2_3,5,244,0.89138,0.81611,0.07527,0.0061,0.03794,0.03843
CS2_3,5,250,0.89598,0.90345,0.00747,0.0061,0.04776,0.04815
CS2_3,5,250,0.89598,0.92881,0.03283,0.0061,0.04776,0.04815
CS2_3,5,250,0.89598,0.93018,0.0342,0.0061,0.04776,0.04815
CS2_3,5,250,0.89598,0.93006,0.03408,0.0061,0.04776,0.04815
CS2_3,5,256,0.86756,0.92666,0.0591,0.0061,0.04589,0.04629
CS2_3,5,256,0.86756,0.92846,0.0609,0.0061,0.04589,0.04629
CS2_3,5,256,0.86756,0.9244,0.05684,0.0061,0.04589,0.04629
CS2_3,5,256,0.86756,0.8884,0.02084,0.0061,0.04589,0.04629
CS2_3,5,259,0.90938,0.92271,0.01333,0.0061,0.03932,0.03979
CS2_3,5,259,0.90938,0.92169,0.01232,0.0061,0.03932,0.03979
CS2_3,5,259,0.90938,0.91604,0.00666,0.0061,0.03932,0.03979
CS2_3,5,265,0.88416,0.80574,0.07843,0.0061,0.0124,0.01382
CS2_3,5,265,0.88416,0.9259,0.04174,0.0061,0.0124,0.01382
CS2_3,5,265,0.88416,0.89956,0.0154,0.0061,0.0124,0.01382
CS2_3,5,265,0.88416,0.92928,0.04512,0.0061,0.0124,0.01382
CS2_3,5,265,0.88416,0.93237,0.04821,0.0061,0.0124,0.01382
CS2_3,5,271,0.89575,0.92627,0.03052,0.0061,0.03686,0.03736
CS2_3,5,271,0.89575,0.92543,0.02968,0.0061,0.03686,0.03736
CS2_3,5,271,0.89575,0.92136,0.02562,0.0061,0.03686,0.03736
CS2_3,5,271,0.89575,0.90339,0.00764,0.0061,0.03686,0.03736
CS2_3,5,271,0.89575,0.83892,0.05683,0.0061,0.03686,0.03736
CS2_3,5,277,0.87599,0.88957,0.01359,0.0061,0.03529,0.03581
CS2_3,5,277,0.87599,0.91623,0.04025,0.0061,0.03529,0.03581
CS2_3,5,277,0.87599,0.92384,0.04786,0.0061,0.03529,0.03581
CS2_3,5,277,0.87599,0.91895,0.04296,0.0061,0.03529,0.03581
CS2_3,5,283,0.86391,0.91992,0.05601,0.0061,0.0311,0.03169
CS2_3,5,283,0.86391,0.9196,0.0557,0.0061,0.0311,0.03169
CS2_3,5,283,0.86391,0.91555,0.05164,0.0061,0.0311,0.03169
CS2_3,5,283,0.86391,0.88367,0.01976,0.0061,0.0311,0.03169
CS2_3,5,283,0.86391,0.81825,0.04566,0.0061,0.0311,0.03169
CS2_3,5,289,0.88373,0.91498,0.03125,0.0061,0.03773,0.03822
CS2_3,5,289,0.88373,0.8924,0.00867,0.0061,0.03773,0.03822
CS2_3,5,289,0.88373,0.91681,0.03308,0.0061,0.03773,0.03822
CS2_3,5,289,0.88373,0.91619,0.03246,0.0061,0.03773,0.03822
CS2_3,5,289,0.88373,0.81527,0.06846,0.0061,0.03773,0.03822
CS2_3,5,295,0.88753,0.82804,0.0595,0.0061,0.03058,0.03119
CS2_3,5,295,0.88753,0.89682,0.00929,0.0061,0.03058,0.03119
CS2_3,5,295,0.88753,0.91816,0.03062,0.0061,0.03058,0.03119
CS2_3,5,295,0.88753,0.91926,0.03173,0.0061,0.03058,0.03119
CS2_3,5,295,0.88753,0.91782,0.03028,0.0061,0.03058,0.03119
CS2_3,5,301,0.86764,0.91826,0.05062,0.0061,0.04362,0.04404
CS2_3,5,301,0.86764,0.91515,0.04751,0.0061,0.04362,0.04404
CS2_3,5,301,0.86764,0.91024,0.04259,0.0061,0.04362,0.04404
CS2_3,5,301,0.86764,0.8807,0.01306,0.0061,0.04362,0.04404
CS2_3,5,305,0.89043,0.91354,0.02312,0.0061,0.01273,0.01412
CS2_3,5,305,0.89043,0.91195,0.02152,0.0061,0.01273,0.01412
CS2_3,5,305,0.89043,0.90801,0.01758,0.0061,0.01273,0.01412
CS2_3,5,305,0.89043,0.88461,0.00581,0.0061,0.01273,0.01412
CS2_3,5,311,0.8426,0.86725,0.02465,0.0061,0.03241,0.03298
CS2_3,5,311,0.8426,0.90356,0.06096,0.0061,0.03241,0.03298
CS2_3,5,311,0.8426,0.91168,0.06908,0.0061,0.03241,0.03298
CS2_3,5,311,0.8426,0.9127,0.0701,0.0061,0.03241,0.03298
CS2_3,5,317,0.86243,0.9095,0.04707,0.0061,0.03471,0.03524
CS2_3,5,317,0.86243,0.90823,0.04581,0.0061,0.03471,0.03524
CS2_3,5,317,0.86243,0.90158,0.03915,0.0061,0.03471,0.03524
CS2_3,5,317,0.86243,0.8759,0.01347,0.0061,0.03471,0.03524
CS2_3,5,317,0.86243,0.81041,0.05202,0.0061,0.03471,0.03524
CS2_3,5,323,0.87405,0.80732,0.06673,0.0061,0.0323,0.03287
CS2_3,5,323,0.87405,0.87969,0.00564,0.0061,0.0323,0.03287
CS2_3,5,323,0.87405,0.90639,0.03234,0.0061,0.0323,0.03287
CS2_3,5,323,0.87405,0.90648,0.03243,0.0061,0.0323,0.03287
CS2_3,5,323,0.87405,0.90628,0.03223,0.0061,0.0323,0.03287
CS2_3,5,329,0.87945,0.90941,0.02996,0.0061,0.02349,0.02427
CS2_3,5,329,0.87945,0.91203,0.03259,0.0061,0.02349,0.02427
CS2_3,5,329,0.87945,0.91035,0.03091,0.0061,0.02349,0.02427
CS2_3,5,329,0.87945,0.88745,0.008,0.0061,0.02349,0.02427
CS2_3,5,329,0.87945,0.83024,0.04921,0.0061,0.02349,0.02427
CS2_3,5,335,0.86119,0.90323,0.04205,0.0061,0.03904,0.03951
CS2_3,5,335,0.86119,0.87145,0.01027,0.0061,0.03904,0.03951
CS2_3,5,335,0.86119,0.91185,0.05066,0.0061,0.03904,0.03951
CS2_3,5,335,0.86119,0.90861,0.04742,0.0061,0.03904,0.03951
CS2_3,5,339,0.87947,0.90705,0.02759,0.0061,0.01094,0.01253
CS2_3,5,339,0.87947,0.90517,0.0257,0.0061,0.01094,0.01253
CS2_3,5,339,0.87947,0.89993,0.02047,0.0061,0.01094,0.01253
CS2_3,5,339,0.87947,0.87668,0.00279,0.0061,0.01094,0.01253
CS2_3,5,339,0.87947,0.81423,0.06524,0.0061,0.01094,0.01253
CS2_3,5,345,0.83824,0.85704,0.0188,0.0061,0.0287,0.02934
CS2_3,5,345,0.83824,0.90748,0.06924,0.0061,0.0287,0.02934
CS2_3,5,345,0.83824,0.90505,0.06681,0.0061,0.0287,0.02934
CS2_3,5,345,0.83824,0.89509,0.05685,0.0061,0.0287,0.02934
CS2_3,5,351,0.85943,0.89359,0.03416,0.0061,0.0316,0.03218
CS2_3,5,351,0.85943,0.86194,0.00251,0.0061,0.0316,0.03218
CS2_3,5,351,0.85943,0.90344,0.04401,0.0061,0.0316,0.03218
CS2_3,5,351,0.85943,0.9009,0.04147,0.0061,0.0316,0.03218
CS2_3,5,357,0.86324,0.87139,0.00816,0.0061,0.0538,0.05415
CS2_3,5,357,0.86324,0.89946,0.03622,0.0061,0.0538,0.05415
CS2_3,5,357,0.86324,0.90172,0.03848,0.0061,0.0538,0.05415
CS2_3,5,357,0.86324,0.89902,0.03578,0.0061,0.0538,0.05415
CS2_3,5,363,0.85954,0.8984,0.03886,0.0061,0.03177,0.03235
CS2_3,5,363,0.85954,0.90171,0.04218,0.0061,0.03177,0.03235
CS2_3,5,363,0.85954,0.89867,0.03913,0.0061,0.03177,0.03235
CS2_3,5,363,0.85954,0.86737,0.00783,0.0061,0.03177,0.03235
CS2_3,5,369,0.86449,0.90374,0.03925,0.0061,0.02645,0.02715
CS2_3,5,369,0.86449,0.90472,0.04024,0.0061,0.02645,0.02715
CS2_3,5,369,0.86449,0.90095,0.03647,0.0061,0.02645,0.02715
CS2_3,5,369,0.86449,0.87326,0.00878,0.0061,0.02645,0.02715
CS2_3,5,369,0.86449,0.81606,0.04843,0.0061,0.02645,0.02715
CS2_3,5,375,0.85431,0.85752,0.0032,0.0061,0.03497,0.0355
CS2_3,5,375,0.85431,0.88797,0.03365,0.0061,0.03497,0.0355
CS2_3,5,375,0.85431,0.90246,0.04815,0.0061,0.03497,0.0355
CS2_3,5,375,0.85431,0.89811,0.0438,0.0061,0.03497,0.0355
CS2_3,5,381,0.77192,0.88281,0.11089,0.0061,0.04292,0.04335
CS2_3,5,381,0.77192,0.88127,0.10935,0.0061,0.04292,0.04335
CS2_3,5,381,0.77192,0.8563,0.08438,0.0061,0.04292,0.04335
CS2_3,5,387,0.77785,0.87737,0.09952,0.0061,0.04581,0.04621
CS2_3,5,387,0.77785,0.87278,0.09493,0.0061,0.04581,0.04621
CS2_3,5,387,0.77785,0.8549,0.07705,0.0061,0.04581,0.04621
CS2_3,5,393,0.79834,0.8098,0.01147,0.0061,0.03845,0.03893
CS2_3,5,393,0.79834,0.84913,0.05079,0.0061,0.03845,0.03893
CS2_3,5,393,0.79834,0.87337,0.07503,0.0061,0.03845,0.03893
CS2_3,5,393,0.79834,0.8669,0.06856,0.0061,0.03845,0.03893
CS2_3,5,399,0.80774,0.87393,0.06618,0.0061,0.02809,0.02875
CS2_3,5,399,0.80774,0.87498,0.06723,0.0061,0.02809,0.02875
CS2_3,5,399,0.80774,0.86564,0.0579,0.0061,0.02809,0.02875
CS2_3,5,399,0.80774,0.82641,0.01867,0.0061,0.02809,0.02875
CS2_3,5,405,0.76809,0.87604,0.10796,0.0061,0.04915,0.04953
CS2_3,5,405,0.76809,0.87637,0.10828,0.0061,0.04915,0.04953
CS2_3,5,405,0.76809,0.85806,0.08997,0.0061,0.04915,0.04953
CS2_3,5,411,0.75666,0.86631,0.10964,0.0061,0.05682,0.05715
CS2_3,5,411,0.75666,0.8662,0.10954,0.0061,0.05682,0.05715
CS2_3,5,411,0.75666,0.84479,0.08813,0.0061,0.05682,0.05715
CS2_3,5,417,0.73974,0.85737,0.11763,0.0061,0.05551,0.05584
CS2_3,5,417,0.73974,0.86236,0.12262,0.0061,0.05551,0.05584
CS2_3,5,417,0.73974,0.83765,0.09791,0.0061,0.05551,0.05584
CS2_3,5,423,0.73905,0.85508,0.11603,0.0061,0.06501,0.06529
CS2_3,5,423,0.73905,0.82878,0.08972,0.0061,0.06501,0.06529
CS2_3,5,423,0.73905,0.85631,0.11726,0.0061,0.06501,0.06529
CS2_3,5,429,0.71933,0.82414,0.10481,0.0061,0.05668,0.05701
CS2_3,5,429,0.71933,0.84737,0.12804,0.0061,0.05668,0.05701
CS2_3,5,429,0.71933,0.85334,0.13401,0.0061,0.05668,0.05701
CS2_3,5,435,0.75908,0.84981,0.09074,0.0061,0.05219,0.05254
CS2_3,5,435,0.75908,0.84257,0.08349,0.0061,0.05219,0.05254
CS2_3,5,435,0.75908,0.81836,0.05929,0.0061,0.05219,0.05254
CS2_3,5,441,0.76883,0.85192,0.08309,0.0061,0.04015,0.04061
CS2_3,5,441,0.76883,0.85255,0.08371,0.0061,0.04015,0.04061
CS2_3,5,441,0.76883,0.83824,0.06941,0.0061,0.04015,0.04061
CS2_3,5,447,0.72736,0.85463,0.12727,0.0061,0.0604,0.06071
CS2_3,5,447,0.72736,0.85479,0.12744,0.0061,0.0604,0.06071
CS2_3,5,447,0.72736,0.83555,0.10819,0.0061,0.0604,0.06071
CS2_3,5,448,0.72736,0.84523,0.11787,0.0061,0.05833,0.05865
CS2_3,5,454,0.73039,0.86127,0.13088,0.0061,0.05934,0.05965
CS2_3,5,454,0.73039,0.8571,0.12671,0.0061,0.05934,0.05965
CS2_3,5,454,0.73039,0.82836,0.09797,0.0061,0.05934,0.05965
CS2_3,5,460,0.73954,0.85933,0.11979,0.0061,0.05753,0.05785
CS2_3,5,460,0.73954,0.85575,0.1162,0.0061,0.05753,0.05785
CS2_3,5,460,0.73954,0.83134,0.09179,0.0061,0.05753,0.05785
CS2_3,5,466,0.64709,0.85379,0.2067,0.0061,0.07049,0.07075
CS2_3,5,466,0.64709,0.84119,0.1941,0.0061,0.07049,0.07075
CS2_3,5,466,0.64709,0.80513,0.15804,0.0061,0.07049,0.07075
CS2_3,5,472,0.70729,0.83255,0.12526,0.0061,0.07488,0.07513
CS2_3,5,472,0.70729,0.84236,0.13507,0.0061,0.07488,0.07513
CS2_3,5,478,0.71166,0.83578,0.12411,0.0061,0.0792,0.07943
CS2_3,5,478,0.71166,0.82668,0.11501,0.0061,0.0792,0.07943
CS2_3,5,483,0.7978,0.82692,0.02912,0.0061,0.0746,0.07485
CS2_3,5,483,0.7978,0.82245,0.02465,0.0061,0.0746,0.07485
CS2_3,5,484,0.79406,0.82326,0.02921,0.0061,0.04883,0.04921
CS2_3,5,489,0.77597,0.82431,0.04835,0.0061,0.05989,0.0602
CS2_3,5,489,0.77597,0.82432,0.04835,0.0061,0.05989,0.0602
CS2_3,5,494,0.77466,0.81792,0.04326,0.0061,0.07143,0.07169
CS2_3,5,494,0.77466,0.81745,0.04279,0.0061,0.07143,0.07169
CS2_3,5,500,0.69171,0.81951,0.12781,0.0061,0.05162,0.05198
CS2_3,5,500,0.69171,0.81597,0.12426,0.0061,0.05162,0.05198
CS2_3,5,506,0.69976,0.82403,0.12427,0.0061,0.06647,0.06675
CS2_3,5,506,0.69976,0.82396,0.1242,0.0061,0.06647,0.06675
CS2_3,5,511,0.7758,0.82139,0.04559,0.0061,0.06534,0.06562
CS2_3,5,511,0.7758,0.81079,0.03499,0.0061,0.06534,0.06562
CS2_3,5,516,0.77439,0.814,0.03961,0.0061,0.05089,0.05125
CS2_3,5,516,0.77439,0.80532,0.03093,0.0061,0.05089,0.05125
CS2_3,5,519,0.7742,0.80741,0.03321,0.0061,0.03938,0.03985
CS2_3,5,525,0.54421,0.8256,0.28139,0.0061,0.06059,0.0609
CS2_3,5,525,0.54421,0.81719,0.27298,0.0061,0.06059,0.0609
CS2_3,5,531,0.52619,0.81354,0.28735,0.0061,0.14169,0.14182
CS2_3,5,531,0.52619,0.80607,0.27988,0.0061,0.14169,0.14182
CS2_3,5,537,0.52393,0.80678,0.28285,0.0061,0.14385,0.14398
CS2_3,5,547,0.75561,0.8074,0.05179,0.0061,0.06117,0.06147
CS2_33,5,1,0.98516,0.99925,0.01409,0.00618,,
CS2_33,5,2,0.98745,0.99468,0.00723,0.00618,,
CS2_33,5,3,0.98739,0.99294,0.00554,0.00618,,
CS2_33,5,4,0.98628,0.99107,0.0048,0.00618,0.00087,0.00625
CS2_33,5,5,0.98516,0.99184,0.00668,0.00618,0.00115,0.00629
CS2_33,5,6,0.98446,0.99194,0.00748,0.00618,0.00069,0.00622
CS2_33,5,7,0.97973,0.99143,0.01169,0.00618,0.00099,0.00626
CS2_33,5,8,0.97343,0.99068,0.01725,0.00618,0.00102,0.00627
CS2_33,5,9,0.97176,0.98997,0.0182,0.00618,0.00126,0.00631
CS2_33,5,10,0.97098,0.98932,0.01834,0.00618,0.00116,0.00629
CS2_33,5,11,0.97082,0.98864,0.01781,0.00618,0.00092,0.00625
CS2_33,5,12,0.97066,0.98779,0.01713,0.00618,0.00161,0.00639
CS2_33,5,13,0.9699,0.98715,0.01725,0.00618,0.00144,0.00635
CS2_33,5,14,0.96912,0.98651,0.01739,0.00618,0.00072,0.00623
CS2_33,5,15,0.96912,0.98582,0.0167,0.00618,0.00023,0.00619
CS2_33,5,16,0.96816,0.98521,0.01705,0.00618,0.00017,0.00619
CS2_33,5,17,0.96816,0.98231,0.01415,0.00618,0.00076,0.00623
CS2_33,5,18,0.96816,0.97912,0.01096,0.00618,0.00121,0.0063
CS2_33,5,19,0.97431,0.97775,0.00344,0.00618,0.00107,0.00628
CS2_33,5,20,0.97938,0.97658,0.00281,0.00618,0.00126,0.00631
CS2_33,5,21,0.97938,0.88147,0.09792,0.00618,0.00174,0.00643
CS2_33,5,22,0.97938,0.97904,0.00034,0.00618,0.0029,0.00683
CS2_33,5,23,0.96232,0.87329,0.08903,0.00618,0.00372,0.00722
CS2_33,5,24,0.96232,0.97419,0.01188,0.00618,0.00563,0.00836
CS2_33,5,25,0.96232,0.97304,0.01073,0.00618,0.00343,0.00707
CS2_33,5,26,0.96245,0.97397,0.01152,0.00618,0.00349,0.0071
CS2_33,5,27,0.96245,0.9756,0.01315,0.00618,0.0036,0.00716
CS2_33,5,28,0.96245,0.97178,0.00932,0.00618,0.00382,0.00727
CS2_33,5,29,0.96245,0.97058,0.00813,0.00618,0.00395,0.00734
CS2_33,5,30,0.9624,0.96992,0.00751,0.00618,0.00221,0.00657
CS2_33,5,31,0.9624,0.96954,0.00714,0.00618,0.00121,0.0063
CS2_33,5,32,0.9624,0.97204,0.00964,0.00618,0.00345,0.00708
CS2_33,5,33,0.96195,0.97072,0.00877,0.00618,0.00185,0.00646
CS2_33,5,34,0.95716,0.96791,0.01074,0.00618,0.00212,0.00654
CS2_33,5,35,0.95576,0.96717,0.01141,0.00618,0.00113,0.00629
CS2_33,5,36,0.95576,0.96609,0.01033,0.00618,0.00098,0.00626
CS2_33,5,37,0.95576,0.96863,0.01287,0.00618,0.00158,0.00638
CS2_33,5,38,0.95576,0.96831,0.01255,0.00618,0.0019,0.00647
CS2_33,5,39,0.95509,0.96462,0.00953,0.00618,0.00268,0.00674
CS2_33,5,40,0.95385,0.96389,0.01004,0.00618,0.00222,0.00657
CS2_33,5,41,0.9531,0.96319,0.01009,0.00618,0.00131,0.00632
CS2_33,5,42,0.9531,0.96567,0.01257,0.00618,0.00116,0.00629
CS2_33,5,43,0.9531,0.96613,0.01304,0.00618,0.0018,0.00644
CS2_33,5,44,0.94695,0.96629,0.01934,0.00618,0.00214,0.00655
CS2_33,5,45,0.94425,0.9663,0.02205,0.00618,0.00217,0.00655
CS2_33,5,46,0.94421,0.96669,0.02248,0.00618,0.00105,0.00627
CS2_33,5,47,0.94271,0.96649,0.02378,0.00618,0.0014,0.00634
CS2_33,5,48,0.94214,0.96626,0.02412,0.00618,0.00091,0.00625
CS2_33,5,49,0.94271,0.97528,0.03256,0.00618,0.00128,0.00631
CS2_33,5,50,0.94271,0.97505,0.03234,0.00618,0.00271,0.00675
CS2_33,5,51,0.95709,0.97484,0.01775,0.00618,0.00307,0.0069
CS2_33,5,52,0.96045,0.97105,0.0106,0.00618,0.00233,0.00661
CS2_33,5,53,0.96266,0.96928,0.00662,0.00618,0.00169,0.00641
CS2_33,5,54,0.96045,0.9682,0.00775,0.00618,0.00203,0.00651
CS2_33,5,55,0.96266,0.96518,0.00252,0.00618,0.00166,0.0064
CS2_33,5,56,0.96266,0.96513,0.00247,0.00618,0.00243,0.00665
CS2_33,5,57,0.95956,0.96283,0.00327,0.00618,0.00224,0.00658
CS2_33,5,58,0.95839,0.9616,0.00321,0.00618,0.00132,0.00632
CS2_33,5,59,0.95806,0.96086,0.0028,0.00618,0.00088,0.00625
CS2_33,5,60,0.95683,0.95932,0.00249,0.00618,0.00064,0.00622
CS2_33,5,61,0.95482,0.95947,0.00465,0.00618,0.00099,0.00626
CS2_33,5,62,0.9544,0.95856,0.00416,0.00618,0.0017,0.00641
CS2_33,5,63,0.94905,0.95708,0.00803,0.00618,0.00174,0.00642
CS2_33,5,64,0.94816,0.95672,0.00856,0.00618,0.00131,0.00632
CS2_33,5,65,0.9474,0.95564,0.00824,0.00618,0.00077,0.00623
CS2_33,5,66,0.94698,0.95611,0.00914,0.00618,0.00081,0.00624
CS2_33,5,67,0.94698,0.9557,0.00872,0.00618,0.00087,0.00625
CS2_33,5,68,0.94259,0.95506,0.01247,0.00618,0.0008,0.00624
CS2_33,5,69,0.94234,0.95456,0.01222,0.00618,0.00051,0.00621
CS2_33,5,70,0.94212,0.95457,0.01245,0.00618,0.00076,0.00623
CS2_33,5,71,0.94204,0.9537,0.01166,0.00618,0.00102,0.00627
CS2_33,5,72,0.93919,0.84452,0.09468,0.00618,0.00138,0.00634
CS2_33,5,73,0.93892,0.9529,0.01398,0.00618,0.00122,0.0063
CS2_33,5,74,0.93892,0.95229,0.01337,0.00618,0.00087,0.00624
CS2_33,5,75,0.93892,0.95197,0.01305,0.00618,0.00082,0.00624
CS2_33,5,76,0.93823,0.84391,0.09432,0.00618,0.00217,0.00655
CS2_33,5,77,0.93823,0.95117,0.01295,0.00618,0.00195,0.00649
CS2_33,5,78,0.93721,0.95073,0.01352,0.00618,0.0007,0.00622
CS2_33,5,79,0.93721,0.94777,0.01056,0.00618,0.00058,0.00621
CS2_33,5,80,0.93721,0.94698,0.00978,0.00618,0.00189,0.00647
CS2_33,5,81,0.93721,0.94799,0.01079,0.00618,0.00252,0.00668
CS2_33,5,82,0.93721,0.94867,0.01147,0.00618,0.00065,0.00622
CS2_33,5,83,0.93507,0.95069,0.01562,0.00618,0.00083,0.00624
CS2_33,5,84,0.93359,0.95112,0.01753,0.00618,0.00093,0.00625
CS2_33,5,85,0.93359,0.94829,0.0147,0.00618,0.00211,0.00653
CS2_33,5,86,0.93359,0.9484,0.01481,0.00618,0.00076,0.00623
CS2_33,5,87,0.9305,0.9475,0.017,0.00618,0.00069,0.00622
CS2_33,5,88,0.9305,0.94794,0.01743,0.00618,0.00083,0.00624
CS2_33,5,89,0.9305,0.94961,0.01911,0.00618,0.00129,0.00632
CS2_33,5,90,0.9305,0.94658,0.01608,0.00618,0.00112,0.00628
CS2_33,5,91,0.92901,0.94562,0.01661,0.00618,0.00116,0.00629
CS2_33,5,92,0.92901,0.94538,0.01637,0.00618,0.00082,0.00624
CS2_33,5,93,0.93035,0.94414,0.01379,0.00618,0.00142,0.00635
CS2_33,5,94,0.93035,0.94707,0.01673,0.00618,0.00126,0.00631
CS2_33,5,95,0.92901,0.94606,0.01705,0.00618,0.00147,0.00636
CS2_33,5,96,0.93035,0.94325,0.01291,0.00618,0.00111,0.00628
CS2_33,5,97,0.92997,0.94301,0.01304,0.00618,0.00109,0.00628
CS2_33,5,98,0.92899,0.94176,0.01277,0.00618,0.00061,0.00621
CS2_33,5,99,0.92899,0.94444,0.01545,0.00618,0.00139,0.00634
CS2_33,5,100,0.92899,0.94494,0.01595,0.00618,0.00147,0.00636
CS2_33,5,101,0.92366,0.94584,0.02219,0.00618,0.00164,0.0064
CS2_33,5,102,0.92275,0.94629,0.02353,0.00618,0.0017,0.00641
CS2_33,5,103,0.92007,0.9465,0.02643,0.00618,0.00126,0.00631
CS2_33,5,104,0.91929,0.94679,0.02749,0.00618,0.00073,0.00623
CS2_33,5,105,0.91929,0.94672,0.02743,0.00618,0.00091,0.00625
CS2_33,5,106,0.91894,0.94665,0.02771,0.00618,0.0009,0.00625
CS2_33,5,107,0.91894,0.9467,0.02776,0.00618,0.00081,0.00624
CS2_33,5,108,0.91975,0.94654,0.02679,0.00618,0.00067,0.00622
CS2_33,5,109,0.91975,0.94652,0.02678,0.00618,0.0005,0.0062
CS2_33,5,110,0.91968,0.9463,0.02661,0.00618,0.00032,0.00619
CS2_33,5,111,0.91968,0.94501,0.02533,0.00618,0.0005,0.0062
CS2_33,5,112,0.91968,0.94025,0.02057,0.00618,0.00067,0.00622
CS2_33,5,113,0.91968,0.93992,0.02024,0.00618,0.00126,0.00631
CS2_33,5,114,0.92953,0.9391,0.00957,0.00618,0.00142,0.00635
CS2_33,5,115,0.92978,0.94133,0.01155,0.00618,0.00085,0.00624
CS2_33,5,116,0.92978,0.94271,0.01293,0.00618,0.00138,0.00634
CS2_33,5,117,0.92953,0.93859,0.00906,0.00618,0.00213,0.00654
CS2_33,5,118,0.92476,0.93817,0.01341,0.00618,0.00332,0.00702
CS2_33,5,119,0.92399,0.93833,0.01435,0.00618,0.00283,0.0068
CS2_33,5,120,0.92399,0.93729,0.01331,0.00618,0.0021,0.00653
CS2_33,5,121,0.91963,0.94034,0.02071,0.00618,0.00079,0.00623
CS2_33,5,122,0.91957,0.83769,0.08188,0.00618,0.00155,0.00638
CS2_33,5,123,0.91957,0.9359,0.01633,0.00618,0.00103,0.00627
CS2_33,5,124,0.9198,0.93653,0.01673,0.00618,0.00137,0.00633
CS2_33,5,125,0.91874,0.93575,0.01701,0.00618,0.00223,0.00657
CS2_33,5,126,0.91874,0.93787,0.01912,0.00618,0.00138,0.00634
CS2_33,5,127,0.91874,0.93926,0.02052,0.00618,0.00187,0.00646
CS2_33,5,128,0.91563,0.93517,0.01954,0.00618,0.00158,0.00638
CS2_33,5,129,0.91563,0.93504,0.01941,0.00618,0.0018,0.00644
CS2_33,5,130,0.91481,0.93466,0.01985,0.00618,0.00288,0.00682
CS2_33,5,131,0.91481,0.94536,0.03055,0.00618,0.00332,0.00702
CS2_33,5,132,0.91681,0.94345,0.02664,0.00618,0.00246,0.00666
CS2_33,5,133,0.91911,0.94586,0.02675,0.00618,0.00281,0.00679
CS2_33,5,134,0.91911,0.94558,0.02647,0.00618,0.00236,0.00662
CS2_33,5,135,0.91911,0.94529,0.02619,0.00618,0.00192,0.00648
CS2_33,5,136,0.91618,0.94482,0.02864,0.00618,0.0012,0.0063
CS2_33,5,137,0.91618,0.94475,0.02857,0.00618,0.00111,0.00628
CS2_33,5,138,0.91582,0.94427,0.02844,0.00618,0.00116,0.00629
CS2_33,5,139,0.91582,0.94379,0.02796,0.00618,0.00132,0.00632
CS2_33,5,140,0.91618,0.94337,0.02719,0.00618,0.00159,0.00638
CS2_33,5,141,0.91696,0.94303,0.02607,0.00618,0.00128,0.00632
CS2_33,5,142,0.91695,0.94284,0.02589,0.00618,0.00053,0.00621
CS2_33,5,143,0.91696,0.94257,0.02561,0.00618,0.00029,0.00619
CS2_33,5,144,0.91695,0.94283,0.02588,0.00618,0.00057,0.00621
CS2_33,5,145,0.91695,0.84341,0.07353,0.00618,0.00201,0.0065
CS2_33,5,146,0.91695,0.93701,0.02006,0.00618,0.00059,0.00621
CS2_33,5,147,0.91774,0.93634,0.01861,0.00618,0.00058,0.00621
CS2_33,5,148,0.92325,0.93533,0.01208,0.00618,0.00128,0.00632
CS2_33,5,149,0.92325,0.93774,0.01449,0.00618,0.00056,0.00621
CS2_33,5,150,0.92325,0.93863,0.01538,0.00618,0.00158,0.00638
CS2_33,5,151,0.92325,0.93381,0.01056,0.00618,0.00153,0.00637
CS2_33,5,152,0.92309,0.93333,0.01024,0.00618,0.00204,0.00651
CS2_33,5,153,0.91965,0.93302,0.01337,0.00618,0.00253,0.00668
CS2_33,5,154,0.91965,0.93322,0.01357,0.00618,0.00306,0.0069
CS2_33,5,155,0.91856,0.93603,0.01747,0.00618,0.00081,0.00624
CS2_33,5,156,0.91593,0.93416,0.01823,0.00618,0.00083,0.00624
CS2_33,5,157,0.9131,0.93164,0.01855,0.00618,0.00116,0.00629
CS2_33,5,158,0.91295,0.93202,0.01907,0.00618,0.00147,0.00636
CS2_33,5,159,0.90939,0.93145,0.02206,0.00618,0.00155,0.00638
CS2_33,5,160,0.90939,0.93431,0.02493,0.00618,0.00159,0.00638
CS2_33,5,161,0.90939,0.93469,0.0253,0.00618,0.0015,0.00636
CS2_33,5,162,0.90939,0.9305,0.02111,0.00618,0.00188,0.00646
CS2_33,5,163,0.90776,0.93051,0.02275,0.00618,0.00215,0.00655
CS2_33,5,164,0.90776,0.92993,0.02217,0.00618,0.00159,0.00638
CS2_33,5,165,0.90946,0.93127,0.02181,0.00618,0.00119,0.0063
CS2_33,5,166,0.90946,0.93401,0.02456,0.00618,0.00133,0.00633
CS2_33,5,167,0.90776,0.93041,0.02265,0.00618,0.00172,0.00642
CS2_33,5,168,0.90661,0.92987,0.02326,0.00618,0.00168,0.00641
CS2_33,5,169,0.90386,0.93233,0.02848,0.00618,0.00145,0.00635
CS2_33,5,170,0.90348,0.93377,0.03029,0.00618,0.00158,0.00638
CS2_33,5,171,0.90348,0.93373,0.03025,0.00618,0.00108,0.00628
CS2_33,5,172,0.90006,0.93368,0.03362,0.00618,0.00078,0.00623
CS2_33,5,173,0.90006,0.93364,0.03358,0.00618,0.00087,0.00625
CS2_33,5,174,0.90006,0.93382,0.03376,0.00618,0.00113,0.00629
CS2_33,5,175,0.90039,0.93396,0.03357,0.00618,0.00103,0.00627
CS2_33,5,176,0.90283,0.93384,0.03101,0.00618,0.00132,0.00632
CS2_33,5,177,0.90307,0.93363,0.03055,0.00618,0.00123,0.00631
CS2_33,5,178,0.90336,0.9336,0.03024,0.00618,0.0007,0.00622
CS2_33,5,179,0.90425,0.93348,0.02923,0.00618,0.0003,0.00619
CS2_33,5,180,0.90437,0.93343,0.02906,0.00618,0.00035,0.00619
CS2_33,5,181,0.90437,0.93755,0.03317,0.00618,0.00133,0.00633
CS2_33,5,182,0.90446,0.93924,0.03478,0.00618,0.00245,0.00665
CS2_33,5,183,0.90446,0.8382,0.06626,0.00618,0.00151,0.00637
CS2_33,5,184,0.92079,0.93512,0.01432,0.00618,0.00212,0.00654
CS2_33,5,185,0.92273,0.93385,0.01112,0.00618,0.00218,0.00656
CS2_33,5,186,0.92229,0.93324,0.01095,0.00618,0.00192,0.00648
CS2_33,5,187,0.92079,0.93149,0.0107,0.00618,0.00232,0.00661
CS2_33,5,188,0.92079,0.93466,0.01387,0.00618,0.00408,0.00741
CS2_33,5,189,0.92016,0.93344,0.01328,0.00618,0.00195,0.00649
CS2_33,5,190,0.91455,0.92907,0.01452,0.00618,0.00193,0.00648
CS2_33,5,191,0.91203,0.92881,0.01678,0.00618,0.00225,0.00658
CS2_33,5,192,0.90865,0.92737,0.01871,0.00618,0.00238,0.00663
CS2_33,5,193,0.90865,0.92987,0.02121,0.00618,0.00104,0.00627
CS2_33,5,194,0.90865,0.93097,0.02232,0.00618,0.001,0.00626
CS2_33,5,195,0.90798,0.92647,0.01849,0.00618,0.00148,0.00636
CS2_33,5,196,0.90699,0.92622,0.01923,0.00618,0.00124,0.00631
CS2_33,5,197,0.90488,0.92624,0.02137,0.00618,0.00087,0.00625
CS2_33,5,198,0.90488,0.92652,0.02164,0.00618,0.00166,0.0064
CS2_33,5,199,0.90488,0.92929,0.02441,0.00618,0.00117,0.00629
CS2_33,5,200,0.90304,0.92693,0.02389,0.00618,0.00107,0.00628
CS2_33,5,201,0.90304,0.9237,0.02066,0.00618,0.0017,0.00641
CS2_33,5,202,0.90419,0.92317,0.01898,0.00618,0.00132,0.00632
CS2_33,5,203,0.89847,0.91698,0.01851,0.00618,0.00251,0.00667
CS2_33,5,204,0.90419,0.91808,0.01389,0.00618,0.00225,0.00658
CS2_33,5,205,0.90419,0.92204,0.01785,0.00618,0.00301,0.00688
CS2_33,5,206,0.8926,0.92023,0.02763,0.00618,0.00266,0.00673
CS2_33,5,207,0.8926,0.91666,0.02406,0.00618,0.00341,0.00706
CS2_33,5,208,0.8926,0.79906,0.09354,0.00618,0.00358,0.00715
CS2_33,5,209,0.89086,0.91379,0.02293,0.00618,0.00291,0.00683
CS2_33,5,210,0.889,0.91392,0.02492,0.00618,0.00272,0.00675
CS2_33,5,211,0.889,0.91578,0.02678,0.00618,0.00311,0.00692
CS2_33,5,212,0.88588,0.91964,0.03376,0.00618,0.00153,0.00637
CS2_33,5,213,0.88588,0.91779,0.03191,0.00618,0.00209,0.00653
CS2_33,5,214,0.889,0.91394,0.02494,0.00618,0.0037,0.00721
CS2_33,5,215,0.89094,0.91378,0.02283,0.00618,0.0036,0.00716
CS2_33,5,216,0.88853,0.91319,0.02466,0.00618,0.00351,0.00711
CS2_33,5,217,0.88967,0.91608,0.02641,0.00618,0.00241,0.00664
CS2_33,5,218,0.88967,0.9174,0.02772,0.00618,0.00158,0.00638
CS2_33,5,219,0.88967,0.91202,0.02234,0.00618,0.00118,0.0063
CS2_33,5,220,0.88946,0.91207,0.0226,0.00618,0.00131,0.00632
CS2_33,5,221,0.88967,0.91185,0.02217,0.00618,0.00138,0.00634
CS2_33,5,222,0.89062,0.91209,0.02147,0.00618,0.00182,0.00645
CS2_33,5,223,0.89062,0.91507,0.02444,0.00618,0.00073,0.00623
CS2_33,5,224,0.88946,0.91579,0.02633,0.00618,0.00103,0.00627
CS2_33,5,225,0.88507,0.91597,0.03091,0.00618,0.00121,0.0063
CS2_33,5,226,0.88507,0.91645,0.03138,0.00618,0.00139,0.00634
CS2_33,5,227,0.88488,0.91683,0.03196,0.00618,0.00145,0.00635
CS2_33,5,228,0.88488,0.91693,0.03205,0.00618,0.00143,0.00635
CS2_33,5,229,0.88672,0.91709,0.03037,0.00618,0.00188,0.00646
CS2_33,5,230,0.88833,0.91677,0.02844,0.00618,0.00199,0.0065
CS2_33,5,231,0.88833,0.9173,0.02897,0.00618,0.00162,0.00639
CS2_33,5,232,0.88894,0.91695,0.02801,0.00618,0.00034,0.00619
CS2_33,5,233,0.88931,0.91746,0.02815,0.00618,0.00055,0.00621
CS2_33,5,234,0.88931,0.91761,0.0283,0.00618,0.00052,0.00621
CS2_33,5,235,0.88798,0.91444,0.02646,0.00618,0.00061,0.00621
CS2_33,5,236,0.88981,0.90994,0.02013,0.00618,0.00066,0.00622
CS2_33,5,237,0.88981,0.90988,0.02006,0.00618,0.00075,0.00623
CS2_33,5,238,0.89498,0.90859,0.01361,0.00618,0.00071,0.00622
CS2_33,5,239,0.89642,0.91242,0.016,0.00618,0.0005,0.0062
CS2_33,5,240,0.89642,0.91351,0.01709,0.00618,0.00084,0.00624
CS2_33,5,241,0.89498,0.90811,0.01313,0.00618,0.00138,0.00634
CS2_33,5,242,0.89365,0.90737,0.01372,0.00618,0.00164,0.0064
CS2_33,5,243,0.89227,0.90706,0.01479,0.00618,0.00207,0.00652
CS2_33,5,244,0.89227,0.90673,0.01446,0.00618,0.0012,0.0063
CS2_33,5,245,0.89227,0.91002,0.01775,0.00618,0.00081,0.00624
CS2_33,5,246,0.88961,0.90794,0.01833,0.00618,0.00092,0.00625
CS2_33,5,247,0.88723,0.90412,0.0169,0.00618,0.00118,0.0063
CS2_33,5,248,0.88698,0.90359,0.01661,0.00618,0.00128,0.00632
CS2_33,5,249,0.88391,0.90277,0.01886,0.00618,0.00086,0.00624
CS2_33,5,250,0.88391,0.90634,0.02243,0.00618,0.00066,0.00622
CS2_33,5,251,0.88391,0.90773,0.02382,0.00618,0.00094,0.00626
CS2_33,5,252,0.88358,0.90253,0.01895,0.00618,0.00107,0.00628
CS2_33,5,253,0.88358,0.90219,0.01862,0.00618,0.0014,0.00634
CS2_33,5,254,0.88018,0.90176,0.02158,0.00618,0.00166,0.0064
CS2_33,5,255,0.88018,0.90188,0.0217,0.00618,0.00209,0.00653
CS2_33,5,256,0.88018,0.90504,0.02487,0.00618,0.00117,0.00629
CS2_33,5,257,0.87702,0.90343,0.02641,0.00618,0.00118,0.0063
CS2_33,5,258,0.87702,0.8994,0.02238,0.00618,0.00163,0.0064
CS2_33,5,259,0.87918,0.90813,0.02895,0.00618,0.00229,0.00659
CS2_33,5,260,0.87918,0.91053,0.03135,0.00618,0.0027,0.00675
CS2_33,5,261,0.88207,0.91043,0.02836,0.00618,0.00213,0.00654
CS2_33,5,262,0.88207,0.91016,0.02809,0.00618,0.00198,0.00649
CS2_33,5,263,0.8853,0.9106,0.0253,0.00618,0.00078,0.00623
CS2_33,5,264,0.88207,0.91019,0.02812,0.00618,0.00132,0.00632
CS2_33,5,265,0.88207,0.90994,0.02787,0.00618,0.00109,0.00628
CS2_33,5,266,0.88311,0.90949,0.02638,0.00618,0.00139,0.00634
CS2_33,5,267,0.8837,0.90926,0.02556,0.00618,0.00116,0.00629
CS2_33,5,268,0.88311,0.79971,0.0834,0.00618,0.0025,0.00667
CS2_33,5,269,0.88311,0.90909,0.02598,0.00618,0.00148,0.00636
CS2_33,5,270,0.88311,0.90894,0.02583,0.00618,0.00077,0.00623
CS2_33,5,271,0.88325,0.90889,0.02564,0.00618,0.00047,0.0062
CS2_33,5,272,0.88272,0.90637,0.02365,0.00618,0.00132,0.00632
CS2_33,5,273,0.88325,0.90095,0.01769,0.00618,0.0008,0.00624
CS2_33,5,274,0.8843,0.90001,0.01571,0.00618,0.00119,0.0063
CS2_33,5,275,0.88951,0.89876,0.00926,0.00618,0.001,0.00626
CS2_33,5,276,0.88951,0.90155,0.01204,0.00618,0.0009,0.00625
CS2_33,5,277,0.88951,0.90355,0.01404,0.00618,0.00148,0.00636
CS2_33,5,278,0.88834,0.8984,0.01007,0.00618,0.00196,0.00649
CS2_33,5,279,0.88351,0.89717,0.01365,0.00618,0.00228,0.00659
CS2_33,5,280,0.88315,0.8963,0.01315,0.00618,0.0026,0.00671
CS2_33,5,282,0.87821,0.89975,0.02154,0.00618,0.00109,0.00628
CS2_33,5,283,0.87643,0.90102,0.02459,0.00618,0.00106,0.00628
CS2_33,5,285,0.87376,0.89458,0.02082,0.00618,0.00145,0.00635
CS2_33,5,286,0.87643,0.89352,0.01709,0.00618,0.00084,0.00624
CS2_33,5,287,0.87673,0.89281,0.01609,0.00618,0.00157,0.00638
CS2_33,5,288,0.87673,0.89739,0.02067,0.00618,0.00157,0.00638
CS2_33,5,289,0.87673,0.8968,0.02007,0.00618,0.00172,0.00642
CS2_33,5,290,0.87732,0.89155,0.01423,0.00618,0.00253,0.00668
CS2_33,5,291,0.87658,0.89206,0.01547,0.00618,0.00117,0.00629
CS2_33,5,292,0.87428,0.89103,0.01675,0.00618,0.00166,0.0064
CS2_33,5,293,0.87506,0.89171,0.01665,0.00618,0.00271,0.00675
CS2_33,5,294,0.87506,0.89485,0.01979,0.00618,0.00148,0.00636
CS2_33,5,295,0.8709,0.89073,0.01983,0.00618,0.00136,0.00633
CS2_33,5,296,0.86958,0.88902,0.01944,0.00618,0.00167,0.00641
CS2_33,5,297,0.86866,0.88831,0.01965,0.00618,0.00157,0.00638
CS2_33,5,298,0.86866,0.88727,0.01861,0.00618,0.00159,0.00638
CS2_33,5,299,0.86866,0.89147,0.02281,0.00618,0.00076,0.00623
CS2_33,5,300,0.86866,0.89234,0.02368,0.00618,0.00101,0.00627
CS2_33,5,301,0.86706,0.89276,0.0257,0.00618,0.00062,0.00622
CS2_33,5,302,0.86436,0.89302,0.02867,0.00618,0.00089,0.00625
CS2_33,5,303,0.86436,0.8942,0.02984,0.00618,0.0008,0.00624
CS2_33,5,304,0.86436,0.89437,0.03001,0.00618,0.00078,0.00623
CS2_33,5,305,0.86487,0.89456,0.02969,0.00618,0.00056,0.00621
CS2_33,5,306,0.8649,0.89464,0.02973,0.00618,0.0007,0.00622
CS2_33,5,307,0.86585,0.8948,0.02895,0.00618,0.0007,0.00622
CS2_33,5,308,0.86659,0.89482,0.02824,0.00618,0.00051,0.00621
CS2_33,5,309,0.86732,0.90374,0.03642,0.00618,0.00161,0.00639
CS2_33,5,309,0.86732,0.90115,0.03383,0.00618,0.00161,0.00639
CS2_33,5,310,0.86845,0.90458,0.03612,0.00618,0.0009,0.00625
CS2_33,5,311,0.86845,0.90519,0.03674,0.00618,0.00051,0.00621
CS2_33,5,312,0.86845,0.89835,0.0299,0.00618,0.00054,0.00621
CS2_33,5,313,0.86728,0.89787,0.03059,0.00618,0.00058,0.00621
CS2_33,5,314,0.86728,0.89646,0.02918,0.00618,0.00068,0.00622
CS2_33,5,315,0.86728,0.89651,0.02923,0.00618,0.00055,0.00621
CS2_33,5,316,0.86728,0.9,0.03271,0.00618,0.00077,0.00623
CS2_33,5,317,0.86623,0.89762,0.03138,0.00618,0.00108,0.00628
CS2_33,5,318,0.86634,0.8929,0.02656,0.00618,0.00107,0.00628
CS2_33,5,319,0.86634,0.89185,0.02552,0.00618,0.00047,0.0062
CS2_33,5,320,0.86566,0.88987,0.02422,0.00618,0.00127,0.00631
CS2_33,5,321,0.86566,0.89136,0.0257,0.00618,0.00148,0.00636
CS2_33,5,322,0.86435,0.88699,0.02264,0.00618,0.00157,0.00638
CS2_33,5,323,0.86435,0.88573,0.02138,0.00618,0.00136,0.00633
CS2_33,5,324,0.86435,0.8861,0.02175,0.00618,0.00093,0.00625
CS2_33,5,325,0.86435,0.88468,0.02033,0.00618,0.00072,0.00623
CS2_33,5,326,0.86368,0.88343,0.01976,0.00618,0.00088,0.00625
CS2_33,5,327,0.86368,0.888,0.02432,0.00618,0.00151,0.00637
CS2_33,5,328,0.86282,0.88887,0.02605,0.00618,0.00182,0.00645
CS2_33,5,329,0.86142,0.88906,0.02765,0.00618,0.00158,0.00638
CS2_33,5,330,0.8612,0.88909,0.02789,0.00618,0.00072,0.00623
CS2_33,5,330,0.8612,0.88923,0.02803,0.00618,0.00072,0.00623
CS2_33,5,330,0.8612,0.89105,0.02985,0.00618,0.00072,0.00623
CS2_33,5,330,0.8612,0.89219,0.03099,0.00618,0.00072,0.00623
CS2_33,5,330,0.8612,0.89274,0.03154,0.00618,0.00072,0.00623
CS2_33,5,330,0.8612,0.88843,0.02723,0.00618,0.00072,0.00623
CS2_33,5,330,0.8612,0.88856,0.02736,0.00618,0.00072,0.00623
CS2_33,5,330,0.8612,0.89036,0.02916,0.00618,0.00072,0.00623
CS2_33,5,330,0.8612,0.89039,0.02919,0.00618,0.00072,0.00623
CS2_33,5,330,0.8612,0.89178,0.03058,0.00618,0.00072,0.00623
CS2_33,5,331,0.86092,0.88007,0.01915,0.00618,0.00087,0.00624
CS2_33,5,332,0.86092,0.88277,0.02184,0.00618,0.0003,0.00619
CS2_33,5,333,0.85879,0.88325,0.02446,0.00618,0.00031,0.00619
CS2_33,5,334,0.85826,0.88348,0.02522,0.00618,0.00053,0.00621
CS2_33,5,335,0.85497,0.88349,0.02852,0.00618,0.00037,0.0062
CS2_33,5,336,0.85497,0.8841,0.02913,0.00618,0.00065,0.00622
CS2_33,5,337,0.85483,0.88433,0.0295,0.00618,0.00039,0.0062
CS2_33,5,338,0.85467,0.88421,0.02954,0.00618,0.00059,0.00621
CS2_33,5,339,0.85467,0.88414,0.02947,0.00618,0.00052,0.00621
CS2_33,5,340,0.85475,0.88378,0.02902,0.00618,0.00062,0.00622
CS2_33,5,341,0.85461,0.8835,0.02888,0.00618,0.00042,0.0062
CS2_33,5,342,0.85461,0.88327,0.02866,0.00618,8e-05,0.00619
CS2_33,5,343,0.85475,0.8831,0.02835,0.00618,0.00024,0.00619
CS2_33,5,344,0.85475,0.88272,0.02797,0.00618,0.00025,0.00619
CS2_33,5,345,0.85606,0.87741,0.02135,0.00618,0.00028,0.00619
CS2_33,5,346,0.85678,0.87498,0.0182,0.00618,0.00048,0.0062
CS2_33,5,347,0.85712,0.87503,0.01791,0.00618,0.00054,0.00621
CS2_33,5,349,0.85975,0.87421,0.01446,0.00618,0.00105,0.00627
CS2_33,5,350,0.85975,0.8762,0.01645,0.00618,0.00115,0.00629
CS2_33,5,351,0.85504,0.87398,0.01895,0.00618,0.00221,0.00657
CS2_33,5,352,0.85504,0.87169,0.01665,0.00618,0.00149,0.00636
CS2_33,5,353,0.85504,0.8724,0.01737,0.00618,0.00154,0.00637
CS2_33,5,355,0.85209,0.87173,0.01964,0.00618,0.00228,0.00659
CS2_33,5,356,0.85209,0.87387,0.02178,0.00618,0.00177,0.00643
CS2_33,5,357,0.84718,0.87133,0.02415,0.00618,0.00205,0.00652
CS2_33,5,358,0.84718,0.88229,0.03511,0.00618,0.00171,0.00642
CS2_33,5,359,0.8541,0.88383,0.02973,0.00618,0.00197,0.00649
CS2_33,5,360,0.85562,0.8822,0.02658,0.00618,0.0017,0.00641
CS2_33,5,361,0.85827,0.87545,0.01718,0.00618,0.00186,0.00646
CS2_33,5,362,0.85827,0.87472,0.01645,0.00618,0.00231,0.0066
CS2_33,5,363,0.85566,0.87385,0.01819,0.00618,0.00235,0.00662
CS2_33,5,364,0.85566,0.87324,0.01758,0.00618,0.00156,0.00638
CS2_33,5,365,0.85566,0.87513,0.01947,0.00618,0.00234,0.00661
CS2_33,5,366,0.85372,0.87184,0.01812,0.00618,0.00152,0.00637
CS2_33,5,367,0.85321,0.8681,0.01489,0.00618,0.00102,0.00627
CS2_33,5,368,0.85032,0.86816,0.01784,0.00618,0.00083,0.00624
CS2_33,5,369,0.84821,0.86751,0.0193,0.00618,0.00083,0.00624
CS2_33,5,370,0.84781,0.86864,0.02083,0.00618,0.00073,0.00623
CS2_33,5,371,0.84781,0.86971,0.0219,0.00618,0.00061,0.00621
CS2_33,5,372,0.84589,0.86959,0.0237,0.00618,0.001,0.00627
CS2_33,5,373,0.84286,0.8694,0.02654,0.00618,0.00118,0.0063
CS2_33,5,374,0.84286,0.86947,0.02661,0.00618,0.00085,0.00624
CS2_33,5,375,0.84279,0.86972,0.02693,0.00618,0.00081,0.00624
CS2_33,5,376,0.84273,0.86892,0.02619,0.00618,0.00084,0.00624
CS2_33,5,377,0.84247,0.86852,0.02605,0.00618,0.00057,0.00621
CS2_33,5,378,0.84216,0.86791,0.02575,0.00618,0.00053,0.00621
CS2_33,5,379,0.84166,0.86731,0.02566,0.00618,0.0006,0.00621
CS2_33,5,380,0.84166,0.86705,0.0254,0.00618,0.00026,0.00619
CS2_33,5,381,0.84117,0.86664,0.02547,0.00618,0.00035,0.00619
CS2_33,5,382,0.84117,0.86628,0.02511,0.00618,0.0003,0.00619
CS2_33,5,383,0.84057,0.86549,0.02492,0.00618,0.00043,0.0062
CS2_33,5,384,0.84117,0.85868,0.01752,0.00618,0.00038,0.0062
CS2_33,5,385,0.84132,0.85812,0.01679,0.00618,0.00055,0.00621
CS2_33,5,386,0.84132,0.85701,0.01569,0.00618,0.00051,0.00621
CS2_33,5,387,0.84278,0.85603,0.01325,0.00618,0.00054,0.00621
CS2_33,5,388,0.84278,0.85917,0.01639,0.00618,0.00082,0.00624
CS2_33,5,389,0.84019,0.85712,0.01693,0.00618,0.00129,0.00632
CS2_33,5,390,0.83865,0.8521,0.01345,0.00618,0.00113,0.00629
CS2_33,5,391,0.83768,0.85219,0.01451,0.00618,0.00112,0.00629
CS2_33,5,392,0.83374,0.85199,0.01826,0.00618,0.00096,0.00626
CS2_33,5,393,0.83374,0.85221,0.01847,0.00618,0.00089,0.00625
CS2_33,5,394,0.83374,0.85482,0.02108,0.00618,0.00095,0.00626
CS2_33,5,395,0.83153,0.85283,0.0213,0.00618,0.00135,0.00633
CS2_33,5,396,0.83008,0.8493,0.01922,0.00618,0.00196,0.00649
CS2_33,5,397,0.82806,0.84947,0.02141,0.00618,0.00111,0.00628
CS2_33,5,398,0.82682,0.84803,0.02121,0.00618,0.00144,0.00635
CS2_33,5,399,0.82775,0.84915,0.0214,0.00618,0.00106,0.00628
CS2_33,5,400,0.82775,0.85113,0.02338,0.00618,0.00074,0.00623
CS2_33,5,401,0.82545,0.84806,0.02261,0.00618,0.00106,0.00628
CS2_33,5,402,0.82545,0.84432,0.01887,0.00618,0.0012,0.0063
CS2_33,5,403,0.82379,0.84497,0.02118,0.00618,0.00119,0.0063
CS2_33,5,404,0.82366,0.83741,0.01375,0.00618,0.00127,0.00631
CS2_33,5,406,0.82339,0.84323,0.01984,0.00618,0.00114,0.00629
CS2_33,5,407,0.8219,0.83949,0.0176,0.00618,0.00226,0.00658
CS2_33,5,409,0.81168,0.84059,0.02891,0.00618,0.00223,0.00657
CS2_33,5,410,0.8219,0.84665,0.02476,0.00618,0.0035,0.00711
CS2_33,5,411,0.82475,0.84705,0.0223,0.00618,0.00263,0.00672
CS2_33,5,412,0.82475,0.84671,0.02196,0.00618,0.00259,0.00671
CS2_33,5,413,0.82475,0.84611,0.02137,0.00618,0.0034,0.00706
CS2_33,5,414,0.82195,0.84704,0.02508,0.00618,0.00357,0.00714
CS2_33,5,416,0.82017,0.8458,0.02563,0.00618,0.00322,0.00697
CS2_33,5,417,0.81947,0.84457,0.0251,0.00618,0.00094,0.00626
CS2_33,5,418,0.81947,0.84387,0.0244,0.00618,0.00148,0.00636
CS2_33,5,419,0.81889,0.84299,0.0241,0.00618,0.0011,0.00628
CS2_33,5,420,0.81947,0.84267,0.0232,0.00618,0.00058,0.00621
CS2_33,5,421,0.81947,0.84213,0.02266,0.00618,0.00074,0.00623
CS2_33,5,423,0.81799,0.84124,0.02325,0.00618,0.00053,0.00621
CS2_33,5,424,0.81799,0.83029,0.0123,0.00618,0.00115,0.00629
CS2_33,5,425,0.81799,0.82589,0.0079,0.00618,0.00067,0.00622
CS2_33,5,426,0.81916,0.82352,0.00436,0.00618,0.00093,0.00625
CS2_33,5,427,0.81916,0.82128,0.00212,0.00618,0.00126,0.00631
CS2_33,5,428,0.81916,0.82694,0.00778,0.00618,0.00144,0.00635
CS2_33,5,429,0.81913,0.82915,0.01002,0.00618,0.00149,0.00636
CS2_33,5,430,0.81649,0.82053,0.00404,0.00618,0.00223,0.00657
CS2_33,5,431,0.80985,0.81768,0.00783,0.00618,0.00354,0.00713
CS2_33,5,432,0.80962,0.81658,0.00696,0.00618,0.0017,0.00641
CS2_33,5,433,0.8081,0.8134,0.00529,0.00618,0.00085,0.00624
CS2_33,5,434,0.80767,0.81918,0.0115,0.00618,0.00075,0.00623
CS2_33,5,435,0.80124,0.82147,0.02023,0.00618,0.00073,0.00623
CS2_33,5,436,0.79965,0.81289,0.01323,0.00618,0.00097,0.00626
CS2_33,5,437,0.79965,0.80994,0.01029,0.00618,0.00096,0.00626
CS2_33,5,438,0.79667,0.83018,0.03352,0.00618,0.00052,0.00621
CS2_33,5,439,0.79667,0.82514,0.02847,0.00618,0.00181,0.00644
CS2_33,5,440,0.80051,0.82508,0.02457,0.00618,0.0025,0.00667
CS2_33,5,441,0.80235,0.82971,0.02737,0.00618,0.00158,0.00638
CS2_33,5,442,0.80051,0.82559,0.02508,0.00618,0.00164,0.0064
CS2_33,5,443,0.80235,0.81766,0.01531,0.00618,0.00143,0.00635
CS2_33,5,444,0.80235,0.81603,0.01368,0.00618,0.00154,0.00637
CS2_33,5,445,0.80235,0.81364,0.01129,0.00618,0.00146,0.00635
CS2_33,5,446,0.80325,0.81352,0.01027,0.00618,0.00224,0.00658
CS2_33,5,447,0.80325,0.81818,0.01493,0.00618,0.0037,0.00721
CS2_33,5,448,0.80151,0.81519,0.01368,0.00618,0.00364,0.00718
CS2_33,5,450,0.79471,0.80665,0.01195,0.00618,0.0029,0.00683
CS2_33,5,451,0.79471,0.80432,0.00961,0.00618,0.002,0.0065
CS2_33,5,452,0.79471,0.80139,0.00669,0.00618,0.00239,0.00663
CS2_33,5,453,0.79471,0.80788,0.01317,0.00618,0.00157,0.00638
CS2_33,5,454,0.79471,0.80945,0.01474,0.00618,0.00105,0.00627
CS2_33,5,455,0.79304,0.80099,0.00795,0.00618,0.00085,0.00624
CS2_33,5,456,0.79129,0.80202,0.01073,0.00618,0.00248,0.00666
CS2_33,5,457,0.78988,0.80103,0.01114,0.00618,0.00304,0.00689
CS2_33,5,458,0.78797,0.7995,0.01153,0.00618,0.0024,0.00663
CS2_33,5,459,0.78764,0.804,0.01636,0.00618,0.00048,0.0062
CS2_33,5,460,0.78534,0.80462,0.01928,0.00618,0.00043,0.0062
CS2_33,5,461,0.78467,0.79865,0.01398,0.00618,0.00058,0.00621
CS2_33,5,462,0.78366,0.79786,0.01419,0.00618,0.00051,0.00621
CS2_33,5,463,0.7835,0.79713,0.01363,0.00618,0.00064,0.00622
CS2_33,5,464,0.7835,0.79498,0.01148,0.00618,0.00082,0.00624
CS2_33,5,465,0.7835,0.79903,0.01553,0.00618,0.00076,0.00623
CS2_33,5,466,0.7835,0.79998,0.01648,0.00618,0.00058,0.00621
CS2_33,5,467,0.78046,0.80013,0.01967,0.00618,0.00056,0.00621
CS2_33,5,468,0.78018,0.79996,0.01978,0.00618,0.00058,0.00621
CS2_33,5,469,0.78018,0.80001,0.01983,0.00618,0.00061,0.00621
CS2_33,5,470,0.78018,0.8003,0.02012,0.00618,0.0008,0.00624
CS2_33,5,471,0.78018,0.80067,0.02049,0.00618,0.00065,0.00622
CS2_33,5,472,0.78072,0.80047,0.01975,0.00618,0.00077,0.00623
CS2_33,5,473,0.7809,0.80003,0.01913,0.00618,0.00054,0.00621
CS2_33,5,474,0.7809,0.79957,0.01867,0.00618,0.00021,0.00619
CS2_33,5,475,0.7808,0.79877,0.01798,0.00618,0.0002,0.00619
CS2_33,5,476,0.7808,0.79704,0.01624,0.00618,0.00029,0.00619
CS2_33,5,477,0.7808,0.79648,0.01568,0.00618,0.00027,0.00619
CS2_33,5,478,0.78063,0.79555,0.01492,0.00618,0.00024,0.00619
CS2_33,5,488,0.77116,0.80379,0.03263,0.00618,0.00124,0.00631
CS2_33,5,489,0.77116,0.79811,0.02696,0.00618,0.00117,0.00629
CS2_33,5,490,0.77205,0.79869,0.02664,0.00618,0.00235,0.00662
CS2_33,5,491,0.77618,0.79687,0.02069,0.00618,0.00203,0.00651
CS2_34,5,1,0.977,0.99903,0.02203,0.00215,,
CS2_34,5,2,0.98071,0.99548,0.01477,0.00215,,
CS2_34,5,3,0.98313,0.99346,0.01033,0.00215,,
CS2_34,5,4,0.98162,0.99186,0.01024,0.00215,0.00127,0.0025
CS2_34,5,5,0.98011,0.99218,0.01207,0.00215,0.00117,0.00245
CS2_34,5,6,0.98011,0.99163,0.01152,0.00215,0.00146,0.0026
CS2_34,5,7,0.9736,0.99077,0.01717,0.00215,0.00172,0.00276
CS2_34,5,8,0.96799,0.98983,0.02184,0.00215,0.00123,0.00248
CS2_34,5,9,0.96491,0.98913,0.02423,0.00215,0.00106,0.0024
CS2_34,5,10,0.96172,0.98832,0.0266,0.00215,0.00071,0.00227
CS2_34,5,11,0.95919,0.98752,0.02834,0.00215,0.00086,0.00232
CS2_34,5,12,0.95722,0.86606,0.09116,0.00215,0.00092,0.00234
CS2_34,5,13,0.95476,0.98636,0.0316,0.00215,0.00117,0.00245
CS2_34,5,14,0.9531,0.98563,0.03253,0.00215,0.00055,0.00222
CS2_34,5,15,0.9507,0.98487,0.03417,0.00215,0.00046,0.0022
CS2_34,5,16,0.94902,0.98417,0.03515,0.00215,0.00051,0.00221
CS2_34,5,17,0.9507,0.98113,0.03043,0.00215,0.00115,0.00244
CS2_34,5,18,0.9507,0.97947,0.02877,0.00215,0.00211,0.00301
CS2_34,5,19,0.95626,0.97831,0.02205,0.00215,0.00182,0.00282
CS2_34,5,20,0.95797,0.97813,0.02016,0.00215,0.00166,0.00272
CS2_34,5,21,0.95797,0.97897,0.021,0.00215,0.00184,0.00284
CS2_34,5,22,0.95797,0.97712,0.01916,0.00215,0.00224,0.00311
CS2_34,5,23,0.95595,0.97504,0.01909,0.00215,0.0022,0.00308
CS2_34,5,24,0.95456,0.97402,0.01946,0.00215,0.00223,0.0031
CS2_34,5,25,0.95456,0.97351,0.01895,0.00215,0.00165,0.00272
CS2_34,5,26,0.95456,0.97508,0.02052,0.00215,0.00191,0.00288
CS2_34,5,27,0.95456,0.97348,0.01892,0.00215,0.00299,0.00369
CS2_34,5,28,0.95104,0.97119,0.02015,0.00215,0.00265,0.00341
CS2_34,5,29,0.94913,0.97057,0.02143,0.00215,0.00193,0.00289
CS2_34,5,30,0.94913,0.96972,0.02058,0.00215,0.0015,0.00262
CS2_34,5,31,0.94913,0.97141,0.02228,0.00215,0.0012,0.00247
CS2_34,5,32,0.94913,0.97077,0.02164,0.00215,0.00208,0.003
CS2_34,5,33,0.94701,0.96847,0.02146,0.00215,0.00158,0.00267
CS2_34,5,34,0.94546,0.96772,0.02226,0.00215,0.00144,0.00259
CS2_34,5,35,0.94384,0.96692,0.02308,0.00215,0.00197,0.00292
CS2_34,5,36,0.94384,0.84159,0.10225,0.00215,0.00177,0.00279
CS2_34,5,37,0.94384,0.96895,0.02511,0.00215,0.00258,0.00336
CS2_34,5,38,0.94288,0.96596,0.02307,0.00215,0.00144,0.00259
CS2_34,5,39,0.94288,0.96502,0.02214,0.00215,0.00109,0.00242
CS2_34,5,40,0.94288,0.96431,0.02142,0.00215,0.00115,0.00244
CS2_34,5,41,0.94305,0.96512,0.02207,0.00215,0.00264,0.00341
CS2_34,5,42,0.94305,0.96587,0.02282,0.00215,0.00122,0.00248
CS2_34,5,43,0.94305,0.96588,0.02283,0.00215,0.00224,0.0031
CS2_34,5,44,0.93417,0.96571,0.03154,0.00215,0.00231,0.00316
CS2_34,5,45,0.93157,0.96579,0.03423,0.00215,0.00336,0.00399
CS2_34,5,46,0.92957,0.96553,0.03596,0.00215,0.00054,0.00222
CS2_34,5,47,0.92784,0.96529,0.03745,0.00215,0.00077,0.00229
CS2_34,5,48,0.92519,0.96514,0.03994,0.00215,0.00082,0.00231
CS2_34,5,49,0.92519,0.97535,0.05016,0.00215,0.00114,0.00244
CS2_34,5,50,0.92519,0.97465,0.04946,0.00215,0.00316,0.00383
CS2_34,5,51,0.93716,0.97393,0.03678,0.00215,0.00368,0.00426
CS2_34,5,52,0.94277,0.97082,0.02805,0.00215,0.00281,0.00354
CS2_34,5,53,0.94393,0.9692,0.02527,0.00215,0.00226,0.00312
CS2_34,5,54,0.94291,0.968,0.02509,0.00215,0.00204,0.00297
CS2_34,5,55,0.94393,0.96619,0.02226,0.00215,0.00173,0.00276
CS2_34,5,56,0.94393,0.96572,0.02179,0.00215,0.00245,0.00327
CS2_34,5,57,0.94392,0.96328,0.01936,0.00215,0.00182,0.00282
CS2_34,5,58,0.94387,0.96248,0.01861,0.00215,0.00049,0.00221
CS2_34,5,59,0.94387,0.96146,0.01759,0.00215,0.0005,0.00221
CS2_34,5,60,0.94387,0.96034,0.01647,0.00215,0.00134,0.00254
CS2_34,5,61,0.94387,0.96022,0.01635,0.00215,0.00057,0.00223
CS2_34,5,62,0.94146,0.95904,0.01757,0.00215,0.00057,0.00223
CS2_34,5,63,0.94115,0.95779,0.01664,0.00215,0.00066,0.00225
CS2_34,5,64,0.94006,0.95736,0.0173,0.00215,0.00047,0.00221
CS2_34,5,65,0.93936,0.95643,0.01707,0.00215,0.0005,0.00221
CS2_34,5,66,0.93924,0.95675,0.01751,0.00215,0.00039,0.00219
CS2_34,5,67,0.93829,0.95608,0.01779,0.00215,0.00034,0.00218
CS2_34,5,68,0.9361,0.95557,0.01947,0.00215,0.00049,0.00221
CS2_34,5,69,0.93533,0.95518,0.01986,0.00215,0.00064,0.00225
CS2_34,5,70,0.93531,0.95469,0.01938,0.00215,0.00027,0.00217
CS2_34,5,71,0.93391,0.95411,0.0202,0.00215,0.0003,0.00218
CS2_34,5,72,0.93245,0.95344,0.02099,0.00215,0.00029,0.00217
CS2_34,5,73,0.93203,0.953,0.02097,0.00215,0.00027,0.00217
CS2_34,5,74,0.93199,0.95254,0.02055,0.00215,0.00029,0.00217
CS2_34,5,75,0.93184,0.9523,0.02046,0.00215,0.00027,0.00217
CS2_34,5,76,0.93044,0.95155,0.0211,0.00215,0.00032,0.00218
CS2_34,5,77,0.92999,0.95111,0.02113,0.00215,0.00034,0.00218
CS2_34,5,78,0.92894,0.94864,0.01969,0.00215,0.00025,0.00217
CS2_34,5,79,0.92857,0.94767,0.0191,0.00215,0.00015,0.00216
CS2_34,5,80,0.92857,0.94697,0.0184,0.00215,0.00047,0.00221
CS2_34,5,81,0.92857,0.95523,0.02666,0.00215,0.0008,0.0023
CS2_34,5,82,0.92994,0.95424,0.02431,0.00215,0.00063,0.00225
CS2_34,5,83,0.92994,0.95517,0.02523,0.00215,0.00055,0.00222
CS2_34,5,84,0.92994,0.95379,0.02385,0.00215,0.00083,0.00231
CS2_34,5,85,0.92773,0.9549,0.02717,0.00215,0.00118,0.00246
CS2_34,5,86,0.92375,0.95644,0.03269,0.00215,0.00121,0.00247
CS2_34,5,87,0.92226,0.95648,0.03422,0.00215,0.00123,0.00248
CS2_34,5,88,0.92226,0.95278,0.03052,0.00215,0.00155,0.00266
CS2_34,5,89,0.92375,0.95332,0.02957,0.00215,0.002,0.00294
CS2_34,5,90,0.92384,0.95242,0.02859,0.00215,0.00193,0.00289
CS2_34,5,91,0.92702,0.95274,0.02573,0.00215,0.0018,0.00281
CS2_34,5,92,0.92702,0.95377,0.02675,0.00215,0.00247,0.00328
CS2_34,5,93,0.92384,0.95063,0.02679,0.00215,0.00212,0.00302
CS2_34,5,94,0.92384,0.94978,0.02595,0.00215,0.00157,0.00267
CS2_34,5,95,0.92175,0.94909,0.02733,0.00215,0.00143,0.00259
CS2_34,5,96,0.92175,0.94822,0.02647,0.00215,0.00216,0.00305
CS2_34,5,97,0.92175,0.95022,0.02847,0.00215,0.00129,0.00251
CS2_34,5,98,0.92163,0.9485,0.02687,0.00215,0.00205,0.00297
CS2_34,5,99,0.92116,0.94642,0.02526,0.00215,0.00245,0.00326
CS2_34,5,100,0.91954,0.94639,0.02685,0.00215,0.0022,0.00308
CS2_34,5,101,0.91954,0.9454,0.02586,0.00215,0.00128,0.0025
CS2_34,5,102,0.91954,0.94747,0.02792,0.00215,0.0014,0.00257
CS2_34,5,103,0.91954,0.94767,0.02812,0.00215,0.00162,0.00269
CS2_34,5,104,0.91442,0.94769,0.03327,0.00215,0.00197,0.00292
CS2_34,5,105,0.9109,0.94746,0.03655,0.00215,0.00205,0.00297
CS2_34,5,106,0.90933,0.94729,0.03796,0.00215,0.00111,0.00242
CS2_34,5,107,0.9082,0.94719,0.03899,0.00215,0.00104,0.00239
CS2_34,5,108,0.90684,0.94685,0.04001,0.00215,0.00028,0.00217
CS2_34,5,109,0.90466,0.82707,0.0776,0.00215,0.00137,0.00255
CS2_34,5,110,0.90383,0.94677,0.04294,0.00215,0.00122,0.00248
CS2_34,5,111,0.90347,0.94637,0.0429,0.00215,0.00047,0.0022
CS2_34,5,112,0.90234,0.94622,0.04388,0.00215,0.00029,0.00217
CS2_34,5,113,0.90115,0.9463,0.04515,0.00215,0.00053,0.00222
CS2_34,5,114,0.90115,0.94493,0.04378,0.00215,0.00084,0.00231
CS2_34,5,115,0.90115,0.94215,0.041,0.00215,0.00119,0.00246
CS2_34,5,116,0.90115,0.94152,0.04037,0.00215,0.00196,0.00292
CS2_34,5,117,0.90767,0.94067,0.033,0.00215,0.00221,0.00309
CS2_34,5,118,0.90767,0.9423,0.03463,0.00215,0.00201,0.00295
CS2_34,5,119,0.90767,0.94279,0.03512,0.00215,0.00162,0.0027
CS2_34,5,120,0.90767,0.93923,0.03156,0.00215,0.00143,0.00258
CS2_34,5,121,0.90767,0.9392,0.03153,0.00215,0.0014,0.00257
CS2_34,5,122,0.90916,0.93857,0.02941,0.00215,0.00148,0.00262
CS2_34,5,123,0.90938,0.93848,0.0291,0.00215,0.00278,0.00352
CS2_34,5,124,0.90938,0.94007,0.03069,0.00215,0.00115,0.00244
CS2_34,5,125,0.90916,0.93758,0.02842,0.00215,0.0013,0.00252
CS2_34,5,126,0.90804,0.9367,0.02866,0.00215,0.0015,0.00262
CS2_34,5,127,0.90509,0.93686,0.03177,0.00215,0.0015,0.00263
CS2_34,5,128,0.90491,0.93599,0.03108,0.00215,0.0012,0.00246
CS2_34,5,129,0.90491,0.93791,0.033,0.00215,0.00126,0.0025
CS2_34,5,130,0.90491,0.93717,0.03227,0.00215,0.00239,0.00322
CS2_34,5,131,0.90421,0.93487,0.03066,0.00215,0.00222,0.00309
CS2_34,5,132,0.89948,0.80631,0.09317,0.00215,0.00347,0.00409
CS2_34,5,133,0.89948,0.93518,0.0357,0.00215,0.0026,0.00337
CS2_34,5,134,0.90371,0.93578,0.03207,0.00215,0.00212,0.00302
CS2_34,5,135,0.90421,0.94816,0.04394,0.00215,0.00157,0.00267
CS2_34,5,136,0.90371,0.94714,0.04343,0.00215,0.00165,0.00271
CS2_34,5,137,0.90371,0.94597,0.04226,0.00215,0.00205,0.00297
CS2_34,5,138,0.90353,0.94512,0.04159,0.00215,0.00261,0.00338
CS2_34,5,139,0.90194,0.94422,0.04229,0.00215,0.00387,0.00443
CS2_34,5,140,0.90006,0.94363,0.04358,0.00215,0.00198,0.00293
CS2_34,5,141,0.89794,0.94308,0.04515,0.00215,0.00222,0.0031
CS2_34,5,142,0.89668,0.82567,0.07101,0.00215,0.00124,0.00248
CS2_34,5,143,0.8953,0.94235,0.04705,0.00215,0.00105,0.0024
CS2_34,5,144,0.89389,0.94176,0.04788,0.00215,0.00081,0.0023
CS2_34,5,145,0.89206,0.9414,0.04934,0.00215,0.00025,0.00217
CS2_34,5,146,0.89149,0.94117,0.04968,0.00215,0.00039,0.00219
CS2_34,5,147,0.89149,0.9404,0.04891,0.00215,0.00017,0.00216
CS2_34,5,148,0.89069,0.94006,0.04938,0.00215,0.00037,0.00219
CS2_34,5,149,0.89012,0.93804,0.04792,0.00215,0.00044,0.0022
CS2_34,5,150,0.89012,0.9364,0.04627,0.00215,0.00192,0.00288
CS2_34,5,151,0.89012,0.93538,0.04525,0.00215,0.00198,0.00293
CS2_34,5,152,0.89705,0.93431,0.03726,0.00215,0.00185,0.00284
CS2_34,5,153,0.89705,0.93641,0.03936,0.00215,0.00151,0.00263
CS2_34,5,154,0.89705,0.93636,0.03931,0.00215,0.00156,0.00266
CS2_34,5,155,0.89705,0.93291,0.03586,0.00215,0.00139,0.00256
CS2_34,5,156,0.89716,0.93228,0.03512,0.00215,0.00155,0.00265
CS2_34,5,157,0.8962,0.93133,0.03513,0.00215,0.00176,0.00278
CS2_34,5,158,0.89716,0.93183,0.03467,0.00215,0.00118,0.00246
CS2_34,5,159,0.89716,0.9332,0.03604,0.00215,0.00152,0.00264
CS2_34,5,160,0.8962,0.92977,0.03357,0.00215,0.00152,0.00264
CS2_34,5,161,0.8962,0.9292,0.033,0.00215,0.00151,0.00263
CS2_34,5,162,0.89783,0.92814,0.03031,0.00215,0.0013,0.00252
CS2_34,5,163,0.89783,0.92778,0.02996,0.00215,0.00138,0.00256
CS2_34,5,164,0.89783,0.9302,0.03237,0.00215,0.00118,0.00246
CS2_34,5,165,0.89783,0.92882,0.031,0.00215,0.00187,0.00285
CS2_34,5,166,0.89639,0.92649,0.03011,0.00215,0.00188,0.00286
CS2_34,5,167,0.89352,0.9268,0.03329,0.00215,0.00141,0.00258
CS2_34,5,168,0.89352,0.92609,0.03258,0.00215,0.00157,0.00267
CS2_34,5,169,0.89352,0.92814,0.03462,0.00215,0.00108,0.00241
CS2_34,5,170,0.89352,0.92868,0.03516,0.00215,0.00147,0.00261
CS2_34,5,171,0.89352,0.92458,0.03106,0.00215,0.00156,0.00266
CS2_34,5,172,0.8912,0.92406,0.03286,0.00215,0.00138,0.00256
CS2_34,5,173,0.8912,0.92414,0.03294,0.00215,0.00131,0.00252
CS2_34,5,174,0.89346,0.9263,0.03284,0.00215,0.00321,0.00387
CS2_34,5,175,0.89445,0.92969,0.03524,0.00215,0.006,0.00638
CS2_34,5,176,0.92101,0.9307,0.00969,0.00215,0.00581,0.0062
CS2_34,5,177,0.93459,0.93072,0.00387,0.00215,0.00387,0.00443
CS2_34,5,178,0.9436,0.93073,0.01287,0.00215,0.0033,0.00394
CS2_34,5,179,0.9436,0.93078,0.01282,0.00215,0.00474,0.00521
CS2_34,5,180,0.9436,0.93042,0.01318,0.00215,0.00679,0.00713
CS2_34,5,181,0.93403,0.93018,0.00385,0.00215,0.00844,0.00871
CS2_34,5,182,0.93042,0.92971,0.00071,0.00215,0.00586,0.00624
CS2_34,5,183,0.92757,0.92969,0.00213,0.00215,0.00181,0.00281
CS2_34,5,184,0.92597,0.9292,0.00323,0.00215,0.00084,0.00231
CS2_34,5,185,0.92318,0.92939,0.00622,0.00215,0.00095,0.00236
CS2_34,5,186,0.92311,0.92901,0.00591,0.00215,0.0017,0.00274
CS2_34,5,187,0.92184,0.9237,0.00186,0.00215,0.00099,0.00237
CS2_34,5,188,0.92184,0.92265,0.00081,0.00215,0.00039,0.00219
CS2_34,5,189,0.92041,0.92166,0.00125,0.00215,0.00043,0.0022
CS2_34,5,190,0.92041,0.92158,0.00116,0.00215,0.00128,0.0025
CS2_34,5,191,0.91995,0.92483,0.00489,0.00215,0.00101,0.00238
CS2_34,5,192,0.91995,0.9227,0.00275,0.00215,0.00093,0.00235
CS2_34,5,193,0.91948,0.91919,0.00029,0.00215,0.00103,0.00239
CS2_34,5,194,0.91995,0.91945,0.0005,0.00215,0.00109,0.00241
CS2_34,5,195,0.91948,0.91787,0.00161,0.00215,0.00188,0.00286
CS2_34,5,196,0.91948,0.92134,0.00186,0.00215,0.00177,0.00279
CS2_34,5,197,0.91948,0.92071,0.00123,0.00215,0.00253,0.00332
CS2_34,5,198,0.91904,0.91602,0.00302,0.00215,0.00242,0.00324
CS2_34,5,199,0.91677,0.91568,0.00109,0.00215,0.00202,0.00295
CS2_34,5,200,0.91677,0.91481,0.00195,0.00215,0.00182,0.00282
CS2_34,5,201,0.91677,0.91797,0.0012,0.00215,0.0021,0.00301
CS2_34,5,202,0.91677,0.91907,0.0023,0.00215,0.00144,0.00259
CS2_34,5,203,0.91584,0.9143,0.00154,0.00215,0.00188,0.00286
CS2_34,5,204,0.91219,0.91408,0.00189,0.00215,0.00159,0.00268
CS2_34,5,205,0.91238,0.91357,0.00118,0.00215,0.00127,0.0025
CS2_34,5,206,0.91238,0.91474,0.00236,0.00215,0.00194,0.0029
CS2_34,5,207,0.91238,0.91707,0.00469,0.00215,0.00182,0.00282
CS2_34,5,208,0.91238,0.91279,0.0004,0.00215,0.00124,0.00249
CS2_34,5,209,0.91256,0.9119,0.00066,0.00215,0.00111,0.00243
CS2_34,5,210,0.91256,0.91131,0.00125,0.00215,0.00124,0.00248
CS2_34,5,211,0.91256,0.91078,0.00177,0.00215,0.00104,0.00239
CS2_34,5,212,0.91256,0.91452,0.00196,0.00215,0.00099,0.00237
CS2_34,5,213,0.91336,0.91517,0.0018,0.00215,0.00084,0.00231
CS2_34,5,214,0.91336,0.91549,0.00212,0.00215,0.00113,0.00243
CS2_34,5,215,0.91336,0.91572,0.00236,0.00215,0.00101,0.00238
CS2_34,5,216,0.91196,0.91603,0.00407,0.00215,0.00083,0.00231
CS2_34,5,217,0.91182,0.91596,0.00414,0.00215,0.00069,0.00226
CS2_34,5,218,0.91119,0.91592,0.00473,0.00215,0.00038,0.00219
CS2_34,5,219,0.91103,0.91589,0.00486,0.00215,0.00026,0.00217
CS2_34,5,220,0.91079,0.91574,0.00495,0.00215,0.00028,0.00217
CS2_34,5,221,0.91074,0.91589,0.00515,0.00215,0.00029,0.00217
CS2_34,5,222,0.91059,0.91586,0.00527,0.00215,0.0001,0.00216
CS2_34,5,223,0.91059,0.91578,0.00519,0.00215,4e-05,0.00215
CS2_34,5,224,0.91059,0.91771,0.00712,0.00215,0.00035,0.00218
CS2_34,5,225,0.91059,0.91729,0.0067,0.00215,0.0017,0.00274
CS2_34,5,226,0.91593,0.92025,0.00432,0.00215,0.00156,0.00266
CS2_34,5,227,0.91593,0.91746,0.00153,0.00215,0.0012,0.00247
CS2_34,5,228,0.91593,0.91349,0.00245,0.00215,0.0015,0.00262
CS2_34,5,229,0.91476,0.91233,0.00243,0.00215,0.00132,0.00253
CS2_34,5,230,0.91298,0.91183,0.00115,0.00215,0.00131,0.00252
CS2_34,5,231,0.91298,0.91502,0.00205,0.00215,0.00185,0.00284
CS2_34,5,232,0.91298,0.91424,0.00126,0.00215,0.00203,0.00296
CS2_34,5,233,0.91042,0.90924,0.00118,0.00215,0.00253,0.00332
CS2_34,5,234,0.90979,0.90886,0.00093,0.00215,0.00227,0.00313
CS2_34,5,235,0.90955,0.90833,0.00122,0.00215,0.00139,0.00257
CS2_34,5,236,0.90955,0.91111,0.00156,0.00215,0.00121,0.00247
CS2_34,5,237,0.91042,0.91218,0.00176,0.00215,0.00118,0.00246
CS2_34,5,238,0.90955,0.90731,0.00224,0.00215,0.00163,0.0027
CS2_34,5,239,0.90955,0.90654,0.00301,0.00215,0.00157,0.00267
CS2_34,5,240,0.90773,0.90604,0.00169,0.00215,0.00142,0.00258
CS2_34,5,241,0.90773,0.90616,0.00157,0.00215,0.00233,0.00317
CS2_34,5,242,0.90773,0.90927,0.00154,0.00215,0.00159,0.00268
CS2_34,5,243,0.90773,0.90589,0.00185,0.00215,0.00133,0.00253
CS2_34,5,244,0.90756,0.90384,0.00372,0.00215,0.00136,0.00255
CS2_34,5,245,0.90631,0.90386,0.00245,0.00215,0.001,0.00238
CS2_34,5,246,0.90545,0.90252,0.00293,0.00215,0.00083,0.00231
CS2_34,5,247,0.90545,0.90656,0.00111,0.00215,0.00092,0.00234
CS2_34,5,248,0.90545,0.90688,0.00143,0.00215,0.00098,0.00237
CS2_34,5,249,0.90522,0.90709,0.00187,0.00215,0.00119,0.00246
CS2_34,5,250,0.90545,0.9074,0.00195,0.00215,0.00123,0.00248
CS2_34,5,251,0.90522,0.90802,0.0028,0.00215,0.00043,0.0022
CS2_34,5,252,0.9051,0.90832,0.00322,0.00215,0.00043,0.0022
CS2_34,5,253,0.90439,0.90842,0.00403,0.00215,0.00019,0.00216
CS2_34,5,254,0.90383,0.90839,0.00457,0.00215,0.00019,0.00216
CS2_34,5,255,0.90367,0.90845,0.00478,0.00215,0.00018,0.00216
CS2_34,5,256,0.90367,0.90851,0.00484,0.00215,0.00022,0.00217
CS2_34,5,257,0.90349,0.90869,0.00521,0.00215,0.00017,0.00216
CS2_34,5,258,0.90334,0.90856,0.00522,0.00215,0.00018,0.00216
CS2_34,5,259,0.90319,0.90491,0.00173,0.00215,0.00062,0.00224
CS2_34,5,260,0.90283,0.90097,0.00186,0.00215,0.00054,0.00222
CS2_34,5,261,0.90144,0.90032,0.00112,0.00215,0.00053,0.00222
CS2_34,5,262,0.90034,0.89899,0.00135,0.00215,0.00042,0.0022
CS2_34,5,263,0.90034,0.90351,0.00317,0.00215,0.00049,0.00221
CS2_34,5,264,0.90034,0.90351,0.00317,0.00215,0.00045,0.0022
CS2_34,5,265,0.89954,0.89821,0.00133,0.00215,0.0005,0.00221
CS2_34,5,267,0.89733,0.89869,0.00136,0.00215,0.00241,0.00323
CS2_34,5,268,0.89733,0.89906,0.00173,0.00215,0.0007,0.00227
CS2_34,5,269,0.89938,0.9027,0.00332,0.00215,0.00093,0.00235
CS2_34,5,270,0.89722,0.90069,0.00348,0.00215,0.0014,0.00257
CS2_34,5,271,0.89764,0.89753,0.00012,0.00215,0.00097,0.00236
CS2_34,5,272,0.89764,0.89724,0.00041,0.00215,0.00137,0.00256
CS2_34,5,273,0.89498,0.89644,0.00146,0.00215,0.00213,0.00303
CS2_34,5,274,0.89498,0.90801,0.01303,0.00215,0.00292,0.00363
CS2_34,5,275,0.89603,0.90848,0.01245,0.00215,0.00249,0.0033
CS2_34,5,276,0.89603,0.90435,0.00832,0.00215,0.00139,0.00256
CS2_34,5,277,0.90207,0.90295,0.00088,0.00215,0.00242,0.00324
CS2_34,5,278,0.90429,0.90266,0.00163,0.00215,0.00158,0.00267
CS2_34,5,279,0.90429,0.90172,0.00256,0.00215,0.00154,0.00265
CS2_34,5,280,0.90726,0.90202,0.00523,0.00215,0.00159,0.00268
CS2_34,5,281,0.90726,0.90419,0.00307,0.00215,0.00164,0.00271
CS2_34,5,282,0.90547,0.90429,0.00118,0.00215,0.0019,0.00287
CS2_34,5,283,0.90415,0.90417,2e-05,0.00215,0.00156,0.00266
CS2_34,5,284,0.9048,0.90402,0.00079,0.00215,0.0012,0.00246
CS2_34,5,285,0.90415,0.90611,0.00195,0.00215,0.00106,0.0024
CS2_34,5,286,0.90268,0.90291,0.00023,0.00215,0.00164,0.00271
CS2_34,5,287,0.89861,0.90377,0.00516,0.00215,0.00138,0.00256
CS2_34,5,288,0.89544,0.90122,0.00578,0.00215,0.00084,0.00231
CS2_34,5,289,0.89544,0.8997,0.00427,0.00215,0.00122,0.00248
CS2_34,5,290,0.89733,0.90031,0.00298,0.00215,0.00116,0.00245
CS2_34,5,291,0.89544,0.90036,0.00493,0.00215,0.00098,0.00237
CS2_34,5,292,0.89733,0.90225,0.00492,0.00215,0.00124,0.00248
CS2_34,5,293,0.89733,0.90195,0.00462,0.00215,0.00114,0.00244
CS2_34,5,294,0.89653,0.89788,0.00135,0.00215,0.00115,0.00244
CS2_34,5,295,0.89422,0.89793,0.00371,0.00215,0.0009,0.00234
CS2_34,5,296,0.89422,0.89769,0.00346,0.00215,0.0007,0.00227
CS2_34,5,297,0.89422,0.89882,0.0046,0.00215,0.00096,0.00236
CS2_34,5,298,0.89422,0.89941,0.00519,0.00215,0.00094,0.00235
CS2_34,5,299,0.89422,0.89564,0.00142,0.00215,0.00088,0.00233
CS2_34,5,300,0.89401,0.89422,0.00021,0.00215,0.00076,0.00228
CS2_34,5,301,0.89371,0.89436,0.00065,0.00215,0.00073,0.00228
CS2_34,5,302,0.8926,0.89329,0.00069,0.00215,0.00056,0.00223
CS2_34,5,303,0.8926,0.89629,0.00369,0.00215,0.00045,0.0022
CS2_34,5,304,0.8926,0.89462,0.00202,0.00215,0.00133,0.00253
CS2_34,5,305,0.89157,0.89201,0.00044,0.00215,0.00113,0.00243
CS2_34,5,306,0.89085,0.89215,0.0013,0.00215,0.00097,0.00236
CS2_34,5,307,0.88969,0.89258,0.00289,0.00215,0.00036,0.00218
CS2_34,5,308,0.88969,0.89415,0.00446,0.00215,0.00043,0.0022
CS2_34,5,309,0.89085,0.895,0.00416,0.00215,0.00068,0.00226
CS2_34,5,310,0.88992,0.89516,0.00523,0.00215,0.0006,0.00224
CS2_34,5,311,0.88992,0.895,0.00508,0.00215,0.00057,0.00223
CS2_34,5,312,0.88992,0.89556,0.00563,0.00215,0.0006,0.00224
CS2_34,5,313,0.88925,0.89584,0.00659,0.00215,0.00091,0.00234
CS2_34,5,314,0.88869,0.89576,0.00707,0.00215,0.0002,0.00216
CS2_34,5,315,0.88867,0.89572,0.00705,0.00215,0.0002,0.00216
CS2_34,5,316,0.88846,0.89537,0.00691,0.00215,0.00016,0.00216
CS2_34,5,317,0.88825,0.89521,0.00696,0.00215,0.00018,0.00216
CS2_34,5,318,0.88825,0.89524,0.00699,0.00215,0.00022,0.00217
CS2_34,5,319,0.88815,0.89502,0.00688,0.00215,0.00015,0.00216
CS2_34,5,320,0.88815,0.89481,0.00666,0.00215,0.00013,0.00216
CS2_34,5,321,0.88792,0.88905,0.00114,0.00215,0.00018,0.00216
CS2_34,5,322,0.88769,0.88791,0.00022,0.00215,0.00034,0.00218
CS2_34,5,323,0.88599,0.88778,0.00179,0.00215,0.0003,0.00217
CS2_34,5,324,0.88584,0.8865,0.00065,0.00215,0.00025,0.00217
CS2_34,5,325,0.88584,0.88972,0.00388,0.00215,0.00032,0.00218
CS2_34,5,326,0.88583,0.88823,0.0024,0.00215,0.00042,0.00219
CS2_34,5,327,0.88534,0.88503,0.00031,0.00215,0.00039,0.00219
CS2_34,5,328,0.88425,0.88612,0.00187,0.00215,0.00042,0.00219
CS2_34,5,329,0.88315,0.88531,0.00216,0.00215,0.00065,0.00225
CS2_34,5,330,0.88315,0.88723,0.00408,0.00215,0.00029,0.00217
CS2_34,5,331,0.88315,0.88818,0.00503,0.00215,0.00019,0.00216
CS2_34,5,332,0.88218,0.884,0.00183,0.00215,0.00065,0.00225
CS2_34,5,333,0.88162,0.88413,0.00251,0.00215,0.00075,0.00228
CS2_34,5,334,0.88162,0.88422,0.00259,0.00215,0.00114,0.00244
CS2_34,5,335,0.88162,0.89765,0.01603,0.00215,0.00182,0.00282
CS2_34,5,336,0.88162,0.89579,0.01417,0.00215,0.00177,0.00279
CS2_34,5,337,0.89093,0.89771,0.00678,0.00215,0.00166,0.00272
CS2_34,5,338,0.89124,0.89751,0.00628,0.00215,0.00142,0.00258
CS2_34,5,339,0.89124,0.89129,6e-05,0.00215,0.00208,0.003
CS2_34,5,340,0.89093,0.89053,0.0004,0.00215,0.00179,0.0028
CS2_34,5,341,0.8904,0.88999,0.00041,0.00215,0.00188,0.00286
CS2_34,5,342,0.8904,0.88994,0.00046,0.00215,0.0017,0.00274
CS2_34,5,343,0.88838,0.89154,0.00315,0.00215,0.0019,0.00287
CS2_34,5,344,0.88813,0.89141,0.00328,0.00215,0.0007,0.00226
CS2_34,5,345,0.88794,0.89107,0.00313,0.00215,0.00055,0.00222
CS2_34,5,346,0.88716,0.89097,0.00381,0.00215,0.00015,0.00216
CS2_34,5,347,0.88666,0.891,0.00434,0.00215,0.00021,0.00216
CS2_34,5,348,0.88565,0.89036,0.00471,0.00215,0.00015,0.00216
CS2_34,5,349,0.88492,0.88997,0.00506,0.00215,0.00018,0.00216
CS2_34,5,350,0.88413,0.88943,0.0053,0.00215,0.00025,0.00217
CS2_34,5,351,0.88383,0.88901,0.00518,0.00215,0.00071,0.00227
CS2_34,5,352,0.88354,0.88874,0.0052,0.00215,0.00013,0.00216
CS2_34,5,353,0.88219,0.88835,0.00616,0.00215,0.00015,0.00216
CS2_34,5,354,0.88211,0.88804,0.00592,0.00215,0.00017,0.00216
CS2_34,5,356,0.88121,0.88078,0.00043,0.00215,0.00208,0.00299
CS2_34,5,357,0.88102,0.88094,7e-05,0.00215,0.00142,0.00258
CS2_34,5,358,0.87949,0.87993,0.00044,0.00215,0.00094,0.00235
CS2_34,5,359,0.87949,0.88205,0.00256,0.00215,0.00031,0.00218
CS2_34,5,360,0.87949,0.88316,0.00367,0.00215,0.0004,0.00219
CS2_34,5,361,0.87792,0.87794,2e-05,0.00215,0.00104,0.00239
CS2_34,5,362,0.8776,0.87693,0.00068,0.00215,0.00228,0.00314
CS2_34,5,363,0.87612,0.87631,0.00019,0.00215,0.00239,0.00322
CS2_34,5,364,0.87518,0.87503,0.00014,0.00215,0.00279,0.00353
CS2_34,5,365,0.87518,0.87938,0.00421,0.00215,0.00048,0.00221
CS2_34,5,366,0.87518,0.87829,0.00312,0.00215,0.00072,0.00227
CS2_34,5,367,0.87383,0.87433,0.00049,0.00215,0.00065,0.00225
CS2_34,5,368,0.87252,0.87435,0.00183,0.00215,0.00063,0.00224
CS2_34,5,369,0.87219,0.87329,0.0011,0.00215,0.00037,0.00219
CS2_34,5,370,0.87219,0.8754,0.00322,0.00215,0.00065,0.00225
CS2_34,5,371,0.87229,0.87728,0.00499,0.00215,0.00055,0.00222
CS2_34,5,372,0.87219,0.87217,2e-05,0.00215,0.00093,0.00235
CS2_34,5,373,0.87229,0.87101,0.00129,0.00215,0.00103,0.00239
CS2_34,5,374,0.87229,0.86998,0.00231,0.00215,0.00131,0.00252
CS2_34,5,375,0.86882,0.86365,0.00517,0.00215,0.00112,0.00243
CS2_34,5,376,0.86882,0.87077,0.00195,0.00215,0.00125,0.00249
CS2_34,5,377,0.87054,0.87165,0.0011,0.00215,0.00111,0.00242
CS2_34,5,378,0.86882,0.86145,0.00737,0.00215,0.0014,0.00257
CS2_34,5,379,0.86882,0.8599,0.00892,0.00215,0.00116,0.00245
CS2_34,5,380,0.86707,0.85864,0.00843,0.00215,0.00111,0.00242
CS2_34,5,381,0.86707,0.86115,0.00592,0.00215,0.00193,0.00289
CS2_34,5,382,0.86707,0.86589,0.00118,0.00215,0.00133,0.00253
CS2_34,5,383,0.86724,0.86693,0.0003,0.00215,0.00086,0.00232
CS2_34,5,384,0.86724,0.86746,0.00022,0.00215,0.00072,0.00227
CS2_34,5,385,0.86741,0.88245,0.01505,0.00215,0.00112,0.00243
CS2_34,5,386,0.86741,0.8826,0.0152,0.00215,0.00205,0.00298
CS2_34,5,387,0.87042,0.88664,0.01622,0.00215,0.00261,0.00338
CS2_34,5,388,0.87273,0.88017,0.00744,0.00215,0.00197,0.00292
CS2_34,5,389,0.87925,0.87436,0.00489,0.00215,0.00147,0.00261
CS2_34,5,390,0.87925,0.87214,0.0071,0.00215,0.00196,0.00291
CS2_34,5,391,0.87598,0.86877,0.00721,0.00215,0.00106,0.0024
CS2_34,5,392,0.87598,0.87455,0.00143,0.00215,0.0017,0.00275
CS2_34,5,393,0.8762,0.87548,0.00072,0.00215,0.00198,0.00292
CS2_34,5,394,0.87598,0.86525,0.01073,0.00215,0.00209,0.003
CS2_34,5,395,0.87249,0.86298,0.00951,0.00215,0.00129,0.00251
CS2_34,5,396,0.86961,0.86107,0.00854,0.00215,0.00178,0.0028
CS2_34,5,397,0.86958,0.85783,0.01175,0.00215,0.0031,0.00377
CS2_34,5,398,0.86958,0.8587,0.01088,0.00215,0.00237,0.00321
CS2_34,5,399,0.86129,0.86436,0.00307,0.00215,0.00212,0.00302
CS2_34,5,400,0.85328,0.86084,0.00757,0.00215,0.00317,0.00383
CS2_34,5,401,0.86129,0.85509,0.0062,0.00215,0.00276,0.0035
CS2_34,5,402,0.86129,0.85364,0.00765,0.00215,0.00233,0.00317
CS2_34,5,403,0.85703,0.85179,0.00524,0.00215,0.00228,0.00314
CS2_34,5,404,0.85703,0.85631,0.00072,0.00215,0.00311,0.00378
CS2_34,5,405,0.86223,0.85901,0.00323,0.00215,0.00244,0.00326
CS2_34,5,406,0.85703,0.85137,0.00566,0.00215,0.00224,0.00311
CS2_34,5,407,0.85947,0.84958,0.00989,0.00215,0.00204,0.00297
CS2_34,5,408,0.85947,0.84726,0.01221,0.00215,0.00221,0.00308
CS2_34,5,409,0.85761,0.84539,0.01222,0.00215,0.00119,0.00246
CS2_34,5,410,0.85761,0.85149,0.00612,0.00215,0.00152,0.00264
CS2_34,5,411,0.85761,0.85102,0.00659,0.00215,0.00139,0.00256
CS2_34,5,413,0.85546,0.84601,0.00945,0.00215,0.00231,0.00316
CS2_34,5,414,0.85313,0.84564,0.00749,0.00215,0.00166,0.00272
CS2_34,5,415,0.85298,0.84411,0.00887,0.00215,0.00127,0.0025
CS2_34,5,416,0.85298,0.84897,0.00402,0.00215,0.00093,0.00235
CS2_34,5,417,0.85298,0.8485,0.00448,0.00215,0.001,0.00238
CS2_34,5,418,0.85293,0.84354,0.00938,0.00215,0.00125,0.00249
CS2_34,5,419,0.85101,0.84357,0.00744,0.00215,0.0019,0.00288
CS2_34,5,420,0.85067,0.84275,0.00791,0.00215,0.00235,0.00319
CS2_34,5,421,0.85067,0.8437,0.00697,0.00215,0.0028,0.00353
CS2_34,5,422,0.85189,0.84614,0.00575,0.00215,0.001,0.00237
CS2_34,5,423,0.85141,0.8467,0.00471,0.00215,0.00094,0.00235
CS2_34,5,424,0.85141,0.84667,0.00474,0.00215,0.00062,0.00224
CS2_34,5,425,0.85141,0.84669,0.00473,0.00215,0.00061,0.00224
CS2_34,5,426,0.85141,0.84687,0.00455,0.00215,0.00044,0.0022
CS2_34,5,427,0.85094,0.84716,0.00378,0.00215,0.0002,0.00216
CS2_34,5,428,0.85033,0.847,0.00334,0.00215,0.00016,0.00216
CS2_34,5,429,0.85001,0.84678,0.00322,0.00215,0.00034,0.00218
CS2_34,5,430,0.84984,0.84637,0.00347,0.00215,0.00085,0.00231
CS2_34,5,431,0.84952,0.84536,0.00415,0.00215,0.00016,0.00216
CS2_34,5,432,0.84944,0.84453,0.00491,0.00215,0.00015,0.00216
CS2_34,5,433,0.84944,0.8441,0.00534,0.00215,0.00012,0.00216
CS2_34,5,434,0.84919,0.84345,0.00574,0.00215,0.00015,0.00216
CS2_34,5,435,0.84889,0.83535,0.01355,0.00215,0.00046,0.0022
CS2_34,5,436,0.84889,0.83419,0.0147,0.00215,0.00036,0.00218
CS2_34,5,437,0.84689,0.83335,0.01354,0.00215,0.00039,0.00219
CS2_34,5,438,0.84689,0.83249,0.01441,0.00215,0.00055,0.00222
CS2_34,5,439,0.84689,0.83673,0.01016,0.00215,0.00058,0.00223
CS2_34,5,440,0.84689,0.83475,0.01215,0.00215,0.00089,0.00233
CS2_34,5,441,0.84566,0.82974,0.01592,0.00215,0.00039,0.00219
CS2_34,5,442,0.84259,0.82913,0.01346,0.00215,0.00019,0.00216
CS2_34,5,443,0.84101,0.82794,0.01307,0.00215,0.00024,0.00217
CS2_34,5,445,0.84101,0.83206,0.00895,0.00215,0.00285,0.00358
CS2_34,5,446,0.84101,0.87377,0.03277,0.00215,0.00173,0.00276
CS2_34,5,447,0.84184,0.87022,0.02838,0.00215,0.00279,0.00352
CS2_34,5,448,0.85215,0.87233,0.02018,0.00215,0.00238,0.00321
CS2_34,5,449,0.85565,0.87233,0.01668,0.00215,0.00144,0.00259
CS2_34,5,450,0.85749,0.86632,0.00883,0.00215,0.0017,0.00275
CS2_34,5,451,0.85772,0.86271,0.00499,0.00215,0.00222,0.0031
CS2_34,5,452,0.85842,0.86056,0.00214,0.00215,0.00318,0.00384
CS2_34,5,453,0.85772,0.85842,0.0007,0.00215,0.0046,0.00508
CS2_34,5,454,0.85749,0.8618,0.00431,0.00215,0.00132,0.00253
CS2_34,5,455,0.85746,0.86031,0.00284,0.00215,0.00062,0.00224
CS2_34,5,456,0.85741,0.85437,0.00304,0.00215,0.00057,0.00223
CS2_34,5,457,0.85558,0.88162,0.02604,0.00215,0.00048,0.00221
CS2_34,5,458,0.85218,0.86444,0.01225,0.00215,0.00103,0.00239
CS2_34,5,459,0.85218,0.8606,0.00841,0.00215,0.0007,0.00226
CS2_34,5,460,0.85174,0.86292,0.01117,0.00215,0.00076,0.00228
CS2_34,5,461,0.85085,0.85161,0.00076,0.00215,0.00067,0.00226
CS2_34,5,462,0.84223,0.8413,0.00093,0.00215,0.00115,0.00244
CS2_34,5,463,0.84048,0.83531,0.00516,0.00215,0.00078,0.00229
CS2_34,5,464,0.83753,0.83119,0.00633,0.00215,0.00034,0.00218
CS2_34,5,465,0.83753,0.83693,0.00059,0.00215,0.00121,0.00247
CS2_34,5,466,0.83753,0.83875,0.00123,0.00215,0.00267,0.00343
CS2_34,5,467,0.83551,0.82579,0.00972,0.00215,0.00152,0.00264
CS2_34,5,468,0.83356,0.822,0.01156,0.00215,0.00249,0.00329
CS2_34,5,469,0.82961,0.81854,0.01107,0.00215,0.00106,0.0024
CS2_34,5,471,0.82834,0.82104,0.0073,0.00215,0.00358,0.00418
CS2_34,5,472,0.82834,0.82381,0.00453,0.00215,0.00316,0.00383
CS2_34,5,473,0.82805,0.81227,0.01578,0.00215,0.00224,0.00311
CS2_34,5,474,0.82491,0.80952,0.0154,0.00215,0.00204,0.00297
CS2_34,5,475,0.82491,0.80722,0.01769,0.00215,0.00133,0.00253
CS2_34,5,476,0.82162,0.80331,0.01832,0.00215,0.00243,0.00325
CS2_34,5,477,0.8212,0.80027,0.02093,0.00215,0.00301,0.0037
CS2_34,5,478,0.81869,0.79797,0.02072,0.00215,0.00399,0.00454
CS2_34,5,479,0.81621,0.79593,0.02028,0.00215,0.00366,0.00425
CS2_34,5,480,0.81479,0.79642,0.01837,0.00215,0.00051,0.00221
CS2_34,5,481,0.81479,0.80164,0.01315,0.00215,0.00064,0.00225
CS2_34,5,482,0.81421,0.80045,0.01376,0.00215,0.0006,0.00224
CS2_34,5,483,0.81223,0.80001,0.01222,0.00215,0.00091,0.00234
CS2_34,5,484,0.81182,0.79993,0.01188,0.00215,0.00065,0.00225
CS2_34,5,485,0.81173,0.79965,0.01208,0.00215,0.00039,0.00219
CS2_34,5,486,0.81167,0.79917,0.0125,0.00215,0.00021,0.00216
CS2_34,5,487,0.81114,0.79872,0.01242,0.00215,0.00011,0.00216
CS2_34,5,488,0.81024,0.79746,0.01279,0.00215,0.00017,0.00216
CS2_34,5,489,0.80983,0.79603,0.01381,0.00215,0.00019,0.00216
CS2_34,5,490,0.80883,0.79491,0.01391,0.00215,7e-05,0.00216
CS2_34,5,507,0.7999,0.8041,0.00419,0.00215,0.00059,0.00223
CS2_34,5,508,0.7999,0.7958,0.0041,0.00215,0.00101,0.00238
CS2_35,5,1,0.98395,0.99912,0.01517,0.00267,,
CS2_35,5,2,0.97455,0.99363,0.01908,0.00267,,
CS2_35,5,3,0.98205,0.98276,0.00071,0.00267,,
CS2_35,5,4,0.97884,0.97832,0.00052,0.00267,0.00165,0.00314
CS2_35,5,5,0.97563,0.97527,0.00036,0.00267,0.00245,0.00363
CS2_35,5,6,0.97213,0.97127,0.00086,0.00267,0.00167,0.00315
CS2_35,5,7,0.97213,0.97676,0.00462,0.00267,0.00107,0.00288
CS2_35,5,8,0.97041,0.97809,0.00768,0.00267,0.0011,0.00289
CS2_35,5,9,0.96884,0.97791,0.00907,0.00267,0.00108,0.00288
CS2_35,5,10,0.96681,0.97753,0.01072,0.00267,0.0016,0.00312
CS2_35,5,11,0.96681,0.97701,0.01021,0.00267,0.00225,0.00349
CS2_35,5,12,0.96681,0.97663,0.00982,0.00267,0.00188,0.00327
CS2_35,5,13,0.96799,0.97616,0.00817,0.00267,0.00111,0.0029
CS2_35,5,14,0.96969,0.97549,0.00581,0.00267,0.00092,0.00283
CS2_35,5,15,0.9697,0.97462,0.00492,0.00267,0.00095,0.00284
CS2_35,5,16,0.9697,0.97399,0.00429,0.00267,0.00064,0.00275
CS2_35,5,17,0.97023,0.97328,0.00306,0.00267,0.00036,0.0027
CS2_35,5,18,0.97033,0.97269,0.00236,0.00267,0.00035,0.0027
CS2_35,5,19,0.97033,0.97214,0.00181,0.00267,0.00019,0.00268
CS2_35,5,20,0.97025,0.97156,0.00131,0.00267,0.0002,0.00268
CS2_35,5,21,0.97023,0.97084,0.00061,0.00267,0.00024,0.00269
CS2_35,5,22,0.96971,0.97015,0.00044,0.00267,0.00026,0.00269
CS2_35,5,23,0.96868,0.96051,0.00817,0.00267,0.00047,0.00272
CS2_35,5,24,0.96868,0.95378,0.0149,0.00267,0.00038,0.0027
CS2_35,5,25,0.96802,0.95051,0.01751,0.00267,0.00026,0.00269
CS2_35,5,26,0.9675,0.94809,0.01941,0.00267,0.00025,0.00269
CS2_35,5,27,0.9675,0.94539,0.02211,0.00267,0.00039,0.0027
CS2_35,5,28,0.9675,0.9545,0.013,0.00267,0.00029,0.00269
CS2_35,5,29,0.96646,0.95665,0.00981,0.00267,0.00058,0.00274
CS2_35,5,30,0.96513,0.94947,0.01565,0.00267,0.00184,0.00325
CS2_35,5,31,0.95747,0.94254,0.01493,0.00267,0.00286,0.00391
CS2_35,5,32,0.94808,0.94037,0.00771,0.00267,0.00145,0.00304
CS2_35,5,33,0.94679,0.93915,0.00764,0.00267,0.00094,0.00284
CS2_35,5,34,0.94556,0.93702,0.00855,0.00267,0.00114,0.00291
CS2_35,5,35,0.9437,0.94616,0.00246,0.00267,0.00097,0.00285
CS2_35,5,36,0.94193,0.9483,0.00637,0.00267,0.00096,0.00284
CS2_35,5,37,0.93813,0.9436,0.00546,0.00267,0.00126,0.00296
CS2_35,5,38,0.93813,0.935,0.00313,0.00267,0.00089,0.00282
CS2_35,5,39,0.93639,0.93406,0.00233,0.00267,0.00111,0.0029
CS2_35,5,40,0.93409,0.93326,0.00084,0.00267,0.0008,0.00279
CS2_35,5,41,0.93395,0.93177,0.00218,0.00267,0.00095,0.00284
CS2_35,5,42,0.93437,0.93746,0.00309,0.00267,0.00108,0.00289
CS2_35,5,43,0.93395,0.94112,0.00717,0.00267,0.00147,0.00305
CS2_35,5,44,0.93024,0.94223,0.01199,0.00267,0.00157,0.0031
CS2_35,5,45,0.92863,0.93081,0.00218,0.00267,0.00179,0.00322
CS2_35,5,46,0.92791,0.92989,0.00198,0.00267,0.00168,0.00316
CS2_35,5,47,0.92791,0.92881,0.0009,0.00267,0.00147,0.00305
CS2_35,5,48,0.92791,0.92705,0.00086,0.00267,0.00096,0.00284
CS2_35,5,49,0.92858,0.97055,0.04197,0.00267,0.00167,0.00315
CS2_35,5,50,0.92858,0.96721,0.03863,0.00267,0.00474,0.00544
CS2_35,5,51,0.95011,0.97059,0.02048,0.00267,0.00372,0.00458
CS2_35,5,52,0.95067,0.97025,0.01958,0.00267,0.00259,0.00372
CS2_35,5,53,0.95169,0.96172,0.01003,0.00267,0.00247,0.00364
CS2_35,5,54,0.95169,0.8578,0.09389,0.00267,0.00307,0.00407
CS2_35,5,55,0.95169,0.95685,0.00516,0.00267,0.00332,0.00426
CS2_35,5,56,0.9565,0.9544,0.0021,0.00267,0.00422,0.00499
CS2_35,5,57,0.9582,0.94675,0.01144,0.00267,0.00206,0.00338
CS2_35,5,58,0.95654,0.94862,0.00791,0.00267,0.00182,0.00324
CS2_35,5,59,0.95654,0.94649,0.01005,0.00267,0.00179,0.00322
CS2_35,5,60,0.9565,0.93928,0.01722,0.00267,0.00172,0.00318
CS2_35,5,61,0.95554,0.93725,0.01829,0.00267,0.0017,0.00317
CS2_35,5,62,0.95235,0.93543,0.01692,0.00267,0.00084,0.0028
CS2_35,5,63,0.95145,0.93412,0.01733,0.00267,0.00116,0.00291
CS2_35,5,64,0.94558,0.93009,0.01549,0.00267,0.00136,0.003
CS2_35,5,65,0.94128,0.93204,0.00924,0.00267,0.00113,0.0029
CS2_35,5,66,0.93625,0.93138,0.00487,0.00267,0.0007,0.00276
CS2_35,5,67,0.93402,0.92639,0.00763,0.00267,0.00031,0.00269
CS2_35,5,68,0.9301,0.92432,0.00578,0.00267,0.00034,0.0027
CS2_35,5,69,0.92781,0.92344,0.00437,0.00267,0.00091,0.00283
CS2_35,5,70,0.92758,0.92253,0.00505,0.00267,0.00126,0.00296
CS2_35,5,71,0.92517,0.91862,0.00655,0.00267,0.00073,0.00277
CS2_35,5,72,0.92376,0.922,0.00176,0.00267,0.00053,0.00273
CS2_35,5,73,0.92298,0.92165,0.00134,0.00267,0.00049,0.00272
CS2_35,5,74,0.92136,0.92049,0.00087,0.00267,0.00035,0.0027
CS2_35,5,75,0.91838,0.91908,0.0007,0.00267,0.00019,0.00268
CS2_35,5,76,0.9182,0.91809,0.0001,0.00267,0.00022,0.00268
CS2_35,5,77,0.91651,0.91799,0.00148,0.00267,0.00025,0.00269
CS2_35,5,78,0.91646,0.91703,0.00058,0.00267,0.00026,0.00269
CS2_35,5,79,0.91464,0.91527,0.00063,0.00267,0.00024,0.00269
CS2_35,5,80,0.91235,0.91414,0.00179,0.00267,0.00036,0.0027
CS2_35,5,81,0.91231,0.91329,0.00098,0.00267,0.00036,0.0027
CS2_35,5,82,0.91218,0.91204,0.00014,0.00267,0.00018,0.00268
CS2_35,5,83,0.9111,0.91134,0.00024,0.00267,0.00022,0.00268
CS2_35,5,84,0.91039,0.91055,0.00016,0.00267,9e-05,0.00268
CS2_35,5,85,0.91037,0.91075,0.00038,0.00267,0.00026,0.00269
CS2_35,5,86,0.90882,0.90918,0.00035,0.00267,0.00026,0.00269
CS2_35,5,87,0.90852,0.90817,0.00035,0.00267,0.00023,0.00268
CS2_35,5,88,0.90701,0.90762,0.00061,0.00267,0.0001,0.00268
CS2_35,5,89,0.90593,0.89908,0.00686,0.00267,8e-05,0.00268
CS2_35,5,90,0.90477,0.8959,0.00887,0.00267,0.00011,0.00268
CS2_35,5,91,0.90477,0.89495,0.00982,0.00267,0.00045,0.00271
CS2_35,5,92,0.90423,0.89345,0.01078,0.00267,0.00048,0.00272
CS2_35,5,93,0.90333,0.90977,0.00645,0.00267,0.00027,0.00269
CS2_35,5,94,0.90322,0.90868,0.00546,0.00267,0.00028,0.00269
CS2_35,5,95,0.90165,0.9065,0.00485,0.00267,0.00022,0.00268
CS2_35,5,96,0.90055,0.91414,0.01358,0.00267,0.00103,0.00286
CS2_35,5,97,0.89497,0.91439,0.01942,0.00267,0.00143,0.00303
CS2_35,5,98,0.89693,0.90538,0.00845,0.00267,0.00152,0.00308
CS2_35,5,99,0.89693,0.93153,0.0346,0.00267,0.00118,0.00292
CS2_35,5,100,0.89693,0.93095,0.03402,0.00267,0.00226,0.0035
CS2_35,5,101,0.89741,0.93737,0.03997,0.00267,0.00238,0.00358
CS2_35,5,102,0.90344,0.93832,0.03488,0.00267,0.00218,0.00345
CS2_35,5,103,0.90825,0.92577,0.01752,0.00267,0.00275,0.00384
CS2_35,5,104,0.91542,0.9253,0.00988,0.00267,0.00232,0.00354
CS2_35,5,105,0.91542,0.92604,0.01062,0.00267,0.00187,0.00327
CS2_35,5,106,0.91713,0.92385,0.00672,0.00267,0.00141,0.00303
CS2_35,5,107,0.9244,0.92219,0.00221,0.00267,0.00178,0.00322
CS2_35,5,108,0.9244,0.93019,0.00579,0.00267,0.0037,0.00457
CS2_35,5,109,0.91713,0.93061,0.01347,0.00267,0.00391,0.00474
CS2_35,5,110,0.91713,0.92104,0.00391,0.00267,0.0029,0.00394
CS2_35,5,111,0.91787,0.91732,0.00055,0.00267,0.00203,0.00336
CS2_35,5,112,0.91771,0.91505,0.00266,0.00267,0.00222,0.00348
CS2_35,5,113,0.91771,0.91377,0.00394,0.00267,0.00098,0.00285
CS2_35,5,114,0.91771,0.91046,0.00725,0.00267,0.00176,0.0032
CS2_35,5,115,0.91244,0.91999,0.00756,0.00267,0.00112,0.0029
CS2_35,5,116,0.91197,0.92083,0.00886,0.00267,0.00139,0.00302
CS2_35,5,117,0.9118,0.91131,0.00049,0.00267,0.00164,0.00314
CS2_35,5,118,0.91116,0.90515,0.006,0.00267,0.00141,0.00302
CS2_35,5,119,0.90497,0.90602,0.00105,0.00267,0.00079,0.00279
CS2_35,5,120,0.90381,0.79652,0.10729,0.00267,0.00105,0.00287
CS2_35,5,121,0.90055,0.90207,0.00153,0.00267,0.00155,0.00309
CS2_35,5,122,0.90381,0.9071,0.00329,0.00267,0.00208,0.00339
CS2_35,5,123,0.89579,0.9113,0.01551,0.00267,0.00182,0.00324
CS2_35,5,124,0.89579,0.91158,0.01579,0.00267,0.00259,0.00372
CS2_35,5,125,0.90041,0.91141,0.011,0.00267,0.00278,0.00386
CS2_35,5,126,0.90041,0.91114,0.01073,0.00267,0.00215,0.00343
CS2_35,5,127,0.89998,0.91082,0.01084,0.00267,0.00209,0.00339
CS2_35,5,128,0.89998,0.91104,0.01105,0.00267,0.00165,0.00314
CS2_35,5,129,0.89796,0.91084,0.01288,0.00267,0.00139,0.00302
CS2_35,5,130,0.89796,0.91044,0.01249,0.00267,0.00072,0.00277
CS2_35,5,131,0.89796,0.90982,0.01187,0.00267,0.00081,0.00279
CS2_35,5,132,0.89823,0.90936,0.01113,0.00267,0.00056,0.00273
CS2_35,5,133,0.89829,0.90895,0.01066,0.00267,0.00043,0.00271
CS2_35,5,134,0.89834,0.90875,0.01041,0.00267,0.0004,0.00271
CS2_35,5,135,0.89892,0.90866,0.00974,0.00267,8e-05,0.00268
CS2_35,5,136,0.89892,0.90863,0.00971,0.00267,0.00014,0.00268
CS2_35,5,137,0.89892,0.90927,0.01035,0.00267,0.00022,0.00268
CS2_35,5,138,0.8979,0.90981,0.01191,0.00267,0.00032,0.00269
CS2_35,5,139,0.89766,0.8122,0.08546,0.00267,0.0012,0.00293
CS2_35,5,140,0.89766,0.89256,0.0051,0.00267,0.00059,0.00274
CS2_35,5,141,0.89766,0.89382,0.00384,0.00267,0.00042,0.00271
CS2_35,5,142,0.89888,0.8912,0.00768,0.00267,0.00065,0.00275
CS2_35,5,143,0.90125,0.89036,0.0109,0.00267,0.0007,0.00277
CS2_35,5,144,0.90239,0.8877,0.01469,0.00267,0.00113,0.0029
CS2_35,5,145,0.90239,0.89812,0.00427,0.00267,0.00098,0.00285
CS2_35,5,146,0.90125,0.89897,0.00228,0.00267,0.00346,0.00437
CS2_35,5,147,0.88997,0.88597,0.004,0.00267,0.00406,0.00486
CS2_35,5,148,0.88637,0.88379,0.00258,0.00267,0.00361,0.0045
CS2_35,5,149,0.88436,0.8889,0.00453,0.00267,0.00251,0.00367
CS2_35,5,150,0.88232,0.78992,0.0924,0.00267,0.00145,0.00304
CS2_35,5,151,0.88114,0.89801,0.01686,0.00267,0.00201,0.00335
CS2_35,5,152,0.87931,0.89834,0.01903,0.00267,0.00257,0.00371
CS2_35,5,153,0.87931,0.88525,0.00594,0.00267,0.00148,0.00305
CS2_35,5,154,0.87931,0.88671,0.0074,0.00267,0.00144,0.00304
CS2_35,5,155,0.88003,0.8872,0.00717,0.00267,0.00103,0.00287
CS2_35,5,156,0.88003,0.88651,0.00648,0.00267,0.00076,0.00278
CS2_35,5,157,0.88089,0.88786,0.00697,0.00267,0.00169,0.00316
CS2_35,5,158,0.88003,0.89493,0.01491,0.00267,0.00142,0.00303
CS2_35,5,159,0.87853,0.89666,0.01813,0.00267,0.00116,0.00292
CS2_35,5,160,0.87734,0.88573,0.00839,0.00267,0.00091,0.00283
CS2_35,5,161,0.87622,0.88454,0.00833,0.00267,0.00067,0.00276
CS2_35,5,163,0.87622,0.88282,0.0066,0.00267,0.00175,0.00319
CS2_35,5,164,0.87652,0.88453,0.00801,0.00267,0.00208,0.00339
CS2_35,5,165,0.87652,0.89141,0.01489,0.00267,0.00164,0.00314
CS2_35,5,166,0.87652,0.89486,0.01834,0.00267,0.00171,0.00318
CS2_35,5,167,0.87652,0.89553,0.01901,0.00267,0.00109,0.00289
CS2_35,5,168,0.87674,0.88251,0.00577,0.00267,0.00109,0.00289
CS2_35,5,169,0.8783,0.88522,0.00691,0.00267,0.00068,0.00276
CS2_35,5,170,0.8783,0.88903,0.01073,0.00267,0.00263,0.00375
CS2_35,5,171,0.8783,0.79581,0.0825,0.00267,0.00161,0.00312
CS2_35,5,172,0.8783,0.89577,0.01746,0.00267,0.00174,0.00319
CS2_35,5,173,0.86953,0.89621,0.02669,0.00267,0.00168,0.00316
CS2_35,5,174,0.86953,0.89652,0.027,0.00267,0.00266,0.00377
CS2_35,5,175,0.86953,0.89685,0.02733,0.00267,0.00282,0.00388
CS2_35,5,176,0.88262,0.89719,0.01457,0.00267,0.00185,0.00325
CS2_35,5,177,0.88436,0.89746,0.0131,0.00267,0.00091,0.00283
CS2_35,5,178,0.88602,0.89851,0.01249,0.00267,0.00209,0.0034
CS2_35,5,179,0.88677,0.8988,0.01203,0.00267,0.00169,0.00317
CS2_35,5,180,0.88703,0.89898,0.01195,0.00267,0.00262,0.00375
CS2_35,5,181,0.88703,0.89904,0.01201,0.00267,0.00247,0.00364
CS2_35,5,182,0.88694,0.89948,0.01255,0.00267,0.0012,0.00293
CS2_35,5,183,0.88708,0.89962,0.01254,0.00267,0.00025,0.00269
CS2_35,5,184,0.88708,0.89968,0.0126,0.00267,0.00027,0.00269
CS2_35,5,185,0.8874,0.89974,0.01234,0.00267,0.00019,0.00268
CS2_35,5,186,0.88809,0.89988,0.01179,0.00267,0.00021,0.00268
CS2_35,5,187,0.88814,0.89983,0.01169,0.00267,0.00016,0.00268
CS2_35,5,188,0.88849,0.89984,0.01135,0.00267,0.00011,0.00268
CS2_35,5,189,0.88859,0.89981,0.01122,0.00267,0.00015,0.00268
CS2_35,5,190,0.88862,0.89083,0.00221,0.00267,9e-05,0.00268
CS2_35,5,191,0.88864,0.88817,0.00047,0.00267,0.00079,0.00279
CS2_35,5,192,0.88997,0.88754,0.00243,0.00267,0.00107,0.00288
CS2_35,5,193,0.8926,0.88456,0.00804,0.00267,0.00093,0.00283
CS2_35,5,194,0.89575,0.88252,0.01323,0.00267,0.00093,0.00283
CS2_35,5,195,0.89575,0.89074,0.00501,0.00267,0.00058,0.00274
CS2_35,5,196,0.8926,0.89338,0.00078,0.00267,0.00122,0.00294
CS2_35,5,197,0.88877,0.8924,0.00362,0.00267,0.00314,0.00413
CS2_35,5,198,0.88265,0.88212,0.00053,0.00267,0.00215,0.00343
CS2_35,5,199,0.88265,0.92079,0.03814,0.00267,0.00275,0.00384
CS2_35,5,200,0.88265,0.92327,0.04062,0.00267,0.00354,0.00443
CS2_35,5,201,0.90195,0.92574,0.02378,0.00267,0.00324,0.0042
CS2_35,5,202,0.90564,0.92643,0.02079,0.00267,0.00345,0.00436
CS2_35,5,203,0.90715,0.9265,0.01935,0.00267,0.00278,0.00386
CS2_35,5,204,0.91106,0.92621,0.01515,0.00267,0.00226,0.0035
CS2_35,5,205,0.91106,0.92613,0.01507,0.00267,0.002,0.00334
CS2_35,5,206,0.91739,0.92628,0.00889,0.00267,0.00272,0.00382
CS2_35,5,207,0.91739,0.9259,0.00851,0.00267,0.00139,0.00301
CS2_35,5,208,0.91775,0.9253,0.00756,0.00267,0.00091,0.00283
CS2_35,5,209,0.91775,0.92471,0.00696,0.00267,0.00177,0.00321
CS2_35,5,210,0.91775,0.92356,0.00581,0.00267,0.00128,0.00296
CS2_35,5,211,0.91775,0.92322,0.00548,0.00267,0.00063,0.00275
CS2_35,5,212,0.91844,0.92275,0.00432,0.00267,0.00048,0.00272
CS2_35,5,213,0.91844,0.92224,0.0038,0.00267,0.00024,0.00269
CS2_35,5,214,0.91844,0.92206,0.00362,0.00267,0.00033,0.0027
CS2_35,5,215,0.91818,0.82053,0.09765,0.00267,0.00204,0.00337
CS2_35,5,216,0.9165,0.92108,0.00458,0.00267,0.00105,0.00287
CS2_35,5,217,0.91562,0.91312,0.0025,0.00267,0.00077,0.00278
CS2_35,5,218,0.91562,0.9051,0.01052,0.00267,0.00062,0.00275
CS2_35,5,219,0.91562,0.90629,0.00933,0.00267,0.00119,0.00293
CS2_35,5,220,0.92079,0.90438,0.01642,0.00267,0.00131,0.00298
CS2_35,5,221,0.92079,0.90144,0.01935,0.00267,0.00172,0.00318
CS2_35,5,222,0.92079,0.90848,0.01231,0.00267,0.00156,0.00309
CS2_35,5,223,0.91976,0.91077,0.00899,0.00267,0.00189,0.00328
CS2_35,5,224,0.91711,0.90761,0.0095,0.00267,0.00298,0.00401
CS2_35,5,225,0.90829,0.89748,0.01081,0.00267,0.00329,0.00424
CS2_35,5,226,0.90433,0.78289,0.12143,0.00267,0.00306,0.00406
CS2_35,5,227,0.89282,0.89639,0.00357,0.00267,0.00205,0.00337
CS2_35,5,228,0.88979,0.89518,0.00539,0.00267,0.00134,0.00299
CS2_35,5,229,0.89282,0.89257,0.00025,0.00267,0.0013,0.00297
CS2_35,5,230,0.89136,0.90137,0.01001,0.00267,0.00257,0.00371
CS2_35,5,231,0.89282,0.9024,0.00958,0.00267,0.00269,0.00379
CS2_35,5,232,0.89436,0.89377,0.00059,0.00267,0.00304,0.00405
CS2_35,5,233,0.89436,0.88928,0.00508,0.00267,0.00151,0.00307
CS2_35,5,234,0.89351,0.88781,0.0057,0.00267,0.00231,0.00353
CS2_35,5,235,0.89351,0.88685,0.00666,0.00267,0.00205,0.00337
CS2_35,5,236,0.89351,0.88462,0.00889,0.00267,0.00138,0.00301
CS2_35,5,237,0.88939,0.89349,0.0041,0.00267,0.00136,0.003
CS2_35,5,238,0.88782,0.89548,0.00766,0.00267,0.00096,0.00284
CS2_35,5,239,0.88761,0.89064,0.00303,0.00267,0.00161,0.00312
CS2_35,5,240,0.88653,0.88123,0.00529,0.00267,0.00139,0.00301
CS2_35,5,241,0.88158,0.88189,0.00031,0.00267,0.00163,0.00313
CS2_35,5,242,0.88075,0.88115,0.00039,0.00267,0.00107,0.00288
CS2_35,5,243,0.87717,0.88017,0.003,0.00267,0.00089,0.00282
CS2_35,5,244,0.88075,0.88574,0.00499,0.00267,0.00148,0.00306
CS2_35,5,245,0.87717,0.88911,0.01194,0.00267,0.00215,0.00343
CS2_35,5,246,0.87665,0.88968,0.01303,0.00267,0.00168,0.00316
CS2_35,5,247,0.87026,0.87663,0.00637,0.00267,0.00161,0.00312
CS2_35,5,248,0.87026,0.8753,0.00504,0.00267,0.00231,0.00353
CS2_35,5,249,0.87026,0.88555,0.01529,0.00267,0.00321,0.00418
CS2_35,5,250,0.87303,0.89124,0.01821,0.00267,0.00282,0.00388
CS2_35,5,251,0.87303,0.89181,0.01878,0.00267,0.00193,0.0033
CS2_35,5,252,0.87303,0.8917,0.01867,0.00267,0.00183,0.00324
CS2_35,5,253,0.87487,0.89162,0.01675,0.00267,0.00209,0.0034
CS2_35,5,254,0.87487,0.89174,0.01687,0.00267,0.0013,0.00297
CS2_35,5,255,0.88061,0.89168,0.01107,0.00267,0.00128,0.00296
CS2_35,5,256,0.88061,0.89162,0.01101,0.00267,0.00175,0.0032
CS2_35,5,257,0.88061,0.89126,0.01065,0.00267,0.00172,0.00318
CS2_35,5,258,0.88037,0.89091,0.01054,0.00267,0.00075,0.00278
CS2_35,5,259,0.88037,0.89061,0.01024,0.00267,0.00102,0.00286
CS2_35,5,260,0.88037,0.8903,0.00993,0.00267,0.00099,0.00285
CS2_35,5,261,0.88114,0.8901,0.00896,0.00267,0.00048,0.00272
CS2_35,5,262,0.88127,0.88999,0.00872,0.00267,0.00016,0.00268
CS2_35,5,263,0.88127,0.88999,0.00872,0.00267,0.00025,0.00269
CS2_35,5,264,0.88127,0.88977,0.0085,0.00267,0.00019,0.00268
CS2_35,5,265,0.88097,0.88966,0.00869,0.00267,0.00033,0.00269
CS2_35,5,266,0.88033,0.8893,0.00897,0.00267,0.00032,0.00269
CS2_35,5,267,0.88006,0.87583,0.00423,0.00267,0.00023,0.00268
CS2_35,5,268,0.88006,0.87343,0.00664,0.00267,0.00047,0.00272
CS2_35,5,269,0.88006,0.87295,0.00711,0.00267,0.00109,0.00289
CS2_35,5,270,0.88481,0.87094,0.01387,0.00267,0.00119,0.00293
CS2_35,5,271,0.88608,0.86975,0.01633,0.00267,0.00117,0.00292
CS2_35,5,272,0.88608,0.88106,0.00502,0.00267,0.00141,0.00302
CS2_35,5,273,0.88481,0.88253,0.00229,0.00267,0.00227,0.00351
CS2_35,5,274,0.87646,0.87474,0.00173,0.00267,0.0021,0.0034
CS2_35,5,275,0.87497,0.86873,0.00624,0.00267,0.00269,0.00379
CS2_35,5,276,0.87325,0.86867,0.00458,0.00267,0.00237,0.00357
CS2_35,5,277,0.86835,0.86859,0.00024,0.00267,0.00188,0.00327
CS2_35,5,278,0.86792,0.86792,1e-05,0.00267,0.00183,0.00324
CS2_35,5,279,0.86541,0.87512,0.0097,0.00267,0.00195,0.00331
CS2_35,5,280,0.86289,0.87719,0.0143,0.00267,0.00184,0.00325
CS2_35,5,281,0.8627,0.87901,0.01631,0.00267,0.00063,0.00275
CS2_35,5,282,0.8627,0.86568,0.00298,0.00267,0.00106,0.00288
CS2_35,5,283,0.86232,0.86422,0.00189,0.00267,0.0008,0.00279
CS2_35,5,284,0.86205,0.86395,0.0019,0.00267,0.00087,0.00281
CS2_35,5,285,0.86205,0.86491,0.00286,0.00267,0.00018,0.00268
CS2_35,5,286,0.86384,0.86495,0.00112,0.00267,0.00079,0.00279
CS2_35,5,287,0.86205,0.8741,0.01205,0.00267,0.00072,0.00277
CS2_35,5,288,0.86142,0.87515,0.01373,0.00267,0.00084,0.0028
CS2_35,5,289,0.861,0.86672,0.00572,0.00267,0.00108,0.00288
CS2_35,5,290,0.861,0.86236,0.00136,0.00267,0.00111,0.0029
CS2_35,5,291,0.85773,0.86263,0.0049,0.00267,0.00131,0.00298
CS2_35,5,292,0.85603,0.86169,0.00566,0.00267,0.00137,0.00301
CS2_35,5,293,0.85603,0.85994,0.00391,0.00267,0.00144,0.00304
CS2_35,5,294,0.85603,0.86826,0.01223,0.00267,0.00151,0.00307
CS2_35,5,295,0.85455,0.87157,0.01703,0.00267,0.00127,0.00296
CS2_35,5,296,0.85421,0.87001,0.0158,0.00267,0.00145,0.00304
CS2_35,5,297,0.85421,0.8582,0.00399,0.00267,0.00204,0.00336
CS2_35,5,298,0.85603,0.85867,0.00264,0.00267,0.00171,0.00317
CS2_35,5,299,0.85603,0.86279,0.00676,0.00267,0.00142,0.00303
CS2_35,5,300,0.85708,0.8617,0.00462,0.00267,0.00068,0.00276
CS2_35,5,301,0.85708,0.87014,0.01306,0.00267,0.00082,0.0028
CS2_35,5,302,0.85603,0.87137,0.01534,0.00267,0.00115,0.00291
CS2_35,5,303,0.85612,0.87153,0.01541,0.00267,0.00114,0.00291
CS2_35,5,304,0.85612,0.87161,0.01549,0.00267,0.00118,0.00292
CS2_35,5,305,0.85612,0.87169,0.01557,0.00267,0.0013,0.00297
CS2_35,5,306,0.8599,0.87337,0.01347,0.00267,0.00094,0.00283
CS2_35,5,307,0.86,0.87374,0.01375,0.00267,0.00114,0.00291
CS2_35,5,308,0.86104,0.87405,0.01301,0.00267,0.0011,0.00289
CS2_35,5,309,0.86064,0.87421,0.01356,0.00267,0.00073,0.00277
CS2_35,5,310,0.86062,0.87433,0.01371,0.00267,0.00053,0.00273
CS2_35,5,311,0.86064,0.87445,0.0138,0.00267,0.00055,0.00273
CS2_35,5,312,0.86104,0.87448,0.01344,0.00267,0.00061,0.00274
CS2_35,5,313,0.86368,0.87465,0.01097,0.00267,0.00074,0.00278
CS2_35,5,314,0.86397,0.87485,0.01088,0.00267,0.00038,0.0027
CS2_35,5,315,0.86493,0.87531,0.01037,0.00267,0.00023,0.00268
CS2_35,5,316,0.8654,0.875,0.0096,0.00267,0.00043,0.00271
CS2_35,5,317,0.8654,0.87501,0.00961,0.00267,0.0005,0.00272
CS2_35,5,318,0.8654,0.86418,0.00122,0.00267,0.00042,0.00271
CS2_35,5,319,0.8654,0.85966,0.00574,0.00267,0.00056,0.00273
CS2_35,5,320,0.86786,0.85993,0.00793,0.00267,0.0006,0.00274
CS2_35,5,321,0.87046,0.85971,0.01074,0.00267,0.00073,0.00277
CS2_35,5,322,0.87308,0.85801,0.01507,0.00267,0.00062,0.00275
CS2_35,5,323,0.87308,0.8652,0.00787,0.00267,0.00101,0.00286
CS2_35,5,324,0.87308,0.86834,0.00474,0.00267,0.00164,0.00314
CS2_35,5,326,0.85682,0.85942,0.0026,0.00267,0.00305,0.00406
CS2_35,5,327,0.85596,0.85754,0.00158,0.00267,0.00218,0.00345
CS2_35,5,328,0.85539,0.85843,0.00304,0.00267,0.00166,0.00315
CS2_35,5,329,0.85244,0.85617,0.00373,0.00267,0.00098,0.00285
CS2_35,5,330,0.85244,0.85392,0.00147,0.00267,0.00136,0.003
CS2_35,5,331,0.85244,0.8653,0.01285,0.00267,0.00112,0.0029
CS2_35,5,332,0.85168,0.86766,0.01598,0.00267,0.00097,0.00285
CS2_35,5,333,0.8505,0.86203,0.01153,0.00267,0.00092,0.00283
CS2_35,5,334,0.8493,0.85482,0.00553,0.00267,0.0013,0.00298
CS2_35,5,335,0.8493,0.85581,0.00651,0.00267,0.00075,0.00278
CS2_35,5,336,0.84866,0.85676,0.0081,0.00267,0.0009,0.00282
CS2_35,5,337,0.8493,0.85595,0.00665,0.00267,0.00069,0.00276
CS2_35,5,338,0.85034,0.8605,0.01016,0.00267,0.00191,0.00329
CS2_35,5,339,0.85034,0.86629,0.01594,0.00267,0.00164,0.00314
CS2_35,5,340,0.84866,0.86754,0.01888,0.00267,0.00229,0.00352
CS2_35,5,341,0.84829,0.85765,0.00936,0.00267,0.00183,0.00324
CS2_35,5,342,0.84829,0.85536,0.00708,0.00267,0.00196,0.00331
CS2_35,5,343,0.84829,0.85574,0.00746,0.00267,0.00115,0.00291
CS2_35,5,344,0.84969,0.85497,0.00528,0.00267,0.00096,0.00284
CS2_35,5,345,0.85043,0.85363,0.0032,0.00267,0.00097,0.00284
CS2_35,5,346,0.85043,0.85897,0.00854,0.00267,0.0031,0.00409
CS2_35,5,347,0.8505,0.85234,0.00185,0.00267,0.0031,0.00409
CS2_35,5,348,0.85352,0.85132,0.0022,0.00267,0.00057,0.00274
CS2_35,5,349,0.85352,0.85727,0.00375,0.00267,0.00053,0.00273
CS2_35,5,350,0.85352,0.8563,0.00278,0.00267,0.00064,0.00275
CS2_35,5,351,0.85375,0.85439,0.00065,0.00267,0.00072,0.00277
CS2_35,5,352,0.85375,0.86223,0.00848,0.00267,0.0007,0.00276
CS2_35,5,353,0.85306,0.86361,0.01056,0.00267,0.00095,0.00284
CS2_35,5,354,0.84814,0.86425,0.01612,0.00267,0.00155,0.00309
CS2_35,5,355,0.84427,0.86461,0.02034,0.00267,0.00243,0.00362
CS2_35,5,356,0.84427,0.86477,0.0205,0.00267,0.00154,0.00308
CS2_35,5,357,0.84427,0.86513,0.02086,0.00267,0.0023,0.00353
CS2_35,5,359,0.84908,0.86656,0.01748,0.00267,0.00261,0.00374
CS2_35,5,360,0.84923,0.87063,0.02141,0.00267,0.00265,0.00376
CS2_35,5,361,0.85216,0.87322,0.02105,0.00267,0.00151,0.00307
CS2_35,5,362,0.85303,0.87406,0.02103,0.00267,0.00093,0.00283
CS2_35,5,363,0.85746,0.86592,0.00846,0.00267,0.00125,0.00295
CS2_35,5,364,0.85842,0.86588,0.00746,0.00267,0.00132,0.00298
CS2_35,5,365,0.85842,0.86847,0.01005,0.00267,0.00088,0.00282
CS2_35,5,366,0.85899,0.8703,0.01131,0.00267,0.00078,0.00279
CS2_35,5,367,0.85899,0.87013,0.01114,0.00267,0.0012,0.00293
CS2_35,5,368,0.86202,0.8741,0.01207,0.00267,0.00179,0.00322
CS2_35,5,369,0.86039,0.87482,0.01443,0.00267,0.00078,0.00278
CS2_35,5,370,0.85899,0.87049,0.01149,0.00267,0.00156,0.0031
CS2_35,5,371,0.86039,0.86723,0.00683,0.00267,0.00159,0.00311
CS2_35,5,372,0.8621,0.86705,0.00495,0.00267,0.00124,0.00295
CS2_35,5,373,0.86226,0.86939,0.00713,0.00267,0.00094,0.00284
CS2_35,5,374,0.86257,0.86932,0.00674,0.00267,0.00075,0.00278
CS2_35,5,375,0.86293,0.87063,0.0077,0.00267,0.00142,0.00303
CS2_35,5,376,0.86257,0.87269,0.01012,0.00267,0.00182,0.00324
CS2_35,5,377,0.86226,0.873,0.01074,0.00267,0.00225,0.0035
CS2_35,5,378,0.86189,0.86564,0.00374,0.00267,0.00226,0.0035
CS2_35,5,379,0.86189,0.86547,0.00358,0.00267,0.00168,0.00316
CS2_35,5,380,0.86132,0.86502,0.0037,0.00267,0.00044,0.00271
CS2_35,5,381,0.86069,0.86418,0.00349,0.00267,0.00084,0.0028
CS2_35,5,382,0.85943,0.86238,0.00295,0.00267,0.00066,0.00275
CS2_35,5,383,0.85943,0.86819,0.00876,0.00267,0.00111,0.0029
CS2_35,5,384,0.8586,0.8695,0.01091,0.00267,0.00148,0.00305
CS2_35,5,385,0.8584,0.86569,0.00729,0.00267,0.00182,0.00323
CS2_35,5,386,0.85852,0.86177,0.00325,0.00267,0.0015,0.00307
CS2_35,5,387,0.85829,0.86258,0.00429,0.00267,0.00136,0.003
CS2_35,5,388,0.85589,0.86336,0.00747,0.00267,0.00093,0.00283
CS2_35,5,389,0.85571,0.86481,0.0091,0.00267,0.00042,0.00271
CS2_35,5,390,0.85589,0.86555,0.00966,0.00267,0.00155,0.00309
CS2_35,5,391,0.85571,0.86863,0.01292,0.00267,0.00126,0.00296
CS2_35,5,392,0.85451,0.86921,0.0147,0.00267,0.00185,0.00325
CS2_35,5,393,0.85222,0.86945,0.01722,0.00267,0.00225,0.0035
CS2_35,5,394,0.85222,0.86958,0.01736,0.00267,0.00193,0.0033
CS2_35,5,395,0.85222,0.86957,0.01735,0.00267,0.00129,0.00297
CS2_35,5,396,0.85548,0.87052,0.01504,0.00267,0.00108,0.00288
CS2_35,5,397,0.85548,0.87083,0.01534,0.00267,0.00098,0.00285
CS2_35,5,398,0.85601,0.87096,0.01495,0.00267,0.00092,0.00283
CS2_35,5,399,0.85601,0.87096,0.01495,0.00267,0.0006,0.00274
CS2_35,5,400,0.85571,0.87095,0.01524,0.00267,0.00042,0.00271
CS2_35,5,401,0.85601,0.87068,0.01468,0.00267,0.00041,0.00271
CS2_35,5,402,0.85635,0.87076,0.01441,0.00267,0.00046,0.00271
CS2_35,5,403,0.8573,0.87061,0.01331,0.00267,0.00053,0.00273
CS2_35,5,404,0.85888,0.87063,0.01176,0.00267,0.00028,0.00269
CS2_35,5,405,0.85914,0.87065,0.01151,0.00267,0.00014,0.00268
CS2_35,5,406,0.85927,0.8706,0.01133,0.00267,0.00012,0.00268
CS2_35,5,407,0.85927,0.87033,0.01107,0.00267,0.00024,0.00269
CS2_35,5,408,0.85927,0.86355,0.00428,0.00267,0.00052,0.00273
CS2_35,5,409,0.85927,0.87991,0.02064,0.00267,0.0003,0.00269
CS2_35,5,410,0.85887,0.87799,0.01912,0.00267,0.00069,0.00276
CS2_35,5,411,0.85887,0.87916,0.02029,0.00267,0.00049,0.00272
CS2_35,5,412,0.86318,0.88486,0.02168,0.00267,0.00068,0.00276
CS2_35,5,413,0.86314,0.88609,0.02295,0.00267,0.00059,0.00274
CS2_35,5,414,0.86318,0.87913,0.01595,0.00267,0.00104,0.00287
CS2_35,5,415,0.86767,0.87788,0.01021,0.00267,0.00223,0.00349
CS2_35,5,416,0.86767,0.87837,0.0107,0.00267,0.00227,0.00351
CS2_35,5,417,0.87002,0.87789,0.00786,0.00267,0.00222,0.00347
CS2_35,5,418,0.87097,0.87597,0.005,0.00267,0.00166,0.00315
CS2_35,5,419,0.87212,0.88162,0.00949,0.00267,0.0009,0.00282
CS2_35,5,420,0.87097,0.88256,0.01159,0.00267,0.00146,0.00305
CS2_35,5,421,0.87002,0.87976,0.00973,0.00267,0.00158,0.00311
CS2_35,5,422,0.87097,0.87313,0.00216,0.00267,0.00142,0.00303
CS2_35,5,423,0.8724,0.87386,0.00146,0.00267,0.00133,0.00299
CS2_35,5,424,0.87207,0.87375,0.00168,0.00267,0.00106,0.00288
CS2_35,5,425,0.87207,0.86673,0.00534,0.00267,0.00062,0.00275
CS2_35,5,426,0.87383,0.86737,0.00646,0.00267,0.00194,0.00331
CS2_35,5,427,0.87207,0.87415,0.00208,0.00267,0.0019,0.00328
CS2_35,5,428,0.87102,0.87511,0.00409,0.00267,0.00206,0.00338
CS2_35,5,429,0.87005,0.86519,0.00485,0.00267,0.00231,0.00354
CS2_35,5,430,0.87005,0.85985,0.01019,0.00267,0.00232,0.00354
CS2_35,5,431,0.86859,0.85883,0.00977,0.00267,0.00081,0.0028
CS2_35,5,432,0.86517,0.85705,0.00812,0.00267,0.00056,0.00273
CS2_35,5,433,0.86517,0.85532,0.00985,0.00267,0.00134,0.00299
CS2_35,5,434,0.8644,0.86487,0.00047,0.00267,0.00224,0.00349
CS2_35,5,435,0.86344,0.86712,0.00368,0.00267,0.00193,0.0033
CS2_35,5,436,0.85778,0.86794,0.01015,0.00267,0.0023,0.00352
CS2_35,5,438,0.84883,0.8681,0.01927,0.00267,0.00149,0.00306
CS2_35,5,439,0.84814,0.8687,0.02056,0.00267,0.00156,0.0031
CS2_35,5,440,0.84814,0.86918,0.02103,0.00267,0.00123,0.00294
CS2_35,5,441,0.84814,0.86919,0.02105,0.00267,0.00233,0.00355
CS2_35,5,442,0.85201,0.86878,0.01677,0.00267,0.00228,0.00351
CS2_35,5,443,0.85374,0.86742,0.01368,0.00267,0.00162,0.00313
CS2_35,5,444,0.85447,0.86691,0.01244,0.00267,0.00078,0.00279
CS2_35,5,445,0.85822,0.86639,0.00817,0.00267,0.00091,0.00282
CS2_35,5,446,0.85871,0.86587,0.00716,0.00267,0.0014,0.00302
CS2_35,5,447,0.85871,0.86572,0.00702,0.00267,0.00053,0.00273
CS2_35,5,448,0.85822,0.86548,0.00727,0.00267,0.00065,0.00275
CS2_35,5,449,0.85812,0.86521,0.00709,0.00267,0.00089,0.00282
CS2_35,5,450,0.85787,0.86484,0.00697,0.00267,0.00081,0.00279
CS2_35,5,451,0.85721,0.86451,0.0073,0.00267,0.00035,0.0027
CS2_35,5,452,0.85676,0.84874,0.00802,0.00267,0.0002,0.00268
CS2_35,5,453,0.85676,0.84695,0.00981,0.00267,0.0007,0.00277
CS2_35,5,454,0.8558,0.84119,0.01461,0.00267,0.00036,0.0027
CS2_35,5,455,0.85245,0.84034,0.01211,0.00267,0.00026,0.00269
CS2_35,5,456,0.85245,0.838,0.01445,0.00267,0.00024,0.00269
CS2_35,5,457,0.85245,0.85103,0.00141,0.00267,0.00052,0.00272
CS2_35,5,458,0.85136,0.85351,0.00215,0.00267,0.00081,0.00279
CS2_35,5,459,0.84852,0.84739,0.00113,0.00267,0.00107,0.00288
CS2_35,5,460,0.84365,0.84452,0.00087,0.00267,0.00145,0.00304
CS2_35,5,461,0.84365,0.84882,0.00517,0.00267,0.00171,0.00318
CS2_35,5,462,0.84065,0.85368,0.01303,0.00267,0.00135,0.003
CS2_35,5,463,0.83753,0.85428,0.01675,0.00267,0.00094,0.00284
CS2_35,5,464,0.83585,0.8415,0.00565,0.00267,0.00114,0.00291
CS2_35,5,465,0.83585,0.83692,0.00107,0.00267,0.00164,0.00314
CS2_35,5,466,0.83585,0.83531,0.00054,0.00267,0.00195,0.00331
CS2_35,5,467,0.83461,0.83507,0.00046,0.00267,0.00159,0.00311
CS2_35,5,468,0.83461,0.82963,0.00498,0.00267,0.00395,0.00477
CS2_35,5,469,0.82713,0.83201,0.00488,0.00267,0.00526,0.0059
CS2_35,5,470,0.82713,0.83722,0.01009,0.00267,0.00333,0.00427
CS2_35,5,471,0.81951,0.84421,0.0247,0.00267,0.00305,0.00406
CS2_35,5,472,0.82179,0.84629,0.0245,0.00267,0.00288,0.00393
CS2_35,5,473,0.82713,0.83651,0.00938,0.00267,0.00376,0.00462
CS2_35,5,474,0.83041,0.83403,0.00362,0.00267,0.00472,0.00542
CS2_35,5,475,0.83041,0.83372,0.00331,0.00267,0.00379,0.00464
CS2_35,5,476,0.83041,0.83171,0.0013,0.00267,0.00199,0.00333
CS2_35,5,477,0.83075,0.83047,0.00028,0.00267,0.00198,0.00333
CS2_35,5,478,0.83075,0.83874,0.00799,0.00267,0.00143,0.00303
CS2_35,5,479,0.83038,0.84168,0.0113,0.00267,0.0023,0.00353
CS2_35,5,480,0.82976,0.83981,0.01005,0.00267,0.00278,0.00386
CS2_35,5,481,0.82976,0.83014,0.00038,0.00267,0.00275,0.00384
CS2_35,5,482,0.82976,0.82983,7e-05,0.00267,0.00228,0.00351
CS2_35,5,483,0.83007,0.82735,0.00272,0.00267,0.00136,0.003
CS2_35,5,484,0.83007,0.82615,0.00392,0.00267,0.00063,0.00275
CS2_35,5,485,0.83015,0.82583,0.00433,0.00267,0.00073,0.00277
CS2_35,5,486,0.83007,0.83425,0.00418,0.00267,0.00156,0.0031
CS2_35,5,487,0.82838,0.83585,0.00747,0.00267,0.00228,0.00352
CS2_35,5,488,0.82513,0.82676,0.00163,0.00267,0.00209,0.0034
CS2_35,5,489,0.82321,0.82472,0.00151,0.00267,0.00188,0.00327
CS2_35,5,490,0.82274,0.82601,0.00327,0.00267,0.00138,0.00301
CS2_35,5,491,0.81951,0.82521,0.0057,0.00267,0.00099,0.00285
CS2_35,5,492,0.81951,0.82464,0.00513,0.00267,0.00081,0.00279
CS2_35,5,493,0.81951,0.82931,0.00979,0.00267,0.00154,0.00308
CS2_35,5,494,0.81951,0.83249,0.01297,0.00267,0.00139,0.00302
CS2_35,5,495,0.81951,0.83321,0.01369,0.00267,0.00103,0.00287
CS2_35,5,496,0.81863,0.82318,0.00455,0.00267,0.00087,0.00281
CS2_35,5,497,0.81926,0.82276,0.00351,0.00267,0.00097,0.00285
CS2_35,5,498,0.81926,0.8227,0.00345,0.00267,0.00098,0.00285
CS2_35,5,499,0.81863,0.82204,0.00341,0.00267,0.00066,0.00276
CS2_35,5,500,0.81926,0.81975,0.00049,0.00267,0.00064,0.00275
CS2_35,5,501,0.81999,0.82737,0.00738,0.00267,0.00075,0.00278
CS2_35,5,502,0.81999,0.82867,0.00868,0.00267,0.00079,0.00279
CS2_35,5,503,0.8185,0.82912,0.01062,0.00267,0.0006,0.00274
CS2_35,5,504,0.81999,0.82906,0.00906,0.00267,0.0005,0.00272
CS2_35,5,505,0.82017,0.82897,0.0088,0.00267,0.00049,0.00272
CS2_35,5,506,0.82088,0.8288,0.00792,0.00267,0.00047,0.00272
CS2_35,5,507,0.8221,0.82868,0.00658,0.00267,0.00048,0.00272
CS2_35,5,509,0.8218,0.82821,0.00641,0.00267,0.00165,0.00314
CS2_35,5,510,0.8218,0.82832,0.00652,0.00267,0.00115,0.00291
CS2_35,5,512,0.82146,0.82756,0.0061,0.00267,0.00223,0.00348
CS2_35,5,513,0.8218,0.82738,0.00558,0.00267,0.00089,0.00282
CS2_35,5,514,0.82232,0.82702,0.0047,0.00267,0.00071,0.00277
CS2_35,5,515,0.82444,0.8258,0.00136,0.00267,0.00088,0.00282
CS2_35,5,516,0.82455,0.82536,0.00081,0.00267,0.00162,0.00312
CS2_35,5,517,0.82455,0.82309,0.00146,0.00267,0.00256,0.0037
CS2_35,5,518,0.82557,0.8205,0.00507,0.00267,0.00118,0.00293
CS2_35,5,519,0.8259,0.82242,0.00348,0.00267,0.00176,0.0032
CS2_35,5,520,0.82622,0.82603,0.00018,0.00267,0.0025,0.00366
CS2_35,5,521,0.82622,0.82607,0.00015,0.00267,0.00061,0.00274
CS2_35,5,522,0.82622,0.81679,0.00942,0.00267,0.0005,0.00272
CS2_35,5,523,0.82539,0.81449,0.0109,0.00267,0.00048,0.00272
CS2_35,5,524,0.82478,0.81418,0.0106,0.00267,0.0011,0.00289
CS2_35,5,525,0.8239,0.8124,0.01149,0.00267,0.00153,0.00308
CS2_35,5,526,0.81838,0.81095,0.00743,0.00267,0.0012,0.00293
CS2_35,5,527,0.81677,0.81633,0.00044,0.00267,0.00065,0.00275
CS2_35,5,528,0.81528,0.81797,0.0027,0.00267,0.00093,0.00283
CS2_35,5,529,0.81407,0.81846,0.00438,0.00267,0.00052,0.00272
CS2_35,5,530,0.81127,0.8081,0.00317,0.00267,0.00072,0.00277
CS2_35,5,531,0.81017,0.80645,0.00372,0.00267,0.00073,0.00277
CS2_35,5,532,0.81007,0.8062,0.00387,0.00267,0.00049,0.00272
CS2_35,5,533,0.80775,0.80452,0.00323,0.00267,0.00043,0.00271
CS2_35,5,534,0.80564,0.80502,0.00061,0.00267,0.00039,0.0027
CS2_35,5,535,0.80534,0.81118,0.00584,0.00267,0.0005,0.00272
CS2_35,5,536,0.80524,0.81177,0.00654,0.00267,0.00043,0.00271
CS2_35,5,537,0.80481,0.80833,0.00352,0.00267,0.00054,0.00273
CS2_35,5,538,0.80524,0.80187,0.00337,0.00267,0.00062,0.00274
CS2_35,5,539,0.80405,0.79914,0.00492,0.00267,0.00084,0.0028
CS2_35,5,540,0.80302,0.80167,0.00135,0.00267,0.00065,0.00275
CS2_35,5,541,0.80279,0.79838,0.00442,0.00267,0.0007,0.00277
CS2_35,5,542,0.80279,0.79607,0.00673,0.00267,0.00072,0.00277
CS2_35,5,543,0.80096,0.80518,0.00421,0.00267,0.00074,0.00278
CS2_35,5,544,0.79915,0.80631,0.00716,0.00267,0.00092,0.00283
CS2_35,5,545,0.79834,0.79903,0.00069,0.00267,0.00109,0.00289
CS2_35,5,546,0.79915,0.7944,0.00476,0.00267,0.00126,0.00296
CS2_35,5,547,0.79915,0.79659,0.00257,0.00267,0.00074,0.00278
CS2_35,5,548,0.7989,0.79637,0.00253,0.00267,0.00067,0.00276
CS2_35,5,549,0.7989,0.79498,0.00393,0.00267,0.00047,0.00272
CS2_35,5,550,0.79923,0.79658,0.00265,0.00267,0.00069,0.00276
CS2_35,5,551,0.7989,0.80077,0.00187,0.00267,0.00061,0.00274
CS2_35,5,552,0.79605,0.80104,0.005,0.00267,0.00077,0.00278
CS2_35,5,553,0.79605,0.80142,0.00537,0.00267,0.00078,0.00279
CS2_35,5,554,0.79507,0.80149,0.00642,0.00267,0.00061,0.00274
CS2_35,5,556,0.79499,0.80124,0.00625,0.00267,0.00226,0.0035
CS2_35,5,557,0.79507,0.80187,0.0068,0.00267,0.00189,0.00327
CS2_35,5,558,0.79507,0.80214,0.00707,0.00267,0.00231,0.00353
CS2_35,5,559,0.79636,0.80221,0.00585,0.00267,0.00227,0.00351
CS2_35,5,560,0.79735,0.80217,0.00483,0.00267,0.00038,0.0027
CS2_35,5,561,0.79746,0.80231,0.00485,0.00267,0.00065,0.00275
CS2_35,5,562,0.79844,0.80254,0.00411,0.00267,0.00077,0.00278
CS2_35,5,563,0.79863,0.80196,0.00333,0.00267,0.00137,0.00301
CS2_35,5,564,0.79874,0.80193,0.00318,0.00267,0.00218,0.00345
CS2_35,5,565,0.79863,0.80192,0.00329,0.00267,0.0002,0.00268
CS2_35,5,566,0.79844,0.80201,0.00358,0.00267,0.00034,0.0027
CS2_35,5,567,0.79753,0.79022,0.00731,0.00267,0.00024,0.00269
CS2_35,5,568,0.79753,0.78647,0.01106,0.00267,0.00033,0.00269
CS2_35,5,569,0.79753,0.78816,0.00937,0.00267,0.00125,0.00295
CS2_35,5,570,0.80042,0.79317,0.00725,0.00267,0.00104,0.00287
CS2_35,5,571,0.80245,0.79379,0.00865,0.00267,0.00098,0.00285
CS2_35,5,572,0.80245,0.78596,0.01649,0.00267,0.00102,0.00286
CS2_35,5,573,0.80245,0.78394,0.01851,0.00267,0.00189,0.00327
CS2_35,5,574,0.79267,0.78332,0.00936,0.00267,0.00214,0.00343
CS2_35,5,575,0.78951,0.78424,0.00527,0.00267,0.00331,0.00425
CS2_35,5,576,0.78285,0.78352,0.00067,0.00267,0.00184,0.00325
CS2_35,5,577,0.78285,0.78684,0.00399,0.00267,0.00173,0.00319
CS2_35,5,578,0.78204,0.7892,0.00716,0.00267,0.00212,0.00341
CS2_35,5,579,0.78064,0.78943,0.00878,0.00267,0.00212,0.00341
CS2_35,5,586,0.77595,0.78281,0.00686,0.00267,0.00073,0.00277
CS2_35,5,587,0.77588,0.78292,0.00705,0.00267,0.00058,0.00274
CS2_36,5,1,0.98598,0.99985,0.01388,0.00266,,
CS2_36,5,2,0.97789,0.99613,0.01824,0.00266,,
CS2_36,5,3,0.98564,0.98758,0.00195,0.00266,,
CS2_36,5,4,0.98393,0.98469,0.00076,0.00266,0.00144,0.00303
CS2_36,5,5,0.98222,0.98252,0.0003,0.00266,0.00189,0.00327
CS2_36,5,6,0.97952,0.97935,0.00017,0.00266,0.00161,0.00312
CS2_36,5,7,0.97952,0.98395,0.00444,0.00266,0.00121,0.00293
CS2_36,5,8,0.97867,0.98521,0.00653,0.00266,0.0008,0.00278
CS2_36,5,9,0.97606,0.98531,0.00925,0.00266,0.00064,0.00274
CS2_36,5,10,0.97442,0.98516,0.01074,0.00266,0.00065,0.00274
CS2_36,5,11,0.97442,0.98478,0.01036,0.00266,0.00142,0.00302
CS2_36,5,12,0.97442,0.98451,0.01009,0.00266,0.0014,0.00301
CS2_36,5,13,0.97442,0.98432,0.0099,0.00266,0.00094,0.00283
CS2_36,5,14,0.97668,0.98375,0.00707,0.00266,0.001,0.00284
CS2_36,5,15,0.97678,0.98308,0.0063,0.00266,0.00065,0.00274
CS2_36,5,16,0.97678,0.9825,0.00572,0.00266,0.00093,0.00282
CS2_36,5,17,0.97678,0.98192,0.00515,0.00266,0.00067,0.00275
CS2_36,5,18,0.97678,0.98154,0.00477,0.00266,0.00067,0.00275
CS2_36,5,19,0.97651,0.9813,0.00478,0.00266,0.00036,0.00269
CS2_36,5,20,0.97637,0.98057,0.00419,0.00266,0.0002,0.00267
CS2_36,5,21,0.97635,0.97997,0.00363,0.00266,0.00022,0.00267
CS2_36,5,22,0.97621,0.97946,0.00325,0.00266,0.00025,0.00268
CS2_36,5,23,0.97621,0.97026,0.00596,0.00266,0.00024,0.00268
CS2_36,5,24,0.97621,0.96675,0.00947,0.00266,0.00062,0.00274
CS2_36,5,25,0.97932,0.9647,0.01462,0.00266,0.0006,0.00273
CS2_36,5,26,0.98087,0.96323,0.01763,0.00266,0.00054,0.00272
CS2_36,5,27,0.98087,0.96139,0.01948,0.00266,0.00051,0.00271
CS2_36,5,28,0.98087,0.96855,0.01231,0.00266,0.00142,0.00302
CS2_36,5,29,0.98059,0.96971,0.01088,0.00266,0.00265,0.00376
CS2_36,5,30,0.96923,0.96124,0.00799,0.00266,0.00239,0.00358
CS2_36,5,31,0.96923,0.95787,0.01137,0.00266,0.00228,0.00351
CS2_36,5,32,0.96663,0.95745,0.00918,0.00266,0.00177,0.0032
CS2_36,5,33,0.96584,0.95612,0.00972,0.00266,0.00131,0.00297
CS2_36,5,34,0.96266,0.95666,0.00599,0.00266,0.00176,0.00319
CS2_36,5,35,0.96216,0.96284,0.00068,0.00266,0.00181,0.00322
CS2_36,5,36,0.96077,0.96371,0.00294,0.00266,0.00127,0.00295
CS2_36,5,37,0.95332,0.95481,0.00149,0.00266,0.00118,0.00292
CS2_36,5,38,0.95332,0.95331,1e-05,0.00266,0.0018,0.00322
CS2_36,5,39,0.95332,0.95297,0.00035,0.00266,0.0019,0.00328
CS2_36,5,40,0.95332,0.95236,0.00096,0.00266,0.00118,0.00291
CS2_36,5,41,0.95463,0.95123,0.0034,0.00266,0.00124,0.00294
CS2_36,5,42,0.95463,0.95812,0.00349,0.00266,0.00169,0.00316
CS2_36,5,43,0.95164,0.95934,0.00769,0.00266,0.00191,0.00328
CS2_36,5,44,0.94943,0.9519,0.00247,0.00266,0.00133,0.00298
CS2_36,5,45,0.94943,0.95067,0.00124,0.00266,0.00109,0.00288
CS2_36,5,46,0.94934,0.9497,0.00036,0.00266,0.00076,0.00277
CS2_36,5,47,0.94934,0.94876,0.00058,0.00266,0.00046,0.0027
CS2_36,5,48,0.94943,0.94682,0.00261,0.00266,0.00096,0.00283
CS2_36,5,49,0.95034,0.97812,0.02778,0.00266,0.00115,0.0029
CS2_36,5,50,0.95148,0.9759,0.02443,0.00266,0.00268,0.00378
CS2_36,5,51,0.96156,0.97885,0.01729,0.00266,0.00267,0.00377
CS2_36,5,52,0.96156,0.97853,0.01697,0.00266,0.00201,0.00334
CS2_36,5,53,0.96428,0.97111,0.00683,0.00266,0.00168,0.00315
CS2_36,5,54,0.96156,0.86815,0.09341,0.00266,0.00203,0.00335
CS2_36,5,55,0.96156,0.96759,0.00603,0.00266,0.00291,0.00394
CS2_36,5,56,0.96428,0.96569,0.00141,0.00266,0.00229,0.00351
CS2_36,5,57,0.9657,0.95962,0.00608,0.00266,0.00203,0.00335
CS2_36,5,58,0.96611,0.96144,0.00467,0.00266,0.00158,0.0031
CS2_36,5,59,0.96611,0.95984,0.00626,0.00266,0.00136,0.00299
CS2_36,5,60,0.9657,0.95437,0.01133,0.00266,0.00111,0.00289
CS2_36,5,61,0.96489,0.95317,0.01172,0.00266,0.00142,0.00302
CS2_36,5,62,0.96412,0.95177,0.01235,0.00266,0.00086,0.0028
CS2_36,5,63,0.96394,0.95088,0.01306,0.00266,0.00085,0.0028
CS2_36,5,64,0.95893,0.94791,0.01103,0.00266,0.00085,0.0028
CS2_36,5,65,0.95732,0.94932,0.00799,0.00266,0.00065,0.00274
CS2_36,5,66,0.95682,0.94882,0.008,0.00266,0.00054,0.00272
CS2_36,5,67,0.9501,0.94483,0.00527,0.00266,0.00045,0.0027
CS2_36,5,68,0.94891,0.94418,0.00473,0.00266,0.00065,0.00274
CS2_36,5,69,0.94726,0.94357,0.0037,0.00266,0.00078,0.00278
CS2_36,5,70,0.947,0.94284,0.00416,0.00266,0.00094,0.00283
CS2_36,5,71,0.947,0.94137,0.00563,0.00266,0.00107,0.00287
CS2_36,5,72,0.94613,0.94341,0.00272,0.00266,0.00071,0.00276
CS2_36,5,73,0.94507,0.9428,0.00227,0.00266,0.00038,0.00269
CS2_36,5,74,0.94111,0.94213,0.00102,0.00266,0.00032,0.00268
CS2_36,5,75,0.94111,0.94169,0.00057,0.00266,0.00061,0.00273
CS2_36,5,76,0.94111,0.94132,0.00021,0.00266,0.00075,0.00277
CS2_36,5,77,0.93985,0.83865,0.1012,0.00266,0.00109,0.00288
CS2_36,5,78,0.93939,0.83802,0.10137,0.00266,0.00243,0.00361
CS2_36,5,79,0.93739,0.93976,0.00237,0.00266,0.0027,0.00379
CS2_36,5,80,0.93692,0.93906,0.00214,0.00266,0.0021,0.00339
CS2_36,5,81,0.93692,0.93855,0.00163,0.00266,0.00102,0.00285
CS2_36,5,82,0.93738,0.93806,0.00068,0.00266,0.00066,0.00275
CS2_36,5,83,0.93738,0.83385,0.10353,0.00266,0.00148,0.00305
CS2_36,5,84,0.93735,0.93705,0.0003,0.00266,0.00108,0.00288
CS2_36,5,85,0.93735,0.93728,7e-05,0.00266,0.00112,0.00289
CS2_36,5,86,0.93551,0.93612,0.00061,0.00266,0.00295,0.00398
CS2_36,5,87,0.93529,0.9355,0.00021,0.00266,0.00169,0.00315
CS2_36,5,88,0.93529,0.93451,0.00078,0.00266,0.00034,0.00269
CS2_36,5,89,0.93529,0.92885,0.00644,0.00266,0.0007,0.00275
CS2_36,5,90,0.93551,0.92758,0.00793,0.00266,0.00137,0.003
CS2_36,5,91,0.93552,0.92652,0.009,0.00266,0.00092,0.00282
CS2_36,5,92,0.93552,0.93351,0.002,0.00266,0.00107,0.00287
CS2_36,5,93,0.93552,0.93328,0.00224,0.00266,0.00117,0.00291
CS2_36,5,94,0.9248,0.93268,0.00788,0.00266,0.00108,0.00288
CS2_36,5,95,0.92459,0.93746,0.01287,0.00266,0.00069,0.00275
CS2_36,5,96,0.92429,0.93844,0.01415,0.00266,0.0013,0.00296
CS2_36,5,97,0.9214,0.93387,0.01247,0.00266,0.00125,0.00294
CS2_36,5,98,0.9214,0.93126,0.00986,0.00266,0.00145,0.00303
CS2_36,5,99,0.9214,0.93115,0.00975,0.00266,0.00157,0.00309
CS2_36,5,100,0.92569,0.93075,0.00506,0.00266,0.00175,0.00319
CS2_36,5,101,0.92621,0.92836,0.00214,0.00266,0.00032,0.00268
CS2_36,5,102,0.92621,0.93424,0.00803,0.00266,0.00054,0.00272
CS2_36,5,103,0.92569,0.93559,0.0099,0.00266,0.00119,0.00292
CS2_36,5,104,0.92338,0.83622,0.08716,0.00266,0.00209,0.00339
CS2_36,5,105,0.92338,0.92684,0.00345,0.00266,0.00204,0.00336
CS2_36,5,106,0.92338,0.92681,0.00343,0.00266,0.00113,0.00289
CS2_36,5,107,0.92007,0.92662,0.00655,0.00266,0.00148,0.00305
CS2_36,5,108,0.92121,0.92428,0.00307,0.00266,0.00166,0.00314
CS2_36,5,109,0.92626,0.92723,0.00096,0.00266,0.00254,0.00368
CS2_36,5,110,0.92121,0.93139,0.01018,0.00266,0.00252,0.00367
CS2_36,5,111,0.91847,0.8322,0.08627,0.00266,0.00241,0.00359
CS2_36,5,112,0.91921,0.92347,0.00426,0.00266,0.00223,0.00348
CS2_36,5,113,0.91921,0.92236,0.00315,0.00266,0.0021,0.00339
CS2_36,5,114,0.91921,0.9226,0.00339,0.00266,0.00245,0.00362
CS2_36,5,115,0.91921,0.92093,0.00172,0.00266,0.00164,0.00313
CS2_36,5,116,0.91998,0.91919,0.00079,0.00266,0.00163,0.00313
CS2_36,5,117,0.91998,0.92687,0.0069,0.00266,0.00164,0.00313
CS2_36,5,118,0.91401,0.92776,0.01375,0.00266,0.0016,0.00311
CS2_36,5,119,0.91347,0.92933,0.01586,0.00266,0.00225,0.00349
CS2_36,5,120,0.91401,0.93043,0.01641,0.00266,0.00284,0.00389
CS2_36,5,121,0.91401,0.9312,0.01718,0.00266,0.00146,0.00304
CS2_36,5,122,0.91342,0.93172,0.01829,0.00266,0.00114,0.0029
CS2_36,5,123,0.91495,0.93216,0.01721,0.00266,0.00131,0.00297
CS2_36,5,124,0.91516,0.93289,0.01773,0.00266,0.00077,0.00277
CS2_36,5,125,0.91516,0.93295,0.0178,0.00266,0.00085,0.0028
CS2_36,5,126,0.91616,0.93313,0.01697,0.00266,0.00088,0.00281
CS2_36,5,127,0.91935,0.93335,0.01401,0.00266,0.00065,0.00274
CS2_36,5,128,0.92045,0.93347,0.01302,0.00266,0.00064,0.00274
CS2_36,5,129,0.92216,0.93356,0.0114,0.00266,0.00041,0.0027
CS2_36,5,130,0.92228,0.9337,0.01142,0.00266,0.00053,0.00272
CS2_36,5,131,0.92293,0.93369,0.01076,0.00266,0.00051,0.00271
CS2_36,5,132,0.92322,0.93367,0.01046,0.00266,0.00055,0.00272
CS2_36,5,133,0.92322,0.9275,0.00428,0.00266,0.00031,0.00268
CS2_36,5,134,0.92343,0.9208,0.00262,0.00266,0.00037,0.00269
CS2_36,5,135,0.92391,0.92038,0.00353,0.00266,0.00091,0.00282
CS2_36,5,136,0.9327,0.91978,0.01292,0.00266,0.00108,0.00288
CS2_36,5,137,0.9327,0.91784,0.01485,0.00266,0.0011,0.00288
CS2_36,5,138,0.93402,0.92464,0.00938,0.00266,0.00108,0.00288
CS2_36,5,139,0.9327,0.92711,0.00558,0.00266,0.00175,0.00319
CS2_36,5,140,0.93247,0.92517,0.0073,0.00266,0.00377,0.00462
CS2_36,5,141,0.92008,0.91655,0.00353,0.00266,0.00316,0.00413
CS2_36,5,142,0.92008,0.92409,0.00401,0.00266,0.00237,0.00357
CS2_36,5,143,0.92008,0.92557,0.00549,0.00266,0.0025,0.00365
CS2_36,5,144,0.92004,0.93053,0.01049,0.00266,0.00255,0.00369
CS2_36,5,145,0.92004,0.9312,0.01116,0.00266,0.00226,0.00349
CS2_36,5,146,0.91362,0.92006,0.00644,0.00266,0.00237,0.00356
CS2_36,5,147,0.91362,0.92004,0.00642,0.00266,0.00218,0.00344
CS2_36,5,148,0.91362,0.92038,0.00677,0.00266,0.00157,0.00309
CS2_36,5,149,0.91423,0.91932,0.00509,0.00266,0.00185,0.00324
CS2_36,5,150,0.91501,0.919,0.00398,0.00266,0.00147,0.00304
CS2_36,5,151,0.91501,0.92608,0.01106,0.00266,0.00162,0.00312
CS2_36,5,152,0.91423,0.92724,0.01301,0.00266,0.00197,0.00331
CS2_36,5,153,0.9099,0.9188,0.0089,0.00266,0.00173,0.00318
CS2_36,5,154,0.9099,0.91713,0.00723,0.00266,0.00141,0.00301
CS2_36,5,155,0.9099,0.91701,0.00711,0.00266,0.00117,0.00291
CS2_36,5,156,0.91067,0.91675,0.00608,0.00266,0.00101,0.00285
CS2_36,5,157,0.9107,0.91413,0.00343,0.00266,0.00095,0.00283
CS2_36,5,158,0.9107,0.92252,0.01182,0.00266,0.00113,0.00289
CS2_36,5,159,0.9107,0.92427,0.01357,0.00266,0.00199,0.00333
CS2_36,5,160,0.90686,0.91703,0.01017,0.00266,0.0013,0.00297
CS2_36,5,161,0.90686,0.9138,0.00693,0.00266,0.00138,0.003
CS2_36,5,162,0.90686,0.91487,0.008,0.00266,0.00087,0.0028
CS2_36,5,163,0.90756,0.91404,0.00647,0.00266,0.00079,0.00278
CS2_36,5,164,0.90771,0.91187,0.00416,0.00266,0.00144,0.00303
CS2_36,5,165,0.90771,0.91933,0.01162,0.00266,0.00101,0.00285
CS2_36,5,166,0.90756,0.9213,0.01374,0.00266,0.00097,0.00284
CS2_36,5,167,0.90552,0.82148,0.08405,0.00266,0.00197,0.00331
CS2_36,5,168,0.90429,0.92228,0.01799,0.00266,0.00187,0.00326
CS2_36,5,169,0.9037,0.9227,0.019,0.00266,0.00179,0.00321
CS2_36,5,170,0.90239,0.92321,0.02083,0.00266,0.00135,0.00299
CS2_36,5,171,0.9037,0.92365,0.01995,0.00266,0.00034,0.00269
CS2_36,5,172,0.90429,0.92397,0.01968,0.00266,0.00153,0.00308
CS2_36,5,173,0.90717,0.924,0.01683,0.00266,0.00151,0.00307
CS2_36,5,174,0.91009,0.92395,0.01385,0.00266,0.00068,0.00275
CS2_36,5,175,0.91017,0.9239,0.01373,0.00266,0.00128,0.00295
CS2_36,5,176,0.9104,0.92393,0.01353,0.00266,0.00123,0.00293
CS2_36,5,177,0.91124,0.92404,0.01279,0.00266,0.00045,0.0027
CS2_36,5,178,0.91168,0.92419,0.0125,0.00266,0.0006,0.00273
CS2_36,5,179,0.91168,0.92428,0.01259,0.00266,0.0004,0.00269
CS2_36,5,180,0.91168,0.92522,0.01354,0.00266,0.00023,0.00267
CS2_36,5,181,0.91156,0.92537,0.01381,0.00266,0.00049,0.00271
CS2_36,5,182,0.91156,0.91616,0.0046,0.00266,0.00031,0.00268
CS2_36,5,183,0.91156,0.91398,0.00242,0.00266,0.00048,0.00271
CS2_36,5,184,0.91616,0.91354,0.00263,0.00266,0.00114,0.0029
CS2_36,5,185,0.92171,0.91272,0.00899,0.00266,0.00115,0.0029
CS2_36,5,186,0.92195,0.91004,0.01191,0.00266,0.00109,0.00288
CS2_36,5,187,0.92195,0.91761,0.00434,0.00266,0.00207,0.00337
CS2_36,5,188,0.92195,0.91908,0.00288,0.00266,0.00375,0.0046
CS2_36,5,189,0.90879,0.91296,0.00416,0.00266,0.00329,0.00423
CS2_36,5,190,0.90879,0.90929,0.00049,0.00266,0.00355,0.00444
CS2_36,5,191,0.90673,0.90987,0.00314,0.00266,0.00263,0.00375
CS2_36,5,192,0.90673,0.91288,0.00614,0.00266,0.00223,0.00348
CS2_36,5,193,0.90853,0.91972,0.01119,0.00266,0.00247,0.00363
CS2_36,5,194,0.90853,0.92116,0.01263,0.00266,0.00293,0.00396
CS2_36,5,195,0.90673,0.91605,0.00931,0.00266,0.00229,0.00351
CS2_36,5,196,0.90853,0.91187,0.00334,0.00266,0.00206,0.00337
CS2_36,5,197,0.90853,0.91314,0.00461,0.00266,0.00233,0.00354
CS2_36,5,198,0.90336,0.91258,0.00921,0.00266,0.00245,0.00362
CS2_36,5,199,0.90313,0.80527,0.09787,0.00266,0.00204,0.00336
CS2_36,5,200,0.90664,0.91393,0.00729,0.00266,0.00265,0.00376
CS2_36,5,201,0.90313,0.91762,0.01449,0.00266,0.00285,0.0039
CS2_36,5,202,0.89964,0.91864,0.019,0.00266,0.00241,0.0036
CS2_36,5,203,0.89964,0.91011,0.01047,0.00266,0.0028,0.00387
CS2_36,5,204,0.90345,0.9102,0.00676,0.00266,0.00304,0.00404
CS2_36,5,205,0.90117,0.90973,0.00856,0.00266,0.00256,0.0037
CS2_36,5,206,0.90117,0.90955,0.00838,0.00266,0.00183,0.00323
CS2_36,5,207,0.90345,0.90973,0.00629,0.00266,0.00209,0.00338
CS2_36,5,208,0.90117,0.91638,0.01521,0.00266,0.00198,0.00332
CS2_36,5,209,0.90051,0.91746,0.01695,0.00266,0.00262,0.00374
CS2_36,5,210,0.89792,0.90998,0.01206,0.00266,0.00254,0.00368
CS2_36,5,211,0.89792,0.90957,0.01165,0.00266,0.00256,0.0037
CS2_36,5,212,0.89792,0.91005,0.01213,0.00266,0.00181,0.00322
CS2_36,5,213,0.89792,0.91679,0.01887,0.00266,0.00253,0.00368
CS2_36,5,214,0.89792,0.91774,0.01982,0.00266,0.00235,0.00355
CS2_36,5,215,0.88891,0.91772,0.02881,0.00266,0.0023,0.00352
CS2_36,5,216,0.88891,0.91787,0.02896,0.00266,0.00312,0.0041
CS2_36,5,217,0.88891,0.91802,0.02911,0.00266,0.00303,0.00404
CS2_36,5,218,0.90061,0.91809,0.01748,0.00266,0.00169,0.00315
CS2_36,5,219,0.90274,0.91829,0.01555,0.00266,0.0005,0.00271
CS2_36,5,220,0.90311,0.91908,0.01597,0.00266,0.0012,0.00292
CS2_36,5,221,0.90374,0.91896,0.01522,0.00266,0.00175,0.00319
CS2_36,5,222,0.90374,0.919,0.01526,0.00266,0.00223,0.00347
CS2_36,5,223,0.90374,0.82178,0.08196,0.00266,0.00099,0.00284
CS2_36,5,224,0.90314,0.91873,0.01559,0.00266,0.00056,0.00272
CS2_36,5,225,0.90314,0.91874,0.01561,0.00266,0.00059,0.00273
CS2_36,5,226,0.90314,0.91879,0.01565,0.00266,0.00042,0.0027
CS2_36,5,227,0.90445,0.9187,0.01425,0.00266,0.00045,0.0027
CS2_36,5,228,0.90471,0.91876,0.01405,0.00266,0.00028,0.00268
CS2_36,5,229,0.90482,0.91876,0.01394,0.00266,0.00049,0.00271
CS2_36,5,230,0.90509,0.91867,0.01358,0.00266,0.00081,0.00278
CS2_36,5,231,0.90504,0.91858,0.01354,0.00266,0.001,0.00285
CS2_36,5,232,0.90504,0.91079,0.00575,0.00266,0.00153,0.00307
CS2_36,5,233,0.90529,0.91009,0.00479,0.00266,0.00074,0.00277
CS2_36,5,234,0.91062,0.90922,0.0014,0.00266,0.001,0.00285
CS2_36,5,235,0.91484,0.90685,0.00799,0.00266,0.00087,0.0028
CS2_36,5,236,0.91539,0.90482,0.01057,0.00266,0.00052,0.00271
CS2_36,5,237,0.91539,0.91173,0.00366,0.00266,0.00197,0.00331
CS2_36,5,238,0.91484,0.91345,0.00139,0.00266,0.00376,0.0046
CS2_36,5,239,0.90099,0.90879,0.0078,0.00266,0.0028,0.00386
CS2_36,5,240,0.90099,0.90466,0.00366,0.00266,0.00333,0.00426
CS2_36,5,241,0.90099,0.90492,0.00393,0.00266,0.00289,0.00393
CS2_36,5,242,0.90111,0.91808,0.01697,0.00266,0.00174,0.00318
CS2_36,5,243,0.90137,0.92254,0.02117,0.00266,0.00285,0.0039
CS2_36,5,244,0.90494,0.92478,0.01984,0.00266,0.00355,0.00444
CS2_36,5,245,0.90137,0.921,0.01962,0.00266,0.00323,0.00419
CS2_36,5,246,0.90494,0.91418,0.00923,0.00266,0.0014,0.00301
CS2_36,5,247,0.90903,0.91384,0.00481,0.00266,0.00145,0.00304
CS2_36,5,248,0.91337,0.91317,0.00019,0.00266,0.00143,0.00302
CS2_36,5,249,0.91337,0.9067,0.00667,0.00266,0.00369,0.00455
CS2_36,5,250,0.91337,0.90423,0.00914,0.00266,0.00488,0.00556
CS2_36,5,251,0.89685,0.91213,0.01528,0.00266,0.00491,0.00558
CS2_36,5,252,0.89388,0.91373,0.01985,0.00266,0.00389,0.00471
CS2_36,5,253,0.89388,0.90937,0.01549,0.00266,0.0043,0.00506
CS2_36,5,254,0.89444,0.90416,0.00972,0.00266,0.00698,0.00747
CS2_36,5,255,0.89444,0.90441,0.00997,0.00266,0.00444,0.00518
CS2_36,5,256,0.90334,0.90499,0.00165,0.00266,0.00373,0.00458
CS2_36,5,257,0.90334,0.90438,0.00104,0.00266,0.0049,0.00558
CS2_36,5,258,0.90334,0.90294,0.00041,0.00266,0.00362,0.0045
CS2_36,5,259,0.89195,0.90321,0.01126,0.00266,0.0012,0.00292
CS2_36,5,260,0.89172,0.90946,0.01774,0.00266,0.00217,0.00344
CS2_36,5,261,0.88602,0.91221,0.02619,0.00266,0.00358,0.00447
CS2_36,5,262,0.88602,0.91186,0.02584,0.00266,0.00154,0.00308
CS2_36,5,263,0.88602,0.90315,0.01713,0.00266,0.00166,0.00314
CS2_36,5,264,0.88602,0.904,0.01798,0.00266,0.0042,0.00497
CS2_36,5,265,0.89159,0.90224,0.01066,0.00266,0.00348,0.00439
CS2_36,5,266,0.89272,0.90108,0.00836,0.00266,0.00178,0.0032
CS2_36,5,267,0.89326,0.90328,0.01002,0.00266,0.00246,0.00363
CS2_36,5,268,0.89326,0.90769,0.01443,0.00266,0.0029,0.00394
CS2_36,5,269,0.89272,0.90859,0.01587,0.00266,0.00346,0.00437
CS2_36,5,270,0.89193,0.89888,0.00695,0.00266,0.00335,0.00428
CS2_36,5,271,0.89193,0.89909,0.00716,0.00266,0.00262,0.00373
CS2_36,5,272,0.89193,0.89876,0.00683,0.00266,0.00116,0.00291
CS2_36,5,273,0.89193,0.89877,0.00684,0.00266,0.00069,0.00275
CS2_36,5,274,0.89239,0.89847,0.00608,0.00266,0.00163,0.00312
CS2_36,5,275,0.89239,0.90379,0.0114,0.00266,0.00335,0.00428
CS2_36,5,276,0.89136,0.90486,0.0135,0.00266,0.00337,0.0043
CS2_36,5,277,0.88179,0.90535,0.02357,0.00266,0.00292,0.00395
CS2_36,5,278,0.88179,0.90568,0.02389,0.00266,0.00286,0.00391
CS2_36,5,279,0.88179,0.90606,0.02427,0.00266,0.00238,0.00357
CS2_36,5,280,0.88401,0.90639,0.02238,0.00266,0.00152,0.00307
CS2_36,5,281,0.88591,0.90701,0.0211,0.00266,0.00124,0.00294
CS2_36,5,282,0.88622,0.90695,0.02073,0.00266,0.00174,0.00318
CS2_36,5,283,0.88699,0.90728,0.02029,0.00266,0.0011,0.00288
CS2_36,5,284,0.88729,0.90679,0.0195,0.00266,0.00083,0.00279
CS2_36,5,285,0.88789,0.90646,0.01858,0.00266,0.00051,0.00271
CS2_36,5,286,0.88872,0.90747,0.01875,0.00266,0.00056,0.00272
CS2_36,5,287,0.88889,0.907,0.01811,0.00266,0.00031,0.00268
CS2_36,5,288,0.89004,0.90729,0.01725,0.00266,0.00018,0.00267
CS2_36,5,289,0.89146,0.90739,0.01593,0.00266,0.00025,0.00268
CS2_36,5,290,0.89146,0.90783,0.01637,0.00266,0.0005,0.00271
CS2_36,5,291,0.89146,0.90456,0.0131,0.00266,0.00143,0.00302
CS2_36,5,292,0.89146,0.89472,0.00326,0.00266,0.00083,0.00279
CS2_36,5,293,0.89146,0.89597,0.00451,0.00266,0.0011,0.00288
CS2_36,5,294,0.89747,0.89419,0.00328,0.00266,0.00101,0.00285
CS2_36,5,295,0.90164,0.89255,0.00909,0.00266,0.00138,0.003
CS2_36,5,296,0.90164,0.89619,0.00545,0.00266,0.0019,0.00327
CS2_36,5,297,0.90164,0.90055,0.00109,0.00266,0.00263,0.00375
CS2_36,5,298,0.89747,0.90131,0.00383,0.00266,0.00443,0.00517
CS2_36,5,299,0.88959,0.89094,0.00135,0.00266,0.00409,0.00488
CS2_36,5,300,0.88868,0.89042,0.00174,0.00266,0.003,0.00401
CS2_36,5,301,0.88451,0.89062,0.00611,0.00266,0.0018,0.00321
CS2_36,5,302,0.88058,0.89034,0.00976,0.00266,0.00152,0.00307
CS2_36,5,303,0.88058,0.88793,0.00734,0.00266,0.00128,0.00296
CS2_36,5,304,0.88058,0.89531,0.01473,0.00266,0.00169,0.00316
CS2_36,5,305,0.87904,0.89655,0.01751,0.00266,0.00153,0.00307
CS2_36,5,307,0.87517,0.89811,0.02294,0.00266,0.00138,0.003
CS2_36,5,308,0.87517,0.89721,0.02204,0.00266,0.00283,0.00389
CS2_36,5,309,0.88367,0.90178,0.01811,0.00266,0.0029,0.00394
CS2_36,5,310,0.88367,0.90388,0.0202,0.00266,0.00233,0.00354
CS2_36,5,311,0.88453,0.90424,0.01971,0.00266,0.00243,0.0036
CS2_36,5,312,0.88866,0.89305,0.00439,0.00266,0.00216,0.00343
CS2_36,5,313,0.88885,0.89295,0.0041,0.00266,0.00266,0.00376
CS2_36,5,314,0.89116,0.89198,0.00082,0.00266,0.00157,0.00309
CS2_36,5,315,0.89116,0.89135,0.00019,0.00266,0.00258,0.00371
CS2_36,5,316,0.89248,0.89218,0.0003,0.00266,0.00173,0.00318
CS2_36,5,317,0.89248,0.89691,0.00442,0.00266,0.00116,0.00291
CS2_36,5,318,0.88996,0.89775,0.00779,0.00266,0.00261,0.00373
CS2_36,5,319,0.88077,0.89803,0.01726,0.00266,0.00261,0.00373
CS2_36,5,320,0.88077,0.89817,0.0174,0.00266,0.00218,0.00344
CS2_36,5,321,0.88077,0.89878,0.01801,0.00266,0.00144,0.00303
CS2_36,5,322,0.88051,0.89875,0.01825,0.00266,0.0013,0.00297
CS2_36,5,323,0.88164,0.89862,0.01698,0.00266,0.00161,0.00312
CS2_36,5,324,0.88246,0.89833,0.01587,0.00266,0.00214,0.00342
CS2_36,5,325,0.88246,0.89814,0.01567,0.00266,0.00204,0.00336
CS2_36,5,326,0.88257,0.89781,0.01524,0.00266,0.00031,0.00268
CS2_36,5,327,0.88257,0.79164,0.09093,0.00266,0.00128,0.00296
CS2_36,5,328,0.88371,0.89738,0.01366,0.00266,0.0011,0.00288
CS2_36,5,329,0.88452,0.8974,0.01288,0.00266,0.00096,0.00283
CS2_36,5,330,0.88472,0.89734,0.01261,0.00266,0.00057,0.00272
CS2_36,5,331,0.88472,0.79216,0.09256,0.00266,0.00258,0.00371
CS2_36,5,332,0.88472,0.89708,0.01235,0.00266,0.00159,0.0031
CS2_36,5,333,0.88472,0.89683,0.0121,0.00266,0.0006,0.00273
CS2_36,5,334,0.88472,0.886,0.00128,0.00266,0.00057,0.00273
CS2_36,5,335,0.88498,0.88338,0.0016,0.00266,0.00176,0.00319
CS2_36,5,336,0.8879,0.88254,0.00535,0.00266,0.00169,0.00315
CS2_36,5,337,0.89338,0.88091,0.01247,0.00266,0.00145,0.00304
CS2_36,5,338,0.89364,0.87862,0.01502,0.00266,0.00105,0.00286
CS2_36,5,339,0.89364,0.88773,0.00591,0.00266,0.00122,0.00293
CS2_36,5,340,0.89338,0.88913,0.00425,0.00266,0.00315,0.00412
CS2_36,5,341,0.88035,0.88271,0.00236,0.00266,0.00274,0.00382
CS2_36,5,342,0.88035,0.87788,0.00247,0.00266,0.00299,0.00401
CS2_36,5,343,0.87616,0.87805,0.00189,0.00266,0.00239,0.00358
CS2_36,5,344,0.87501,0.87644,0.00143,0.00266,0.00178,0.00321
CS2_36,5,345,0.87459,0.87677,0.00218,0.00266,0.00093,0.00282
CS2_36,5,346,0.87375,0.88177,0.00802,0.00266,0.00117,0.00291
CS2_36,5,347,0.87096,0.88331,0.01234,0.00266,0.0017,0.00316
CS2_36,5,348,0.86948,0.8839,0.01442,0.00266,0.00092,0.00282
CS2_36,5,349,0.86948,0.87405,0.00457,0.00266,0.00101,0.00285
CS2_36,5,350,0.86948,0.87354,0.00406,0.00266,0.00115,0.0029
CS2_36,5,351,0.86948,0.87183,0.00235,0.00266,0.00106,0.00287
CS2_36,5,352,0.86749,0.8723,0.00482,0.00266,0.00059,0.00273
CS2_36,5,353,0.86961,0.87375,0.00414,0.00266,0.00145,0.00304
CS2_36,5,354,0.86749,0.87954,0.01205,0.00266,0.00101,0.00285
CS2_36,5,355,0.867,0.88042,0.01342,0.00266,0.00129,0.00296
CS2_36,5,356,0.86276,0.87188,0.00912,0.00266,0.00132,0.00297
CS2_36,5,357,0.86276,0.87518,0.01242,0.00266,0.00186,0.00325
CS2_36,5,358,0.86276,0.87374,0.01098,0.00266,0.00199,0.00332
CS2_36,5,359,0.86652,0.87015,0.00362,0.00266,0.0013,0.00297
CS2_36,5,360,0.86652,0.87834,0.01182,0.00266,0.00212,0.00341
CS2_36,5,361,0.86652,0.87964,0.01311,0.00266,0.00271,0.0038
CS2_36,5,362,0.86139,0.87178,0.01039,0.00266,0.00193,0.00329
CS2_36,5,363,0.86139,0.86794,0.00655,0.00266,0.00196,0.00331
CS2_36,5,364,0.86139,0.86814,0.00675,0.00266,0.00172,0.00317
CS2_36,5,365,0.86494,0.8673,0.00236,0.00266,0.0007,0.00276
CS2_36,5,366,0.86494,0.86529,0.00034,0.00266,0.0003,0.00268
CS2_36,5,367,0.86494,0.87191,0.00697,0.00266,0.00053,0.00272
CS2_36,5,368,0.86429,0.87389,0.00961,0.00266,0.00136,0.00299
CS2_36,5,369,0.86025,0.8744,0.01415,0.00266,0.00248,0.00364
CS2_36,5,370,0.85748,0.87457,0.01709,0.00266,0.00229,0.00351
CS2_36,5,371,0.8569,0.87484,0.01795,0.00266,0.0008,0.00278
CS2_36,5,372,0.85522,0.87618,0.02096,0.00266,0.00033,0.00269
CS2_36,5,373,0.8569,0.87661,0.01971,0.00266,0.00068,0.00275
CS2_36,5,374,0.8569,0.87691,0.02002,0.00266,0.00156,0.00309
CS2_36,5,375,0.85813,0.87713,0.01901,0.00266,0.00136,0.00299
CS2_36,5,376,0.85936,0.87722,0.01786,0.00266,0.00059,0.00273
CS2_36,5,377,0.86018,0.87722,0.01704,0.00266,0.00021,0.00267
CS2_36,5,378,0.86036,0.8772,0.01684,0.00266,0.00028,0.00268
CS2_36,5,379,0.86169,0.87719,0.0155,0.00266,0.00021,0.00267
CS2_36,5,380,0.86291,0.87731,0.0144,0.00266,0.00028,0.00268
CS2_36,5,381,0.86316,0.87772,0.01456,0.00266,0.00022,0.00267
CS2_36,5,383,0.86379,0.87722,0.01343,0.00266,0.00149,0.00305
CS2_36,5,384,0.86332,0.87672,0.01341,0.00266,0.00089,0.00281
CS2_36,5,385,0.86332,0.8635,0.00019,0.00266,0.00058,0.00273
CS2_36,5,386,0.86379,0.86198,0.00181,0.00266,0.00129,0.00296
CS2_36,5,387,0.87102,0.86129,0.00972,0.00266,0.00051,0.00271
CS2_36,5,388,0.87224,0.86027,0.01197,0.00266,0.00156,0.00309
CS2_36,5,389,0.87304,0.85949,0.01355,0.00266,0.00118,0.00291
CS2_36,5,390,0.87304,0.86733,0.00572,0.00266,0.00125,0.00294
CS2_36,5,391,0.87224,0.86891,0.00333,0.00266,0.00256,0.0037
CS2_36,5,392,0.85929,0.86026,0.00096,0.00266,0.00374,0.0046
CS2_36,5,393,0.85649,0.85715,0.00066,0.00266,0.003,0.00402
CS2_36,5,394,0.85531,0.85811,0.0028,0.00266,0.00228,0.0035
CS2_36,5,395,0.84991,0.85574,0.00583,0.00266,0.00175,0.00319
CS2_36,5,396,0.8484,0.8532,0.0048,0.00266,0.00173,0.00317
CS2_36,5,397,0.8484,0.86212,0.01372,0.00266,0.00198,0.00332
CS2_36,5,398,0.84825,0.8651,0.01686,0.00266,0.00171,0.00317
CS2_36,5,399,0.8451,0.86312,0.01802,0.00266,0.00182,0.00322
CS2_36,5,400,0.84825,0.85319,0.00495,0.00266,0.00175,0.00319
CS2_36,5,401,0.84544,0.8536,0.00816,0.00266,0.00178,0.0032
CS2_36,5,402,0.84544,0.85497,0.00953,0.00266,0.00154,0.00308
CS2_36,5,403,0.84617,0.85346,0.00728,0.00266,0.00075,0.00277
CS2_36,5,404,0.84639,0.8548,0.00841,0.00266,0.00112,0.00289
CS2_36,5,405,0.84617,0.86222,0.01605,0.00266,0.00145,0.00303
CS2_36,5,406,0.84617,0.86344,0.01727,0.00266,0.00159,0.0031
CS2_36,5,407,0.84476,0.85879,0.01403,0.00266,0.00162,0.00312
CS2_36,5,408,0.84476,0.85869,0.01393,0.00266,0.00367,0.00454
CS2_36,5,409,0.84476,0.85606,0.0113,0.00266,0.00158,0.0031
CS2_36,5,410,0.84693,0.85265,0.00572,0.00266,0.00189,0.00327
CS2_36,5,411,0.85015,0.85053,0.00038,0.00266,0.00164,0.00313
CS2_36,5,412,0.85045,0.85072,0.00026,0.00266,0.0012,0.00292
CS2_36,5,413,0.85015,0.8504,0.00025,0.00266,0.00136,0.00299
CS2_36,5,414,0.85015,0.8494,0.00075,0.00266,0.00169,0.00316
CS2_36,5,415,0.84727,0.84717,0.0001,0.00266,0.0018,0.00322
CS2_36,5,416,0.84382,0.85519,0.01137,0.00266,0.00119,0.00292
CS2_36,5,417,0.84327,0.85715,0.01388,0.00266,0.00094,0.00282
CS2_36,5,418,0.8414,0.85786,0.01646,0.00266,0.00069,0.00275
CS2_36,5,419,0.83649,0.8582,0.02171,0.00266,0.0006,0.00273
CS2_36,5,420,0.83486,0.85838,0.02352,0.00266,0.00066,0.00275
CS2_36,5,421,0.83486,0.85856,0.0237,0.00266,0.00098,0.00284
CS2_36,5,422,0.83486,0.85875,0.02389,0.00266,0.00195,0.0033
CS2_36,5,423,0.83244,0.84586,0.01342,0.00266,0.00144,0.00303
CS2_36,5,424,0.83225,0.84348,0.01123,0.00266,0.00133,0.00298
CS2_36,5,425,0.83416,0.84795,0.01378,0.00266,0.00203,0.00335
CS2_36,5,426,0.83104,0.84949,0.01845,0.00266,0.00153,0.00307
CS2_36,5,427,0.83091,0.84955,0.01865,0.00266,0.0014,0.00301
CS2_36,5,428,0.83091,0.83712,0.00621,0.00266,0.00204,0.00335
CS2_36,5,429,0.83091,0.83624,0.00533,0.00266,0.00184,0.00324
CS2_36,5,430,0.82903,0.83773,0.0087,0.00266,0.00182,0.00323
CS2_36,5,431,0.8244,0.83644,0.01203,0.00266,0.00176,0.0032
CS2_36,5,432,0.8244,0.83436,0.00996,0.00266,0.00164,0.00313
CS2_36,5,433,0.82635,0.8421,0.01575,0.00266,0.00178,0.00321
CS2_36,5,434,0.82802,0.84276,0.01473,0.00266,0.00115,0.0029
CS2_36,5,435,0.82635,0.83672,0.01038,0.00266,0.00181,0.00322
CS2_36,5,436,0.82635,0.83062,0.00427,0.00266,0.00177,0.0032
CS2_36,5,437,0.82484,0.83001,0.00517,0.00266,0.00148,0.00305
CS2_36,5,438,0.82355,0.83131,0.00777,0.00266,0.00109,0.00288
CS2_36,5,439,0.82262,0.8314,0.00878,0.00266,0.00074,0.00277
CS2_36,5,440,0.82355,0.83109,0.00755,0.00266,0.00129,0.00296
CS2_36,5,441,0.82262,0.83863,0.01601,0.00266,0.00124,0.00294
CS2_36,5,442,0.82252,0.83955,0.01703,0.00266,0.00101,0.00285
CS2_36,5,443,0.82252,0.82851,0.00599,0.00266,0.00106,0.00287
CS2_36,5,444,0.8219,0.82194,3e-05,0.00266,0.00132,0.00298
CS2_36,5,445,0.81793,0.8247,0.00677,0.00266,0.00111,0.00289
CS2_36,5,446,0.81793,0.82623,0.0083,0.00266,0.00112,0.00289
CS2_36,5,447,0.81644,0.8225,0.00606,0.00266,0.00143,0.00302
CS2_36,5,448,0.81793,0.83027,0.01234,0.00266,0.00183,0.00323
CS2_36,5,449,0.81793,0.83339,0.01546,0.00266,0.00182,0.00322
CS2_36,5,450,0.81722,0.83418,0.01696,0.00266,0.00139,0.00301
CS2_36,5,451,0.81595,0.82054,0.00459,0.00266,0.00164,0.00313
CS2_36,5,452,0.81595,0.81754,0.00159,0.00266,0.00177,0.0032
CS2_36,5,453,0.811,0.81948,0.00847,0.00266,0.00172,0.00317
CS2_36,5,454,0.811,0.82246,0.01146,0.00266,0.00128,0.00296
CS2_36,5,455,0.81038,0.81911,0.00874,0.00266,0.00087,0.0028
CS2_36,5,456,0.811,0.82818,0.01717,0.00266,0.0017,0.00316
CS2_36,5,457,0.81303,0.82999,0.01696,0.00266,0.00147,0.00304
CS2_36,5,458,0.81303,0.83064,0.01761,0.00266,0.00152,0.00307
CS2_36,5,459,0.81356,0.83103,0.01747,0.00266,0.00111,0.00289
CS2_36,5,460,0.81541,0.83109,0.01568,0.00266,0.00066,0.00274
CS2_36,5,461,0.81541,0.83141,0.016,0.00266,0.00078,0.00278
CS2_36,5,462,0.81556,0.83219,0.01664,0.00266,0.00047,0.00271
CS2_36,5,463,0.81623,0.83195,0.01573,0.00266,0.00041,0.0027
CS2_36,5,464,0.81706,0.83166,0.0146,0.00266,0.00026,0.00268
CS2_36,5,465,0.81765,0.83151,0.01386,0.00266,0.00035,0.00269
CS2_36,5,466,0.81771,0.83103,0.01332,0.00266,0.00019,0.00267
CS2_36,5,467,0.81843,0.83071,0.01228,0.00266,0.00014,0.00267
CS2_36,5,468,0.81886,0.83028,0.01141,0.00266,0.00015,0.00267
CS2_36,5,469,0.81896,0.83016,0.0112,0.00266,0.00017,0.00267
CS2_36,5,470,0.81911,0.83003,0.01092,0.00266,0.00017,0.00267
CS2_36,5,471,0.81911,0.82982,0.01071,0.00266,0.00024,0.00268
CS2_36,5,472,0.81896,0.82949,0.01053,0.00266,0.0003,0.00268
CS2_36,5,473,0.81849,0.82381,0.00532,0.00266,0.00089,0.00281
CS2_36,5,474,0.81837,0.82023,0.00186,0.00266,0.00113,0.0029
CS2_36,5,475,0.81837,0.82759,0.00922,0.00266,0.00037,0.00269
CS2_36,5,476,0.81849,0.82964,0.01115,0.00266,0.00018,0.00267
CS2_36,5,477,0.82006,0.82975,0.00969,0.00266,0.00047,0.00271
CS2_36,5,478,0.82006,0.81377,0.00628,0.00266,0.00183,0.00324
CS2_36,5,479,0.82006,0.81235,0.00771,0.00266,0.00218,0.00344
CS2_36,5,480,0.81209,0.81262,0.00053,0.00266,0.00237,0.00356
CS2_36,5,481,0.80889,0.81237,0.00348,0.00266,0.00179,0.00321
CS2_36,5,482,0.8085,0.80933,0.00084,0.00266,0.00135,0.00299
CS2_36,5,483,0.80804,0.81923,0.01119,0.00266,0.0023,0.00352
CS2_36,5,484,0.80539,0.82173,0.01633,0.00266,0.00162,0.00312
CS2_36,5,485,0.80531,0.81873,0.01342,0.00266,0.00139,0.003
CS2_36,5,486,0.80401,0.80721,0.00321,0.00266,0.00076,0.00277
CS2_36,5,487,0.79931,0.80852,0.00922,0.00266,0.00139,0.00301
CS2_36,5,488,0.79738,0.80734,0.00996,0.00266,0.0013,0.00296
CS2_36,5,489,0.79718,0.80571,0.00853,0.00266,0.00088,0.00281
CS2_36,5,490,0.79588,0.8027,0.00682,0.00266,0.0008,0.00278
CS2_36,5,491,0.79738,0.81453,0.01715,0.00266,0.00139,0.00301
CS2_36,5,492,0.79738,0.81616,0.01877,0.00266,0.00196,0.00331
CS2_36,5,493,0.7943,0.80848,0.01418,0.00266,0.00154,0.00308
CS2_36,5,494,0.79386,0.79911,0.00525,0.00266,0.00081,0.00279
CS2_36,5,495,0.79299,0.80041,0.00743,0.00266,0.00102,0.00285
CS2_36,5,496,0.79225,0.80054,0.00828,0.00266,0.00087,0.0028
CS2_36,5,499,0.79169,0.80155,0.00986,0.00266,0.00154,0.00308
CS2_36,5,500,0.79169,0.8043,0.01261,0.00266,0.00174,0.00319
CS2_36,5,501,0.78829,0.79107,0.00279,0.00266,0.00206,0.00337
CS2_36,5,507,0.78141,0.79177,0.01036,0.00266,0.00159,0.00311
CS2_36,5,508,0.77354,0.79529,0.02175,0.00266,0.00181,0.00322
CS2_36,5,509,0.77354,0.79709,0.02355,0.00266,0.00239,0.00358
CS2_36,5,510,0.78141,0.79819,0.01678,0.00266,0.00134,0.00298
CS2_36,5,511,0.78183,0.79897,0.01714,0.00266,0.00044,0.0027
CS2_36,5,512,0.78183,0.8012,0.01937,0.00266,0.00093,0.00282
CS2_36,5,513,0.78257,0.80164,0.01907,0.00266,0.00151,0.00306
CS2_36,5,514,0.78257,0.80207,0.0195,0.00266,0.00131,0.00297
CS2_36,5,515,0.78464,0.80091,0.01627,0.00266,0.00131,0.00297
CS2_36,5,516,0.78646,0.8,0.01354,0.00266,0.00086,0.0028
CS2_36,5,517,0.78695,0.7996,0.01264,0.00266,0.00037,0.00269
CS2_36,5,518,0.78877,0.79916,0.01039,0.00266,0.0003,0.00268
CS2_36,5,519,0.78959,0.79859,0.009,0.00266,0.0004,0.00269
CS2_36,5,520,0.78959,0.79876,0.00917,0.00266,0.0005,0.00271
CS2_36,5,521,0.78959,0.7988,0.00921,0.00266,0.00062,0.00274
CS2_36,5,522,0.78927,0.79867,0.0094,0.00266,0.00066,0.00275
CS2_36,5,527,0.77449,0.7937,0.0192,0.00266,0.00289,0.00393
CS2_37,5,1,0.98578,0.99947,0.01369,0.00326,,
CS2_37,5,2,0.97559,0.99399,0.0184,0.00326,,
CS2_37,5,3,0.98081,0.98317,0.00236,0.00326,,
CS2_37,5,4,0.97894,0.97936,0.00042,0.00326,0.00154,0.0036
CS2_37,5,5,0.97707,0.97644,0.00063,0.00326,0.00143,0.00356
CS2_37,5,6,0.974,0.97265,0.00134,0.00326,0.00123,0.00348
CS2_37,5,7,0.974,0.97825,0.00425,0.00326,0.00057,0.00331
CS2_37,5,8,0.97281,0.98009,0.00728,0.00326,0.00109,0.00344
CS2_37,5,9,0.9727,0.98023,0.00754,0.00326,0.00111,0.00344
CS2_37,5,10,0.97069,0.97987,0.00918,0.00326,0.0016,0.00363
CS2_37,5,11,0.97069,0.97947,0.00878,0.00326,0.00185,0.00375
CS2_37,5,12,0.96762,0.88448,0.08314,0.00326,0.0014,0.00355
CS2_37,5,13,0.97069,0.97869,0.00799,0.00326,0.00154,0.0036
CS2_37,5,14,0.97159,0.97826,0.00667,0.00326,0.00127,0.0035
CS2_37,5,15,0.9732,0.97753,0.00433,0.00326,0.00074,0.00334
CS2_37,5,16,0.9732,0.97687,0.00367,0.00326,0.00082,0.00336
CS2_37,5,17,0.97374,0.97629,0.00255,0.00326,0.00036,0.00328
CS2_37,5,18,0.97385,0.9757,0.00185,0.00326,0.00082,0.00336
CS2_37,5,19,0.97404,0.97527,0.00123,0.00326,0.00053,0.0033
CS2_37,5,20,0.97421,0.97484,0.00063,0.00326,0.00068,0.00333
CS2_37,5,21,0.97421,0.97411,0.0001,0.00326,0.00101,0.00341
CS2_37,5,22,0.97404,0.97347,0.00057,0.00326,0.00032,0.00327
CS2_37,5,23,0.97353,0.96787,0.00566,0.00326,0.00148,0.00358
CS2_37,5,24,0.97351,0.95759,0.01592,0.00326,0.00071,0.00333
CS2_37,5,25,0.97216,0.95464,0.01752,0.00326,0.00082,0.00336
CS2_37,5,26,0.97205,0.95219,0.01986,0.00326,0.0007,0.00333
CS2_37,5,27,0.97168,0.9496,0.02208,0.00326,0.00051,0.0033
CS2_37,5,28,0.97205,0.95756,0.01449,0.00326,0.0005,0.0033
CS2_37,5,29,0.97168,0.96062,0.01106,0.00326,0.00058,0.00331
CS2_37,5,30,0.96905,0.95783,0.01122,0.00326,0.00124,0.00349
CS2_37,5,31,0.96274,0.94786,0.01488,0.00326,0.00145,0.00356
CS2_37,5,32,0.95651,0.94492,0.01159,0.00326,0.00199,0.00382
CS2_37,5,33,0.95322,0.94392,0.0093,0.00326,0.00047,0.00329
CS2_37,5,34,0.95189,0.94168,0.0102,0.00326,0.00014,0.00326
CS2_37,5,35,0.95189,0.95026,0.00163,0.00326,0.00019,0.00326
CS2_37,5,36,0.94728,0.95315,0.00587,0.00326,0.00057,0.00331
CS2_37,5,37,0.9469,0.95379,0.00689,0.00326,0.0006,0.00331
CS2_37,5,38,0.9469,0.94053,0.00637,0.00326,0.00152,0.0036
CS2_37,5,39,0.94481,0.93967,0.00514,0.00326,0.00151,0.00359
CS2_37,5,40,0.94369,0.93843,0.00526,0.00326,0.00115,0.00345
CS2_37,5,41,0.94351,0.93703,0.00648,0.00326,0.00105,0.00342
CS2_37,5,42,0.94481,0.94092,0.00389,0.00326,0.00138,0.00354
CS2_37,5,43,0.94091,0.94629,0.00538,0.00326,0.001,0.00341
CS2_37,5,44,0.94011,0.948,0.00789,0.00326,0.00099,0.00341
CS2_37,5,45,0.93688,0.93647,0.00041,0.00326,0.00123,0.00348
CS2_37,5,46,0.93557,0.93509,0.00049,0.00326,0.00169,0.00367
CS2_37,5,47,0.93536,0.93383,0.00154,0.00326,0.00141,0.00355
CS2_37,5,48,0.93522,0.93245,0.00277,0.00326,0.00046,0.00329
CS2_37,5,49,0.93557,0.97302,0.03745,0.00326,0.0019,0.00377
CS2_37,5,50,0.93557,0.96973,0.03416,0.00326,0.00425,0.00536
CS2_37,5,51,0.95241,0.97348,0.02108,0.00326,0.00336,0.00468
CS2_37,5,52,0.95421,0.97298,0.01877,0.00326,0.00225,0.00396
CS2_37,5,53,0.95447,0.96364,0.00917,0.00326,0.00212,0.00389
CS2_37,5,54,0.96088,0.95957,0.00132,0.00326,0.0016,0.00363
CS2_37,5,55,0.95677,0.95802,0.00124,0.00326,0.0023,0.00399
CS2_37,5,56,0.95677,0.85537,0.1014,0.00326,0.00284,0.00432
CS2_37,5,57,0.95969,0.94817,0.01152,0.00326,0.00183,0.00373
CS2_37,5,58,0.95969,0.95194,0.00774,0.00326,0.00229,0.00398
CS2_37,5,59,0.95917,0.94962,0.00955,0.00326,0.00138,0.00354
CS2_37,5,60,0.95917,0.94193,0.01724,0.00326,0.0017,0.00368
CS2_37,5,61,0.95917,0.94063,0.01854,0.00326,0.00146,0.00357
CS2_37,5,62,0.95559,0.93883,0.01676,0.00326,0.00104,0.00342
CS2_37,5,63,0.95471,0.93713,0.01758,0.00326,0.00172,0.00368
CS2_37,5,64,0.94666,0.93319,0.01347,0.00326,0.00237,0.00403
CS2_37,5,65,0.94465,0.93601,0.00864,0.00326,0.00278,0.00429
CS2_37,5,66,0.93956,0.93547,0.00409,0.00326,0.00072,0.00334
CS2_37,5,67,0.93933,0.92982,0.00951,0.00326,0.00065,0.00332
CS2_37,5,68,0.93719,0.92825,0.00894,0.00326,0.00084,0.00336
CS2_37,5,69,0.93414,0.92796,0.00619,0.00326,0.00111,0.00344
CS2_37,5,70,0.93228,0.92698,0.0053,0.00326,0.00113,0.00345
CS2_37,5,71,0.93167,0.92309,0.00857,0.00326,0.00041,0.00328
CS2_37,5,72,0.93094,0.92815,0.00279,0.00326,0.00022,0.00327
CS2_37,5,73,0.9284,0.92786,0.00054,0.00326,0.0002,0.00326
CS2_37,5,74,0.92759,0.92704,0.00055,0.00326,0.00018,0.00326
CS2_37,5,75,0.92588,0.926,0.00013,0.00326,0.00048,0.00329
CS2_37,5,76,0.92565,0.92513,0.00052,0.00326,0.00049,0.00329
CS2_37,5,77,0.92485,0.8229,0.10194,0.00326,0.00071,0.00334
CS2_37,5,78,0.92464,0.92465,2e-05,0.00326,0.00043,0.00329
CS2_37,5,79,0.92326,0.92315,0.0001,0.00326,0.00076,0.00335
CS2_37,5,80,0.92215,0.9221,4e-05,0.00326,0.00063,0.00332
CS2_37,5,81,0.922,0.92137,0.00063,0.00326,0.00019,0.00326
CS2_37,5,82,0.922,0.92049,0.00152,0.00326,0.00024,0.00327
CS2_37,5,83,0.922,0.9197,0.0023,0.00326,0.00059,0.00331
CS2_37,5,84,0.92031,0.91901,0.0013,0.00326,0.00075,0.00334
CS2_37,5,85,0.92027,0.91891,0.00136,0.00326,0.001,0.00341
CS2_37,5,86,0.91891,0.81574,0.10317,0.00326,0.00019,0.00326
CS2_37,5,87,0.91834,0.91708,0.00126,0.00326,0.0011,0.00344
CS2_37,5,88,0.917,0.91655,0.00046,0.00326,0.00073,0.00334
CS2_37,5,89,0.91671,0.80926,0.10745,0.00326,0.00312,0.00451
CS2_37,5,90,0.91445,0.90504,0.00942,0.00326,0.00254,0.00413
CS2_37,5,91,0.91445,0.90368,0.01077,0.00326,0.00188,0.00376
CS2_37,5,92,0.91445,0.90245,0.01201,0.00326,0.00035,0.00328
CS2_37,5,93,0.91314,0.91756,0.00442,0.00326,0.00036,0.00328
CS2_37,5,94,0.91314,0.91669,0.00356,0.00326,0.0013,0.00351
CS2_37,5,95,0.90715,0.91548,0.00833,0.00326,0.0035,0.00478
CS2_37,5,96,0.90613,0.92095,0.01483,0.00326,0.00229,0.00398
CS2_37,5,97,0.90581,0.92211,0.0163,0.00326,0.00279,0.00429
CS2_37,5,98,0.90581,0.91768,0.01187,0.00326,0.0026,0.00417
CS2_37,5,99,0.90613,0.91198,0.00585,0.00326,0.00102,0.00341
CS2_37,5,100,0.90613,0.91197,0.00584,0.00326,0.00208,0.00386
CS2_37,5,101,0.90232,0.91149,0.00917,0.00326,0.00193,0.00379
CS2_37,5,102,0.90602,0.90941,0.00339,0.00326,0.00126,0.00349
CS2_37,5,103,0.90756,0.91417,0.00661,0.00326,0.00062,0.00332
CS2_37,5,104,0.90602,0.91681,0.01079,0.00326,0.00116,0.00346
CS2_37,5,105,0.90218,0.91721,0.01503,0.00326,0.00193,0.00379
CS2_37,5,106,0.90602,0.90564,0.00038,0.00326,0.00231,0.00399
CS2_37,5,107,0.90218,0.80111,0.10107,0.00326,0.00179,0.00372
CS2_37,5,108,0.90218,0.90422,0.00204,0.00326,0.00186,0.00375
CS2_37,5,109,0.90218,0.90293,0.00075,0.00326,0.00189,0.00377
CS2_37,5,110,0.90264,0.89967,0.00297,0.00326,0.00155,0.00361
CS2_37,5,111,0.90168,0.91044,0.00876,0.00326,0.00146,0.00357
CS2_37,5,112,0.90168,0.91154,0.00987,0.00326,0.00155,0.00361
CS2_37,5,113,0.90034,0.90361,0.00327,0.00326,0.00072,0.00334
CS2_37,5,114,0.90034,0.89944,0.0009,0.00326,0.00129,0.0035
CS2_37,5,115,0.8998,0.89893,0.00088,0.00326,0.00202,0.00384
CS2_37,5,116,0.89751,0.89968,0.00217,0.00326,0.0018,0.00372
CS2_37,5,117,0.8969,0.89353,0.00337,0.00326,0.00072,0.00334
CS2_37,5,118,0.89636,0.90443,0.00807,0.00326,0.00065,0.00332
CS2_37,5,119,0.89616,0.90657,0.01041,0.00326,0.0005,0.0033
CS2_37,5,120,0.89404,0.90726,0.01322,0.00326,0.00079,0.00335
CS2_37,5,121,0.89223,0.80967,0.08256,0.00326,0.00163,0.00365
CS2_37,5,122,0.89331,0.90969,0.01638,0.00326,0.00161,0.00363
CS2_37,5,123,0.8923,0.91066,0.01837,0.00326,0.00183,0.00374
CS2_37,5,124,0.89331,0.91111,0.0178,0.00326,0.00056,0.00331
CS2_37,5,125,0.89331,0.91165,0.01834,0.00326,0.00114,0.00345
CS2_37,5,126,0.89403,0.91244,0.01841,0.00326,0.00052,0.0033
CS2_37,5,127,0.89547,0.91235,0.01688,0.00326,0.00101,0.00341
CS2_37,5,128,0.899,0.9127,0.0137,0.00326,0.00112,0.00345
CS2_37,5,129,0.90156,0.91293,0.01137,0.00326,0.00062,0.00332
CS2_37,5,130,0.90228,0.91324,0.01096,0.00326,0.00057,0.00331
CS2_37,5,131,0.90249,0.91348,0.01099,0.00326,0.00062,0.00332
CS2_37,5,132,0.9032,0.91359,0.01038,0.00326,0.00065,0.00332
CS2_37,5,133,0.90321,0.91363,0.01042,0.00326,0.00082,0.00336
CS2_37,5,134,0.90361,0.91382,0.01021,0.00326,0.00063,0.00332
CS2_37,5,135,0.90321,0.9076,0.00439,0.00326,0.00154,0.0036
CS2_37,5,136,0.90321,0.89672,0.00649,0.00326,0.00094,0.00339
CS2_37,5,137,0.90386,0.89742,0.00644,0.00326,0.00037,0.00328
CS2_37,5,138,0.90766,0.89586,0.0118,0.00326,0.00052,0.0033
CS2_37,5,139,0.90766,0.89496,0.01269,0.00326,0.00075,0.00334
CS2_37,5,140,0.91018,0.90083,0.00934,0.00326,0.00194,0.00379
CS2_37,5,141,0.90766,0.90673,0.00093,0.00326,0.00164,0.00365
CS2_37,5,142,0.90353,0.90777,0.00424,0.00326,0.00274,0.00426
CS2_37,5,143,0.90027,0.90554,0.00528,0.00326,0.00374,0.00496
CS2_37,5,144,0.90027,0.90797,0.0077,0.00326,0.00514,0.00608
CS2_37,5,145,0.89833,0.91412,0.01578,0.00326,0.00192,0.00378
CS2_37,5,146,0.89758,0.91489,0.01731,0.00326,0.00107,0.00343
CS2_37,5,147,0.89597,0.90205,0.00608,0.00326,0.00115,0.00346
CS2_37,5,148,0.89597,0.90078,0.0048,0.00326,0.00167,0.00366
CS2_37,5,149,0.89597,0.904,0.00803,0.00326,0.00286,0.00433
CS2_37,5,150,0.89353,0.90194,0.00841,0.00326,0.00097,0.0034
CS2_37,5,151,0.89903,0.89926,0.00023,0.00326,0.00177,0.00371
CS2_37,5,152,0.89903,0.90912,0.01009,0.00326,0.00218,0.00392
CS2_37,5,153,0.89286,0.91094,0.01808,0.00326,0.00324,0.0046
CS2_37,5,154,0.88928,0.90263,0.01335,0.00326,0.00135,0.00353
CS2_37,5,155,0.89286,0.89871,0.00585,0.00326,0.00192,0.00378
CS2_37,5,156,0.89286,0.89956,0.0067,0.00326,0.00222,0.00394
CS2_37,5,157,0.89335,0.89963,0.00628,0.00326,0.00113,0.00345
CS2_37,5,158,0.89335,0.89592,0.00257,0.00326,0.00205,0.00385
CS2_37,5,159,0.89357,0.9027,0.00913,0.00326,0.00178,0.00371
CS2_37,5,160,0.89335,0.90655,0.0132,0.00326,0.00193,0.00379
CS2_37,5,161,0.88674,0.90788,0.02113,0.00326,0.00172,0.00368
CS2_37,5,162,0.8864,0.89433,0.00793,0.00326,0.00164,0.00365
CS2_37,5,163,0.88674,0.89496,0.00822,0.00326,0.00125,0.00349
CS2_37,5,164,0.88674,0.89542,0.00868,0.00326,0.00074,0.00334
CS2_37,5,165,0.88705,0.89516,0.00811,0.00326,0.00133,0.00352
CS2_37,5,166,0.88753,0.89395,0.00642,0.00326,0.00131,0.00351
CS2_37,5,167,0.88753,0.9033,0.01577,0.00326,0.00066,0.00333
CS2_37,5,168,0.88705,0.9049,0.01785,0.00326,0.00087,0.00337
CS2_37,5,169,0.88538,0.90633,0.02095,0.00326,0.00086,0.00337
CS2_37,5,170,0.88538,0.90659,0.02121,0.00326,0.00144,0.00356
CS2_37,5,171,0.88538,0.90691,0.02153,0.00326,0.0014,0.00354
CS2_37,5,172,0.8891,0.90807,0.01897,0.00326,0.00141,0.00355
CS2_37,5,173,0.89118,0.90866,0.01748,0.00326,0.00115,0.00346
CS2_37,5,174,0.89235,0.90893,0.01658,0.00326,0.00148,0.00358
CS2_37,5,175,0.89305,0.90921,0.01616,0.00326,0.00107,0.00343
CS2_37,5,176,0.89528,0.90954,0.01426,0.00326,0.0008,0.00335
CS2_37,5,177,0.89548,0.90964,0.01416,0.00326,0.0008,0.00336
CS2_37,5,178,0.89562,0.90992,0.0143,0.00326,0.00061,0.00331
CS2_37,5,179,0.89882,0.91036,0.01153,0.00326,0.00043,0.00329
CS2_37,5,180,0.89884,0.9108,0.01196,0.00326,0.00054,0.0033
CS2_37,5,181,0.89884,0.91097,0.01213,0.00326,0.00043,0.00329
CS2_37,5,182,0.89884,0.9124,0.01356,0.00326,0.00041,0.00328
CS2_37,5,183,0.89884,0.91261,0.01377,0.00326,0.00054,0.0033
CS2_37,5,184,0.89825,0.79966,0.0986,0.00326,0.00115,0.00346
CS2_37,5,185,0.89825,0.89893,0.00067,0.00326,0.0003,0.00327
CS2_37,5,186,0.89825,0.89841,0.00016,0.00326,0.00034,0.00328
CS2_37,5,187,0.90315,0.89791,0.00523,0.00326,0.00078,0.00335
CS2_37,5,188,0.90698,0.89515,0.01183,0.00326,0.00099,0.00341
CS2_37,5,189,0.90701,0.90335,0.00366,0.00326,0.00098,0.0034
CS2_37,5,190,0.90698,0.90599,0.00099,0.00326,0.00142,0.00355
CS2_37,5,191,0.90698,0.90346,0.00352,0.00326,0.00351,0.00479
CS2_37,5,192,0.901,0.89424,0.00676,0.00326,0.00285,0.00433
CS2_37,5,193,0.90015,0.90124,0.00109,0.00326,0.00276,0.00427
CS2_37,5,194,0.89806,0.90821,0.01015,0.00326,0.00127,0.0035
CS2_37,5,195,0.89667,0.90997,0.0133,0.00326,0.00141,0.00355
CS2_37,5,196,0.89667,0.90433,0.00766,0.00326,0.00194,0.00379
CS2_37,5,197,0.89667,0.89897,0.0023,0.00326,0.00252,0.00412
CS2_37,5,198,0.89667,0.90048,0.00381,0.00326,0.00246,0.00408
CS2_37,5,199,0.90008,0.90085,0.00077,0.00326,0.00141,0.00355
CS2_37,5,200,0.90008,0.79192,0.10816,0.00326,0.00221,0.00394
CS2_37,5,201,0.90043,0.90036,6e-05,0.00326,0.00207,0.00386
CS2_37,5,202,0.90043,0.90564,0.00522,0.00326,0.0032,0.00457
CS2_37,5,203,0.89189,0.90721,0.01532,0.00326,0.00359,0.00485
CS2_37,5,204,0.89189,0.89869,0.0068,0.00326,0.00399,0.00515
CS2_37,5,205,0.89189,0.89778,0.00588,0.00326,0.00382,0.00502
CS2_37,5,206,0.89083,0.8983,0.00747,0.00326,0.00148,0.00358
CS2_37,5,207,0.89083,0.89717,0.00634,0.00326,0.00201,0.00383
CS2_37,5,208,0.88945,0.89672,0.00727,0.00326,0.00187,0.00376
CS2_37,5,209,0.8886,0.90447,0.01587,0.00326,0.00146,0.00357
CS2_37,5,210,0.88718,0.90676,0.01958,0.00326,0.00098,0.0034
CS2_37,5,211,0.88653,0.90209,0.01557,0.00326,0.00118,0.00347
CS2_37,5,212,0.88653,0.89619,0.00967,0.00326,0.00096,0.0034
CS2_37,5,213,0.88653,0.89898,0.01245,0.00326,0.0017,0.00368
CS2_37,5,214,0.88872,0.90384,0.01512,0.00326,0.00122,0.00348
CS2_37,5,215,0.88872,0.90691,0.0182,0.00326,0.00195,0.0038
CS2_37,5,216,0.88872,0.90736,0.01864,0.00326,0.0015,0.00358
CS2_37,5,217,0.88872,0.90745,0.01873,0.00326,0.00139,0.00354
CS2_37,5,218,0.88872,0.90782,0.01911,0.00326,0.00192,0.00378
CS2_37,5,219,0.88957,0.90808,0.01851,0.00326,0.00182,0.00373
CS2_37,5,220,0.89417,0.90818,0.01401,0.00326,0.00145,0.00356
CS2_37,5,221,0.89512,0.90861,0.01348,0.00326,0.00087,0.00337
CS2_37,5,222,0.89512,0.90953,0.01441,0.00326,0.00124,0.00349
CS2_37,5,223,0.89454,0.90929,0.01475,0.00326,0.00128,0.0035
CS2_37,5,224,0.89521,0.9092,0.014,0.00326,0.00146,0.00357
CS2_37,5,225,0.89521,0.90933,0.01412,0.00326,0.0009,0.00338
CS2_37,5,226,0.89521,0.90938,0.01418,0.00326,0.00061,0.00332
CS2_37,5,227,0.89587,0.90954,0.01366,0.00326,0.00047,0.00329
CS2_37,5,228,0.89627,0.90969,0.01342,0.00326,0.00031,0.00327
CS2_37,5,229,0.89653,0.91013,0.0136,0.00326,0.00045,0.00329
CS2_37,5,230,0.89757,0.9097,0.01213,0.00326,0.00024,0.00327
CS2_37,5,231,0.89757,0.90962,0.01204,0.00326,0.0002,0.00326
CS2_37,5,232,0.89757,0.9096,0.01203,0.00326,0.00013,0.00326
CS2_37,5,233,0.89757,0.90962,0.01205,0.00326,0.00016,0.00326
CS2_37,5,234,0.89757,0.89851,0.00094,0.00326,0.00053,0.0033
CS2_37,5,235,0.89773,0.9004,0.00267,0.00326,0.00124,0.00349
CS2_37,5,236,0.90554,0.89906,0.00648,0.00326,0.00118,0.00347
CS2_37,5,237,0.90661,0.89611,0.0105,0.00326,0.00094,0.00339
CS2_37,5,238,0.90769,0.89468,0.01301,0.00326,0.00086,0.00337
CS2_37,5,239,0.90769,0.90327,0.00442,0.00326,0.00178,0.00371
CS2_37,5,240,0.90661,0.90468,0.00193,0.00326,0.00329,0.00463
CS2_37,5,241,0.89423,0.89671,0.00247,0.00326,0.00359,0.00485
CS2_37,5,242,0.89137,0.89389,0.00253,0.00326,0.00254,0.00413
CS2_37,5,243,0.89137,0.89625,0.00488,0.00326,0.00248,0.00409
CS2_37,5,244,0.89137,0.89539,0.00402,0.00326,0.00237,0.00403
CS2_37,5,245,0.89137,0.89038,0.00098,0.00326,0.00147,0.00358
CS2_37,5,246,0.89137,0.89905,0.00769,0.00326,0.00166,0.00366
CS2_37,5,247,0.88916,0.90078,0.01161,0.00326,0.00157,0.00362
CS2_37,5,248,0.8864,0.89484,0.00843,0.00326,0.00162,0.00364
CS2_37,5,249,0.8864,0.88935,0.00295,0.00326,0.00136,0.00353
CS2_37,5,250,0.8864,0.89108,0.00468,0.00326,0.002,0.00382
CS2_37,5,251,0.88802,0.88847,0.00044,0.00326,0.00189,0.00377
CS2_37,5,252,0.88815,0.88921,0.00106,0.00326,0.00196,0.0038
CS2_37,5,253,0.88815,0.89198,0.00384,0.00326,0.00176,0.0037
CS2_37,5,254,0.88802,0.8957,0.00767,0.00326,0.00247,0.00409
CS2_37,5,255,0.88535,0.89706,0.01171,0.00326,0.00357,0.00484
CS2_37,5,256,0.88008,0.88708,0.00701,0.00326,0.00385,0.00505
CS2_37,5,257,0.87977,0.88671,0.00694,0.00326,0.00145,0.00357
CS2_37,5,258,0.878,0.8886,0.0106,0.00326,0.00131,0.00351
CS2_37,5,259,0.878,0.88678,0.00877,0.00326,0.00068,0.00333
CS2_37,5,260,0.878,0.88636,0.00836,0.00326,0.00045,0.00329
CS2_37,5,261,0.87608,0.89463,0.01855,0.00326,0.00066,0.00332
CS2_37,5,262,0.87606,0.89583,0.01977,0.00326,0.00094,0.00339
CS2_37,5,263,0.87284,0.88733,0.01449,0.00326,0.00127,0.0035
CS2_37,5,264,0.87284,0.88446,0.01162,0.00326,0.00142,0.00355
CS2_37,5,265,0.87284,0.88357,0.01073,0.00326,0.00065,0.00332
CS2_37,5,266,0.87353,0.88501,0.01148,0.00326,0.00179,0.00372
CS2_37,5,267,0.87353,0.89251,0.01898,0.00326,0.00137,0.00354
CS2_37,5,268,0.87353,0.88588,0.01235,0.00326,0.00101,0.00341
CS2_37,5,269,0.87047,0.89421,0.02374,0.00326,0.00119,0.00347
CS2_37,5,270,0.86988,0.89597,0.02609,0.00326,0.00123,0.00348
CS2_37,5,271,0.86686,0.89333,0.02647,0.00326,0.00184,0.00374
CS2_37,5,272,0.86988,0.884,0.01412,0.00326,0.00192,0.00378
CS2_37,5,273,0.86988,0.88399,0.0141,0.00326,0.00307,0.00448
CS2_37,5,274,0.87869,0.88205,0.00336,0.00326,0.00296,0.0044
CS2_37,5,276,0.87869,0.88654,0.00785,0.00326,0.00318,0.00455
CS2_37,5,277,0.8735,0.88548,0.01199,0.00326,0.00317,0.00455
CS2_37,5,279,0.87085,0.89241,0.02156,0.00326,0.00526,0.00618
CS2_37,5,280,0.8735,0.89473,0.02124,0.00326,0.00408,0.00522
CS2_37,5,281,0.8735,0.89337,0.01987,0.00326,0.00273,0.00425
CS2_37,5,282,0.87546,0.88257,0.00711,0.00326,0.00314,0.00452
CS2_37,5,283,0.87825,0.88277,0.00451,0.00326,0.00345,0.00475
CS2_37,5,284,0.87546,0.88095,0.0055,0.00326,0.00293,0.00438
CS2_37,5,285,0.87546,0.88016,0.0047,0.00326,0.00158,0.00362
CS2_37,5,286,0.87632,0.88059,0.00426,0.00326,0.00377,0.00499
CS2_37,5,287,0.87632,0.88689,0.01057,0.00326,0.00366,0.0049
CS2_37,5,288,0.87632,0.8879,0.01157,0.00326,0.0018,0.00372
CS2_37,5,290,0.87479,0.87447,0.00032,0.00326,0.00143,0.00356
CS2_37,5,291,0.8729,0.87505,0.00215,0.00326,0.00195,0.0038
CS2_37,5,292,0.87479,0.87559,0.0008,0.00326,0.00185,0.00375
CS2_37,5,293,0.87206,0.87383,0.00177,0.00326,0.00242,0.00406
CS2_37,5,294,0.87364,0.87959,0.00595,0.00326,0.00232,0.004
CS2_37,5,295,0.87206,0.88226,0.0102,0.00326,0.00201,0.00383
CS2_37,5,296,0.87206,0.88311,0.01105,0.00326,0.00126,0.00349
CS2_37,5,297,0.87206,0.88343,0.01137,0.00326,0.00162,0.00364
CS2_37,5,298,0.87364,0.88384,0.0102,0.00326,0.00173,0.00369
CS2_37,5,299,0.87347,0.88457,0.0111,0.00326,0.00083,0.00336
CS2_37,5,300,0.87347,0.88475,0.01128,0.00326,0.00073,0.00334
CS2_37,5,301,0.87367,0.88524,0.01157,0.00326,0.00055,0.0033
CS2_37,5,302,0.87357,0.88536,0.01178,0.00326,0.00076,0.00335
CS2_37,5,303,0.87357,0.8855,0.01193,0.00326,0.0008,0.00336
CS2_37,5,304,0.87361,0.88511,0.0115,0.00326,0.00056,0.00331
CS2_37,5,305,0.87367,0.88494,0.01127,0.00326,0.00047,0.00329
CS2_37,5,306,0.87424,0.88599,0.01175,0.00326,0.00037,0.00328
CS2_37,5,307,0.87512,0.88531,0.0102,0.00326,0.00052,0.0033
CS2_37,5,308,0.87617,0.88574,0.00957,0.00326,0.00035,0.00328
CS2_37,5,309,0.87617,0.886,0.00982,0.00326,0.00042,0.00328
CS2_37,5,310,0.87581,0.88635,0.01054,0.00326,0.00042,0.00328
CS2_37,5,311,0.87581,0.78498,0.09083,0.00326,0.00199,0.00382
CS2_37,5,312,0.87581,0.87324,0.00257,0.00326,0.0013,0.00351
CS2_37,5,313,0.87581,0.87102,0.00479,0.00326,0.00082,0.00336
CS2_37,5,314,0.87607,0.8732,0.00286,0.00326,0.00107,0.00343
CS2_37,5,315,0.88005,0.8699,0.01015,0.00326,0.00125,0.00349
CS2_37,5,316,0.88153,0.86761,0.01393,0.00326,0.00144,0.00356
CS2_37,5,317,0.88153,0.87695,0.00459,0.00326,0.00125,0.00349
CS2_37,5,318,0.88005,0.87905,0.001,0.00326,0.00252,0.00412
CS2_37,5,319,0.87291,0.87359,0.00068,0.00326,0.00371,0.00493
CS2_37,5,320,0.86945,0.8661,0.00335,0.00326,0.00366,0.0049
CS2_37,5,321,0.86777,0.86678,0.00099,0.00326,0.0017,0.00368
CS2_37,5,322,0.86777,0.86747,0.0003,0.00326,0.00179,0.00372
CS2_37,5,323,0.86559,0.86599,0.0004,0.00326,0.00178,0.00371
CS2_37,5,324,0.86945,0.86815,0.00131,0.00326,0.00234,0.00401
CS2_37,5,325,0.86559,0.87321,0.00762,0.00326,0.00168,0.00367
CS2_37,5,326,0.86279,0.87768,0.01489,0.00326,0.00182,0.00373
CS2_37,5,327,0.86279,0.87594,0.01315,0.00326,0.0022,0.00393
CS2_37,5,328,0.86514,0.88005,0.01492,0.00326,0.00288,0.00435
CS2_37,5,329,0.86514,0.88301,0.01787,0.00326,0.00236,0.00402
CS2_37,5,330,0.86623,0.8837,0.01748,0.00326,0.0023,0.00399
CS2_37,5,331,0.86676,0.87328,0.00652,0.00326,0.00244,0.00407
CS2_37,5,332,0.86966,0.87223,0.00257,0.00326,0.00199,0.00382
CS2_37,5,333,0.86966,0.87143,0.00177,0.00326,0.0019,0.00377
CS2_37,5,334,0.87187,0.87044,0.00143,0.00326,0.0011,0.00344
CS2_37,5,335,0.87343,0.86779,0.00564,0.00326,0.00082,0.00336
CS2_37,5,336,0.87343,0.87547,0.00204,0.00326,0.00145,0.00356
CS2_37,5,338,0.86836,0.87719,0.00883,0.00326,0.0024,0.00405
CS2_37,5,339,0.86798,0.87751,0.00953,0.00326,0.00168,0.00367
CS2_37,5,340,0.86641,0.87778,0.01137,0.00326,0.00143,0.00356
CS2_37,5,341,0.86559,0.8783,0.01271,0.00326,0.00104,0.00342
CS2_37,5,342,0.86641,0.87839,0.01198,0.00326,0.00122,0.00348
CS2_37,5,343,0.86798,0.87841,0.01043,0.00326,0.00148,0.00358
CS2_37,5,344,0.87038,0.87842,0.00804,0.00326,0.00123,0.00348
CS2_37,5,345,0.87107,0.87821,0.00714,0.00326,0.001,0.00341
CS2_37,5,346,0.87147,0.87799,0.00652,0.00326,0.00125,0.00349
CS2_37,5,347,0.8719,0.87782,0.00593,0.00326,0.00053,0.0033
CS2_37,5,348,0.87198,0.87768,0.0057,0.00326,0.00045,0.00329
CS2_37,5,349,0.87198,0.87764,0.00566,0.00326,0.00068,0.00333
CS2_37,5,350,0.8719,0.87767,0.00578,0.00326,0.00033,0.00327
CS2_37,5,351,0.87189,0.8778,0.00591,0.00326,0.00029,0.00327
CS2_37,5,352,0.87166,0.87749,0.00583,0.00326,0.00027,0.00327
CS2_37,5,353,0.87123,0.87378,0.00255,0.00326,0.00112,0.00344
CS2_37,5,354,0.87123,0.86288,0.00835,0.00326,0.00087,0.00337
CS2_37,5,355,0.87166,0.86226,0.00941,0.00326,0.00028,0.00327
CS2_37,5,356,0.87259,0.86144,0.01115,0.00326,0.00046,0.00329
CS2_37,5,357,0.87487,0.85969,0.01517,0.00326,0.00049,0.00329
CS2_37,5,358,0.87717,0.86108,0.01609,0.00326,0.00147,0.00358
CS2_37,5,360,0.87487,0.86906,0.00581,0.00326,0.003,0.00443
CS2_37,5,361,0.86534,0.86271,0.00263,0.00326,0.0039,0.00508
CS2_37,5,362,0.85826,0.85693,0.00132,0.00326,0.00329,0.00463
CS2_37,5,363,0.85783,0.85739,0.00045,0.00326,0.00142,0.00355
CS2_37,5,364,0.85783,0.85542,0.00241,0.00326,0.00085,0.00337
CS2_37,5,365,0.85551,0.85625,0.00074,0.00326,0.00069,0.00333
CS2_37,5,366,0.85551,0.86055,0.00504,0.00326,0.00166,0.00366
CS2_37,5,367,0.85543,0.8633,0.00787,0.00326,0.00129,0.0035
CS2_37,5,368,0.85419,0.86508,0.01089,0.00326,0.00136,0.00353
CS2_37,5,369,0.84811,0.8546,0.00649,0.00326,0.0009,0.00338
CS2_37,5,370,0.84811,0.85316,0.00505,0.00326,0.00086,0.00337
CS2_37,5,371,0.84796,0.85197,0.00402,0.00326,0.00084,0.00336
CS2_37,5,372,0.84811,0.8512,0.00309,0.00326,0.00112,0.00345
CS2_37,5,373,0.84914,0.85097,0.00183,0.00326,0.00139,0.00354
CS2_37,5,374,0.84914,0.85919,0.01005,0.00326,0.00146,0.00357
CS2_37,5,375,0.84857,0.86085,0.01228,0.00326,0.00111,0.00344
CS2_37,5,376,0.84914,0.85875,0.00961,0.00326,0.00079,0.00335
CS2_37,5,377,0.85208,0.85773,0.00565,0.00326,0.00095,0.00339
CS2_37,5,378,0.85331,0.85441,0.0011,0.00326,0.00087,0.00337
CS2_37,5,379,0.85331,0.86261,0.0093,0.00326,0.00086,0.00337
CS2_37,5,380,0.85331,0.86419,0.01088,0.00326,0.00126,0.00349
CS2_37,5,381,0.85249,0.85763,0.00514,0.00326,0.00147,0.00358
CS2_37,5,382,0.85249,0.85182,0.00067,0.00326,0.00155,0.00361
CS2_37,5,383,0.85104,0.8525,0.00146,0.00326,0.00195,0.0038
CS2_37,5,384,0.85104,0.8516,0.00056,0.00326,0.00147,0.00357
CS2_37,5,385,0.85104,0.84999,0.00105,0.00326,0.00096,0.0034
CS2_37,5,386,0.85251,0.85415,0.00164,0.00326,0.00143,0.00356
CS2_37,5,387,0.85104,0.85805,0.007,0.00326,0.00171,0.00368
CS2_37,5,388,0.84909,0.8586,0.00951,0.00326,0.00203,0.00384
CS2_37,5,389,0.84909,0.8591,0.01001,0.00326,0.0021,0.00387
CS2_37,5,390,0.85242,0.85939,0.00697,0.00326,0.00168,0.00367
CS2_37,5,391,0.85242,0.85993,0.00751,0.00326,0.00119,0.00347
CS2_37,5,392,0.85242,0.86089,0.00847,0.00326,0.0012,0.00347
CS2_37,5,393,0.85242,0.86165,0.00922,0.00326,0.00118,0.00347
CS2_37,5,394,0.85115,0.86204,0.01089,0.00326,0.00129,0.0035
CS2_37,5,395,0.85114,0.86215,0.01102,0.00326,0.00125,0.00349
CS2_37,5,396,0.85089,0.86237,0.01148,0.00326,0.00082,0.00336
CS2_37,5,397,0.85114,0.86261,0.01148,0.00326,0.00086,0.00337
CS2_37,5,398,0.85115,0.86259,0.01144,0.00326,0.00069,0.00333
CS2_37,5,399,0.85331,0.86275,0.00944,0.00326,0.00084,0.00336
CS2_37,5,400,0.85409,0.86298,0.00889,0.00326,0.00049,0.0033
CS2_37,5,401,0.85471,0.86333,0.00862,0.00326,0.00038,0.00328
CS2_37,5,402,0.85475,0.86302,0.00827,0.00326,0.00028,0.00327
CS2_37,5,403,0.85477,0.86304,0.00826,0.00326,0.00031,0.00327
CS2_37,5,404,0.85517,0.85043,0.00474,0.00326,0.00047,0.00329
CS2_37,5,405,0.85592,0.84759,0.00833,0.00326,0.00047,0.00329
CS2_37,5,406,0.85869,0.84634,0.01234,0.00326,0.00068,0.00333
CS2_37,5,407,0.85975,0.84545,0.0143,0.00326,0.00056,0.00331
CS2_37,5,408,0.86037,0.84331,0.01706,0.00326,0.00053,0.0033
CS2_37,5,409,0.86037,0.85191,0.00846,0.00326,0.00117,0.00346
CS2_37,5,410,0.85975,0.85454,0.00521,0.00326,0.00248,0.0041
CS2_37,5,411,0.84939,0.8539,0.00451,0.00326,0.00325,0.0046
CS2_37,5,412,0.84666,0.84296,0.00371,0.00326,0.00256,0.00414
CS2_37,5,413,0.84421,0.8443,9e-05,0.00326,0.00154,0.0036
CS2_37,5,414,0.84273,0.84376,0.00103,0.00326,0.00166,0.00366
CS2_37,5,415,0.83869,0.84254,0.00385,0.00326,0.00079,0.00335
CS2_37,5,416,0.84163,0.83993,0.0017,0.00326,0.00167,0.00366
CS2_37,5,417,0.83869,0.85022,0.01152,0.00326,0.00125,0.00349
CS2_37,5,418,0.83868,0.8523,0.01362,0.00326,0.00112,0.00345
CS2_37,5,419,0.83847,0.8449,0.00642,0.00326,0.00107,0.00343
CS2_37,5,420,0.83729,0.84028,0.00299,0.00326,0.00096,0.0034
CS2_37,5,421,0.83686,0.84045,0.00359,0.00326,0.00128,0.0035
CS2_37,5,422,0.83729,0.84196,0.00467,0.00326,0.00099,0.00341
CS2_37,5,423,0.83821,0.84103,0.00282,0.00326,0.00066,0.00332
CS2_37,5,424,0.83821,0.84516,0.00695,0.00326,0.00062,0.00332
CS2_37,5,425,0.83821,0.84961,0.01141,0.00326,0.00135,0.00353
CS2_37,5,426,0.83821,0.84668,0.00847,0.00326,0.0013,0.00351
CS2_37,5,427,0.83897,0.84558,0.00661,0.00326,0.00143,0.00356
CS2_37,5,428,0.83865,0.8453,0.00665,0.00326,0.00111,0.00344
CS2_37,5,429,0.83865,0.8416,0.00295,0.00326,0.00156,0.00361
CS2_37,5,430,0.84339,0.83999,0.0034,0.00326,0.00135,0.00353
CS2_37,5,431,0.84431,0.84022,0.00409,0.00326,0.00116,0.00346
CS2_37,5,432,0.84339,0.84047,0.00292,0.00326,0.00148,0.00358
CS2_37,5,433,0.84339,0.83966,0.00373,0.00326,0.00178,0.00371
CS2_37,5,434,0.84233,0.83759,0.00474,0.00326,0.00223,0.00395
CS2_37,5,435,0.83981,0.84343,0.00362,0.00326,0.00169,0.00367
CS2_37,5,436,0.8397,0.8462,0.00651,0.00326,0.00076,0.00334
CS2_37,5,437,0.83646,0.84728,0.01082,0.00326,0.00119,0.00347
CS2_37,5,438,0.83307,0.84786,0.01479,0.00326,0.00057,0.00331
CS2_37,5,439,0.83112,0.8481,0.01698,0.00326,0.00053,0.0033
CS2_37,5,440,0.8302,0.84823,0.01803,0.00326,0.00059,0.00331
CS2_37,5,441,0.8302,0.84863,0.01842,0.00326,0.00155,0.00361
CS2_37,5,442,0.82808,0.84083,0.01276,0.00326,0.00066,0.00332
CS2_37,5,443,0.82774,0.84045,0.0127,0.00326,0.00061,0.00331
CS2_37,5,444,0.82794,0.84685,0.01891,0.00326,0.00185,0.00374
CS2_37,5,445,0.82794,0.84877,0.02083,0.00326,0.00144,0.00356
CS2_37,5,446,0.82172,0.84632,0.0246,0.00326,0.00149,0.00358
CS2_37,5,447,0.82794,0.84089,0.01295,0.00326,0.00288,0.00435
CS2_37,5,448,0.83136,0.84253,0.01117,0.00326,0.00281,0.0043
CS2_37,5,449,0.83279,0.8445,0.01171,0.00326,0.00373,0.00495
CS2_37,5,450,0.83543,0.84618,0.01074,0.00326,0.00276,0.00427
CS2_37,5,451,0.83646,0.84655,0.0101,0.00326,0.00252,0.00412
CS2_37,5,452,0.83646,0.85111,0.01465,0.00326,0.00198,0.00381
CS2_37,5,453,0.83845,0.85174,0.01329,0.00326,0.0006,0.00331
CS2_37,5,454,0.83953,0.84601,0.00648,0.00326,0.00082,0.00336
CS2_37,5,455,0.83959,0.84283,0.00324,0.00326,0.00053,0.0033
CS2_37,5,456,0.83999,0.84404,0.00405,0.00326,0.0009,0.00338
CS2_37,5,457,0.83959,0.84397,0.00438,0.00326,0.00083,0.00336
CS2_37,5,458,0.83959,0.84301,0.00341,0.00326,0.00063,0.00332
CS2_37,5,459,0.84049,0.8469,0.00641,0.00326,0.00112,0.00345
CS2_37,5,460,0.83933,0.84869,0.00936,0.00326,0.00093,0.00339
CS2_37,5,461,0.83933,0.84916,0.00983,0.00326,0.00029,0.00327
CS2_37,5,462,0.83933,0.84045,0.00111,0.00326,0.00037,0.00328
CS2_37,5,463,0.83933,0.84002,0.00069,0.00326,0.00049,0.00329
CS2_37,5,464,0.83838,0.84001,0.00162,0.00326,0.00042,0.00329
CS2_37,5,465,0.83777,0.83966,0.00189,0.00326,0.00096,0.0034
CS2_37,5,466,0.83772,0.83768,4e-05,0.00326,0.00058,0.00331
CS2_37,5,467,0.83777,0.84401,0.00624,0.00326,0.00058,0.00331
CS2_37,5,468,0.83702,0.84548,0.00847,0.00326,0.00046,0.00329
CS2_37,5,469,0.83631,0.84316,0.00685,0.00326,0.00064,0.00332
CS2_37,5,470,0.83631,0.83675,0.00044,0.00326,0.0007,0.00333
CS2_37,5,471,0.83406,0.83768,0.00363,0.00326,0.00074,0.00334
CS2_37,5,472,0.83331,0.83718,0.00387,0.00326,0.00053,0.0033
CS2_37,5,473,0.83331,0.83949,0.00618,0.00326,0.00075,0.00334
CS2_37,5,474,0.83332,0.83764,0.00432,0.00326,0.00095,0.0034
CS2_37,5,475,0.83331,0.84367,0.01036,0.00326,0.00072,0.00334
CS2_37,5,476,0.83271,0.84448,0.01176,0.00326,0.00074,0.00334
CS2_37,5,477,0.83271,0.84472,0.01201,0.00326,0.00055,0.0033
CS2_37,5,478,0.83271,0.84511,0.0124,0.00326,0.0008,0.00335
CS2_37,5,479,0.83271,0.84526,0.01255,0.00326,0.00058,0.00331
CS2_37,5,480,0.83527,0.84579,0.01052,0.00326,0.00028,0.00327
CS2_37,5,481,0.8354,0.84658,0.01119,0.00326,0.00041,0.00328
CS2_37,5,482,0.83562,0.84706,0.01143,0.00326,0.00034,0.00328
CS2_37,5,483,0.83594,0.84701,0.01108,0.00326,0.00041,0.00328
CS2_37,5,484,0.83644,0.84701,0.01057,0.00326,0.00044,0.00329
CS2_37,5,485,0.83645,0.84693,0.01048,0.00326,0.00038,0.00328
CS2_37,5,486,0.83647,0.8467,0.01023,0.00326,0.00041,0.00328
CS2_37,5,487,0.8372,0.84649,0.0093,0.00326,0.00023,0.00327
CS2_37,5,488,0.8396,0.84681,0.00721,0.00326,0.00028,0.00327
CS2_37,5,489,0.8396,0.84673,0.00713,0.00326,0.00055,0.0033
CS2_37,5,490,0.83984,0.84647,0.00662,0.00326,0.00044,0.00329
CS2_37,5,491,0.8396,0.84619,0.00659,0.00326,0.00046,0.00329
CS2_37,5,492,0.83921,0.8415,0.00228,0.00326,0.00073,0.00334
CS2_37,5,493,0.83881,0.8401,0.00129,0.00326,0.00058,0.00331
CS2_37,5,494,0.83881,0.84392,0.0051,0.00326,0.00117,0.00346
CS2_37,5,495,0.83881,0.84614,0.00732,0.00326,0.00115,0.00345
CS2_37,5,496,0.84477,0.84612,0.00134,0.00326,0.00123,0.00348
CS2_37,5,497,0.84477,0.83669,0.00808,0.00326,0.00157,0.00362
CS2_37,5,498,0.84477,0.83555,0.00923,0.00326,0.00156,0.00361
CS2_37,5,499,0.83686,0.83754,0.00068,0.00326,0.00122,0.00348
CS2_37,5,500,0.83496,0.83674,0.00178,0.00326,0.00141,0.00355
CS2_37,5,501,0.83436,0.83406,0.0003,0.00326,0.0019,0.00377
CS2_37,5,502,0.83416,0.84069,0.00653,0.00326,0.00222,0.00394
CS2_37,5,503,0.83141,0.84161,0.0102,0.00326,0.00156,0.00361
CS2_37,5,504,0.83133,0.84085,0.00952,0.00326,0.00185,0.00375
CS2_37,5,505,0.83133,0.83205,0.00073,0.00326,0.0011,0.00344
CS2_37,5,506,0.82857,0.83217,0.00359,0.00326,0.00064,0.00332
CS2_37,5,508,0.82707,0.83306,0.00599,0.00326,0.00127,0.0035
CS2_37,5,509,0.82844,0.83075,0.00231,0.00326,0.00134,0.00352
CS2_37,5,510,0.82844,0.83704,0.00861,0.00326,0.0012,0.00347
CS2_37,5,511,0.82957,0.83828,0.00871,0.00326,0.00117,0.00346
CS2_37,5,512,0.82957,0.83737,0.00781,0.00326,0.00077,0.00335
CS2_37,5,513,0.82993,0.82835,0.00158,0.00326,0.00067,0.00333
CS2_37,5,515,0.82596,0.8269,0.00094,0.00326,0.00106,0.00343
CS2_37,5,516,0.82578,0.82789,0.0021,0.00326,0.00188,0.00376
CS2_37,5,517,0.82521,0.82581,0.0006,0.00326,0.00061,0.00331
CS2_37,5,518,0.82521,0.83258,0.00737,0.00326,0.00096,0.0034
CS2_37,5,519,0.82578,0.8343,0.00852,0.00326,0.00102,0.00341
CS2_37,5,520,0.82521,0.83363,0.00842,0.00326,0.00128,0.0035
CS2_37,5,521,0.82508,0.82338,0.0017,0.00326,0.00074,0.00334
CS2_37,5,522,0.82437,0.82358,0.00079,0.00326,0.0008,0.00335
CS2_37,5,523,0.82335,0.82425,0.00091,0.00326,0.00106,0.00343
CS2_37,5,524,0.82012,0.82434,0.00422,0.00326,0.00052,0.0033
CS2_37,5,525,0.82021,0.82197,0.00176,0.00326,0.00069,0.00333
CS2_37,5,526,0.82021,0.82936,0.00915,0.00326,0.0008,0.00336
CS2_37,5,527,0.82012,0.83082,0.0107,0.00326,0.00053,0.0033
CS2_37,5,528,0.82021,0.831,0.01079,0.00326,0.00075,0.00334
CS2_37,5,529,0.82049,0.83125,0.01076,0.00326,0.00041,0.00328
CS2_37,5,530,0.82118,0.83161,0.01043,0.00326,0.00078,0.00335
CS2_37,5,531,0.82195,0.83197,0.01002,0.00326,0.0005,0.0033
CS2_37,5,532,0.82299,0.83234,0.00935,0.00326,0.00053,0.0033
CS2_37,5,533,0.82299,0.83218,0.00919,0.00326,0.00036,0.00328
CS2_37,5,534,0.82404,0.83228,0.00825,0.00326,0.00048,0.00329
CS2_37,5,535,0.82424,0.83171,0.00747,0.00326,0.00044,0.00329
CS2_37,5,536,0.82451,0.83146,0.00695,0.00326,0.00046,0.00329
CS2_37,5,537,0.82451,0.8313,0.00679,0.00326,0.00044,0.00329
CS2_37,5,538,0.82457,0.83104,0.00647,0.00326,0.00041,0.00328
CS2_37,5,539,0.82457,0.83084,0.00627,0.00326,0.00055,0.0033
CS2_37,5,540,0.82445,0.83088,0.00643,0.00326,0.00033,0.00327
CS2_37,5,541,0.82415,0.83084,0.00669,0.00326,0.00016,0.00326
CS2_37,5,542,0.82415,0.82653,0.00238,0.00326,0.00114,0.00345
CS2_37,5,543,0.82389,0.82392,3e-05,0.00326,0.00105,0.00342
CS2_37,5,544,0.82389,0.8294,0.00551,0.00326,0.00034,0.00328
CS2_37,5,545,0.82415,0.83165,0.0075,0.00326,0.00066,0.00332
CS2_37,5,546,0.82654,0.83196,0.00542,0.00326,0.00068,0.00333
CS2_37,5,547,0.82654,0.82049,0.00605,0.00326,0.00127,0.0035
CS2_37,5,548,0.82732,0.81917,0.00815,0.00326,0.0009,0.00338
CS2_37,5,549,0.82654,0.81845,0.0081,0.00326,0.00176,0.0037
CS2_37,5,550,0.82222,0.81827,0.00395,0.00326,0.00233,0.00401
CS2_37,5,551,0.81969,0.81685,0.00284,0.00326,0.00271,0.00424
CS2_37,5,552,0.81818,0.82384,0.00566,0.00326,0.00114,0.00345
CS2_37,5,553,0.81651,0.82596,0.00944,0.00326,0.00088,0.00337
CS2_37,5,554,0.81532,0.82644,0.01112,0.00326,0.00078,0.00335
CS2_37,5,556,0.81392,0.81532,0.0014,0.00326,0.0019,0.00377
CS2_37,5,557,0.81336,0.81493,0.00157,0.00326,0.00178,0.00371
CS2_37,5,558,0.81032,0.81424,0.00393,0.00326,0.00069,0.00333
CS2_37,5,559,0.80886,0.81262,0.00376,0.00326,0.00044,0.00329
CS2_37,5,560,0.81032,0.81943,0.00911,0.00326,0.00114,0.00345
CS2_37,5,561,0.81032,0.82142,0.0111,0.00326,0.00122,0.00348
CS2_37,5,562,0.81124,0.82223,0.01099,0.00326,0.0015,0.00359
CS2_37,5,563,0.81124,0.81043,0.00081,0.00326,0.00145,0.00357
CS2_37,5,564,0.81124,0.80902,0.00222,0.00326,0.00204,0.00384
CS2_37,5,565,0.81068,0.81071,3e-05,0.00326,0.00124,0.00349
CS2_37,5,566,0.80697,0.80356,0.00342,0.00326,0.00159,0.00362
CS2_37,5,567,0.80697,0.79611,0.01087,0.00326,0.00146,0.00357
CS2_37,5,568,0.80757,0.80835,0.00078,0.00326,0.00153,0.0036
CS2_37,5,569,0.80623,0.81231,0.00608,0.00326,0.00059,0.00331
CS2_37,5,570,0.80699,0.81381,0.00682,0.00326,0.0008,0.00335
CS2_37,5,571,0.80699,0.7943,0.01269,0.00326,0.00118,0.00346
CS2_37,5,572,0.80623,0.79249,0.01374,0.00326,0.00121,0.00348
CS2_37,5,573,0.80279,0.79026,0.01253,0.00326,0.00127,0.0035
CS2_37,5,575,0.79667,0.78457,0.0121,0.00326,0.00141,0.00355
CS2_37,5,576,0.79667,0.798,0.00132,0.00326,0.00134,0.00352
CS2_37,5,577,0.79066,0.80351,0.01285,0.00326,0.00142,0.00355
CS2_37,5,578,0.7894,0.80548,0.01608,0.00326,0.00111,0.00344
CS2_37,5,579,0.7894,0.80673,0.01734,0.00326,0.0012,0.00347
CS2_37,5,580,0.7894,0.80751,0.01812,0.00326,0.00149,0.00358
CS2_37,5,581,0.78694,0.80786,0.02093,0.00326,0.00154,0.0036
CS2_37,5,582,0.78694,0.80929,0.02236,0.00326,0.00229,0.00398
CS2_37,5,583,0.78694,0.80966,0.02273,0.00326,0.00209,0.00387
CS2_37,5,584,0.79612,0.80999,0.01387,0.00326,0.00205,0.00385
CS2_37,5,585,0.79776,0.80798,0.01022,0.00326,0.00133,0.00352
CS2_37,5,586,0.80046,0.80748,0.00701,0.00326,0.00074,0.00334
CS2_37,5,587,0.80097,0.80715,0.00618,0.00326,0.00105,0.00342
CS2_37,5,588,0.80131,0.80674,0.00542,0.00326,0.00142,0.00355
CS2_37,5,589,0.8021,0.80644,0.00434,0.00326,0.00124,0.00349
CS2_37,5,590,0.8021,0.80659,0.00449,0.00326,0.00064,0.00332
CS2_37,5,591,0.8021,0.80653,0.00443,0.00326,0.00046,0.00329
CS2_37,5,592,0.80117,0.79184,0.00934,0.00326,0.00111,0.00344
CS2_37,5,593,0.80096,0.78707,0.01389,0.00326,0.00193,0.00379
CS2_37,5,594,0.80096,0.79751,0.00345,0.00326,0.00113,0.00345
CS2_37,5,595,0.80117,0.80147,0.0003,0.00326,0.00061,0.00331
CS2_37,5,596,0.80266,0.80289,0.00023,0.00326,0.00067,0.00333
CS2_37,5,597,0.80266,0.78462,0.01804,0.00326,0.00347,0.00476
CS2_37,5,602,0.78448,0.78523,0.00075,0.00326,0.0036,0.00486
CS2_37,5,603,0.77936,0.79069,0.01133,0.00326,0.0024,0.00405
CS2_37,5,604,0.77903,0.79225,0.01322,0.00326,0.00281,0.0043
CS2_37,5,608,0.77032,0.78564,0.01532,0.00326,0.00249,0.0041
CS2_37,5,612,0.76426,0.78582,0.02156,0.00326,0.00235,0.00402
CS2_37,5,613,0.76809,0.78837,0.02028,0.00326,0.0016,0.00363
CS2_38,5,1,0.99095,0.99943,0.00848,0.00242,,
CS2_38,5,2,0.97652,0.99222,0.01569,0.00242,,
CS2_38,5,3,0.98345,0.98211,0.00134,0.00242,,
CS2_38,5,4,0.98107,0.9782,0.00287,0.00242,0.00214,0.00323
CS2_38,5,5,0.97868,0.97545,0.00324,0.00242,0.00206,0.00318
CS2_38,5,6,0.97786,0.97153,0.00633,0.00242,0.00119,0.0027
CS2_38,5,7,0.97786,0.97835,0.00049,0.00242,0.00016,0.00242
CS2_38,5,8,0.97773,0.9803,0.00257,0.00242,0.00093,0.00259
CS2_38,5,9,0.97657,0.98059,0.00402,0.00242,0.00114,0.00267
CS2_38,5,10,0.97575,0.9803,0.00455,0.00242,0.00133,0.00276
CS2_38,5,11,0.97575,0.97983,0.00408,0.00242,0.00114,0.00267
CS2_38,5,12,0.97575,0.97956,0.00381,0.00242,0.00089,0.00258
CS2_38,5,13,0.97575,0.97894,0.0032,0.00242,0.00048,0.00247
CS2_38,5,14,0.97734,0.97847,0.00113,0.00242,0.00057,0.00249
CS2_38,5,15,0.97744,0.97775,0.00032,0.00242,0.00052,0.00248
CS2_38,5,16,0.97776,0.97709,0.00067,0.00242,0.00075,0.00253
CS2_38,5,17,0.97776,0.97649,0.00127,0.00242,0.00038,0.00245
CS2_38,5,18,0.97892,0.97597,0.00295,0.00242,0.0004,0.00245
CS2_38,5,19,0.97953,0.97548,0.00405,0.00242,0.00038,0.00245
CS2_38,5,20,0.97953,0.97495,0.00458,0.00242,0.00035,0.00244
CS2_38,5,21,0.97953,0.97424,0.00529,0.00242,0.00036,0.00245
CS2_38,5,22,0.97875,0.9736,0.00515,0.00242,0.00054,0.00248
CS2_38,5,23,0.97827,0.96077,0.0175,0.00242,0.00057,0.00249
CS2_38,5,24,0.97793,0.95587,0.02205,0.00242,0.00036,0.00245
CS2_38,5,25,0.97702,0.95311,0.02391,0.00242,0.00011,0.00242
CS2_38,5,26,0.97695,0.95084,0.02611,0.00242,0.0001,0.00242
CS2_38,5,27,0.97574,0.94868,0.02706,0.00242,0.00013,0.00242
CS2_38,5,28,0.97408,0.95969,0.01439,0.00242,0.00056,0.00248
CS2_38,5,29,0.9738,0.96154,0.01226,0.00242,0.00093,0.00259
CS2_38,5,30,0.96801,0.94919,0.01882,0.00242,0.00112,0.00267
CS2_38,5,31,0.96511,0.94382,0.02129,0.00242,0.00109,0.00265
CS2_38,5,32,0.96013,0.94377,0.01636,0.00242,0.00073,0.00253
CS2_38,5,33,0.95718,0.94226,0.01492,0.00242,0.00052,0.00248
CS2_38,5,34,0.9543,0.94174,0.01256,0.00242,0.0008,0.00255
CS2_38,5,35,0.95318,0.9521,0.00108,0.00242,0.00111,0.00266
CS2_38,5,36,0.95263,0.95387,0.00124,0.00242,0.00078,0.00254
CS2_38,5,37,0.94998,0.94159,0.00839,0.00242,0.00074,0.00253
CS2_38,5,38,0.94706,0.93866,0.0084,0.00242,0.00047,0.00247
CS2_38,5,39,0.94706,0.93842,0.00865,0.00242,0.00151,0.00285
CS2_38,5,40,0.94706,0.93843,0.00864,0.00242,0.00264,0.00358
CS2_38,5,41,0.94919,0.93531,0.01388,0.00242,0.00225,0.0033
CS2_38,5,42,0.9523,0.94567,0.00663,0.00242,0.00198,0.00313
CS2_38,5,43,0.95444,0.94782,0.00662,0.00242,0.00183,0.00304
CS2_38,5,44,0.95444,0.93815,0.01629,0.00242,0.00146,0.00282
CS2_38,5,45,0.95444,0.93493,0.01951,0.00242,0.00117,0.00269
CS2_38,5,46,0.95997,0.93364,0.02634,0.00242,0.00144,0.00281
CS2_38,5,47,0.96014,0.93346,0.02668,0.00242,0.00223,0.00329
CS2_38,5,48,0.96382,0.93311,0.03071,0.00242,0.00139,0.00279
CS2_38,5,49,0.96382,0.97227,0.00844,0.00242,0.00124,0.00272
CS2_38,5,50,0.96522,0.97325,0.00802,0.00242,0.0028,0.0037
CS2_38,5,51,0.98475,0.97559,0.00915,0.00242,0.00246,0.00345
CS2_38,5,52,0.99763,0.97647,0.02116,0.00242,0.00263,0.00357
CS2_38,5,53,1.00196,0.96796,0.034,0.00242,0.00237,0.00339
CS2_38,5,54,1.00196,0.96372,0.03824,0.00242,0.00272,0.00364
CS2_38,5,55,1.00196,0.96328,0.03868,0.00242,0.00318,0.004
CS2_38,5,56,1.00196,0.95942,0.04254,0.00242,0.00443,0.00504
CS2_38,5,57,1.00876,0.95972,0.04904,0.00242,0.00424,0.00488
CS2_38,5,58,1.01156,0.95898,0.05258,0.00242,0.00296,0.00382
CS2_38,5,59,1.01156,0.95408,0.05748,0.00242,0.0064,0.00684
CS2_38,5,60,1.01841,0.94923,0.06918,0.00242,0.00408,0.00474
CS2_38,5,61,1.02146,0.9478,0.07366,0.00242,0.00404,0.00471
CS2_38,5,62,1.01841,0.94477,0.07364,0.00242,0.00684,0.00726
CS2_38,5,63,1.0027,0.93746,0.06524,0.00242,0.01116,0.01142
CS2_38,5,64,0.98718,0.79734,0.18984,0.00242,0.0093,0.00961
CS2_38,5,65,0.98718,0.944,0.04318,0.00242,0.00952,0.00982
CS2_38,5,66,0.98718,0.94158,0.0456,0.00242,0.00972,0.01002
CS2_38,5,67,1.01447,0.93546,0.07902,0.00242,0.00738,0.00777
CS2_38,5,68,1.02202,0.93544,0.08659,0.00242,0.00567,0.00617
CS2_38,5,69,1.02202,0.93497,0.08705,0.00242,0.00808,0.00843
CS2_38,5,70,1.01447,0.93178,0.08269,0.00242,0.00814,0.00849
CS2_38,5,71,1.00857,0.93719,0.07138,0.00242,0.00807,0.00842
CS2_38,5,72,1.00151,0.93719,0.06432,0.00242,0.00723,0.00762
CS2_38,5,73,0.99973,0.93612,0.06361,0.00242,0.00312,0.00395
CS2_38,5,74,0.99871,0.9354,0.06332,0.00242,0.0013,0.00275
CS2_38,5,75,0.99694,0.93457,0.06237,0.00242,0.00229,0.00333
CS2_38,5,76,0.99598,0.93474,0.06124,0.00242,0.00204,0.00316
CS2_38,5,77,0.99409,0.9339,0.06019,0.00242,0.0023,0.00333
CS2_38,5,78,0.99409,0.93251,0.06158,0.00242,0.00058,0.00249
CS2_38,5,79,0.99052,0.93172,0.05879,0.00242,0.00057,0.00248
CS2_38,5,80,0.99052,0.93104,0.05947,0.00242,0.00128,0.00274
CS2_38,5,81,0.99052,0.93016,0.06036,0.00242,0.00191,0.00309
CS2_38,5,82,0.99446,0.92941,0.06506,0.00242,0.00193,0.0031
CS2_38,5,83,0.99446,0.78957,0.2049,0.00242,0.00122,0.00271
CS2_38,5,84,0.99838,0.92906,0.06932,0.00242,0.00305,0.00389
CS2_38,5,85,0.99847,0.92764,0.07083,0.00242,0.0025,0.00348
CS2_38,5,86,1.00056,0.92673,0.07383,0.00242,0.00193,0.00309
CS2_38,5,87,0.99847,0.92618,0.07229,0.00242,0.00276,0.00367
CS2_38,5,88,0.99847,0.91442,0.08405,0.00242,0.00462,0.00522
CS2_38,5,89,0.99466,0.91325,0.08141,0.00242,0.00302,0.00387
CS2_38,5,90,0.98567,0.91216,0.07351,0.00242,0.00336,0.00414
CS2_38,5,91,0.98567,0.92566,0.06,0.00242,0.00329,0.00408
CS2_38,5,92,0.98292,0.92285,0.06008,0.00242,0.00441,0.00503
CS2_38,5,93,0.98292,0.9236,0.05933,0.00242,0.00508,0.00562
CS2_38,5,94,0.98292,0.93148,0.05144,0.00242,0.00604,0.00651
CS2_38,5,95,0.99018,0.93213,0.05805,0.00242,0.00626,0.00671
CS2_38,5,96,0.9764,0.92528,0.05112,0.00242,0.00636,0.0068
CS2_38,5,97,0.99614,0.92253,0.0736,0.00242,0.00511,0.00566
CS2_38,5,98,0.99997,0.92163,0.07834,0.00242,0.00188,0.00306
CS2_38,5,99,0.99997,0.9207,0.07927,0.00242,0.00247,0.00345
CS2_38,5,100,0.98645,0.91858,0.06786,0.00242,0.00925,0.00956
CS2_38,5,101,0.98756,0.92704,0.06051,0.00242,0.01363,0.01384
CS2_38,5,102,0.98645,0.92772,0.05873,0.00242,0.00801,0.00837
CS2_38,5,103,0.98165,0.91944,0.06221,0.00242,0.00207,0.00319
CS2_38,5,104,0.98532,0.91628,0.06904,0.00242,0.00218,0.00326
CS2_38,5,105,0.98165,0.91338,0.06827,0.00242,0.00279,0.00369
CS2_38,5,106,0.97986,0.91359,0.06627,0.00242,0.0026,0.00355
CS2_38,5,107,0.97986,0.91009,0.06976,0.00242,0.00187,0.00306
CS2_38,5,108,0.9796,0.92097,0.05863,0.00242,0.00337,0.00415
CS2_38,5,109,0.9762,0.92165,0.05455,0.00242,0.00155,0.00287
CS2_38,5,110,0.9762,0.91316,0.06304,0.00242,0.00228,0.00332
CS2_38,5,111,0.97226,0.91,0.06225,0.00242,0.00243,0.00343
CS2_38,5,112,0.95852,0.9096,0.04892,0.00242,0.00263,0.00357
CS2_38,5,113,0.95304,0.90799,0.04505,0.00242,0.00384,0.00454
CS2_38,5,114,0.95283,0.89982,0.053,0.00242,0.00591,0.00639
CS2_38,5,116,0.93144,0.91374,0.0177,0.00242,0.00367,0.0044
CS2_38,5,117,0.93144,0.91606,0.01538,0.00242,0.00517,0.00571
CS2_38,5,118,0.93643,0.91942,0.01701,0.00242,0.00937,0.00968
CS2_38,5,119,0.95606,0.92036,0.0357,0.00242,0.00287,0.00375
CS2_38,5,120,0.96051,0.92137,0.03915,0.00242,0.00693,0.00734
CS2_38,5,121,0.9618,0.92195,0.03985,0.00242,0.00388,0.00457
CS2_38,5,122,0.9618,0.9227,0.0391,0.00242,0.00492,0.00548
CS2_38,5,123,0.96307,0.92286,0.0402,0.00242,0.00566,0.00615
CS2_38,5,124,0.96392,0.92325,0.04066,0.00242,0.00444,0.00505
CS2_38,5,125,0.96392,0.92371,0.0402,0.00242,0.00241,0.00342
CS2_38,5,126,0.9651,0.92388,0.04123,0.00242,0.00095,0.0026
CS2_38,5,127,0.97216,0.9241,0.04806,0.00242,0.00227,0.00332
CS2_38,5,128,0.9773,0.92419,0.05312,0.00242,0.00217,0.00325
CS2_38,5,129,0.9773,0.92405,0.05326,0.00242,0.00271,0.00363
CS2_38,5,130,0.97631,0.92423,0.05208,0.00242,0.00213,0.00322
CS2_38,5,131,0.97631,0.92422,0.05209,0.00242,0.00184,0.00304
CS2_38,5,132,0.97449,0.90852,0.06597,0.00242,0.00312,0.00395
CS2_38,5,133,0.97175,0.90805,0.0637,0.00242,0.00276,0.00367
CS2_38,5,134,0.96773,0.90635,0.06138,0.00242,0.00317,0.00399
CS2_38,5,135,0.95293,0.89749,0.05544,0.00242,0.00521,0.00575
CS2_38,5,136,0.95293,0.91014,0.04279,0.00242,0.00386,0.00455
CS2_38,5,137,0.95179,0.91594,0.03584,0.00242,0.00354,0.00429
CS2_38,5,138,0.95293,0.91722,0.03571,0.00242,0.004,0.00468
CS2_38,5,139,0.95775,0.90253,0.05521,0.00242,0.00286,0.00375
CS2_38,5,140,0.96182,0.90582,0.056,0.00242,0.00549,0.006
CS2_38,5,141,0.95775,0.8998,0.05795,0.00242,0.00524,0.00578
CS2_38,5,142,0.95775,0.90266,0.05509,0.00242,0.01088,0.01115
CS2_38,5,143,0.88535,0.9084,0.02306,0.00242,0.01703,0.01721
CS2_38,5,144,0.85525,0.90906,0.05381,0.00242,0.01589,0.01607
CS2_38,5,145,0.85525,0.89576,0.0405,0.00242,0.00867,0.009
CS2_38,5,146,0.86466,0.89447,0.02981,0.00242,0.01006,0.01035
CS2_38,5,147,0.86466,0.89648,0.03181,0.00242,0.01596,0.01614
CS2_38,5,148,0.86466,0.89278,0.02812,0.00242,0.01511,0.0153
CS2_38,5,149,0.87575,0.89131,0.01556,0.00242,0.01499,0.01518
CS2_38,5,150,0.88133,0.90295,0.02162,0.00242,0.00446,0.00507
CS2_38,5,151,0.87895,0.90427,0.02532,0.00242,0.0076,0.00797
CS2_38,5,152,0.87895,0.89345,0.0145,0.00242,0.00197,0.00312
CS2_38,5,153,0.88133,0.89072,0.00939,0.00242,0.00179,0.00301
CS2_38,5,154,0.8856,0.89289,0.00729,0.00242,0.00249,0.00347
CS2_38,5,155,0.8856,0.89155,0.00595,0.00242,0.00232,0.00335
CS2_38,5,156,0.8856,0.88559,1e-05,0.00242,0.00222,0.00328
CS2_38,5,157,0.8878,0.89694,0.00914,0.00242,0.00182,0.00303
CS2_38,5,158,0.88532,0.90024,0.01493,0.00242,0.00195,0.00311
CS2_38,5,159,0.88194,0.89759,0.01565,0.00242,0.00228,0.00332
CS2_38,5,160,0.88157,0.88491,0.00334,0.00242,0.0012,0.0027
CS2_38,5,161,0.88157,0.88542,0.00385,0.00242,0.00078,0.00254
CS2_38,5,162,0.8814,0.88586,0.00447,0.00242,0.00059,0.00249
CS2_38,5,163,0.87991,0.8854,0.00549,0.00242,0.00093,0.00259
CS2_38,5,164,0.8814,0.88914,0.00774,0.00242,0.00281,0.00371
CS2_38,5,165,0.87991,0.89643,0.01652,0.00242,0.00237,0.00338
CS2_38,5,166,0.87851,0.89773,0.01922,0.00242,0.00223,0.00329
CS2_38,5,167,0.87851,0.89859,0.02008,0.00242,0.00216,0.00324
CS2_38,5,168,0.88057,0.89905,0.01848,0.00242,0.00196,0.00311
CS2_38,5,169,0.88057,0.89943,0.01886,0.00242,0.00166,0.00293
CS2_38,5,170,0.88057,0.79984,0.08072,0.00242,0.00207,0.00318
CS2_38,5,171,0.88594,0.90024,0.0143,0.00242,0.00356,0.0043
CS2_38,5,172,0.8873,0.90059,0.0133,0.00242,0.00297,0.00383
CS2_38,5,173,0.88778,0.90063,0.01286,0.00242,0.00302,0.00387
CS2_38,5,174,0.88803,0.90071,0.01268,0.00242,0.00057,0.00249
CS2_38,5,175,0.8893,0.9007,0.0114,0.00242,0.00072,0.00252
CS2_38,5,176,0.88962,0.90086,0.01124,0.00242,0.00043,0.00246
CS2_38,5,177,0.89198,0.90113,0.00914,0.00242,0.00064,0.0025
CS2_38,5,178,0.89287,0.90176,0.00889,0.00242,0.001,0.00262
CS2_38,5,179,0.89287,0.90218,0.00931,0.00242,0.00119,0.0027
CS2_38,5,180,0.89287,0.90352,0.01065,0.00242,0.00042,0.00245
CS2_38,5,181,0.89287,0.90384,0.01096,0.00242,0.0007,0.00252
CS2_38,5,182,0.89167,0.89003,0.00164,0.00242,0.00067,0.00251
CS2_38,5,183,0.89167,0.88844,0.00324,0.00242,0.00072,0.00252
CS2_38,5,184,0.89167,0.88801,0.00366,0.00242,0.0008,0.00255
CS2_38,5,185,0.89762,0.88783,0.00979,0.00242,0.00063,0.0025
CS2_38,5,186,0.89845,0.88441,0.01404,0.00242,0.00066,0.00251
CS2_38,5,187,0.89845,0.89553,0.00292,0.00242,0.0013,0.00275
CS2_38,5,188,0.89845,0.89708,0.00137,0.00242,0.00187,0.00306
CS2_38,5,189,0.89087,0.88845,0.00241,0.00242,0.00245,0.00344
CS2_38,5,190,0.88728,0.88397,0.0033,0.00242,0.00269,0.00361
CS2_38,5,191,0.88728,0.88938,0.00211,0.00242,0.0018,0.00301
CS2_38,5,192,0.88724,0.89937,0.01212,0.00242,0.00162,0.00291
CS2_38,5,193,0.88724,0.90102,0.01378,0.00242,0.0015,0.00285
CS2_38,5,194,0.88724,0.8929,0.00566,0.00242,0.00142,0.0028
CS2_38,5,195,0.88724,0.88812,0.00088,0.00242,0.00141,0.0028
CS2_38,5,196,0.88724,0.88973,0.00248,0.00242,0.00221,0.00328
CS2_38,5,197,0.89091,0.89048,0.00043,0.00242,0.00062,0.0025
CS2_38,5,198,0.89091,0.88857,0.00234,0.00242,0.00154,0.00287
CS2_38,5,199,0.89091,0.89457,0.00366,0.00242,0.00181,0.00302
CS2_38,5,200,0.88698,0.89861,0.01162,0.00242,0.00232,0.00336
CS2_38,5,201,0.88359,0.90026,0.01667,0.00242,0.00269,0.00361
CS2_38,5,202,0.87981,0.88789,0.00808,0.00242,0.00236,0.00338
CS2_38,5,203,0.87981,0.88829,0.00848,0.00242,0.00293,0.0038
CS2_38,5,205,0.87824,0.88756,0.00932,0.00242,0.0021,0.0032
CS2_38,5,206,0.87981,0.88685,0.00705,0.00242,0.00206,0.00318
CS2_38,5,207,0.87912,0.89732,0.0182,0.00242,0.00191,0.00308
CS2_38,5,208,0.87824,0.89993,0.0217,0.00242,0.0017,0.00296
CS2_38,5,209,0.87824,0.89268,0.01444,0.00242,0.00066,0.00251
CS2_38,5,210,0.87912,0.88737,0.00825,0.00242,0.00241,0.00342
CS2_38,5,211,0.87912,0.89102,0.0119,0.00242,0.00324,0.00405
CS2_38,5,212,0.88495,0.89741,0.01246,0.00242,0.00224,0.0033
CS2_38,5,213,0.88495,0.90053,0.01558,0.00242,0.00218,0.00326
CS2_38,5,214,0.88495,0.80226,0.08269,0.00242,0.0025,0.00348
CS2_38,5,215,0.88495,0.90085,0.01589,0.00242,0.0019,0.00308
CS2_38,5,216,0.88495,0.90122,0.01627,0.00242,0.00188,0.00306
CS2_38,5,217,0.88626,0.90176,0.0155,0.00242,0.00164,0.00292
CS2_38,5,218,0.89057,0.90212,0.01156,0.00242,0.00111,0.00266
CS2_38,5,219,0.891,0.90255,0.01155,0.00242,0.0012,0.0027
CS2_38,5,220,0.89156,0.90368,0.01212,0.00242,0.00057,0.00249
CS2_38,5,221,0.89255,0.90342,0.01087,0.00242,0.00077,0.00254
CS2_38,5,222,0.89263,0.90346,0.01083,0.00242,0.00138,0.00279
CS2_38,5,223,0.89255,0.80714,0.08541,0.00242,0.00104,0.00263
CS2_38,5,224,0.89255,0.90352,0.01097,0.00242,0.00057,0.00248
CS2_38,5,225,0.89283,0.90374,0.01091,0.00242,0.00075,0.00253
CS2_38,5,226,0.89521,0.90393,0.00872,0.00242,0.00065,0.0025
CS2_38,5,227,0.89529,0.90415,0.00886,0.00242,0.00035,0.00244
CS2_38,5,228,0.89529,0.90416,0.00887,0.00242,0.00024,0.00243
CS2_38,5,229,0.89522,0.90411,0.00889,0.00242,0.00032,0.00244
CS2_38,5,230,0.89522,0.90417,0.00895,0.00242,0.00084,0.00256
CS2_38,5,231,0.89522,0.90414,0.00892,0.00242,0.00121,0.00271
CS2_38,5,232,0.8952,0.89199,0.00321,0.00242,0.00135,0.00277
CS2_38,5,233,0.8952,0.89279,0.00242,0.00242,0.0006,0.00249
CS2_38,5,234,0.8955,0.89155,0.00395,0.00242,0.00088,0.00257
CS2_38,5,235,0.898,0.88799,0.01001,0.00242,0.00079,0.00254
CS2_38,5,236,0.90015,0.88556,0.01459,0.00242,0.00068,0.00251
CS2_38,5,237,0.90015,0.89623,0.00392,0.00242,0.0007,0.00252
CS2_38,5,238,0.898,0.89811,0.00012,0.00242,0.00204,0.00317
CS2_38,5,239,0.88964,0.89157,0.00193,0.00242,0.00269,0.00362
CS2_38,5,240,0.88757,0.88562,0.00195,0.00242,0.00256,0.00352
CS2_38,5,241,0.88757,0.88955,0.00198,0.00242,0.00212,0.00322
CS2_38,5,242,0.88757,0.88947,0.00189,0.00242,0.00199,0.00313
CS2_38,5,243,0.88757,0.88386,0.00371,0.00242,0.00148,0.00283
CS2_38,5,244,0.88757,0.89458,0.007,0.00242,0.00153,0.00286
CS2_38,5,245,0.88352,0.89612,0.0126,0.00242,0.0015,0.00285
CS2_38,5,246,0.88307,0.88952,0.00644,0.00242,0.0011,0.00266
CS2_38,5,247,0.88307,0.88331,0.00024,0.00242,0.00229,0.00333
CS2_38,5,248,0.88307,0.88512,0.00205,0.00242,0.00229,0.00333
CS2_38,5,249,0.88315,0.8822,0.00095,0.00242,0.00173,0.00297
CS2_38,5,250,0.88315,0.88319,4e-05,0.00242,0.00223,0.00329
CS2_38,5,251,0.88315,0.88692,0.00377,0.00242,0.00131,0.00275
CS2_38,5,252,0.88198,0.89092,0.00894,0.00242,0.00152,0.00285
CS2_38,5,253,0.88173,0.89236,0.01063,0.00242,0.00251,0.00349
CS2_38,5,254,0.87512,0.88111,0.00599,0.00242,0.00335,0.00413
CS2_38,5,255,0.87512,0.88069,0.00557,0.00242,0.00186,0.00305
CS2_38,5,256,0.87278,0.88266,0.00989,0.00242,0.00135,0.00277
CS2_38,5,257,0.87278,0.88016,0.00739,0.00242,0.00099,0.00261
CS2_38,5,258,0.87278,0.88038,0.0076,0.00242,0.00056,0.00248
CS2_38,5,259,0.87216,0.88985,0.01769,0.00242,0.00062,0.0025
CS2_38,5,260,0.8716,0.89175,0.02015,0.00242,0.00067,0.00251
CS2_38,5,261,0.87046,0.88215,0.01169,0.00242,0.00061,0.0025
CS2_38,5,262,0.87046,0.87928,0.00883,0.00242,0.00107,0.00264
CS2_38,5,263,0.87046,0.87878,0.00833,0.00242,0.00074,0.00253
CS2_38,5,264,0.87129,0.87942,0.00813,0.00242,0.00093,0.00259
CS2_38,5,265,0.87129,0.88687,0.01558,0.00242,0.00085,0.00256
CS2_38,5,266,0.87129,0.88157,0.01027,0.00242,0.0008,0.00255
CS2_38,5,268,0.8659,0.89094,0.02505,0.00242,0.00288,0.00376
CS2_38,5,269,0.8659,0.89135,0.02545,0.00242,0.00359,0.00433
CS2_38,5,270,0.86859,0.87967,0.01107,0.00242,0.0031,0.00393
CS2_38,5,271,0.87293,0.87965,0.00672,0.00242,0.0024,0.00341
CS2_38,5,272,0.87352,0.877,0.00348,0.00242,0.00189,0.00307
CS2_38,5,273,0.87352,0.87891,0.00539,0.00242,0.00264,0.00358
CS2_38,5,274,0.87352,0.87797,0.00445,0.00242,0.00207,0.00318
CS2_38,5,275,0.87233,0.87765,0.00532,0.00242,0.00178,0.003
CS2_38,5,276,0.87184,0.88684,0.01501,0.00242,0.00266,0.00359
CS2_38,5,277,0.86575,0.88903,0.02328,0.00242,0.00183,0.00303
CS2_38,5,278,0.86575,0.88405,0.0183,0.00242,0.00217,0.00325
CS2_38,5,279,0.86575,0.87568,0.00993,0.00242,0.00196,0.00312
CS2_38,5,280,0.86575,0.87807,0.01232,0.00242,0.00211,0.00321
CS2_38,5,281,0.87068,0.87537,0.00469,0.00242,0.00243,0.00343
CS2_38,5,282,0.87264,0.87553,0.00289,0.00242,0.00253,0.0035
CS2_38,5,283,0.87264,0.87829,0.00565,0.00242,0.00303,0.00388
CS2_38,5,284,0.87264,0.88245,0.00981,0.00242,0.00321,0.00402
CS2_38,5,285,0.87264,0.88354,0.0109,0.00242,0.00312,0.00395
CS2_38,5,286,0.87264,0.87298,0.00034,0.00242,0.0031,0.00393
CS2_38,5,287,0.87274,0.87172,0.00102,0.00242,0.00264,0.00358
CS2_38,5,288,0.87274,0.87168,0.00106,0.00242,0.00102,0.00262
CS2_38,5,289,0.87274,0.87046,0.00229,0.00242,0.00094,0.0026
CS2_38,5,290,0.87274,0.86861,0.00413,0.00242,0.00107,0.00265
CS2_38,5,291,0.86978,0.87749,0.00771,0.00242,0.00147,0.00283
CS2_38,5,292,0.86956,0.87913,0.00957,0.00242,0.00154,0.00287
CS2_38,5,293,0.86369,0.87975,0.01606,0.00242,0.00177,0.003
CS2_38,5,294,0.86369,0.88021,0.01651,0.00242,0.00175,0.00298
CS2_38,5,295,0.86369,0.88087,0.01717,0.00242,0.00146,0.00283
CS2_38,5,296,0.86693,0.88175,0.01482,0.00242,0.00089,0.00258
CS2_38,5,297,0.8685,0.88261,0.0141,0.00242,0.00107,0.00264
CS2_38,5,298,0.86935,0.88257,0.01322,0.00242,0.00145,0.00282
CS2_38,5,299,0.87054,0.88292,0.01237,0.00242,0.0009,0.00258
CS2_38,5,300,0.87095,0.88275,0.0118,0.00242,0.00074,0.00253
CS2_38,5,301,0.87195,0.88233,0.01038,0.00242,0.00038,0.00245
CS2_38,5,302,0.87268,0.883,0.01031,0.00242,0.00058,0.00249
CS2_38,5,303,0.87366,0.88302,0.00936,0.00242,0.00013,0.00242
CS2_38,5,304,0.8747,0.88316,0.00846,0.00242,0.00021,0.00243
CS2_38,5,305,0.87484,0.8838,0.00896,0.00242,0.0002,0.00243
CS2_38,5,306,0.87484,0.88414,0.0093,0.00242,0.00032,0.00244
CS2_38,5,307,0.8747,0.88423,0.00954,0.00242,0.00045,0.00246
CS2_38,5,308,0.87428,0.87287,0.00141,0.00242,0.00049,0.00247
CS2_38,5,309,0.87428,0.86668,0.0076,0.00242,0.00054,0.00248
CS2_38,5,310,0.87428,0.87037,0.0039,0.00242,0.0008,0.00255
CS2_38,5,311,0.87779,0.86712,0.01067,0.00242,0.0016,0.0029
CS2_38,5,312,0.87779,0.86458,0.01321,0.00242,0.00125,0.00272
CS2_38,5,313,0.87779,0.87313,0.00466,0.00242,0.00112,0.00267
CS2_38,5,314,0.87765,0.87664,0.00101,0.00242,0.00096,0.0026
CS2_38,5,315,0.87588,0.87741,0.00153,0.00242,0.00193,0.00309
CS2_38,5,316,0.86946,0.86332,0.00613,0.00242,0.00249,0.00347
CS2_38,5,317,0.86805,0.86422,0.00382,0.00242,0.00192,0.00309
CS2_38,5,318,0.86798,0.86318,0.0048,0.00242,0.0017,0.00296
CS2_38,5,319,0.86284,0.86304,0.0002,0.00242,0.0009,0.00258
CS2_38,5,320,0.86133,0.85933,0.00199,0.00242,0.00165,0.00293
CS2_38,5,322,0.85489,0.87082,0.01593,0.00242,0.00299,0.00385
CS2_38,5,323,0.85536,0.87409,0.01873,0.00242,0.0024,0.00341
CS2_38,5,324,0.85612,0.87199,0.01587,0.00242,0.00238,0.0034
CS2_38,5,325,0.85612,0.87786,0.02174,0.00242,0.0025,0.00348
CS2_38,5,326,0.86305,0.88061,0.01756,0.00242,0.00203,0.00316
CS2_38,5,327,0.86575,0.88118,0.01543,0.00242,0.00133,0.00276
CS2_38,5,328,0.86598,0.86893,0.00295,0.00242,0.00159,0.00289
CS2_38,5,329,0.86733,0.86866,0.00134,0.00242,0.00151,0.00285
CS2_38,5,330,0.86733,0.86763,0.00031,0.00242,0.00169,0.00295
CS2_38,5,331,0.87008,0.86649,0.00359,0.00242,0.00105,0.00264
CS2_38,5,332,0.87008,0.86321,0.00687,0.00242,0.00046,0.00246
CS2_38,5,333,0.87008,0.873,0.00292,0.00242,0.00089,0.00258
CS2_38,5,334,0.86943,0.87392,0.0045,0.00242,0.00091,0.00258
CS2_38,5,335,0.86774,0.87441,0.00666,0.00242,0.00138,0.00278
CS2_38,5,336,0.86726,0.87458,0.00733,0.00242,0.00111,0.00266
CS2_38,5,337,0.86603,0.87547,0.00944,0.00242,0.0004,0.00245
CS2_38,5,338,0.86461,0.87631,0.01169,0.00242,0.00052,0.00247
CS2_38,5,339,0.86593,0.87662,0.0107,0.00242,0.00035,0.00244
CS2_38,5,340,0.86603,0.8758,0.00976,0.00242,0.00073,0.00253
CS2_38,5,341,0.86603,0.8756,0.00957,0.00242,0.00076,0.00254
CS2_38,5,342,0.86704,0.87533,0.00829,0.00242,0.00066,0.00251
CS2_38,5,343,0.86818,0.87498,0.0068,0.00242,0.00029,0.00244
CS2_38,5,344,0.86895,0.87483,0.00588,0.00242,0.00026,0.00243
CS2_38,5,345,0.86977,0.87477,0.00501,0.00242,0.00029,0.00244
CS2_38,5,346,0.87025,0.87492,0.00467,0.00242,0.00031,0.00244
CS2_38,5,347,0.87025,0.87492,0.00466,0.00242,0.00031,0.00244
CS2_38,5,348,0.87025,0.87485,0.0046,0.00242,0.0004,0.00245
CS2_38,5,349,0.87003,0.87459,0.00456,0.00242,0.00036,0.00245
CS2_38,5,350,0.86954,0.86379,0.00575,0.00242,0.00037,0.00245
CS2_38,5,351,0.86954,0.85838,0.01117,0.00242,0.00036,0.00245
CS2_38,5,352,0.86954,0.85843,0.01111,0.00242,0.00073,0.00253
CS2_38,5,353,0.8695,0.85625,0.01325,0.00242,0.00065,0.0025
CS2_38,5,354,0.87001,0.85369,0.01632,0.00242,0.00049,0.00247
CS2_38,5,355,0.87001,0.86295,0.00706,0.00242,0.00046,0.00246
CS2_38,5,356,0.86912,0.86592,0.00319,0.00242,0.00092,0.00259
CS2_38,5,357,0.86899,0.86702,0.00198,0.00242,0.00194,0.0031
CS2_38,5,358,0.86112,0.85392,0.0072,0.00242,0.0024,0.00341
CS2_38,5,359,0.85965,0.85281,0.00684,0.00242,0.00127,0.00273
CS2_38,5,360,0.85471,0.85156,0.00315,0.00242,0.00091,0.00259
CS2_38,5,361,0.85402,0.85215,0.00187,0.00242,0.00102,0.00263
CS2_38,5,362,0.85157,0.85106,0.00051,0.00242,0.00127,0.00273
CS2_38,5,363,0.85134,0.8605,0.00916,0.00242,0.00137,0.00278
CS2_38,5,364,0.85062,0.86233,0.0117,0.00242,0.00069,0.00252
CS2_38,5,365,0.85086,0.85372,0.00285,0.00242,0.00096,0.0026
CS2_38,5,366,0.85086,0.84909,0.00177,0.00242,0.00062,0.0025
CS2_38,5,367,0.85134,0.8507,0.00065,0.00242,0.00119,0.0027
CS2_38,5,368,0.85086,0.84654,0.00432,0.00242,0.00138,0.00278
CS2_38,5,369,0.85086,0.84788,0.00298,0.00242,0.00085,0.00256
CS2_38,5,370,0.85247,0.85368,0.00121,0.00242,0.00097,0.00261
CS2_38,5,371,0.84895,0.85743,0.00847,0.00242,0.00145,0.00282
CS2_38,5,372,0.84764,0.85877,0.01113,0.00242,0.00117,0.00268
CS2_38,5,373,0.848,0.85353,0.00553,0.00242,0.0015,0.00285
CS2_38,5,374,0.848,0.85276,0.00476,0.00242,0.00172,0.00297
CS2_38,5,376,0.848,0.85806,0.01005,0.00242,0.00184,0.00304
CS2_38,5,377,0.848,0.86063,0.01262,0.00242,0.00192,0.00309
CS2_38,5,378,0.84734,0.85653,0.0092,0.00242,0.00291,0.00378
CS2_38,5,379,0.84734,0.84669,0.00065,0.00242,0.00299,0.00384
CS2_38,5,380,0.85233,0.84749,0.00484,0.00242,0.0019,0.00308
CS2_38,5,381,0.85233,0.84693,0.0054,0.00242,0.0013,0.00275
CS2_38,5,382,0.85233,0.84571,0.00662,0.00242,0.00171,0.00296
CS2_38,5,383,0.85296,0.84736,0.00559,0.00242,0.00269,0.00362
CS2_38,5,385,0.84922,0.85456,0.00534,0.00242,0.00182,0.00303
CS2_38,5,386,0.84771,0.8551,0.00739,0.00242,0.0024,0.00341
CS2_38,5,387,0.84922,0.85569,0.00647,0.00242,0.00257,0.00353
CS2_38,5,388,0.84922,0.85617,0.00695,0.00242,0.00138,0.00278
CS2_38,5,389,0.85073,0.85804,0.00731,0.00242,0.00118,0.00269
CS2_38,5,390,0.85073,0.85878,0.00805,0.00242,0.00101,0.00262
CS2_38,5,391,0.85092,0.85902,0.0081,0.00242,0.00077,0.00254
CS2_38,5,392,0.85073,0.85928,0.00855,0.00242,0.00079,0.00254
CS2_38,5,393,0.85092,0.85949,0.00857,0.00242,0.00215,0.00323
CS2_38,5,394,0.85093,0.85963,0.0087,0.00242,0.0003,0.00244
CS2_38,5,395,0.85275,0.85979,0.00704,0.00242,0.00029,0.00244
CS2_38,5,396,0.8529,0.85995,0.00705,0.00242,0.00019,0.00243
CS2_38,5,397,0.85334,0.86026,0.00693,0.00242,0.00015,0.00242
CS2_38,5,398,0.85378,0.86074,0.00696,0.00242,0.00021,0.00243
CS2_38,5,399,0.85378,0.86062,0.00683,0.00242,0.00016,0.00242
CS2_38,5,400,0.85398,0.86065,0.00667,0.00242,0.00015,0.00242
CS2_38,5,401,0.85398,0.85417,0.00019,0.00242,0.00195,0.00311
CS2_38,5,402,0.85398,0.84479,0.00919,0.00242,0.00114,0.00267
CS2_38,5,403,0.85388,0.84278,0.01111,0.00242,0.0009,0.00258
CS2_38,5,404,0.85398,0.84208,0.0119,0.00242,0.00024,0.00243
CS2_38,5,405,0.85611,0.84155,0.01456,0.00242,0.00034,0.00244
CS2_38,5,406,0.85725,0.84349,0.01376,0.00242,0.00233,0.00336
CS2_38,5,407,0.85611,0.85038,0.00573,0.00242,0.00182,0.00303
CS2_38,5,408,0.85611,0.85221,0.0039,0.00242,0.00188,0.00306
CS2_38,5,409,0.84884,0.84238,0.00646,0.00242,0.00299,0.00384
CS2_38,5,410,0.84826,0.8395,0.00876,0.00242,0.00331,0.0041
CS2_38,5,411,0.84104,0.84206,0.00102,0.00242,0.00101,0.00262
CS2_38,5,412,0.84104,0.84072,0.00033,0.00242,0.00101,0.00262
CS2_38,5,413,0.84043,0.83873,0.0017,0.00242,0.00118,0.00269
CS2_38,5,414,0.84043,0.84608,0.00565,0.00242,0.00197,0.00312
CS2_38,5,415,0.84009,0.84907,0.00898,0.00242,0.00286,0.00375
CS2_38,5,416,0.83898,0.85043,0.01145,0.00242,0.00094,0.00259
CS2_38,5,417,0.83836,0.83993,0.00157,0.00242,0.00081,0.00255
CS2_38,5,418,0.83836,0.84005,0.00169,0.00242,0.00069,0.00252
CS2_38,5,419,0.83711,0.83972,0.00261,0.00242,0.00043,0.00246
CS2_38,5,420,0.83836,0.83962,0.00126,0.00242,0.00065,0.0025
CS2_38,5,421,0.83937,0.83846,0.00091,0.00242,0.00075,0.00253
CS2_38,5,422,0.83937,0.84764,0.00827,0.00242,0.0008,0.00255
CS2_38,5,423,0.83711,0.84493,0.00782,0.00242,0.00109,0.00266
CS2_38,5,424,0.83937,0.84515,0.00578,0.00242,0.00085,0.00256
CS2_38,5,425,0.83937,0.84344,0.00407,0.00242,0.00094,0.0026
CS2_38,5,426,0.83979,0.84029,0.0005,0.00242,0.00103,0.00263
CS2_38,5,427,0.84368,0.83883,0.00485,0.00242,0.00107,0.00265
CS2_38,5,428,0.84388,0.83888,0.005,0.00242,0.00106,0.00264
CS2_38,5,429,0.84368,0.83883,0.00485,0.00242,0.00117,0.00269
CS2_38,5,430,0.84368,0.83793,0.00576,0.00242,0.00143,0.00281
CS2_38,5,431,0.8418,0.83627,0.00554,0.00242,0.00186,0.00305
CS2_38,5,432,0.83968,0.84345,0.00377,0.00242,0.00136,0.00277
CS2_38,5,433,0.83894,0.84615,0.00722,0.00242,0.00083,0.00256
CS2_38,5,434,0.83537,0.84732,0.01195,0.00242,0.00119,0.0027
CS2_38,5,435,0.83398,0.84809,0.0141,0.00242,0.00034,0.00244
CS2_38,5,436,0.83256,0.84842,0.01586,0.00242,0.00036,0.00245
CS2_38,5,437,0.83256,0.8488,0.01624,0.00242,0.00072,0.00252
CS2_38,5,438,0.83256,0.84913,0.01657,0.00242,0.00125,0.00272
CS2_38,5,439,0.8316,0.84277,0.01117,0.00242,0.00074,0.00253
CS2_38,5,441,0.83235,0.84653,0.01418,0.00242,0.00224,0.00329
CS2_38,5,442,0.83235,0.84843,0.01608,0.00242,0.00283,0.00372
CS2_38,5,443,0.83235,0.84925,0.0169,0.00242,0.00178,0.003
CS2_38,5,444,0.83647,0.84322,0.00676,0.00242,0.00146,0.00282
CS2_38,5,445,0.83916,0.84456,0.00541,0.00242,0.00214,0.00323
CS2_38,5,446,0.84124,0.84467,0.00342,0.00242,0.00238,0.0034
CS2_38,5,447,0.84364,0.84698,0.00334,0.00242,0.00195,0.00311
CS2_38,5,448,0.84364,0.84597,0.00233,0.00242,0.00292,0.00379
CS2_38,5,449,0.84583,0.85108,0.00525,0.00242,0.00237,0.00338
CS2_38,5,450,0.84468,0.8521,0.00743,0.00242,0.00083,0.00256
CS2_38,5,451,0.84468,0.84829,0.00361,0.00242,0.00117,0.00269
CS2_38,5,453,0.84468,0.84375,0.00093,0.00242,0.00155,0.00287
CS2_38,5,454,0.84468,0.8446,8e-05,0.00242,0.00167,0.00294
CS2_38,5,455,0.84496,0.8451,0.00013,0.00242,0.00093,0.00259
CS2_38,5,456,0.845,0.84396,0.00104,0.00242,0.00047,0.00246
CS2_38,5,457,0.84509,0.84929,0.0042,0.00242,0.00063,0.0025
CS2_38,5,458,0.84509,0.85033,0.00524,0.00242,0.00109,0.00265
CS2_38,5,459,0.84667,0.84426,0.00241,0.00242,0.00065,0.0025
CS2_38,5,460,0.84667,0.84091,0.00576,0.00242,0.00099,0.00262
CS2_38,5,461,0.84667,0.84181,0.00486,0.00242,0.00103,0.00263
CS2_38,5,462,0.84568,0.84132,0.00436,0.00242,0.0007,0.00252
CS2_38,5,464,0.84296,0.83884,0.00412,0.00242,0.0015,0.00284
CS2_38,5,465,0.84296,0.84653,0.00358,0.00242,0.00106,0.00264
CS2_38,5,466,0.84296,0.84718,0.00422,0.00242,0.00067,0.00251
CS2_38,5,467,0.84282,0.84023,0.0026,0.00242,0.00031,0.00244
CS2_38,5,468,0.84282,0.83845,0.00438,0.00242,0.00088,0.00257
CS2_38,5,469,0.83975,0.83985,0.0001,0.00242,0.00109,0.00265
CS2_38,5,470,0.83963,0.83957,6e-05,0.00242,0.00137,0.00278
CS2_38,5,471,0.83945,0.84086,0.00141,0.00242,0.00157,0.00288
CS2_38,5,472,0.83945,0.84407,0.00463,0.00242,0.00155,0.00287
CS2_38,5,473,0.83907,0.84618,0.00712,0.00242,0.00061,0.0025
CS2_38,5,474,0.83907,0.84686,0.0078,0.00242,0.00045,0.00246
CS2_38,5,475,0.83691,0.84726,0.01035,0.00242,0.00021,0.00243
CS2_38,5,476,0.83632,0.84754,0.01122,0.00242,0.00016,0.00242
CS2_38,5,477,0.83548,0.8479,0.01241,0.00242,0.00024,0.00243
CS2_38,5,478,0.83548,0.84895,0.01347,0.00242,0.00051,0.00247
CS2_38,5,479,0.83548,0.84943,0.01395,0.00242,0.0011,0.00266
CS2_38,5,480,0.84007,0.84956,0.00949,0.00242,0.00139,0.00279
CS2_38,5,481,0.84085,0.8497,0.00885,0.00242,0.00093,0.00259
CS2_38,5,482,0.84169,0.84967,0.00798,0.00242,0.00044,0.00246
CS2_38,5,483,0.84183,0.84965,0.00782,0.00242,0.00057,0.00249
CS2_38,5,484,0.84197,0.84943,0.00745,0.00242,0.0006,0.00249
CS2_38,5,485,0.84408,0.84938,0.0053,0.00242,0.00052,0.00248
CS2_38,5,486,0.84485,0.84945,0.0046,0.00242,0.00045,0.00246
CS2_38,5,488,0.84503,0.84944,0.00441,0.00242,0.00153,0.00286
CS2_38,5,489,0.84503,0.84791,0.00288,0.00242,0.00098,0.00261
CS2_38,5,490,0.84503,0.84612,0.00109,0.00242,0.00068,0.00251
CS2_38,5,491,0.84503,0.85005,0.00502,0.00242,0.00061,0.0025
CS2_38,5,492,0.84817,0.85158,0.00341,0.00242,0.00122,0.00271
CS2_38,5,493,0.85366,0.85185,0.0018,0.00242,0.00176,0.00299
CS2_38,5,494,0.85366,0.84297,0.01069,0.00242,0.00182,0.00303
CS2_38,5,495,0.85366,0.8433,0.01035,0.00242,0.00187,0.00306
CS2_38,5,496,0.84879,0.84373,0.00507,0.00242,0.00213,0.00322
CS2_38,5,497,0.84807,0.84314,0.00493,0.00242,0.00283,0.00373
CS2_38,5,498,0.84171,0.84041,0.0013,0.00242,0.00169,0.00295
CS2_38,5,499,0.84171,0.84652,0.00481,0.00242,0.00133,0.00276
CS2_38,5,500,0.84104,0.84731,0.00627,0.00242,0.00102,0.00263
CS2_38,5,501,0.84102,0.84455,0.00352,0.00242,0.00117,0.00269
CS2_38,5,502,0.84103,0.83841,0.00263,0.00242,0.00135,0.00277
CS2_38,5,503,0.84103,0.83999,0.00105,0.00242,0.00127,0.00273
CS2_38,5,504,0.84049,0.83975,0.00074,0.00242,0.00105,0.00264
CS2_38,5,505,0.83985,0.84006,0.00022,0.00242,0.00049,0.00247
CS2_38,5,506,0.8401,0.83821,0.0019,0.00242,0.00021,0.00243
CS2_38,5,507,0.83985,0.8439,0.00405,0.00242,0.00026,0.00243
CS2_38,5,508,0.83891,0.8449,0.00599,0.00242,0.00051,0.00247
CS2_38,5,509,0.83891,0.83903,0.00012,0.00242,0.00094,0.00259
CS2_38,5,510,0.83891,0.83578,0.00313,0.00242,0.00094,0.0026
CS2_38,5,511,0.83891,0.83689,0.00202,0.00242,0.0003,0.00244
CS2_38,5,512,0.83809,0.83604,0.00206,0.00242,0.00057,0.00249
CS2_38,5,513,0.83809,0.8356,0.00249,0.00242,0.00073,0.00253
CS2_38,5,514,0.83908,0.83829,0.00079,0.00242,0.00049,0.00247
CS2_38,5,515,0.83502,0.84151,0.00649,0.00242,0.00075,0.00253
CS2_38,5,516,0.83499,0.84223,0.00724,0.00242,0.00077,0.00254
CS2_38,5,517,0.83499,0.83415,0.00084,0.00242,0.00067,0.00251
CS2_38,5,518,0.83499,0.83258,0.00242,0.00242,0.00103,0.00263
CS2_38,5,519,0.83377,0.83301,0.00076,0.00242,0.00082,0.00255
CS2_38,5,520,0.83347,0.83339,8e-05,0.00242,0.00078,0.00254
CS2_38,5,521,0.83347,0.83166,0.00181,0.00242,0.00072,0.00252
CS2_38,5,522,0.83346,0.83709,0.00363,0.00242,0.00089,0.00258
CS2_38,5,523,0.83337,0.83864,0.00528,0.00242,0.00104,0.00263
CS2_38,5,524,0.83145,0.83925,0.0078,0.00242,0.00054,0.00248
CS2_38,5,525,0.83242,0.83961,0.00719,0.00242,0.00048,0.00247
CS2_38,5,526,0.83202,0.83984,0.00781,0.00242,0.00045,0.00246
CS2_38,5,527,0.83145,0.84013,0.00868,0.00242,0.00038,0.00245
CS2_38,5,528,0.83202,0.84075,0.00872,0.00242,0.00052,0.00248
CS2_38,5,529,0.83242,0.84078,0.00836,0.00242,0.00065,0.0025
CS2_38,5,530,0.83354,0.84058,0.00704,0.00242,0.00057,0.00248
CS2_38,5,531,0.8341,0.84049,0.00639,0.00242,0.00025,0.00243
CS2_38,5,532,0.83466,0.84029,0.00564,0.00242,0.00018,0.00243
CS2_38,5,533,0.83503,0.83997,0.00493,0.00242,0.00011,0.00242
CS2_38,5,534,0.83536,0.8398,0.00444,0.00242,0.00014,0.00242
CS2_38,5,535,0.83573,0.83981,0.00408,0.00242,0.00013,0.00242
CS2_38,5,536,0.83573,0.83977,0.00404,0.00242,0.00012,0.00242
CS2_38,5,537,0.83573,0.83962,0.00389,0.00242,0.00034,0.00244
CS2_38,5,538,0.8353,0.8396,0.0043,0.00242,0.00024,0.00243
CS2_38,5,539,0.83527,0.83878,0.00352,0.00242,0.00033,0.00244
CS2_38,5,540,0.83527,0.83658,0.00131,0.00242,0.00025,0.00243
CS2_38,5,541,0.8353,0.84039,0.00509,0.00242,0.00076,0.00253
CS2_38,5,542,0.838,0.84156,0.00356,0.00242,0.00081,0.00255
CS2_38,5,543,0.83941,0.84167,0.00226,0.00242,0.00066,0.00251
CS2_38,5,544,0.83955,0.83316,0.00639,0.00242,0.00059,0.00249
CS2_38,5,545,0.84046,0.83141,0.00905,0.00242,0.00041,0.00245
CS2_38,5,546,0.83955,0.82943,0.01012,0.00242,0.00097,0.0026
CS2_38,5,547,0.83941,0.82924,0.01017,0.00242,0.00174,0.00298
CS2_38,5,548,0.83386,0.82767,0.00619,0.00242,0.00145,0.00282
CS2_38,5,549,0.83285,0.83486,0.00201,0.00242,0.00101,0.00262
CS2_38,5,550,0.83241,0.83628,0.00386,0.00242,0.00071,0.00252
CS2_38,5,551,0.83193,0.8341,0.00217,0.00242,0.001,0.00262
CS2_38,5,552,0.82954,0.82721,0.00233,0.00242,0.00103,0.00263
CS2_38,5,553,0.82954,0.82759,0.00195,0.00242,0.00103,0.00263
CS2_38,5,554,0.82595,0.82658,0.00063,0.00242,0.00079,0.00254
CS2_38,5,555,0.8241,0.82542,0.00132,0.00242,0.00034,0.00244
CS2_38,5,556,0.8241,0.8233,0.0008,0.00242,0.00044,0.00246
CS2_38,5,557,0.8241,0.83175,0.00765,0.00242,0.00077,0.00254
CS2_38,5,558,0.82404,0.83284,0.0088,0.00242,0.00066,0.00251
CS2_38,5,559,0.82358,0.82649,0.00291,0.00242,0.00048,0.00247
CS2_38,5,560,0.82325,0.82036,0.00289,0.00242,0.00034,0.00244
CS2_38,5,561,0.82325,0.82235,0.0009,0.00242,0.00048,0.00247
CS2_38,5,562,0.82305,0.82164,0.00141,0.00242,0.00055,0.00248
CS2_38,5,563,0.82111,0.81235,0.00876,0.00242,0.00048,0.00247
CS2_38,5,564,0.82325,0.81253,0.01072,0.00242,0.00146,0.00283
CS2_38,5,565,0.82284,0.82325,0.0004,0.00242,0.00153,0.00286
CS2_38,5,566,0.82122,0.82489,0.00366,0.00242,0.00097,0.0026
CS2_38,5,567,0.82122,0.81169,0.00953,0.00242,0.00081,0.00255
CS2_38,5,568,0.82277,0.80529,0.01748,0.00242,0.00064,0.0025
CS2_38,5,569,0.82247,0.8069,0.01558,0.00242,0.00059,0.00249
CS2_38,5,570,0.82122,0.80322,0.01801,0.00242,0.00193,0.0031
CS2_38,5,571,0.81829,0.80071,0.01758,0.00242,0.00286,0.00375
CS2_38,5,572,0.81589,0.80846,0.00743,0.00242,0.00263,0.00358
CS2_38,5,573,0.81273,0.81579,0.00306,0.00242,0.00204,0.00317
CS2_38,5,574,0.80778,0.81816,0.01038,0.00242,0.00088,0.00258
CS2_38,5,575,0.80674,0.81945,0.01271,0.00242,0.00182,0.00303
CS2_38,5,576,0.80518,0.82018,0.01501,0.00242,0.00243,0.00343
CS2_38,5,578,0.80518,0.82232,0.01715,0.00242,0.00289,0.00377
CS2_38,5,579,0.80674,0.82258,0.01584,0.00242,0.00336,0.00414
CS2_38,5,580,0.81031,0.82294,0.01263,0.00242,0.00303,0.00388
CS2_38,5,581,0.81416,0.82185,0.00769,0.00242,0.00187,0.00306
CS2_38,5,582,0.81463,0.8214,0.00677,0.00242,0.00075,0.00253
CS2_38,5,583,0.81618,0.8211,0.00492,0.00242,0.0006,0.00249
CS2_38,5,584,0.81884,0.82082,0.00198,0.00242,0.00085,0.00256
CS2_38,5,585,0.81884,0.82035,0.00151,0.00242,0.0012,0.0027
CS2_38,5,586,0.81891,0.82069,0.00178,0.00242,0.0019,0.00308
CS2_38,5,588,0.81856,0.8205,0.00194,0.00242,0.0005,0.00247
CS2_38,5,589,0.81735,0.80942,0.00794,0.00242,0.00162,0.00291
CS2_38,5,590,0.81518,0.8054,0.00978,0.00242,0.00148,0.00283
CS2_38,5,591,0.81518,0.81459,0.00058,0.00242,0.00037,0.00245
CS2_38,5,592,0.81735,0.81782,0.00047,0.00242,0.00138,0.00278
CS2_38,5,593,0.82289,0.81929,0.0036,0.00242,0.00133,0.00276
CS2_38,5,594,0.82289,0.80187,0.02102,0.00242,0.00179,0.00301
CS2_38,5,596,0.81022,0.79828,0.01195,0.00242,0.00497,0.00552
CS2_38,5,597,0.80342,0.79659,0.00683,0.00242,0.00384,0.00454
CS2_38,5,598,0.80211,0.79329,0.00882,0.00242,0.0033,0.00409
CS2_38,5,599,0.80211,0.80215,4e-05,0.00242,0.00333,0.00412
CS2_38,5,600,0.80211,0.80779,0.00569,0.00242,0.00212,0.00321
CS2_38,5,601,0.80196,0.80938,0.00742,0.00242,0.00232,0.00335
CS2_38,5,602,0.7997,0.79383,0.00587,0.00242,0.00141,0.0028
CS2_38,5,603,0.79943,0.78953,0.0099,0.00242,0.00178,0.003
CS2_38,5,604,0.79501,0.78873,0.00627,0.00242,0.00199,0.00313
CS2_38,5,605,0.79447,0.79377,0.0007,0.00242,0.00309,0.00392
CS2_38,5,606,0.79271,0.79039,0.00233,0.00242,0.00286,0.00374
CS2_38,5,607,0.78156,0.78932,0.00776,0.00242,0.0018,0.00302
CS2_38,5,608,0.78156,0.7882,0.00664,0.00242,0.00185,0.00304
CS2_38,5,609,0.78156,0.80058,0.01902,0.00242,0.00244,0.00344
CS2_38,5,610,0.78427,0.80333,0.01906,0.00242,0.00104,0.00263
CS2_38,5,611,0.78427,0.79514,0.01086,0.00242,0.00137,0.00278
CS2_38,5,612,0.78518,0.7883,0.00311,0.00242,0.00217,0.00325
CS2_38,5,613,0.78518,0.78853,0.00335,0.00242,0.00176,0.00299
CS2_38,5,614,0.78427,0.78573,0.00145,0.00242,0.00079,0.00254
CS2_38,5,615,0.78811,0.78491,0.0032,0.00242,0.00147,0.00283
CS2_38,5,617,0.78728,0.79472,0.00744,0.00242,0.00088,0.00258
CS2_38,5,618,0.78562,0.79721,0.0116,0.00242,0.00109,0.00265
CS2_38,5,619,0.78635,0.78842,0.00206,0.00242,0.00108,0.00265
CS2_38,5,625,0.78038,0.78837,0.00799,0.00242,0.00092,0.00259
CS2_38,5,626,0.78021,0.79067,0.01046,0.00242,0.00045,0.00246
CS2_38,5,633,0.77355,0.78631,0.01276,0.00242,0.0019,0.00308
CS2_38,5,634,0.77911,0.78787,0.00876,0.00242,0.00155,0.00287
CS2_38,5,642,0.77819,0.78443,0.00625,0.00242,0.00231,0.00334
CS2_38,5,643,0.77928,0.78513,0.00585,0.00242,0.00138,0.00278
CS2_38,5,644,0.78023,0.78533,0.0051,0.00242,0.00079,0.00255
CS2_38,5,645,0.77975,0.78536,0.00561,0.00242,0.00101,0.00262
CS2_38,5,646,0.78023,0.78553,0.0053,0.00242,0.00077,0.00254
CS2_38,5,647,0.78033,0.78549,0.00516,0.00242,0.00072,0.00252
CS2_38,5,648,0.78272,0.78737,0.00465,0.00242,0.0006,0.00249
CS2_38,5,649,0.78432,0.78725,0.00293,0.00242,0.00104,0.00263
CS2_38,5,650,0.78439,0.78738,0.003,0.00242,0.00038,0.00245
CS2_38,5,652,0.78439,0.78681,0.00242,0.00242,0.00166,0.00293
CS2_38,5,653,0.78439,0.78694,0.00255,0.00242,0.00071,0.00252
CS2_38,5,654,0.78439,0.78688,0.00249,0.00242,0.00074,0.00253
CS2_38,5,658,0.78717,0.7862,0.00097,0.00242,0.00236,0.00338
CS2_38,5,659,0.78839,0.78638,0.00201,0.00242,0.00366,0.00438
CS2_9,5,1,0.8616,0.98982,0.12822,0.01427,,
CS2_9,5,1,0.8616,1.00699,0.14539,0.01427,,
CS2_9,5,1,0.8616,1.0215,0.1599,0.01427,,
CS2_9,5,1,0.8616,1.03404,0.17244,0.01427,,
CS2_9,5,1,0.8616,1.02843,0.16683,0.01427,,
CS2_9,5,1,0.8616,0.88278,0.02118,0.01427,,
CS2_9,5,7,0.99084,0.98522,0.00561,0.01427,0.03264,0.03563
CS2_9,5,7,0.99084,1.00214,0.0113,0.01427,0.03264,0.03563
CS2_9,5,7,0.99084,1.01453,0.02369,0.01427,0.03264,0.03563
CS2_9,5,7,0.99084,1.02668,0.03584,0.01427,0.03264,0.03563
CS2_9,5,7,0.99084,1.00274,0.0119,0.01427,0.03264,0.03563
CS2_9,5,9,0.90671,0.97918,0.07247,0.01427,0.03717,0.03982
CS2_9,5,9,0.90671,0.84078,0.06593,0.01427,0.03717,0.03982
CS2_9,5,15,0.99575,0.93764,0.05811,0.01427,0.01591,0.02137
CS2_9,5,15,0.99575,1.03072,0.03498,0.01427,0.01591,0.02137
CS2_9,5,15,0.99575,1.03251,0.03676,0.01427,0.01591,0.02137
CS2_9,5,15,0.99575,1.00481,0.00907,0.01427,0.01591,0.02137
CS2_9,5,15,0.99575,0.97979,0.01596,0.01427,0.01591,0.02137
CS2_9,5,15,0.99575,1.0183,0.02255,0.01427,0.01591,0.02137
CS2_9,5,18,0.97006,0.98576,0.0157,0.01427,0.01951,0.02417
CS2_9,5,18,0.97006,0.99998,0.02991,0.01427,0.01951,0.02417
CS2_9,5,18,0.97006,1.01051,0.04045,0.01427,0.01951,0.02417
CS2_9,5,24,0.9874,0.92668,0.06073,0.01427,0.0134,0.01957
CS2_9,5,24,0.9874,1.01944,0.03204,0.01427,0.0134,0.01957
CS2_9,5,24,0.9874,1.01879,0.03138,0.01427,0.0134,0.01957
CS2_9,5,24,0.9874,0.99703,0.00962,0.01427,0.0134,0.01957
CS2_9,5,24,0.9874,0.98136,0.00604,0.01427,0.0134,0.01957
CS2_9,5,24,0.9874,1.00812,0.02072,0.01427,0.0134,0.01957
CS2_9,5,30,0.97852,0.97902,0.0005,0.01427,0.01171,0.01846
CS2_9,5,30,0.97852,0.99534,0.01683,0.01427,0.01171,0.01846
CS2_9,5,30,0.97852,1.00583,0.02731,0.01427,0.01171,0.01846
CS2_9,5,30,0.97852,1.01712,0.0386,0.01427,0.01171,0.01846
CS2_9,5,30,0.97852,1.01306,0.03454,0.01427,0.01171,0.01846
CS2_9,5,30,0.97852,0.90993,0.06859,0.01427,0.01171,0.01846
CS2_9,5,36,0.98222,1.00947,0.02725,0.01427,0.01547,0.02104
CS2_9,5,36,0.98222,1.01079,0.02857,0.01427,0.01547,0.02104
CS2_9,5,36,0.98222,0.9168,0.06542,0.01427,0.01547,0.02104
CS2_9,5,36,0.98222,0.98955,0.00733,0.01427,0.01547,0.02104
CS2_9,5,36,0.98222,1.00002,0.0178,0.01427,0.01547,0.02104
CS2_9,5,36,0.98222,0.97387,0.00836,0.01427,0.01547,0.02104
CS2_9,5,42,0.97546,0.96916,0.0063,0.01427,0.01569,0.02121
CS2_9,5,42,0.97546,0.98599,0.01054,0.01427,0.01569,0.02121
CS2_9,5,42,0.97546,0.99867,0.02322,0.01427,0.01569,0.02121
CS2_9,5,42,0.97546,1.01223,0.03677,0.01427,0.01569,0.02121
CS2_9,5,42,0.97546,1.01676,0.0413,0.01427,0.01569,0.02121
CS2_9,5,42,0.97546,0.92442,0.05103,0.01427,0.01569,0.02121
CS2_9,5,46,0.98076,0.99522,0.01446,0.01427,0.01058,0.01777
CS2_9,5,46,0.98076,1.00509,0.02433,0.01427,0.01058,0.01777
CS2_9,5,46,0.98076,0.98418,0.00343,0.01427,0.01058,0.01777
CS2_9,5,46,0.98076,0.97001,0.01075,0.01427,0.01058,0.01777
CS2_9,5,52,0.97248,0.95968,0.01281,0.01427,0.01344,0.0196
CS2_9,5,52,0.97248,0.9755,0.00302,0.01427,0.01344,0.0196
CS2_9,5,52,0.97248,0.98712,0.01463,0.01427,0.01344,0.0196
CS2_9,5,52,0.97248,0.99869,0.0262,0.01427,0.01344,0.0196
CS2_9,5,52,0.97248,0.99596,0.02347,0.01427,0.01344,0.0196
CS2_9,5,52,0.97248,0.8691,0.10339,0.01427,0.01344,0.0196
CS2_9,5,58,0.97802,0.9932,0.01518,0.01427,0.01782,0.02283
CS2_9,5,58,0.97802,0.99743,0.01942,0.01427,0.01782,0.02283
CS2_9,5,58,0.97802,0.87483,0.10319,0.01427,0.01782,0.02283
CS2_9,5,58,0.97802,0.98761,0.00959,0.01427,0.01782,0.02283
CS2_9,5,58,0.97802,0.96335,0.01466,0.01427,0.01782,0.02283
CS2_9,5,58,0.97802,0.97729,0.00073,0.01427,0.01782,0.02283
CS2_9,5,64,0.97519,0.96002,0.01517,0.01427,0.02106,0.02544
CS2_9,5,64,0.97519,0.97332,0.00187,0.01427,0.02106,0.02544
CS2_9,5,64,0.97519,0.98465,0.00946,0.01427,0.02106,0.02544
CS2_9,5,64,0.97519,0.99277,0.01758,0.01427,0.02106,0.02544
CS2_9,5,64,0.97519,0.98344,0.00825,0.01427,0.02106,0.02544
CS2_9,5,64,0.97519,0.84551,0.12968,0.01427,0.02106,0.02544
CS2_9,5,70,0.9695,0.82624,0.14326,0.01427,0.02303,0.02709
CS2_9,5,70,0.9695,0.97848,0.00898,0.01427,0.02303,0.02709
CS2_9,5,70,0.9695,0.98937,0.01986,0.01427,0.02303,0.02709
CS2_9,5,70,0.9695,0.96988,0.00038,0.01427,0.02303,0.02709
CS2_9,5,70,0.9695,0.95608,0.01342,0.01427,0.02303,0.02709
CS2_9,5,70,0.9695,0.98059,0.01109,0.01427,0.02303,0.02709
CS2_9,5,75,0.96874,0.97046,0.00172,0.01427,0.02718,0.0307
CS2_9,5,75,0.96874,0.98028,0.01154,0.01427,0.02718,0.0307
CS2_9,5,75,0.96874,0.98714,0.01841,0.01427,0.02718,0.0307
CS2_9,5,75,0.96874,0.97044,0.0017,0.01427,0.02718,0.0307
CS2_9,5,81,0.96601,0.85647,0.10955,0.01427,0.01918,0.02391
CS2_9,5,81,0.96601,0.98756,0.02154,0.01427,0.01918,0.02391
CS2_9,5,81,0.96601,0.99433,0.02832,0.01427,0.01918,0.02391
CS2_9,5,81,0.96601,0.9689,0.00288,0.01427,0.01918,0.02391
CS2_9,5,81,0.96601,0.95579,0.01023,0.01427,0.01918,0.02391
CS2_9,5,81,0.96601,0.9814,0.01539,0.01427,0.01918,0.02391
CS2_9,5,87,0.96318,0.95674,0.00645,0.01427,0.02173,0.02599
CS2_9,5,87,0.96318,0.96968,0.0065,0.01427,0.02173,0.02599
CS2_9,5,87,0.96318,0.98052,0.01733,0.01427,0.02173,0.02599
CS2_9,5,87,0.96318,0.9894,0.02622,0.01427,0.02173,0.02599
CS2_9,5,87,0.96318,0.98117,0.01799,0.01427,0.02173,0.02599
CS2_9,5,87,0.96318,0.84948,0.1137,0.01427,0.02173,0.02599
CS2_9,5,93,0.96113,0.94902,0.01211,0.01427,0.02459,0.02843
CS2_9,5,93,0.96113,0.96319,0.00206,0.01427,0.02459,0.02843
CS2_9,5,93,0.96113,0.97354,0.01242,0.01427,0.02459,0.02843
CS2_9,5,93,0.96113,0.98157,0.02044,0.01427,0.02459,0.02843
CS2_9,5,93,0.96113,0.96892,0.00779,0.01427,0.02459,0.02843
CS2_9,5,99,0.95932,0.83262,0.12669,0.01427,0.02171,0.02598
CS2_9,5,99,0.95932,0.98544,0.02612,0.01427,0.02171,0.02598
CS2_9,5,99,0.95932,0.97617,0.01685,0.01427,0.02171,0.02598
CS2_9,5,99,0.95932,0.96528,0.00596,0.01427,0.02171,0.02598
CS2_9,5,99,0.95932,0.95139,0.00792,0.01427,0.02171,0.02598
CS2_9,5,99,0.95932,0.97626,0.01695,0.01427,0.02171,0.02598
CS2_9,5,105,0.95893,0.94785,0.01108,0.01427,0.02498,0.02876
CS2_9,5,105,0.95893,0.96111,0.00218,0.01427,0.02498,0.02876
CS2_9,5,105,0.95893,0.97128,0.01235,0.01427,0.02498,0.02876
CS2_9,5,105,0.95893,0.98037,0.02143,0.01427,0.02498,0.02876
CS2_9,5,105,0.95893,0.96893,0.00999,0.01427,0.02498,0.02876
CS2_9,5,105,0.95893,0.8217,0.13723,0.01427,0.02498,0.02876
CS2_9,5,111,0.94804,0.95955,0.01151,0.01427,0.02426,0.02814
CS2_9,5,111,0.94804,0.97195,0.02391,0.01427,0.02426,0.02814
CS2_9,5,111,0.94804,0.93402,0.01402,0.01427,0.02426,0.02814
CS2_9,5,111,0.94804,0.9514,0.00336,0.01427,0.02426,0.02814
CS2_9,5,111,0.94804,0.96281,0.01477,0.01427,0.02426,0.02814
CS2_9,5,117,0.94174,0.96881,0.02707,0.01427,0.01502,0.02072
CS2_9,5,117,0.94174,0.92874,0.013,0.01427,0.01502,0.02072
CS2_9,5,117,0.94174,0.94651,0.00478,0.01427,0.01502,0.02072
CS2_9,5,117,0.94174,0.95774,0.016,0.01427,0.01502,0.02072
CS2_9,5,117,0.94174,0.96666,0.02493,0.01427,0.01502,0.02072
CS2_9,5,117,0.94174,0.86532,0.07642,0.01427,0.01502,0.02072
CS2_9,5,123,0.94478,0.95914,0.01436,0.01427,0.02039,0.02488
CS2_9,5,123,0.94478,0.96063,0.01585,0.01427,0.02039,0.02488
CS2_9,5,123,0.94478,0.97029,0.02551,0.01427,0.02039,0.02488
CS2_9,5,123,0.94478,0.94915,0.00437,0.01427,0.02039,0.02488
CS2_9,5,123,0.94478,0.93379,0.01099,0.01427,0.02039,0.02488
CS2_9,5,129,0.93623,0.92511,0.01112,0.01427,0.02446,0.02831
CS2_9,5,129,0.93623,0.94331,0.00708,0.01427,0.02446,0.02831
CS2_9,5,129,0.93623,0.9545,0.01828,0.01427,0.02446,0.02831
CS2_9,5,129,0.93623,0.96292,0.0267,0.01427,0.02446,0.02831
CS2_9,5,129,0.93623,0.95015,0.01393,0.01427,0.02446,0.02831
CS2_9,5,135,0.93101,0.8427,0.08832,0.01427,0.01693,0.02215
CS2_9,5,135,0.93101,0.95895,0.02794,0.01427,0.01693,0.02215
CS2_9,5,135,0.93101,0.96364,0.03263,0.01427,0.01693,0.02215
CS2_9,5,135,0.93101,0.94065,0.00963,0.01427,0.01693,0.02215
CS2_9,5,135,0.93101,0.92179,0.00922,0.01427,0.01693,0.02215
CS2_9,5,135,0.93101,0.95306,0.02205,0.01427,0.01693,0.02215
CS2_9,5,141,0.9287,0.9211,0.0076,0.01427,0.01767,0.02271
CS2_9,5,141,0.9287,0.93877,0.01006,0.01427,0.01767,0.02271
CS2_9,5,141,0.9287,0.95186,0.02316,0.01427,0.01767,0.02271
CS2_9,5,141,0.9287,0.96324,0.03454,0.01427,0.01767,0.02271
CS2_9,5,141,0.9287,0.95791,0.02921,0.01427,0.01767,0.02271
CS2_9,5,141,0.9287,0.83854,0.09017,0.01427,0.01767,0.02271
CS2_9,5,147,0.92777,0.95505,0.02728,0.01427,0.02036,0.02486
CS2_9,5,147,0.92777,0.94186,0.01409,0.01427,0.02036,0.02486
CS2_9,5,147,0.92777,0.93584,0.00808,0.01427,0.02036,0.02486
CS2_9,5,147,0.92777,0.91786,0.00991,0.01427,0.02036,0.02486
CS2_9,5,147,0.92777,0.94627,0.0185,0.01427,0.02036,0.02486
CS2_9,5,148,0.8999,0.91491,0.01501,0.01427,0.02084,0.02526
CS2_9,5,154,0.92087,0.91561,0.00526,0.01427,0.02147,0.02578
CS2_9,5,154,0.92087,0.93145,0.01058,0.01427,0.02147,0.02578
CS2_9,5,154,0.92087,0.94188,0.02101,0.01427,0.02147,0.02578
CS2_9,5,154,0.92087,0.94813,0.02726,0.01427,0.02147,0.02578
CS2_9,5,154,0.92087,0.92888,0.00801,0.01427,0.02147,0.02578
CS2_9,5,155,0.89244,0.90921,0.01677,0.01427,0.01918,0.02391
CS2_9,5,161,0.91164,0.91744,0.00579,0.01427,0.0244,0.02827
CS2_9,5,161,0.91164,0.91253,0.00089,0.01427,0.0244,0.02827
CS2_9,5,161,0.91164,0.92717,0.01553,0.01427,0.0244,0.02827
CS2_9,5,161,0.91164,0.93729,0.02565,0.01427,0.0244,0.02827
CS2_9,5,161,0.91164,0.94092,0.02928,0.01427,0.0244,0.02827
CS2_9,5,167,0.90516,0.93022,0.02507,0.01427,0.02794,0.03137
CS2_9,5,167,0.90516,0.934,0.02884,0.01427,0.02794,0.03137
CS2_9,5,167,0.90516,0.90246,0.0027,0.01427,0.02794,0.03137
CS2_9,5,167,0.90516,0.91975,0.01459,0.01427,0.02794,0.03137
CS2_9,5,167,0.90516,0.90993,0.00477,0.01427,0.02794,0.03137
CS2_9,5,173,0.90274,0.90483,0.00209,0.01427,0.02892,0.03225
CS2_9,5,173,0.90274,0.92672,0.02398,0.01427,0.02892,0.03225
CS2_9,5,173,0.90274,0.93014,0.0274,0.01427,0.02892,0.03225
CS2_9,5,173,0.90274,0.91628,0.01354,0.01427,0.02892,0.03225
CS2_9,5,173,0.90274,0.89858,0.00417,0.01427,0.02892,0.03225
CS2_9,5,179,0.90252,0.89499,0.00753,0.01427,0.02696,0.0305
CS2_9,5,179,0.90252,0.91355,0.01103,0.01427,0.02696,0.0305
CS2_9,5,179,0.90252,0.92523,0.0227,0.01427,0.02696,0.0305
CS2_9,5,179,0.90252,0.93072,0.0282,0.01427,0.02696,0.0305
CS2_9,5,179,0.90252,0.90518,0.00266,0.01427,0.02696,0.0305
CS2_9,5,185,0.89536,0.89377,0.00159,0.01427,0.02931,0.0326
CS2_9,5,185,0.89536,0.922,0.02664,0.01427,0.02931,0.0326
CS2_9,5,185,0.89536,0.92357,0.02821,0.01427,0.02931,0.0326
CS2_9,5,185,0.89536,0.89461,0.00075,0.01427,0.02931,0.0326
CS2_9,5,185,0.89536,0.91227,0.0169,0.01427,0.02931,0.0326
CS2_9,5,187,0.87355,0.89233,0.01877,0.01427,0.0228,0.0269
CS2_9,5,187,0.87355,0.91217,0.03862,0.01427,0.0228,0.0269
CS2_9,5,193,0.89139,0.90731,0.01593,0.01427,0.02057,0.02503
CS2_9,5,193,0.89139,0.92209,0.0307,0.01427,0.02057,0.02503
CS2_9,5,193,0.89139,0.93238,0.041,0.01427,0.02057,0.02503
CS2_9,5,193,0.89139,0.92774,0.03636,0.01427,0.02057,0.02503
CS2_9,5,193,0.89139,0.89494,0.00356,0.01427,0.02057,0.02503
CS2_9,5,199,0.89022,0.88956,0.00067,0.01427,0.0284,0.03179
CS2_9,5,199,0.89022,0.92077,0.03054,0.01427,0.0284,0.03179
CS2_9,5,199,0.89022,0.91515,0.02493,0.01427,0.0284,0.03179
CS2_9,5,199,0.89022,0.89801,0.00778,0.01427,0.0284,0.03179
CS2_9,5,199,0.89022,0.9233,0.03308,0.01427,0.0284,0.03179
CS2_9,5,205,0.88532,0.89972,0.0144,0.01427,0.02228,0.02645
CS2_9,5,205,0.88532,0.91375,0.02843,0.01427,0.02228,0.02645
CS2_9,5,205,0.88532,0.92299,0.03767,0.01427,0.02228,0.02645
CS2_9,5,205,0.88532,0.92279,0.03747,0.01427,0.02228,0.02645
CS2_9,5,205,0.88532,0.89705,0.01173,0.01427,0.02228,0.02645
CS2_9,5,211,0.88375,0.92088,0.03713,0.01427,0.03546,0.03822
CS2_9,5,211,0.88375,0.87773,0.00602,0.01427,0.03546,0.03822
CS2_9,5,211,0.88375,0.91731,0.03356,0.01427,0.03546,0.03822
CS2_9,5,211,0.88375,0.90856,0.0248,0.01427,0.03546,0.03822
CS2_9,5,211,0.88375,0.89155,0.00779,0.01427,0.03546,0.03822
CS2_9,5,216,0.88764,0.88974,0.00209,0.01427,0.01058,0.01776
CS2_9,5,216,0.88764,0.90861,0.02097,0.01427,0.01058,0.01776
CS2_9,5,216,0.88764,0.91748,0.02983,0.01427,0.01058,0.01776
CS2_9,5,216,0.88764,0.91792,0.03028,0.01427,0.01058,0.01776
CS2_9,5,216,0.88764,0.89059,0.00294,0.01427,0.01058,0.01776
CS2_9,5,222,0.88185,0.87608,0.00577,0.01427,0.02632,0.02994
CS2_9,5,222,0.88185,0.91012,0.02827,0.01427,0.02632,0.02994
CS2_9,5,222,0.88185,0.90301,0.02116,0.01427,0.02632,0.02994
CS2_9,5,222,0.88185,0.8881,0.00625,0.01427,0.02632,0.02994
CS2_9,5,222,0.88185,0.91283,0.03098,0.01427,0.02632,0.02994
CS2_9,5,228,0.87229,0.88327,0.01098,0.01427,0.03326,0.03619
CS2_9,5,228,0.87229,0.8996,0.0273,0.01427,0.03326,0.03619
CS2_9,5,228,0.87229,0.90873,0.03643,0.01427,0.03326,0.03619
CS2_9,5,228,0.87229,0.90447,0.03218,0.01427,0.03326,0.03619
CS2_9,5,228,0.87229,0.86388,0.00842,0.01427,0.03326,0.03619
CS2_9,5,231,0.85794,0.89977,0.04184,0.01427,0.02346,0.02746
CS2_9,5,231,0.85794,0.88072,0.02278,0.01427,0.02346,0.02746
CS2_9,5,231,0.85794,0.90688,0.04895,0.01427,0.02346,0.02746
CS2_9,5,237,0.86245,0.90047,0.03802,0.01427,0.01844,0.02331
CS2_9,5,237,0.86245,0.9147,0.05225,0.01427,0.01844,0.02331
CS2_9,5,237,0.86245,0.92198,0.05953,0.01427,0.01844,0.02331
CS2_9,5,237,0.86245,0.90609,0.04364,0.01427,0.01844,0.02331
CS2_9,5,237,0.86245,0.86405,0.0016,0.01427,0.01844,0.02331
CS2_9,5,243,0.8652,0.85794,0.00726,0.01427,0.03527,0.03804
CS2_9,5,243,0.8652,0.91479,0.04959,0.01427,0.03527,0.03804
CS2_9,5,243,0.8652,0.90268,0.03748,0.01427,0.03527,0.03804
CS2_9,5,243,0.8652,0.88952,0.02433,0.01427,0.03527,0.03804
CS2_9,5,243,0.8652,0.90649,0.04129,0.01427,0.03527,0.03804
CS2_9,5,249,0.87566,0.88526,0.00961,0.01427,0.02621,0.02984
CS2_9,5,249,0.87566,0.90284,0.02719,0.01427,0.02621,0.02984
CS2_9,5,249,0.87566,0.9114,0.03574,0.01427,0.02621,0.02984
CS2_9,5,249,0.87566,0.906,0.03035,0.01427,0.02621,0.02984
CS2_9,5,249,0.87566,0.87836,0.00271,0.01427,0.02621,0.02984
CS2_9,5,255,0.86957,0.907,0.03744,0.01427,0.03794,0.04054
CS2_9,5,255,0.86957,0.85767,0.0119,0.01427,0.03794,0.04054
CS2_9,5,255,0.86957,0.90102,0.03145,0.01427,0.03794,0.04054
CS2_9,5,255,0.86957,0.89721,0.02764,0.01427,0.03794,0.04054
CS2_9,5,255,0.86957,0.88078,0.01121,0.01427,0.03794,0.04054
CS2_9,5,261,0.85528,0.87773,0.02246,0.01427,0.03679,0.03946
CS2_9,5,261,0.85528,0.89473,0.03945,0.01427,0.03679,0.03946
CS2_9,5,261,0.85528,0.90173,0.04645,0.01427,0.03679,0.03946
CS2_9,5,261,0.85528,0.88949,0.03421,0.01427,0.03679,0.03946
CS2_9,5,261,0.85528,0.83957,0.01571,0.01427,0.03679,0.03946
CS2_9,5,264,0.84811,0.88873,0.04062,0.01427,0.02557,0.02928
CS2_9,5,264,0.84811,0.87203,0.02393,0.01427,0.02557,0.02928
CS2_9,5,264,0.84811,0.8941,0.04599,0.01427,0.02557,0.02928
CS2_9,5,270,0.85349,0.85744,0.00395,0.01427,0.01574,0.02125
CS2_9,5,270,0.85349,0.89719,0.0437,0.01427,0.01574,0.02125
CS2_9,5,270,0.85349,0.90562,0.05213,0.01427,0.01574,0.02125
CS2_9,5,270,0.85349,0.91087,0.05738,0.01427,0.01574,0.02125
CS2_9,5,270,0.85349,0.88984,0.03634,0.01427,0.01574,0.02125
CS2_9,5,276,0.86801,0.88065,0.01264,0.01427,0.03067,0.03383
CS2_9,5,276,0.86801,0.89615,0.02813,0.01427,0.03067,0.03383
CS2_9,5,276,0.86801,0.90309,0.03508,0.01427,0.03067,0.03383
CS2_9,5,276,0.86801,0.89835,0.03034,0.01427,0.03067,0.03383
CS2_9,5,276,0.86801,0.87118,0.00317,0.01427,0.03067,0.03383
CS2_9,5,282,0.86752,0.87151,0.00399,0.01427,0.02675,0.03032
CS2_9,5,282,0.86752,0.90396,0.03643,0.01427,0.02675,0.03032
CS2_9,5,282,0.86752,0.91793,0.0504,0.01427,0.02675,0.03032
CS2_9,5,282,0.86752,0.91183,0.04431,0.01427,0.02675,0.03032
CS2_9,5,282,0.86752,0.8966,0.02907,0.01427,0.02675,0.03032
CS2_9,5,288,0.86971,0.88569,0.01599,0.01427,0.04058,0.04302
CS2_9,5,288,0.86971,0.90326,0.03355,0.01427,0.04058,0.04302
CS2_9,5,288,0.86971,0.91054,0.04083,0.01427,0.04058,0.04302
CS2_9,5,288,0.86971,0.90134,0.03163,0.01427,0.04058,0.04302
CS2_9,5,288,0.86971,0.85046,0.01925,0.01427,0.04058,0.04302
CS2_9,5,294,0.84151,0.82465,0.01685,0.01427,0.03897,0.0415
CS2_9,5,294,0.84151,0.90017,0.05866,0.01427,0.03897,0.0415
CS2_9,5,294,0.84151,0.87829,0.03679,0.01427,0.03897,0.0415
CS2_9,5,294,0.84151,0.87594,0.03443,0.01427,0.03897,0.0415
CS2_9,5,294,0.84151,0.89476,0.05326,0.01427,0.03897,0.0415
CS2_9,5,300,0.84904,0.87182,0.02278,0.01427,0.03381,0.0367
CS2_9,5,300,0.84904,0.88991,0.04087,0.01427,0.03381,0.0367
CS2_9,5,300,0.84904,0.8936,0.04456,0.01427,0.03381,0.0367
CS2_9,5,300,0.84904,0.87948,0.03043,0.01427,0.03381,0.0367
CS2_9,5,300,0.84904,0.83022,0.01882,0.01427,0.03381,0.0367
CS2_9,5,306,0.8538,0.88015,0.02635,0.01427,0.02937,0.03266
CS2_9,5,306,0.8538,0.86916,0.01536,0.01427,0.02937,0.03266
CS2_9,5,306,0.8538,0.88442,0.03062,0.01427,0.02937,0.03266
CS2_9,5,306,0.8538,0.8889,0.0351,0.01427,0.02937,0.03266
CS2_9,5,306,0.8538,0.84671,0.00709,0.01427,0.02937,0.03266
CS2_9,5,309,0.83178,0.86449,0.03271,0.01427,0.02213,0.02633
CS2_9,5,309,0.83178,0.88128,0.0495,0.01427,0.02213,0.02633
CS2_9,5,309,0.83178,0.89004,0.05826,0.01427,0.02213,0.02633
CS2_9,5,315,0.81558,0.87609,0.06051,0.01427,0.01946,0.02413
CS2_9,5,315,0.81558,0.85203,0.03644,0.01427,0.01946,0.02413
CS2_9,5,315,0.81558,0.85651,0.04093,0.01427,0.01946,0.02413
CS2_9,5,315,0.81558,0.87389,0.05831,0.01427,0.01946,0.02413
CS2_9,5,321,0.82957,0.81906,0.01051,0.01427,0.02606,0.02971
CS2_9,5,321,0.82957,0.8654,0.03583,0.01427,0.02606,0.02971
CS2_9,5,321,0.82957,0.87445,0.04488,0.01427,0.02606,0.02971
CS2_9,5,321,0.82957,0.85623,0.02666,0.01427,0.02606,0.02971
CS2_9,5,321,0.82957,0.88082,0.05125,0.01427,0.02606,0.02971
CS2_9,5,327,0.82503,0.85913,0.03409,0.01427,0.04285,0.04517
CS2_9,5,327,0.82503,0.8775,0.05247,0.01427,0.04285,0.04517
CS2_9,5,327,0.82503,0.88407,0.05904,0.01427,0.04285,0.04517
CS2_9,5,327,0.82503,0.86652,0.04149,0.01427,0.04285,0.04517
CS2_9,5,333,0.81683,0.85652,0.03969,0.01427,0.03762,0.04024
CS2_9,5,333,0.81683,0.8754,0.05857,0.01427,0.03762,0.04024
CS2_9,5,333,0.81683,0.87618,0.05935,0.01427,0.03762,0.04024
CS2_9,5,333,0.81683,0.85254,0.03571,0.01427,0.03762,0.04024
CS2_9,5,339,0.79132,0.85429,0.06297,0.01427,0.04779,0.04987
CS2_9,5,339,0.79132,0.86995,0.07863,0.01427,0.04779,0.04987
CS2_9,5,339,0.79132,0.87216,0.08084,0.01427,0.04779,0.04987
CS2_9,5,339,0.79132,0.83813,0.0468,0.01427,0.04779,0.04987
CS2_9,5,344,0.81778,0.86887,0.05108,0.01427,0.0187,0.02352
CS2_9,5,344,0.81778,0.8499,0.03211,0.01427,0.0187,0.02352
CS2_9,5,344,0.81778,0.85123,0.03345,0.01427,0.0187,0.02352
CS2_9,5,344,0.81778,0.86678,0.049,0.01427,0.0187,0.02352
CS2_9,5,350,0.80509,0.87009,0.06501,0.01427,0.04606,0.04822
CS2_9,5,350,0.80509,0.88342,0.07833,0.01427,0.04606,0.04822
CS2_9,5,350,0.80509,0.88187,0.07678,0.01427,0.04606,0.04822
CS2_9,5,350,0.80509,0.84726,0.04218,0.01427,0.04606,0.04822
CS2_9,5,356,0.81871,0.8748,0.05609,0.01427,0.03632,0.03903
CS2_9,5,356,0.81871,0.8504,0.03168,0.01427,0.03632,0.03903
CS2_9,5,356,0.81871,0.85945,0.04074,0.01427,0.03632,0.03903
CS2_9,5,356,0.81871,0.87378,0.05507,0.01427,0.03632,0.03903
CS2_9,5,361,0.81827,0.85374,0.03548,0.01427,0.01904,0.02379
CS2_9,5,361,0.81827,0.86949,0.05123,0.01427,0.01904,0.02379
CS2_9,5,361,0.81827,0.87554,0.05727,0.01427,0.01904,0.02379
CS2_9,5,361,0.81827,0.84323,0.02496,0.01427,0.01904,0.02379
CS2_9,5,367,0.81166,0.84441,0.03275,0.01427,0.03421,0.03707
CS2_9,5,367,0.81166,0.85029,0.03862,0.01427,0.03421,0.03707
CS2_9,5,367,0.81166,0.86832,0.05666,0.01427,0.03421,0.03707
CS2_9,5,367,0.81166,0.87178,0.06011,0.01427,0.03421,0.03707
CS2_9,5,373,0.81966,0.87348,0.05382,0.01427,0.03311,0.03606
CS2_9,5,373,0.81966,0.85112,0.03146,0.01427,0.03311,0.03606
CS2_9,5,373,0.81966,0.85233,0.03267,0.01427,0.03311,0.03606
CS2_9,5,373,0.81966,0.8691,0.04944,0.01427,0.03311,0.03606
CS2_9,5,378,0.8086,0.86417,0.05557,0.01427,0.01696,0.02216
CS2_9,5,378,0.8086,0.86339,0.05479,0.01427,0.01696,0.02216
CS2_9,5,378,0.8086,0.85118,0.04258,0.01427,0.01696,0.02216
CS2_9,5,378,0.8086,0.8363,0.0277,0.01427,0.01696,0.02216
CX2_16,5,1,1.00006,0.99999,6e-05,0.00187,,
CX2_16,5,2,1.0003,0.99954,0.00076,0.00187,,
CX2_16,5,3,1.00006,0.99912,0.00094,0.00187,,
CX2_16,5,4,0.99666,0.99863,0.00197,0.00187,0.00048,0.00193
CX2_16,5,5,1.00006,0.9996,0.00045,0.00187,0.00251,0.00313
CX2_16,5,6,0.99326,0.99904,0.00578,0.00187,0.00171,0.00253
CX2_16,5,7,0.99326,0.99827,0.00501,0.00187,0.00327,0.00376
CX2_16,5,8,0.99178,0.99835,0.00657,0.00187,0.00174,0.00255
CX2_16,5,9,0.99338,0.99827,0.00488,0.00187,0.00261,0.00321
CX2_16,5,10,0.99338,0.99947,0.00609,0.00187,0.00201,0.00275
CX2_16,5,11,0.996,0.99919,0.00319,0.00187,0.00227,0.00294
CX2_16,5,12,0.99338,0.99765,0.00427,0.00187,0.00215,0.00285
CX2_16,5,13,0.99338,0.99653,0.00315,0.00187,0.00235,0.00301
CX2_16,5,14,0.98592,0.83646,0.14946,0.00187,0.00361,0.00406
CX2_16,5,15,0.98592,0.99734,0.01142,0.00187,0.00306,0.00359
CX2_16,5,16,0.98592,0.99639,0.01047,0.00187,0.0029,0.00345
CX2_16,5,17,0.99009,0.99604,0.00595,0.00187,0.00238,0.00303
CX2_16,5,18,0.99039,0.99682,0.00643,0.00187,0.00244,0.00307
CX2_16,5,19,0.99228,0.99636,0.00408,0.00187,0.00234,0.003
CX2_16,5,20,0.99039,0.99603,0.00563,0.00187,0.00168,0.00252
CX2_16,5,21,0.99039,0.9956,0.0052,0.00187,0.00108,0.00216
CX2_16,5,22,0.98831,0.99464,0.00633,0.00187,0.00214,0.00284
CX2_16,5,23,0.98789,0.99397,0.00608,0.00187,0.00343,0.00391
CX2_16,5,24,0.98789,0.99532,0.00743,0.00187,0.00079,0.00203
CX2_16,5,25,0.98705,0.99538,0.00833,0.00187,0.00055,0.00195
CX2_16,5,26,0.98705,0.99492,0.00787,0.00187,0.0023,0.00296
CX2_16,5,27,0.99156,0.99433,0.00277,0.00187,0.00266,0.00325
CX2_16,5,28,0.99337,0.99436,0.00098,0.00187,0.00182,0.00261
CX2_16,5,29,0.99156,0.99373,0.00217,0.00187,0.00168,0.00252
CX2_16,5,30,0.99156,0.99396,0.00239,0.00187,0.00173,0.00255
CX2_16,5,31,0.99156,0.99363,0.00207,0.00187,0.00167,0.00251
CX2_16,5,32,0.99028,0.99287,0.0026,0.00187,0.00207,0.00279
CX2_16,5,33,0.98754,0.99227,0.00472,0.00187,0.00122,0.00223
CX2_16,5,34,0.98678,0.99189,0.00511,0.00187,0.00107,0.00215
CX2_16,5,35,0.98678,0.99352,0.00674,0.00187,0.00158,0.00245
CX2_16,5,36,0.98678,0.99206,0.00528,0.00187,0.00166,0.0025
CX2_16,5,37,0.98845,0.99204,0.00359,0.00187,0.00119,0.00221
CX2_16,5,38,0.98845,0.99167,0.00321,0.00187,0.00067,0.00199
CX2_16,5,39,0.98923,0.99211,0.00288,0.00187,0.00089,0.00207
CX2_16,5,40,0.98923,0.99271,0.00349,0.00187,0.00064,0.00197
CX2_16,5,41,0.98962,0.99278,0.00317,0.00187,0.00095,0.0021
CX2_16,5,42,0.99079,0.99273,0.00194,0.00187,0.00051,0.00194
CX2_16,5,43,0.99476,0.99258,0.00218,0.00187,0.0011,0.00217
CX2_16,5,44,0.99209,0.99366,0.00157,0.00187,0.00183,0.00261
CX2_16,5,45,0.99313,0.99341,0.00028,0.00187,0.00046,0.00192
CX2_16,5,46,0.99313,1.00402,0.01089,0.00187,0.00168,0.00251
CX2_16,5,47,0.99476,1.00295,0.00819,0.00187,0.00244,0.00308
CX2_16,5,48,1.00283,1.0014,0.00143,0.00187,0.00231,0.00297
CX2_16,5,49,1.00283,0.99991,0.00293,0.00187,0.0023,0.00296
CX2_16,5,50,1.00494,0.99993,0.00502,0.00187,0.00194,0.00269
CX2_16,5,51,1.00494,1.00124,0.00371,0.00187,0.0015,0.0024
CX2_16,5,52,1.00283,0.999,0.00383,0.00187,0.00271,0.00329
CX2_16,5,53,1.00071,0.99787,0.00284,0.00187,0.00351,0.00398
CX2_16,5,54,1.00193,0.99762,0.00431,0.00187,0.002,0.00274
CX2_16,5,55,1.00193,0.9985,0.00344,0.00187,0.00204,0.00277
CX2_16,5,56,1.00193,0.99807,0.00386,0.00187,0.00201,0.00275
CX2_16,5,57,1.00193,0.99675,0.00518,0.00187,0.00148,0.00239
CX2_16,5,58,1.00193,0.99654,0.00539,0.00187,0.00152,0.00241
CX2_16,5,59,0.99994,0.99551,0.00443,0.00187,0.00128,0.00227
CX2_16,5,60,0.99913,0.9965,0.00263,0.00187,0.00142,0.00235
CX2_16,5,61,0.99913,0.99674,0.00239,0.00187,0.00084,0.00205
CX2_16,5,62,0.99857,0.99533,0.00324,0.00187,0.00049,0.00193
CX2_16,5,63,0.99817,0.84153,0.15664,0.00187,0.00197,0.00272
CX2_16,5,64,0.99817,0.99404,0.00413,0.00187,0.0019,0.00267
CX2_16,5,65,0.99391,0.99369,0.00022,0.00187,0.002,0.00274
CX2_16,5,66,0.9926,0.99311,0.00051,0.00187,0.00147,0.00238
CX2_16,5,67,0.99194,0.99261,0.00067,0.00187,0.00093,0.00209
CX2_16,5,68,0.99194,0.9905,0.00144,0.00187,0.00093,0.00209
CX2_16,5,69,0.99194,0.99081,0.00113,0.00187,0.00106,0.00215
CX2_16,5,70,0.99018,0.9903,0.00012,0.00187,0.00103,0.00213
CX2_16,5,71,0.99018,0.991,0.00082,0.00187,0.00226,0.00293
CX2_16,5,72,0.99219,0.99128,0.00091,0.00187,0.00293,0.00348
CX2_16,5,73,0.99219,0.9893,0.0029,0.00187,0.00126,0.00225
CX2_16,5,74,0.98835,0.98965,0.00131,0.00187,0.00119,0.00222
CX2_16,5,75,0.99138,0.99006,0.00132,0.00187,0.00146,0.00237
CX2_16,5,76,0.99138,0.99014,0.00124,0.00187,0.00144,0.00236
CX2_16,5,77,0.98747,0.9882,0.00073,0.00187,0.00181,0.0026
CX2_16,5,78,0.98747,0.98738,9e-05,0.00187,0.00165,0.00249
CX2_16,5,79,0.98312,0.98731,0.00419,0.00187,0.00187,0.00264
CX2_16,5,80,0.98312,0.98704,0.00391,0.00187,0.00143,0.00236
CX2_16,5,81,0.98312,0.98693,0.0038,0.00187,0.00152,0.00241
CX2_16,5,82,0.98312,0.98598,0.00285,0.00187,0.00131,0.00228
CX2_16,5,83,0.98312,0.98485,0.00173,0.00187,0.00141,0.00234
CX2_16,5,84,0.97942,0.9846,0.00518,0.00187,0.00095,0.0021
CX2_16,5,85,0.97942,0.9854,0.00598,0.00187,0.00124,0.00224
CX2_16,5,86,0.97815,0.83225,0.1459,0.00187,0.00187,0.00264
CX2_16,5,87,0.97942,0.98637,0.00695,0.00187,0.00202,0.00275
CX2_16,5,88,0.97847,0.98554,0.00707,0.00187,0.00186,0.00263
CX2_16,5,89,0.97965,0.98442,0.00477,0.00187,0.00144,0.00236
CX2_16,5,90,0.97965,0.98548,0.00584,0.00187,0.00082,0.00204
CX2_16,5,91,0.97967,0.98774,0.00807,0.00187,0.0025,0.00312
CX2_16,5,92,0.97965,0.98373,0.00408,0.00187,0.003,0.00354
CX2_16,5,93,0.97965,0.98327,0.00363,0.00187,0.00527,0.00559
CX2_16,5,94,0.9742,0.98295,0.00875,0.00187,0.00528,0.0056
CX2_16,5,95,0.9742,0.98296,0.00876,0.00187,0.00406,0.00447
CX2_16,5,96,0.9742,0.98459,0.01039,0.00187,0.00165,0.00249
CX2_16,5,97,0.97873,0.98436,0.00562,0.00187,0.00245,0.00308
CX2_16,5,98,0.97919,0.98247,0.00329,0.00187,0.00335,0.00383
CX2_16,5,99,0.97954,0.98221,0.00267,0.00187,0.00281,0.00338
CX2_16,5,100,0.97958,0.98308,0.0035,0.00187,0.00193,0.00269
CX2_16,5,101,0.98173,0.98366,0.00193,0.00187,0.0008,0.00203
CX2_16,5,102,0.98194,0.98388,0.00194,0.00187,0.0009,0.00207
CX2_16,5,103,0.98194,0.98349,0.00155,0.00187,0.00084,0.00205
CX2_16,5,104,0.98389,0.98361,0.00028,0.00187,0.0009,0.00207
CX2_16,5,105,0.98397,0.98406,0.0001,0.00187,0.00088,0.00207
CX2_16,5,106,0.98479,0.98504,0.00024,0.00187,0.00102,0.00213
CX2_16,5,107,0.98479,0.98398,0.00082,0.00187,0.00127,0.00226
CX2_16,5,108,0.98479,0.98282,0.00197,0.00187,0.00125,0.00225
CX2_16,5,109,0.98226,0.98037,0.00189,0.00187,0.0013,0.00227
CX2_16,5,110,0.98086,0.98074,0.00011,0.00187,0.00161,0.00247
CX2_16,5,111,0.98086,0.98183,0.00097,0.00187,0.00209,0.00281
CX2_16,5,112,0.97533,0.98038,0.00505,0.00187,0.00237,0.00302
CX2_16,5,113,0.97191,0.97864,0.00674,0.00187,0.0006,0.00196
CX2_16,5,114,0.971,0.97854,0.00755,0.00187,0.00077,0.00202
CX2_16,5,115,0.971,0.98057,0.00958,0.00187,0.00246,0.00309
CX2_16,5,116,0.971,0.98133,0.01034,0.00187,0.0036,0.00406
CX2_16,5,117,0.97606,0.98046,0.0044,0.00187,0.00345,0.00392
CX2_16,5,118,0.97606,0.97814,0.00208,0.00187,0.00217,0.00287
CX2_16,5,119,0.97606,0.97771,0.00165,0.00187,0.00202,0.00275
CX2_16,5,120,0.97402,0.9786,0.00458,0.00187,0.00288,0.00344
CX2_16,5,121,0.97402,0.97777,0.00375,0.00187,0.00143,0.00235
CX2_16,5,122,0.97153,0.97688,0.00535,0.00187,0.00274,0.00331
CX2_16,5,123,0.96911,0.97603,0.00692,0.00187,0.00245,0.00308
CX2_16,5,124,0.96911,0.97573,0.00661,0.00187,0.00184,0.00262
CX2_16,5,125,0.96911,0.97708,0.00797,0.00187,0.00203,0.00276
CX2_16,5,126,0.96911,0.97827,0.00916,0.00187,0.00196,0.00271
CX2_16,5,127,0.97339,0.97764,0.00425,0.00187,0.00179,0.00259
CX2_16,5,128,0.97339,0.81873,0.15466,0.00187,0.00389,0.00432
CX2_16,5,129,0.97401,0.97612,0.00211,0.00187,0.00354,0.004
CX2_16,5,130,0.97401,0.97696,0.00296,0.00187,0.00288,0.00343
CX2_16,5,131,0.97401,0.97726,0.00326,0.00187,0.00156,0.00243
CX2_16,5,132,0.97365,0.97735,0.00371,0.00187,0.00051,0.00194
CX2_16,5,133,0.97365,0.97713,0.00348,0.00187,0.00104,0.00214
CX2_16,5,134,0.97365,0.97696,0.00331,0.00187,0.00124,0.00224
CX2_16,5,135,0.97371,0.97691,0.0032,0.00187,0.00157,0.00244
CX2_16,5,136,0.97371,0.97683,0.00313,0.00187,0.0024,0.00304
CX2_16,5,137,0.97371,0.97631,0.0026,0.00187,0.00379,0.00422
CX2_16,5,138,0.97371,0.97346,0.00025,0.00187,0.00091,0.00208
CX2_16,5,139,0.9721,0.9726,0.0005,0.00187,0.00221,0.0029
CX2_16,5,140,0.9721,0.97399,0.00189,0.00187,0.00093,0.00209
CX2_16,5,141,0.9721,0.9807,0.0086,0.00187,0.00125,0.00225
CX2_16,5,142,0.97753,0.98029,0.00275,0.00187,0.00164,0.00248
CX2_16,5,143,0.97753,0.97851,0.00097,0.00187,0.00252,0.00314
CX2_16,5,144,0.97753,0.97709,0.00044,0.00187,0.00282,0.00338
CX2_16,5,145,0.9847,0.97948,0.00522,0.00187,0.00342,0.0039
CX2_16,5,146,0.97959,0.97953,6e-05,0.00187,0.00369,0.00414
CX2_16,5,147,0.97761,0.97756,5e-05,0.00187,0.00297,0.00351
CX2_16,5,148,0.97761,0.97699,0.00062,0.00187,0.00336,0.00384
CX2_16,5,149,0.97761,0.97634,0.00127,0.00187,0.0025,0.00312
CX2_16,5,150,0.97761,0.97822,0.00062,0.00187,0.00218,0.00287
CX2_16,5,151,0.97464,0.97795,0.0033,0.00187,0.00313,0.00365
CX2_16,5,152,0.97464,0.97694,0.00229,0.00187,0.00188,0.00265
CX2_16,5,153,0.97464,0.97572,0.00108,0.00187,0.00317,0.00368
CX2_16,5,154,0.97337,0.97464,0.00127,0.00187,0.00155,0.00243
CX2_16,5,155,0.97337,0.97715,0.00378,0.00187,0.00227,0.00294
CX2_16,5,156,0.97176,0.82166,0.1501,0.00187,0.00318,0.00369
CX2_16,5,157,0.96814,0.97507,0.00693,0.00187,0.0022,0.00289
CX2_16,5,158,0.97176,0.97344,0.00168,0.00187,0.00295,0.00349
CX2_16,5,159,0.96814,0.97173,0.00359,0.00187,0.00248,0.0031
CX2_16,5,160,0.96814,0.97175,0.00361,0.00187,0.00324,0.00374
CX2_16,5,161,0.96906,0.97304,0.00398,0.00187,0.00295,0.00349
CX2_16,5,162,0.96933,0.97264,0.00331,0.00187,0.0025,0.00312
CX2_16,5,163,0.96933,0.97277,0.00344,0.00187,0.0025,0.00312
CX2_16,5,164,0.96933,0.97096,0.00163,0.00187,0.0029,0.00345
CX2_16,5,165,0.96933,0.97179,0.00246,0.00187,0.00262,0.00322
CX2_16,5,166,0.96933,0.97214,0.0028,0.00187,0.00152,0.00241
CX2_16,5,167,0.96732,0.9713,0.00398,0.00187,0.0014,0.00233
CX2_16,5,168,0.96712,0.97025,0.00314,0.00187,0.0012,0.00222
CX2_16,5,169,0.96712,0.96814,0.00103,0.00187,0.00099,0.00211
CX2_16,5,170,0.96712,0.9696,0.00249,0.00187,0.0011,0.00217
CX2_16,5,171,0.96565,0.9711,0.00545,0.00187,0.00105,0.00214
CX2_16,5,172,0.96565,0.97018,0.00454,0.00187,0.0011,0.00217
CX2_16,5,173,0.96565,0.96961,0.00396,0.00187,0.00108,0.00216
CX2_16,5,174,0.96565,0.96631,0.00066,0.00187,0.00183,0.00261
CX2_16,5,175,0.96565,0.96862,0.00297,0.00187,0.00135,0.0023
CX2_16,5,176,0.96127,0.81241,0.14886,0.00187,0.00231,0.00297
CX2_16,5,177,0.96127,0.97055,0.00928,0.00187,0.00311,0.00363
CX2_16,5,178,0.96229,0.96928,0.00699,0.00187,0.00238,0.00302
CX2_16,5,179,0.9623,0.96913,0.00682,0.00187,0.00173,0.00255
CX2_16,5,180,0.9623,0.97,0.0077,0.00187,0.00158,0.00245
CX2_16,5,181,0.96604,0.97036,0.00433,0.00187,0.00137,0.00232
CX2_16,5,182,0.96604,0.96919,0.00315,0.00187,0.00151,0.0024
CX2_16,5,183,0.96604,0.96875,0.00272,0.00187,0.00186,0.00264
CX2_16,5,184,0.96604,0.96818,0.00214,0.00187,0.00143,0.00235
CX2_16,5,185,0.96452,0.96768,0.00316,0.00187,0.00257,0.00318
CX2_16,5,186,0.96232,0.96929,0.00697,0.00187,0.00119,0.00221
CX2_16,5,187,0.96232,0.96876,0.00645,0.00187,0.00113,0.00218
CX2_16,5,188,0.96232,0.96794,0.00562,0.00187,0.00145,0.00237
CX2_16,5,189,0.96232,0.96708,0.00476,0.00187,0.0019,0.00266
CX2_16,5,190,0.96232,0.96719,0.00487,0.00187,0.00194,0.0027
CX2_16,5,191,0.966,0.98333,0.01732,0.00187,0.00153,0.00241
CX2_16,5,192,0.9661,0.9833,0.01721,0.00187,0.00194,0.00269
CX2_16,5,193,0.97121,0.9807,0.00949,0.00187,0.00135,0.00231
CX2_16,5,194,0.97121,0.97913,0.00792,0.00187,0.00211,0.00282
CX2_16,5,195,0.97262,0.97937,0.00676,0.00187,0.00142,0.00235
CX2_16,5,196,0.97262,0.97957,0.00695,0.00187,0.00143,0.00235
CX2_16,5,197,0.97121,0.97748,0.00627,0.00187,0.00151,0.0024
CX2_16,5,198,0.96774,0.97583,0.00808,0.00187,0.00196,0.00271
CX2_16,5,199,0.96667,0.97391,0.00724,0.00187,0.0017,0.00252
CX2_16,5,200,0.96411,0.97338,0.00927,0.00187,0.00104,0.00214
CX2_16,5,201,0.96411,0.97413,0.01002,0.00187,0.00124,0.00225
CX2_16,5,202,0.96291,0.97217,0.00926,0.00187,0.00114,0.00219
CX2_16,5,203,0.95773,0.96953,0.0118,0.00187,0.00155,0.00243
CX2_16,5,204,0.95752,0.96815,0.01064,0.00187,0.00079,0.00203
CX2_16,5,205,0.95238,0.80416,0.14822,0.00187,0.00366,0.00411
CX2_16,5,206,0.95238,0.9701,0.01772,0.00187,0.0028,0.00337
CX2_16,5,207,0.95238,0.96956,0.01718,0.00187,0.00211,0.00282
CX2_16,5,208,0.95079,0.96784,0.01705,0.00187,0.00261,0.00321
CX2_16,5,209,0.95079,0.96664,0.01586,0.00187,0.00189,0.00266
CX2_16,5,210,0.95079,0.96571,0.01492,0.00187,0.00175,0.00256
CX2_16,5,211,0.95021,0.96548,0.01527,0.00187,0.00121,0.00223
CX2_16,5,212,0.95021,0.96587,0.01566,0.00187,0.00199,0.00273
CX2_16,5,213,0.94977,0.96378,0.01401,0.00187,0.00265,0.00324
CX2_16,5,214,0.94925,0.96283,0.01358,0.00187,0.00321,0.00371
CX2_16,5,215,0.94533,0.9622,0.01686,0.00187,0.00073,0.002
CX2_16,5,216,0.94533,0.96228,0.01695,0.00187,0.0006,0.00196
CX2_16,5,217,0.94533,0.96383,0.01849,0.00187,0.00092,0.00208
CX2_16,5,218,0.94484,0.96196,0.01712,0.00187,0.00111,0.00217
CX2_16,5,219,0.94445,0.96096,0.01651,0.00187,0.00115,0.0022
CX2_16,5,220,0.94603,0.96118,0.01516,0.00187,0.00125,0.00225
CX2_16,5,221,0.94566,0.96151,0.01586,0.00187,0.001,0.00212
CX2_16,5,222,0.94525,0.96159,0.01634,0.00187,0.00044,0.00192
CX2_16,5,223,0.94525,0.96043,0.01518,0.00187,0.001,0.00212
CX2_16,5,224,0.94525,0.95889,0.01363,0.00187,0.00091,0.00208
CX2_16,5,225,0.94525,0.95937,0.01412,0.00187,0.00105,0.00214
CX2_16,5,226,0.94525,0.96107,0.01582,0.00187,0.00101,0.00213
CX2_16,5,227,0.94563,0.96056,0.01493,0.00187,0.00058,0.00196
CX2_16,5,228,0.94563,0.95924,0.0136,0.00187,0.00089,0.00207
CX2_16,5,229,0.94563,0.95768,0.01205,0.00187,0.00137,0.00231
CX2_16,5,230,0.94316,0.95777,0.01461,0.00187,0.00139,0.00233
CX2_16,5,231,0.94316,0.96044,0.01728,0.00187,0.0017,0.00253
CX2_16,5,232,0.9424,0.9594,0.017,0.00187,0.00128,0.00226
CX2_16,5,233,0.9424,0.9574,0.015,0.00187,0.00139,0.00233
CX2_16,5,234,0.9424,0.95679,0.01438,0.00187,0.00036,0.0019
CX2_16,5,235,0.9424,0.95724,0.01484,0.00187,0.00107,0.00216
CX2_16,5,236,0.94212,0.95765,0.01553,0.00187,0.001,0.00212
CX2_16,5,237,0.94092,0.95713,0.01621,0.00187,0.00076,0.00202
CX2_16,5,238,0.94024,0.95595,0.01571,0.00187,0.00061,0.00197
CX2_16,5,239,0.94024,0.95544,0.0152,0.00187,0.00078,0.00203
CX2_16,5,240,0.94024,0.95591,0.01567,0.00187,0.00076,0.00202
CX2_16,5,241,0.94024,0.96297,0.02273,0.00187,0.00125,0.00225
CX2_16,5,242,0.94243,0.96195,0.01952,0.00187,0.0015,0.0024
CX2_16,5,243,0.94458,0.95986,0.01528,0.00187,0.00166,0.0025
CX2_16,5,244,0.94616,0.95889,0.01273,0.00187,0.00125,0.00225
CX2_16,5,245,0.94616,0.9588,0.01264,0.00187,0.00083,0.00204
CX2_16,5,246,0.94567,0.95925,0.01358,0.00187,0.00063,0.00197
CX2_16,5,247,0.94538,0.95812,0.01274,0.00187,0.00109,0.00217
CX2_16,5,248,0.94538,0.95689,0.01151,0.00187,0.00136,0.00231
CX2_16,5,249,0.94354,0.95602,0.01249,0.00187,0.00103,0.00213
CX2_16,5,250,0.94201,0.95655,0.01454,0.00187,0.00073,0.00201
CX2_16,5,251,0.94187,0.95635,0.01448,0.00187,0.00058,0.00196
CX2_16,5,252,0.94183,0.95601,0.01418,0.00187,0.00037,0.00191
CX2_16,5,253,0.94187,0.95584,0.01398,0.00187,0.00032,0.0019
CX2_16,5,254,0.94201,0.95768,0.01567,0.00187,0.00078,0.00202
CX2_16,5,255,0.94225,0.95936,0.01711,0.00187,0.0012,0.00222
CX2_16,5,256,0.94743,0.9579,0.01047,0.00187,0.0009,0.00207
CX2_16,5,257,0.94756,0.95709,0.00953,0.00187,0.00092,0.00208
CX2_16,5,258,0.94756,0.95675,0.00919,0.00187,0.00081,0.00204
CX2_16,5,259,0.94756,0.95708,0.00951,0.00187,0.0006,0.00196
CX2_16,5,260,0.94743,0.95685,0.00942,0.00187,0.00107,0.00216
CX2_16,5,261,0.947,0.9558,0.00881,0.00187,0.00185,0.00263
CX2_16,5,262,0.9461,0.95433,0.00823,0.00187,0.00135,0.00231
CX2_16,5,263,0.94331,0.95358,0.01026,0.00187,0.00036,0.0019
CX2_16,5,264,0.94271,0.95364,0.01093,0.00187,0.00069,0.00199
CX2_16,5,265,0.94271,0.95527,0.01256,0.00187,0.0006,0.00196
CX2_16,5,266,0.94271,0.95619,0.01348,0.00187,0.0013,0.00227
CX2_16,5,267,0.9462,0.95546,0.00925,0.00187,0.00147,0.00238
CX2_16,5,268,0.9462,0.95458,0.00838,0.00187,0.0011,0.00217
CX2_16,5,269,0.94626,0.95461,0.00836,0.00187,0.00121,0.00223
CX2_16,5,270,0.94681,0.95577,0.00896,0.00187,0.00074,0.00201
CX2_16,5,271,0.94626,0.95519,0.00893,0.00187,0.00118,0.00221
CX2_16,5,272,0.94404,0.95401,0.00997,0.00187,0.00102,0.00213
CX2_16,5,273,0.94404,0.95235,0.00831,0.00187,0.00113,0.00218
CX2_16,5,274,0.94121,0.95217,0.01096,0.00187,0.00086,0.00206
CX2_16,5,275,0.94121,0.95391,0.0127,0.00187,0.00122,0.00223
CX2_16,5,276,0.94121,0.95268,0.01148,0.00187,0.00125,0.00225
CX2_16,5,277,0.94118,0.95154,0.01036,0.00187,0.00126,0.00225
CX2_16,5,278,0.94118,0.95037,0.00919,0.00187,0.00077,0.00202
CX2_16,5,279,0.94079,0.95005,0.00926,0.00187,0.00088,0.00207
CX2_16,5,280,0.93768,0.94985,0.01217,0.00187,0.00071,0.002
CX2_16,5,281,0.93768,0.95048,0.01281,0.00187,0.00074,0.00201
CX2_16,5,282,0.93768,0.95063,0.01296,0.00187,0.00078,0.00202
CX2_16,5,283,0.93883,0.9505,0.01167,0.00187,0.00059,0.00196
CX2_16,5,284,0.93883,0.94989,0.01105,0.00187,0.00046,0.00192
CX2_16,5,285,0.93883,0.9497,0.01086,0.00187,0.00047,0.00193
CX2_16,5,286,0.93822,0.94967,0.01145,0.00187,0.00036,0.0019
CX2_16,5,287,0.93822,0.94967,0.01145,0.00187,0.00027,0.00189
CX2_16,5,289,0.93781,0.94911,0.0113,0.00187,0.00237,0.00302
CX2_16,5,290,0.93822,0.95054,0.01233,0.00187,0.00154,0.00242
CX2_16,5,291,0.9386,0.96032,0.02173,0.00187,0.00079,0.00203
CX2_16,5,292,0.94103,0.95974,0.0187,0.00187,0.00309,0.00361
CX2_16,5,293,0.9545,0.95855,0.00405,0.00187,0.00304,0.00357
CX2_16,5,294,0.9545,0.95715,0.00265,0.00187,0.00308,0.00361
CX2_16,5,295,0.9545,0.95719,0.00269,0.00187,0.00392,0.00435
CX2_16,5,296,0.9545,0.95775,0.00325,0.00187,0.00442,0.0048
CX2_16,5,297,0.95399,0.95631,0.00233,0.00187,0.00319,0.0037
CX2_16,5,298,0.95149,0.95508,0.0036,0.00187,0.00302,0.00355
CX2_16,5,299,0.95022,0.9541,0.00387,0.00187,0.00153,0.00242
CX2_16,5,300,0.94857,0.95427,0.00571,0.00187,0.0009,0.00207
CX2_16,5,301,0.94857,0.9553,0.00673,0.00187,0.00105,0.00214
CX2_16,5,302,0.94811,0.95357,0.00547,0.00187,0.00104,0.00214
CX2_16,5,303,0.94599,0.95398,0.00799,0.00187,0.00124,0.00225
CX2_16,5,304,0.94795,0.95318,0.00523,0.00187,0.00122,0.00223
CX2_16,5,305,0.94536,0.9518,0.00644,0.00187,0.0012,0.00222
CX2_16,5,306,0.94536,0.95175,0.00638,0.00187,0.00106,0.00215
CX2_16,5,307,0.9464,0.95365,0.00725,0.00187,0.00096,0.0021
CX2_16,5,308,0.9464,0.95343,0.00703,0.00187,0.00103,0.00213
CX2_16,5,309,0.94579,0.95155,0.00575,0.00187,0.00084,0.00205
CX2_16,5,311,0.9442,0.94952,0.00532,0.00187,0.00322,0.00373
CX2_16,5,312,0.9442,0.95092,0.00671,0.00187,0.00174,0.00256
CX2_16,5,313,0.9442,0.95135,0.00715,0.00187,0.0012,0.00222
CX2_16,5,314,0.94071,0.94967,0.00896,0.00187,0.00145,0.00237
CX2_16,5,315,0.94071,0.94863,0.00792,0.00187,0.00129,0.00227
CX2_16,5,316,0.94071,0.94791,0.0072,0.00187,0.00179,0.00259
CX2_16,5,317,0.94071,0.94927,0.00856,0.00187,0.00276,0.00333
CX2_16,5,318,0.94071,0.94964,0.00893,0.00187,0.00287,0.00342
CX2_16,5,319,0.93918,0.94738,0.0082,0.00187,0.00392,0.00434
CX2_16,5,320,0.93871,0.94631,0.0076,0.00187,0.00071,0.002
CX2_16,5,321,0.93688,0.94573,0.00885,0.00187,0.0007,0.002
CX2_16,5,322,0.93584,0.94544,0.0096,0.00187,0.00065,0.00198
CX2_16,5,323,0.93584,0.94582,0.00998,0.00187,0.00032,0.0019
CX2_16,5,324,0.93584,0.94694,0.0111,0.00187,0.00049,0.00193
CX2_16,5,325,0.93607,0.94666,0.01059,0.00187,0.00081,0.00204
CX2_16,5,326,0.93704,0.94596,0.00892,0.00187,0.00132,0.00229
CX2_16,5,327,0.93704,0.94573,0.00869,0.00187,0.0008,0.00203
CX2_16,5,328,0.93715,0.94664,0.00949,0.00187,0.00033,0.0019
CX2_16,5,329,0.93715,0.9467,0.00955,0.00187,0.00019,0.00188
CX2_16,5,330,0.9386,0.94599,0.0074,0.00187,9e-05,0.00187
CX2_16,5,331,0.9386,0.94583,0.00723,0.00187,0.00028,0.00189
CX2_16,5,332,0.93914,0.94713,0.00799,0.00187,0.00031,0.00189
CX2_16,5,333,0.93914,0.9481,0.00897,0.00187,0.00061,0.00197
CX2_16,5,334,0.93914,0.94685,0.00771,0.00187,0.00053,0.00194
CX2_16,5,335,0.93884,0.94502,0.00617,0.00187,0.00048,0.00193
CX2_16,5,336,0.93884,0.94466,0.00581,0.00187,0.00065,0.00198
CX2_16,5,337,0.93884,0.94628,0.00743,0.00187,0.00061,0.00197
CX2_16,5,338,0.93884,0.94762,0.00877,0.00187,0.00108,0.00216
CX2_16,5,339,0.93934,0.94692,0.00758,0.00187,0.00103,0.00213
CX2_16,5,340,0.93934,0.94497,0.00563,0.00187,0.00095,0.0021
CX2_16,5,341,0.93934,0.94379,0.00445,0.00187,0.00122,0.00223
CX2_16,5,342,0.93883,0.94409,0.00527,0.00187,0.0013,0.00228
CX2_16,5,343,0.93883,0.9462,0.00737,0.00187,0.0007,0.002
CX2_16,5,344,0.93883,0.9461,0.00728,0.00187,0.0008,0.00203
CX2_16,5,345,0.93985,0.94515,0.00529,0.00187,0.00091,0.00208
CX2_16,5,346,0.94032,0.94554,0.00522,0.00187,0.00073,0.00201
CX2_16,5,347,0.94072,0.94578,0.00506,0.00187,0.00069,0.00199
CX2_16,5,348,0.94032,0.94565,0.00533,0.00187,0.00046,0.00193
CX2_16,5,349,0.94032,0.94524,0.00492,0.00187,0.00036,0.0019
CX2_16,5,350,0.94023,0.94245,0.00222,0.00187,0.00075,0.00201
CX2_16,5,351,0.93786,0.94123,0.00337,0.00187,0.00098,0.00211
CX2_16,5,352,0.93786,0.94903,0.01117,0.00187,0.00074,0.00201
CX2_16,5,353,0.93786,0.94772,0.00986,0.00187,0.00096,0.0021
CX2_16,5,354,0.93562,0.94516,0.00954,0.00187,0.00126,0.00225
CX2_16,5,355,0.93562,0.94387,0.00825,0.00187,0.00145,0.00237
CX2_16,5,356,0.93562,0.94303,0.00741,0.00187,0.00108,0.00216
CX2_16,5,357,0.93292,0.9426,0.00968,0.00187,0.001,0.00212
CX2_16,5,358,0.93188,0.94212,0.01024,0.00187,0.00063,0.00197
CX2_16,5,359,0.93157,0.94113,0.00956,0.00187,0.00068,0.00199
CX2_16,5,360,0.93095,0.94038,0.00943,0.00187,0.00051,0.00194
CX2_16,5,361,0.92838,0.94001,0.01163,0.00187,0.00092,0.00208
CX2_16,5,362,0.92759,0.93983,0.01224,0.00187,0.00043,0.00192
CX2_16,5,363,0.92759,0.93968,0.01209,0.00187,0.00036,0.0019
CX2_16,5,364,0.92747,0.93906,0.01159,0.00187,0.00017,0.00188
CX2_16,5,365,0.92709,0.93827,0.01118,0.00187,0.00029,0.00189
CX2_16,5,366,0.92747,0.93975,0.01228,0.00187,0.00038,0.00191
CX2_16,5,367,0.92789,0.94078,0.01289,0.00187,0.00068,0.00199
CX2_16,5,368,0.92822,0.93997,0.01176,0.00187,0.00068,0.00199
CX2_16,5,369,0.92822,0.93877,0.01055,0.00187,0.00058,0.00196
CX2_16,5,370,0.92822,0.9381,0.00988,0.00187,0.00053,0.00194
CX2_16,5,371,0.92822,0.9386,0.01038,0.00187,0.00091,0.00208
CX2_16,5,372,0.92822,0.94028,0.01206,0.00187,0.00114,0.00219
CX2_16,5,373,0.92995,0.93979,0.00984,0.00187,0.00086,0.00206
CX2_16,5,374,0.92995,0.93829,0.00833,0.00187,0.00111,0.00218
CX2_16,5,375,0.92995,0.93749,0.00753,0.00187,0.00093,0.00209
CX2_16,5,376,0.9285,0.93686,0.00836,0.00187,0.00084,0.00205
CX2_16,5,377,0.9285,0.93818,0.00968,0.00187,0.00062,0.00197
CX2_16,5,378,0.9285,0.93866,0.01017,0.00187,0.00066,0.00198
CX2_16,5,379,0.92821,0.93709,0.00888,0.00187,0.00084,0.00205
CX2_16,5,380,0.92821,0.93587,0.00765,0.00187,0.00058,0.00196
CX2_16,5,381,0.92542,0.93551,0.01008,0.00187,0.00063,0.00197
CX2_16,5,382,0.92542,0.93665,0.01123,0.00187,0.00074,0.00201
CX2_16,5,383,0.92447,0.93645,0.01198,0.00187,0.00042,0.00192
CX2_16,5,384,0.92417,0.93434,0.01017,0.00187,0.00069,0.00199
CX2_16,5,385,0.92417,0.93357,0.0094,0.00187,0.00067,0.00199
CX2_16,5,386,0.92172,0.93301,0.01129,0.00187,0.00054,0.00195
CX2_16,5,387,0.92172,0.93561,0.01388,0.00187,0.00081,0.00204
CX2_16,5,388,0.92172,0.93706,0.01533,0.00187,0.00135,0.00231
CX2_16,5,389,0.92328,0.93534,0.01206,0.00187,0.00134,0.0023
CX2_16,5,390,0.92328,0.93396,0.01068,0.00187,0.00147,0.00238
CX2_16,5,391,0.92328,0.93311,0.00983,0.00187,0.00147,0.00238
CX2_16,5,392,0.92199,0.93237,0.01038,0.00187,0.00095,0.0021
CX2_16,5,393,0.92074,0.93269,0.01196,0.00187,0.00082,0.00204
CX2_16,5,394,0.92004,0.93236,0.01232,0.00187,0.00075,0.00202
CX2_16,5,395,0.91976,0.93215,0.01239,0.00187,0.00037,0.0019
CX2_16,5,396,0.91941,0.93169,0.01227,0.00187,0.00071,0.002
CX2_16,5,397,0.91958,0.93164,0.01207,0.00187,0.00056,0.00195
CX2_16,5,398,0.91948,0.93146,0.01199,0.00187,0.00025,0.00189
CX2_16,5,399,0.91948,0.93171,0.01224,0.00187,0.00021,0.00188
CX2_16,5,400,0.91948,0.93155,0.01207,0.00187,0.00016,0.00188
CX2_16,5,401,0.91948,0.9308,0.01132,0.00187,0.00013,0.00187
CX2_16,5,402,0.91948,0.93968,0.0202,0.00187,0.00098,0.00211
CX2_16,5,403,0.92033,0.93741,0.01708,0.00187,0.00081,0.00204
CX2_16,5,404,0.92444,0.93653,0.01209,0.00187,0.00084,0.00205
CX2_16,5,405,0.92444,0.93451,0.01007,0.00187,0.00083,0.00204
CX2_16,5,406,0.92526,0.93601,0.01076,0.00187,0.00074,0.00201
CX2_16,5,407,0.92526,0.93701,0.01175,0.00187,0.00085,0.00205
CX2_16,5,408,0.92444,0.93497,0.01053,0.00187,0.0013,0.00228
CX2_16,5,409,0.92362,0.93416,0.01054,0.00187,0.00144,0.00236
CX2_16,5,410,0.92362,0.93348,0.00986,0.00187,0.00084,0.00205
CX2_16,5,411,0.92362,0.93441,0.01079,0.00187,0.00066,0.00198
CX2_16,5,412,0.92362,0.93541,0.01179,0.00187,0.00095,0.0021
CX2_16,5,413,0.92255,0.93358,0.01103,0.00187,0.00133,0.00229
CX2_16,5,415,0.92135,0.93118,0.00983,0.00187,0.00398,0.00439
CX2_16,5,416,0.92058,0.93156,0.01098,0.00187,0.00261,0.00321
CX2_16,5,417,0.92058,0.93285,0.01227,0.00187,0.00183,0.00261
CX2_16,5,418,0.92058,0.93343,0.01285,0.00187,0.00132,0.00229
CX2_16,5,419,0.92132,0.93179,0.01046,0.00187,0.00076,0.00202
CX2_16,5,420,0.92132,0.93103,0.00971,0.00187,0.0012,0.00222
CX2_16,5,421,0.92132,0.92994,0.00862,0.00187,0.002,0.00274
CX2_16,5,422,0.91941,0.93027,0.01086,0.00187,0.00291,0.00346
CX2_16,5,423,0.91859,0.9298,0.01121,0.00187,0.00417,0.00457
CX2_16,5,424,0.91736,0.9295,0.01214,0.00187,0.00066,0.00198
CX2_16,5,426,0.91689,0.92845,0.01156,0.00187,0.00227,0.00294
CX2_16,5,427,0.91603,0.9287,0.01267,0.00187,0.00158,0.00245
CX2_16,5,428,0.9158,0.92846,0.01266,0.00187,0.00134,0.0023
CX2_16,5,429,0.9158,0.92851,0.0127,0.00187,0.00018,0.00188
CX2_16,5,430,0.91603,0.92854,0.01251,0.00187,0.00043,0.00192
CX2_16,5,431,0.9158,0.92809,0.01229,0.00187,0.00108,0.00216
CX2_16,5,432,0.9158,0.92779,0.01199,0.00187,0.002,0.00273
CX2_16,5,433,0.91605,0.92764,0.01158,0.00187,0.00266,0.00325
CX2_16,5,434,0.91605,0.92943,0.01338,0.00187,0.00346,0.00393
CX2_16,5,435,0.91605,0.92961,0.01356,0.00187,0.00052,0.00194
CX2_16,5,436,0.91605,0.92799,0.01194,0.00187,0.00042,0.00192
CX2_16,5,437,0.91605,0.92668,0.01063,0.00187,0.00034,0.0019
CX2_16,5,438,0.91514,0.92613,0.01099,0.00187,0.00042,0.00192
CX2_16,5,439,0.91514,0.928,0.01286,0.00187,0.00074,0.00201
CX2_16,5,440,0.91514,0.92925,0.01411,0.00187,0.0011,0.00217
CX2_16,5,441,0.91431,0.9269,0.01259,0.00187,0.00122,0.00223
CX2_16,5,442,0.91431,0.92627,0.01196,0.00187,0.00128,0.00227
CX2_16,5,443,0.91431,0.92637,0.01206,0.00187,0.00101,0.00212
CX2_16,5,444,0.91431,0.92814,0.01383,0.00187,0.00113,0.00218
CX2_16,5,445,0.91431,0.92847,0.01416,0.00187,0.00109,0.00216
CX2_16,5,446,0.91448,0.92656,0.01209,0.00187,0.00086,0.00206
CX2_16,5,447,0.91521,0.92608,0.01087,0.00187,0.00072,0.002
CX2_16,5,448,0.91521,0.92587,0.01066,0.00187,0.00094,0.00209
CX2_16,5,449,0.91521,0.92721,0.012,0.00187,0.00062,0.00197
CX2_16,5,450,0.91521,0.92774,0.01253,0.00187,0.0006,0.00196
CX2_16,5,451,0.91521,0.92543,0.01022,0.00187,0.00101,0.00212
CX2_16,5,452,0.91387,0.92482,0.01095,0.00187,0.00103,0.00213
CX2_16,5,453,0.9124,0.92376,0.01136,0.00187,0.00074,0.00201
CX2_16,5,454,0.9124,0.92512,0.01273,0.00187,0.00093,0.00209
CX2_16,5,455,0.9124,0.92609,0.01369,0.00187,0.00083,0.00205
CX2_16,5,456,0.91387,0.92597,0.0121,0.00187,0.00127,0.00226
CX2_16,5,457,0.91387,0.92509,0.01123,0.00187,0.00118,0.00221
CX2_16,5,458,0.91387,0.92453,0.01066,0.00187,0.00089,0.00207
CX2_16,5,459,0.91297,0.92448,0.01151,0.00187,0.00078,0.00202
CX2_16,5,460,0.91277,0.92423,0.01147,0.00187,0.00034,0.0019
CX2_16,5,461,0.91248,0.92347,0.01098,0.00187,0.00054,0.00195
CX2_16,5,462,0.91214,0.92336,0.01122,0.00187,0.00035,0.0019
CX2_16,5,463,0.91054,0.92326,0.01273,0.00187,0.0003,0.00189
CX2_16,5,464,0.91027,0.92294,0.01267,0.00187,0.00023,0.00188
CX2_16,5,465,0.91018,0.92266,0.01248,0.00187,0.00028,0.00189
CX2_16,5,466,0.9097,0.92162,0.01192,0.00187,0.00027,0.00189
CX2_16,5,467,0.90785,0.92134,0.01349,0.00187,0.0003,0.00189
CX2_16,5,468,0.90707,0.92093,0.01385,0.00187,0.0002,0.00188
CX2_16,5,469,0.90707,0.95224,0.04517,0.00187,0.00329,0.00378
CX2_16,5,470,0.90707,0.93496,0.02789,0.00187,0.00371,0.00416
CX2_16,5,471,0.93385,0.93707,0.00321,0.00187,0.00366,0.00411
CX2_16,5,472,0.93597,0.94332,0.00735,0.00187,0.00329,0.00378
CX2_16,5,473,0.93597,0.94077,0.0048,0.00187,0.00328,0.00378
CX2_16,5,474,0.93597,0.93793,0.00197,0.00187,0.00394,0.00436
CX2_16,5,475,0.93694,0.93887,0.00193,0.00187,0.00398,0.0044
CX2_16,5,476,0.93694,0.93729,0.00036,0.00187,0.00411,0.00451
CX2_16,5,478,0.93694,0.94481,0.00787,0.00187,0.00275,0.00332
CX2_16,5,479,0.93574,0.93575,1e-05,0.00187,0.00173,0.00255
CX2_16,5,480,0.93086,0.93391,0.00305,0.00187,0.00157,0.00244
CX2_16,5,481,0.92897,0.932,0.00303,0.00187,0.00141,0.00234
CX2_16,5,482,0.93086,0.93717,0.0063,0.00187,0.00178,0.00258
CX2_16,5,483,0.93086,0.94095,0.01008,0.00187,0.00268,0.00327
CX2_16,5,484,0.92897,0.93255,0.00358,0.00187,0.00386,0.00428
CX2_16,5,485,0.92586,0.93159,0.00574,0.00187,0.00391,0.00433
CX2_16,5,486,0.92586,0.93002,0.00416,0.00187,0.00314,0.00365
CX2_16,5,487,0.92586,0.93438,0.00853,0.00187,0.00272,0.0033
CX2_16,5,488,0.92586,0.94053,0.01467,0.00187,0.00405,0.00446
CX2_16,5,489,0.93718,0.94279,0.00561,0.00187,0.00423,0.00462
CX2_16,5,490,0.94099,0.94438,0.00339,0.00187,0.00396,0.00438
CX2_16,5,491,0.94364,0.94589,0.00225,0.00187,0.00297,0.00351
CX2_16,5,492,0.94579,0.94709,0.0013,0.00187,0.0005,0.00193
CX2_16,5,493,0.94781,0.94803,0.00022,0.00187,0.00139,0.00233
CX2_16,5,494,0.94931,0.9489,0.00041,0.00187,0.00153,0.00242
CX2_16,5,495,0.95159,0.94952,0.00208,0.00187,0.00102,0.00213
CX2_16,5,496,0.95237,0.9502,0.00216,0.00187,0.00038,0.00191
CX2_16,5,497,0.9529,0.95153,0.00137,0.00187,0.00035,0.0019
CX2_16,5,498,0.95433,0.95183,0.0025,0.00187,0.00025,0.00189
CX2_16,5,499,0.95433,0.94203,0.01231,0.00187,0.00184,0.00262
CX2_16,5,500,0.95433,0.93583,0.0185,0.00187,0.00345,0.00392
CX2_16,5,501,0.93438,0.9348,0.00043,0.00187,0.00292,0.00346
CX2_16,5,502,0.93394,0.93987,0.00593,0.00187,0.00251,0.00313
CX2_16,5,503,0.93394,0.94019,0.00625,0.00187,0.00321,0.00371
CX2_16,5,504,0.93394,0.9456,0.01166,0.00187,0.00466,0.00502
CX2_16,5,505,0.93378,0.93898,0.0052,0.00187,0.0046,0.00496
CX2_16,5,506,0.93681,0.93718,0.00037,0.00187,0.0049,0.00525
CX2_16,5,507,0.93681,0.93969,0.00288,0.00187,0.0025,0.00312
CX2_16,5,508,0.93681,0.9419,0.00509,0.00187,0.00121,0.00223
CX2_16,5,509,0.93681,0.94447,0.00767,0.00187,0.00199,0.00273
CX2_16,5,510,0.94318,0.94597,0.00279,0.00187,0.00236,0.00301
CX2_16,5,511,0.94607,0.94721,0.00114,0.00187,0.00269,0.00328
CX2_16,5,512,0.94905,0.94826,0.00078,0.00187,0.00255,0.00316
CX2_16,5,513,0.95027,0.94907,0.0012,0.00187,0.00074,0.00201
CX2_16,5,514,0.95027,0.80125,0.14903,0.00187,0.00296,0.0035
CX2_16,5,515,0.95225,0.94958,0.00267,0.00187,0.00152,0.00241
CX2_16,5,516,0.95278,0.95064,0.00214,0.00187,0.00061,0.00197
CX2_16,5,517,0.95402,0.95102,0.003,0.00187,0.00051,0.00194
CX2_16,5,518,0.95541,0.95162,0.00379,0.00187,0.00031,0.00189
CX2_16,5,519,0.95564,0.95188,0.00376,0.00187,0.00032,0.0019
CX2_16,5,520,0.95564,0.94401,0.01163,0.00187,0.00094,0.00209
CX2_16,5,521,0.95564,0.93739,0.01825,0.00187,0.00226,0.00293
CX2_16,5,522,0.93959,0.94507,0.00548,0.00187,0.00334,0.00383
CX2_16,5,523,0.93959,0.93714,0.00245,0.00187,0.00418,0.00458
CX2_16,5,524,0.93959,0.94313,0.00354,0.00187,0.00268,0.00327
CX2_16,5,526,0.93959,0.93342,0.00616,0.00187,0.00461,0.00497
CX2_16,5,527,0.93489,0.93348,0.00141,0.00187,0.0025,0.00313
CX2_16,5,528,0.93185,0.93109,0.00076,0.00187,0.00256,0.00317
CX2_16,5,529,0.93185,0.93818,0.00633,0.00187,0.00281,0.00337
CX2_16,5,530,0.93185,0.93745,0.0056,0.00187,0.00279,0.00336
CX2_16,5,531,0.93013,0.93141,0.00128,0.00187,0.00285,0.00341
CX2_16,5,532,0.9283,0.93109,0.00279,0.00187,0.00253,0.00314
CX2_16,5,533,0.9283,0.92929,0.00099,0.00187,0.00276,0.00333
CX2_16,5,534,0.9283,0.93549,0.00719,0.00187,0.0035,0.00397
CX2_16,5,535,0.93013,0.93679,0.00667,0.00187,0.00199,0.00273
CX2_16,5,536,0.92781,0.92985,0.00204,0.00187,0.00224,0.00292
CX2_16,5,537,0.92708,0.93025,0.00317,0.00187,0.00174,0.00255
CX2_16,5,538,0.92708,0.92876,0.00168,0.00187,0.00163,0.00248
CX2_16,5,539,0.92708,0.93387,0.00679,0.00187,0.00236,0.00301
CX2_16,5,540,0.92708,0.93734,0.01026,0.00187,0.00315,0.00366
CX2_16,5,541,0.92708,0.93005,0.00297,0.00187,0.00294,0.00349
CX2_16,5,542,0.92626,0.92915,0.00289,0.00187,0.00229,0.00296
CX2_16,5,543,0.92626,0.92815,0.00189,0.00187,0.00218,0.00287
CX2_16,5,544,0.92626,0.93063,0.00437,0.00187,0.00231,0.00297
CX2_16,5,545,0.92626,0.93654,0.01028,0.00187,0.00276,0.00333
CX2_16,5,546,0.93433,0.93917,0.00485,0.00187,0.00319,0.0037
CX2_16,5,547,0.93837,0.94129,0.00292,0.00187,0.00288,0.00343
CX2_16,5,548,0.94199,0.94289,0.0009,0.00187,0.00272,0.0033
CX2_16,5,549,0.94398,0.94388,0.0001,0.00187,0.00094,0.00209
CX2_16,5,550,0.94555,0.94464,0.00092,0.00187,0.00094,0.00209
CX2_16,5,551,0.94641,0.94529,0.00111,0.00187,0.0011,0.00217
CX2_16,5,552,0.94883,0.94587,0.00295,0.00187,0.00119,0.00221
CX2_16,5,553,0.94986,0.94646,0.0034,0.00187,0.00057,0.00195
CX2_16,5,554,0.95064,0.947,0.00364,0.00187,0.00033,0.0019
CX2_16,5,555,0.95158,0.94744,0.00414,0.00187,0.00023,0.00188
CX2_16,5,556,0.95158,0.94054,0.01104,0.00187,0.00142,0.00234
CX2_16,5,557,0.95158,0.93749,0.01408,0.00187,0.00267,0.00326
CX2_16,5,558,0.93687,0.92983,0.00704,0.00187,0.00276,0.00333
CX2_16,5,559,0.93687,0.93689,3e-05,0.00187,0.00257,0.00318
CX2_16,5,560,0.93671,0.93788,0.00117,0.00187,0.00259,0.0032
CX2_16,5,561,0.93638,0.93011,0.00627,0.00187,0.00248,0.0031
CX2_16,5,562,0.92876,0.92945,0.0007,0.00187,0.00238,0.00303
CX2_16,5,563,0.92876,0.92874,2e-05,0.00187,0.0024,0.00304
CX2_16,5,564,0.92876,0.93222,0.00347,0.00187,0.00229,0.00296
CX2_16,5,565,0.92876,0.93642,0.00766,0.00187,0.00281,0.00337
CX2_16,5,566,0.92876,0.9293,0.00054,0.00187,0.00255,0.00316
CX2_16,5,567,0.92833,0.92971,0.00139,0.00187,0.00304,0.00357
CX2_16,5,568,0.92833,0.92776,0.00057,0.00187,0.00271,0.00329
CX2_16,5,569,0.92833,0.92963,0.00131,0.00187,0.00332,0.00381
CX2_16,5,570,0.92833,0.93495,0.00662,0.00187,0.00248,0.00311
CX2_16,5,571,0.92833,0.92903,0.0007,0.00187,0.00301,0.00354
CX2_16,5,572,0.92718,0.92936,0.00218,0.00187,0.00332,0.00381
CX2_16,5,573,0.92718,0.92759,0.00041,0.00187,0.00219,0.00288
CX2_16,5,574,0.92718,0.92764,0.00046,0.00187,0.00253,0.00315
CX2_16,5,575,0.92718,0.93421,0.00703,0.00187,0.00228,0.00295
CX2_16,5,576,0.92718,0.9288,0.00162,0.00187,0.00291,0.00346
CX2_16,5,577,0.92438,0.92677,0.00239,0.00187,0.00288,0.00344
CX2_16,5,578,0.92438,0.92662,0.00223,0.00187,0.00223,0.00291
CX2_16,5,579,0.92436,0.9244,4e-05,0.00187,0.00203,0.00276
CX2_16,5,580,0.92436,0.93191,0.00755,0.00187,0.00098,0.00211
CX2_16,5,581,0.92438,0.93485,0.01046,0.00187,0.00248,0.0031
CX2_16,5,582,0.93322,0.93664,0.00342,0.00187,0.00305,0.00357
CX2_16,5,583,0.93608,0.938,0.00191,0.00187,0.00325,0.00375
CX2_16,5,584,0.93794,0.93931,0.00137,0.00187,0.0014,0.00234
CX2_16,5,585,0.93963,0.9399,0.00028,0.00187,0.00062,0.00197
CX2_16,5,586,0.94118,0.9404,0.00078,0.00187,0.00099,0.00211
CX2_16,5,587,0.94166,0.9408,0.00086,0.00187,0.00116,0.0022
CX2_16,5,588,0.94247,0.94081,0.00166,0.00187,0.00072,0.002
CX2_16,5,589,0.9426,0.9417,0.00089,0.00187,0.00047,0.00193
CX2_16,5,590,0.9429,0.94198,0.00092,0.00187,0.00036,0.0019
CX2_16,5,591,0.9429,0.93857,0.00433,0.00187,0.00086,0.00206
CX2_16,5,592,0.9429,0.92895,0.01395,0.00187,0.00215,0.00285
CX2_16,5,593,0.93239,0.92781,0.00459,0.00187,0.00242,0.00306
CX2_16,5,594,0.92683,0.92512,0.00171,0.00187,0.0016,0.00246
CX2_16,5,595,0.92683,0.93096,0.00414,0.00187,0.00184,0.00262
CX2_16,5,596,0.92683,0.93383,0.007,0.00187,0.00324,0.00374
CX2_16,5,597,0.92469,0.92571,0.00102,0.00187,0.00367,0.00412
CX2_16,5,598,0.92506,0.92648,0.00143,0.00187,0.00345,0.00392
CX2_16,5,599,0.92506,0.92512,7e-05,0.00187,0.00228,0.00295
CX2_16,5,600,0.92506,0.92685,0.0018,0.00187,0.00266,0.00325
CX2_16,5,601,0.92506,0.932,0.00694,0.00187,0.00263,0.00323
CX2_16,5,602,0.92506,0.92413,0.00092,0.00187,0.00338,0.00386
CX2_16,5,603,0.91979,0.92317,0.00338,0.00187,0.00326,0.00376
CX2_16,5,604,0.91824,0.92166,0.00342,0.00187,0.0024,0.00305
CX2_16,5,605,0.91824,0.92181,0.00357,0.00187,0.00212,0.00283
CX2_16,5,606,0.91824,0.92871,0.01047,0.00187,0.00303,0.00356
CX2_16,5,607,0.92445,0.9357,0.01125,0.00187,0.0037,0.00414
CX2_16,5,608,0.92934,0.93622,0.00689,0.00187,0.00387,0.0043
CX2_16,5,609,0.93028,0.94411,0.01383,0.00187,0.00373,0.00417
CX2_16,5,610,0.93718,0.9435,0.00631,0.00187,0.00109,0.00216
CX2_16,5,611,0.93718,0.937,0.00019,0.00187,0.00135,0.00231
CX2_16,5,612,0.93332,0.93737,0.00405,0.00187,0.00194,0.0027
CX2_16,5,613,0.93332,0.93408,0.00076,0.00187,0.00211,0.00282
CX2_16,5,615,0.93234,0.94129,0.00895,0.00187,0.0036,0.00405
CX2_16,5,616,0.92729,0.93449,0.0072,0.00187,0.0022,0.00289
CX2_16,5,618,0.92729,0.93387,0.00658,0.00187,0.00399,0.0044
CX2_16,5,619,0.92903,0.93327,0.00424,0.00187,0.00356,0.00402
CX2_16,5,620,0.92903,0.94604,0.01702,0.00187,0.00236,0.00301
CX2_16,5,621,0.93025,0.93911,0.00886,0.00187,0.00292,0.00347
CX2_16,5,622,0.93788,0.94114,0.00325,0.00187,0.00211,0.00282
CX2_16,5,623,0.93788,0.93179,0.00609,0.00187,0.00214,0.00284
CX2_16,5,624,0.93788,0.93175,0.00613,0.00187,0.00432,0.00471
CX2_16,5,625,0.92956,0.92981,0.00025,0.00187,0.00485,0.0052
CX2_16,5,626,0.92956,0.93103,0.00147,0.00187,0.00499,0.00533
CX2_16,5,627,0.92956,0.93662,0.00706,0.00187,0.00254,0.00315
CX2_16,5,628,0.92956,0.92963,7e-05,0.00187,0.00376,0.0042
CX2_16,5,629,0.92534,0.92921,0.00387,0.00187,0.00282,0.00339
CX2_16,5,630,0.92534,0.92837,0.00303,0.00187,0.00295,0.00349
CX2_16,5,631,0.92534,0.92952,0.00418,0.00187,0.00285,0.00341
CX2_16,5,632,0.92534,0.93437,0.00903,0.00187,0.00261,0.00321
CX2_16,5,633,0.92534,0.92701,0.00167,0.00187,0.00312,0.00364
CX2_16,5,634,0.92407,0.92282,0.00125,0.00187,0.00308,0.0036
CX2_16,5,635,0.91758,0.9224,0.00482,0.00187,0.00143,0.00235
CX2_16,5,636,0.91644,0.92038,0.00394,0.00187,0.00122,0.00223
CX2_16,5,637,0.91644,0.92772,0.01128,0.00187,0.00141,0.00234
CX2_16,5,638,0.91573,0.92562,0.00989,0.00187,0.00066,0.00198
CX2_16,5,639,0.91538,0.9205,0.00512,0.00187,0.00123,0.00224
CX2_16,5,640,0.91538,0.92173,0.00635,0.00187,0.00234,0.003
CX2_16,5,641,0.91373,0.91672,0.00299,0.00187,0.00141,0.00234
CX2_16,5,642,0.91373,0.92496,0.01123,0.00187,0.00077,0.00202
CX2_16,5,643,0.91593,0.92879,0.01286,0.00187,0.00182,0.00261
CX2_16,5,644,0.92384,0.93096,0.00712,0.00187,0.00262,0.00322
CX2_16,5,645,0.92726,0.93248,0.00523,0.00187,0.00207,0.00279
CX2_16,5,646,0.92948,0.93374,0.00426,0.00187,0.00135,0.0023
CX2_16,5,647,0.93148,0.93472,0.00324,0.00187,0.00072,0.002
CX2_16,5,648,0.93277,0.93552,0.00276,0.00187,0.00087,0.00206
CX2_16,5,649,0.93399,0.93612,0.00214,0.00187,0.00129,0.00227
CX2_16,5,650,0.9354,0.93683,0.00143,0.00187,0.00137,0.00232
CX2_16,5,651,0.93649,0.93755,0.00106,0.00187,0.00028,0.00189
CX2_16,5,652,0.93726,0.93805,0.00079,0.00187,0.00017,0.00188
CX2_16,5,653,0.93862,0.93831,0.00031,0.00187,0.00021,0.00188
CX2_16,5,654,0.93862,0.92832,0.0103,0.00187,0.00153,0.00241
CX2_16,5,655,0.93862,0.92676,0.01186,0.00187,0.00285,0.00341
CX2_16,5,656,0.92318,0.92522,0.00204,0.00187,0.00208,0.0028
CX2_16,5,657,0.92318,0.92589,0.00271,0.00187,0.0028,0.00336
CX2_16,5,658,0.92318,0.93172,0.00854,0.00187,0.00253,0.00315
CX2_16,5,659,0.9223,0.9256,0.0033,0.00187,0.00288,0.00343
CX2_16,5,660,0.92012,0.92473,0.00461,0.00187,0.00257,0.00318
CX2_16,5,661,0.92189,0.92546,0.00357,0.00187,0.00319,0.0037
CX2_16,5,662,0.92189,0.92291,0.00102,0.00187,0.00254,0.00315
CX2_16,5,663,0.92189,0.92866,0.00677,0.00187,0.00138,0.00232
CX2_16,5,664,0.92189,0.92601,0.00412,0.00187,0.00157,0.00244
CX2_16,5,665,0.92189,0.92338,0.00149,0.00187,0.00197,0.00272
CX2_16,5,666,0.92165,0.92475,0.0031,0.00187,0.00158,0.00245
CX2_16,5,667,0.92083,0.92207,0.00125,0.00187,0.00175,0.00256
CX2_16,5,668,0.92083,0.92736,0.00654,0.00187,0.00115,0.0022
CX2_16,5,669,0.92083,0.92687,0.00604,0.00187,0.00097,0.0021
CX2_16,5,670,0.92165,0.93057,0.00892,0.00187,0.00232,0.00298
CX2_16,5,671,0.92768,0.93641,0.00873,0.00187,0.00196,0.00271
CX2_16,5,672,0.93079,0.93496,0.00417,0.00187,0.00183,0.00262
CX2_16,5,673,0.93079,0.93017,0.00062,0.00187,0.00138,0.00232
CX2_16,5,674,0.93079,0.93019,0.0006,0.00187,0.00198,0.00273
CX2_16,5,675,0.9292,0.92356,0.00563,0.00187,0.00245,0.00308
CX2_16,5,676,0.9292,0.93074,0.00154,0.00187,0.00188,0.00265
CX2_16,5,677,0.9292,0.93403,0.00483,0.00187,0.00142,0.00235
CX2_16,5,678,0.93103,0.93548,0.00446,0.00187,0.00131,0.00228
CX2_16,5,679,0.93405,0.93639,0.00234,0.00187,0.00149,0.00239
CX2_16,5,680,0.93463,0.93734,0.00271,0.00187,0.00112,0.00218
CX2_16,5,681,0.93587,0.93813,0.00226,0.00187,0.00047,0.00193
CX2_16,5,682,0.93671,0.93872,0.00201,0.00187,0.00061,0.00197
CX2_16,5,683,0.93785,0.93913,0.00129,0.00187,0.00076,0.00202
CX2_16,5,684,0.93855,0.93967,0.00112,0.00187,0.00122,0.00223
CX2_16,5,685,0.9391,0.94002,0.00091,0.00187,0.00015,0.00187
CX2_16,5,686,0.94019,0.94004,0.00015,0.00187,0.00019,0.00188
CX2_16,5,687,0.94026,0.94011,0.00015,0.00187,0.00022,0.00188
CX2_16,5,689,0.94019,0.92461,0.01558,0.00187,0.00371,0.00416
CX2_16,5,690,0.92023,0.924,0.00377,0.00187,0.00313,0.00365
CX2_16,5,691,0.92023,0.92338,0.00315,0.00187,0.00279,0.00335
CX2_16,5,692,0.92023,0.93049,0.01026,0.00187,0.00312,0.00364
CX2_16,5,693,0.92023,0.92712,0.00689,0.00187,0.00323,0.00373
CX2_16,5,694,0.91943,0.921,0.00158,0.00187,0.00339,0.00387
CX2_16,5,695,0.91762,0.91914,0.00152,0.00187,0.00193,0.00269
CX2_16,5,696,0.91647,0.91663,0.00017,0.00187,0.00165,0.00249
CX2_16,5,697,0.91647,0.92415,0.00768,0.00187,0.00278,0.00335
CX2_16,5,698,0.91495,0.92415,0.0092,0.00187,0.00132,0.00229
CX2_16,5,699,0.91306,0.91529,0.00223,0.00187,0.00152,0.00241
CX2_16,5,700,0.90743,0.91465,0.00722,0.00187,0.00087,0.00206
CX2_16,5,701,0.90637,0.91399,0.00763,0.00187,0.00132,0.00229
CX2_16,5,702,0.90637,0.91964,0.01328,0.00187,0.00257,0.00317
CX2_16,5,703,0.90637,0.92266,0.0163,0.00187,0.0038,0.00424
CX2_16,5,704,0.90637,0.91448,0.00811,0.00187,0.00239,0.00304
CX2_16,5,705,0.90876,0.91564,0.00688,0.00187,0.00199,0.00273
CX2_16,5,706,0.90876,0.91494,0.00618,0.00187,0.00347,0.00394
CX2_16,5,707,0.90876,0.9181,0.00933,0.00187,0.00184,0.00262
CX2_16,5,708,0.90876,0.92332,0.01456,0.00187,0.0027,0.00328
CX2_16,5,709,0.90876,0.91598,0.00722,0.00187,0.00227,0.00294
CX2_16,5,710,0.91104,0.91668,0.00564,0.00187,0.00309,0.00361
CX2_16,5,711,0.91104,0.91656,0.00552,0.00187,0.00294,0.00348
CX2_16,5,712,0.91104,0.91711,0.00607,0.00187,0.00268,0.00326
CX2_16,5,713,0.91104,0.92431,0.01327,0.00187,0.00224,0.00292
CX2_16,5,714,0.91575,0.92729,0.01154,0.00187,0.00228,0.00295
CX2_16,5,715,0.922,0.92872,0.00673,0.00187,0.00183,0.00262
CX2_16,5,716,0.92371,0.92988,0.00617,0.00187,0.00256,0.00317
CX2_16,5,717,0.9257,0.93102,0.00532,0.00187,0.00114,0.00219
CX2_16,5,718,0.92703,0.93194,0.00491,0.00187,0.00079,0.00203
CX2_16,5,719,0.92938,0.93261,0.00323,0.00187,0.00066,0.00198
CX2_16,5,720,0.92938,0.92134,0.00804,0.00187,0.00029,0.00189
CX2_16,5,721,0.92938,0.92347,0.00591,0.00187,0.00175,0.00256
CX2_16,5,722,0.9311,0.93156,0.00046,0.00187,0.00159,0.00246
CX2_16,5,723,0.9237,0.92805,0.00435,0.00187,0.00207,0.00279
CX2_16,5,724,0.9212,0.92274,0.00154,0.00187,0.00164,0.00249
CX2_16,5,725,0.91824,0.92266,0.00442,0.00187,0.00147,0.00238
CX2_16,5,726,0.91723,0.91979,0.00256,0.00187,0.00141,0.00234
CX2_16,5,727,0.91723,0.92574,0.00852,0.00187,0.00173,0.00255
CX2_16,5,728,0.91684,0.92523,0.00839,0.00187,0.0017,0.00253
CX2_16,5,729,0.91375,0.91997,0.00622,0.00187,0.00092,0.00208
CX2_16,5,730,0.91264,0.9188,0.00616,0.00187,0.00103,0.00213
CX2_16,5,731,0.91264,0.91558,0.00294,0.00187,0.00158,0.00245
CX2_16,5,732,0.91132,0.91586,0.00454,0.00187,0.00162,0.00247
CX2_16,5,733,0.90442,0.91674,0.01232,0.00187,0.00163,0.00248
CX2_16,5,734,0.90442,0.91838,0.01396,0.00187,0.00333,0.00382
CX2_16,5,735,0.90442,0.92355,0.01913,0.00187,0.00344,0.00391
CX2_16,5,736,0.89995,0.91017,0.01022,0.00187,0.00389,0.00431
CX2_16,5,737,0.89977,0.90805,0.00828,0.00187,0.00227,0.00294
CX2_16,5,738,0.89959,0.91016,0.01057,0.00187,0.00233,0.00299
CX2_16,5,739,0.89959,0.90898,0.00939,0.00187,0.00256,0.00317
CX2_16,5,740,0.89959,0.91791,0.01832,0.00187,0.00198,0.00273
CX2_16,5,741,0.89959,0.90924,0.00965,0.00187,0.00255,0.00316
CX2_16,5,742,0.89959,0.90717,0.00758,0.00187,0.00344,0.00392
CX2_16,5,743,0.89538,0.90763,0.01226,0.00187,0.00287,0.00342
CX2_16,5,744,0.89503,0.9054,0.01037,0.00187,0.0026,0.0032
CX2_16,5,745,0.89503,0.91496,0.01993,0.00187,0.00165,0.00249
CX2_16,5,746,0.89503,0.91157,0.01653,0.00187,0.00096,0.0021
CX2_16,5,747,0.89503,0.90571,0.01068,0.00187,0.00085,0.00205
CX2_16,5,748,0.89242,0.90482,0.0124,0.00187,0.00107,0.00215
CX2_16,5,749,0.89237,0.90085,0.00848,0.00187,0.00155,0.00243
CX2_16,5,750,0.89237,0.91242,0.02005,0.00187,0.00097,0.00211
CX2_16,5,751,0.89242,0.91635,0.02393,0.00187,0.003,0.00353
CX2_16,5,752,0.90524,0.9184,0.01317,0.00187,0.00323,0.00374
CX2_16,5,753,0.909,0.92012,0.01112,0.00187,0.0022,0.00289
CX2_16,5,754,0.91184,0.92158,0.00973,0.00187,0.00142,0.00235
CX2_16,5,755,0.91361,0.92276,0.00914,0.00187,0.00133,0.00229
CX2_16,5,756,0.91527,0.92355,0.00828,0.00187,0.0016,0.00246
CX2_16,5,757,0.91698,0.92429,0.0073,0.00187,0.00205,0.00278
CX2_16,5,758,0.91763,0.92468,0.00705,0.00187,0.0015,0.00239
CX2_16,5,759,0.9183,0.92526,0.00696,0.00187,0.00053,0.00194
CX2_16,5,760,0.91953,0.9258,0.00626,0.00187,0.00025,0.00189
CX2_16,5,761,0.92114,0.92603,0.0049,0.00187,0.00019,0.00188
CX2_16,5,762,0.92114,0.91213,0.009,0.00187,0.00203,0.00276
CX2_16,5,763,0.92114,0.90954,0.0116,0.00187,0.00354,0.004
CX2_16,5,764,0.90039,0.90768,0.00729,0.00187,0.00262,0.00322
CX2_16,5,765,0.90039,0.90759,0.0072,0.00187,0.00292,0.00346
CX2_16,5,766,0.90039,0.91607,0.01568,0.00187,0.00392,0.00434
CX2_16,5,767,0.90039,0.90968,0.00929,0.00187,0.00351,0.00397
CX2_16,5,768,0.89839,0.90438,0.00599,0.00187,0.00315,0.00367
CX2_16,5,769,0.89438,0.90213,0.00775,0.00187,0.00324,0.00374
CX2_16,5,770,0.89416,0.89855,0.00439,0.00187,0.00267,0.00326
CX2_16,5,771,0.89416,0.91039,0.01623,0.00187,0.00179,0.00259
CX2_16,5,772,0.88817,0.90823,0.02006,0.00187,0.00141,0.00234
CX2_16,5,773,0.88767,0.89846,0.01079,0.00187,0.0022,0.00289
CX2_16,5,774,0.8871,0.89919,0.01209,0.00187,0.0026,0.0032
CX2_16,5,775,0.8871,0.8971,0.01,0.00187,0.0022,0.00289
CX2_16,5,776,0.8871,0.9036,0.0165,0.00187,0.00252,0.00314
CX2_16,5,777,0.8871,0.90944,0.02234,0.00187,0.00386,0.00429
CX2_16,5,778,0.8871,0.8997,0.0126,0.00187,0.00233,0.00299
CX2_16,5,779,0.88623,0.89902,0.01279,0.00187,0.00186,0.00264
CX2_16,5,780,0.88623,0.89793,0.0117,0.00187,0.002,0.00274
CX2_16,5,781,0.88623,0.89962,0.01339,0.00187,0.00171,0.00253
CX2_16,5,782,0.88623,0.90338,0.01715,0.00187,0.00181,0.0026
CX2_16,5,783,0.89317,0.9149,0.02173,0.00187,0.00274,0.00332
CX2_16,5,784,0.89749,0.91812,0.02062,0.00187,0.00395,0.00437
CX2_16,5,785,0.91071,0.91945,0.00874,0.00187,0.00383,0.00426
CX2_16,5,786,0.91199,0.92019,0.0082,0.00187,0.00256,0.00317
CX2_16,5,787,0.91308,0.92099,0.00792,0.00187,0.00163,0.00248
CX2_16,5,788,0.91455,0.92167,0.00711,0.00187,0.00155,0.00243
CX2_16,5,789,0.91504,0.92214,0.00709,0.00187,0.00227,0.00294
CX2_16,5,791,0.91505,0.92079,0.00575,0.00187,0.00104,0.00214
CX2_16,5,793,0.91505,0.92237,0.00732,0.00187,0.00335,0.00384
CX2_16,5,794,0.91505,0.92355,0.0085,0.00187,0.00188,0.00265
CX2_16,5,795,0.91505,0.91715,0.0021,0.00187,0.00272,0.0033
CX2_16,5,796,0.90167,0.90675,0.00508,0.00187,0.00385,0.00428
CX2_16,5,797,0.90167,0.90155,0.00011,0.00187,0.00533,0.00564
CX2_16,5,798,0.89417,0.89507,0.0009,0.00187,0.00619,0.00647
CX2_16,5,799,0.89417,0.90599,0.01182,0.00187,0.00841,0.00862
CX2_16,5,800,0.89008,0.90499,0.01491,0.00187,0.00467,0.00503
CX2_16,5,801,0.88788,0.89386,0.00598,0.00187,0.00499,0.00532
CX2_16,5,802,0.87819,0.89229,0.0141,0.00187,0.00374,0.00418
CX2_16,5,803,0.87693,0.88669,0.00976,0.00187,0.00268,0.00327
CX2_16,5,804,0.87693,0.89317,0.01624,0.00187,0.00386,0.00429
CX2_16,5,805,0.87693,0.90022,0.02329,0.00187,0.00432,0.00471
CX2_16,5,806,0.87572,0.88754,0.01182,0.00187,0.00424,0.00463
CX2_16,5,807,0.86595,0.88473,0.01878,0.00187,0.0041,0.0045
CX2_16,5,808,0.86595,0.88401,0.01806,0.00187,0.00355,0.00401
CX2_16,5,809,0.86595,0.88595,0.02,0.00187,0.00317,0.00368
CX2_16,5,810,0.86595,0.89479,0.02884,0.00187,0.00481,0.00516
CX2_16,5,811,0.86628,0.88915,0.02287,0.00187,0.00314,0.00365
CX2_16,5,812,0.86628,0.88514,0.01885,0.00187,0.00288,0.00344
CX2_16,5,813,0.86628,0.88507,0.01879,0.00187,0.00348,0.00395
CX2_16,5,814,0.86596,0.88386,0.0179,0.00187,0.00308,0.0036
CX2_16,5,815,0.86596,0.89294,0.02698,0.00187,0.00117,0.0022
CX2_16,5,816,0.86596,0.89262,0.02667,0.00187,0.00172,0.00254
CX2_16,5,817,0.86681,0.88494,0.01813,0.00187,0.00214,0.00284
CX2_16,5,818,0.86914,0.88575,0.01662,0.00187,0.00252,0.00313
CX2_16,5,819,0.86914,0.88352,0.01439,0.00187,0.00211,0.00282
CX2_16,5,820,0.86914,0.88821,0.01907,0.00187,0.0018,0.00259
CX2_16,5,821,0.86914,0.8939,0.02477,0.00187,0.00196,0.00271
CX2_16,5,822,0.87672,0.89648,0.01976,0.00187,0.00234,0.00299
CX2_16,5,823,0.88208,0.89819,0.01611,0.00187,0.00216,0.00285
CX2_16,5,824,0.88374,0.89954,0.0158,0.00187,0.00126,0.00226
CX2_16,5,825,0.88611,0.90051,0.0144,0.00187,0.00087,0.00206
CX2_16,5,826,0.88821,0.90162,0.01341,0.00187,0.00064,0.00198
CX2_16,5,827,0.88952,0.90269,0.01317,0.00187,0.001,0.00212
CX2_16,5,828,0.89105,0.90291,0.01186,0.00187,0.00101,0.00212
CX2_16,5,829,0.89188,0.90342,0.01154,0.00187,0.0004,0.00191
CX2_16,5,830,0.89219,0.90456,0.01237,0.00187,0.00043,0.00192
CX2_16,5,831,0.8933,0.90504,0.01174,0.00187,0.00032,0.0019
CX2_16,5,832,0.8933,0.88757,0.00573,0.00187,0.00169,0.00252
CX2_16,5,833,0.8933,0.88656,0.00674,0.00187,0.00375,0.00419
CX2_16,5,834,0.87344,0.88196,0.00853,0.00187,0.00336,0.00384
CX2_16,5,835,0.87344,0.90825,0.03481,0.00187,0.00459,0.00495
CX2_16,5,836,0.87344,0.89656,0.02312,0.00187,0.00389,0.00432
CX2_16,5,837,0.88634,0.90206,0.01572,0.00187,0.00218,0.00287
CX2_16,5,838,0.88634,0.89088,0.00454,0.00187,0.00358,0.00404
CX2_16,5,839,0.88634,0.89181,0.00546,0.00187,0.00485,0.00519
CX2_16,5,840,0.88208,0.8884,0.00632,0.00187,0.00528,0.0056
CX2_16,5,841,0.87965,0.88864,0.009,0.00187,0.0036,0.00405
CX2_16,5,842,0.87965,0.89684,0.01719,0.00187,0.00344,0.00392
CX2_16,5,843,0.87965,0.8918,0.01215,0.00187,0.00402,0.00443
CX2_16,5,844,0.874,0.8874,0.01339,0.00187,0.00134,0.0023
CX2_16,5,845,0.874,0.88753,0.01353,0.00187,0.00102,0.00213
CX2_16,5,846,0.8733,0.88284,0.00954,0.00187,0.00173,0.00255
CX2_16,5,847,0.8733,0.8933,0.02,0.00187,0.00188,0.00265
CX2_16,5,848,0.8733,0.89355,0.02025,0.00187,0.00204,0.00276
CX2_16,5,849,0.87288,0.88521,0.01232,0.00187,0.00191,0.00268
CX2_16,5,850,0.8701,0.88555,0.01545,0.00187,0.00143,0.00236
CX2_16,5,851,0.8701,0.88403,0.01393,0.00187,0.0016,0.00246
CX2_16,5,852,0.8701,0.88826,0.01816,0.00187,0.00208,0.0028
CX2_16,5,853,0.8701,0.895,0.02491,0.00187,0.00345,0.00392
CX2_16,5,854,0.87997,0.89763,0.01766,0.00187,0.00282,0.00339
CX2_16,5,855,0.88522,0.89946,0.01424,0.00187,0.00253,0.00315
CX2_16,5,856,0.88633,0.90141,0.01508,0.00187,0.00137,0.00232
CX2_16,5,857,0.88895,0.90329,0.01434,0.00187,0.00064,0.00198
CX2_16,5,858,0.89162,0.90435,0.01273,0.00187,0.00087,0.00206
CX2_16,5,859,0.89502,0.9053,0.01028,0.00187,0.00099,0.00211
CX2_16,5,860,0.89566,0.90576,0.0101,0.00187,0.00059,0.00196
CX2_16,5,861,0.89613,0.90646,0.01032,0.00187,0.00062,0.00197
CX2_16,5,862,0.89633,0.90686,0.01053,0.00187,0.00039,0.00191
CX2_16,5,863,0.89759,0.90762,0.01003,0.00187,0.00037,0.00191
CX2_16,5,864,0.89759,0.90075,0.00316,0.00187,0.00135,0.00231
CX2_16,5,865,0.89759,0.88812,0.00947,0.00187,0.00368,0.00412
CX2_16,5,866,0.87971,0.88683,0.00713,0.00187,0.00253,0.00314
CX2_16,5,867,0.87382,0.8845,0.01068,0.00187,0.00147,0.00238
CX2_16,5,868,0.87382,0.89366,0.01984,0.00187,0.00272,0.0033
CX2_16,5,869,0.87382,0.89731,0.02349,0.00187,0.00502,0.00536
CX2_16,5,870,0.87261,0.88352,0.0109,0.00187,0.00513,0.00546
CX2_16,5,871,0.86906,0.88278,0.01372,0.00187,0.0048,0.00515
CX2_16,5,872,0.86906,0.88179,0.01273,0.00187,0.00299,0.00353
CX2_16,5,873,0.86906,0.88137,0.01231,0.00187,0.00129,0.00227
CX2_16,5,874,0.86906,0.88947,0.02041,0.00187,0.00157,0.00244
CX2_16,5,875,0.86906,0.88163,0.01257,0.00187,0.00203,0.00276
CX2_16,5,876,0.86591,0.87858,0.01267,0.00187,0.00187,0.00265
CX2_16,5,877,0.86171,0.8788,0.01709,0.00187,0.00272,0.0033
CX2_16,5,878,0.8613,0.87707,0.01576,0.00187,0.0021,0.00281
CX2_16,5,879,0.8613,0.88502,0.02372,0.00187,0.00173,0.00255
CX2_16,5,880,0.86171,0.88462,0.02291,0.00187,0.00176,0.00257
CX2_16,5,881,0.86171,0.87656,0.01485,0.00187,0.00228,0.00295
CX2_16,5,882,0.85973,0.87697,0.01724,0.00187,0.00203,0.00276
CX2_16,5,883,0.85973,0.87371,0.01398,0.00187,0.00241,0.00305
CX2_16,5,884,0.85973,0.87807,0.01834,0.00187,0.00169,0.00252
CX2_16,5,885,0.85778,0.86683,0.00905,0.00187,0.00274,0.00332
CX2_16,5,886,0.85139,0.86815,0.01676,0.00187,0.00158,0.00244
CX2_16,5,887,0.85139,0.88139,0.03,0.00187,0.00395,0.00437
CX2_16,5,888,0.86567,0.88677,0.02111,0.00187,0.00523,0.00555
CX2_16,5,889,0.86875,0.88912,0.02037,0.00187,0.00232,0.00298
CX2_16,5,890,0.87299,0.89103,0.01803,0.00187,0.00114,0.00219
CX2_16,5,891,0.87505,0.89252,0.01747,0.00187,0.00196,0.00271
CX2_16,5,892,0.87722,0.8935,0.01627,0.00187,0.00172,0.00254
CX2_16,5,893,0.8783,0.89395,0.01565,0.00187,0.00193,0.00269
CX2_16,5,894,0.87928,0.8942,0.01492,0.00187,0.00339,0.00387
CX2_16,5,895,0.88063,0.89448,0.01385,0.00187,0.00159,0.00246
CX2_16,5,897,0.88093,0.89465,0.01372,0.00187,0.00237,0.00302
CX2_16,5,898,0.88146,0.89593,0.01448,0.00187,0.00164,0.00249
CX2_16,5,899,0.88146,0.88706,0.00561,0.00187,0.00294,0.00349
CX2_16,5,900,0.86073,0.87343,0.01271,0.00187,0.00351,0.00397
CX2_16,5,901,0.86274,0.87669,0.01395,0.00187,0.00305,0.00357
CX2_16,5,902,0.86073,0.87245,0.01173,0.00187,0.00314,0.00365
CX2_16,5,903,0.86073,0.88037,0.01965,0.00187,0.00486,0.00521
CX2_16,5,904,0.86274,0.8854,0.02266,0.00187,0.00628,0.00655
CX2_16,5,905,0.86274,0.87241,0.00966,0.00187,0.006,0.00628
CX2_16,5,906,0.85099,0.87175,0.02076,0.00187,0.00493,0.00528
CX2_16,5,907,0.85099,0.86458,0.01359,0.00187,0.0044,0.00478
CX2_16,5,908,0.85099,0.8725,0.02151,0.00187,0.00383,0.00426
CX2_16,5,909,0.85099,0.88099,0.03,0.00187,0.004,0.00442
CX2_16,5,910,0.85099,0.87121,0.02021,0.00187,0.00446,0.00483
CX2_16,5,911,0.8513,0.87092,0.01961,0.00187,0.00441,0.00479
CX2_16,5,912,0.8513,0.86996,0.01866,0.00187,0.00339,0.00387
CX2_16,5,913,0.8513,0.87015,0.01885,0.00187,0.003,0.00354
CX2_16,5,914,0.8513,0.88013,0.02883,0.00187,0.00249,0.00311
CX2_16,5,915,0.85343,0.87753,0.0241,0.00187,0.00149,0.00239
CX2_16,5,916,0.85343,0.8713,0.01787,0.00187,0.00134,0.0023
CX2_16,5,917,0.85343,0.8719,0.01847,0.00187,0.00193,0.00269
CX2_16,5,918,0.85192,0.86694,0.01502,0.00187,0.00292,0.00346
CX2_16,5,919,0.85192,0.87506,0.02314,0.00187,0.00099,0.00211
CX2_16,5,920,0.85192,0.88099,0.02907,0.00187,0.00153,0.00242
CX2_16,5,921,0.86025,0.88407,0.02382,0.00187,0.00248,0.0031
CX2_16,5,922,0.86517,0.88593,0.02076,0.00187,0.00227,0.00294
CX2_16,5,923,0.86828,0.88742,0.01914,0.00187,0.00125,0.00225
CX2_16,5,924,0.87028,0.88868,0.0184,0.00187,0.00082,0.00204
CX2_16,5,925,0.8722,0.89008,0.01788,0.00187,0.00111,0.00218
CX2_16,5,926,0.87446,0.89087,0.01641,0.00187,0.00106,0.00215
CX2_16,5,927,0.8765,0.89136,0.01486,0.00187,0.00109,0.00216
CX2_16,5,928,0.8766,0.89181,0.01521,0.00187,0.00053,0.00194
CX2_16,5,929,0.87733,0.8923,0.01497,0.00187,0.00048,0.00193
CX2_16,5,930,0.87779,0.89276,0.01497,0.00187,0.00036,0.0019
CX2_16,5,931,0.87779,0.88598,0.00818,0.00187,0.00115,0.0022
CX2_16,5,932,0.87779,0.87453,0.00326,0.00187,0.00317,0.00368
CX2_16,5,933,0.86244,0.87338,0.01094,0.00187,0.00274,0.00332
CX2_16,5,934,0.8557,0.87116,0.01546,0.00187,0.00168,0.00251
CX2_16,5,935,0.8557,0.8795,0.0238,0.00187,0.00272,0.0033
CX2_16,5,936,0.8557,0.88423,0.02854,0.00187,0.00423,0.00463
CX2_16,5,937,0.8557,0.87276,0.01706,0.00187,0.00431,0.0047
CX2_16,5,938,0.85308,0.87171,0.01862,0.00187,0.00473,0.00508
CX2_16,5,939,0.85308,0.86959,0.0165,0.00187,0.00295,0.00349
CX2_16,5,940,0.85308,0.87066,0.01758,0.00187,0.002,0.00274
CX2_16,5,941,0.85308,0.88033,0.02725,0.00187,0.00194,0.00269
CX2_16,5,942,0.85221,0.87308,0.02086,0.00187,0.00195,0.0027
CX2_16,5,943,0.84857,0.86878,0.02021,0.00187,0.0021,0.00281
CX2_16,5,944,0.84857,0.86838,0.01981,0.00187,0.00241,0.00305
CX2_16,5,945,0.8481,0.866,0.0179,0.00187,0.00192,0.00268
CX2_16,5,946,0.8481,0.8754,0.02731,0.00187,0.00119,0.00221
CX2_16,5,947,0.8481,0.87594,0.02784,0.00187,0.00195,0.0027
CX2_16,5,948,0.84711,0.86772,0.02061,0.00187,0.00193,0.00269
CX2_16,5,950,0.84784,0.86489,0.01705,0.00187,0.00223,0.00291
CX2_16,5,951,0.84528,0.85816,0.01288,0.00187,0.00211,0.00282
CX2_16,5,952,0.84528,0.86921,0.02393,0.00187,0.00261,0.00321
CX2_16,5,953,0.84784,0.8747,0.02686,0.00187,0.0034,0.00388
CX2_16,5,954,0.85286,0.87697,0.02411,0.00187,0.00323,0.00374
CX2_16,5,955,0.8574,0.87817,0.02077,0.00187,0.00251,0.00313
CX2_16,5,956,0.85939,0.87948,0.0201,0.00187,0.00062,0.00197
CX2_16,5,957,0.85939,0.852,0.00739,0.00187,0.00308,0.0036
CX2_16,5,958,0.85939,0.86399,0.00461,0.00187,0.00322,0.00372
CX2_16,5,959,0.86115,0.87563,0.01448,0.00187,0.00292,0.00347
CX2_16,5,960,0.85287,0.86356,0.01069,0.00187,0.00342,0.0039
CX2_16,5,961,0.83588,0.86057,0.02469,0.00187,0.00435,0.00473
CX2_16,5,962,0.83588,0.8602,0.02433,0.00187,0.0029,0.00345
CX2_16,5,963,0.83547,0.86004,0.02457,0.00187,0.00228,0.00295
CX2_16,5,964,0.83547,0.8731,0.03763,0.00187,0.00485,0.0052
CX2_16,5,965,0.83516,0.86668,0.03152,0.00187,0.00374,0.00418
CX2_16,5,966,0.83389,0.85306,0.01917,0.00187,0.00287,0.00342
CX2_16,5,967,0.83126,0.85041,0.01915,0.00187,0.00217,0.00286
CX2_16,5,968,0.82077,0.84799,0.02722,0.00187,0.00221,0.0029
CX2_16,5,969,0.82077,0.85979,0.03902,0.00187,0.00265,0.00324
CX2_16,5,970,0.82077,0.86756,0.04679,0.00187,0.0053,0.00562
CX2_16,5,971,0.81722,0.84943,0.03222,0.00187,0.00501,0.00534
CX2_16,5,972,0.82031,0.85063,0.03031,0.00187,0.00546,0.00577
CX2_16,5,973,0.82031,0.84913,0.02882,0.00187,0.00593,0.00621
CX2_16,5,974,0.82031,0.84976,0.02945,0.00187,0.0032,0.0037
CX2_16,5,975,0.82031,0.86141,0.0411,0.00187,0.0028,0.00336
CX2_16,5,976,0.82376,0.86576,0.042,0.00187,0.00392,0.00435
CX2_16,5,977,0.83695,0.8683,0.03135,0.00187,0.00499,0.00533
CX2_16,5,978,0.84124,0.87067,0.02943,0.00187,0.00623,0.0065
CX2_16,5,979,0.84457,0.87291,0.02835,0.00187,0.00269,0.00328
CX2_16,5,980,0.84742,0.87458,0.02716,0.00187,0.00167,0.0025
CX2_16,5,981,0.85072,0.87557,0.02484,0.00187,0.00171,0.00253
CX2_16,5,982,0.85266,0.87628,0.02362,0.00187,0.00177,0.00257
CX2_16,5,983,0.85391,0.87697,0.02306,0.00187,0.00075,0.00201
CX2_16,5,984,0.85433,0.87879,0.02446,0.00187,0.0007,0.002
CX2_16,5,985,0.85555,0.87967,0.02412,0.00187,0.00038,0.00191
CX2_16,5,986,0.85801,0.88029,0.02228,0.00187,0.00031,0.00189
CX2_16,5,987,0.85801,0.86189,0.00389,0.00187,0.00252,0.00314
CX2_16,5,988,0.85801,0.85094,0.00706,0.00187,0.00529,0.00561
CX2_16,5,989,0.82796,0.85069,0.02273,0.00187,0.00397,0.00439
CX2_16,5,990,0.82169,0.84924,0.02755,0.00187,0.00293,0.00347
CX2_16,5,991,0.82151,0.8477,0.02619,0.00187,0.00369,0.00414
CX2_16,5,992,0.81873,0.84478,0.02605,0.00187,0.0033,0.00379
CX2_16,5,993,0.81644,0.84389,0.02745,0.00187,0.004,0.00441
CX2_16,5,994,0.81461,0.84547,0.03086,0.00187,0.00451,0.00488
CX2_16,5,995,0.8138,0.84502,0.03122,0.00187,0.00218,0.00287
CX2_16,5,996,0.81204,0.84297,0.03093,0.00187,0.00067,0.00199
CX2_16,5,997,0.8118,0.84196,0.03017,0.00187,0.00022,0.00188
CX2_16,5,998,0.80929,0.8408,0.03151,0.00187,0.00022,0.00188
CX2_16,5,999,0.80929,0.84334,0.03405,0.00187,0.00091,0.00208
CX2_16,5,1000,0.80929,0.84381,0.03453,0.00187,0.00111,0.00217
CX2_16,5,1001,0.80776,0.84043,0.03267,0.00187,0.00093,0.00209
CX2_16,5,1002,0.80727,0.84032,0.03305,0.00187,0.00108,0.00216
CX2_16,5,1003,0.80727,0.84012,0.03285,0.00187,0.00106,0.00215
CX2_16,5,1004,0.80626,0.84001,0.03375,0.00187,0.00087,0.00206
CX2_16,5,1005,0.80626,0.84134,0.03508,0.00187,0.00059,0.00196
CX2_16,5,1006,0.80718,0.84116,0.03398,0.00187,0.00061,0.00197
CX2_16,5,1007,0.80718,0.84682,0.03964,0.00187,0.00083,0.00205
CX2_16,5,1008,0.80763,0.84758,0.03994,0.00187,0.00138,0.00232
CX2_16,5,1009,0.81443,0.8443,0.02987,0.00187,0.00137,0.00231
CX2_16,5,1010,0.81443,0.84226,0.02783,0.00187,0.00089,0.00207
CX2_16,5,1011,0.81443,0.84159,0.02717,0.00187,0.00097,0.00211
CX2_16,5,1012,0.80857,0.84015,0.03158,0.00187,0.00064,0.00198
CX2_16,5,1013,0.80693,0.83358,0.02665,0.00187,0.00096,0.0021
CX2_16,5,1014,0.80554,0.83563,0.0301,0.00187,0.00214,0.00284
CX2_16,5,1015,0.80375,0.83522,0.03148,0.00187,0.00041,0.00191
CX2_16,5,1016,0.80082,0.83494,0.03412,0.00187,0.00064,0.00198
CX2_16,5,1017,0.79987,0.83579,0.03593,0.00187,0.00055,0.00195
CX2_16,5,1018,0.79987,0.83842,0.03855,0.00187,0.00068,0.00199
CX2_16,5,1019,0.79987,0.84172,0.04186,0.00187,0.0018,0.00259
CX2_16,5,1020,0.80437,0.841,0.03663,0.00187,0.00186,0.00264
CX2_16,5,1021,0.80629,0.84041,0.03413,0.00187,0.00139,0.00233
CX2_16,5,1022,0.80629,0.83689,0.03061,0.00187,0.00148,0.00238
CX2_16,5,1023,0.80629,0.83514,0.02886,0.00187,0.00138,0.00232
CX2_16,5,1024,0.80131,0.8366,0.03529,0.00187,0.00069,0.00199
CX2_16,5,1025,0.80131,0.83725,0.03594,0.00187,0.0013,0.00228
CX2_16,5,1026,0.80114,0.83561,0.03447,0.00187,0.00077,0.00202
CX2_16,5,1027,0.80031,0.83456,0.03424,0.00187,0.00084,0.00205
CX2_16,5,1028,0.8001,0.83342,0.03332,0.00187,0.00025,0.00189
CX2_16,5,1029,0.79918,0.83346,0.03428,0.00187,0.00045,0.00192
CX2_16,5,1030,0.79918,0.83382,0.03464,0.00187,0.00063,0.00197
CX2_16,5,1031,0.79769,0.82834,0.03065,0.00187,0.00045,0.00192
CX2_16,5,1032,0.7974,0.83113,0.03373,0.00187,0.00044,0.00192
CX2_16,5,1033,0.79586,0.83105,0.03519,0.00187,0.00045,0.00192
CX2_16,5,1034,0.79505,0.82948,0.03443,0.00187,0.00034,0.0019
CX2_16,5,1035,0.79214,0.82876,0.03662,0.00187,0.00032,0.0019
CX2_16,5,1036,0.79214,0.82652,0.03438,0.00187,0.00075,0.00201
CX2_16,5,1037,0.7918,0.82511,0.03332,0.00187,0.00105,0.00214
CX2_16,5,1038,0.7866,0.82386,0.03726,0.00187,0.00106,0.00215
CX2_16,5,1039,0.78577,0.82249,0.03672,0.00187,0.00086,0.00206
CX2_16,5,1040,0.78307,0.82229,0.03922,0.00187,0.00095,0.0021
CX2_16,5,1041,0.78279,0.82246,0.03967,0.00187,0.00071,0.002
CX2_16,5,1042,0.78241,0.82252,0.04011,0.00187,0.00104,0.00214
CX2_16,5,1043,0.78209,0.82242,0.04033,0.00187,0.00093,0.00209
CX2_16,5,1044,0.78209,0.82207,0.03998,0.00187,0.00061,0.00197
CX2_16,5,1045,0.78241,0.82284,0.04043,0.00187,0.00052,0.00194
CX2_16,5,1046,0.78241,0.82303,0.04061,0.00187,0.00053,0.00194
CX2_16,5,1047,0.78116,0.82081,0.03965,0.00187,0.00039,0.00191
CX2_16,5,1048,0.78108,0.81894,0.03786,0.00187,0.00067,0.00199
CX2_16,5,1049,0.77653,0.81588,0.03936,0.00187,0.00048,0.00193
CX2_16,5,1050,0.77635,0.81573,0.03938,0.00187,0.00062,0.00197
CX2_16,5,1051,0.77635,0.82001,0.04366,0.00187,0.00111,0.00217
CX2_16,5,1052,0.77653,0.82404,0.04752,0.00187,0.00164,0.00249
CX2_16,5,1053,0.7783,0.82754,0.04925,0.00187,0.00171,0.00253
CX2_16,5,1054,0.7783,0.82125,0.04295,0.00187,0.00172,0.00254
CX2_16,5,1055,0.7783,0.82043,0.04214,0.00187,0.00206,0.00278
CX2_16,5,1056,0.77424,0.81919,0.04494,0.00187,0.00157,0.00244
CX2_16,5,1057,0.77294,0.81785,0.0449,0.00187,0.0013,0.00228
CX2_16,5,1058,0.77294,0.8223,0.04936,0.00187,0.00136,0.00231
CX2_16,5,1059,0.77424,0.82242,0.04818,0.00187,0.00204,0.00277
CX2_16,5,1060,0.77239,0.81738,0.04499,0.00187,0.0016,0.00246
CX2_16,5,1061,0.77143,0.81733,0.04589,0.00187,0.00128,0.00227
CX2_16,5,1062,0.77201,0.81745,0.04544,0.00187,0.0006,0.00196
CX2_16,5,1063,0.77201,0.81784,0.04583,0.00187,0.00089,0.00207
CX2_16,5,1064,0.77201,0.82176,0.04975,0.00187,0.00152,0.00241
CX2_16,5,1065,0.77201,0.81833,0.04632,0.00187,0.00053,0.00194
CX2_16,5,1066,0.77201,0.81535,0.04334,0.00187,0.00125,0.00225
CX2_16,5,1067,0.77124,0.81574,0.0445,0.00187,0.00163,0.00248
CX2_16,5,1068,0.77063,0.81626,0.04563,0.00187,0.00099,0.00211
CX2_16,5,1069,0.77063,0.81665,0.04603,0.00187,0.0006,0.00196
CX2_16,5,1070,0.77063,0.82749,0.05686,0.00187,0.00178,0.00258
CX2_16,5,1071,0.77104,0.82386,0.05282,0.00187,0.00231,0.00297
CX2_16,5,1072,0.77959,0.82605,0.04646,0.00187,0.00268,0.00326
CX2_16,5,1073,0.78399,0.8261,0.04211,0.00187,0.00198,0.00272
CX2_16,5,1074,0.78399,0.8256,0.04161,0.00187,0.0012,0.00222
CX2_16,5,1075,0.78399,0.82775,0.04376,0.00187,0.00086,0.00206
CX2_16,5,1076,0.78439,0.82781,0.04342,0.00187,0.0008,0.00203
CX2_16,5,1077,0.78611,0.82678,0.04067,0.00187,0.00129,0.00227
CX2_16,5,1078,0.78611,0.82518,0.03907,0.00187,0.00081,0.00204
CX2_16,5,1079,0.78611,0.82359,0.03749,0.00187,0.00124,0.00224
CX2_16,5,1080,0.78611,0.82912,0.04301,0.00187,0.00097,0.00211
CX2_16,5,1081,0.78611,0.8331,0.04699,0.00187,0.00078,0.00202
CX2_16,5,1082,0.78692,0.8285,0.04157,0.00187,0.00129,0.00227
CX2_16,5,1083,0.78692,0.82316,0.03624,0.00187,0.00152,0.00241
CX2_16,5,1084,0.78692,0.81811,0.03118,0.00187,0.00149,0.00239
CX2_16,5,1085,0.77701,0.81546,0.03845,0.00187,0.00072,0.002
CX2_16,5,1086,0.77701,0.8204,0.04339,0.00187,0.00185,0.00263
CX2_16,5,1087,0.77438,0.81862,0.04424,0.00187,0.00283,0.00339
CX2_16,5,1088,0.77314,0.81376,0.04062,0.00187,0.00268,0.00327
CX2_16,5,1089,0.76969,0.81482,0.04513,0.00187,0.00217,0.00286
CX2_16,5,1090,0.7693,0.81344,0.04414,0.00187,0.00237,0.00302
CX2_16,5,1091,0.7693,0.81562,0.04633,0.00187,0.00216,0.00285
CX2_16,5,1092,0.7693,0.81741,0.04811,0.00187,0.00119,0.00222
CX2_16,5,1094,0.76911,0.81103,0.04193,0.00187,0.00348,0.00395
CX2_16,5,1095,0.76829,0.81346,0.04518,0.00187,0.00222,0.0029
CX2_16,5,1096,0.76753,0.81313,0.0456,0.00187,0.00184,0.00262
CX2_16,5,1097,0.76753,0.81682,0.04929,0.00187,0.00133,0.00229
CX2_16,5,1098,0.76829,0.81968,0.05139,0.00187,0.00076,0.00202
CX2_16,5,1099,0.77137,0.8172,0.04583,0.00187,0.00193,0.00269
CX2_16,5,1100,0.77137,0.8155,0.04413,0.00187,0.00165,0.00249
CX2_16,5,1101,0.77153,0.81613,0.0446,0.00187,0.00201,0.00275
CX2_16,5,1102,0.77137,0.81427,0.0429,0.00187,0.00336,0.00385
CX2_16,5,1103,0.77106,0.83119,0.06013,0.00187,0.00079,0.00203
CX2_16,5,1104,0.77036,0.80444,0.03408,0.00187,0.0012,0.00222
CX2_16,5,1105,0.76869,0.80098,0.03229,0.00187,0.00299,0.00353
CX2_16,5,1106,0.7438,0.79971,0.05591,0.00187,0.00286,0.00342
CX2_16,5,1153,0.71851,0.83601,0.1175,0.00187,0.00396,0.00438
CX2_16,5,1254,0.68062,0.81071,0.13009,0.00187,0.01174,0.01189
CX2_16,5,1255,0.72675,0.82181,0.09506,0.00187,0.01293,0.01307
CX2_16,5,1256,0.73514,0.80141,0.06628,0.00187,0.01166,0.01181
CX2_16,5,1260,0.73052,0.80339,0.07287,0.00187,0.00902,0.00921
CX2_16,5,1261,0.73052,0.81287,0.08235,0.00187,0.00376,0.0042
CX2_16,5,1267,0.71996,0.80673,0.08677,0.00187,0.00448,0.00486
CX2_16,5,1269,0.7249,0.81073,0.08583,0.00187,0.00556,0.00587
CX2_16,5,1297,0.72929,0.80019,0.0709,0.00187,0.00192,0.00268
CX2_16,5,1298,0.7317,0.80086,0.06916,0.00187,0.00189,0.00266
CX2_16,5,1299,0.73266,0.80191,0.06925,0.00187,0.00058,0.00196
CX2_16,5,1300,0.73305,0.80346,0.07041,0.00187,0.00041,0.00191
CX2_16,5,1301,0.7348,0.80494,0.07014,0.00187,0.00026,0.00189
CX2_16,5,1302,0.73652,0.80664,0.07011,0.00187,0.00028,0.00189
CX2_16,5,1303,0.7382,0.80135,0.06314,0.00187,0.00033,0.0019
CX2_16,5,1333,0.7232,0.80054,0.07735,0.00187,0.00068,0.00199
CX2_16,5,1334,0.72761,0.80097,0.07337,0.00187,0.00077,0.00202
CX2_16,5,1335,0.72806,0.79927,0.0712,0.00187,0.00045,0.00192
CX2_16,5,1336,0.72904,0.80008,0.07104,0.00187,0.00135,0.0023
CX2_16,5,1337,0.72977,0.8034,0.07364,0.00187,0.00109,0.00216
CX2_16,5,1338,0.7299,0.80657,0.07668,0.00187,0.00104,0.00214
CX2_16,5,1339,0.73263,0.80809,0.07546,0.00187,0.00092,0.00208
CX2_16,5,1340,0.73616,0.80841,0.07224,0.00187,0.00069,0.00199
CX2_16,5,1440,0.68656,0.80033,0.11376,0.00187,0.00366,0.00411
CX2_16,5,1474,0.70778,0.7997,0.09192,0.00187,0.00043,0.00192
CX2_16,5,1475,0.71152,0.80107,0.08955,0.00187,0.00077,0.00202
CX2_16,5,1476,0.71373,0.80304,0.08931,0.00187,0.00183,0.00262
CX2_16,5,1510,0.69725,0.80208,0.10483,0.00187,0.00791,0.00813
CX2_16,5,1511,0.70407,0.80696,0.10289,0.00187,0.00354,0.00401
CX2_16,5,1512,0.70981,0.81097,0.10116,0.00187,0.00145,0.00237
CX2_16,5,1513,0.71593,0.81467,0.09874,0.00187,0.00205,0.00278
CX2_16,5,1514,0.71995,0.81777,0.09781,0.00187,0.00282,0.00338
CX2_16,5,1515,0.72488,0.82008,0.0952,0.00187,0.00168,0.00251
CX2_16,5,1516,0.72767,0.82192,0.09425,0.00187,0.00093,0.00209
CX2_16,5,1517,0.73044,0.82399,0.09355,0.00187,0.0011,0.00217
CX2_16,5,1518,0.73288,0.82594,0.09306,0.00187,0.00077,0.00202
CX2_16,5,1519,0.73616,0.82749,0.09133,0.00187,0.00057,0.00195
CX2_16,5,1520,0.73616,0.80118,0.06502,0.00187,0.00326,0.00376
CX2_16,5,1525,0.68507,0.80264,0.11757,0.00187,0.00877,0.00897
CX2_16,5,1545,0.69932,0.80161,0.10229,0.00187,0.00344,0.00392
CX2_16,5,1546,0.70067,0.80584,0.10518,0.00187,0.00324,0.00374
CX2_16,5,1547,0.70785,0.80653,0.09867,0.00187,0.00312,0.00363
CX2_16,5,1548,0.71021,0.80699,0.09678,0.00187,0.00089,0.00207
CX2_16,5,1549,0.71021,0.80659,0.09638,0.00187,0.00078,0.00202
CX2_16,5,1550,0.71035,0.80923,0.09888,0.00187,0.00146,0.00237
CX2_16,5,1551,0.71044,0.81464,0.10421,0.00187,0.0009,0.00207
CX2_16,5,1613,0.68676,0.80211,0.11536,0.00187,0.00503,0.00537
CX2_16,5,1614,0.69195,0.80489,0.11294,0.00187,0.00255,0.00316
CX2_16,5,1615,0.69576,0.80723,0.11147,0.00187,0.00339,0.00387
CX2_16,5,1616,0.69963,0.8092,0.10957,0.00187,0.00206,0.00278
CX2_16,5,1617,0.70273,0.81136,0.10863,0.00187,0.00089,0.00207
CX2_16,5,1618,0.70557,0.81299,0.10742,0.00187,0.00083,0.00205
CX2_16,5,1619,0.7082,0.81465,0.10645,0.00187,0.00062,0.00197
CX2_16,5,1620,0.70937,0.81676,0.10738,0.00187,0.00076,0.00202
CX2_16,5,1671,0.68257,0.79995,0.11739,0.00187,0.00284,0.0034
CX2_16,5,1672,0.68697,0.80306,0.11609,0.00187,0.00343,0.0039
CX2_16,5,1673,0.6908,0.80578,0.11498,0.00187,0.0032,0.0037
CX2_16,5,1674,0.6942,0.80797,0.11377,0.00187,0.00156,0.00243
CX2_16,5,1675,0.69764,0.81055,0.11291,0.00187,0.00089,0.00207
CX2_16,5,1676,0.70058,0.81187,0.11129,0.00187,0.00056,0.00195
CX2_16,5,1677,0.70355,0.81281,0.10926,0.00187,0.00037,0.00191
CX2_16,5,1678,0.70355,0.80022,0.09667,0.00187,0.00234,0.00299
CX2_3,5,2,0.98049,0.99086,0.01037,0.00691,,
CX2_3,5,3,0.97505,1.00342,0.02837,0.00691,,
CX2_3,5,5,0.97102,0.99087,0.01985,0.00691,0.03602,0.03668
CX2_3,5,7,0.96904,0.98749,0.01844,0.00691,0.00492,0.00849
CX2_3,5,8,0.95836,0.98515,0.02679,0.00691,0.00172,0.00713
CX2_3,5,10,0.95836,0.9884,0.03005,0.00691,0.00428,0.00813
CX2_3,5,12,0.95673,0.98262,0.02589,0.00691,0.02368,0.02467
CX2_3,5,14,0.95669,0.98215,0.02546,0.00691,0.02779,0.02863
CX2_3,5,16,1.02083,0.98576,0.03507,0.00691,0.015,0.01651
CX2_3,5,18,1.01161,0.98039,0.03121,0.00691,0.01262,0.01439
CX2_3,5,20,0.98502,0.97977,0.00525,0.00691,0.01954,0.02073
CX2_3,5,21,0.96118,0.98132,0.02014,0.00691,0.01408,0.01569
CX2_3,5,23,0.96118,1.00342,0.04224,0.00691,0.01775,0.01905
CX2_3,5,25,0.9769,0.99087,0.01397,0.00691,0.01557,0.01704
CX2_3,5,27,0.96011,0.98749,0.02738,0.00691,0.01241,0.0142
CX2_3,5,29,0.95859,0.98515,0.02656,0.00691,0.00843,0.0109
CX2_3,5,31,0.94234,0.9884,0.04606,0.00691,0.00663,0.00958
CX2_3,5,33,0.95669,0.98262,0.02593,0.00691,0.00703,0.00986
CX2_3,5,35,0.95669,0.98215,0.02546,0.00691,0.0213,0.0224
CX2_3,5,37,1.02083,0.98576,0.03507,0.00691,0.02069,0.02182
CX2_3,5,39,1.01161,0.98039,0.03121,0.00691,0.01262,0.01439
CX2_3,5,41,0.98502,0.97977,0.00525,0.00691,0.01954,0.02073
CX2_3,5,42,0.96118,0.98132,0.02014,0.00691,0.01408,0.01569
CX2_3,5,44,0.96118,0.98079,0.01962,0.00691,0.01433,0.01591
CX2_3,5,46,0.95229,0.98346,0.03117,0.00691,0.01239,0.01419
CX2_3,5,48,0.95229,0.9832,0.03091,0.00691,0.01201,0.01386
CX2_3,5,50,0.95128,0.98345,0.03217,0.00691,0.02847,0.0293
CX2_3,5,52,0.95123,0.98275,0.03152,0.00691,0.02113,0.02223
CX2_3,5,54,0.94938,0.98226,0.03288,0.00691,0.01794,0.01923
CX2_3,5,56,0.88567,0.98196,0.0963,0.00691,0.0269,0.02778
CX2_3,5,58,0.94439,0.98111,0.03672,0.00691,0.01791,0.0192
CX2_3,5,60,0.94696,0.97605,0.02909,0.00691,0.02537,0.02629
CX2_3,5,62,0.94723,0.97353,0.0263,0.00691,0.00352,0.00776
CX2_3,5,64,0.94696,0.97576,0.0288,0.00691,0.00605,0.00919
CX2_3,5,65,0.94425,0.97186,0.02761,0.00691,0.00764,0.0103
CX2_3,5,67,0.94425,0.97299,0.02873,0.00691,0.00833,0.01083
CX2_3,5,68,0.94425,0.96944,0.02519,0.00691,0.0038,0.00789
CX2_3,5,69,0.93861,0.97858,0.03997,0.00691,0.0038,0.00789
CX2_3,5,71,0.93232,0.96894,0.03662,0.00691,0.00389,0.00793
CX2_3,5,73,0.92475,0.96247,0.03772,0.00691,0.00667,0.00961
CX2_3,5,75,0.91444,0.96321,0.04877,0.00691,0.01504,0.01656
CX2_3,5,77,0.93299,0.96121,0.02822,0.00691,0.01228,0.01409
CX2_3,5,79,0.90257,0.96492,0.06235,0.00691,0.02174,0.02281
CX2_3,5,81,0.90257,0.95994,0.05737,0.00691,0.01775,0.01905
CX2_3,5,83,0.82677,0.96032,0.13355,0.00691,0.02592,0.02683
CX2_3,5,85,0.91108,0.95849,0.04741,0.00691,0.0245,0.02546
CX2_3,5,87,0.91431,0.95743,0.04312,0.00691,0.02504,0.02598
CX2_3,5,89,0.91963,0.96018,0.04055,0.00691,0.01796,0.01924
CX2_3,5,91,0.91646,0.96112,0.04466,0.00691,0.02158,0.02266
CX2_3,5,93,0.91646,0.96166,0.0452,0.00691,0.01714,0.01848
CX2_3,5,95,0.91859,0.96207,0.04348,0.00691,0.02288,0.0239
CX2_3,5,97,0.94839,0.96183,0.01345,0.00691,0.02687,0.02774
CX2_3,5,99,0.91979,0.96203,0.04224,0.00691,0.01082,0.01284
CX2_3,5,101,0.91979,0.96224,0.04245,0.00691,0.01582,0.01727
CX2_3,5,103,0.91897,0.95653,0.03755,0.00691,0.00994,0.01211
CX2_3,5,105,0.96603,0.95528,0.01075,0.00691,0.01789,0.01918
CX2_3,5,107,0.96176,0.95807,0.00369,0.00691,0.0155,0.01698
CX2_3,5,109,0.91195,0.9542,0.04226,0.00691,0.01542,0.0169
CX2_3,5,111,0.91195,0.95514,0.0432,0.00691,0.02435,0.02531
CX2_3,5,113,0.90232,0.95271,0.0504,0.00691,0.01966,0.02084
CX2_3,5,115,0.90691,0.95138,0.04447,0.00691,0.01159,0.01349
CX2_3,5,117,0.91299,0.9543,0.0413,0.00691,0.02738,0.02824
CX2_3,5,119,0.91286,0.95021,0.03735,0.00691,0.01102,0.01301
CX2_3,5,121,0.90084,0.94991,0.04907,0.00691,0.0065,0.00949
CX2_3,5,123,0.91286,0.95327,0.04041,0.00691,0.01442,0.01599
CX2_3,5,125,0.93779,0.94842,0.01062,0.00691,0.02525,0.02618
CX2_3,5,127,0.93779,0.94744,0.00964,0.00691,0.01187,0.01373
CX2_3,5,129,0.90306,0.95171,0.04866,0.00691,0.01617,0.01759
CX2_3,5,131,0.90306,0.95233,0.04927,0.00691,0.02148,0.02257
CX2_3,5,133,0.83085,0.95279,0.12195,0.00691,0.03064,0.03141
CX2_3,5,135,0.81611,0.95289,0.13678,0.00691,0.03062,0.03139
CX2_3,5,137,0.81611,0.95286,0.13675,0.00691,0.02738,0.02824
CX2_3,5,139,0.90498,0.95301,0.04804,0.00691,0.02936,0.03017
CX2_3,5,141,0.90544,0.94916,0.04372,0.00691,0.03189,0.03263
CX2_3,5,143,0.92599,0.94658,0.02059,0.00691,0.02194,0.02301
CX2_3,5,145,0.90585,0.94918,0.04332,0.00691,0.00896,0.01132
CX2_3,5,147,0.90585,0.94567,0.03982,0.00691,0.0178,0.0191
CX2_3,5,149,0.8963,0.94462,0.04832,0.00691,0.01869,0.01993
CX2_3,5,151,0.89842,0.94806,0.04963,0.00691,0.02089,0.022
CX2_3,5,153,0.89284,0.94356,0.05072,0.00691,0.01671,0.01808
CX2_3,5,155,0.89284,0.9432,0.05036,0.00691,0.01712,0.01847
CX2_3,5,157,0.89611,0.94684,0.05073,0.00691,0.0068,0.0097
CX2_3,5,159,0.91287,0.94269,0.02982,0.00691,0.00829,0.0108
CX2_3,5,161,0.91287,0.94193,0.02906,0.00691,0.0105,0.01258
CX2_3,5,163,0.8938,0.94485,0.05105,0.00691,0.01315,0.01485
CX2_3,5,165,0.8764,0.94116,0.06476,0.00691,0.01494,0.01647
CX2_3,5,167,0.8877,0.94094,0.05324,0.00691,0.01373,0.01537
CX2_3,5,169,0.89178,0.94435,0.05257,0.00691,0.02368,0.02467
CX2_3,5,171,0.89343,0.945,0.05156,0.00691,0.00635,0.00939
CX2_3,5,173,0.89467,0.94547,0.0508,0.00691,0.02051,0.02164
CX2_3,5,175,0.91029,0.94581,0.03552,0.00691,0.01396,0.01558
CX2_3,5,177,0.89574,0.94595,0.05021,0.00691,0.01711,0.01846
CX2_3,5,179,0.89593,0.94598,0.05005,0.00691,0.02193,0.023
CX2_3,5,181,0.89593,0.94084,0.04491,0.00691,0.0204,0.02154
CX2_3,5,183,0.98049,0.9396,0.04089,0.00691,0.02093,0.02204
CX2_3,5,185,0.89706,0.94317,0.04611,0.00691,0.00301,0.00754
CX2_3,5,186,0.89596,0.94316,0.0472,0.00691,0.01255,0.01433
CX2_3,5,188,0.89706,0.95414,0.05709,0.00691,0.02222,0.02327
CX2_3,5,190,0.91162,0.95649,0.04488,0.00691,0.01091,0.01291
CX2_3,5,191,0.91162,0.94994,0.03832,0.00691,0.00856,0.011
CX2_3,5,192,0.90279,0.94872,0.04593,0.00691,0.0162,0.01761
CX2_3,5,194,0.8933,0.94686,0.05356,0.00691,0.01019,0.01231
CX2_3,5,196,0.8933,0.94421,0.0509,0.00691,0.00277,0.00745
CX2_3,5,198,0.88976,0.94304,0.05328,0.00691,0.01674,0.01811
CX2_3,5,200,0.89309,0.94529,0.05221,0.00691,0.01934,0.02054
CX2_3,5,202,0.89309,0.94528,0.05219,0.00691,0.01847,0.01973
CX2_3,5,204,0.88912,0.94197,0.05285,0.00691,0.01483,0.01636
CX2_3,5,206,0.88912,0.94346,0.05435,0.00691,0.02889,0.0297
CX2_3,5,208,0.89193,0.94143,0.0495,0.00691,0.01572,0.01718
CX2_3,5,210,0.88829,0.94275,0.05446,0.00691,0.021,0.02211
CX2_3,5,212,0.88829,0.94377,0.05548,0.00691,0.02838,0.02921
CX2_3,5,214,0.73664,0.94131,0.20467,0.00691,0.02654,0.02742
CX2_3,5,216,0.89132,0.94126,0.04994,0.00691,0.01141,0.01334
CX2_3,5,218,0.89295,0.94258,0.04963,0.00691,0.03068,0.03145
CX2_3,5,220,0.94301,0.94051,0.0025,0.00691,0.0267,0.02758
CX2_3,5,222,0.94301,0.94002,0.00299,0.00691,0.01534,0.01683
CX2_3,5,224,0.96643,0.94108,0.02536,0.00691,0.02058,0.02171
CX2_3,5,226,0.88895,0.9396,0.05065,0.00691,0.01512,0.01663
CX2_3,5,228,0.89262,0.93992,0.04731,0.00691,0.02327,0.02427
CX2_3,5,230,0.89127,0.94111,0.04984,0.00691,0.02166,0.02274
CX2_3,5,232,0.89297,0.94137,0.0484,0.00691,0.02091,0.02202
CX2_3,5,234,0.89175,0.94178,0.05003,0.00691,0.00418,0.00808
CX2_3,5,236,0.89175,0.94194,0.05019,0.00691,0.00441,0.0082
CX2_3,5,238,0.88541,0.94186,0.05645,0.00691,0.00567,0.00894
CX2_3,5,240,0.87532,0.94176,0.06643,0.00691,0.01828,0.01954
CX2_3,5,242,0.89107,0.93839,0.04732,0.00691,0.00635,0.00939
CX2_3,5,244,0.89107,0.93825,0.04718,0.00691,0.02123,0.02232
CX2_3,5,246,0.95931,0.93927,0.02004,0.00691,0.03217,0.03291
CX2_3,5,248,0.89298,0.93709,0.04411,0.00691,0.01955,0.02074
CX2_3,5,250,0.89097,0.93766,0.04669,0.00691,0.04032,0.04091
CX2_3,5,252,0.75596,0.93868,0.18272,0.00691,0.04621,0.04672
CX2_3,5,254,0.73592,0.93684,0.20092,0.00691,0.04006,0.04066
CX2_3,5,256,0.88719,0.93682,0.04964,0.00691,0.03488,0.03556
CX2_3,5,258,0.88719,0.93814,0.05096,0.00691,0.04713,0.04764
CX2_3,5,260,0.88845,0.93597,0.04752,0.00691,0.00225,0.00727
CX2_3,5,262,0.88235,0.93536,0.05301,0.00691,0.00859,0.01103
CX2_3,5,264,0.87932,0.9365,0.05718,0.00691,0.00933,0.01161
CX2_3,5,266,0.87932,0.93491,0.05559,0.00691,0.01764,0.01894
CX2_3,5,268,0.88753,0.93507,0.04754,0.00691,0.01362,0.01528
CX2_3,5,270,0.85646,0.93631,0.07985,0.00691,0.02198,0.02304
CX2_3,5,272,0.85646,0.93667,0.08021,0.00691,0.0177,0.019
CX2_3,5,274,0.79818,0.93679,0.13861,0.00691,0.01905,0.02026
CX2_3,5,276,0.79818,0.93673,0.13855,0.00691,0.02073,0.02185
CX2_3,5,278,0.88706,0.93676,0.04969,0.00691,0.02483,0.02577
CX2_3,5,280,0.88706,0.93673,0.04966,0.00691,0.01919,0.0204
CX2_3,5,282,0.88798,0.93382,0.04584,0.00691,0.01991,0.02107
CX2_3,5,284,0.88769,0.93389,0.04619,0.00691,0.00253,0.00736
CX2_3,5,286,0.88738,0.93506,0.04768,0.00691,0.00584,0.00905
CX2_3,5,288,0.88853,0.93265,0.04411,0.00691,0.00398,0.00798
CX2_3,5,290,0.88853,0.93253,0.04399,0.00691,0.0188,0.02003
CX2_3,5,292,0.88643,0.93421,0.04778,0.00691,0.02952,0.03032
CX2_3,5,294,0.88643,0.93209,0.04565,0.00691,0.01748,0.0188
CX2_3,5,296,0.88772,0.93193,0.04421,0.00691,0.01452,0.01609
CX2_3,5,298,0.88591,0.93374,0.04783,0.00691,0.02772,0.02857
CX2_3,5,300,0.88436,0.93106,0.0467,0.00691,0.00542,0.00879
CX2_3,5,302,0.88223,0.92757,0.04534,0.00691,0.01251,0.01429
CX2_3,5,304,0.8849,0.93176,0.04686,0.00691,0.00272,0.00743
CX2_3,5,306,0.88601,0.927,0.04099,0.00691,0.00795,0.01054
CX2_3,5,308,0.89917,0.92631,0.02714,0.00691,0.00544,0.0088
CX2_3,5,310,0.88257,0.93013,0.04756,0.00691,0.01475,0.01629
CX2_3,5,312,0.88197,0.93095,0.04898,0.00691,0.00701,0.00984
CX2_3,5,314,0.88197,0.93158,0.04962,0.00691,0.01417,0.01577
CX2_3,5,316,0.94881,0.93116,0.01765,0.00691,0.01667,0.01805
CX2_3,5,318,0.94881,0.93111,0.0177,0.00691,0.02342,0.02442
CX2_3,5,320,0.94881,0.93125,0.01756,0.00691,0.02345,0.02445
CX2_3,5,322,0.88119,0.92703,0.04584,0.00691,0.03182,0.03257
CX2_3,5,324,0.87928,0.92549,0.04621,0.00691,0.03105,0.03181
CX2_3,5,326,0.88379,0.92807,0.04428,0.00691,0.02859,0.02942
CX2_3,5,328,0.88379,0.92468,0.04089,0.00691,0.02117,0.02227
CX2_3,5,330,0.87816,0.9223,0.04414,0.00691,0.02851,0.02934
CX2_3,5,332,0.87326,0.92056,0.0473,0.00691,0.01755,0.01886
CX2_3,5,334,0.90393,0.92426,0.02033,0.00691,0.01092,0.01293
CX2_3,5,336,0.87061,0.92083,0.05022,0.00691,0.01169,0.01358
CX2_3,5,338,0.88824,0.9204,0.03215,0.00691,0.01123,0.01319
CX2_3,5,340,0.88824,0.92308,0.03483,0.00691,0.01253,0.01431
CX2_3,5,342,0.91066,0.91976,0.00911,0.00691,0.0218,0.02287
CX2_3,5,344,0.91066,0.92028,0.00962,0.00691,0.02155,0.02263
CX2_3,5,346,0.87669,0.91968,0.043,0.00691,0.0163,0.0177
CX2_3,5,348,0.87076,0.92006,0.0493,0.00691,0.01416,0.01576
CX2_3,5,350,0.87316,0.92138,0.04821,0.00691,0.01761,0.01892
CX2_3,5,352,0.91556,0.92011,0.00455,0.00691,0.01374,0.01538
CX2_3,5,354,0.90221,0.91996,0.01775,0.00691,0.01319,0.01489
CX2_3,5,356,0.90221,0.9212,0.01899,0.00691,0.01272,0.01447
CX2_3,5,358,0.90221,0.9218,0.01959,0.00691,0.01206,0.0139
CX2_3,5,360,0.91043,0.92187,0.01144,0.00691,0.01308,0.0148
CX2_3,5,362,0.91043,0.92257,0.01213,0.00691,0.01414,0.01574
CX2_3,5,364,0.94576,0.92258,0.02317,0.00691,0.01753,0.01885
CX2_3,5,366,0.91076,0.92199,0.01124,0.00691,0.01299,0.01472
CX2_3,5,368,0.8722,0.92189,0.04968,0.00691,0.01653,0.01792
CX2_3,5,370,0.87137,0.91827,0.0469,0.00691,0.01992,0.02108
CX2_3,5,372,0.86901,0.91802,0.04901,0.00691,0.01609,0.01751
CX2_3,5,374,0.86901,0.92019,0.05118,0.00691,0.01573,0.01718
CX2_3,5,376,0.87014,0.9173,0.04716,0.00691,0.0138,0.01543
CX2_3,5,378,0.79753,0.91673,0.11921,0.00691,0.02119,0.02229
CX2_3,5,380,0.86836,0.91918,0.05082,0.00691,0.02606,0.02696
CX2_3,5,381,0.86943,0.91652,0.04709,0.00691,0.025,0.02594
CX2_3,5,383,0.87211,0.92396,0.05184,0.00691,0.02646,0.02735
CX2_3,5,385,0.88334,0.92594,0.04261,0.00691,0.01711,0.01846
CX2_3,5,387,0.88334,0.92611,0.04277,0.00691,0.035,0.03567
CX2_3,5,389,0.98565,0.92515,0.0605,0.00691,0.02903,0.02984
CX2_3,5,391,0.98565,0.92451,0.06114,0.00691,0.03326,0.03398
CX2_3,5,393,0.95639,0.92411,0.03228,0.00691,0.02499,0.02593
CX2_3,5,395,0.87452,0.92376,0.04924,0.00691,0.03983,0.04043
CX2_3,5,397,0.87349,0.92354,0.05005,0.00691,0.03796,0.03858
CX2_3,5,399,0.87148,0.91763,0.04614,0.00691,0.02535,0.02628
CX2_3,5,401,0.87148,0.91546,0.04397,0.00691,0.02227,0.02332
CX2_3,5,403,0.8747,0.91841,0.04371,0.00691,0.02992,0.03071
CX2_3,5,405,0.8747,0.91556,0.04086,0.00691,0.01924,0.02044
CX2_3,5,407,0.87209,0.91617,0.04408,0.00691,0.02546,0.02639
CX2_3,5,409,0.86612,0.91742,0.0513,0.00691,0.03162,0.03236
CX2_3,5,411,0.86461,0.91539,0.05078,0.00691,0.02206,0.02312
CX2_3,5,413,0.85997,0.91541,0.05544,0.00691,0.02838,0.02921
CX2_3,5,415,0.86525,0.9165,0.05125,0.00691,0.02574,0.02666
CX2_3,5,417,0.86329,0.91405,0.05076,0.00691,0.00747,0.01018
CX2_3,5,419,0.86321,0.9138,0.05059,0.00691,0.01337,0.01506
CX2_3,5,421,0.86321,0.91616,0.05295,0.00691,0.01363,0.01528
CX2_3,5,423,0.86467,0.91474,0.05007,0.00691,0.01215,0.01398
CX2_3,5,425,0.86467,0.915,0.05033,0.00691,0.01232,0.01413
CX2_3,5,427,0.86529,0.91654,0.05125,0.00691,0.01323,0.01493
CX2_3,5,429,0.86529,0.91686,0.05156,0.00691,0.01408,0.01569
CX2_3,5,431,0.86692,0.9173,0.05039,0.00691,0.02787,0.02871
CX2_3,5,433,0.86614,0.91741,0.05127,0.00691,0.02267,0.0237
CX2_3,5,435,0.86649,0.91735,0.05086,0.00691,0.00836,0.01085
CX2_3,5,437,0.86665,0.91761,0.05096,0.00691,0.0072,0.00998
CX2_3,5,439,0.88785,0.91699,0.02914,0.00691,0.01452,0.01609
CX2_3,5,441,0.88785,0.91432,0.02646,0.00691,0.0109,0.01291
CX2_3,5,443,0.9224,0.90974,0.01266,0.00691,0.01517,0.01667
CX2_3,5,445,0.87426,0.91358,0.03932,0.00691,0.01924,0.02044
CX2_3,5,447,0.8606,0.90715,0.04655,0.00691,0.02359,0.02458
CX2_3,5,449,0.78238,0.90689,0.12451,0.00691,0.02855,0.02937
CX2_3,5,451,0.83856,0.90963,0.07107,0.00691,0.01701,0.01837
CX2_3,5,453,0.83856,0.90528,0.06672,0.00691,0.02203,0.02309
CX2_3,5,455,0.83856,0.90546,0.0669,0.00691,0.02081,0.02193
CX2_3,5,457,0.77911,0.9069,0.12779,0.00691,0.02495,0.02589
CX2_3,5,459,0.76834,0.90338,0.13504,0.00691,0.0188,0.02003
CX2_3,5,461,0.74348,0.90192,0.15844,0.00691,0.03022,0.031
CX2_3,5,463,0.81176,0.90088,0.08912,0.00691,0.01578,0.01723
CX2_3,5,465,0.85311,0.90364,0.05053,0.00691,0.02657,0.02746
CX2_3,5,467,0.85311,0.9041,0.05098,0.00691,0.01219,0.01402
CX2_3,5,469,0.84996,0.90444,0.05447,0.00691,0.00371,0.00785
CX2_3,5,471,0.84688,0.90458,0.0577,0.00691,0.01862,0.01986
CX2_3,5,473,0.84688,0.9042,0.05731,0.00691,0.02555,0.02647
CX2_3,5,475,0.83082,0.90378,0.07297,0.00691,0.00639,0.00942
CX2_3,5,477,0.83116,0.90392,0.07276,0.00691,0.00297,0.00752
CX2_3,5,479,0.83116,0.90364,0.07248,0.00691,0.01515,0.01666
CX2_3,5,481,0.83116,0.90332,0.07216,0.00691,0.00694,0.0098
CX2_3,5,483,0.84936,0.90453,0.05517,0.00691,0.00927,0.01157
CX2_3,5,485,0.85203,0.90325,0.05122,0.00691,0.00983,0.01202
CX2_3,5,487,0.85203,0.90336,0.05133,0.00691,0.03177,0.03252
CX2_3,5,489,0.84797,0.90463,0.05666,0.00691,0.00564,0.00892
CX2_3,5,491,0.85946,0.90049,0.04103,0.00691,0.00847,0.01094
CX2_3,5,493,0.85946,0.89977,0.04031,0.00691,0.02899,0.0298
CX2_3,5,495,0.8577,0.90029,0.04259,0.00691,0.03269,0.03341
CX2_3,5,497,0.85871,0.89916,0.04045,0.00691,0.02074,0.02186
CX2_3,5,499,0.85692,0.89712,0.0402,0.00691,0.01285,0.0146
CX2_3,5,501,0.84991,0.89756,0.04765,0.00691,0.03898,0.03959
CX2_3,5,503,0.84607,0.8963,0.05023,0.00691,0.03162,0.03237
CX2_3,5,505,0.84661,0.89579,0.04918,0.00691,0.00559,0.00889
CX2_3,5,507,0.84236,0.89606,0.0537,0.00691,0.00888,0.01125
CX2_3,5,509,0.83788,0.89562,0.05774,0.00691,0.01136,0.0133
CX2_3,5,511,0.80218,0.89521,0.09303,0.00691,0.00907,0.0114
CX2_3,5,513,0.80218,0.89485,0.09268,0.00691,0.01018,0.0123
CX2_3,5,515,0.83686,0.89437,0.05751,0.00691,0.01735,0.01868
CX2_3,5,517,0.83726,0.8952,0.05795,0.00691,0.01708,0.01842
CX2_3,5,519,0.84273,0.8971,0.05437,0.00691,0.00739,0.01012
CX2_3,5,521,0.84031,0.89407,0.05376,0.00691,0.00458,0.0083
CX2_3,5,522,0.84273,0.89371,0.05098,0.00691,0.00589,0.00908
CX2_3,5,524,0.84278,0.89626,0.05348,0.00691,0.00914,0.01146
CX2_3,5,526,0.8463,0.89467,0.04838,0.00691,0.01515,0.01666
CX2_3,5,528,0.8667,0.89328,0.02657,0.00691,0.01094,0.01294
CX2_3,5,530,0.84423,0.89392,0.04968,0.00691,0.00876,0.01116
CX2_3,5,532,0.84106,0.89244,0.05139,0.00691,0.01157,0.01348
CX2_3,5,534,0.84106,0.89178,0.05072,0.00691,0.02651,0.0274
CX2_3,5,536,0.86852,0.89239,0.02387,0.00691,0.02478,0.02572
CX2_3,5,538,0.86422,0.89071,0.02648,0.00691,0.00927,0.01157
CX2_3,5,540,0.86422,0.88994,0.02571,0.00691,0.02487,0.02581
CX2_3,5,542,0.86422,0.89038,0.02616,0.00691,0.01429,0.01587
CX2_3,5,544,0.84358,0.89353,0.04995,0.00691,0.00864,0.01106
CX2_3,5,546,0.84056,0.89379,0.05323,0.00691,0.01086,0.01288
CX2_3,5,548,0.81168,0.894,0.08232,0.00691,0.0207,0.02183
CX2_3,5,550,0.84139,0.89396,0.05257,0.00691,0.01605,0.01748
CX2_3,5,552,0.84189,0.89243,0.05054,0.00691,0.00999,0.01215
CX2_3,5,554,0.86049,0.88972,0.02923,0.00691,0.01433,0.01591
CX2_3,5,556,0.86049,0.8881,0.02761,0.00691,0.01169,0.01358
CX2_3,5,558,0.86049,0.8879,0.02741,0.00691,0.00918,0.01149
CX2_3,5,560,0.86122,0.88897,0.02776,0.00691,0.00729,0.01005
CX2_3,5,562,0.86749,0.88688,0.0194,0.00691,0.0081,0.01065
CX2_3,5,564,0.83754,0.88791,0.05036,0.00691,0.01149,0.01341
CX2_3,5,566,0.83151,0.88819,0.05668,0.00691,0.00933,0.01161
CX2_3,5,568,0.83043,0.88683,0.05641,0.00691,0.00679,0.00969
CX2_3,5,570,0.84965,0.88623,0.03658,0.00691,0.00925,0.01155
CX2_3,5,571,0.82957,0.88563,0.05605,0.00691,0.00637,0.0094
CX2_3,5,573,0.84153,0.89526,0.05373,0.00691,0.01286,0.01461
CX2_3,5,575,0.8411,0.89644,0.05534,0.00691,0.01395,0.01557
CX2_3,5,577,0.8411,0.89545,0.05435,0.00691,0.01581,0.01726
CX2_3,5,579,0.83788,0.89587,0.05799,0.00691,0.0126,0.01437
CX2_3,5,581,0.83613,0.89378,0.05765,0.00691,0.0199,0.02107
CX2_3,5,583,0.77778,0.89237,0.11459,0.00691,0.01934,0.02054
CX2_3,5,585,0.78018,0.89346,0.11328,0.00691,0.0189,0.02012
CX2_3,5,587,0.78234,0.89023,0.10789,0.00691,0.01598,0.01741
CX2_3,5,589,0.83061,0.88892,0.05831,0.00691,0.02114,0.02225
CX2_3,5,591,0.83061,0.88889,0.05828,0.00691,0.01924,0.02044
CX2_3,5,593,0.83248,0.88741,0.05493,0.00691,0.00915,0.01147
CX2_3,5,595,0.82898,0.88643,0.05745,0.00691,0.02742,0.02828
CX2_3,5,597,0.82838,0.88752,0.05913,0.00691,0.01397,0.01558
CX2_3,5,599,0.76611,0.88588,0.11976,0.00691,0.0157,0.01716
CX2_3,5,601,0.76611,0.88515,0.11904,0.00691,0.02273,0.02375
CX2_3,5,603,0.67397,0.88451,0.21053,0.00691,0.02732,0.02818
CX2_3,5,605,0.67397,0.88385,0.20988,0.00691,0.03901,0.03962
CX2_3,5,607,0.82088,0.88315,0.06227,0.00691,0.02039,0.02153
CX2_3,5,609,0.82088,0.88365,0.06277,0.00691,0.02228,0.02333
CX2_3,5,611,0.8222,0.88232,0.06012,0.00691,0.02111,0.02221
CX2_3,5,613,0.82064,0.88217,0.06154,0.00691,0.00683,0.00972
CX2_3,5,615,0.82497,0.88408,0.05911,0.00691,0.00536,0.00875
CX2_3,5,617,0.82051,0.88211,0.06161,0.00691,0.01483,0.01637
CX2_3,5,619,0.82051,0.8814,0.06089,0.00691,0.03014,0.03093
CX2_3,5,621,0.76196,0.88135,0.11939,0.00691,0.02224,0.02329
CX2_3,5,623,0.76196,0.88033,0.11836,0.00691,0.01899,0.02021
CX2_3,5,624,0.82012,0.88015,0.06003,0.00691,0.02061,0.02174
CX2_3,5,626,0.82353,0.88076,0.05723,0.00691,0.02663,0.02751
CX2_3,5,628,0.82353,0.88057,0.05704,0.00691,0.02023,0.02138
CX2_3,5,630,0.8227,0.87985,0.05715,0.00691,0.02703,0.0279
CX2_3,5,632,0.72926,0.8801,0.15084,0.00691,0.0244,0.02536
CX2_3,5,634,0.82075,0.87882,0.05807,0.00691,0.01461,0.01617
CX2_3,5,636,0.81911,0.87794,0.05882,0.00691,0.01791,0.0192
CX2_3,5,638,0.81867,0.87758,0.0589,0.00691,0.0247,0.02565
CX2_3,5,640,0.7139,0.87729,0.16339,0.00691,0.03261,0.03334
CX2_3,5,642,0.73202,0.8768,0.14478,0.00691,0.02696,0.02783
CX2_3,5,644,0.81856,0.87757,0.05902,0.00691,0.02076,0.02189
CX2_3,5,646,0.81862,0.87747,0.05885,0.00691,0.02245,0.02349
CX2_3,5,648,0.81862,0.87733,0.05871,0.00691,0.02158,0.02266
CX2_3,5,650,0.74645,0.87814,0.13169,0.00691,0.03649,0.03714
CX2_3,5,652,0.67731,0.87682,0.19952,0.00691,0.02458,0.02554
CX2_3,5,654,0.67731,0.87547,0.19817,0.00691,0.03644,0.03709
CX2_3,5,656,0.76451,0.87631,0.1118,0.00691,0.02355,0.02454
CX2_3,5,658,0.81779,0.87477,0.05698,0.00691,0.02642,0.02731
CX2_3,5,660,0.81779,0.8742,0.05641,0.00691,0.00164,0.00711
CX2_3,5,662,0.81779,0.87586,0.05807,0.00691,0.00804,0.01061
CX2_3,5,664,0.79704,0.87489,0.07785,0.00691,0.01495,0.01648
CX2_3,5,666,0.81674,0.87483,0.0581,0.00691,0.0095,0.01175
CX2_3,5,667,0.81974,0.87644,0.05669,0.00691,0.01507,0.01658
CX2_3,5,669,0.81974,0.87546,0.05572,0.00691,0.00839,0.01087
CX2_3,5,671,0.8186,0.87509,0.05648,0.00691,0.01161,0.01351
CX2_3,5,673,0.76015,0.87611,0.11596,0.00691,0.01783,0.01912
CX2_3,5,675,0.76015,0.8745,0.11435,0.00691,0.02382,0.02481
CX2_3,5,677,0.76519,0.87391,0.10872,0.00691,0.01537,0.01686
CX2_3,5,679,0.76519,0.87364,0.10845,0.00691,0.02754,0.0284
CX2_3,5,681,0.8166,0.87215,0.05554,0.00691,0.0339,0.03459
CX2_3,5,683,0.81678,0.87161,0.05483,0.00691,0.0303,0.03108
CX2_3,5,685,0.93222,0.87235,0.05987,0.00691,0.02812,0.02896
CX2_3,5,687,0.93222,0.87142,0.0608,0.00691,0.0302,0.03098
CX2_3,5,688,0.81647,0.87139,0.05492,0.00691,0.03958,0.04018
CX2_3,5,690,0.81647,0.87327,0.05681,0.00691,0.03654,0.03719
CX2_3,5,692,0.81647,0.87198,0.05551,0.00691,0.03854,0.03916
CX2_3,5,694,0.8165,0.87171,0.05522,0.00691,0.03822,0.03884
CX2_3,5,696,0.81614,0.87291,0.05678,0.00691,0.04244,0.043
CX2_3,5,698,0.76856,0.87166,0.1031,0.00691,0.0337,0.0344
CX2_3,5,700,0.76856,0.87102,0.10246,0.00691,0.04239,0.04295
CX2_3,5,701,0.8119,0.87262,0.06072,0.00691,0.03852,0.03913
CX2_3,5,703,0.80552,0.87195,0.06642,0.00691,0.01728,0.01861
CX2_3,5,705,0.80896,0.87196,0.063,0.00691,0.01963,0.02081
CX2_3,5,707,0.80896,0.87169,0.06273,0.00691,0.01752,0.01883
CX2_3,5,709,0.80953,0.87202,0.06249,0.00691,0.02832,0.02916
CX2_3,5,711,0.77772,0.87038,0.09266,0.00691,0.00893,0.01129
CX2_3,5,713,0.80616,0.87021,0.06405,0.00691,0.00904,0.01138
CX2_3,5,715,0.80767,0.87023,0.06257,0.00691,0.00964,0.01186
CX2_3,5,717,0.80557,0.86974,0.06417,0.00691,0.00922,0.01152
CX2_3,5,719,0.80511,0.87011,0.06501,0.00691,0.01408,0.01568
CX2_3,5,721,0.76248,0.86948,0.10699,0.00691,0.00847,0.01093
CX2_3,5,723,0.75069,0.86733,0.11665,0.00691,0.01463,0.01618
CX2_3,5,725,0.80189,0.86734,0.06545,0.00691,0.01521,0.01671
CX2_3,5,727,0.80333,0.86693,0.0636,0.00691,0.01359,0.01525
CX2_3,5,729,0.80066,0.86505,0.06439,0.00691,0.02766,0.02851
CX2_3,5,731,0.75532,0.86679,0.11147,0.00691,0.01798,0.01927
CX2_3,5,733,0.75532,0.86594,0.11063,0.00691,0.01821,0.01948
CX2_3,5,735,0.75532,0.86411,0.1088,0.00691,0.02546,0.02638
CX2_3,5,737,0.64861,0.86447,0.21586,0.00691,0.03936,0.03997
CX2_3,5,739,0.66636,0.86341,0.19705,0.00691,0.03466,0.03534
CX2_3,5,741,0.7289,0.86264,0.13373,0.00691,0.02373,0.02471
CX2_3,5,743,0.79753,0.86328,0.06575,0.00691,0.03282,0.03354
CX2_3,5,745,0.79777,0.8634,0.06563,0.00691,0.00989,0.01207
CX2_3,5,747,0.79777,0.86229,0.06452,0.00691,0.02417,0.02514
CX2_3,5,749,0.79776,0.8627,0.06494,0.00691,0.01743,0.01875
CX2_3,5,751,0.79816,0.86274,0.06457,0.00691,0.0363,0.03696
CX2_3,5,753,0.79818,0.86245,0.06426,0.00691,0.03963,0.04023
CX2_3,5,755,0.79818,0.8625,0.06432,0.00691,0.05023,0.0507
CX2_3,5,757,0.60796,0.86209,0.25413,0.00691,0.05287,0.05332
CX2_3,5,759,0.72537,0.86053,0.13516,0.00691,0.03788,0.03851
CX2_3,5,761,0.74242,0.86422,0.1218,0.00691,0.03046,0.03124
CX2_3,5,763,0.74242,0.86298,0.12056,0.00691,0.02142,0.02251
CX2_3,5,765,0.79644,0.86129,0.06485,0.00691,0.02241,0.02345
CX2_3,5,767,0.80099,0.86301,0.06202,0.00691,0.01802,0.0193
CX2_3,5,769,0.80099,0.862,0.06101,0.00691,0.01689,0.01825
CX2_3,5,771,0.79864,0.86153,0.06289,0.00691,0.03901,0.03962
CX2_3,5,773,0.80067,0.86251,0.06184,0.00691,0.01081,0.01283
CX2_3,5,775,0.80067,0.86136,0.06069,0.00691,0.03589,0.03655
CX2_3,5,777,0.79763,0.86032,0.06268,0.00691,0.03379,0.03449
CX2_3,5,779,0.63755,0.86094,0.22339,0.00691,0.03775,0.03838
CX2_3,5,780,0.79652,0.85912,0.0626,0.00691,0.0455,0.04603
CX2_3,5,782,0.79361,0.85705,0.06344,0.00691,0.03299,0.03371
CX2_3,5,784,0.79361,0.85777,0.06416,0.00691,0.04038,0.04097
CX2_3,5,786,0.75459,0.85772,0.10313,0.00691,0.03405,0.03475
CX2_3,5,788,0.75459,0.85647,0.10188,0.00691,0.02909,0.0299
CX2_3,5,790,0.75459,0.85683,0.10224,0.00691,0.01863,0.01987
CX2_3,5,792,0.79182,0.85648,0.06466,0.00691,0.0165,0.01789
CX2_3,5,793,0.79182,0.85463,0.06281,0.00691,0.01565,0.01711
CX2_3,5,795,0.79182,0.85676,0.06494,0.00691,0.0157,0.01716
CX2_3,5,797,0.78859,0.85583,0.06725,0.00691,0.01321,0.01491
CX2_3,5,798,0.78885,0.85402,0.06517,0.00691,0.00213,0.00724
CX2_3,5,800,0.78885,0.85621,0.06735,0.00691,0.02419,0.02516
CX2_3,5,802,0.78885,0.85554,0.06669,0.00691,0.01872,0.01995
CX2_3,5,804,0.67326,0.85499,0.18173,0.00691,0.03011,0.0309
CX2_3,5,806,0.79204,0.85631,0.06427,0.00691,0.00885,0.01123
CX2_3,5,808,0.79279,0.85524,0.06245,0.00691,0.00374,0.00786
CX2_3,5,809,0.793,0.85468,0.06169,0.00691,0.02494,0.02588
CX2_3,5,811,0.79279,0.85542,0.06263,0.00691,0.00414,0.00806
CX2_3,5,813,0.793,0.85459,0.06159,0.00691,0.01409,0.01569
CX2_3,5,815,0.71796,0.8539,0.13594,0.00691,0.0159,0.01734
CX2_3,5,817,0.79255,0.8552,0.06266,0.00691,0.02695,0.02783
CX2_3,5,819,0.79426,0.85601,0.06175,0.00691,0.02893,0.02974
CX2_3,5,820,0.79487,0.85452,0.05964,0.00691,0.02723,0.0281
CX2_3,5,822,0.79411,0.85391,0.05981,0.00691,0.0138,0.01544
CX2_3,5,824,0.79385,0.8538,0.05996,0.00691,0.00799,0.01057
CX2_3,5,826,0.78865,0.85264,0.06399,0.00691,0.00273,0.00743
CX2_3,5,828,0.79439,0.85194,0.05755,0.00691,0.00497,0.00852
CX2_3,5,829,0.79439,0.85234,0.05795,0.00691,0.00893,0.01129
CX2_3,5,830,0.79439,0.85238,0.058,0.00691,0.01305,0.01477
CX2_3,5,832,0.79498,0.85794,0.06295,0.00691,0.00482,0.00843
CX2_3,5,834,0.79469,0.85381,0.05912,0.00691,0.00174,0.00713
CX2_3,5,836,0.7952,0.85261,0.05742,0.00691,0.00461,0.00831
CX2_3,5,838,0.7952,0.85348,0.05828,0.00691,0.01655,0.01794
CX2_3,5,840,0.79418,0.85279,0.05861,0.00691,0.01458,0.01614
CX2_3,5,842,0.79376,0.85189,0.05814,0.00691,0.02055,0.02168
CX2_3,5,844,0.79301,0.85133,0.05831,0.00691,0.00252,0.00736
CX2_3,5,846,0.79184,0.85122,0.05939,0.00691,0.00555,0.00887
CX2_3,5,848,0.78833,0.84905,0.06073,0.00691,0.00964,0.01187
CX2_3,5,850,0.78833,0.8503,0.06197,0.00691,0.01402,0.01563
CX2_3,5,852,0.79164,0.85053,0.05889,0.00691,0.00784,0.01045
CX2_3,5,854,0.79164,0.84913,0.05748,0.00691,0.00416,0.00807
CX2_3,5,856,0.80031,0.8485,0.04819,0.00691,0.01751,0.01882
CX2_3,5,858,0.80031,0.84901,0.0487,0.00691,0.01003,0.01218
CX2_3,5,860,0.79062,0.84732,0.05669,0.00691,0.00885,0.01123
CX2_3,5,862,0.78767,0.84679,0.05912,0.00691,0.02064,0.02177
CX2_3,5,864,0.78735,0.84833,0.06098,0.00691,0.02596,0.02687
CX2_3,5,866,0.78636,0.84668,0.06032,0.00691,0.00192,0.00718
CX2_3,5,868,0.78564,0.84635,0.06071,0.00691,0.00933,0.01161
CX2_3,5,870,0.78536,0.84679,0.06143,0.00691,0.00362,0.0078
CX2_3,5,872,0.78322,0.84493,0.06171,0.00691,0.01303,0.01475
CX2_3,5,873,0.78536,0.84555,0.06019,0.00691,0.00885,0.01123
CX2_3,5,875,0.78486,0.84641,0.06155,0.00691,0.00083,0.00696
CX2_3,5,877,0.78486,0.84455,0.05969,0.00691,0.00406,0.00802
CX2_3,5,879,0.78873,0.845,0.05627,0.00691,0.01379,0.01542
CX2_3,5,881,0.78873,0.84637,0.05764,0.00691,0.01728,0.01861
CX2_3,5,883,0.78449,0.84434,0.05985,0.00691,0.01816,0.01944
CX2_3,5,884,0.78449,0.8449,0.06041,0.00691,0.01482,0.01635
CX2_3,5,886,0.7847,0.84544,0.06074,0.00691,0.00609,0.00922
CX2_3,5,888,0.7856,0.84416,0.05855,0.00691,0.0153,0.01679
CX2_3,5,889,0.7856,0.84442,0.05881,0.00691,0.00088,0.00697
CX2_3,5,891,0.78752,0.8465,0.05898,0.00691,0.01234,0.01414
CX2_3,5,893,0.78752,0.84558,0.05806,0.00691,0.0212,0.0223
CX2_3,5,895,0.78756,0.84497,0.05741,0.00691,0.01232,0.01412
CX2_3,5,897,0.78756,0.84592,0.05835,0.00691,0.01309,0.01481
CX2_3,5,899,0.79076,0.84709,0.05633,0.00691,0.00376,0.00787
CX2_3,5,901,0.79076,0.8464,0.05564,0.00691,0.01633,0.01774
CX2_3,5,903,0.7917,0.84698,0.05528,0.00691,0.01195,0.01381
CX2_3,5,905,0.7917,0.84679,0.05509,0.00691,0.00615,0.00925
CX2_3,5,907,0.78991,0.84489,0.05498,0.00691,0.01059,0.01265
CX2_3,5,909,0.80221,0.84505,0.04284,0.00691,0.01595,0.01738
CX2_3,5,911,0.80221,0.84485,0.04265,0.00691,0.02407,0.02505
CX2_3,5,913,0.78966,0.84316,0.0535,0.00691,0.00585,0.00906
CX2_3,5,915,0.78726,0.84274,0.05549,0.00691,0.01121,0.01317
CX2_3,5,917,0.78695,0.84338,0.05643,0.00691,0.02072,0.02185
CX2_3,5,919,0.78695,0.8432,0.05625,0.00691,0.00254,0.00737
CX2_3,5,921,0.78604,0.84234,0.0563,0.00691,0.00493,0.00849
CX2_3,5,923,0.78604,0.84201,0.05598,0.00691,0.00505,0.00856
CX2_3,5,925,0.78428,0.84182,0.05754,0.00691,0.00478,0.00841
CX2_3,5,927,0.78636,0.84201,0.05565,0.00691,0.00522,0.00867
CX2_3,5,929,0.78766,0.84337,0.05571,0.00691,0.00822,0.01074
CX2_3,5,931,0.79714,0.84262,0.04548,0.00691,0.00373,0.00786
CX2_3,5,933,0.7878,0.84171,0.05391,0.00691,0.00277,0.00745
CX2_3,5,935,0.7884,0.84273,0.05433,0.00691,0.00664,0.00959
CX2_3,5,937,0.78544,0.84136,0.05592,0.00691,0.00762,0.01029
CX2_3,5,939,0.7863,0.84077,0.05447,0.00691,0.00386,0.00792
CX2_3,5,941,0.7863,0.84142,0.05512,0.00691,0.01248,0.01427
CX2_3,5,943,0.78387,0.8397,0.05583,0.00691,0.01239,0.01419
CX2_3,5,945,0.72563,0.83893,0.1133,0.00691,0.0131,0.01481
CX2_3,5,946,0.78279,0.84018,0.0574,0.00691,0.01106,0.01304
CX2_3,5,947,0.78279,0.84114,0.05836,0.00691,0.00479,0.00841
CX2_3,5,949,0.7848,0.84445,0.05965,0.00691,0.01518,0.01668
CX2_3,5,951,0.79121,0.84396,0.05275,0.00691,0.00917,0.01148
CX2_3,5,953,0.79049,0.84311,0.05262,0.00691,0.00516,0.00863
CX2_3,5,955,0.79189,0.84478,0.05288,0.00691,0.00434,0.00816
CX2_3,5,957,0.79136,0.84385,0.05249,0.00691,0.00794,0.01053
CX2_3,5,959,0.79136,0.84235,0.05099,0.00691,0.00622,0.0093
CX2_3,5,961,0.7914,0.84257,0.05117,0.00691,0.01009,0.01223
CX2_3,5,963,0.8148,0.84245,0.02765,0.00691,0.00866,0.01108
CX2_3,5,965,0.78929,0.8407,0.05141,0.00691,0.00922,0.01152
CX2_3,5,967,0.78929,0.841,0.05171,0.00691,0.01059,0.01265
CX2_3,5,969,0.78626,0.84082,0.05457,0.00691,0.01633,0.01773
CX2_3,5,971,0.78626,0.83896,0.0527,0.00691,0.02599,0.0269
CX2_3,5,973,0.64636,0.83845,0.19209,0.00691,0.03429,0.03498
CX2_3,5,975,0.78505,0.83865,0.0536,0.00691,0.01086,0.01288
CX2_3,5,977,0.78577,0.83884,0.05306,0.00691,0.01983,0.021
CX2_3,5,979,0.79613,0.83812,0.04199,0.00691,0.01236,0.01416
CX2_3,5,981,0.79788,0.83869,0.0408,0.00691,0.01041,0.0125
CX2_3,5,983,0.79932,0.83815,0.03882,0.00691,0.00372,0.00785
CX2_3,5,985,0.79932,0.8384,0.03908,0.00691,0.00544,0.0088
CX2_3,5,987,0.78737,0.83915,0.05178,0.00691,0.00436,0.00818
CX2_3,5,989,0.78504,0.83747,0.05243,0.00691,0.00428,0.00813
CX2_3,5,990,0.78504,0.83738,0.05233,0.00691,0.00383,0.0079
CX2_3,5,992,0.78619,0.83903,0.05284,0.00691,0.0031,0.00758
CX2_3,5,994,0.78659,0.83803,0.05145,0.00691,0.00442,0.00821
CX2_3,5,996,0.80675,0.83834,0.03159,0.00691,0.00496,0.00851
CX2_3,5,998,0.80675,0.8382,0.03145,0.00691,0.00776,0.01039
CX2_3,5,1000,0.78558,0.8372,0.05161,0.00691,0.01647,0.01787
CX2_3,5,1002,0.78453,0.83529,0.05076,0.00691,0.01537,0.01685
CX2_3,5,1004,0.74161,0.83611,0.0945,0.00691,0.01441,0.01598
CX2_3,5,1006,0.74161,0.83508,0.09347,0.00691,0.01891,0.02014
CX2_3,5,1008,0.72148,0.83349,0.11201,0.00691,0.02562,0.02654
CX2_3,5,1010,0.61313,0.8328,0.21967,0.00691,0.0346,0.03528
CX2_3,5,1012,0.61313,0.83265,0.21952,0.00691,0.04567,0.04619
CX2_3,5,1014,0.7132,0.83204,0.11883,0.00691,0.0209,0.02201
CX2_3,5,1015,0.77788,0.83173,0.05385,0.00691,0.0441,0.04464
CX2_3,5,1017,0.77582,0.83168,0.05585,0.00691,0.03941,0.04001
CX2_3,5,1019,0.77582,0.83116,0.05534,0.00691,0.03449,0.03518
CX2_3,5,1021,0.77985,0.832,0.05215,0.00691,0.02614,0.02704
CX2_3,5,1023,0.77985,0.83271,0.05286,0.00691,0.01286,0.0146
CX2_3,5,1024,0.77792,0.83123,0.05331,0.00691,0.00525,0.00868
CX2_3,5,1026,0.77792,0.83109,0.05316,0.00691,0.02762,0.02847
CX2_3,5,1028,0.77906,0.83262,0.05356,0.00691,0.01136,0.0133
CX2_3,5,1030,0.77773,0.83084,0.05312,0.00691,0.01353,0.0152
CX2_3,5,1031,0.77773,0.8299,0.05218,0.00691,0.00282,0.00747
CX2_3,5,1033,0.77773,0.8313,0.05357,0.00691,0.02532,0.02625
CX2_3,5,1035,0.77866,0.83002,0.05136,0.00691,0.01641,0.01781
CX2_3,5,1037,0.77671,0.82918,0.05247,0.00691,0.00211,0.00723
CX2_3,5,1039,0.77743,0.83277,0.05534,0.00691,0.01315,0.01486
CX2_3,5,1040,0.77743,0.83306,0.05564,0.00691,0.01929,0.0205
CX2_3,5,1042,0.78022,0.8319,0.05167,0.00691,0.02657,0.02745
CX2_3,5,1044,0.78226,0.83397,0.05171,0.00691,0.00648,0.00948
CX2_3,5,1046,0.78011,0.83234,0.05224,0.00691,0.02079,0.02191
CX2_3,5,1048,0.77854,0.83144,0.05291,0.00691,0.03118,0.03193
CX2_3,5,1050,0.77854,0.83277,0.05423,0.00691,0.01405,0.01566
CX2_3,5,1052,0.78021,0.8308,0.05059,0.00691,0.00694,0.0098
CX2_3,5,1054,0.78492,0.82948,0.04456,0.00691,0.02309,0.0241
CX2_3,5,1056,0.78003,0.83038,0.05035,0.00691,0.00336,0.00769
CX2_3,5,1058,0.78108,0.8322,0.05112,0.00691,0.00636,0.0094
CX2_3,5,1060,0.78108,0.82999,0.04891,0.00691,0.00517,0.00863
CX2_3,5,1062,0.80659,0.82927,0.02268,0.00691,0.00727,0.01003
CX2_3,5,1064,0.81514,0.82843,0.01329,0.00691,0.0131,0.01481
CX2_3,5,1066,0.80815,0.82788,0.01973,0.00691,0.01059,0.01265
CX2_3,5,1068,0.80815,0.82724,0.01909,0.00691,0.00972,0.01193
CX2_3,5,1070,0.80815,0.82697,0.01882,0.00691,0.01056,0.01263
CX2_3,5,1072,0.80864,0.82657,0.01794,0.00691,0.01067,0.01271
CX2_3,5,1074,0.81383,0.82598,0.01216,0.00691,0.01013,0.01227
CX2_3,5,1076,0.77346,0.82681,0.05336,0.00691,0.01879,0.02002
CX2_3,5,1078,0.77346,0.82671,0.05325,0.00691,0.01324,0.01493
CX2_3,5,1080,0.77289,0.82527,0.05238,0.00691,0.00634,0.00938
CX2_3,5,1082,0.7732,0.82606,0.05287,0.00691,0.01102,0.01301
CX2_3,5,1084,0.7732,0.82607,0.05287,0.00691,0.0084,0.01088
CX2_3,5,1086,0.77279,0.82468,0.05188,0.00691,0.00328,0.00765
CX2_3,5,1088,0.77279,0.8255,0.0527,0.00691,0.0101,0.01224
CX2_3,5,1090,0.77278,0.82546,0.05267,0.00691,0.00634,0.00938
CX2_3,5,1092,0.77283,0.82385,0.05102,0.00691,0.00631,0.00936
CX2_3,5,1093,0.77405,0.82436,0.05031,0.00691,0.00709,0.0099
CX2_3,5,1095,0.77405,0.82523,0.05117,0.00691,0.02681,0.02769
CX2_3,5,1097,0.77405,0.8232,0.04915,0.00691,0.02099,0.0221
CX2_3,5,1098,0.77321,0.82235,0.04913,0.00691,0.0052,0.00865
CX2_3,5,1100,0.77656,0.828,0.05144,0.00691,0.00665,0.0096
CX2_3,5,1102,0.77656,0.82382,0.04725,0.00691,0.01213,0.01396
CX2_3,5,1104,0.81201,0.82327,0.01126,0.00691,0.01647,0.01786
CX2_3,5,1106,0.92338,0.82264,0.10074,0.00691,0.02639,0.02728
CX2_3,5,1108,0.8986,0.82219,0.0764,0.00691,0.0311,0.03186
CX2_3,5,1110,0.81948,0.82186,0.00239,0.00691,0.02613,0.02703
CX2_3,5,1112,0.79578,0.82079,0.02501,0.00691,0.02463,0.02558
CX2_3,5,1114,0.78275,0.82028,0.03753,0.00691,0.01715,0.01849
CX2_3,5,1116,0.78275,0.81987,0.03713,0.00691,0.01002,0.01218
CX2_3,5,1118,0.76959,0.82183,0.05224,0.00691,0.01117,0.01313
CX2_3,5,1120,0.76959,0.82052,0.05093,0.00691,0.00734,0.01008
CX2_3,5,1122,0.76746,0.81976,0.0523,0.00691,0.02017,0.02132
CX2_3,5,1124,0.76941,0.82141,0.052,0.00691,0.02162,0.0227
CX2_3,5,1126,0.76941,0.82072,0.0513,0.00691,0.03171,0.03245
CX2_3,5,1128,0.76874,0.81939,0.05065,0.00691,0.02826,0.02909
CX2_3,5,1130,0.76956,0.82062,0.05105,0.00691,0.03984,0.04043
CX2_3,5,1132,0.7695,0.82115,0.05164,0.00691,0.01748,0.0188
CX2_3,5,1134,0.75794,0.82082,0.06288,0.00691,0.02305,0.02407
CX2_3,5,1136,0.75794,0.82133,0.06339,0.00691,0.02281,0.02384
CX2_3,5,1138,0.76819,0.81977,0.05158,0.00691,0.01132,0.01326
CX2_3,5,1140,0.77123,0.81917,0.04793,0.00691,0.0096,0.01183
CX2_3,5,1142,0.77123,0.82079,0.04956,0.00691,0.01654,0.01792
CX2_3,5,1144,0.76946,0.81858,0.04912,0.00691,0.00342,0.00771
CX2_3,5,1146,0.76946,0.81771,0.04825,0.00691,0.00316,0.0076
CX2_3,5,1148,0.78488,0.8174,0.03252,0.00691,0.00678,0.00969
CX2_3,5,1150,0.78488,0.81734,0.03246,0.00691,0.01745,0.01877
CX2_3,5,1152,0.78761,0.81693,0.02932,0.00691,0.00519,0.00865
CX2_3,5,1154,0.78761,0.81686,0.02925,0.00691,0.00529,0.00871
CX2_3,5,1156,0.78761,0.81661,0.029,0.00691,0.00605,0.00919
CX2_3,5,1158,0.79018,0.81613,0.02595,0.00691,0.00707,0.00989
CX2_3,5,1160,0.79018,0.81637,0.02619,0.00691,0.00831,0.01081
CX2_3,5,1162,0.79018,0.81649,0.02631,0.00691,0.00947,0.01173
CX2_3,5,1164,0.79951,0.81592,0.01641,0.00691,0.00957,0.01181
CX2_3,5,1166,0.76657,0.81757,0.051,0.00691,0.01459,0.01615
CX2_3,5,1168,0.76657,0.8174,0.05083,0.00691,0.01207,0.01391
CX2_3,5,1170,0.77508,0.82318,0.04811,0.00691,0.00895,0.01131
CX2_3,5,1172,0.80289,0.81998,0.01708,0.00691,0.00709,0.0099
CX2_3,5,1174,0.80289,0.82,0.01711,0.00691,0.01058,0.01264
CX2_3,5,1176,0.80387,0.8261,0.02223,0.00691,0.01004,0.01219
CX2_3,5,1178,0.77895,0.80864,0.02969,0.00691,0.01219,0.01401
CX2_3,5,1180,0.77218,0.81644,0.04426,0.00691,0.01375,0.01539
CX2_3,5,1182,0.77218,0.82328,0.0511,0.00691,0.0169,0.01826
CX2_3,5,1184,0.77793,0.81787,0.03994,0.00691,0.00465,0.00833
CX2_3,5,1186,0.77406,0.81673,0.04266,0.00691,0.00962,0.01185
CX2_3,5,1188,0.81262,0.82291,0.01029,0.00691,0.02342,0.02442
CX2_3,5,1190,0.7789,0.8254,0.0465,0.00691,0.01558,0.01705
CX2_3,5,1192,0.78019,0.82705,0.04687,0.00691,0.0118,0.01368
CX2_3,5,1194,0.78019,0.82829,0.04811,0.00691,0.03893,0.03954
CX2_3,5,1196,0.78177,0.82925,0.04748,0.00691,0.03913,0.03974
CX2_3,5,1198,0.69875,0.83007,0.13132,0.00691,0.02497,0.02591
CX2_3,5,1200,0.71191,0.83145,0.11954,0.00691,0.02174,0.02281
CX2_3,5,1202,0.77965,0.82409,0.04445,0.00691,0.02644,0.02733
CX2_3,5,1204,0.77965,0.82063,0.04099,0.00691,0.01354,0.0152
CX2_3,5,1206,0.78086,0.82331,0.04245,0.00691,0.01724,0.01857
CX2_3,5,1208,0.78294,0.82344,0.0405,0.00691,0.00498,0.00852
CX2_3,5,1210,0.78112,0.82111,0.03998,0.00691,0.01427,0.01586
CX2_3,5,1212,0.77766,0.82248,0.04483,0.00691,0.01272,0.01448
CX2_3,5,1214,0.77766,0.82432,0.04666,0.00691,0.00966,0.01188
CX2_3,5,1216,0.77901,0.82596,0.04696,0.00691,0.01887,0.0201
CX2_3,5,1218,0.8505,0.82739,0.0231,0.00691,0.02882,0.02963
CX2_3,5,1220,0.86803,0.82823,0.03979,0.00691,0.02449,0.02545
CX2_3,5,1222,0.78252,0.8287,0.04618,0.00691,0.02151,0.0226
CX2_3,5,1224,0.78252,0.82929,0.04677,0.00691,0.03798,0.03861
CX2_3,5,1226,0.78255,0.82993,0.04739,0.00691,0.04761,0.04811
CX2_3,5,1228,0.78357,0.82447,0.0409,0.00691,0.01189,0.01375
CX2_3,5,1230,0.78064,0.8192,0.03856,0.00691,0.01529,0.01678
CX2_3,5,1232,0.78364,0.82345,0.03982,0.00691,0.00604,0.00918
CX2_3,5,1234,0.78081,0.81822,0.03741,0.00691,0.02629,0.02719
CX2_3,5,1235,0.78081,0.81793,0.03712,0.00691,0.02052,0.02165
CX2_3,5,1237,0.77532,0.82031,0.04499,0.00691,0.00698,0.00982
CX2_3,5,1239,0.77532,0.81667,0.04136,0.00691,0.02694,0.02782
CX2_3,5,1241,0.77254,0.81645,0.04391,0.00691,0.01321,0.01491
CX2_3,5,1243,0.77364,0.81764,0.044,0.00691,0.01327,0.01496
CX2_3,5,1245,0.7705,0.81711,0.04661,0.00691,0.01806,0.01934
CX2_3,5,1247,0.77156,0.81579,0.04422,0.00691,0.02457,0.02553
CX2_3,5,1249,0.79854,0.8151,0.01656,0.00691,0.01989,0.02105
CX2_3,5,1251,0.79854,0.81827,0.01973,0.00691,0.01753,0.01884
CX2_3,5,1253,0.79854,0.81477,0.01624,0.00691,0.01438,0.01596
CX2_3,5,1255,0.77249,0.81292,0.04044,0.00691,0.01812,0.0194
CX2_3,5,1257,0.77249,0.81861,0.04613,0.00691,0.02648,0.02737
CX2_3,5,1259,0.77319,0.82094,0.04775,0.00691,0.01054,0.01261
CX2_3,5,1261,0.77615,0.82269,0.04653,0.00691,0.00641,0.00943
CX2_3,5,1263,0.77746,0.82355,0.0461,0.00691,0.01054,0.0126
CX2_3,5,1265,0.77746,0.82421,0.04676,0.00691,0.01353,0.01519
CX2_3,5,1267,0.77749,0.82473,0.04723,0.00691,0.00756,0.01024
CX2_3,5,1269,0.77794,0.82542,0.04748,0.00691,0.00676,0.00967
CX2_3,5,1270,0.77794,0.81885,0.04091,0.00691,0.00801,0.01058
CX2_3,5,1272,0.77794,0.81668,0.03874,0.00691,0.01133,0.01327
CX2_3,5,1274,0.78027,0.8183,0.03803,0.00691,0.00927,0.01157
CX2_3,5,1276,0.78027,0.81802,0.03775,0.00691,0.0161,0.01753
CX2_3,5,1278,0.77626,0.81505,0.0388,0.00691,0.01379,0.01543
CX2_3,5,1279,0.77531,0.81443,0.03912,0.00691,0.00982,0.01201
CX2_3,5,1281,0.77626,0.81826,0.04201,0.00691,0.01443,0.016
CX2_3,5,1283,0.77531,0.81516,0.03985,0.00691,0.02099,0.0221
CX2_3,5,1285,0.77232,0.81218,0.03986,0.00691,0.01869,0.01993
CX2_3,5,1287,0.77174,0.81782,0.04608,0.00691,0.01416,0.01576
CX2_3,5,1289,0.77197,0.81448,0.04251,0.00691,0.00529,0.00871
CX2_3,5,1291,0.77778,0.81254,0.03475,0.00691,0.00674,0.00966
CX2_3,5,1293,0.77778,0.81695,0.03917,0.00691,0.01161,0.01352
CX2_3,5,1295,0.77103,0.81228,0.04125,0.00691,0.02241,0.02345
CX2_3,5,1297,0.77069,0.81218,0.04149,0.00691,0.01715,0.01849
CX2_3,5,1299,0.7715,0.8149,0.0434,0.00691,0.0096,0.01183
CX2_3,5,1301,0.7715,0.81754,0.04604,0.00691,0.0087,0.01111
CX2_3,5,1303,0.77172,0.81916,0.04744,0.00691,0.02617,0.02707
CX2_3,5,1305,0.77299,0.82032,0.04733,0.00691,0.02226,0.02331
CX2_3,5,1307,0.83247,0.82093,0.01155,0.00691,0.02158,0.02266
CX2_3,5,1309,0.83247,0.82119,0.01129,0.00691,0.02036,0.0215
CX2_3,5,1311,0.83247,0.82168,0.0108,0.00691,0.0277,0.02855
CX2_3,5,1313,0.87863,0.81941,0.05922,0.00691,0.02741,0.02826
CX2_3,5,1315,0.7857,0.81387,0.02818,0.00691,0.00707,0.00989
CX2_3,5,1317,0.77574,0.81136,0.03561,0.00691,0.03064,0.03141
CX2_3,5,1319,0.77374,0.81676,0.04302,0.00691,0.04332,0.04387
CX2_3,5,1321,0.6445,0.81191,0.16741,0.00691,0.03595,0.03661
CX2_3,5,1323,0.6666,0.81085,0.14426,0.00691,0.0213,0.0224
CX2_3,5,1325,0.6666,0.81467,0.14807,0.00691,0.03685,0.0375
CX2_3,5,1327,0.6666,0.80952,0.14292,0.00691,0.04286,0.04341
CX2_3,5,1329,0.60789,0.80874,0.20085,0.00691,0.04384,0.04438
CX2_3,5,1331,0.76481,0.81191,0.04711,0.00691,0.03974,0.04034
CX2_3,5,1332,0.76481,0.80827,0.04346,0.00691,0.04385,0.04439
CX2_3,5,1334,0.76663,0.81174,0.04511,0.00691,0.04498,0.04551
CX2_3,5,1336,0.76361,0.80666,0.04305,0.00691,0.03791,0.03853
CX2_3,5,1338,0.81086,0.81228,0.00142,0.00691,0.01474,0.01628
CX2_3,5,1340,0.76517,0.80839,0.04322,0.00691,0.03193,0.03267
CX2_3,5,1342,0.76422,0.80802,0.0438,0.00691,0.01668,0.01806
CX2_3,5,1344,0.76103,0.811,0.04997,0.00691,0.00794,0.01053
CX2_3,5,1346,0.76522,0.80772,0.0425,0.00691,0.01077,0.0128
CX2_3,5,1348,0.76373,0.80849,0.04476,0.00691,0.00893,0.0113
CX2_3,5,1350,0.78327,0.81105,0.02779,0.00691,0.0064,0.00942
CX2_3,5,1352,0.78327,0.81204,0.02878,0.00691,0.00962,0.01185
CX2_3,5,1354,0.76505,0.80808,0.04303,0.00691,0.0073,0.01006
CX2_3,5,1356,0.76406,0.80868,0.04461,0.00691,0.0062,0.00929
CX2_3,5,1358,0.76622,0.80927,0.04305,0.00691,0.00653,0.00951
CX2_3,5,1360,0.80515,0.80761,0.00246,0.00691,0.01303,0.01475
CX2_3,5,1362,0.79451,0.80711,0.0126,0.00691,0.00997,0.01214
CX2_3,5,1364,0.76373,0.80729,0.04356,0.00691,0.01468,0.01623
CX2_3,5,1366,0.76292,0.80786,0.04494,0.00691,0.01284,0.01458
CX2_3,5,1368,0.76153,0.80388,0.04235,0.00691,0.01058,0.01264
CX2_3,5,1369,0.76328,0.80198,0.03871,0.00691,0.00737,0.01011
CX2_3,5,1371,0.76328,0.80767,0.04439,0.00691,0.0044,0.0082
CX2_3,5,1373,0.76328,0.80309,0.03982,0.00691,0.01205,0.01389
CX2_3,5,1375,0.7614,0.80118,0.03978,0.00691,0.01464,0.01619
CX2_3,5,1377,0.75995,0.80614,0.04619,0.00691,0.02927,0.03008
CX2_3,5,1379,0.75995,0.80845,0.0485,0.00691,0.00554,0.00886
CX2_3,5,1381,0.76164,0.80997,0.04833,0.00691,0.01278,0.01453
CX2_3,5,1383,0.76422,0.81114,0.04692,0.00691,0.02796,0.0288
CX2_3,5,1385,0.76431,0.81197,0.04766,0.00691,0.00753,0.01022
CX2_3,5,1387,0.76431,0.81267,0.04835,0.00691,0.02212,0.02317
CX2_3,5,1389,0.7094,0.81304,0.10365,0.00691,0.03314,0.03386
CX2_3,5,1391,0.76193,0.80936,0.04744,0.00691,0.01818,0.01945
CX2_3,5,1393,0.76424,0.80679,0.04255,0.00691,0.02043,0.02157
CX2_3,5,1395,0.76648,0.80543,0.03895,0.00691,0.02603,0.02693
CX2_3,5,1397,0.76648,0.80893,0.04245,0.00691,0.01107,0.01305
CX2_3,5,1399,0.76156,0.80567,0.04411,0.00691,0.01059,0.01265
CX2_3,5,1401,0.79291,0.80348,0.01057,0.00691,0.01153,0.01344
CX2_3,5,1403,0.8014,0.80824,0.00683,0.00691,0.0194,0.0206
CX2_3,5,1405,0.8014,0.80423,0.00283,0.00691,0.01334,0.01502
CX2_3,5,1407,0.8014,0.80455,0.00315,0.00691,0.01293,0.01466
CX2_3,5,1409,0.7597,0.80691,0.04721,0.00691,0.01456,0.01612
CX2_3,5,1411,0.7597,0.80377,0.04407,0.00691,0.01148,0.0134
CX2_3,5,1413,0.75513,0.80445,0.04932,0.00691,0.0171,0.01845
CX2_3,5,1415,0.76255,0.80419,0.04164,0.00691,0.01556,0.01702
CX2_3,5,1417,0.76292,0.80966,0.04675,0.00691,0.01274,0.01449
CX2_3,5,1419,0.76874,0.81118,0.04244,0.00691,0.00782,0.01044
CX2_3,5,1421,0.76874,0.81214,0.0434,0.00691,0.01809,0.01936
CX2_3,5,1423,0.76874,0.81297,0.04423,0.00691,0.00759,0.01027
CX2_3,5,1425,0.81896,0.81359,0.00538,0.00691,0.00855,0.011
CX2_3,5,1427,0.78454,0.81428,0.02974,0.00691,0.00542,0.00879
CX2_3,5,1429,0.76626,0.81438,0.04812,0.00691,0.01268,0.01444
CX2_3,5,1431,0.76606,0.80701,0.04095,0.00691,0.01375,0.01539
CX2_3,5,1433,0.76254,0.80535,0.04282,0.00691,0.00691,0.00978
CX2_3,5,1435,0.76254,0.80766,0.04512,0.00691,0.008,0.01057
CX2_3,5,1437,0.76108,0.80435,0.04327,0.00691,0.02051,0.02165
CX2_3,5,1439,0.76108,0.8033,0.04222,0.00691,0.01166,0.01356
CX2_3,5,1441,0.76501,0.80318,0.03816,0.00691,0.00965,0.01187
CX2_3,5,1443,0.756,0.80536,0.04936,0.00691,0.02405,0.02502
CX2_3,5,1445,0.756,0.80018,0.04418,0.00691,0.02441,0.02537
CX2_3,5,1447,0.70412,0.79933,0.0952,0.00691,0.02864,0.02946
CX2_3,5,1449,0.74208,0.80515,0.06307,0.00691,0.01902,0.02023
CX2_3,5,1451,0.75747,0.80048,0.04301,0.00691,0.01547,0.01694
CX2_3,5,1453,0.75747,0.79986,0.04238,0.00691,0.01271,0.01447
CX2_3,5,1455,0.79773,0.8046,0.00688,0.00691,0.02436,0.02533
CX2_3,5,1457,0.82685,0.80011,0.02674,0.00691,0.01373,0.01537
CX2_3,5,1459,0.75675,0.80079,0.04405,0.00691,0.01412,0.01572
CX2_3,5,1461,0.75581,0.80438,0.04857,0.00691,0.02167,0.02275
CX2_3,5,1463,0.75749,0.8072,0.04971,0.00691,0.03013,0.03091
CX2_3,5,1465,0.75988,0.80864,0.04876,0.00691,0.01333,0.01502
CX2_3,5,1467,0.78734,0.80986,0.02252,0.00691,0.02591,0.02681
CX2_3,5,1469,0.76193,0.81061,0.04868,0.00691,0.00808,0.01063
CX2_3,5,1471,0.76193,0.811,0.04907,0.00691,0.00847,0.01093
CX2_3,5,1473,0.76171,0.81156,0.04985,0.00691,0.01996,0.02113
CX2_3,5,1475,0.76253,0.81114,0.0486,0.00691,0.01184,0.01372
CX2_3,5,1477,0.76056,0.79791,0.03735,0.00691,0.01661,0.01799
CX2_3,5,1479,0.78288,0.80079,0.01791,0.00691,0.00739,0.01012
CX2_3,5,1481,0.76498,0.8031,0.03812,0.00691,0.01396,0.01558
CX2_3,5,1483,0.75908,0.80037,0.04128,0.00691,0.02645,0.02734
CX2_3,5,1485,0.6563,0.7982,0.1419,0.00691,0.02293,0.02395
CX2_3,5,1487,0.75722,0.80367,0.04645,0.00691,0.01434,0.01592
CX2_3,5,1489,0.75533,0.79919,0.04386,0.00691,0.01611,0.01753
CX2_3,5,1491,0.75415,0.79741,0.04326,0.00691,0.01571,0.01716
CX2_3,5,1493,0.75415,0.80321,0.04906,0.00691,0.00935,0.01163
CX2_3,5,1495,0.75867,0.8061,0.04743,0.00691,0.02095,0.02206
CX2_3,5,1497,0.76774,0.80847,0.04073,0.00691,0.00848,0.01094
CX2_3,5,1499,0.75953,0.80205,0.04253,0.00691,0.00906,0.0114
CX2_3,5,1501,0.75958,0.79992,0.04034,0.00691,0.00591,0.00909
CX2_3,5,1503,0.70728,0.80785,0.10057,0.00691,0.00399,0.00798
CX2_3,5,1505,0.6795,0.79989,0.12039,0.00691,0.0188,0.02003
CX2_3,5,1507,0.62272,0.79774,0.17502,0.00691,0.02876,0.02958
CX2_3,5,1509,0.75447,0.80405,0.04959,0.00691,0.0142,0.01579
CX2_3,5,1511,0.75377,0.79696,0.04319,0.00691,0.02046,0.0216
CX2_3,5,1513,0.75377,0.79565,0.04188,0.00691,0.02524,0.02617
CX2_3,5,1515,0.75228,0.8,0.04772,0.00691,0.01489,0.01641
CX2_3,5,1517,0.7546,0.80269,0.04809,0.00691,0.00338,0.0077
CX2_3,5,1519,0.75615,0.80407,0.04792,0.00691,0.01208,0.01392
CX2_3,5,1521,0.75628,0.80505,0.04877,0.00691,0.01017,0.0123
CX2_3,5,1523,0.7573,0.80573,0.04842,0.00691,0.0089,0.01127
CX2_3,5,1525,0.75835,0.80622,0.04786,0.00691,0.0088,0.01119
CX2_3,5,1527,0.75852,0.80669,0.04817,0.00691,0.00679,0.00969
CX2_3,5,1528,0.75835,0.80632,0.04797,0.00691,0.00602,0.00917
CX2_3,5,1530,0.75448,0.79691,0.04244,0.00691,0.01614,0.01755
CX2_3,5,1532,0.75125,0.79433,0.04308,0.00691,0.01949,0.02068
CX2_3,5,1534,0.64608,0.8006,0.15452,0.00691,0.02716,0.02803
CX2_3,5,1536,0.75174,0.79339,0.04165,0.00691,0.01282,0.01456
CX2_3,5,1538,0.75174,0.79136,0.03963,0.00691,0.01803,0.01931
CX2_3,5,1540,0.75137,0.7968,0.04543,0.00691,0.01057,0.01263
CX2_3,5,1541,0.74901,0.78973,0.04072,0.00691,0.01845,0.0197
CX2_3,5,1543,0.74352,0.78977,0.04625,0.00691,0.01141,0.01334
CX2_3,5,1545,0.74482,0.79123,0.04641,0.00691,0.00439,0.00819
CX2_3,5,1547,0.74146,0.79338,0.05193,0.00691,0.0064,0.00942
CX2_3,5,1549,0.74303,0.78936,0.04633,0.00691,0.00685,0.00973
CX2_3,5,1551,0.74303,0.78755,0.04452,0.00691,0.01688,0.01824
CX2_3,5,1553,0.77014,0.79459,0.02445,0.00691,0.01258,0.01435
CX2_3,5,1555,0.76005,0.78799,0.02794,0.00691,0.01344,0.01511
CX2_3,5,1557,0.76005,0.78718,0.02713,0.00691,0.00838,0.01086
CX2_3,5,1559,0.76005,0.79255,0.0325,0.00691,0.01188,0.01375
CX2_3,5,1561,0.79478,0.79514,0.00037,0.00691,0.01149,0.01341
CX2_3,5,1563,0.77867,0.79665,0.01798,0.00691,0.00977,0.01197
CX2_3,5,1565,0.74848,0.79808,0.0496,0.00691,0.01486,0.01639
CX2_3,5,1567,0.74848,0.79894,0.05047,0.00691,0.01218,0.014
CX2_3,5,1569,0.74926,0.79924,0.04998,0.00691,0.01002,0.01217
CX2_3,5,1571,0.75089,0.80042,0.04954,0.00691,0.01288,0.01462
CX2_3,5,1573,0.79111,0.79837,0.00726,0.00691,0.01552,0.01699
CX2_3,5,1575,0.76751,0.78955,0.02204,0.00691,0.01055,0.01261
CX2_3,5,1579,0.74838,0.79236,0.04398,0.00691,0.01527,0.01677
CX2_3,5,1585,0.74253,0.78572,0.0432,0.00691,0.00606,0.00919
CX2_3,5,1599,0.73399,0.78448,0.05049,0.00691,0.00558,0.00889
CX2_3,5,1609,0.73479,0.78595,0.05116,0.00691,0.00518,0.00864
CX2_3,5,1611,0.74098,0.78688,0.04589,0.00691,0.01268,0.01444
CX2_3,5,1613,0.77927,0.78785,0.00858,0.00691,0.01374,0.01539
CX2_3,5,1615,0.73718,0.7879,0.05072,0.00691,0.01148,0.0134
CX2_3,5,1617,0.73708,0.789,0.05192,0.00691,0.026,0.0269
CX2_3,5,1619,0.67439,0.78695,0.11256,0.00691,0.02081,0.02193
CX2_3,5,1623,0.72878,0.7903,0.06152,0.00691,0.01711,0.01846
CX2_3,5,1625,0.74276,0.78488,0.04212,0.00691,0.01503,0.01654
CX2_3,5,1629,0.78051,0.78739,0.00688,0.00691,0.01444,0.01601
CX2_3,5,1637,0.73206,0.78601,0.05395,0.00691,0.01853,0.01978
CX2_3,5,1643,0.73635,0.78614,0.04978,0.00691,0.01524,0.01674
CX2_3,5,1645,0.75997,0.78828,0.02831,0.00691,0.01049,0.01257
CX2_3,5,1647,0.75997,0.78987,0.02991,0.00691,0.01596,0.01739
CX2_3,5,1649,0.75997,0.79114,0.03118,0.00691,0.01194,0.0138
CX2_3,5,1651,0.78821,0.79185,0.00363,0.00691,0.01166,0.01355
CX2_3,5,1653,0.74194,0.79241,0.05047,0.00691,0.0099,0.01208
CX2_3,5,1655,0.7416,0.79283,0.05124,0.00691,0.01179,0.01366
CX2_3,5,1657,0.72189,0.7862,0.0643,0.00691,0.00971,0.01192
CX2_3,5,1663,0.7125,0.78571,0.07321,0.00691,0.01103,0.01301
CX2_33,5,1,0.99636,0.99903,0.00267,0.0038,,
CX2_33,5,2,1.00329,0.99962,0.00367,0.0038,,
CX2_33,5,3,1.00765,1.00052,0.00714,0.0038,,
CX2_33,5,4,1.00725,1.00009,0.00716,0.0038,0.00154,0.0041
CX2_33,5,5,1.00765,0.99952,0.00813,0.0038,0.00157,0.00411
CX2_33,5,6,1.00803,0.99997,0.00806,0.0038,0.00099,0.00392
CX2_33,5,7,1.00765,0.99889,0.00876,0.0038,0.00083,0.00389
CX2_33,5,8,1.00685,0.99843,0.00842,0.0038,0.00121,0.00399
CX2_33,5,9,1.00729,0.99781,0.00948,0.0038,0.00104,0.00394
CX2_33,5,10,1.00603,0.99736,0.00867,0.0038,0.00103,0.00393
CX2_33,5,11,1.00603,0.99713,0.00889,0.0038,0.00062,0.00385
CX2_33,5,12,1.00603,0.99691,0.00912,0.0038,0.00044,0.00382
CX2_33,5,13,1.00603,0.99616,0.00987,0.0038,0.00051,0.00383
CX2_33,5,14,1.00472,0.99365,0.01107,0.0038,0.00111,0.00395
CX2_33,5,15,1.00436,0.98931,0.01506,0.0038,0.0022,0.00439
CX2_33,5,16,0.99064,0.98851,0.00213,0.0038,0.00251,0.00455
CX2_33,5,17,0.99005,0.99099,0.00094,0.0038,0.0027,0.00466
CX2_33,5,18,0.99005,0.99223,0.00218,0.0038,0.0022,0.00439
CX2_33,5,19,0.99005,0.99733,0.00729,0.0038,0.00295,0.00481
CX2_33,5,20,0.99451,0.99877,0.00427,0.0038,0.00512,0.00637
CX2_33,5,21,0.99661,0.99185,0.00476,0.0038,0.00578,0.00692
CX2_33,5,22,1.00128,0.99308,0.0082,0.0038,0.00338,0.00509
CX2_33,5,23,1.00128,0.99176,0.00952,0.0038,0.00313,0.00492
CX2_33,5,24,1.00128,0.99416,0.00712,0.0038,0.00171,0.00417
CX2_33,5,25,1.00128,0.99731,0.00397,0.0038,0.00266,0.00464
CX2_33,5,26,1.00128,0.99078,0.0105,0.0038,0.0043,0.00574
CX2_33,5,27,0.99484,0.98931,0.00552,0.0038,0.00305,0.00487
CX2_33,5,28,0.99391,0.98904,0.00488,0.0038,0.00296,0.00482
CX2_33,5,29,0.99391,0.98835,0.00556,0.0038,0.00263,0.00462
CX2_33,5,30,0.99391,0.99401,9e-05,0.0038,0.0021,0.00434
CX2_33,5,31,0.99391,0.99094,0.00297,0.0038,0.00311,0.00491
CX2_33,5,32,0.99363,0.98716,0.00647,0.0038,0.00463,0.00599
CX2_33,5,33,0.99319,0.9869,0.00629,0.0038,0.00382,0.00539
CX2_33,5,34,0.99233,0.98427,0.00806,0.0038,0.00248,0.00453
CX2_33,5,35,0.99233,0.99123,0.0011,0.0038,0.00154,0.0041
CX2_33,5,36,0.99319,0.99224,0.00095,0.0038,0.00341,0.00511
CX2_33,5,37,1.00665,0.99457,0.01208,0.0038,0.00295,0.00481
CX2_33,5,38,1.00736,0.99551,0.01185,0.0038,0.00287,0.00476
CX2_33,5,39,1.0085,0.99612,0.01238,0.0038,0.0022,0.00439
CX2_33,5,40,1.00931,0.99708,0.01224,0.0038,0.00226,0.00442
CX2_33,5,41,1.01009,0.99723,0.01286,0.0038,0.00182,0.00421
CX2_33,5,42,1.01009,0.99772,0.01238,0.0038,0.00192,0.00425
CX2_33,5,43,1.01051,0.99781,0.0127,0.0038,0.00148,0.00407
CX2_33,5,44,1.01094,0.99811,0.01283,0.0038,0.00041,0.00382
CX2_33,5,45,1.01118,0.99835,0.01283,0.0038,0.00033,0.00381
CX2_33,5,46,1.01118,0.99832,0.01286,0.0038,0.00029,0.00381
CX2_33,5,47,1.01118,0.9918,0.01938,0.0038,0.00292,0.00479
CX2_33,5,48,1.01118,0.9858,0.02538,0.0038,0.00285,0.00475
CX2_33,5,49,0.99386,0.9844,0.00947,0.0038,0.0024,0.00449
CX2_33,5,50,0.98712,0.98202,0.0051,0.0038,0.00278,0.00471
CX2_33,5,51,0.98712,0.99149,0.00437,0.0038,0.00403,0.00554
CX2_33,5,52,0.99386,0.99324,0.00063,0.0038,0.00566,0.00681
CX2_33,5,53,0.98712,0.982,0.00512,0.0038,0.00573,0.00687
CX2_33,5,54,0.9866,0.98341,0.00319,0.0038,0.00681,0.0078
CX2_33,5,55,0.99198,0.98206,0.00993,0.0038,0.00433,0.00576
CX2_33,5,56,0.99198,0.98601,0.00598,0.0038,0.0041,0.00559
CX2_33,5,57,0.99198,0.9899,0.00209,0.0038,0.00392,0.00545
CX2_33,5,58,0.99198,0.98035,0.01163,0.0038,0.00495,0.00624
CX2_33,5,59,0.99198,0.97738,0.0146,0.0038,0.00589,0.00701
CX2_33,5,60,0.99391,0.98015,0.01375,0.0038,0.0042,0.00567
CX2_33,5,61,0.98785,0.97946,0.0084,0.0038,0.00482,0.00614
CX2_33,5,62,0.98785,0.98689,0.00097,0.0038,0.00374,0.00533
CX2_33,5,63,0.98785,0.98227,0.00558,0.0038,0.00541,0.00661
CX2_33,5,64,0.98785,0.97756,0.0103,0.0038,0.00419,0.00566
CX2_33,5,65,0.9844,0.97806,0.00635,0.0038,0.00224,0.00441
CX2_33,5,66,0.9803,0.97574,0.00456,0.0038,0.00362,0.00525
CX2_33,5,67,0.9803,0.98915,0.00885,0.0038,0.00369,0.00529
CX2_33,5,68,0.9844,0.99052,0.00611,0.0038,0.00554,0.00672
CX2_33,5,69,0.99857,0.99562,0.00295,0.0038,0.00675,0.00775
CX2_33,5,70,1.01188,0.99568,0.0162,0.0038,0.00528,0.0065
CX2_33,5,71,1.01188,0.99502,0.01686,0.0038,0.00362,0.00525
CX2_33,5,72,1.01188,0.99524,0.01664,0.0038,0.00398,0.0055
CX2_33,5,73,1.01188,0.99515,0.01673,0.0038,0.00316,0.00494
CX2_33,5,74,1.01143,0.99525,0.01618,0.0038,0.00388,0.00543
CX2_33,5,75,1.00992,0.99472,0.0152,0.0038,0.00403,0.00554
CX2_33,5,76,1.00992,0.99417,0.01575,0.0038,0.00136,0.00403
CX2_33,5,77,1.00821,0.9942,0.01402,0.0038,0.00093,0.00391
CX2_33,5,78,1.00821,0.99414,0.01407,0.0038,0.00102,0.00393
CX2_33,5,79,1.00821,0.99441,0.0138,0.0038,0.00099,0.00392
CX2_33,5,80,1.00791,0.99489,0.01302,0.0038,0.00082,0.00389
CX2_33,5,81,1.00791,0.9835,0.02441,0.0038,0.00208,0.00433
CX2_33,5,82,1.00708,0.98235,0.02473,0.0038,0.00279,0.00471
CX2_33,5,83,0.99079,0.98094,0.00985,0.0038,0.0032,0.00496
CX2_33,5,84,0.99079,0.98118,0.00961,0.0038,0.00282,0.00473
CX2_33,5,85,0.99079,0.98746,0.00333,0.0038,0.0021,0.00434
CX2_33,5,86,0.99079,0.98196,0.00883,0.0038,0.00407,0.00557
CX2_33,5,87,0.99079,0.97702,0.01376,0.0038,0.00375,0.00533
CX2_33,5,88,0.98598,0.97724,0.00874,0.0038,0.00374,0.00533
CX2_33,5,89,0.98515,0.97581,0.00934,0.0038,0.00471,0.00605
CX2_33,5,90,0.98515,0.98273,0.00242,0.0038,0.00226,0.00442
CX2_33,5,91,0.98515,0.8293,0.15585,0.0038,0.0052,0.00644
CX2_33,5,92,0.98184,0.97518,0.00666,0.0038,0.00373,0.00532
CX2_33,5,93,0.98184,0.97654,0.0053,0.0038,0.00605,0.00715
CX2_33,5,94,0.97844,0.97593,0.00251,0.0038,0.00454,0.00592
CX2_33,5,95,0.97844,0.9776,0.00084,0.0038,0.00459,0.00596
CX2_33,5,96,0.99027,0.98319,0.00709,0.0038,0.0032,0.00497
CX2_33,5,97,0.99027,0.97883,0.01144,0.0038,0.00445,0.00585
CX2_33,5,98,0.9809,0.97429,0.0066,0.0038,0.00513,0.00638
CX2_33,5,99,0.9809,0.9741,0.0068,0.0038,0.00629,0.00735
CX2_33,5,100,0.97848,0.97308,0.0054,0.0038,0.00444,0.00584
CX2_33,5,101,0.97848,0.9812,0.00272,0.0038,0.00419,0.00565
CX2_33,5,102,0.9809,0.98334,0.00244,0.0038,0.00442,0.00583
CX2_33,5,103,0.97968,0.97305,0.00663,0.0038,0.00401,0.00552
CX2_33,5,104,0.98259,0.97509,0.0075,0.0038,0.00348,0.00515
CX2_33,5,105,0.99459,0.98313,0.01147,0.0038,0.00379,0.00536
CX2_33,5,106,0.99483,0.98424,0.01059,0.0038,0.00301,0.00484
CX2_33,5,107,0.99565,0.98426,0.01139,0.0038,0.00271,0.00467
CX2_33,5,108,0.99603,0.98483,0.0112,0.0038,0.0024,0.00449
CX2_33,5,109,0.99603,0.98507,0.01096,0.0038,0.00275,0.00469
CX2_33,5,110,0.99665,0.98596,0.01069,0.0038,0.00114,0.00396
CX2_33,5,111,0.99665,0.98599,0.01067,0.0038,0.00173,0.00417
CX2_33,5,112,0.99681,0.98616,0.01065,0.0038,0.00204,0.00431
CX2_33,5,113,0.99733,0.98623,0.0111,0.0038,0.00091,0.0039
CX2_33,5,114,0.99796,0.98636,0.0116,0.0038,0.00026,0.00381
CX2_33,5,115,0.99798,0.98658,0.0114,0.0038,0.00036,0.00381
CX2_33,5,116,0.99846,0.9867,0.01177,0.0038,0.00026,0.00381
CX2_33,5,117,0.99846,0.98551,0.01296,0.0038,0.00038,0.00382
CX2_33,5,118,0.99846,0.99422,0.00424,0.0038,0.00138,0.00404
CX2_33,5,119,0.99846,0.99552,0.00295,0.0038,0.00243,0.00451
CX2_33,5,120,0.99846,0.98268,0.01579,0.0038,0.00134,0.00403
CX2_33,5,121,1.00083,0.98348,0.01735,0.0038,0.00137,0.00404
CX2_33,5,122,1.00083,0.98116,0.01967,0.0038,0.00113,0.00396
CX2_33,5,123,1.00083,0.98248,0.01835,0.0038,0.00252,0.00456
CX2_33,5,124,1.00083,0.98699,0.01384,0.0038,0.00237,0.00448
CX2_33,5,125,1.00083,0.97717,0.02366,0.0038,0.00483,0.00614
CX2_33,5,126,0.99503,0.97546,0.01957,0.0038,0.00578,0.00692
CX2_33,5,127,0.98404,0.97265,0.0114,0.0038,0.00281,0.00473
CX2_33,5,128,0.97996,0.97159,0.00837,0.0038,0.00252,0.00456
CX2_33,5,129,0.97996,0.97976,0.0002,0.0038,0.00232,0.00445
CX2_33,5,130,0.97996,0.97698,0.00298,0.0038,0.00087,0.0039
CX2_33,5,131,0.97909,0.97005,0.00904,0.0038,0.0025,0.00454
CX2_33,5,132,0.97909,0.97125,0.00784,0.0038,0.00513,0.00638
CX2_33,5,133,0.98023,0.97013,0.0101,0.0038,0.00297,0.00482
CX2_33,5,134,0.98023,0.97643,0.0038,0.0038,0.00217,0.00438
CX2_33,5,135,0.98676,0.97904,0.00772,0.0038,0.00259,0.00459
CX2_33,5,136,0.98676,0.96756,0.0192,0.0038,0.00435,0.00578
CX2_33,5,137,0.98023,0.96674,0.01349,0.0038,0.00422,0.00568
CX2_33,5,138,0.97744,0.9678,0.00964,0.0038,0.00429,0.00573
CX2_33,5,139,0.97151,0.96056,0.01094,0.0038,0.00401,0.00552
CX2_33,5,140,0.97151,0.96972,0.00179,0.0038,0.00396,0.00549
CX2_33,5,141,0.97744,0.97289,0.00455,0.0038,0.0051,0.00636
CX2_33,5,142,0.97744,0.96203,0.01541,0.0038,0.00572,0.00686
CX2_33,5,143,0.96265,0.96053,0.00212,0.0038,0.00573,0.00688
CX2_33,5,144,0.96455,0.95997,0.00458,0.0038,0.0052,0.00644
CX2_33,5,145,0.96455,0.96441,0.00014,0.0038,0.00338,0.00508
CX2_33,5,146,0.96265,0.804,0.15865,0.0038,0.00547,0.00666
CX2_33,5,147,0.96455,0.96902,0.00446,0.0038,0.00824,0.00907
CX2_33,5,148,0.96852,0.96386,0.00466,0.0038,0.00802,0.00887
CX2_33,5,149,0.96946,0.96311,0.00634,0.0038,0.00587,0.00699
CX2_33,5,150,0.974,0.96568,0.00832,0.0038,0.00244,0.00451
CX2_33,5,151,0.97419,0.96549,0.00871,0.0038,0.00156,0.00411
CX2_33,5,152,0.97419,0.9702,0.00399,0.0038,0.00111,0.00396
CX2_33,5,153,0.97621,0.96869,0.00752,0.0038,0.00153,0.00409
CX2_33,5,154,0.97621,0.96268,0.01353,0.0038,0.00147,0.00407
CX2_33,5,155,0.97419,0.96295,0.01124,0.0038,0.00308,0.00489
CX2_33,5,156,0.97128,0.9628,0.00848,0.0038,0.00081,0.00388
CX2_33,5,157,0.97128,0.96593,0.00535,0.0038,0.00231,0.00445
CX2_33,5,158,0.97128,0.9676,0.00367,0.0038,0.00249,0.00454
CX2_33,5,159,0.97128,0.96071,0.01057,0.0038,0.00188,0.00424
CX2_33,5,160,0.97063,0.96082,0.0098,0.0038,0.00143,0.00406
CX2_33,5,161,0.97063,0.96018,0.01045,0.0038,0.00244,0.00451
CX2_33,5,162,0.97051,0.95954,0.01097,0.0038,0.00128,0.00401
CX2_33,5,163,0.97051,0.96523,0.00529,0.0038,0.00132,0.00402
CX2_33,5,164,0.97051,0.96224,0.00827,0.0038,0.00144,0.00406
CX2_33,5,165,0.96989,0.95845,0.01144,0.0038,0.00265,0.00463
CX2_33,5,166,0.96792,0.9589,0.00902,0.0038,0.00268,0.00465
CX2_33,5,167,0.96875,0.95953,0.00922,0.0038,0.00164,0.00414
CX2_33,5,168,0.96875,0.96328,0.00547,0.0038,0.00135,0.00403
CX2_33,5,169,0.96989,0.96484,0.00505,0.0038,0.00227,0.00442
CX2_33,5,170,0.97802,0.96544,0.01257,0.0038,0.00204,0.00431
CX2_33,5,171,0.97814,0.96606,0.01207,0.0038,0.00184,0.00422
CX2_33,5,172,0.97895,0.96691,0.01204,0.0038,0.00156,0.0041
CX2_33,5,173,0.97904,0.96774,0.01131,0.0038,0.00133,0.00402
CX2_33,5,174,0.98012,0.96796,0.01216,0.0038,0.00106,0.00394
CX2_33,5,175,0.98027,0.9681,0.01218,0.0038,0.00115,0.00397
CX2_33,5,176,0.98043,0.96797,0.01246,0.0038,0.00057,0.00384
CX2_33,5,177,0.98082,0.96802,0.0128,0.0038,0.00015,0.0038
CX2_33,5,178,0.98102,0.96828,0.01274,0.0038,0.00011,0.0038
CX2_33,5,179,0.98104,0.96819,0.01285,0.0038,8e-05,0.0038
CX2_33,5,180,0.98104,0.96827,0.01277,0.0038,0.0001,0.0038
CX2_33,5,181,0.98104,0.95879,0.02225,0.0038,0.00107,0.00395
CX2_33,5,182,0.98065,0.95774,0.02291,0.0038,0.00166,0.00415
CX2_33,5,183,0.97203,0.95796,0.01408,0.0038,0.00127,0.00401
CX2_33,5,184,0.97032,0.95677,0.01355,0.0038,0.00101,0.00393
CX2_33,5,185,0.97032,0.96226,0.00806,0.0038,0.00169,0.00416
CX2_33,5,186,0.97032,0.96042,0.0099,0.0038,0.00147,0.00407
CX2_33,5,187,0.96824,0.95546,0.01278,0.0038,0.00144,0.00406
CX2_33,5,188,0.96824,0.95757,0.01067,0.0038,0.00155,0.0041
CX2_33,5,189,0.96775,0.95675,0.011,0.0038,0.00079,0.00388
CX2_33,5,190,0.96775,0.95989,0.00785,0.0038,0.00136,0.00403
CX2_33,5,191,0.97064,0.96231,0.00834,0.0038,0.00177,0.00419
CX2_33,5,192,0.97064,0.95573,0.01491,0.0038,0.00117,0.00397
CX2_33,5,193,0.97026,0.95647,0.01379,0.0038,0.00122,0.00399
CX2_33,5,194,0.97026,0.95659,0.01367,0.0038,0.00192,0.00425
CX2_33,5,195,0.97026,0.96767,0.00259,0.0038,0.00234,0.00446
CX2_33,5,196,0.97026,0.96704,0.00322,0.0038,0.0027,0.00466
CX2_33,5,197,0.98089,0.97087,0.01002,0.0038,0.00272,0.00467
CX2_33,5,198,0.98586,0.97172,0.01414,0.0038,0.00294,0.0048
CX2_33,5,199,0.98586,0.96211,0.02375,0.0038,0.00305,0.00487
CX2_33,5,200,0.98089,0.96196,0.01892,0.0038,0.00416,0.00563
CX2_33,5,201,0.97542,0.96208,0.01335,0.0038,0.00215,0.00436
CX2_33,5,202,0.97542,0.96312,0.01231,0.0038,0.00343,0.00512
CX2_33,5,203,0.97542,0.96641,0.00901,0.0038,0.00363,0.00525
CX2_33,5,204,0.98066,0.96654,0.01412,0.0038,0.00243,0.00451
CX2_33,5,205,0.98078,0.96671,0.01408,0.0038,0.00302,0.00485
CX2_33,5,206,0.98106,0.96697,0.01409,0.0038,0.00279,0.00471
CX2_33,5,207,0.98078,0.96692,0.01386,0.0038,0.00158,0.00411
CX2_33,5,208,0.98078,0.96684,0.01394,0.0038,0.00095,0.00391
CX2_33,5,209,0.98037,0.9665,0.01387,0.0038,0.00063,0.00385
CX2_33,5,210,0.98006,0.96605,0.01401,0.0038,0.00034,0.00381
CX2_33,5,211,0.97973,0.96591,0.01382,0.0038,0.00032,0.00381
CX2_33,5,212,0.97934,0.96602,0.01332,0.0038,9e-05,0.0038
CX2_33,5,213,0.97926,0.96602,0.01324,0.0038,7e-05,0.0038
CX2_33,5,214,0.97916,0.96595,0.01322,0.0038,7e-05,0.0038
CX2_33,5,215,0.97909,0.95891,0.02018,0.0038,0.00068,0.00386
CX2_33,5,216,0.97892,0.95564,0.02328,0.0038,0.00138,0.00404
CX2_33,5,217,0.96805,0.95555,0.0125,0.0038,0.0011,0.00395
CX2_33,5,218,0.96732,0.954,0.01332,0.0038,0.00111,0.00396
CX2_33,5,219,0.96732,0.96085,0.00647,0.0038,0.00183,0.00421
CX2_33,5,220,0.96805,0.96155,0.0065,0.0038,0.00265,0.00463
CX2_33,5,221,0.96703,0.95233,0.0147,0.0038,0.00253,0.00456
CX2_33,5,222,0.96365,0.95261,0.01104,0.0038,0.00208,0.00433
CX2_33,5,223,0.96365,0.95277,0.01089,0.0038,0.00109,0.00395
CX2_33,5,224,0.96365,0.95609,0.00757,0.0038,0.00319,0.00496
CX2_33,5,225,0.96365,0.95961,0.00405,0.0038,0.00353,0.00518
CX2_33,5,226,0.96365,0.80624,0.15741,0.0038,0.00416,0.00563
CX2_33,5,227,0.96385,0.95148,0.01237,0.0038,0.00379,0.00537
CX2_33,5,228,0.96385,0.95229,0.01156,0.0038,0.00335,0.00506
CX2_33,5,229,0.96272,0.95114,0.01158,0.0038,0.00356,0.00521
CX2_33,5,231,0.96272,0.95822,0.0045,0.0038,0.00347,0.00515
CX2_33,5,232,0.96002,0.95279,0.00722,0.0038,0.0032,0.00496
CX2_33,5,233,0.96002,0.94949,0.01053,0.0038,0.00308,0.00489
CX2_33,5,234,0.96006,0.94952,0.01054,0.0038,0.00284,0.00474
CX2_33,5,235,0.96006,0.94068,0.01939,0.0038,0.00528,0.0065
CX2_33,5,236,0.96006,0.95188,0.00818,0.0038,0.00149,0.00408
CX2_33,5,237,0.96299,0.95418,0.00882,0.0038,0.00199,0.00429
CX2_33,5,238,0.96006,0.93887,0.02119,0.0038,0.00435,0.00578
CX2_33,5,239,0.94678,0.93896,0.00782,0.0038,0.00585,0.00698
CX2_33,5,240,0.94662,0.93717,0.00945,0.0038,0.00298,0.00483
CX2_33,5,241,0.94662,0.94121,0.00541,0.0038,0.00603,0.00712
CX2_33,5,242,0.94662,0.94885,0.00224,0.0038,0.00528,0.0065
CX2_33,5,243,0.96303,0.95059,0.01245,0.0038,0.00538,0.00659
CX2_33,5,244,0.96304,0.95168,0.01136,0.0038,0.00641,0.00745
CX2_33,5,245,0.96304,0.95108,0.01196,0.0038,0.00465,0.006
CX2_33,5,246,0.96304,0.95774,0.0053,0.0038,0.00302,0.00485
CX2_33,5,247,0.9634,0.96459,0.0012,0.0038,0.00249,0.00454
CX2_33,5,248,0.9634,0.95489,0.0085,0.0038,0.00413,0.00561
CX2_33,5,249,0.96193,0.94895,0.01298,0.0038,0.00617,0.00724
CX2_33,5,250,0.96193,0.94726,0.01467,0.0038,0.00115,0.00397
CX2_33,5,251,0.95834,0.94346,0.01488,0.0038,0.00126,0.004
CX2_33,5,252,0.95834,0.95409,0.00425,0.0038,0.00142,0.00405
CX2_33,5,253,0.96193,0.95597,0.00596,0.0038,0.00379,0.00536
CX2_33,5,254,0.95772,0.94095,0.01677,0.0038,0.00496,0.00625
CX2_33,5,255,0.9478,0.93944,0.00836,0.0038,0.00596,0.00707
CX2_33,5,256,0.9468,0.93884,0.00796,0.0038,0.00236,0.00447
CX2_33,5,257,0.9462,0.93529,0.01091,0.0038,0.00134,0.00403
CX2_33,5,258,0.9462,0.93904,0.00716,0.0038,0.00335,0.00506
CX2_33,5,259,0.9468,0.94608,0.00073,0.0038,0.00551,0.00669
CX2_33,5,261,0.93934,0.93281,0.00653,0.0038,0.00489,0.00619
CX2_33,5,262,0.93763,0.93268,0.00496,0.0038,0.00419,0.00566
CX2_33,5,263,0.93586,0.93091,0.00494,0.0038,0.00205,0.00432
CX2_33,5,264,0.93586,0.93706,0.0012,0.0038,0.00159,0.00412
CX2_33,5,265,0.93763,0.94231,0.00468,0.0038,0.0054,0.0066
CX2_33,5,266,0.93586,0.93261,0.00325,0.0038,0.00634,0.00739
CX2_33,5,267,0.93586,0.93061,0.00524,0.0038,0.00629,0.00735
CX2_33,5,268,0.93548,0.92839,0.00708,0.0038,0.00282,0.00473
CX2_33,5,269,0.93203,0.92729,0.00474,0.0038,0.0046,0.00596
CX2_33,5,270,0.93203,0.93734,0.00531,0.0038,0.00213,0.00435
CX2_33,5,271,0.93548,0.93568,0.0002,0.0038,0.00265,0.00463
CX2_33,5,272,0.93203,0.92796,0.00407,0.0038,0.00268,0.00465
CX2_33,5,273,0.93332,0.93042,0.0029,0.0038,0.00489,0.00619
CX2_33,5,274,0.93473,0.9304,0.00433,0.0038,0.00259,0.0046
CX2_33,5,276,0.93332,0.93751,0.00419,0.0038,0.00304,0.00487
CX2_33,5,277,0.93332,0.9346,0.00128,0.0038,0.00367,0.00528
CX2_33,5,278,0.93473,0.93014,0.00459,0.0038,0.00362,0.00525
CX2_33,5,279,0.93632,0.93041,0.00591,0.0038,0.00271,0.00467
CX2_33,5,280,0.93632,0.92963,0.00669,0.0038,0.00154,0.0041
CX2_33,5,281,0.93632,0.9346,0.00172,0.0038,0.00268,0.00465
CX2_33,5,282,0.9379,0.93689,0.00101,0.0038,0.003,0.00484
CX2_33,5,283,0.94822,0.93776,0.01047,0.0038,0.00217,0.00437
CX2_33,5,284,0.94912,0.93806,0.01106,0.0038,0.00281,0.00473
CX2_33,5,285,0.94933,0.93834,0.01099,0.0038,0.00204,0.00431
CX2_33,5,286,0.94981,0.93965,0.01015,0.0038,0.00131,0.00402
CX2_33,5,287,0.94983,0.94016,0.00967,0.0038,0.00118,0.00398
CX2_33,5,288,0.95127,0.94031,0.01096,0.0038,0.00164,0.00413
CX2_33,5,289,0.95158,0.94,0.01158,0.0038,0.00092,0.00391
CX2_33,5,290,0.95188,0.94015,0.01173,0.0038,0.00023,0.0038
CX2_33,5,292,0.95158,0.93845,0.01313,0.0038,0.00273,0.00468
CX2_33,5,293,0.95158,0.93857,0.013,0.0038,0.00182,0.00421
CX2_33,5,294,0.9512,0.93345,0.01775,0.0038,0.00331,0.00504
CX2_33,5,295,0.93595,0.92722,0.00872,0.0038,0.00263,0.00462
CX2_33,5,296,0.93595,0.92629,0.00966,0.0038,0.00201,0.0043
CX2_33,5,297,0.93187,0.92572,0.00615,0.0038,0.00217,0.00438
CX2_33,5,298,0.93187,0.93181,7e-05,0.0038,0.00464,0.006
CX2_33,5,299,0.93595,0.93462,0.00133,0.0038,0.00606,0.00715
CX2_33,5,300,0.93187,0.92499,0.00688,0.0038,0.00584,0.00696
CX2_33,5,301,0.93251,0.92433,0.00818,0.0038,0.004,0.00551
CX2_33,5,302,0.93251,0.92404,0.00847,0.0038,0.00172,0.00417
CX2_33,5,303,0.92836,0.92282,0.00554,0.0038,0.00147,0.00407
CX2_33,5,304,0.92836,0.93127,0.00292,0.0038,0.00187,0.00423
CX2_33,5,305,0.9295,0.92816,0.00134,0.0038,0.00147,0.00407
CX2_33,5,306,0.9295,0.92892,0.00058,0.0038,0.00299,0.00483
CX2_33,5,307,0.93478,0.93535,0.00057,0.0038,0.0035,0.00516
CX2_33,5,308,0.94299,0.94386,0.00086,0.0038,0.00404,0.00554
CX2_33,5,309,0.93478,0.93836,0.00359,0.0038,0.00353,0.00519
CX2_33,5,310,0.93991,0.93388,0.00603,0.0038,0.00299,0.00483
CX2_33,5,311,0.94187,0.93316,0.0087,0.0038,0.001,0.00393
CX2_33,5,312,0.93991,0.93293,0.00699,0.0038,0.00317,0.00495
CX2_33,5,313,0.93991,0.93846,0.00146,0.0038,0.00391,0.00545
CX2_33,5,314,0.94187,0.93936,0.00251,0.0038,0.00381,0.00538
CX2_33,5,315,0.94187,0.93032,0.01155,0.0038,0.00464,0.006
CX2_33,5,316,0.93617,0.93013,0.00604,0.0038,0.00336,0.00507
CX2_33,5,317,0.93569,0.93034,0.00535,0.0038,0.00193,0.00426
CX2_33,5,318,0.93569,0.93159,0.00411,0.0038,0.00177,0.00419
CX2_33,5,319,0.93569,0.93524,0.00045,0.0038,0.00245,0.00452
CX2_33,5,320,0.93569,0.92943,0.00626,0.0038,0.00356,0.00521
CX2_33,5,321,0.93569,0.92521,0.01048,0.0038,0.00432,0.00575
CX2_33,5,322,0.92909,0.92529,0.0038,0.0038,0.00281,0.00473
CX2_33,5,323,0.92904,0.92385,0.00519,0.0038,0.00257,0.00459
CX2_33,5,324,0.92904,0.9308,0.00176,0.0038,0.00241,0.0045
CX2_33,5,325,0.92909,0.93334,0.00424,0.0038,0.00431,0.00575
CX2_33,5,326,0.93162,0.92694,0.00468,0.0038,0.00368,0.00529
CX2_33,5,327,0.93339,0.92651,0.00688,0.0038,0.00362,0.00525
CX2_33,5,328,0.93357,0.92739,0.00618,0.0038,0.00163,0.00413
CX2_33,5,329,0.93357,0.92709,0.00648,0.0038,0.00078,0.00388
CX2_33,5,330,0.93357,0.93366,8e-05,0.0038,0.00078,0.00388
CX2_33,5,331,0.93448,0.93432,0.00016,0.0038,0.00112,0.00396
CX2_33,5,332,0.94526,0.93478,0.01048,0.0038,0.00255,0.00457
CX2_33,5,333,0.94543,0.93506,0.01037,0.0038,0.00273,0.00468
CX2_33,5,334,0.946,0.93557,0.01042,0.0038,0.00222,0.0044
CX2_33,5,335,0.94631,0.93591,0.0104,0.0038,0.00122,0.00399
CX2_33,5,336,0.94705,0.93627,0.01078,0.0038,0.00128,0.00401
CX2_33,5,337,0.94708,0.9366,0.01048,0.0038,0.00141,0.00405
CX2_33,5,338,0.94756,0.9364,0.01116,0.0038,0.00081,0.00388
CX2_33,5,339,0.94812,0.93651,0.0116,0.0038,0.00012,0.0038
CX2_33,5,340,0.9488,0.93705,0.01175,0.0038,9e-05,0.0038
CX2_33,5,342,0.9488,0.93615,0.01264,0.0038,0.00265,0.00463
CX2_33,5,343,0.94853,0.93013,0.0184,0.0038,0.00245,0.00452
CX2_33,5,344,0.93947,0.92902,0.01045,0.0038,0.00183,0.00421
CX2_33,5,345,0.93792,0.92718,0.01074,0.0038,0.00146,0.00407
CX2_33,5,346,0.93792,0.92623,0.01169,0.0038,0.00103,0.00393
CX2_33,5,347,0.93792,0.93293,0.00499,0.0038,0.00279,0.00471
CX2_33,5,348,0.93947,0.93233,0.00714,0.0038,0.00358,0.00522
CX2_33,5,349,0.93644,0.92591,0.01053,0.0038,0.00287,0.00476
CX2_33,5,350,0.93526,0.92556,0.00969,0.0038,0.00277,0.0047
CX2_33,5,352,0.93298,0.92586,0.00712,0.0038,0.00363,0.00525
CX2_33,5,353,0.93298,0.93321,0.00022,0.0038,0.00194,0.00426
CX2_33,5,354,0.93392,0.93082,0.0031,0.0038,0.00218,0.00438
CX2_33,5,356,0.93393,0.95491,0.02098,0.0038,0.00527,0.0065
CX2_33,5,357,0.94179,0.93722,0.00457,0.0038,0.0032,0.00497
CX2_33,5,358,0.94179,0.94721,0.00542,0.0038,0.00478,0.00611
CX2_33,5,360,0.94179,0.93648,0.00531,0.0038,0.00968,0.0104
CX2_33,5,361,0.94,0.92797,0.01202,0.0038,0.00494,0.00623
CX2_33,5,362,0.93275,0.92291,0.00984,0.0038,0.00463,0.00599
CX2_33,5,363,0.92631,0.92123,0.00509,0.0038,0.00396,0.00549
CX2_33,5,364,0.93275,0.93211,0.00064,0.0038,0.00582,0.00695
CX2_33,5,365,0.93275,0.93489,0.00214,0.0038,0.00582,0.00695
CX2_33,5,366,0.92565,0.91934,0.0063,0.0038,0.00358,0.00522
CX2_33,5,367,0.92448,0.91698,0.0075,0.0038,0.00262,0.00462
CX2_33,5,368,0.92165,0.91513,0.00652,0.0038,0.00226,0.00442
CX2_33,5,369,0.92165,0.91812,0.00353,0.0038,0.0041,0.00559
CX2_33,5,370,0.92165,0.92556,0.00391,0.0038,0.00568,0.00683
CX2_33,5,371,0.91605,0.9174,0.00135,0.0038,0.00304,0.00486
CX2_33,5,372,0.91552,0.91077,0.00475,0.0038,0.00326,0.00501
CX2_33,5,373,0.91303,0.90966,0.00337,0.0038,0.00581,0.00694
CX2_33,5,375,0.90838,0.90551,0.00286,0.0038,0.00623,0.0073
CX2_33,5,376,0.90429,0.90439,0.0001,0.0038,0.00623,0.0073
CX2_33,5,377,0.90404,0.9032,0.00085,0.0038,0.00524,0.00647
CX2_33,5,378,0.90404,0.90415,0.0001,0.0038,0.00437,0.00579
CX2_33,5,379,0.90429,0.90906,0.00477,0.0038,0.0017,0.00416
CX2_33,5,380,0.90776,0.91037,0.0026,0.0038,0.00235,0.00447
CX2_33,5,381,0.911,0.9103,0.0007,0.0038,0.0014,0.00405
CX2_33,5,382,0.911,0.91096,4e-05,0.0038,0.00196,0.00427
CX2_33,5,383,0.91143,0.91157,0.00014,0.0038,0.0032,0.00497
CX2_33,5,384,0.91143,0.91193,0.0005,0.0038,0.00051,0.00383
CX2_33,5,385,0.91284,0.91195,0.00088,0.0038,0.00062,0.00385
CX2_33,5,386,0.91284,0.91136,0.00147,0.0038,0.00064,0.00385
CX2_33,5,387,0.91284,0.91069,0.00214,0.0038,0.00068,0.00386
CX2_33,5,388,0.91276,0.91013,0.00263,0.0038,0.00041,0.00382
CX2_33,5,389,0.91251,0.90972,0.00279,0.0038,0.00023,0.0038
CX2_33,5,390,0.91251,0.90989,0.00261,0.0038,0.00025,0.00381
CX2_33,5,391,0.91276,0.91018,0.00258,0.0038,0.00022,0.0038
CX2_33,5,392,0.91276,0.90965,0.00311,0.0038,0.00027,0.00381
CX2_33,5,393,0.91245,0.90921,0.00324,0.0038,0.0002,0.0038
CX2_33,5,394,0.91274,0.90862,0.00412,0.0038,0.00022,0.0038
CX2_33,5,396,0.91199,0.91102,0.00096,0.0038,0.0023,0.00444
CX2_33,5,397,0.91274,0.91136,0.00139,0.0038,0.00175,0.00418
CX2_33,5,398,0.91274,0.90877,0.00397,0.0038,0.00111,0.00396
CX2_33,5,399,0.91172,0.90765,0.00407,0.0038,0.00052,0.00383
CX2_33,5,400,0.91172,0.90722,0.00451,0.0038,0.00082,0.00388
CX2_33,5,401,0.91172,0.91008,0.00165,0.0038,0.00139,0.00404
CX2_33,5,402,0.91172,0.91152,0.00021,0.0038,0.00239,0.00449
CX2_33,5,403,0.91294,0.90902,0.00392,0.0038,0.00208,0.00433
CX2_33,5,404,0.91294,0.90748,0.00547,0.0038,0.00265,0.00463
CX2_33,5,405,0.91294,0.90727,0.00568,0.0038,0.00106,0.00394
CX2_33,5,406,0.91374,0.91567,0.00193,0.0038,0.00133,0.00402
CX2_33,5,407,0.91374,0.91213,0.00161,0.0038,0.00099,0.00392
CX2_33,5,408,0.9147,0.90962,0.00507,0.0038,0.00122,0.00399
CX2_33,5,409,0.9147,0.90768,0.00702,0.0038,0.00157,0.00411
CX2_33,5,411,0.91255,0.90653,0.00601,0.0038,0.00386,0.00542
CX2_33,5,412,0.91095,0.90645,0.0045,0.0038,0.00165,0.00414
CX2_33,5,413,0.91072,0.90401,0.00671,0.0038,0.00091,0.0039
CX2_33,5,414,0.9079,0.90165,0.00624,0.0038,0.00091,0.0039
CX2_33,5,415,0.9079,0.8984,0.00949,0.0038,0.0008,0.00388
CX2_33,5,417,0.90203,0.89821,0.00382,0.0038,0.00127,0.004
CX2_33,5,418,0.90203,0.89831,0.00372,0.0038,0.00179,0.0042
CX2_33,5,419,0.90085,0.89598,0.00488,0.0038,0.00359,0.00523
CX2_33,5,420,0.8971,0.89492,0.00218,0.0038,0.00106,0.00394
CX2_33,5,421,0.8971,0.89376,0.00334,0.0038,0.00128,0.00401
CX2_33,5,422,0.8964,0.89283,0.00356,0.0038,0.0016,0.00412
CX2_33,5,423,0.89606,0.89337,0.00269,0.0038,0.00312,0.00491
CX2_33,5,424,0.89416,0.89298,0.00118,0.0038,0.0037,0.0053
CX2_33,5,425,0.8939,0.89256,0.00134,0.0038,0.00387,0.00542
CX2_33,5,426,0.8924,0.89188,0.00053,0.0038,0.0008,0.00388
CX2_33,5,427,0.89122,0.89165,0.00043,0.0038,0.00044,0.00382
CX2_33,5,428,0.89122,0.89135,0.00013,0.0038,0.0002,0.0038
CX2_33,5,429,0.89122,0.89058,0.00064,0.0038,0.00024,0.00381
CX2_33,5,430,0.89107,0.89045,0.00063,0.0038,0.00027,0.00381
CX2_33,5,431,0.89083,0.8899,0.00093,0.0038,0.00027,0.00381
CX2_33,5,432,0.89003,0.88906,0.00097,0.0038,0.00039,0.00382
CX2_33,5,433,0.89003,0.89061,0.00058,0.0038,0.00038,0.00382
CX2_33,5,434,0.89083,0.9,0.00917,0.0038,0.00093,0.00391
CX2_33,5,435,0.89003,0.89709,0.00706,0.0038,0.00076,0.00387
CX2_33,5,436,0.89164,0.89161,2e-05,0.0038,0.00065,0.00385
CX2_33,5,437,0.89164,0.88954,0.0021,0.0038,0.00065,0.00385
CX2_33,5,438,0.88905,0.88799,0.00106,0.0038,0.00078,0.00388
CX2_33,5,439,0.88905,0.88809,0.00097,0.0038,0.00096,0.00392
CX2_33,5,440,0.89124,0.88896,0.00228,0.0038,0.00076,0.00387
CX2_33,5,441,0.89124,0.88906,0.00219,0.0038,0.0009,0.0039
CX2_33,5,442,0.89124,0.88638,0.00486,0.0038,0.00108,0.00395
CX2_33,5,443,0.89124,0.88537,0.00588,0.0038,0.00115,0.00397
CX2_33,5,444,0.88714,0.8845,0.00264,0.0038,0.0011,0.00395
CX2_33,5,445,0.88714,0.8855,0.00164,0.0038,0.00096,0.00392
CX2_33,5,446,0.8864,0.8885,0.0021,0.0038,0.00073,0.00387
CX2_33,5,447,0.88504,0.88541,0.00038,0.0038,0.00074,0.00387
CX2_33,5,448,0.8846,0.88167,0.00292,0.0038,0.00061,0.00385
CX2_33,5,449,0.88304,0.87918,0.00386,0.0038,0.00065,0.00385
CX2_33,5,450,0.87838,0.87845,7e-05,0.0038,0.00054,0.00384
CX2_33,5,451,0.87838,0.87994,0.00156,0.0038,0.00108,0.00395
CX2_33,5,452,0.87838,0.88134,0.00296,0.0038,0.00133,0.00402
CX2_33,5,453,0.87608,0.87927,0.00319,0.0038,0.0014,0.00405
CX2_33,5,454,0.87517,0.87696,0.00179,0.0038,0.00147,0.00407
CX2_33,5,455,0.87475,0.8766,0.00185,0.0038,0.00124,0.00399
CX2_33,5,456,0.87475,0.8896,0.01485,0.0038,0.00189,0.00424
CX2_33,5,457,0.87475,0.8912,0.01645,0.0038,0.0028,0.00472
CX2_33,5,458,0.8905,0.88951,0.00099,0.0038,0.00183,0.00421
CX2_33,5,459,0.8905,0.88838,0.00212,0.0038,0.0029,0.00478
CX2_33,5,460,0.8905,0.8876,0.0029,0.0038,0.00283,0.00474
CX2_33,5,461,0.88829,0.88877,0.00048,0.0038,0.00308,0.00489
CX2_33,5,462,0.88829,0.88898,0.00069,0.0038,0.00164,0.00414
CX2_33,5,463,0.88806,0.88556,0.0025,0.0038,0.00349,0.00516
CX2_33,5,464,0.88696,0.88286,0.00409,0.0038,0.00259,0.0046
CX2_33,5,465,0.88391,0.8848,0.00089,0.0038,0.00112,0.00396
CX2_33,5,466,0.88391,0.88481,0.0009,0.0038,0.00111,0.00395
CX2_33,5,467,0.88391,0.88684,0.00292,0.0038,0.00066,0.00385
CX2_33,5,468,0.88391,0.88531,0.00139,0.0038,0.00064,0.00385
CX2_33,5,469,0.88391,0.88359,0.00032,0.0038,0.00076,0.00387
CX2_33,5,470,0.88332,0.88097,0.00235,0.0038,0.00138,0.00404
CX2_33,5,471,0.88317,0.87901,0.00416,0.0038,0.00209,0.00434
CX2_33,5,472,0.87639,0.87876,0.00236,0.0038,0.00179,0.0042
CX2_33,5,473,0.87533,0.87759,0.00225,0.0038,0.00123,0.00399
CX2_33,5,474,0.87533,0.88067,0.00534,0.0038,0.00144,0.00406
CX2_33,5,475,0.87639,0.8844,0.00801,0.0038,0.00259,0.0046
CX2_33,5,476,0.88443,0.88292,0.00152,0.0038,0.00206,0.00432
CX2_33,5,477,0.88443,0.88182,0.00261,0.0038,0.00229,0.00443
CX2_33,5,478,0.88443,0.88056,0.00388,0.0038,0.00189,0.00424
CX2_33,5,479,0.88455,0.88259,0.00196,0.0038,0.00133,0.00402
CX2_33,5,480,0.88182,0.88238,0.00055,0.0038,0.00147,0.00407
CX2_33,5,481,0.88156,0.87994,0.00162,0.0038,0.0022,0.00439
CX2_33,5,482,0.87984,0.87816,0.00168,0.0038,0.00158,0.00411
CX2_33,5,483,0.87724,0.87718,6e-05,0.0038,0.00058,0.00384
CX2_33,5,484,0.87561,0.87607,0.00046,0.0038,0.00038,0.00382
CX2_33,5,485,0.87521,0.87817,0.00295,0.0038,0.0004,0.00382
CX2_33,5,487,0.87336,0.87519,0.00182,0.0038,0.00206,0.00432
CX2_33,5,488,0.86916,0.87308,0.00392,0.0038,0.00142,0.00405
CX2_33,5,489,0.86874,0.87201,0.00327,0.0038,0.00122,0.00399
CX2_33,5,490,0.86825,0.8709,0.00265,0.0038,0.00059,0.00384
CX2_33,5,491,0.86874,0.87253,0.00379,0.0038,0.00086,0.00389
CX2_33,5,492,0.86892,0.87159,0.00267,0.0038,0.00083,0.00389
CX2_33,5,493,0.86825,0.86987,0.00163,0.0038,0.00098,0.00392
CX2_33,5,494,0.86686,0.86889,0.00203,0.0038,0.00221,0.00439
CX2_33,5,495,0.86531,0.86788,0.00257,0.0038,0.00345,0.00513
CX2_33,5,496,0.86494,0.86781,0.00287,0.0038,0.00042,0.00382
CX2_33,5,497,0.86494,0.87012,0.00518,0.0038,0.00082,0.00389
CX2_33,5,498,0.86494,0.87039,0.00545,0.0038,0.00096,0.00392
CX2_33,5,499,0.86494,0.86774,0.0028,0.0038,0.00103,0.00394
CX2_33,5,500,0.86494,0.86606,0.00112,0.0038,0.00101,0.00393
CX2_33,5,501,0.86244,0.86571,0.00326,0.0038,0.00059,0.00384
CX2_33,5,502,0.86122,0.86503,0.00381,0.0038,0.00031,0.00381
CX2_33,5,503,0.86096,0.86438,0.00342,0.0038,0.00036,0.00381
CX2_33,5,504,0.86038,0.8638,0.00343,0.0038,0.0001,0.0038
CX2_33,5,505,0.85931,0.86353,0.00422,0.0038,0.00049,0.00383
CX2_33,5,506,0.85852,0.86267,0.00416,0.0038,0.00047,0.00383
CX2_33,5,507,0.85807,0.86202,0.00394,0.0038,0.0004,0.00382
CX2_33,5,508,0.85747,0.8614,0.00393,0.0038,0.00011,0.0038
CX2_33,5,509,0.85747,0.86267,0.0052,0.0038,0.00047,0.00383
CX2_33,5,510,0.85747,0.8633,0.00584,0.0038,0.00069,0.00386
CX2_33,5,511,0.85659,0.86123,0.00464,0.0038,0.00052,0.00383
CX2_33,5,512,0.85724,0.86147,0.00423,0.0038,0.00055,0.00384
CX2_33,5,513,0.85724,0.86083,0.00359,0.0038,0.00051,0.00383
CX2_33,5,514,0.85724,0.86301,0.00577,0.0038,0.00073,0.00387
CX2_33,5,515,0.85724,0.86552,0.00829,0.0038,0.00061,0.00385
CX2_33,5,516,0.85748,0.86388,0.0064,0.0038,0.00062,0.00385
CX2_33,5,517,0.85748,0.86249,0.00501,0.0038,0.00062,0.00385
CX2_33,5,518,0.85748,0.86024,0.00276,0.0038,0.00066,0.00385
CX2_33,5,519,0.85691,0.85988,0.00296,0.0038,0.00086,0.00389
CX2_33,5,520,0.8569,0.86169,0.00479,0.0038,0.00091,0.00391
CX2_33,5,521,0.85449,0.86072,0.00624,0.0038,0.00066,0.00385
CX2_33,5,522,0.85388,0.85892,0.00504,0.0038,0.00098,0.00392
CX2_33,5,523,0.85338,0.85845,0.00506,0.0038,0.00051,0.00383
CX2_33,5,524,0.85449,0.86694,0.01245,0.0038,0.00123,0.00399
CX2_33,5,525,0.85449,0.86921,0.01473,0.0038,0.00267,0.00464
CX2_33,5,526,0.86876,0.87001,0.00125,0.0038,0.00214,0.00436
CX2_33,5,527,0.87053,0.86878,0.00175,0.0038,0.00142,0.00405
CX2_33,5,528,0.87053,0.86761,0.00292,0.0038,0.00243,0.00451
CX2_33,5,529,0.87053,0.86707,0.00346,0.0038,0.00347,0.00515
CX2_33,5,530,0.86833,0.86658,0.00175,0.0038,0.0029,0.00478
CX2_33,5,531,0.865,0.86337,0.00163,0.0038,0.00361,0.00524
CX2_33,5,532,0.86471,0.86218,0.00254,0.0038,0.00197,0.00428
CX2_33,5,533,0.86033,0.86105,0.00072,0.0038,0.00096,0.00392
CX2_33,5,534,0.85804,0.86001,0.00197,0.0038,0.00059,0.00384
CX2_33,5,535,0.857,0.85918,0.00217,0.0038,0.00042,0.00382
CX2_33,5,536,0.85574,0.86021,0.00447,0.0038,0.00064,0.00385
CX2_33,5,537,0.85365,0.8582,0.00455,0.0038,0.00057,0.00384
CX2_33,5,538,0.85283,0.85796,0.00513,0.0038,0.00051,0.00383
CX2_33,5,539,0.8523,0.85698,0.00468,0.0038,0.00043,0.00382
CX2_33,5,540,0.85071,0.85613,0.00542,0.0038,0.00042,0.00382
CX2_33,5,541,0.8523,0.85879,0.00649,0.0038,0.00065,0.00385
CX2_33,5,542,0.85283,0.85889,0.00606,0.0038,0.00114,0.00396
CX2_33,5,543,0.85256,0.85777,0.0052,0.0038,0.00104,0.00394
CX2_33,5,544,0.85307,0.85768,0.00461,0.0038,0.00085,0.00389
CX2_33,5,545,0.85326,0.85776,0.00451,0.0038,0.00061,0.00385
CX2_33,5,546,0.85326,0.85994,0.00669,0.0038,0.00071,0.00386
CX2_33,5,547,0.85326,0.86003,0.00677,0.0038,0.00085,0.00389
CX2_33,5,548,0.85326,0.85832,0.00507,0.0038,0.00068,0.00386
CX2_33,5,549,0.85326,0.85688,0.00362,0.0038,0.00101,0.00393
CX2_33,5,550,0.85304,0.85379,0.00075,0.0038,0.00058,0.00384
CX2_33,5,551,0.85164,0.85358,0.00195,0.0038,0.00084,0.00389
CX2_33,5,552,0.84991,0.85538,0.00547,0.0038,0.00077,0.00387
CX2_33,5,553,0.84849,0.85441,0.00592,0.0038,0.00099,0.00392
CX2_33,5,554,0.84678,0.85199,0.00521,0.0038,0.00123,0.00399
CX2_33,5,556,0.84231,0.84903,0.00672,0.0038,0.00364,0.00526
CX2_33,5,557,0.84003,0.8491,0.00907,0.0038,0.003,0.00484
CX2_33,5,558,0.84003,0.85141,0.01138,0.0038,0.00123,0.00399
CX2_33,5,559,0.84003,0.85262,0.01259,0.0038,0.00109,0.00395
CX2_33,5,560,0.84262,0.85161,0.00899,0.0038,0.00143,0.00406
CX2_33,5,561,0.84262,0.85078,0.00817,0.0038,0.00143,0.00406
CX2_33,5,562,0.84262,0.85062,0.008,0.0038,0.00227,0.00442
CX2_33,5,563,0.84262,0.85078,0.00817,0.0038,0.00309,0.0049
CX2_33,5,564,0.84262,0.85334,0.01073,0.0038,0.00428,0.00572
CX2_33,5,565,0.84267,0.85331,0.01064,0.0038,0.00089,0.0039
CX2_33,5,566,0.84304,0.85166,0.00862,0.0038,0.00102,0.00393
CX2_33,5,567,0.84304,0.8513,0.00826,0.0038,0.00081,0.00388
CX2_33,5,568,0.8438,0.85111,0.00731,0.0038,0.00062,0.00385
CX2_33,5,569,0.84304,0.85072,0.00768,0.0038,0.00049,0.00383
CX2_33,5,570,0.84304,0.85362,0.01058,0.0038,0.0004,0.00382
CX2_33,5,571,0.8438,0.85382,0.01002,0.0038,0.0009,0.0039
CX2_33,5,572,0.8438,0.85099,0.00719,0.0038,0.00071,0.00386
CX2_33,5,573,0.84274,0.84983,0.00709,0.0038,0.00061,0.00385
CX2_33,5,574,0.84706,0.85647,0.00941,0.0038,0.00118,0.00398
CX2_33,5,575,0.84806,0.85821,0.01015,0.0038,0.00139,0.00404
CX2_33,5,576,0.85491,0.85744,0.00253,0.0038,0.00122,0.00399
CX2_33,5,577,0.85491,0.85589,0.00097,0.0038,0.00196,0.00427
CX2_33,5,578,0.85491,0.85505,0.00013,0.0038,0.00177,0.00419
CX2_33,5,579,0.85288,0.85576,0.00288,0.0038,0.00188,0.00424
CX2_33,5,580,0.85144,0.85466,0.00321,0.0038,0.0022,0.00439
CX2_33,5,581,0.85095,0.85125,0.0003,0.0038,0.00304,0.00486
CX2_33,5,582,0.84954,0.84966,0.00013,0.0038,0.00127,0.004
CX2_33,5,584,0.84244,0.84718,0.00474,0.0038,0.0039,0.00545
CX2_33,5,585,0.84244,0.85099,0.00855,0.0038,0.00222,0.0044
CX2_33,5,586,0.84244,0.8512,0.00876,0.0038,0.00118,0.00398
CX2_33,5,587,0.84385,0.85092,0.00707,0.0038,0.00205,0.00432
CX2_33,5,588,0.84385,0.84985,0.006,0.0038,0.00125,0.004
CX2_33,5,589,0.84385,0.84701,0.00315,0.0038,0.00155,0.0041
CX2_33,5,590,0.84385,0.84617,0.00232,0.0038,0.00294,0.0048
CX2_33,5,591,0.84385,0.84976,0.00591,0.0038,0.00486,0.00617
CX2_33,5,593,0.83955,0.86464,0.02509,0.0038,0.00109,0.00395
CX2_33,5,594,0.83955,0.847,0.00745,0.0038,0.00171,0.00416
CX2_33,5,595,0.83595,0.84411,0.00816,0.0038,0.00139,0.00404
CX2_33,5,596,0.83274,0.84264,0.0099,0.0038,0.00064,0.00385
CX2_33,5,597,0.83274,0.84115,0.00841,0.0038,0.00101,0.00393
CX2_33,5,598,0.83274,0.84316,0.01043,0.0038,0.00175,0.00418
CX2_33,5,599,0.83274,0.84316,0.01042,0.0038,0.00193,0.00426
CX2_33,5,600,0.83119,0.84022,0.00903,0.0038,0.00215,0.00436
CX2_33,5,601,0.8294,0.83914,0.00974,0.0038,0.00277,0.0047
CX2_33,5,602,0.82757,0.83871,0.01113,0.0038,0.00213,0.00435
CX2_33,5,603,0.82757,0.83925,0.01167,0.0038,0.00073,0.00387
CX2_33,5,604,0.82757,0.84042,0.01285,0.0038,0.00115,0.00397
CX2_33,5,605,0.82954,0.84033,0.01079,0.0038,0.0012,0.00398
CX2_33,5,606,0.82954,0.83988,0.01033,0.0038,0.0012,0.00398
CX2_33,5,607,0.82954,0.83968,0.01014,0.0038,0.00064,0.00385
CX2_33,5,608,0.82833,0.83928,0.01095,0.0038,0.00064,0.00385
CX2_33,5,609,0.82833,0.84108,0.01275,0.0038,0.00074,0.00387
CX2_33,5,610,0.82833,0.84277,0.01444,0.0038,0.00072,0.00387
CX2_33,5,611,0.82833,0.84021,0.01188,0.0038,0.00089,0.0039
CX2_33,5,612,0.82772,0.83873,0.011,0.0038,0.00045,0.00382
CX2_33,5,613,0.82762,0.83558,0.00796,0.0038,0.00054,0.00383
CX2_33,5,614,0.82666,0.83386,0.00719,0.0038,0.00153,0.00409
CX2_33,5,615,0.82575,0.83532,0.00957,0.0038,0.00153,0.00409
CX2_33,5,616,0.82575,0.83651,0.01076,0.0038,0.00119,0.00398
CX2_33,5,617,0.82213,0.83513,0.01299,0.0038,0.00119,0.00398
CX2_33,5,618,0.82213,0.8316,0.00947,0.0038,0.0014,0.00405
CX2_33,5,619,0.82213,0.83046,0.00833,0.0038,0.00165,0.00414
CX2_33,5,620,0.81702,0.8305,0.01348,0.0038,0.00144,0.00406
CX2_33,5,621,0.81702,0.83522,0.0182,0.0038,0.00191,0.00425
CX2_33,5,622,0.81702,0.8347,0.01768,0.0038,0.00239,0.00449
CX2_33,5,623,0.81955,0.83327,0.01372,0.0038,0.00227,0.00442
CX2_33,5,624,0.81955,0.83091,0.01136,0.0038,0.00254,0.00457
CX2_33,5,625,0.81955,0.82905,0.0095,0.0038,0.00194,0.00426
CX2_33,5,626,0.81406,0.82863,0.01457,0.0038,0.00123,0.00399
CX2_33,5,627,0.81406,0.83044,0.01638,0.0038,0.00089,0.0039
CX2_33,5,628,0.81406,0.82884,0.01479,0.0038,0.00154,0.0041
CX2_33,5,629,0.81406,0.82749,0.01343,0.0038,0.00143,0.00406
CX2_33,5,630,0.81317,0.82667,0.0135,0.0038,0.00118,0.00398
CX2_33,5,631,0.81214,0.82597,0.01383,0.0038,0.00111,0.00396
CX2_33,5,632,0.81095,0.82611,0.01516,0.0038,0.00076,0.00387
CX2_33,5,633,0.81095,0.82839,0.01744,0.0038,0.00044,0.00382
CX2_33,5,634,0.81214,0.83043,0.01829,0.0038,0.00098,0.00392
CX2_33,5,635,0.81341,0.82876,0.01535,0.0038,0.00099,0.00393
CX2_33,5,636,0.81341,0.8264,0.01299,0.0038,0.00122,0.00399
CX2_33,5,637,0.81341,0.82579,0.01238,0.0038,0.00081,0.00388
CX2_33,5,638,0.81254,0.827,0.01446,0.0038,0.00078,0.00388
CX2_33,5,639,0.81254,0.82745,0.01491,0.0038,0.00088,0.0039
CX2_33,5,640,0.81254,0.82782,0.01528,0.0038,0.00089,0.0039
CX2_33,5,641,0.81343,0.82762,0.01419,0.0038,0.00071,0.00386
CX2_33,5,642,0.81343,0.82747,0.01404,0.0038,0.00043,0.00382
CX2_33,5,643,0.81363,0.83439,0.02076,0.0038,0.00137,0.00404
CX2_33,5,644,0.81492,0.83822,0.0233,0.0038,0.0015,0.00408
CX2_33,5,645,0.81891,0.83394,0.01503,0.0038,0.00145,0.00406
CX2_33,5,646,0.81945,0.8322,0.01275,0.0038,0.00178,0.00419
CX2_33,5,647,0.81945,0.83147,0.01202,0.0038,0.00082,0.00388
CX2_33,5,648,0.81945,0.83291,0.01346,0.0038,0.00072,0.00387
CX2_33,5,649,0.81945,0.83469,0.01524,0.0038,0.00103,0.00394
CX2_33,5,650,0.81945,0.83394,0.01449,0.0038,0.00125,0.004
CX2_33,5,651,0.81922,0.82971,0.01049,0.0038,0.00173,0.00417
CX2_33,5,652,0.81922,0.8275,0.00828,0.0038,0.00168,0.00415
CX2_33,5,653,0.81348,0.82647,0.01299,0.0038,0.00117,0.00397
CX2_33,5,654,0.81348,0.83104,0.01757,0.0038,0.0016,0.00412
CX2_33,5,655,0.81348,0.83135,0.01787,0.0038,0.00166,0.00414
CX2_33,5,656,0.81676,0.83158,0.01482,0.0038,0.00126,0.004
CX2_33,5,657,0.81812,0.83011,0.01199,0.0038,0.0007,0.00386
CX2_33,5,658,0.81812,0.82971,0.01159,0.0038,0.00077,0.00387
CX2_33,5,659,0.81765,0.83014,0.01248,0.0038,0.00074,0.00387
CX2_33,5,660,0.81812,0.83255,0.01444,0.0038,0.00098,0.00392
CX2_33,5,661,0.81812,0.83258,0.01446,0.0038,0.00085,0.00389
CX2_33,5,662,0.81765,0.82976,0.01211,0.0038,0.00127,0.004
CX2_33,5,663,0.82134,0.83109,0.00975,0.0038,0.00082,0.00388
CX2_33,5,664,0.82134,0.82833,0.00699,0.0038,0.00063,0.00385
CX2_33,5,665,0.81764,0.82711,0.00947,0.0038,0.00034,0.00381
CX2_33,5,666,0.81764,0.83,0.01236,0.0038,0.00093,0.00391
CX2_33,5,667,0.81611,0.82853,0.01242,0.0038,0.00104,0.00394
CX2_33,5,668,0.81564,0.82681,0.01117,0.0038,0.00137,0.00404
CX2_33,5,669,0.81469,0.82438,0.00969,0.0038,0.00126,0.004
CX2_33,5,670,0.81469,0.82072,0.00603,0.0038,0.00166,0.00414
CX2_33,5,671,0.8108,0.81943,0.00864,0.0038,0.00134,0.00403
CX2_33,5,673,0.80507,0.82112,0.01605,0.0038,0.00188,0.00424
CX2_33,5,674,0.80507,0.82203,0.01696,0.0038,0.00123,0.00399
CX2_33,5,675,0.80763,0.82167,0.01404,0.0038,0.00223,0.0044
CX2_33,5,676,0.80763,0.81928,0.01165,0.0038,0.00195,0.00427
CX2_33,5,677,0.80763,0.81995,0.01232,0.0038,0.00152,0.00409
CX2_33,5,678,0.80657,0.82043,0.01387,0.0038,0.00155,0.0041
CX2_33,5,679,0.80612,0.82022,0.0141,0.0038,0.00316,0.00494
CX2_33,5,680,0.80583,0.82023,0.0144,0.0038,0.00407,0.00557
CX2_33,5,681,0.80583,0.81929,0.01345,0.0038,0.00472,0.00606
CX2_33,5,682,0.80551,0.81594,0.01043,0.0038,0.00055,0.00384
CX2_33,5,683,0.80447,0.81514,0.01067,0.0038,0.00098,0.00392
CX2_33,5,684,0.80447,0.81877,0.0143,0.0038,0.00038,0.00382
CX2_33,5,685,0.80447,0.8198,0.01533,0.0038,0.00047,0.00383
CX2_33,5,686,0.8048,0.81884,0.01404,0.0038,0.0005,0.00383
CX2_33,5,687,0.8048,0.81773,0.01293,0.0038,0.00052,0.00383
CX2_33,5,688,0.8048,0.81492,0.01012,0.0038,0.00094,0.00391
CX2_33,5,689,0.80265,0.81344,0.0108,0.0038,0.00151,0.00409
CX2_33,5,690,0.80265,0.81706,0.01442,0.0038,0.00175,0.00418
CX2_33,5,691,0.80265,0.81947,0.01683,0.0038,0.00175,0.00418
CX2_33,5,692,0.80212,0.81794,0.01582,0.0038,0.00128,0.00401
CX2_33,5,693,0.80513,0.82344,0.01831,0.0038,0.00195,0.00427
CX2_33,5,694,0.80641,0.83035,0.02394,0.0038,0.00329,0.00502
CX2_33,5,695,0.81784,0.82993,0.01209,0.0038,0.00202,0.0043
CX2_33,5,696,0.81784,0.82834,0.0105,0.0038,0.00249,0.00454
CX2_33,5,697,0.81784,0.82739,0.00955,0.0038,0.00263,0.00462
CX2_33,5,698,0.82109,0.83192,0.01082,0.0038,0.00275,0.00469
CX2_33,5,699,0.82135,0.83186,0.01052,0.0038,0.00186,0.00423
CX2_33,5,700,0.817,0.82949,0.01249,0.0038,0.00269,0.00465
CX2_33,5,701,0.818,0.82932,0.01132,0.0038,0.00224,0.00441
CX2_33,5,702,0.818,0.82679,0.00878,0.0038,0.00129,0.00401
CX2_33,5,703,0.81553,0.82293,0.00739,0.0038,0.00189,0.00424
CX2_33,5,704,0.81073,0.82364,0.0129,0.0038,0.00207,0.00433
CX2_33,5,705,0.81015,0.82426,0.01411,0.0038,0.00202,0.0043
CX2_33,5,706,0.80642,0.82189,0.01547,0.0038,0.00157,0.00411
CX2_33,5,707,0.80574,0.81762,0.01188,0.0038,0.00115,0.00397
CX2_33,5,708,0.80337,0.81624,0.01286,0.0038,0.00099,0.00392
CX2_33,5,709,0.80232,0.81478,0.01246,0.0038,0.00114,0.00396
CX2_33,5,710,0.80232,0.81839,0.01607,0.0038,0.00158,0.00411
CX2_33,5,711,0.80232,0.82076,0.01845,0.0038,0.00167,0.00415
CX2_33,5,712,0.80027,0.8187,0.01844,0.0038,0.00117,0.00397
CX2_33,5,713,0.80027,0.81543,0.01516,0.0038,0.0018,0.0042
CX2_33,5,714,0.80027,0.8144,0.01414,0.0038,0.00154,0.0041
CX2_33,5,715,0.79569,0.81419,0.01851,0.0038,0.00185,0.00422
CX2_33,5,716,0.7946,0.81167,0.01706,0.0038,0.00199,0.00429
CX2_33,5,717,0.7946,0.81324,0.01864,0.0038,0.00224,0.00441
CX2_33,5,718,0.79525,0.81421,0.01895,0.0038,0.00191,0.00425
CX2_33,5,719,0.79525,0.80893,0.01368,0.0038,0.00182,0.00421
CX2_33,5,720,0.7897,0.80795,0.01825,0.0038,0.00173,0.00417
CX2_33,5,721,0.79214,0.80827,0.01613,0.0038,0.00173,0.00417
CX2_33,5,722,0.78687,0.80609,0.01922,0.0038,0.00157,0.00411
CX2_33,5,723,0.78687,0.80913,0.02226,0.0038,0.00193,0.00426
CX2_33,5,724,0.79068,0.80991,0.01923,0.0038,0.002,0.00429
CX2_33,5,725,0.79068,0.80831,0.01763,0.0038,0.00199,0.00429
CX2_33,5,726,0.78673,0.80563,0.0189,0.0038,0.00223,0.0044
CX2_33,5,727,0.78673,0.80477,0.01805,0.0038,0.00198,0.00428
CX2_33,5,728,0.78673,0.80758,0.02085,0.0038,0.00257,0.00458
CX2_33,5,729,0.78673,0.80879,0.02206,0.0038,0.00195,0.00427
CX2_33,5,730,0.78892,0.80798,0.01906,0.0038,0.0014,0.00405
CX2_33,5,731,0.78892,0.8053,0.01638,0.0038,0.00237,0.00448
CX2_33,5,732,0.78892,0.8035,0.01458,0.0038,0.00211,0.00435
CX2_33,5,733,0.78247,0.80256,0.02009,0.0038,0.00236,0.00447
CX2_33,5,734,0.78247,0.80567,0.02319,0.0038,0.00164,0.00414
CX2_33,5,735,0.78247,0.80737,0.0249,0.0038,0.00187,0.00423
CX2_33,5,736,0.78734,0.80606,0.01872,0.0038,0.00177,0.00419
CX2_33,5,737,0.78734,0.80314,0.01579,0.0038,0.00178,0.00419
CX2_33,5,738,0.78734,0.80112,0.01378,0.0038,0.00149,0.00408
CX2_33,5,739,0.77935,0.79999,0.02064,0.0038,0.00067,0.00386
CX2_33,5,740,0.77935,0.80443,0.02508,0.0038,0.00133,0.00402
CX2_33,5,741,0.77935,0.80482,0.02547,0.0038,0.0022,0.00439
CX2_33,5,742,0.78087,0.80254,0.02167,0.0038,0.00204,0.00431
CX2_33,5,743,0.78414,0.81061,0.02646,0.0038,0.0028,0.00472
CX2_33,5,744,0.78636,0.81829,0.03194,0.0038,0.00374,0.00533
CX2_33,5,745,0.79758,0.81843,0.02085,0.0038,0.00333,0.00505
CX2_33,5,746,0.80281,0.81695,0.01414,0.0038,0.00241,0.0045
CX2_33,5,747,0.80281,0.81636,0.01355,0.0038,0.00188,0.00424
CX2_33,5,748,0.80281,0.81722,0.01441,0.0038,0.00253,0.00456
CX2_33,5,749,0.80281,0.82047,0.01766,0.0038,0.00172,0.00417
CX2_33,5,750,0.80281,0.82176,0.01895,0.0038,0.00226,0.00442
CX2_33,5,751,0.80384,0.82027,0.01643,0.0038,0.00137,0.00404
CX2_33,5,752,0.80384,0.81971,0.01587,0.0038,0.00171,0.00416
CX2_33,5,753,0.80384,0.81727,0.01343,0.0038,0.00114,0.00397
CX2_33,5,754,0.80384,0.82045,0.01661,0.0038,0.00173,0.00417
CX2_33,5,755,0.80152,0.819,0.01748,0.0038,0.00158,0.00411
CX2_33,5,756,0.79961,0.81788,0.01827,0.0038,0.00129,0.00401
CX2_33,5,757,0.79891,0.81559,0.01667,0.0038,0.00086,0.00389
CX2_33,5,758,0.79873,0.81364,0.01491,0.0038,0.00062,0.00385
CX2_33,5,759,0.79835,0.81108,0.01273,0.0038,0.00171,0.00417
CX2_33,5,760,0.79423,0.81263,0.0184,0.0038,0.00125,0.004
CX2_33,5,761,0.79423,0.81466,0.02043,0.0038,0.00091,0.00391
CX2_33,5,762,0.79186,0.81119,0.01933,0.0038,0.00117,0.00397
CX2_33,5,763,0.78779,0.80889,0.0211,0.0038,0.00082,0.00389
CX2_33,5,764,0.78635,0.80634,0.01999,0.0038,0.00057,0.00384
CX2_33,5,765,0.78627,0.80612,0.01986,0.0038,0.00055,0.00384
CX2_33,5,766,0.78606,0.8057,0.01964,0.0038,0.00047,0.00383
CX2_33,5,767,0.78314,0.80469,0.02155,0.0038,0.00048,0.00383
CX2_33,5,768,0.78314,0.80801,0.02487,0.0038,0.00069,0.00386
CX2_33,5,769,0.78314,0.80883,0.02569,0.0038,0.00096,0.00392
CX2_33,5,770,0.78223,0.80587,0.02364,0.0038,0.00095,0.00391
CX2_33,5,771,0.78138,0.80438,0.023,0.0038,0.00073,0.00387
CX2_33,5,772,0.78541,0.80466,0.01925,0.0038,0.00123,0.00399
CX2_33,5,773,0.78086,0.80326,0.0224,0.0038,0.00076,0.00387
CX2_33,5,775,0.77825,0.8022,0.02395,0.0038,0.00437,0.00579
CX2_33,5,776,0.77825,0.80388,0.02564,0.0038,0.00282,0.00473
CX2_33,5,777,0.77825,0.80272,0.02447,0.0038,0.00199,0.00429
CX2_33,5,778,0.77884,0.80347,0.02463,0.0038,0.00179,0.0042
CX2_33,5,779,0.78192,0.80615,0.02423,0.0038,0.0013,0.00401
CX2_33,5,780,0.78192,0.80487,0.02295,0.0038,0.00124,0.00399
CX2_33,5,781,0.78287,0.80445,0.02158,0.0038,0.00238,0.00448
CX2_33,5,782,0.78287,0.80424,0.02137,0.0038,0.00387,0.00542
CX2_33,5,784,0.78113,0.79996,0.01883,0.0038,0.00443,0.00583
CX2_33,5,785,0.78113,0.8036,0.02247,0.0038,0.00228,0.00443
CX2_33,5,786,0.77816,0.80373,0.02557,0.0038,0.00102,0.00393
CX2_33,5,787,0.77816,0.80338,0.02523,0.0038,0.00047,0.00383
CX2_33,5,788,0.77816,0.80077,0.02262,0.0038,0.00102,0.00393
CX2_33,5,789,0.77816,0.79985,0.02169,0.0038,0.00192,0.00425
CX2_33,5,790,0.77811,0.80022,0.02211,0.0038,0.00377,0.00535
CX2_33,5,791,0.77811,0.80149,0.02338,0.0038,0.00364,0.00526
CX2_33,5,792,0.77811,0.80248,0.02437,0.0038,0.00531,0.00653
CX2_33,5,793,0.77875,0.8071,0.02835,0.0038,0.00153,0.00409
CX2_33,5,794,0.77983,0.80926,0.02943,0.0038,0.00256,0.00458
CX2_33,5,795,0.78813,0.8084,0.02027,0.0038,0.00205,0.00431
CX2_33,5,796,0.78816,0.80795,0.01979,0.0038,0.00131,0.00402
CX2_33,5,797,0.78816,0.8086,0.02044,0.0038,0.00073,0.00387
CX2_33,5,798,0.78943,0.80965,0.02022,0.0038,0.00119,0.00398
CX2_33,5,799,0.78931,0.80564,0.01632,0.0038,0.00126,0.004
CX2_33,5,800,0.78951,0.80844,0.01893,0.0038,0.00134,0.00403
CX2_33,5,801,0.78947,0.80793,0.01846,0.0038,0.00111,0.00396
CX2_33,5,802,0.78951,0.80776,0.01825,0.0038,0.00043,0.00382
CX2_33,5,803,0.78947,0.80564,0.01617,0.0038,0.00067,0.00386
CX2_33,5,804,0.78947,0.80672,0.01725,0.0038,0.00065,0.00385
CX2_33,5,805,0.78947,0.80953,0.02006,0.0038,0.00095,0.00391
CX2_33,5,806,0.7886,0.80955,0.02094,0.0038,0.00089,0.0039
CX2_33,5,807,0.78859,0.80774,0.01915,0.0038,0.00028,0.00381
CX2_33,5,808,0.78859,0.80601,0.01743,0.0038,0.00028,0.00381
CX2_33,5,809,0.7878,0.80428,0.01648,0.0038,0.00083,0.00389
CX2_33,5,810,0.78545,0.80341,0.01796,0.0038,0.00102,0.00393
CX2_33,5,811,0.78119,0.80327,0.02207,0.0038,0.00087,0.0039
CX2_33,5,812,0.78119,0.80515,0.02395,0.0038,0.00144,0.00406
CX2_33,5,813,0.781,0.80184,0.02084,0.0038,0.00082,0.00388
CX2_33,5,814,0.78069,0.80061,0.01992,0.0038,0.00056,0.00384
CX2_33,5,815,0.77686,0.79849,0.02163,0.0038,0.00051,0.00383
CX2_33,5,816,0.77686,0.80072,0.02386,0.0038,0.00094,0.00391
CX2_33,5,817,0.77686,0.80148,0.02462,0.0038,0.00128,0.00401
CX2_33,5,842,0.76834,0.81474,0.04641,0.0038,0.00217,0.00438
CX2_33,5,843,0.76834,0.80172,0.03338,0.0038,0.00203,0.0043
CX2_33,5,844,0.77574,0.79989,0.02414,0.0038,0.00138,0.00404
CX2_33,5,845,0.77637,0.79901,0.02264,0.0038,0.00109,0.00395
CX2_33,5,1030,0.75827,0.79859,0.04032,0.0038,0.0044,0.00581
CX2_33,5,1031,0.76321,0.80064,0.03743,0.0038,0.0064,0.00744
CX2_33,5,1032,0.76422,0.80299,0.03877,0.0038,0.01073,0.01138
CX2_33,5,1033,0.7699,0.80456,0.03466,0.0038,0.00591,0.00703
CX2_33,5,1034,0.77031,0.80629,0.03598,0.0038,0.00537,0.00658
CX2_33,5,1035,0.77307,0.8074,0.03433,0.0038,0.00102,0.00393
CX2_33,5,1036,0.7768,0.80873,0.03193,0.0038,0.00069,0.00386
CX2_33,5,1037,0.77727,0.81013,0.03286,0.0038,0.00056,0.00384
CX2_33,5,1038,0.77757,0.81148,0.03391,0.0038,0.00092,0.00391
CX2_33,5,1039,0.77757,0.79954,0.02197,0.0038,0.00184,0.00422
CX2_33,5,1043,0.74105,0.80047,0.05943,0.0038,0.0058,0.00693
CX2_33,5,1055,0.76097,0.79925,0.03828,0.0038,0.00107,0.00395
CX2_33,5,1056,0.76395,0.8004,0.03645,0.0038,0.00163,0.00413
CX2_33,5,1057,0.76413,0.80162,0.0375,0.0038,0.00153,0.00409
CX2_33,5,1058,0.76655,0.80209,0.03554,0.0038,0.00118,0.00398
CX2_33,5,1059,0.76684,0.80365,0.03681,0.0038,0.00068,0.00386
CX2_33,5,1060,0.76705,0.8039,0.03685,0.0038,0.00042,0.00382
CX2_33,5,1061,0.7683,0.80525,0.03695,0.0038,0.00041,0.00382
CX2_33,5,1062,0.76847,0.80603,0.03755,0.0038,0.00049,0.00383
CX2_33,5,1063,0.77023,0.80619,0.03596,0.0038,0.0003,0.00381
CX2_34,5,1,0.99924,0.99805,0.00119,0.00178,,
CX2_34,5,2,0.99862,0.99531,0.00331,0.00178,,
CX2_34,5,3,0.998,0.99287,0.00514,0.00178,,
CX2_34,5,4,0.99862,0.99718,0.00144,0.00178,0.00173,0.00248
CX2_34,5,5,0.99924,0.99728,0.00196,0.00178,0.00162,0.0024
CX2_34,5,6,0.998,0.99107,0.00693,0.00178,0.0036,0.00401
CX2_34,5,7,0.99402,0.98848,0.00553,0.00178,0.00167,0.00244
CX2_34,5,8,0.99195,0.98679,0.00516,0.00178,0.0004,0.00182
CX2_34,5,9,0.98923,0.98511,0.00412,0.00178,0.00108,0.00208
CX2_34,5,10,0.98923,0.98584,0.00339,0.00178,0.00137,0.00225
CX2_34,5,11,0.98923,0.98891,0.00032,0.00178,0.00295,0.00345
CX2_34,5,12,0.99637,0.98891,0.00746,0.00178,0.00381,0.00421
CX2_34,5,13,0.99637,0.98187,0.0145,0.00178,0.00425,0.00461
CX2_34,5,14,0.99637,0.98038,0.01599,0.00178,0.00129,0.00219
CX2_34,5,15,0.97984,0.97937,0.00047,0.00178,0.001,0.00204
CX2_34,5,16,0.97822,0.97765,0.00057,0.00178,0.00193,0.00263
CX2_34,5,17,0.97822,0.9811,0.00288,0.00178,0.00252,0.00308
CX2_34,5,18,0.97822,0.98233,0.0041,0.00178,0.00426,0.00461
CX2_34,5,19,0.98744,0.98255,0.00489,0.00178,0.00111,0.00209
CX2_34,5,20,0.98744,0.84044,0.147,0.00178,0.00489,0.0052
CX2_34,5,21,0.98744,0.98257,0.00487,0.00178,0.00412,0.00449
CX2_34,5,22,0.98551,0.98254,0.00297,0.00178,0.00261,0.00316
CX2_34,5,23,0.98551,0.98236,0.00315,0.00178,0.00218,0.00281
CX2_34,5,24,0.9847,0.98215,0.00255,0.00178,0.00203,0.0027
CX2_34,5,25,0.9847,0.98163,0.00307,0.00178,0.00234,0.00294
CX2_34,5,26,0.98455,0.98119,0.00336,0.00178,0.00115,0.00212
CX2_34,5,27,0.98355,0.98081,0.00274,0.00178,0.00148,0.00231
CX2_34,5,28,0.98272,0.98052,0.0022,0.00178,0.00175,0.00249
CX2_34,5,29,0.98241,0.9804,0.00201,0.00178,0.00238,0.00297
CX2_34,5,30,0.98186,0.98,0.00185,0.00178,0.00034,0.00181
CX2_34,5,31,0.98167,0.9795,0.00217,0.00178,0.00027,0.0018
CX2_34,5,32,0.98163,0.97899,0.00264,0.00178,0.00023,0.00179
CX2_34,5,33,0.98152,0.97259,0.00893,0.00178,0.00151,0.00233
CX2_34,5,34,0.9807,0.9693,0.0114,0.00178,0.00272,0.00325
CX2_34,5,35,0.96268,0.96781,0.00512,0.00178,0.00229,0.0029
CX2_34,5,36,0.95937,0.96652,0.00715,0.00178,0.0016,0.00239
CX2_34,5,37,0.95721,0.96539,0.00818,0.00178,0.00183,0.00255
CX2_34,5,38,0.95721,0.97057,0.01336,0.00178,0.0027,0.00323
CX2_34,5,39,0.95721,0.97128,0.01406,0.00178,0.00445,0.00479
CX2_34,5,40,0.95628,0.96446,0.00819,0.00178,0.0017,0.00246
CX2_34,5,41,0.95328,0.96188,0.0086,0.00178,0.00114,0.00211
CX2_34,5,42,0.95291,0.96148,0.00857,0.00178,0.00111,0.0021
CX2_34,5,43,0.95197,0.96042,0.00844,0.00178,0.00071,0.00191
CX2_34,5,44,0.95197,0.9623,0.01032,0.00178,0.00183,0.00255
CX2_34,5,45,0.95291,0.96551,0.0126,0.00178,0.00292,0.00342
CX2_34,5,46,0.96475,0.99258,0.02783,0.00178,0.00429,0.00464
CX2_34,5,47,0.97143,0.99042,0.01899,0.00178,0.00638,0.00662
CX2_34,5,48,0.99116,0.99224,0.00109,0.00178,0.00527,0.00556
CX2_34,5,49,0.99705,0.99118,0.00587,0.00178,0.00358,0.004
CX2_34,5,50,0.99705,0.98394,0.01312,0.00178,0.00451,0.00484
CX2_34,5,51,0.99705,0.981,0.01606,0.00178,0.00636,0.00661
CX2_34,5,52,0.97881,0.97929,0.00048,0.00178,0.0073,0.00752
CX2_34,5,53,0.97787,0.97566,0.00221,0.00178,0.00828,0.00847
CX2_34,5,54,0.97553,0.97345,0.00208,0.00178,0.00395,0.00433
CX2_34,5,55,0.96298,0.97226,0.00928,0.00178,0.00213,0.00278
CX2_34,5,56,0.96195,0.96932,0.00737,0.00178,0.00162,0.0024
CX2_34,5,57,0.95092,0.96616,0.01525,0.00178,0.00094,0.00201
CX2_34,5,58,0.95092,0.96505,0.01413,0.00178,0.00181,0.00254
CX2_34,5,59,0.94678,0.96368,0.0169,0.00178,0.00193,0.00262
CX2_34,5,60,0.94594,0.96096,0.01502,0.00178,0.00171,0.00246
CX2_34,5,61,0.94594,0.96106,0.01512,0.00178,0.00259,0.00314
CX2_34,5,62,0.94678,0.9604,0.01363,0.00178,0.00234,0.00294
CX2_34,5,63,0.94678,0.9579,0.01113,0.00178,0.00287,0.00338
CX2_34,5,64,0.94451,0.95614,0.01163,0.00178,0.00197,0.00265
CX2_34,5,65,0.94451,0.95545,0.01094,0.00178,0.00079,0.00195
CX2_34,5,66,0.94351,0.95467,0.01116,0.00178,0.00059,0.00187
CX2_34,5,67,0.94262,0.95255,0.00993,0.00178,0.00079,0.00194
CX2_34,5,68,0.94262,0.95365,0.01103,0.00178,0.00143,0.00228
CX2_34,5,69,0.94351,0.95284,0.00933,0.00178,0.00159,0.00239
CX2_34,5,70,0.94156,0.95183,0.01026,0.00178,0.00125,0.00217
CX2_34,5,71,0.94268,0.95097,0.00829,0.00178,0.00099,0.00204
CX2_34,5,72,0.94268,0.95015,0.00747,0.00178,0.00069,0.00191
CX2_34,5,73,0.94142,0.94963,0.0082,0.00178,0.00054,0.00186
CX2_34,5,74,0.94097,0.94847,0.0075,0.00178,0.00077,0.00194
CX2_34,5,75,0.94097,0.94771,0.00674,0.00178,0.00094,0.00201
CX2_34,5,76,0.93781,0.94654,0.00873,0.00178,0.00073,0.00192
CX2_34,5,77,0.93689,0.94562,0.00873,0.00178,0.00029,0.0018
CX2_34,5,78,0.9363,0.94483,0.00854,0.00178,0.00034,0.00181
CX2_34,5,79,0.93492,0.94418,0.00926,0.00178,0.00035,0.00181
CX2_34,5,80,0.93213,0.94387,0.01174,0.00178,0.00031,0.0018
CX2_34,5,81,0.93193,0.94266,0.01073,0.00178,0.00039,0.00182
CX2_34,5,82,0.93154,0.94193,0.01038,0.00178,0.00082,0.00196
CX2_34,5,83,0.93099,0.94043,0.00943,0.00178,0.00055,0.00186
CX2_34,5,84,0.92858,0.93625,0.00767,0.00178,0.00065,0.00189
CX2_34,5,85,0.92791,0.93478,0.00687,0.00178,0.00197,0.00265
CX2_34,5,86,0.91206,0.9336,0.02154,0.00178,0.00164,0.00241
CX2_34,5,87,0.91206,0.93557,0.02351,0.00178,0.00277,0.00329
CX2_34,5,88,0.91206,0.93602,0.02396,0.00178,0.00225,0.00287
CX2_34,5,89,0.91699,0.93579,0.0188,0.00178,0.0017,0.00246
CX2_34,5,90,0.91793,0.94002,0.02209,0.00178,0.00433,0.00468
CX2_34,5,91,0.91934,0.94048,0.02114,0.00178,0.00363,0.00404
CX2_34,5,92,0.91934,0.93665,0.01731,0.00178,0.00242,0.00301
CX2_34,5,93,0.91948,0.93409,0.01461,0.00178,0.00209,0.00275
CX2_34,5,94,0.93569,0.9589,0.02321,0.00178,0.00335,0.00379
CX2_34,5,95,0.9357,0.96067,0.02497,0.00178,0.00273,0.00326
CX2_34,5,96,0.95737,0.96507,0.0077,0.00178,0.00214,0.00278
CX2_34,5,97,0.96966,0.96509,0.00457,0.00178,0.00337,0.00381
CX2_34,5,98,0.96966,0.95524,0.01443,0.00178,0.00419,0.00456
CX2_34,5,99,0.96966,0.95551,0.01415,0.00178,0.00684,0.00707
CX2_34,5,100,0.95838,0.95377,0.00461,0.00178,0.00818,0.00837
CX2_34,5,101,0.95567,0.95123,0.00445,0.00178,0.00938,0.00955
CX2_34,5,102,0.95567,0.9548,0.00088,0.00178,0.00667,0.0069
CX2_34,5,103,0.95838,0.95664,0.00173,0.00178,0.00415,0.00452
CX2_34,5,104,0.95567,0.95325,0.00243,0.00178,0.00415,0.00451
CX2_34,5,105,0.94926,0.94653,0.00273,0.00178,0.0039,0.00428
CX2_34,5,106,0.94536,0.94572,0.00036,0.00178,0.00361,0.00403
CX2_34,5,107,0.9444,0.94441,1e-05,0.00178,0.00192,0.00261
CX2_34,5,108,0.94195,0.94203,7e-05,0.00178,0.00264,0.00318
CX2_34,5,109,0.9444,0.94639,0.00199,0.00178,0.00371,0.00411
CX2_34,5,110,0.9444,0.94794,0.00353,0.00178,0.00607,0.00632
CX2_34,5,111,0.9444,0.94327,0.00113,0.00178,0.00607,0.00632
CX2_34,5,112,0.93046,0.93803,0.00757,0.00178,0.00336,0.0038
CX2_34,5,113,0.93332,0.93815,0.00483,0.00178,0.00347,0.0039
CX2_34,5,114,0.93036,0.93666,0.0063,0.00178,0.00208,0.00274
CX2_34,5,115,0.9284,0.93436,0.00596,0.00178,0.00242,0.00301
CX2_34,5,116,0.93036,0.9402,0.00985,0.00178,0.00352,0.00395
CX2_34,5,117,0.93332,0.94156,0.00824,0.00178,0.00261,0.00316
CX2_34,5,118,0.94256,0.9414,0.00115,0.00178,0.0051,0.0054
CX2_34,5,119,0.94256,0.94127,0.00128,0.00178,0.00325,0.00371
CX2_34,5,120,0.94256,0.94118,0.00138,0.00178,0.00139,0.00225
CX2_34,5,121,0.94231,0.94181,0.0005,0.00178,0.00156,0.00236
CX2_34,5,122,0.94229,0.94162,0.00068,0.00178,0.00179,0.00252
CX2_34,5,123,0.94215,0.9415,0.00066,0.00178,0.00207,0.00273
CX2_34,5,124,0.9416,0.94095,0.00066,0.00178,0.00131,0.00221
CX2_34,5,125,0.94138,0.94078,0.0006,0.00178,0.00019,0.00179
CX2_34,5,126,0.94108,0.94031,0.00077,0.00178,0.00019,0.00179
CX2_34,5,127,0.9401,0.94,0.0001,0.00178,0.00014,0.00178
CX2_34,5,128,0.93983,0.93984,1e-05,0.00178,0.00014,0.00178
CX2_34,5,129,0.93898,0.93992,0.00094,0.00178,0.00018,0.00179
CX2_34,5,130,0.93898,0.80176,0.13722,0.00178,0.00272,0.00325
CX2_34,5,131,0.93898,0.94063,0.00165,0.00178,0.00188,0.00259
CX2_34,5,132,0.9374,0.80344,0.13396,0.00178,0.00391,0.0043
CX2_34,5,133,0.91429,0.92947,0.01518,0.00178,0.00351,0.00394
CX2_34,5,134,0.91429,0.92827,0.01399,0.00178,0.003,0.00348
CX2_34,5,135,0.91429,0.92669,0.01241,0.00178,0.00228,0.00289
CX2_34,5,136,0.91236,0.92539,0.01304,0.00178,0.00184,0.00255
CX2_34,5,137,0.91429,0.92768,0.01339,0.00178,0.00743,0.00764
CX2_34,5,138,0.91781,0.9319,0.01409,0.00178,0.00709,0.00731
CX2_34,5,139,0.93016,0.93256,0.0024,0.00178,0.00343,0.00387
CX2_34,5,140,0.93016,0.92132,0.00884,0.00178,0.00818,0.00837
CX2_34,5,141,0.93016,0.92139,0.00878,0.00178,0.00621,0.00646
CX2_34,5,142,0.90519,0.92115,0.01596,0.00178,0.00229,0.0029
CX2_34,5,143,0.90334,0.9199,0.01657,0.00178,0.00335,0.00379
CX2_34,5,144,0.90334,0.94625,0.04291,0.00178,0.00528,0.00557
CX2_34,5,145,0.90519,0.95129,0.0461,0.00178,0.01099,0.01113
CX2_34,5,146,0.94532,0.9535,0.00817,0.00178,0.00661,0.00685
CX2_34,5,147,0.94532,0.94902,0.00369,0.00178,0.0108,0.01094
CX2_34,5,148,0.94532,0.94222,0.00311,0.00178,0.0052,0.00549
CX2_34,5,149,0.94324,0.94209,0.00115,0.00178,0.0035,0.00392
CX2_34,5,150,0.94324,0.94717,0.00393,0.00178,0.00276,0.00328
CX2_34,5,151,0.94324,0.94799,0.00475,0.00178,0.0046,0.00493
CX2_34,5,152,0.94324,0.8088,0.13444,0.00178,0.00569,0.00596
CX2_34,5,153,0.95074,0.94674,0.004,0.00178,0.00454,0.00488
CX2_34,5,154,0.95074,0.94591,0.00483,0.00178,0.00071,0.00191
CX2_34,5,155,0.94972,0.94534,0.00438,0.00178,0.00377,0.00416
CX2_34,5,156,0.94796,0.945,0.00296,0.00178,0.00177,0.00251
CX2_34,5,157,0.94838,0.94492,0.00346,0.00178,0.00146,0.0023
CX2_34,5,158,0.94796,0.94456,0.00341,0.00178,0.00142,0.00227
CX2_34,5,159,0.94745,0.94393,0.00351,0.00178,0.00142,0.00228
CX2_34,5,160,0.94685,0.94316,0.00369,0.00178,0.00231,0.00291
CX2_34,5,161,0.94611,0.94263,0.00347,0.00178,0.00294,0.00344
CX2_34,5,162,0.94505,0.94221,0.00284,0.00178,0.00019,0.00179
CX2_34,5,163,0.94399,0.94192,0.00207,0.00178,0.00021,0.00179
CX2_34,5,164,0.94328,0.94156,0.00172,0.00178,0.00024,0.00179
CX2_34,5,165,0.94321,0.94093,0.00229,0.00178,0.00039,0.00182
CX2_34,5,166,0.94278,0.94041,0.00237,0.00178,0.00034,0.00181
CX2_34,5,167,0.94261,0.94017,0.00243,0.00178,0.00033,0.00181
CX2_34,5,168,0.9416,0.80445,0.13715,0.00178,0.003,0.00349
CX2_34,5,169,0.93952,0.92929,0.01023,0.00178,0.00326,0.00371
CX2_34,5,170,0.91943,0.92888,0.00945,0.00178,0.00297,0.00346
CX2_34,5,171,0.91764,0.92705,0.00941,0.00178,0.0029,0.0034
CX2_34,5,172,0.91618,0.92479,0.00861,0.00178,0.00211,0.00276
CX2_34,5,173,0.91764,0.92559,0.00795,0.00178,0.00375,0.00415
CX2_34,5,174,0.91618,0.79064,0.12554,0.00178,0.00349,0.00392
CX2_34,5,175,0.91618,0.93192,0.01574,0.00178,0.00833,0.00852
CX2_34,5,176,0.91307,0.92421,0.01114,0.00178,0.00528,0.00557
CX2_34,5,177,0.90788,0.921,0.01312,0.00178,0.00355,0.00397
CX2_34,5,178,0.90788,0.921,0.01312,0.00178,0.00179,0.00252
CX2_34,5,179,0.90872,0.92047,0.01175,0.00178,0.00179,0.00252
CX2_34,5,180,0.90788,0.91684,0.00896,0.00178,0.00175,0.00249
CX2_34,5,181,0.90872,0.92415,0.01544,0.00178,0.00237,0.00296
CX2_34,5,182,0.91177,0.92541,0.01364,0.00178,0.00495,0.00526
CX2_34,5,183,0.90872,0.91843,0.00971,0.00178,0.0042,0.00456
CX2_34,5,184,0.90744,0.91461,0.00717,0.00178,0.00156,0.00237
CX2_34,5,186,0.90327,0.91319,0.00993,0.00178,0.00365,0.00406
CX2_34,5,187,0.8999,0.91183,0.01193,0.00178,0.00451,0.00485
CX2_34,5,188,0.8999,0.91678,0.01688,0.00178,0.00194,0.00263
CX2_34,5,189,0.8999,0.91921,0.01931,0.00178,0.0057,0.00597
CX2_34,5,190,0.8999,0.91717,0.01727,0.00178,0.00515,0.00545
CX2_34,5,191,0.89913,0.91012,0.01099,0.00178,0.00226,0.00287
CX2_34,5,192,0.90479,0.91041,0.00562,0.00178,0.00481,0.00513
CX2_34,5,193,0.90479,0.91065,0.00586,0.00178,0.00424,0.00459
CX2_34,5,194,0.90479,0.9438,0.03901,0.00178,0.00799,0.00818
CX2_34,5,195,0.90615,0.94812,0.04197,0.00178,0.01002,0.01017
CX2_34,5,196,0.95215,0.95015,0.002,0.00178,0.00623,0.00648
CX2_34,5,197,0.96336,0.94987,0.01349,0.00178,0.00963,0.00979
CX2_34,5,198,0.96411,0.94911,0.015,0.00178,0.00716,0.00738
CX2_34,5,199,0.96411,0.94829,0.01582,0.00178,0.00541,0.00569
CX2_34,5,200,0.9637,0.94773,0.01597,0.00178,0.00705,0.00727
CX2_34,5,201,0.96336,0.9468,0.01655,0.00178,0.00816,0.00835
CX2_34,5,202,0.96208,0.94652,0.01556,0.00178,0.00433,0.00468
CX2_34,5,203,0.95904,0.9459,0.01314,0.00178,0.00138,0.00225
CX2_34,5,204,0.95903,0.94469,0.01434,0.00178,0.00041,0.00182
CX2_34,5,205,0.95868,0.94378,0.0149,0.00178,0.00017,0.00178
CX2_34,5,206,0.95866,0.94366,0.015,0.00178,0.00026,0.00179
CX2_34,5,207,0.95776,0.94283,0.01493,0.00178,0.00027,0.0018
CX2_34,5,208,0.95659,0.94232,0.01427,0.00178,0.00022,0.00179
CX2_34,5,209,0.95633,0.94206,0.01427,0.00178,0.00011,0.00178
CX2_34,5,210,0.95585,0.94161,0.01424,0.00178,0.00017,0.00178
CX2_34,5,211,0.95513,0.93493,0.02021,0.00178,0.00148,0.00231
CX2_34,5,213,0.94165,0.92811,0.01353,0.00178,0.00458,0.00491
CX2_34,5,214,0.93416,0.92672,0.00744,0.00178,0.00359,0.004
CX2_34,5,215,0.93254,0.92495,0.00759,0.00178,0.00293,0.00343
CX2_34,5,216,0.93254,0.92869,0.00385,0.00178,0.00273,0.00325
CX2_34,5,217,0.94165,0.93167,0.00998,0.00178,0.00368,0.00409
CX2_34,5,218,0.93742,0.92983,0.0076,0.00178,0.00422,0.00458
CX2_34,5,219,0.93742,0.92081,0.01661,0.00178,0.00467,0.005
CX2_34,5,220,0.93742,0.92016,0.01726,0.00178,0.00609,0.00634
CX2_34,5,221,0.93138,0.91924,0.01214,0.00178,0.00667,0.0069
CX2_34,5,222,0.93089,0.91823,0.01266,0.00178,0.00237,0.00296
CX2_34,5,223,0.93089,0.92118,0.00971,0.00178,0.00222,0.00284
CX2_34,5,224,0.93138,0.92357,0.00781,0.00178,0.0035,0.00392
CX2_34,5,225,0.93089,0.92137,0.00952,0.00178,0.0031,0.00357
CX2_34,5,226,0.92681,0.91298,0.01383,0.00178,0.00232,0.00292
CX2_34,5,228,0.91709,0.91144,0.00564,0.00178,0.00495,0.00526
CX2_34,5,229,0.91709,0.91098,0.00611,0.00178,0.00503,0.00534
CX2_34,5,230,0.91709,0.91169,0.0054,0.00178,0.00283,0.00334
CX2_34,5,231,0.91846,0.9171,0.00135,0.00178,0.00542,0.0057
CX2_34,5,232,0.93223,0.91764,0.01459,0.00178,0.00543,0.00571
CX2_34,5,233,0.93223,0.90897,0.02325,0.00178,0.00431,0.00466
CX2_34,5,234,0.93223,0.90741,0.02482,0.00178,0.00502,0.00532
CX2_34,5,235,0.91697,0.90697,0.01,0.00178,0.00575,0.00602
CX2_34,5,236,0.91496,0.90581,0.00915,0.00178,0.00693,0.00715
CX2_34,5,237,0.91496,0.90623,0.00873,0.00178,0.00241,0.003
CX2_34,5,238,0.91697,0.91137,0.00561,0.00178,0.00405,0.00442
CX2_34,5,239,0.92389,0.91211,0.01178,0.00178,0.00154,0.00235
CX2_34,5,240,0.92389,0.90354,0.02035,0.00178,0.0039,0.00429
CX2_34,5,241,0.92389,0.90194,0.02195,0.00178,0.00254,0.0031
CX2_34,5,242,0.91218,0.90156,0.01062,0.00178,0.00201,0.00268
CX2_34,5,243,0.90898,0.90053,0.00845,0.00178,0.00071,0.00191
CX2_34,5,244,0.90898,0.90252,0.00645,0.00178,0.00224,0.00286
CX2_34,5,245,0.91218,0.90755,0.00463,0.00178,0.00388,0.00427
CX2_34,5,246,0.92051,0.90816,0.01236,0.00178,0.00113,0.00211
CX2_34,5,247,0.92108,0.90857,0.01251,0.00178,0.00306,0.00354
CX2_34,5,248,0.92108,0.90884,0.01224,0.00178,0.00225,0.00287
CX2_34,5,249,0.92108,0.90974,0.01135,0.00178,0.00138,0.00225
CX2_34,5,250,0.92108,0.90999,0.01109,0.00178,0.00152,0.00234
CX2_34,5,251,0.92109,0.90976,0.01133,0.00178,0.00171,0.00246
CX2_34,5,252,0.92109,0.90977,0.01133,0.00178,0.00083,0.00196
CX2_34,5,253,0.92109,0.90978,0.01132,0.00178,0.00039,0.00182
CX2_34,5,254,0.92043,0.90941,0.01102,0.00178,0.00021,0.00179
CX2_34,5,255,0.92038,0.90935,0.01102,0.00178,0.00026,0.00179
CX2_34,5,256,0.91972,0.90942,0.0103,0.00178,0.00016,0.00178
CX2_34,5,257,0.92036,0.90975,0.01061,0.00178,0.00025,0.00179
CX2_34,5,258,0.92005,0.90972,0.01033,0.00178,0.00023,0.00179
CX2_34,5,259,0.91972,0.90953,0.01019,0.00178,0.00018,0.00179
CX2_34,5,260,0.9197,0.90939,0.01031,0.00178,0.00021,0.00179
CX2_34,5,261,0.9197,0.90034,0.01936,0.00178,0.00151,0.00233
CX2_34,5,262,0.91931,0.89557,0.02373,0.00178,0.00311,0.00358
CX2_34,5,263,0.90088,0.8945,0.00638,0.00178,0.00285,0.00336
CX2_34,5,264,0.89372,0.89354,0.00018,0.00178,0.00172,0.00248
CX2_34,5,265,0.88904,0.891,0.00196,0.00178,0.00116,0.00212
CX2_34,5,266,0.88904,0.89957,0.01053,0.00178,0.00313,0.0036
CX2_34,5,267,0.88904,0.90119,0.01215,0.00178,0.00581,0.00608
CX2_34,5,268,0.88794,0.89486,0.00692,0.00178,0.00599,0.00625
CX2_34,5,269,0.88794,0.89,0.00206,0.00178,0.00392,0.0043
CX2_34,5,270,0.88794,0.89009,0.00215,0.00178,0.00129,0.00219
CX2_34,5,271,0.88613,0.88855,0.00242,0.00178,0.00071,0.00191
CX2_34,5,272,0.88589,0.88911,0.00322,0.00178,0.00071,0.00191
CX2_34,5,273,0.88589,0.89489,0.009,0.00178,0.00108,0.00208
CX2_34,5,274,0.88589,0.8959,0.01001,0.00178,0.00255,0.0031
CX2_34,5,275,0.8853,0.89305,0.00775,0.00178,0.00139,0.00225
CX2_34,5,276,0.8853,0.88651,0.00121,0.00178,0.00068,0.0019
CX2_34,5,277,0.88323,0.88656,0.00333,0.00178,0.00096,0.00202
CX2_34,5,278,0.8823,0.88431,0.00201,0.00178,0.00076,0.00193
CX2_34,5,279,0.87992,0.88429,0.00437,0.00178,0.00103,0.00205
CX2_34,5,280,0.87992,0.89035,0.01043,0.00178,0.00148,0.00231
CX2_34,5,281,0.88323,0.89313,0.00991,0.00178,0.00363,0.00405
CX2_34,5,282,0.87979,0.89078,0.01099,0.00178,0.00344,0.00387
CX2_34,5,283,0.87979,0.88285,0.00305,0.00178,0.00189,0.0026
CX2_34,5,284,0.88204,0.88398,0.00194,0.00178,0.00175,0.00249
CX2_34,5,285,0.882,0.88301,0.00101,0.00178,0.00171,0.00247
CX2_34,5,286,0.87979,0.88195,0.00216,0.00178,0.00225,0.00286
CX2_34,5,287,0.882,0.88513,0.00314,0.00178,0.002,0.00267
CX2_34,5,288,0.88204,0.88966,0.00762,0.00178,0.00351,0.00394
CX2_34,5,289,0.89827,0.89081,0.00746,0.00178,0.00496,0.00527
CX2_34,5,290,0.89827,0.88029,0.01798,0.00178,0.00566,0.00593
CX2_34,5,291,0.89827,0.88016,0.01811,0.00178,0.00495,0.00526
CX2_34,5,292,0.87385,0.87945,0.00561,0.00178,0.00307,0.00355
CX2_34,5,293,0.87366,0.8788,0.00514,0.00178,0.00195,0.00264
CX2_34,5,294,0.87366,0.93181,0.05815,0.00178,0.0077,0.0079
CX2_34,5,295,0.87385,0.93247,0.05862,0.00178,0.01242,0.01255
CX2_34,5,296,0.93049,0.93559,0.0051,0.00178,0.00471,0.00503
CX2_34,5,297,0.93363,0.93621,0.00258,0.00178,0.00826,0.00845
CX2_34,5,298,0.93363,0.93373,0.0001,0.00178,0.00878,0.00896
CX2_34,5,299,0.93574,0.92841,0.00733,0.00178,0.00737,0.00758
CX2_34,5,300,0.93574,0.92744,0.0083,0.00178,0.00709,0.00731
CX2_34,5,302,0.93328,0.92592,0.00736,0.00178,0.00274,0.00326
CX2_34,5,303,0.93451,0.9272,0.00732,0.00178,0.00142,0.00227
CX2_34,5,304,0.93451,0.92937,0.00514,0.00178,0.00118,0.00214
CX2_34,5,305,0.9375,0.92937,0.00813,0.00178,0.00087,0.00198
CX2_34,5,306,0.9375,0.92354,0.01395,0.00178,0.00131,0.00221
CX2_34,5,307,0.9375,0.92253,0.01497,0.00178,0.00141,0.00227
CX2_34,5,308,0.93324,0.9219,0.01134,0.00178,0.00289,0.0034
CX2_34,5,309,0.93264,0.9204,0.01224,0.00178,0.00292,0.00342
CX2_34,5,310,0.93264,0.92149,0.01115,0.00178,0.00428,0.00463
CX2_34,5,311,0.93324,0.92383,0.00941,0.00178,0.00145,0.00229
CX2_34,5,312,0.93571,0.92395,0.01177,0.00178,0.00165,0.00242
CX2_34,5,313,0.93571,0.91662,0.0191,0.00178,0.00132,0.00221
CX2_34,5,314,0.93571,0.91604,0.01967,0.00178,0.00171,0.00247
CX2_34,5,315,0.93106,0.91605,0.01501,0.00178,0.00069,0.00191
CX2_34,5,316,0.93023,0.9084,0.02183,0.00178,0.00186,0.00258
CX2_34,5,317,0.93023,0.90894,0.02129,0.00178,0.0018,0.00253
CX2_34,5,318,0.93024,0.91512,0.01512,0.00178,0.00178,0.00251
CX2_34,5,319,0.93023,0.91573,0.0145,0.00178,0.00127,0.00218
CX2_34,5,320,0.92978,0.90317,0.02661,0.00178,0.00313,0.0036
CX2_34,5,321,0.92978,0.9013,0.02848,0.00178,0.00376,0.00416
CX2_34,5,322,0.91041,0.89937,0.01104,0.00178,0.00339,0.00383
CX2_34,5,323,0.90688,0.89791,0.00897,0.00178,0.00259,0.00314
CX2_34,5,325,0.90533,0.90509,0.00024,0.00178,0.00417,0.00453
CX2_34,5,326,0.90533,0.90686,0.00153,0.00178,0.00392,0.0043
CX2_34,5,327,0.92157,0.90753,0.01405,0.00178,0.00609,0.00634
CX2_34,5,328,0.92191,0.90785,0.01406,0.00178,0.00362,0.00403
CX2_34,5,329,0.92227,0.90813,0.01414,0.00178,0.0023,0.0029
CX2_34,5,330,0.92191,0.90935,0.01256,0.00178,0.00253,0.00309
CX2_34,5,331,0.92191,0.9091,0.01281,0.00178,0.00332,0.00377
CX2_34,5,333,0.92109,0.90816,0.01292,0.00178,0.00343,0.00386
CX2_34,5,334,0.92006,0.90779,0.01228,0.00178,0.00203,0.0027
CX2_34,5,335,0.91983,0.90744,0.01239,0.00178,0.00118,0.00213
CX2_34,5,336,0.91941,0.90688,0.01253,0.00178,0.00038,0.00182
CX2_34,5,337,0.91941,0.90692,0.01249,0.00178,0.00045,0.00183
CX2_34,5,338,0.91871,0.9067,0.012,0.00178,0.00111,0.0021
CX2_34,5,339,0.9184,0.90656,0.01183,0.00178,0.00179,0.00252
CX2_34,5,340,0.91813,0.90629,0.01184,0.00178,0.00233,0.00293
CX2_34,5,341,0.9177,0.90606,0.01164,0.00178,0.00313,0.0036
CX2_34,5,342,0.9173,0.89192,0.02538,0.00178,0.00167,0.00244
CX2_34,5,343,0.91651,0.88948,0.02703,0.00178,0.00271,0.00324
CX2_34,5,344,0.90501,0.89365,0.01136,0.00178,0.0023,0.00291
CX2_34,5,345,0.89977,0.89083,0.00894,0.00178,0.00211,0.00276
CX2_34,5,346,0.89977,0.89809,0.00168,0.00178,0.00233,0.00293
CX2_34,5,347,0.90501,0.90039,0.00463,0.00178,0.00293,0.00342
CX2_34,5,348,0.90501,0.8953,0.00972,0.00178,0.00463,0.00496
CX2_34,5,349,0.89977,0.88718,0.01259,0.00178,0.00431,0.00466
CX2_34,5,350,0.89795,0.88702,0.01093,0.00178,0.00324,0.0037
CX2_34,5,351,0.89621,0.88607,0.01014,0.00178,0.00195,0.00264
CX2_34,5,352,0.89514,0.88342,0.01172,0.00178,0.00136,0.00224
CX2_34,5,353,0.89621,0.88911,0.0071,0.00178,0.00238,0.00297
CX2_34,5,354,0.89795,0.89308,0.00487,0.00178,0.00366,0.00407
CX2_34,5,355,0.89902,0.89179,0.00724,0.00178,0.00509,0.00539
CX2_34,5,356,0.89902,0.88054,0.01848,0.00178,0.00392,0.0043
CX2_34,5,357,0.89902,0.87951,0.01951,0.00178,0.00282,0.00333
CX2_34,5,358,0.88697,0.88428,0.00269,0.00178,0.00286,0.00337
CX2_34,5,359,0.88184,0.88498,0.00314,0.00178,0.00163,0.00241
CX2_34,5,360,0.877,0.88478,0.00778,0.00178,0.00363,0.00404
CX2_34,5,361,0.877,0.89356,0.01657,0.00178,0.00284,0.00335
CX2_34,5,362,0.877,0.89699,0.02,0.00178,0.00762,0.00782
CX2_34,5,364,0.88785,0.8864,0.00145,0.00178,0.00425,0.00461
CX2_34,5,365,0.89468,0.88603,0.00865,0.00178,0.00353,0.00395
CX2_34,5,366,0.89103,0.8847,0.00633,0.00178,0.00351,0.00394
CX2_34,5,367,0.89103,0.88359,0.00745,0.00178,0.00278,0.0033
CX2_34,5,368,0.89164,0.88498,0.00666,0.00178,0.00239,0.00298
CX2_34,5,369,0.89468,0.89041,0.00427,0.00178,0.00373,0.00413
CX2_34,5,370,0.90585,0.89175,0.01411,0.00178,0.0046,0.00493
CX2_34,5,371,0.90585,0.88247,0.02339,0.00178,0.00408,0.00445
CX2_34,5,372,0.90585,0.88037,0.02548,0.00178,0.00344,0.00387
CX2_34,5,373,0.89296,0.87835,0.0146,0.00178,0.00217,0.0028
CX2_34,5,374,0.88916,0.87686,0.0123,0.00178,0.00177,0.00251
CX2_34,5,375,0.88745,0.87621,0.01124,0.00178,0.00302,0.0035
CX2_34,5,376,0.88745,0.8835,0.00394,0.00178,0.00351,0.00394
CX2_34,5,378,0.8858,0.87863,0.00717,0.00178,0.00186,0.00257
CX2_34,5,379,0.8858,0.87568,0.01012,0.00178,0.00321,0.00366
CX2_34,5,380,0.8864,0.87722,0.00918,0.00178,0.0024,0.00299
CX2_34,5,381,0.8864,0.87675,0.00965,0.00178,0.00229,0.0029
CX2_34,5,382,0.88665,0.8765,0.01015,0.00178,0.0008,0.00195
CX2_34,5,383,0.88813,0.87987,0.00826,0.00178,0.00269,0.00322
CX2_34,5,384,0.88871,0.88212,0.00659,0.00178,0.00323,0.00368
CX2_34,5,385,0.8931,0.88158,0.01152,0.00178,0.00312,0.00359
CX2_34,5,386,0.8931,0.87525,0.01785,0.00178,0.00329,0.00374
CX2_34,5,387,0.8931,0.87577,0.01733,0.00178,0.00275,0.00327
CX2_34,5,388,0.88841,0.87556,0.01284,0.00178,0.00091,0.002
CX2_34,5,389,0.88678,0.87485,0.01193,0.00178,0.00123,0.00216
CX2_34,5,390,0.88678,0.87612,0.01066,0.00178,0.00154,0.00235
CX2_34,5,391,0.88841,0.87997,0.00844,0.00178,0.00266,0.0032
CX2_34,5,392,0.89565,0.88076,0.0149,0.00178,0.00289,0.0034
CX2_34,5,393,0.8957,0.88094,0.01476,0.00178,0.00275,0.00327
CX2_34,5,394,0.8957,0.88085,0.01485,0.00178,0.00146,0.0023
CX2_34,5,395,0.89565,0.88096,0.0147,0.00178,0.00098,0.00203
CX2_34,5,396,0.89517,0.88112,0.01405,0.00178,0.00094,0.00201
CX2_34,5,397,0.89517,0.88219,0.01298,0.00178,0.0011,0.00209
CX2_34,5,398,0.89517,0.88228,0.01288,0.00178,0.00048,0.00184
CX2_34,5,399,0.89626,0.88232,0.01394,0.00178,0.0005,0.00184
CX2_34,5,400,0.89658,0.88233,0.01425,0.00178,0.00018,0.00179
CX2_34,5,401,0.89672,0.88226,0.01446,0.00178,0.00024,0.00179
CX2_34,5,402,0.89686,0.88204,0.01482,0.00178,0.00027,0.0018
CX2_34,5,403,0.89686,0.88064,0.01622,0.00178,0.00032,0.00181
CX2_34,5,404,0.89672,0.8804,0.01632,0.00178,0.00036,0.00181
CX2_34,5,405,0.89492,0.88027,0.01466,0.00178,0.00043,0.00183
CX2_34,5,406,0.89484,0.87993,0.01491,0.00178,0.00029,0.0018
CX2_34,5,407,0.89477,0.87584,0.01893,0.00178,0.00122,0.00216
CX2_34,5,408,0.89395,0.87884,0.01511,0.00178,0.00102,0.00205
CX2_34,5,409,0.88953,0.8773,0.01223,0.00178,0.00102,0.00205
CX2_34,5,410,0.88953,0.88145,0.00808,0.00178,0.00049,0.00184
CX2_34,5,411,0.88953,0.88395,0.00558,0.00178,0.0022,0.00283
CX2_34,5,412,0.89694,0.88257,0.01437,0.00178,0.00148,0.00231
CX2_34,5,413,0.89694,0.8745,0.02244,0.00178,0.00313,0.0036
CX2_34,5,414,0.89694,0.8719,0.02504,0.00178,0.00411,0.00448
CX2_34,5,415,0.8821,0.87314,0.00897,0.00178,0.00271,0.00324
CX2_34,5,416,0.88153,0.87208,0.00945,0.00178,0.00161,0.0024
CX2_34,5,417,0.88153,0.87376,0.00777,0.00178,0.00175,0.00249
CX2_34,5,418,0.8821,0.87742,0.00469,0.00178,0.00408,0.00445
CX2_34,5,419,0.89296,0.87794,0.01502,0.00178,0.00231,0.00292
CX2_34,5,420,0.89296,0.8704,0.02256,0.00178,0.00413,0.0045
CX2_34,5,421,0.89296,0.86891,0.02405,0.00178,0.00109,0.00209
CX2_34,5,422,0.88049,0.86958,0.01091,0.00178,0.00115,0.00211
CX2_34,5,423,0.87829,0.8685,0.00979,0.00178,0.00118,0.00213
CX2_34,5,424,0.87771,0.86741,0.0103,0.00178,0.00296,0.00345
CX2_34,5,425,0.87829,0.87315,0.00514,0.00178,0.00293,0.00342
CX2_34,5,426,0.88049,0.87386,0.00663,0.00178,0.00414,0.0045
CX2_34,5,427,0.87829,0.86823,0.01006,0.00178,0.00209,0.00274
CX2_34,5,428,0.87573,0.86496,0.01077,0.00178,0.00122,0.00215
CX2_34,5,429,0.87654,0.86616,0.01038,0.00178,0.00096,0.00202
CX2_34,5,430,0.87487,0.86579,0.00908,0.00178,0.00114,0.00211
CX2_34,5,431,0.87334,0.86364,0.0097,0.00178,0.00086,0.00197
CX2_34,5,432,0.87334,0.86851,0.00483,0.00178,0.00126,0.00218
CX2_34,5,433,0.87654,0.87021,0.00633,0.00178,0.00239,0.00297
CX2_34,5,434,0.87334,0.86788,0.00545,0.00178,0.00193,0.00262
CX2_34,5,435,0.87056,0.86233,0.00823,0.00178,0.00094,0.00201
CX2_34,5,436,0.87199,0.86348,0.00851,0.00178,0.00147,0.00231
CX2_34,5,437,0.87192,0.86345,0.00847,0.00178,0.00161,0.0024
CX2_34,5,438,0.86866,0.86274,0.00592,0.00178,0.00197,0.00266
CX2_34,5,439,0.87192,0.86482,0.0071,0.00178,0.00223,0.00285
CX2_34,5,440,0.87199,0.86788,0.00411,0.00178,0.00296,0.00345
CX2_34,5,441,0.88,0.86834,0.01166,0.00178,0.00434,0.00469
CX2_34,5,442,0.8808,0.86871,0.01209,0.00178,0.0022,0.00283
CX2_34,5,443,0.88141,0.86896,0.01244,0.00178,0.00076,0.00193
CX2_34,5,444,0.88141,0.86929,0.01212,0.00178,0.00105,0.00206
CX2_34,5,445,0.88353,0.86982,0.01371,0.00178,0.00076,0.00193
CX2_34,5,446,0.88354,0.87017,0.01337,0.00178,0.00082,0.00196
CX2_34,5,447,0.88453,0.87039,0.01415,0.00178,0.00056,0.00186
CX2_34,5,448,0.88511,0.87062,0.01449,0.00178,0.00022,0.00179
CX2_34,5,449,0.88592,0.87098,0.01494,0.00178,0.00024,0.00179
CX2_34,5,450,0.88596,0.8713,0.01466,0.00178,0.00027,0.0018
CX2_34,5,451,0.88611,0.87129,0.01482,0.00178,0.00017,0.00178
CX2_34,5,452,0.88682,0.87143,0.01539,0.00178,0.00012,0.00178
CX2_34,5,453,0.88705,0.87166,0.01539,0.00178,0.00012,0.00178
CX2_34,5,454,0.8871,0.87188,0.01522,0.00178,6e-05,0.00178
CX2_34,5,455,0.88738,0.8719,0.01548,0.00178,9e-05,0.00178
CX2_34,5,456,0.88738,0.86688,0.0205,0.00178,0.00214,0.00278
CX2_34,5,457,0.88738,0.85626,0.03112,0.00178,0.00407,0.00444
CX2_34,5,458,0.86157,0.85783,0.00374,0.00178,0.00332,0.00377
CX2_34,5,459,0.85755,0.85657,0.00098,0.00178,0.00297,0.00346
CX2_34,5,460,0.85755,0.8613,0.00375,0.00178,0.0045,0.00483
CX2_34,5,461,0.85755,0.86509,0.00754,0.00178,0.00593,0.00619
CX2_34,5,462,0.87763,0.86521,0.01242,0.00178,0.00165,0.00242
CX2_34,5,463,0.87763,0.85762,0.02001,0.00178,0.00675,0.00698
CX2_34,5,464,0.87763,0.85805,0.01958,0.00178,0.00414,0.0045
CX2_34,5,465,0.86475,0.85865,0.0061,0.00178,0.00287,0.00338
CX2_34,5,466,0.86415,0.85879,0.00535,0.00178,0.0019,0.0026
CX2_34,5,467,0.86415,0.85945,0.0047,0.00178,0.0034,0.00384
CX2_34,5,468,0.86475,0.86261,0.00214,0.00178,0.00465,0.00498
CX2_34,5,469,0.87606,0.86323,0.01283,0.00178,0.00121,0.00215
CX2_34,5,470,0.87606,0.85717,0.01889,0.00178,0.00411,0.00448
CX2_34,5,471,0.87606,0.85677,0.01929,0.00178,0.00255,0.00311
CX2_34,5,472,0.86665,0.85759,0.00906,0.00178,0.00244,0.00301
CX2_34,5,473,0.86665,0.85823,0.00842,0.00178,0.0014,0.00226
CX2_34,5,474,0.86356,0.85672,0.00684,0.00178,0.00225,0.00287
CX2_34,5,475,0.86665,0.8606,0.00605,0.00178,0.00325,0.0037
CX2_34,5,476,0.86855,0.86098,0.00757,0.00178,0.00292,0.00342
CX2_34,5,477,0.86855,0.85671,0.01184,0.00178,0.00327,0.00372
CX2_34,5,478,0.86356,0.85377,0.0098,0.00178,0.00207,0.00273
CX2_34,5,479,0.86207,0.85407,0.008,0.00178,0.00126,0.00218
CX2_34,5,480,0.86184,0.85391,0.00793,0.00178,0.0013,0.0022
CX2_34,5,481,0.86184,0.85359,0.00825,0.00178,0.00133,0.00222
CX2_34,5,482,0.86207,0.8576,0.00447,0.00178,0.00162,0.00241
CX2_34,5,483,0.86295,0.8598,0.00315,0.00178,0.00199,0.00266
CX2_34,5,484,0.87355,0.86076,0.01278,0.00178,0.00338,0.00382
CX2_34,5,485,0.87355,0.85749,0.01606,0.00178,0.00113,0.00211
CX2_34,5,487,0.86458,0.85702,0.00757,0.00178,0.00555,0.00583
CX2_34,5,488,0.86456,0.85772,0.00683,0.00178,0.00385,0.00424
CX2_34,5,489,0.86456,0.85755,0.00701,0.00178,0.00226,0.00288
CX2_34,5,490,0.86456,0.86098,0.00358,0.00178,0.00308,0.00355
CX2_34,5,491,0.865,0.86184,0.00316,0.00178,0.00264,0.00318
CX2_34,5,492,0.87377,0.86243,0.01133,0.00178,0.00219,0.00282
CX2_34,5,493,0.87503,0.86273,0.0123,0.00178,0.00164,0.00242
CX2_34,5,494,0.87516,0.86297,0.0122,0.00178,0.00324,0.0037
CX2_34,5,495,0.87544,0.86351,0.01193,0.00178,0.00421,0.00457
CX2_34,5,496,0.87557,0.8639,0.01168,0.00178,0.00097,0.00202
CX2_34,5,498,0.87583,0.86387,0.01196,0.00178,0.00245,0.00303
CX2_34,5,499,0.87716,0.86449,0.01267,0.00178,0.00231,0.00292
CX2_34,5,500,0.87718,0.86466,0.01252,0.00178,0.00149,0.00232
CX2_34,5,502,0.87718,0.86408,0.0131,0.00178,0.00356,0.00398
CX2_34,5,503,0.8775,0.8646,0.0129,0.00178,0.00119,0.00214
CX2_34,5,504,0.8775,0.86535,0.01215,0.00178,0.00138,0.00225
CX2_34,5,505,0.87818,0.86504,0.01313,0.00178,0.00364,0.00405
CX2_34,5,506,0.8783,0.86488,0.01342,0.00178,0.00547,0.00575
CX2_34,5,507,0.8783,0.86454,0.01376,0.00178,0.00155,0.00236
CX2_34,5,508,0.87845,0.86603,0.01242,0.00178,0.00202,0.00269
CX2_34,5,509,0.87829,0.86602,0.01227,0.00178,0.00321,0.00367
CX2_34,5,510,0.87845,0.86747,0.01098,0.00178,0.00389,0.00427
CX2_34,5,511,0.87847,0.86985,0.00862,0.00178,0.00084,0.00197
CX2_34,5,512,0.88462,0.87004,0.01457,0.00178,0.00099,0.00203
CX2_34,5,513,0.88462,0.86568,0.01893,0.00178,0.00091,0.002
CX2_34,5,514,0.88462,0.86338,0.02124,0.00178,0.00121,0.00215
CX2_34,5,515,0.87565,0.86362,0.01203,0.00178,0.00048,0.00184
CX2_34,5,516,0.87565,0.86323,0.01242,0.00178,0.00053,0.00185
CX2_34,5,517,0.87541,0.86227,0.01315,0.00178,0.00162,0.00241
CX2_34,5,518,0.87565,0.86704,0.00861,0.00178,0.00153,0.00234
CX2_34,5,519,0.87565,0.86732,0.00833,0.00178,0.00206,0.00272
CX2_34,5,520,0.87565,0.86444,0.01121,0.00178,0.00136,0.00224
CX2_34,5,521,0.87542,0.86163,0.01379,0.00178,0.00051,0.00185
CX2_34,5,522,0.87542,0.86078,0.01464,0.00178,0.00033,0.00181
CX2_34,5,523,0.87416,0.86013,0.01404,0.00178,0.00048,0.00184
CX2_34,5,524,0.87212,0.85932,0.0128,0.00178,0.00062,0.00188
CX2_34,5,525,0.87212,0.86317,0.00895,0.00178,0.00064,0.00189
CX2_34,5,526,0.87212,0.86448,0.00763,0.00178,0.00128,0.00219
CX2_34,5,527,0.87355,0.86361,0.00994,0.00178,0.00168,0.00244
CX2_34,5,528,0.87355,0.85936,0.01419,0.00178,0.00105,0.00207
CX2_34,5,529,0.87355,0.8575,0.01605,0.00178,0.00087,0.00198
CX2_34,5,530,0.86909,0.86922,0.00013,0.00178,0.00071,0.00191
CX2_34,5,531,0.86829,0.86567,0.00263,0.00178,0.00258,0.00313
CX2_34,5,532,0.86263,0.85484,0.00779,0.00178,0.00162,0.00241
CX2_34,5,533,0.86263,0.86384,0.00121,0.00178,0.00169,0.00245
CX2_34,5,534,0.86263,0.86877,0.00614,0.00178,0.00245,0.00303
CX2_34,5,535,0.86376,0.86741,0.00365,0.00178,0.00309,0.00356
CX2_34,5,536,0.86376,0.8551,0.00866,0.00178,0.0034,0.00384
CX2_34,5,537,0.86376,0.85247,0.0113,0.00178,0.00354,0.00396
CX2_34,5,538,0.85418,0.84989,0.00429,0.00178,0.00372,0.00412
CX2_34,5,539,0.85109,0.84951,0.00158,0.00178,0.00346,0.00389
CX2_34,5,540,0.85109,0.85111,2e-05,0.00178,0.00274,0.00327
CX2_34,5,541,0.85109,0.85864,0.00755,0.00178,0.00593,0.00619
CX2_34,5,542,0.87101,0.86056,0.01045,0.00178,0.0037,0.00411
CX2_34,5,543,0.87101,0.8483,0.0227,0.00178,0.00615,0.00641
CX2_34,5,544,0.87101,0.84562,0.02539,0.00178,0.00329,0.00374
CX2_34,5,545,0.84715,0.84426,0.00289,0.00178,0.00149,0.00232
CX2_34,5,546,0.84672,0.84312,0.0036,0.00178,0.00139,0.00225
CX2_34,5,547,0.8464,0.84052,0.00588,0.00178,0.00372,0.00412
CX2_34,5,548,0.8464,0.84916,0.00276,0.00178,0.0038,0.00419
CX2_34,5,549,0.8464,0.85151,0.00511,0.00178,0.00581,0.00608
CX2_34,5,550,0.84455,0.84481,0.00027,0.00178,0.00239,0.00297
CX2_34,5,551,0.83991,0.83847,0.00143,0.00178,0.00109,0.00208
CX2_34,5,552,0.83881,0.83806,0.00074,0.00178,0.00174,0.00248
CX2_34,5,553,0.83864,0.83687,0.00176,0.00178,0.00053,0.00185
CX2_34,5,554,0.8379,0.83435,0.00355,0.00178,0.00108,0.00208
CX2_34,5,555,0.83597,0.83249,0.00348,0.00178,0.00127,0.00218
CX2_34,5,556,0.83232,0.831,0.00132,0.00178,0.00132,0.00221
CX2_34,5,557,0.8301,0.82991,0.0002,0.00178,0.00157,0.00237
CX2_34,5,558,0.82547,0.82894,0.00347,0.00178,0.00063,0.00189
CX2_34,5,559,0.82547,0.83002,0.00455,0.00178,0.00081,0.00195
CX2_34,5,560,0.82547,0.8353,0.00983,0.00178,0.0029,0.0034
CX2_34,5,561,0.82967,0.83886,0.00918,0.00178,0.00444,0.00479
CX2_34,5,562,0.84596,0.83843,0.00753,0.00178,0.00387,0.00426
CX2_34,5,563,0.84652,0.83845,0.00807,0.00178,0.00316,0.00362
CX2_34,5,564,0.84682,0.83886,0.00796,0.00178,0.00272,0.00325
CX2_34,5,565,0.84682,0.83914,0.00768,0.00178,0.00192,0.00262
CX2_34,5,566,0.84682,0.83916,0.00766,0.00178,0.00248,0.00305
CX2_34,5,567,0.84682,0.83936,0.00747,0.00178,0.00276,0.00328
CX2_34,5,568,0.84604,0.83939,0.00665,0.00178,0.00127,0.00218
CX2_34,5,569,0.84559,0.83893,0.00666,0.00178,0.00011,0.00178
CX2_34,5,570,0.84536,0.83832,0.00705,0.00178,0.00015,0.00178
CX2_34,5,571,0.84516,0.83761,0.00755,0.00178,0.00026,0.0018
CX2_34,5,572,0.84374,0.83727,0.00646,0.00178,0.00029,0.0018
CX2_34,5,573,0.84202,0.8368,0.00522,0.00178,0.00021,0.00179
CX2_34,5,574,0.84125,0.83656,0.00468,0.00178,0.00023,0.00179
CX2_34,5,575,0.84125,0.83691,0.00434,0.00178,0.00022,0.00179
CX2_34,5,576,0.84194,0.83711,0.00483,0.00178,0.00043,0.00183
CX2_34,5,577,0.84177,0.83652,0.00525,0.00178,0.00054,0.00186
CX2_34,5,578,0.84194,0.83589,0.00605,0.00178,0.00056,0.00186
CX2_34,5,579,0.84194,0.8356,0.00634,0.00178,0.00041,0.00182
CX2_34,5,580,0.84261,0.84432,0.00172,0.00178,0.00087,0.00198
CX2_34,5,581,0.84307,0.84553,0.00246,0.00178,0.00127,0.00218
CX2_34,5,582,0.85097,0.84322,0.00775,0.00178,0.00128,0.00219
CX2_34,5,583,0.85097,0.84189,0.00908,0.00178,0.00116,0.00212
CX2_34,5,584,0.85097,0.84091,0.01006,0.00178,0.0011,0.00209
CX2_34,5,585,0.8498,0.84036,0.00944,0.00178,0.00083,0.00196
CX2_34,5,586,0.8498,0.84092,0.00888,0.00178,0.00065,0.00189
CX2_34,5,587,0.84969,0.84139,0.0083,0.00178,0.00159,0.00238
CX2_34,5,588,0.84969,0.84182,0.00787,0.00178,0.00077,0.00194
CX2_34,5,589,0.84819,0.83984,0.00835,0.00178,0.00048,0.00184
CX2_34,5,590,0.84688,0.83876,0.00812,0.00178,0.00046,0.00184
CX2_34,5,591,0.84453,0.83806,0.00647,0.00178,0.00026,0.0018
CX2_34,5,592,0.84359,0.83739,0.0062,0.00178,0.00036,0.00181
CX2_34,5,593,0.84252,0.83666,0.00586,0.00178,0.00012,0.00178
CX2_34,5,594,0.84359,0.83815,0.00544,0.00178,0.00056,0.00186
CX2_34,5,595,0.84219,0.83723,0.00496,0.00178,0.0002,0.00179
CX2_34,5,596,0.84127,0.83281,0.00846,0.00178,0.00043,0.00183
CX2_34,5,597,0.83545,0.83008,0.00537,0.00178,0.0009,0.00199
CX2_34,5,598,0.8318,0.82866,0.00314,0.00178,0.00082,0.00195
CX2_34,5,599,0.83041,0.82739,0.00302,0.00178,0.0004,0.00182
CX2_34,5,600,0.82926,0.82602,0.00324,0.00178,0.00051,0.00185
CX2_34,5,601,0.82926,0.82627,0.00299,0.00178,0.00097,0.00202
CX2_34,5,603,0.82736,0.8262,0.00115,0.00178,0.00335,0.00379
CX2_34,5,604,0.82736,0.82565,0.00171,0.00178,0.00179,0.00252
CX2_34,5,605,0.82622,0.82406,0.00217,0.00178,0.00208,0.00273
CX2_34,5,606,0.82565,0.82116,0.00449,0.00178,0.0016,0.00239
CX2_34,5,607,0.82565,0.81846,0.00719,0.00178,0.00221,0.00283
CX2_34,5,608,0.81733,0.81726,7e-05,0.00178,0.00258,0.00313
CX2_34,5,609,0.816,0.81833,0.00233,0.00178,0.00342,0.00385
CX2_34,5,610,0.81387,0.81778,0.00391,0.00178,0.00451,0.00484
CX2_34,5,611,0.8132,0.81769,0.00449,0.00178,0.0035,0.00392
CX2_34,5,612,0.8129,0.81591,0.00301,0.00178,0.00055,0.00186
CX2_34,5,613,0.8129,0.81513,0.00223,0.00178,0.00121,0.00215
CX2_34,5,614,0.81175,0.81412,0.00237,0.00178,0.00072,0.00192
CX2_34,5,615,0.81175,0.81346,0.00171,0.00178,0.00055,0.00186
CX2_34,5,616,0.81154,0.81286,0.00132,0.00178,0.00024,0.00179
CX2_34,5,617,0.81175,0.81367,0.00192,0.00178,0.00054,0.00186
CX2_34,5,618,0.81202,0.81382,0.0018,0.00178,0.00068,0.0019
CX2_34,5,619,0.81377,0.8141,0.00033,0.00178,0.00068,0.0019
CX2_34,5,620,0.8146,0.81402,0.00058,0.00178,0.00034,0.00181
CX2_34,5,621,0.8146,0.81355,0.00105,0.00178,0.00025,0.00179
CX2_34,5,622,0.81377,0.81327,0.0005,0.00178,0.00063,0.00188
CX2_34,5,623,0.8136,0.81292,0.00068,0.00178,0.0008,0.00195
CX2_34,5,624,0.81271,0.81249,0.00022,0.00178,0.00088,0.00198
CX2_34,5,625,0.81138,0.81212,0.00074,0.00178,0.0005,0.00184
CX2_34,5,626,0.81133,0.81187,0.00054,0.00178,0.00028,0.0018
CX2_34,5,627,0.8113,0.81164,0.00034,0.00178,0.00042,0.00182
CX2_34,5,628,0.8107,0.8107,0.0,0.00178,0.00059,0.00187
CX2_34,5,629,0.80746,0.80994,0.00249,0.00178,0.00063,0.00188
CX2_34,5,630,0.80746,0.81971,0.01226,0.00178,0.00099,0.00203
CX2_34,5,631,0.80746,0.82128,0.01382,0.00178,0.00293,0.00343
CX2_34,5,632,0.82315,0.82099,0.00216,0.00178,0.00166,0.00243
CX2_34,5,633,0.82506,0.82084,0.00423,0.00178,0.00141,0.00227
CX2_34,5,634,0.82506,0.82068,0.00438,0.00178,0.00214,0.00278
CX2_34,5,635,0.82506,0.82036,0.0047,0.00178,0.00272,0.00325
CX2_34,5,636,0.82511,0.82225,0.00286,0.00178,0.002,0.00268
CX2_34,5,637,0.82569,0.82381,0.00188,0.00178,0.00286,0.00337
CX2_34,5,638,0.82496,0.8216,0.00336,0.00178,0.00127,0.00218
CX2_34,5,639,0.82473,0.81916,0.00556,0.00178,0.00031,0.0018
CX2_34,5,640,0.8247,0.81604,0.00867,0.00178,0.00122,0.00216
CX2_34,5,641,0.82105,0.8142,0.00684,0.00178,0.00182,0.00254
CX2_34,5,642,0.8141,0.81295,0.00116,0.00178,0.00113,0.0021
CX2_34,5,643,0.81037,0.81249,0.00212,0.00178,0.00165,0.00242
CX2_34,5,644,0.81037,0.81346,0.00309,0.00178,0.00162,0.0024
CX2_34,5,645,0.81037,0.8139,0.00353,0.00178,0.00143,0.00228
CX2_34,5,646,0.80902,0.8116,0.00258,0.00178,0.00167,0.00244
CX2_34,5,647,0.80902,0.80949,0.00047,0.00178,0.00173,0.00248
CX2_34,5,648,0.8055,0.80841,0.0029,0.00178,0.00112,0.0021
CX2_34,5,649,0.80464,0.80764,0.003,0.00178,0.0008,0.00195
CX2_34,5,650,0.80287,0.80656,0.00369,0.00178,0.00044,0.00183
CX2_34,5,651,0.80287,0.80791,0.00504,0.00178,0.00064,0.00189
CX2_34,5,652,0.80464,0.80771,0.00307,0.00178,0.00125,0.00217
CX2_34,5,653,0.80415,0.80723,0.00307,0.00178,0.00138,0.00225
CX2_34,5,654,0.80415,0.80484,0.00069,0.00178,0.00096,0.00202
CX2_34,5,655,0.80415,0.80365,0.0005,0.00178,0.0008,0.00195
CX2_34,5,656,0.79918,0.80265,0.00347,0.00178,0.00103,0.00205
CX2_34,5,657,0.79639,0.80195,0.00557,0.00178,0.00046,0.00183
CX2_34,5,658,0.79575,0.80137,0.00563,0.00178,0.00086,0.00197
CX2_34,5,659,0.79466,0.80077,0.00611,0.00178,0.00081,0.00195
CX2_34,5,660,0.79466,0.80247,0.00781,0.00178,0.00068,0.0019
CX2_34,5,661,0.79466,0.80735,0.01269,0.00178,0.00234,0.00294
CX2_34,5,662,0.80262,0.80875,0.00613,0.00178,0.00292,0.00342
CX2_34,5,663,0.81322,0.80959,0.00363,0.00178,0.0023,0.0029
CX2_34,5,664,0.81486,0.80997,0.00489,0.00178,0.00174,0.00249
CX2_34,5,665,0.81603,0.81013,0.0059,0.00178,0.00215,0.00279
CX2_34,5,666,0.81654,0.81028,0.00626,0.00178,0.00195,0.00264
CX2_34,5,667,0.81654,0.81038,0.00616,0.00178,0.00244,0.00302
CX2_34,5,669,0.81603,0.8095,0.00653,0.00178,0.00413,0.00449
CX2_34,5,670,0.81429,0.81001,0.00428,0.00178,0.00368,0.00409
CX2_34,5,671,0.81429,0.81,0.00429,0.00178,0.00184,0.00256
CX2_34,5,672,0.81409,0.80982,0.00427,0.00178,0.00068,0.0019
CX2_34,5,673,0.81409,0.80777,0.00631,0.00178,0.0003,0.0018
CX2_34,5,674,0.81409,0.80074,0.01335,0.00178,0.00079,0.00194
CX2_34,5,675,0.80498,0.80093,0.00405,0.00178,0.00126,0.00218
CX2_34,5,676,0.78862,0.79965,0.01103,0.00178,0.00308,0.00355
CX2_34,5,677,0.78748,0.79747,0.01,0.00178,0.00852,0.00871
CX2_34,5,678,0.78364,0.79631,0.01267,0.00178,0.00297,0.00346
CX2_34,5,679,0.78364,0.79541,0.01177,0.00178,0.00274,0.00326
CX2_34,5,680,0.78364,0.80217,0.01853,0.00178,0.00391,0.0043
CX2_34,5,681,0.78411,0.80484,0.02073,0.00178,0.00336,0.0038
CX2_34,5,682,0.7928,0.80112,0.00832,0.00178,0.00265,0.00319
CX2_34,5,683,0.7928,0.79947,0.00667,0.00178,0.00228,0.00289
CX2_34,5,685,0.7928,0.79984,0.00703,0.00178,0.00671,0.00694
CX2_34,5,686,0.7928,0.80059,0.00779,0.00178,0.00451,0.00485
CX2_34,5,687,0.79341,0.802,0.00859,0.00178,0.00319,0.00365
CX2_34,5,688,0.79527,0.80265,0.00738,0.00178,0.00197,0.00265
CX2_34,5,689,0.79747,0.8009,0.00343,0.00178,0.00132,0.00221
CX2_34,5,690,0.79791,0.80013,0.00223,0.00178,0.00189,0.0026
CX2_34,5,691,0.79791,0.79904,0.00113,0.00178,0.00397,0.00435
CX2_34,5,692,0.79747,0.79627,0.0012,0.00178,0.00421,0.00457
CX2_34,5,693,0.7952,0.7952,0.0,0.00178,0.00711,0.00733
CX2_34,5,694,0.78781,0.79462,0.00681,0.00178,0.0019,0.0026
CX2_34,5,695,0.78659,0.79361,0.00703,0.00178,0.00107,0.00207
CX2_34,5,696,0.78369,0.79296,0.00927,0.00178,0.00068,0.0019
CX2_34,5,697,0.78369,0.80754,0.02385,0.00178,0.00265,0.00319
CX2_34,5,698,0.78226,0.7949,0.01264,0.00178,0.00214,0.00278
CX2_34,5,699,0.78226,0.79472,0.01246,0.00178,0.00253,0.00309
CX2_34,5,700,0.78226,0.79253,0.01027,0.00178,0.00157,0.00237
CX2_34,5,701,0.78226,0.79179,0.00953,0.00178,0.00146,0.0023
CX2_34,5,702,0.78199,0.79131,0.00932,0.00178,0.00126,0.00218
CX2_34,5,703,0.77961,0.7906,0.01099,0.00178,0.00149,0.00232
CX2_34,5,705,0.77882,0.79221,0.01338,0.00178,0.00191,0.00261
CX2_34,5,706,0.77961,0.79333,0.01372,0.00178,0.00196,0.00265
CX2_34,5,707,0.78205,0.79159,0.00954,0.00178,0.00151,0.00233
CX2_35,5,1,0.99191,1.00034,0.00843,0.00179,,
CX2_35,5,2,0.99425,0.99476,0.00051,0.00179,,
CX2_35,5,3,0.99191,0.99341,0.00149,0.00179,,
CX2_35,5,4,0.9891,0.99102,0.00192,0.00179,0.00103,0.00207
CX2_35,5,5,0.99191,0.99458,0.00267,0.00179,0.00264,0.0032
CX2_35,5,6,0.98845,0.995,0.00655,0.00179,0.00242,0.00301
CX2_35,5,7,0.9863,0.98966,0.00337,0.00179,0.00134,0.00224
CX2_35,5,8,0.9863,0.98782,0.00152,0.00179,0.00144,0.0023
CX2_35,5,9,0.98507,0.98665,0.00158,0.00179,0.00159,0.0024
CX2_35,5,10,0.98507,0.98963,0.00455,0.00179,0.00141,0.00228
CX2_35,5,11,0.9848,0.99059,0.00578,0.00179,0.00142,0.00229
CX2_35,5,12,0.9848,0.98521,0.00041,0.00179,0.00075,0.00195
CX2_35,5,13,0.98429,0.98389,0.0004,0.00179,0.0014,0.00228
CX2_35,5,14,0.98429,0.98299,0.0013,0.00179,0.0012,0.00216
CX2_35,5,15,0.98429,0.98465,0.00036,0.00179,0.00095,0.00203
CX2_35,5,16,0.98141,0.98684,0.00543,0.00179,0.00064,0.0019
CX2_35,5,17,0.97933,0.98749,0.00816,0.00179,0.00061,0.00189
CX2_35,5,18,0.98084,0.98723,0.00639,0.00179,0.00066,0.00191
CX2_35,5,19,0.98084,0.98751,0.00667,0.00179,0.00052,0.00187
CX2_35,5,20,0.97933,0.98721,0.00787,0.00179,0.00068,0.00192
CX2_35,5,21,0.97933,0.98713,0.00779,0.00179,0.00063,0.0019
CX2_35,5,22,0.9788,0.98675,0.00795,0.00179,0.00098,0.00204
CX2_35,5,23,0.97846,0.98648,0.00802,0.00179,0.00059,0.00189
CX2_35,5,24,0.97811,0.98654,0.00843,0.00179,0.0007,0.00193
CX2_35,5,25,0.97811,0.84837,0.12974,0.00179,0.00196,0.00266
CX2_35,5,26,0.97649,0.84824,0.12825,0.00179,0.00329,0.00375
CX2_35,5,27,0.97651,0.98638,0.00987,0.00179,0.00242,0.00301
CX2_35,5,28,0.9745,0.98011,0.00561,0.00179,0.00206,0.00273
CX2_35,5,29,0.97311,0.97829,0.00517,0.00179,0.00137,0.00226
CX2_35,5,30,0.97311,0.977,0.00388,0.00179,0.00054,0.00187
CX2_35,5,31,0.9745,0.97878,0.00428,0.00179,0.00183,0.00256
CX2_35,5,32,0.97434,0.98124,0.0069,0.00179,0.00214,0.00279
CX2_35,5,33,0.97311,0.97594,0.00283,0.00179,0.00323,0.0037
CX2_35,5,34,0.97274,0.9743,0.00156,0.00179,0.00353,0.00396
CX2_35,5,35,0.97023,0.97372,0.00348,0.00179,0.00211,0.00277
CX2_35,5,36,0.97023,0.97522,0.00499,0.00179,0.00112,0.00212
CX2_35,5,37,0.96784,0.97864,0.0108,0.00179,0.00114,0.00212
CX2_35,5,38,0.96666,0.9741,0.00744,0.00179,0.0016,0.0024
CX2_35,5,39,0.96661,0.97198,0.00536,0.00179,0.00156,0.00238
CX2_35,5,40,0.96661,0.97163,0.00502,0.00179,0.00191,0.00262
CX2_35,5,41,0.96459,0.97109,0.0065,0.00179,0.00095,0.00203
CX2_35,5,42,0.96459,0.9754,0.01081,0.00179,0.00105,0.00208
CX2_35,5,43,0.96459,0.97406,0.00947,0.00179,0.00266,0.00321
CX2_35,5,44,0.96425,0.97039,0.00614,0.00179,0.00237,0.00297
CX2_35,5,45,0.96233,0.9698,0.00747,0.00179,0.00222,0.00286
CX2_35,5,46,0.96206,0.9684,0.00634,0.00179,0.00055,0.00188
CX2_35,5,47,0.96206,0.9725,0.01044,0.00179,0.00131,0.00222
CX2_35,5,48,0.96206,0.97243,0.01036,0.00179,0.00081,0.00197
CX2_35,5,49,0.96206,0.9857,0.02364,0.00179,0.00221,0.00285
CX2_35,5,50,0.96503,0.98706,0.02202,0.00179,0.00421,0.00458
CX2_35,5,51,0.97632,0.98695,0.01063,0.00179,0.00284,0.00336
CX2_35,5,52,0.97632,0.98151,0.00518,0.00179,0.00245,0.00304
CX2_35,5,53,0.97632,0.97999,0.00367,0.00179,0.00274,0.00328
CX2_35,5,54,0.97558,0.97831,0.00273,0.00179,0.00316,0.00363
CX2_35,5,55,0.97558,0.97542,0.00015,0.00179,0.00268,0.00322
CX2_35,5,56,0.97057,0.97504,0.00447,0.00179,0.00289,0.0034
CX2_35,5,57,0.97008,0.97171,0.00163,0.00179,0.00268,0.00322
CX2_35,5,58,0.96616,0.97064,0.00448,0.00179,0.00117,0.00214
CX2_35,5,59,0.96366,0.96965,0.00599,0.00179,0.00065,0.00191
CX2_35,5,60,0.96218,0.96838,0.0062,0.00179,0.00057,0.00188
CX2_35,5,61,0.95999,0.96843,0.00844,0.00179,0.00051,0.00186
CX2_35,5,62,0.95976,0.96675,0.00699,0.00179,0.00042,0.00184
CX2_35,5,63,0.95904,0.96559,0.00655,0.00179,0.00108,0.00209
CX2_35,5,64,0.95849,0.9649,0.0064,0.00179,0.00113,0.00212
CX2_35,5,65,0.95728,0.96389,0.00662,0.00179,0.00038,0.00183
CX2_35,5,66,0.95298,0.96495,0.01197,0.00179,0.00069,0.00192
CX2_35,5,67,0.95242,0.96453,0.01211,0.00179,0.00027,0.00181
CX2_35,5,68,0.95298,0.96384,0.01085,0.00179,0.00091,0.00201
CX2_35,5,69,0.95432,0.96338,0.00906,0.00179,0.0002,0.00181
CX2_35,5,70,0.95242,0.96328,0.01086,0.00179,0.00109,0.0021
CX2_35,5,71,0.95227,0.96232,0.01005,0.00179,0.00125,0.00219
CX2_35,5,72,0.95297,0.96181,0.00884,0.00179,0.0007,0.00193
CX2_35,5,73,0.95227,0.80423,0.14804,0.00179,0.00234,0.00295
CX2_35,5,74,0.94867,0.96119,0.01251,0.00179,0.00231,0.00292
CX2_35,5,75,0.94916,0.96097,0.01181,0.00179,0.00202,0.0027
CX2_35,5,76,0.94806,0.80438,0.14368,0.00179,0.00462,0.00496
CX2_35,5,77,0.94806,0.96002,0.01196,0.00179,0.0024,0.003
CX2_35,5,78,0.94806,0.95781,0.00975,0.00179,0.00221,0.00284
CX2_35,5,79,0.93897,0.95483,0.01586,0.00179,0.00207,0.00274
CX2_35,5,80,0.93897,0.95422,0.01525,0.00179,0.00266,0.00321
CX2_35,5,81,0.94273,0.95368,0.01095,0.00179,0.00381,0.00421
CX2_35,5,82,0.94273,0.95613,0.0134,0.00179,0.00437,0.00473
CX2_35,5,83,0.94435,0.95868,0.01433,0.00179,0.00285,0.00337
CX2_35,5,84,0.94603,0.96007,0.01404,0.00179,0.0012,0.00216
CX2_35,5,85,0.94603,0.95649,0.01045,0.00179,0.00104,0.00207
CX2_35,5,86,0.94509,0.95532,0.01023,0.00179,0.00196,0.00265
CX2_35,5,87,0.94973,0.95671,0.00698,0.00179,0.00111,0.00211
CX2_35,5,88,0.94929,0.96048,0.01118,0.00179,0.00149,0.00233
CX2_35,5,89,0.94509,0.95578,0.01068,0.00179,0.00156,0.00238
CX2_35,5,90,0.94509,0.79858,0.14651,0.00179,0.00344,0.00388
CX2_35,5,91,0.94505,0.95406,0.009,0.00179,0.00332,0.00378
CX2_35,5,92,0.94385,0.95283,0.00898,0.00179,0.0029,0.00341
CX2_35,5,93,0.94385,0.95755,0.0137,0.00179,0.00168,0.00245
CX2_35,5,94,0.94505,0.95815,0.0131,0.00179,0.00206,0.00273
CX2_35,5,95,0.9462,0.95223,0.00603,0.00179,0.00163,0.00242
CX2_35,5,96,0.9462,0.95205,0.00586,0.00179,0.00162,0.00241
CX2_35,5,97,0.9462,0.95142,0.00523,0.00179,0.00217,0.00281
CX2_35,5,98,0.9462,0.95373,0.00753,0.00179,0.00254,0.00311
CX2_35,5,99,0.9462,0.95672,0.01052,0.00179,0.00355,0.00398
CX2_35,5,100,0.94288,0.9507,0.00782,0.00179,0.00149,0.00233
CX2_35,5,101,0.94416,0.9502,0.00604,0.00179,0.00175,0.0025
CX2_35,5,102,0.94416,0.95004,0.00588,0.00179,0.00109,0.0021
CX2_35,5,103,0.94416,0.95079,0.00663,0.00179,0.00166,0.00244
CX2_35,5,104,0.94416,0.95443,0.01027,0.00179,0.00163,0.00242
CX2_35,5,105,0.94663,0.95543,0.0088,0.00179,0.00113,0.00212
CX2_35,5,106,0.94663,0.95565,0.00902,0.00179,0.00132,0.00223
CX2_35,5,107,0.94663,0.95608,0.00945,0.00179,0.00118,0.00214
CX2_35,5,108,0.94623,0.95657,0.01034,0.00179,0.00076,0.00195
CX2_35,5,109,0.94598,0.9567,0.01072,0.00179,0.00083,0.00197
CX2_35,5,110,0.94527,0.95651,0.01124,0.00179,0.00052,0.00187
CX2_35,5,111,0.94542,0.95651,0.01109,0.00179,0.00036,0.00183
CX2_35,5,112,0.94527,0.95652,0.01125,0.00179,0.00071,0.00193
CX2_35,5,113,0.94497,0.95662,0.01165,0.00179,0.00011,0.0018
CX2_35,5,114,0.94527,0.95702,0.01175,0.00179,0.00043,0.00184
CX2_35,5,115,0.94535,0.95753,0.01219,0.00179,0.00034,0.00183
CX2_35,5,116,0.94497,0.94994,0.00498,0.00179,0.00028,0.00182
CX2_35,5,117,0.94497,0.94884,0.00387,0.00179,0.00065,0.00191
CX2_35,5,118,0.94131,0.94765,0.00634,0.00179,0.00063,0.0019
CX2_35,5,119,0.94131,0.94847,0.00716,0.00179,0.00082,0.00197
CX2_35,5,120,0.94089,0.80703,0.13386,0.00179,0.00135,0.00225
CX2_35,5,121,0.9407,0.95023,0.00952,0.00179,0.00191,0.00262
CX2_35,5,122,0.93923,0.94538,0.00615,0.00179,0.00156,0.00237
CX2_35,5,123,0.93923,0.94554,0.00631,0.00179,0.00198,0.00267
CX2_35,5,124,0.93461,0.94457,0.00996,0.00179,0.00143,0.00229
CX2_35,5,125,0.93923,0.94916,0.00993,0.00179,0.00143,0.0023
CX2_35,5,126,0.93923,0.80533,0.1339,0.00179,0.00461,0.00495
CX2_35,5,127,0.93461,0.94481,0.01019,0.00179,0.00309,0.00357
CX2_35,5,128,0.93313,0.79031,0.14282,0.00179,0.00504,0.00535
CX2_35,5,129,0.93313,0.94523,0.0121,0.00179,0.0038,0.00421
CX2_35,5,130,0.93313,0.94446,0.01134,0.00179,0.00282,0.00334
CX2_35,5,131,0.93663,0.94891,0.01228,0.00179,0.00223,0.00286
CX2_35,5,132,0.93663,0.94869,0.01206,0.00179,0.00218,0.00282
CX2_35,5,133,0.93663,0.94341,0.00679,0.00179,0.00197,0.00267
CX2_35,5,134,0.93535,0.94355,0.0082,0.00179,0.00282,0.00334
CX2_35,5,135,0.93535,0.94322,0.00787,0.00179,0.00458,0.00492
CX2_35,5,136,0.93535,0.96164,0.02628,0.00179,0.00512,0.00543
CX2_35,5,137,0.93602,0.96271,0.02669,0.00179,0.00527,0.00557
CX2_35,5,138,0.95321,0.96149,0.00828,0.00179,0.00331,0.00376
CX2_35,5,139,0.95321,0.96048,0.00726,0.00179,0.00281,0.00333
CX2_35,5,140,0.95321,0.95971,0.0065,0.00179,0.00294,0.00345
CX2_35,5,141,0.95201,0.95912,0.00711,0.00179,0.00217,0.00282
CX2_35,5,142,0.95072,0.82044,0.13027,0.00179,0.00498,0.00529
CX2_35,5,143,0.95017,0.81965,0.13052,0.00179,0.00276,0.00329
CX2_35,5,144,0.94804,0.95823,0.01019,0.00179,0.002,0.00269
CX2_35,5,145,0.94758,0.95768,0.0101,0.00179,0.00223,0.00286
CX2_35,5,146,0.94758,0.95701,0.00943,0.00179,0.00136,0.00225
CX2_35,5,147,0.94758,0.95671,0.00913,0.00179,0.00048,0.00186
CX2_35,5,148,0.94758,0.95623,0.00865,0.00179,0.00157,0.00238
CX2_35,5,149,0.94742,0.95582,0.0084,0.00179,0.00219,0.00283
CX2_35,5,150,0.9454,0.95389,0.0085,0.00179,0.0026,0.00316
CX2_35,5,151,0.94537,0.94778,0.00241,0.00179,0.00453,0.00487
CX2_35,5,152,0.94492,0.94697,0.00205,0.00179,0.00241,0.003
CX2_35,5,153,0.9408,0.94495,0.00415,0.00179,0.00071,0.00193
CX2_35,5,154,0.93722,0.79605,0.14118,0.00179,0.00202,0.0027
CX2_35,5,155,0.9408,0.95053,0.00973,0.00179,0.00131,0.00222
CX2_35,5,156,0.93694,0.94609,0.00915,0.00179,0.00122,0.00217
CX2_35,5,157,0.93648,0.94374,0.00726,0.00179,0.0013,0.00222
CX2_35,5,158,0.93648,0.94366,0.00718,0.00179,0.00138,0.00226
CX2_35,5,159,0.93648,0.94157,0.00509,0.00179,0.00095,0.00203
CX2_35,5,160,0.93648,0.94689,0.01041,0.00179,0.00079,0.00196
CX2_35,5,161,0.93648,0.94584,0.00936,0.00179,0.00089,0.002
CX2_35,5,162,0.93515,0.94001,0.00487,0.00179,0.00068,0.00192
CX2_35,5,163,0.93403,0.93953,0.0055,0.00179,0.00099,0.00205
CX2_35,5,164,0.93012,0.93831,0.0082,0.00179,0.001,0.00206
CX2_35,5,165,0.93012,0.94234,0.01223,0.00179,0.00099,0.00205
CX2_35,5,166,0.93403,0.94448,0.01045,0.00179,0.00106,0.00208
CX2_35,5,167,0.93012,0.93791,0.0078,0.00179,0.00173,0.0025
CX2_35,5,168,0.93081,0.93783,0.00702,0.00179,0.00165,0.00244
CX2_35,5,169,0.93118,0.9383,0.00712,0.00179,0.00139,0.00227
CX2_35,5,170,0.93118,0.93953,0.00835,0.00179,0.00175,0.0025
CX2_35,5,171,0.93118,0.94334,0.01216,0.00179,0.00146,0.00231
CX2_35,5,172,0.93118,0.93839,0.0072,0.00179,0.00171,0.00248
CX2_35,5,173,0.93118,0.93611,0.00492,0.00179,0.00183,0.00256
CX2_35,5,174,0.93036,0.93556,0.0052,0.00179,0.00133,0.00223
CX2_35,5,175,0.9297,0.93265,0.00295,0.00179,0.00174,0.0025
CX2_35,5,176,0.92529,0.93797,0.01269,0.00179,0.00175,0.00251
CX2_35,5,177,0.92843,0.93919,0.01077,0.00179,0.00183,0.00256
CX2_35,5,178,0.92843,0.93946,0.01103,0.00179,0.00164,0.00243
CX2_35,5,179,0.92843,0.9396,0.01118,0.00179,0.00186,0.00258
CX2_35,5,180,0.92843,0.94043,0.012,0.00179,0.00127,0.0022
CX2_35,5,181,0.92843,0.93991,0.01149,0.00179,0.00134,0.00224
CX2_35,5,182,0.92881,0.94042,0.01162,0.00179,0.00106,0.00208
CX2_35,5,183,0.92686,0.93989,0.01303,0.00179,0.00145,0.00231
CX2_35,5,184,0.92686,0.94013,0.01327,0.00179,0.00119,0.00215
CX2_35,5,185,0.92909,0.93993,0.01084,0.00179,0.00094,0.00202
CX2_35,5,186,0.92909,0.94019,0.01109,0.00179,0.00068,0.00192
CX2_35,5,187,0.92814,0.94097,0.01283,0.00179,0.00077,0.00195
CX2_35,5,188,0.92814,0.9381,0.00995,0.00179,0.00124,0.00218
CX2_35,5,189,0.92644,0.92978,0.00334,0.00179,0.00229,0.00291
CX2_35,5,190,0.92164,0.93037,0.00872,0.00179,0.00111,0.00211
CX2_35,5,191,0.9193,0.92905,0.00975,0.00179,0.00081,0.00197
CX2_35,5,192,0.9193,0.93271,0.01341,0.00179,0.00146,0.00231
CX2_35,5,193,0.92164,0.93585,0.0142,0.00179,0.00141,0.00228
CX2_35,5,194,0.92164,0.92755,0.00591,0.00179,0.00197,0.00266
CX2_35,5,195,0.92056,0.92685,0.0063,0.00179,0.00189,0.00261
CX2_35,5,196,0.92056,0.92672,0.00616,0.00179,0.00267,0.00321
CX2_35,5,197,0.92056,0.92624,0.00568,0.00179,0.00207,0.00274
CX2_35,5,198,0.92056,0.93128,0.01072,0.00179,0.00142,0.00229
CX2_35,5,199,0.92056,0.92775,0.00719,0.00179,0.00268,0.00323
CX2_35,5,200,0.91258,0.92349,0.01091,0.00179,0.00331,0.00377
CX2_35,5,201,0.91258,0.92234,0.00976,0.00179,0.00195,0.00265
CX2_35,5,202,0.91016,0.92216,0.01201,0.00179,0.00251,0.00308
CX2_35,5,203,0.91016,0.9271,0.01695,0.00179,0.00268,0.00322
CX2_35,5,204,0.91258,0.92858,0.016,0.00179,0.00336,0.0038
CX2_35,5,205,0.91016,0.92136,0.0112,0.00179,0.00418,0.00455
CX2_35,5,206,0.90739,0.92088,0.01349,0.00179,0.00339,0.00383
CX2_35,5,207,0.91314,0.92065,0.00751,0.00179,0.00326,0.00372
CX2_35,5,208,0.91314,0.9227,0.00956,0.00179,0.00276,0.00329
CX2_35,5,209,0.91314,0.92604,0.0129,0.00179,0.00245,0.00304
CX2_35,5,210,0.91314,0.92073,0.00759,0.00179,0.0026,0.00316
CX2_35,5,211,0.91314,0.91863,0.00549,0.00179,0.00298,0.00348
CX2_35,5,212,0.90789,0.9186,0.01071,0.00179,0.00212,0.00277
CX2_35,5,213,0.90497,0.91656,0.01159,0.00179,0.0019,0.00261
CX2_35,5,214,0.90497,0.92294,0.01797,0.00179,0.00268,0.00323
CX2_35,5,215,0.90497,0.92427,0.0193,0.00179,0.00224,0.00287
CX2_35,5,216,0.9083,0.92452,0.01623,0.00179,0.00276,0.00329
CX2_35,5,217,0.9132,0.92582,0.01262,0.00179,0.00317,0.00364
CX2_35,5,218,0.9132,0.92631,0.01311,0.00179,0.00204,0.00271
CX2_35,5,219,0.9132,0.92649,0.01329,0.00179,0.00121,0.00216
CX2_35,5,220,0.91505,0.92652,0.01147,0.00179,0.00088,0.002
CX2_35,5,221,0.91505,0.92644,0.01139,0.00179,0.00123,0.00218
CX2_35,5,222,0.91428,0.92689,0.01261,0.00179,0.00091,0.00201
CX2_35,5,223,0.91505,0.92678,0.01173,0.00179,0.00071,0.00193
CX2_35,5,224,0.91615,0.92705,0.0109,0.00179,0.00079,0.00196
CX2_35,5,225,0.9165,0.92937,0.01287,0.00179,0.00088,0.002
CX2_35,5,226,0.91653,0.92904,0.0125,0.00179,0.00147,0.00232
CX2_35,5,227,0.92428,0.934,0.00972,0.00179,0.00145,0.00231
CX2_35,5,228,0.92428,0.92997,0.00569,0.00179,0.00146,0.00231
CX2_35,5,229,0.92428,0.92344,0.00084,0.00179,0.00228,0.0029
CX2_35,5,230,0.912,0.9221,0.0101,0.00179,0.00165,0.00244
CX2_35,5,231,0.912,0.92187,0.00987,0.00179,0.0008,0.00197
CX2_35,5,232,0.912,0.92604,0.01404,0.00179,0.00137,0.00226
CX2_35,5,233,0.91283,0.92734,0.01451,0.00179,0.00332,0.00377
CX2_35,5,235,0.91283,0.91853,0.0057,0.00179,0.00483,0.00515
CX2_35,5,236,0.90747,0.91677,0.00931,0.00179,0.0034,0.00384
CX2_35,5,237,0.90747,0.91814,0.01067,0.00179,0.0022,0.00284
CX2_35,5,238,0.90747,0.92257,0.0151,0.00179,0.00102,0.00206
CX2_35,5,239,0.90747,0.91988,0.01241,0.00179,0.00274,0.00327
CX2_35,5,240,0.90595,0.91531,0.00936,0.00179,0.00266,0.00321
CX2_35,5,241,0.90135,0.91453,0.01319,0.00179,0.00325,0.00371
CX2_35,5,242,0.90095,0.91368,0.01273,0.00179,0.00246,0.00304
CX2_35,5,243,0.90095,0.91813,0.01718,0.00179,0.0046,0.00494
CX2_35,5,244,0.90135,0.91966,0.01831,0.00179,0.00245,0.00304
CX2_35,5,245,0.90135,0.9122,0.01085,0.00179,0.00188,0.0026
CX2_35,5,246,0.90018,0.91206,0.01188,0.00179,0.00221,0.00285
CX2_35,5,247,0.90013,0.91101,0.01088,0.00179,0.00167,0.00245
CX2_35,5,248,0.90013,0.91231,0.01219,0.00179,0.00331,0.00376
CX2_35,5,249,0.90013,0.91604,0.01591,0.00179,0.00252,0.00309
CX2_35,5,250,0.90544,0.91665,0.01121,0.00179,0.00252,0.00309
CX2_35,5,251,0.90577,0.91699,0.01121,0.00179,0.00252,0.0031
CX2_35,5,252,0.90609,0.91829,0.0122,0.00179,0.00248,0.00306
CX2_35,5,253,0.90609,0.91895,0.01286,0.00179,0.00079,0.00196
CX2_35,5,254,0.90687,0.91931,0.01243,0.00179,0.00086,0.00199
CX2_35,5,255,0.90714,0.91957,0.01243,0.00179,0.00088,0.002
CX2_35,5,256,0.9079,0.91976,0.01186,0.00179,0.00036,0.00183
CX2_35,5,257,0.90791,0.91989,0.01198,0.00179,0.00064,0.0019
CX2_35,5,258,0.90833,0.92014,0.01181,0.00179,0.00024,0.00181
CX2_35,5,259,0.90878,0.92043,0.01164,0.00179,0.0002,0.0018
CX2_35,5,260,0.90951,0.92044,0.01093,0.00179,0.00018,0.0018
CX2_35,5,261,0.90951,0.9123,0.00279,0.00179,0.00103,0.00207
CX2_35,5,262,0.90951,0.90895,0.00056,0.00179,0.00196,0.00265
CX2_35,5,263,0.89643,0.90839,0.01196,0.00179,0.00145,0.00231
CX2_35,5,264,0.89618,0.90696,0.01078,0.00179,0.00141,0.00228
CX2_35,5,266,0.89606,0.915,0.01893,0.00179,0.0019,0.00261
CX2_35,5,267,0.89283,0.90739,0.01456,0.00179,0.00236,0.00297
CX2_35,5,268,0.89283,0.90743,0.0146,0.00179,0.00295,0.00345
CX2_35,5,269,0.89334,0.90681,0.01346,0.00179,0.00163,0.00242
CX2_35,5,270,0.89627,0.90736,0.0111,0.00179,0.00213,0.00279
CX2_35,5,271,0.89627,0.91268,0.01641,0.00179,0.00268,0.00322
CX2_35,5,272,0.89627,0.91039,0.01413,0.00179,0.00254,0.00311
CX2_35,5,273,0.89466,0.90601,0.01135,0.00179,0.00303,0.00352
CX2_35,5,274,0.89466,0.90585,0.01119,0.00179,0.00418,0.00455
CX2_35,5,275,0.89466,0.91693,0.02227,0.00179,0.00363,0.00405
CX2_35,5,276,0.89466,0.91916,0.0245,0.00179,0.00317,0.00364
CX2_35,5,277,0.90083,0.91348,0.01265,0.00179,0.00326,0.00372
CX2_35,5,278,0.90117,0.91174,0.01058,0.00179,0.00372,0.00413
CX2_35,5,280,0.90083,0.91034,0.00952,0.00179,0.00351,0.00394
CX2_35,5,281,0.89714,0.90847,0.01133,0.00179,0.00378,0.00418
CX2_35,5,282,0.89714,0.9138,0.01666,0.00179,0.00337,0.00382
CX2_35,5,283,0.89714,0.91466,0.01752,0.00179,0.00277,0.0033
CX2_35,5,284,0.90488,0.91479,0.0099,0.00179,0.00172,0.00249
CX2_35,5,285,0.90488,0.91472,0.00984,0.00179,0.00138,0.00226
CX2_35,5,286,0.90488,0.9147,0.00982,0.00179,0.00245,0.00304
CX2_35,5,287,0.90528,0.91674,0.01146,0.00179,0.00261,0.00317
CX2_35,5,288,0.90574,0.91957,0.01383,0.00179,0.00346,0.0039
CX2_35,5,289,0.90623,0.91943,0.01319,0.00179,0.00126,0.00219
CX2_35,5,290,0.90623,0.91363,0.0074,0.00179,0.00148,0.00233
CX2_35,5,291,0.90706,0.91429,0.00723,0.00179,0.00071,0.00193
CX2_35,5,292,0.90717,0.91594,0.00877,0.00179,0.0005,0.00186
CX2_35,5,293,0.90717,0.9166,0.00943,0.00179,0.00061,0.00189
CX2_35,5,294,0.90717,0.91772,0.01054,0.00179,0.00072,0.00193
CX2_35,5,295,0.90717,0.91508,0.00791,0.00179,0.00191,0.00262
CX2_35,5,296,0.90717,0.91204,0.00487,0.00179,0.00167,0.00245
CX2_35,5,297,0.90334,0.91344,0.0101,0.00179,0.00115,0.00213
CX2_35,5,298,0.90103,0.91295,0.01192,0.00179,0.00133,0.00224
CX2_35,5,299,0.90103,0.91509,0.01406,0.00179,0.00147,0.00232
CX2_35,5,301,0.90057,0.91074,0.01017,0.00179,0.00185,0.00258
CX2_35,5,302,0.8989,0.91043,0.01153,0.00179,0.00183,0.00256
CX2_35,5,303,0.8988,0.90972,0.01091,0.00179,0.00114,0.00212
CX2_35,5,304,0.89873,0.90893,0.0102,0.00179,0.00061,0.00189
CX2_35,5,305,0.8988,0.91267,0.01387,0.00179,0.00056,0.00188
CX2_35,5,306,0.89873,0.91121,0.01248,0.00179,0.00104,0.00207
CX2_35,5,307,0.89825,0.90779,0.00953,0.00179,0.00109,0.0021
CX2_35,5,308,0.89768,0.90846,0.01079,0.00179,0.00129,0.00221
CX2_35,5,309,0.89645,0.90866,0.01221,0.00179,0.00253,0.0031
CX2_35,5,310,0.89645,0.91094,0.01449,0.00179,0.00081,0.00197
CX2_35,5,311,0.89825,0.91261,0.01436,0.00179,0.0013,0.00222
CX2_35,5,312,0.90169,0.91307,0.01137,0.00179,0.00103,0.00207
CX2_35,5,313,0.90175,0.91335,0.0116,0.00179,0.00094,0.00203
CX2_35,5,314,0.90213,0.91412,0.01198,0.00179,0.00101,0.00206
CX2_35,5,315,0.90213,0.91486,0.01273,0.00179,0.00073,0.00194
CX2_35,5,316,0.90264,0.91508,0.01244,0.00179,0.00037,0.00183
CX2_35,5,317,0.90264,0.91508,0.01245,0.00179,0.00064,0.00191
CX2_35,5,318,0.90296,0.91505,0.01209,0.00179,0.00026,0.00181
CX2_35,5,319,0.90332,0.91504,0.01172,0.00179,0.00032,0.00182
CX2_35,5,320,0.90332,0.9152,0.01188,0.00179,0.00021,0.00181
CX2_35,5,321,0.90325,0.91521,0.01196,0.00179,0.00025,0.00181
CX2_35,5,322,0.90325,0.91509,0.01184,0.00179,0.00025,0.00181
CX2_35,5,323,0.90297,0.90758,0.00461,0.00179,0.00065,0.00191
CX2_35,5,324,0.90244,0.90657,0.00413,0.00179,0.00072,0.00193
CX2_35,5,325,0.89797,0.90699,0.00901,0.00179,0.00067,0.00192
CX2_35,5,326,0.89766,0.90598,0.00832,0.00179,0.00083,0.00198
CX2_35,5,327,0.89766,0.90952,0.01186,0.00179,0.00074,0.00194
CX2_35,5,328,0.89797,0.91045,0.01248,0.00179,0.00107,0.00209
CX2_35,5,329,0.89766,0.905,0.00734,0.00179,0.00132,0.00223
CX2_35,5,330,0.89667,0.90641,0.00974,0.00179,0.00142,0.00229
CX2_35,5,331,0.89667,0.90631,0.00964,0.00179,0.00139,0.00227
CX2_35,5,332,0.89667,0.90695,0.01028,0.00179,0.00159,0.0024
CX2_35,5,333,0.89667,0.90954,0.01286,0.00179,0.00131,0.00222
CX2_35,5,334,0.89667,0.9066,0.00992,0.00179,0.00165,0.00244
CX2_35,5,335,0.89644,0.90508,0.00864,0.00179,0.00167,0.00245
CX2_35,5,336,0.89692,0.90705,0.01013,0.00179,0.00074,0.00194
CX2_35,5,337,0.89692,0.9078,0.01088,0.00179,0.0015,0.00234
CX2_35,5,338,0.89692,0.91139,0.01447,0.00179,0.00126,0.00219
CX2_35,5,339,0.89692,0.91038,0.01346,0.00179,0.00135,0.00225
CX2_35,5,340,0.89692,0.90521,0.00829,0.00179,0.0011,0.0021
CX2_35,5,341,0.89711,0.9054,0.00829,0.00179,0.00045,0.00185
CX2_35,5,342,0.89633,0.90537,0.00904,0.00179,0.00055,0.00188
CX2_35,5,343,0.89633,0.90695,0.01062,0.00179,0.00102,0.00206
CX2_35,5,344,0.89711,0.90921,0.0121,0.00179,0.00072,0.00193
CX2_35,5,346,0.89605,0.90252,0.00648,0.00179,0.0027,0.00324
CX2_35,5,347,0.89497,0.90397,0.00901,0.00179,0.00243,0.00302
CX2_35,5,348,0.89403,0.90357,0.00954,0.00179,0.00172,0.00249
CX2_35,5,349,0.89403,0.90665,0.01262,0.00179,0.0007,0.00193
CX2_35,5,350,0.89497,0.90798,0.01301,0.00179,0.00126,0.00219
CX2_35,5,351,0.89689,0.90817,0.01128,0.00179,0.00115,0.00213
CX2_35,5,352,0.89739,0.90853,0.01114,0.00179,0.00093,0.00202
CX2_35,5,353,0.89739,0.90924,0.01185,0.00179,0.00196,0.00265
CX2_35,5,354,0.89721,0.9095,0.01229,0.00179,0.00288,0.00339
CX2_35,5,355,0.89721,0.90935,0.01215,0.00179,0.0004,0.00184
CX2_35,5,356,0.89706,0.90935,0.01229,0.00179,0.00039,0.00184
CX2_35,5,357,0.89697,0.90908,0.01211,0.00179,0.00034,0.00183
CX2_35,5,358,0.89697,0.90921,0.01224,0.00179,0.0001,0.0018
CX2_35,5,359,0.89697,0.90941,0.01244,0.00179,0.0001,0.0018
CX2_35,5,360,0.89685,0.90936,0.01251,0.00179,7e-05,0.0018
CX2_35,5,361,0.897,0.90935,0.01235,0.00179,0.00012,0.0018
CX2_35,5,362,0.897,0.90257,0.00557,0.00179,0.00041,0.00184
CX2_35,5,363,0.89689,0.90348,0.00659,0.00179,0.00031,0.00182
CX2_35,5,364,0.89689,0.90398,0.00709,0.00179,0.00037,0.00183
CX2_35,5,365,0.89695,0.90366,0.00671,0.00179,0.00017,0.0018
CX2_35,5,366,0.89695,0.9073,0.01035,0.00179,0.00016,0.0018
CX2_35,5,367,0.89695,0.90636,0.00941,0.00179,0.00045,0.00185
CX2_35,5,368,0.89695,0.90166,0.00471,0.00179,0.00043,0.00184
CX2_35,5,369,0.8948,0.90186,0.00706,0.00179,0.0007,0.00193
CX2_35,5,370,0.89463,0.90196,0.00733,0.00179,0.00063,0.0019
CX2_35,5,371,0.89463,0.90488,0.01025,0.00179,0.00097,0.00204
CX2_35,5,372,0.8948,0.90711,0.01231,0.00179,0.00066,0.00191
CX2_35,5,373,0.89463,0.90259,0.00795,0.00179,0.00084,0.00198
CX2_35,5,374,0.89613,0.90199,0.00585,0.00179,0.00084,0.00198
CX2_35,5,375,0.89613,0.90189,0.00576,0.00179,0.00099,0.00205
CX2_35,5,376,0.89295,0.90082,0.00787,0.00179,0.00114,0.00213
CX2_35,5,377,0.89295,0.90573,0.01277,0.00179,0.00101,0.00206
CX2_35,5,378,0.89197,0.90465,0.01267,0.00179,0.00115,0.00213
CX2_35,5,379,0.89169,0.89947,0.00779,0.00179,0.00067,0.00191
CX2_35,5,380,0.89039,0.90051,0.01012,0.00179,0.00076,0.00195
CX2_35,5,381,0.88864,0.89471,0.00607,0.00179,0.00087,0.00199
CX2_35,5,382,0.88864,0.89706,0.00842,0.00179,0.00132,0.00223
CX2_35,5,383,0.89039,0.90237,0.01198,0.00179,0.00142,0.00229
CX2_35,5,384,0.89039,0.89356,0.00317,0.00179,0.00141,0.00228
CX2_35,5,385,0.88535,0.8907,0.00535,0.00179,0.00149,0.00233
CX2_35,5,386,0.88535,0.88937,0.00403,0.00179,0.0017,0.00247
CX2_35,5,387,0.88535,0.9053,0.01996,0.00179,0.0019,0.00262
CX2_35,5,388,0.88535,0.90912,0.02377,0.00179,0.0028,0.00333
CX2_35,5,389,0.89825,0.91528,0.01703,0.00179,0.00408,0.00446
CX2_35,5,390,0.89825,0.91002,0.01176,0.00179,0.00489,0.00521
CX2_35,5,391,0.89825,0.90322,0.00497,0.00179,0.00385,0.00425
CX2_35,5,392,0.89661,0.90183,0.00521,0.00179,0.00337,0.00381
CX2_35,5,393,0.89571,0.89932,0.0036,0.00179,0.00306,0.00355
CX2_35,5,394,0.89571,0.9059,0.01019,0.00179,0.00317,0.00364
CX2_35,5,395,0.89661,0.9077,0.01109,0.00179,0.00163,0.00242
CX2_35,5,396,0.89571,0.897,0.00129,0.00179,0.00289,0.0034
CX2_35,5,397,0.89072,0.89518,0.00446,0.00179,0.00252,0.0031
CX2_35,5,398,0.88732,0.89155,0.00423,0.00179,0.00141,0.00228
CX2_35,5,399,0.8844,0.88905,0.00465,0.00179,0.00119,0.00215
CX2_35,5,400,0.8844,0.89061,0.00621,0.00179,0.00154,0.00236
CX2_35,5,401,0.8844,0.89719,0.01279,0.00179,0.00334,0.00379
CX2_35,5,402,0.8844,0.89314,0.00874,0.00179,0.0036,0.00402
CX2_35,5,403,0.87752,0.88733,0.00981,0.00179,0.00339,0.00383
CX2_35,5,404,0.87752,0.88733,0.00981,0.00179,0.00337,0.00382
CX2_35,5,405,0.87621,0.88588,0.00967,0.00179,0.00151,0.00234
CX2_35,5,407,0.87621,0.89447,0.01826,0.00179,0.00519,0.0055
CX2_35,5,408,0.87242,0.88955,0.01713,0.00179,0.00504,0.00535
CX2_35,5,409,0.87242,0.8863,0.01388,0.00179,0.00481,0.00513
CX2_35,5,410,0.87242,0.88427,0.01185,0.00179,0.00355,0.00398
CX2_35,5,411,0.87242,0.88311,0.01069,0.00179,0.00255,0.00311
CX2_35,5,412,0.87242,0.89021,0.01779,0.00179,0.00307,0.00356
CX2_35,5,413,0.87881,0.89241,0.0136,0.00179,0.00311,0.00359
CX2_35,5,414,0.87281,0.88398,0.01116,0.00179,0.0036,0.00402
CX2_35,5,415,0.8737,0.88612,0.01242,0.00179,0.00297,0.00347
CX2_35,5,416,0.8737,0.8862,0.0125,0.00179,0.00295,0.00345
CX2_35,5,417,0.8737,0.88721,0.01351,0.00179,0.00276,0.00329
CX2_35,5,418,0.8737,0.89157,0.01787,0.00179,0.00305,0.00353
CX2_35,5,419,0.8737,0.88907,0.01536,0.00179,0.00302,0.00351
CX2_35,5,420,0.87587,0.88593,0.01006,0.00179,0.00354,0.00397
CX2_35,5,421,0.8766,0.88638,0.00978,0.00179,0.00312,0.0036
CX2_35,5,422,0.87587,0.88539,0.00952,0.00179,0.00205,0.00272
CX2_35,5,423,0.87587,0.88973,0.01386,0.00179,0.00206,0.00273
CX2_35,5,424,0.8766,0.89095,0.01436,0.00179,0.0022,0.00284
CX2_35,5,425,0.87996,0.8916,0.01164,0.00179,0.00206,0.00273
CX2_35,5,426,0.88078,0.89176,0.01098,0.00179,0.0019,0.00261
CX2_35,5,427,0.8816,0.89196,0.01036,0.00179,0.0008,0.00196
CX2_35,5,428,0.88251,0.89332,0.01081,0.00179,0.00102,0.00206
CX2_35,5,429,0.88251,0.89332,0.01081,0.00179,0.0006,0.00189
CX2_35,5,430,0.88284,0.89357,0.01073,0.00179,0.0008,0.00196
CX2_35,5,431,0.88366,0.89346,0.0098,0.00179,0.00091,0.00201
CX2_35,5,432,0.88366,0.89315,0.00949,0.00179,0.00049,0.00186
CX2_35,5,433,0.88284,0.89213,0.00928,0.00179,0.00048,0.00186
CX2_35,5,434,0.88284,0.89195,0.00911,0.00179,0.00066,0.00191
CX2_35,5,435,0.88216,0.89171,0.00956,0.00179,0.00064,0.00191
CX2_35,5,436,0.88181,0.88564,0.00384,0.00179,0.00053,0.00187
CX2_35,5,437,0.88125,0.8829,0.00165,0.00179,0.00117,0.00214
CX2_35,5,438,0.8766,0.88329,0.0067,0.00179,0.00056,0.00188
CX2_35,5,439,0.87254,0.88127,0.00873,0.00179,0.00131,0.00222
CX2_35,5,440,0.87254,0.88776,0.01523,0.00179,0.00152,0.00235
CX2_35,5,441,0.8766,0.88851,0.01191,0.00179,0.00129,0.00221
CX2_35,5,442,0.8766,0.88117,0.00457,0.00179,0.00209,0.00275
CX2_35,5,443,0.86902,0.88137,0.01235,0.00179,0.0022,0.00284
CX2_35,5,444,0.86978,0.88089,0.01111,0.00179,0.00227,0.00289
CX2_35,5,445,0.86978,0.88281,0.01303,0.00179,0.00279,0.00331
CX2_35,5,446,0.86978,0.88611,0.01633,0.00179,0.00238,0.00298
CX2_35,5,447,0.86978,0.88296,0.01318,0.00179,0.0022,0.00284
CX2_35,5,448,0.87268,0.88682,0.01413,0.00179,0.00278,0.00331
CX2_35,5,449,0.87864,0.88698,0.00835,0.00179,0.00281,0.00334
CX2_35,5,450,0.87864,0.89077,0.01214,0.00179,0.00204,0.00271
CX2_35,5,451,0.87864,0.88792,0.00929,0.00179,0.00286,0.00338
CX2_35,5,452,0.87864,0.88278,0.00414,0.00179,0.00304,0.00353
CX2_35,5,453,0.87324,0.88351,0.01028,0.00179,0.0027,0.00324
CX2_35,5,454,0.87297,0.88167,0.0087,0.00179,0.00232,0.00294
CX2_35,5,455,0.87297,0.88375,0.01078,0.00179,0.00286,0.00338
CX2_35,5,456,0.87324,0.88617,0.01293,0.00179,0.0026,0.00316
CX2_35,5,457,0.87297,0.88084,0.00786,0.00179,0.00245,0.00303
CX2_35,5,458,0.86853,0.87993,0.0114,0.00179,0.00218,0.00282
CX2_35,5,459,0.86883,0.87972,0.01089,0.00179,0.00219,0.00283
CX2_35,5,460,0.86853,0.87872,0.0102,0.00179,0.00198,0.00267
CX2_35,5,461,0.86853,0.88315,0.01462,0.00179,0.00225,0.00288
CX2_35,5,462,0.86883,0.88415,0.01533,0.00179,0.00232,0.00293
CX2_35,5,464,0.87216,0.88429,0.01213,0.00179,0.00285,0.00337
CX2_35,5,465,0.8727,0.88487,0.01218,0.00179,0.0025,0.00308
CX2_35,5,466,0.87323,0.88531,0.01208,0.00179,0.00149,0.00233
CX2_35,5,467,0.87323,0.88532,0.01209,0.00179,0.0006,0.00189
CX2_35,5,468,0.87422,0.88574,0.01153,0.00179,0.00087,0.00199
CX2_35,5,469,0.8743,0.8862,0.01189,0.00179,0.00112,0.00211
CX2_35,5,470,0.87548,0.8863,0.01082,0.00179,0.00103,0.00207
CX2_35,5,471,0.87464,0.88645,0.01181,0.00179,0.0017,0.00247
CX2_35,5,472,0.87557,0.88675,0.01118,0.00179,0.00323,0.00369
CX2_35,5,473,0.87579,0.887,0.01121,0.00179,0.00022,0.00181
CX2_35,5,474,0.87579,0.87813,0.00234,0.00179,0.00095,0.00203
CX2_35,5,475,0.87464,0.87178,0.00286,0.00179,0.00184,0.00257
CX2_35,5,476,0.86065,0.8707,0.01005,0.00179,0.00223,0.00286
CX2_35,5,477,0.85845,0.8691,0.01065,0.00179,0.00188,0.0026
CX2_35,5,478,0.85845,0.87599,0.01754,0.00179,0.00264,0.00319
CX2_35,5,479,0.86065,0.87796,0.01731,0.00179,0.00352,0.00395
CX2_35,5,480,0.86065,0.87182,0.01117,0.00179,0.00337,0.00382
CX2_35,5,481,0.86029,0.87234,0.01204,0.00179,0.00376,0.00416
CX2_35,5,482,0.8617,0.87345,0.01175,0.00179,0.00259,0.00315
CX2_35,5,483,0.8617,0.8744,0.01269,0.00179,0.00165,0.00244
CX2_35,5,484,0.8617,0.87734,0.01563,0.00179,0.00176,0.00251
CX2_35,5,485,0.8617,0.87527,0.01356,0.00179,0.00321,0.00368
CX2_35,5,486,0.8617,0.87272,0.01102,0.00179,0.00291,0.00342
CX2_35,5,487,0.86271,0.87381,0.0111,0.00179,0.00188,0.0026
CX2_35,5,488,0.86002,0.87387,0.01384,0.00179,0.0022,0.00284
CX2_35,5,489,0.86002,0.87576,0.01573,0.00179,0.00174,0.0025
CX2_35,5,490,0.86271,0.87696,0.01425,0.00179,0.00184,0.00257
CX2_35,5,491,0.86271,0.87189,0.00918,0.00179,0.00246,0.00305
CX2_35,5,492,0.85902,0.87091,0.01189,0.00179,0.00192,0.00263
CX2_35,5,493,0.86047,0.87157,0.0111,0.00179,0.00214,0.00279
CX2_35,5,494,0.85828,0.87148,0.0132,0.00179,0.00183,0.00256
CX2_35,5,495,0.85828,0.87547,0.0172,0.00179,0.00135,0.00225
CX2_35,5,496,0.86047,0.87698,0.01651,0.00179,0.00194,0.00264
CX2_35,5,497,0.86047,0.87423,0.01376,0.00179,0.00167,0.00245
CX2_35,5,498,0.86284,0.8939,0.03106,0.00179,0.00178,0.00253
CX2_35,5,499,0.86516,0.8952,0.03005,0.00179,0.00173,0.00249
CX2_35,5,500,0.88295,0.89903,0.01608,0.00179,0.0016,0.0024
CX2_35,5,501,0.88658,0.8979,0.01132,0.00179,0.00231,0.00293
CX2_35,5,502,0.88658,0.89273,0.00615,0.00179,0.00349,0.00393
CX2_35,5,503,0.88658,0.89218,0.0056,0.00179,0.00294,0.00345
CX2_35,5,504,0.8837,0.89117,0.00747,0.00179,0.00368,0.00409
CX2_35,5,505,0.8837,0.8924,0.0087,0.00179,0.00341,0.00385
CX2_35,5,506,0.88362,0.89451,0.01089,0.00179,0.00224,0.00287
CX2_35,5,507,0.88362,0.89174,0.00812,0.00179,0.00103,0.00207
CX2_35,5,508,0.88104,0.88872,0.00768,0.00179,0.00085,0.00199
CX2_35,5,509,0.87973,0.88778,0.00805,0.00179,0.00065,0.00191
CX2_35,5,510,0.87764,0.88702,0.00938,0.00179,0.00073,0.00194
CX2_35,5,511,0.87764,0.89071,0.01307,0.00179,0.00069,0.00192
CX2_35,5,512,0.87764,0.89113,0.01349,0.00179,0.00095,0.00203
CX2_35,5,513,0.87757,0.88656,0.00899,0.00179,0.0008,0.00197
CX2_35,5,514,0.87757,0.88895,0.01137,0.00179,0.00088,0.002
CX2_35,5,515,0.87407,0.87869,0.00462,0.00179,0.00148,0.00232
CX2_35,5,516,0.87407,0.88017,0.00611,0.00179,0.00108,0.00209
CX2_35,5,518,0.85828,0.88199,0.02371,0.00179,0.00241,0.003
CX2_35,5,519,0.85313,0.87178,0.01865,0.00179,0.00143,0.00229
CX2_35,5,520,0.85292,0.86882,0.0159,0.00179,0.00162,0.00242
CX2_35,5,521,0.85203,0.86806,0.01602,0.00179,0.00162,0.00241
CX2_35,5,522,0.85292,0.8723,0.01939,0.00179,0.00262,0.00317
CX2_35,5,523,0.85313,0.87712,0.02399,0.00179,0.00347,0.00391
CX2_35,5,524,0.85203,0.86855,0.01652,0.00179,0.00148,0.00233
CX2_35,5,525,0.85203,0.86558,0.01354,0.00179,0.00036,0.00183
CX2_35,5,526,0.84926,0.86447,0.0152,0.00179,0.0024,0.003
CX2_35,5,527,0.84826,0.86253,0.01427,0.00179,0.00035,0.00183
CX2_35,5,528,0.84826,0.87011,0.02185,0.00179,0.00088,0.002
CX2_35,5,529,0.84826,0.87268,0.02442,0.00179,0.00212,0.00278
CX2_35,5,530,0.84646,0.86209,0.01563,0.00179,0.00067,0.00192
CX2_35,5,531,0.84617,0.86151,0.01534,0.00179,0.00271,0.00325
CX2_35,5,532,0.84617,0.86055,0.01438,0.00179,0.00102,0.00207
CX2_35,5,533,0.84343,0.85788,0.01445,0.00179,0.00072,0.00193
CX2_35,5,534,0.83977,0.85679,0.01702,0.00179,0.00096,0.00203
CX2_35,5,535,0.83857,0.85588,0.0173,0.00179,0.00219,0.00283
CX2_35,5,536,0.83849,0.85587,0.01738,0.00179,0.00168,0.00246
CX2_35,5,537,0.83849,0.8611,0.02261,0.00179,0.00285,0.00337
CX2_35,5,538,0.83977,0.86421,0.02444,0.00179,0.00243,0.00302
CX2_35,5,539,0.84575,0.86402,0.01827,0.00179,0.00239,0.00299
CX2_35,5,540,0.84905,0.86475,0.0157,0.00179,0.00147,0.00232
CX2_35,5,541,0.84905,0.86502,0.01597,0.00179,0.00113,0.00212
CX2_35,5,542,0.84905,0.86552,0.01647,0.00179,0.00115,0.00213
CX2_35,5,543,0.84978,0.86577,0.016,0.00179,0.00094,0.00203
CX2_35,5,544,0.85031,0.86535,0.01504,0.00179,0.00141,0.00228
CX2_35,5,545,0.85031,0.86507,0.01476,0.00179,0.00069,0.00192
CX2_35,5,546,0.85031,0.86458,0.01427,0.00179,0.00043,0.00184
CX2_35,5,547,0.85059,0.86434,0.01374,0.00179,0.00049,0.00186
CX2_35,5,548,0.84972,0.86448,0.01475,0.00179,0.00037,0.00183
CX2_35,5,549,0.84958,0.86478,0.01519,0.00179,0.00044,0.00185
CX2_35,5,550,0.84972,0.86458,0.01485,0.00179,0.00056,0.00188
CX2_35,5,551,0.84873,0.86412,0.01539,0.00179,0.00033,0.00182
CX2_35,5,552,0.84852,0.86373,0.01521,0.00179,0.00033,0.00182
CX2_35,5,553,0.84873,0.86358,0.01485,0.00179,0.00036,0.00183
CX2_35,5,554,0.8488,0.86584,0.01704,0.00179,0.00054,0.00187
CX2_35,5,555,0.8488,0.86579,0.01699,0.00179,0.00054,0.00187
CX2_35,5,556,0.8488,0.86418,0.01538,0.00179,0.00042,0.00184
CX2_35,5,557,0.84945,0.86338,0.01393,0.00179,0.00035,0.00183
CX2_35,5,558,0.84964,0.86331,0.01366,0.00179,0.00038,0.00183
CX2_35,5,559,0.84945,0.86499,0.01554,0.00179,0.00047,0.00185
CX2_35,5,560,0.84945,0.86569,0.01624,0.00179,0.00038,0.00183
CX2_35,5,562,0.84995,0.86361,0.01366,0.00179,0.0017,0.00247
CX2_35,5,563,0.849,0.8634,0.0144,0.00179,0.00183,0.00256
CX2_35,5,564,0.8501,0.87195,0.02186,0.00179,0.00059,0.00189
CX2_35,5,565,0.8501,0.86841,0.01831,0.00179,0.00098,0.00205
CX2_35,5,566,0.85372,0.86619,0.01247,0.00179,0.001,0.00205
CX2_35,5,567,0.85372,0.86404,0.01032,0.00179,0.00187,0.00259
CX2_35,5,568,0.85372,0.8625,0.00879,0.00179,0.00221,0.00285
CX2_35,5,569,0.84941,0.86343,0.01402,0.00179,0.00322,0.00369
CX2_35,5,570,0.84806,0.86311,0.01505,0.00179,0.0039,0.0043
CX2_35,5,571,0.84754,0.86073,0.01319,0.00179,0.00159,0.0024
CX2_35,5,572,0.84599,0.85772,0.01172,0.00179,0.00117,0.00214
CX2_35,5,573,0.8446,0.85546,0.01086,0.00179,0.00065,0.00191
CX2_35,5,574,0.84071,0.85564,0.01493,0.00179,0.00117,0.00214
CX2_35,5,575,0.83951,0.85517,0.01566,0.00179,0.00079,0.00196
CX2_35,5,576,0.83889,0.85454,0.01564,0.00179,0.00092,0.00202
CX2_35,5,577,0.83604,0.85285,0.01681,0.00179,0.00093,0.00202
CX2_35,5,578,0.83519,0.85188,0.01669,0.00179,0.00063,0.0019
CX2_35,5,579,0.8346,0.8515,0.0169,0.00179,0.00089,0.002
CX2_35,5,580,0.83427,0.8513,0.01703,0.00179,0.0011,0.0021
CX2_35,5,581,0.8346,0.85163,0.01703,0.00179,0.00095,0.00203
CX2_35,5,582,0.83413,0.8513,0.01717,0.00179,0.00108,0.00209
CX2_35,5,583,0.83194,0.85092,0.01899,0.00179,0.00098,0.00205
CX2_35,5,584,0.83332,0.85063,0.01732,0.00179,0.0009,0.00201
CX2_35,5,585,0.83194,0.85026,0.01832,0.00179,0.00081,0.00197
CX2_35,5,586,0.83011,0.84952,0.01941,0.00179,0.00083,0.00197
CX2_35,5,587,0.83194,0.84964,0.01771,0.00179,0.00098,0.00205
CX2_35,5,588,0.82972,0.84928,0.01956,0.00179,0.00105,0.00208
CX2_35,5,589,0.82853,0.84803,0.0195,0.00179,0.00075,0.00194
CX2_35,5,590,0.82793,0.8473,0.01937,0.00179,0.00078,0.00196
CX2_35,5,591,0.82793,0.85357,0.02564,0.00179,0.00146,0.00231
CX2_35,5,592,0.82793,0.85722,0.02928,0.00179,0.00231,0.00293
CX2_35,5,593,0.83265,0.85145,0.01879,0.00179,0.00191,0.00262
CX2_35,5,594,0.83265,0.85008,0.01742,0.00179,0.00158,0.00239
CX2_35,5,595,0.83265,0.8475,0.01485,0.00179,0.00142,0.00229
CX2_35,5,596,0.83147,0.84691,0.01544,0.00179,0.00145,0.00231
CX2_35,5,597,0.83076,0.8479,0.01713,0.00179,0.00128,0.0022
CX2_35,5,598,0.8301,0.84873,0.01863,0.00179,0.00152,0.00235
CX2_35,5,599,0.8301,0.84769,0.01759,0.00179,0.00124,0.00218
CX2_35,5,600,0.8301,0.84672,0.01662,0.00179,0.00158,0.00239
CX2_35,5,601,0.8301,0.8461,0.016,0.00179,0.00087,0.00199
CX2_35,5,602,0.8301,0.84596,0.01586,0.00179,0.00083,0.00198
CX2_35,5,603,0.83057,0.84918,0.01862,0.00179,0.00084,0.00198
CX2_35,5,604,0.82991,0.84776,0.01785,0.00179,0.00082,0.00197
CX2_35,5,605,0.82991,0.84608,0.01617,0.00179,0.00073,0.00194
CX2_35,5,606,0.82991,0.84307,0.01316,0.00179,0.00084,0.00198
CX2_35,5,607,0.82965,0.84233,0.01268,0.00179,0.00192,0.00262
CX2_35,5,608,0.82347,0.84202,0.01855,0.00179,0.0018,0.00254
CX2_35,5,609,0.82347,0.84317,0.01969,0.00179,0.00166,0.00245
CX2_35,5,610,0.82276,0.84428,0.02151,0.00179,0.00077,0.00195
CX2_35,5,611,0.82276,0.84111,0.01834,0.00179,0.00075,0.00195
CX2_35,5,613,0.8216,0.83975,0.01815,0.00179,0.0031,0.00358
CX2_35,5,614,0.8216,0.85455,0.03295,0.00179,0.00141,0.00228
CX2_35,5,615,0.8216,0.85545,0.03385,0.00179,0.00124,0.00218
CX2_35,5,616,0.83411,0.85326,0.01915,0.00179,0.00125,0.00219
CX2_35,5,617,0.8343,0.85191,0.01761,0.00179,0.00227,0.00289
CX2_35,5,618,0.8343,0.85039,0.01609,0.00179,0.00247,0.00305
CX2_35,5,619,0.83411,0.85146,0.01735,0.00179,0.00338,0.00383
CX2_35,5,620,0.8343,0.85191,0.01761,0.00179,0.00424,0.00461
CX2_35,5,621,0.83217,0.84977,0.01761,0.00179,0.00345,0.00389
CX2_35,5,622,0.82962,0.84738,0.01776,0.00179,0.00159,0.0024
CX2_35,5,623,0.82839,0.84821,0.01982,0.00179,0.00117,0.00214
CX2_35,5,624,0.82839,0.84831,0.01991,0.00179,0.00089,0.002
CX2_35,5,625,0.82839,0.84954,0.02115,0.00179,0.00106,0.00208
CX2_35,5,626,0.82839,0.84836,0.01997,0.00179,0.00094,0.00202
CX2_35,5,627,0.82825,0.84686,0.0186,0.00179,0.00064,0.00191
CX2_35,5,628,0.82825,0.84549,0.01724,0.00179,0.00122,0.00217
CX2_35,5,629,0.82636,0.84358,0.01722,0.00179,0.00138,0.00226
CX2_35,5,630,0.82281,0.84272,0.0199,0.00179,0.00098,0.00204
CX2_35,5,631,0.82129,0.84195,0.02065,0.00179,0.00134,0.00224
CX2_35,5,632,0.82044,0.8379,0.01746,0.00179,0.00128,0.0022
CX2_35,5,633,0.81676,0.84047,0.02371,0.00179,0.00132,0.00223
CX2_35,5,634,0.81413,0.83898,0.02484,0.00179,0.00137,0.00226
CX2_35,5,635,0.80642,0.83794,0.03153,0.00179,0.00128,0.0022
CX2_35,5,636,0.80642,0.83703,0.03061,0.00179,0.00111,0.00211
CX2_35,5,637,0.80861,0.83787,0.02926,0.00179,0.00116,0.00214
CX2_35,5,638,0.80861,0.83842,0.0298,0.00179,0.0015,0.00234
CX2_35,5,639,0.80894,0.83708,0.02814,0.00179,0.00074,0.00194
CX2_35,5,640,0.80894,0.83586,0.02691,0.00179,0.00171,0.00248
CX2_35,5,641,0.80861,0.83483,0.02621,0.00179,0.00133,0.00223
CX2_35,5,642,0.80729,0.83404,0.02675,0.00179,0.0011,0.0021
CX2_35,5,644,0.80437,0.83608,0.03171,0.00179,0.00164,0.00243
CX2_35,5,645,0.80437,0.83479,0.03042,0.00179,0.00197,0.00266
CX2_35,5,646,0.80561,0.83232,0.02671,0.00179,0.00135,0.00224
CX2_35,5,647,0.80352,0.83122,0.0277,0.00179,0.00128,0.0022
CX2_35,5,648,0.80352,0.82992,0.0264,0.00179,0.00141,0.00228
CX2_35,5,649,0.80352,0.83128,0.02776,0.00179,0.0007,0.00192
CX2_35,5,650,0.79804,0.83054,0.03251,0.00179,0.00199,0.00268
CX2_35,5,651,0.79762,0.82933,0.03171,0.00179,0.00323,0.0037
CX2_35,5,653,0.79682,0.82789,0.03107,0.00179,0.00314,0.00361
CX2_35,5,654,0.79675,0.8273,0.03056,0.00179,0.00358,0.004
CX2_35,5,655,0.79675,0.82935,0.03261,0.00179,0.00174,0.0025
CX2_35,5,656,0.79675,0.82918,0.03244,0.00179,0.00093,0.00202
CX2_35,5,657,0.79737,0.82896,0.0316,0.00179,0.0004,0.00184
CX2_35,5,658,0.79749,0.82756,0.03007,0.00179,0.00083,0.00198
CX2_35,5,659,0.79749,0.82664,0.02915,0.00179,0.00259,0.00315
CX2_35,5,660,0.79737,0.82642,0.02905,0.00179,0.00376,0.00417
CX2_35,5,661,0.79634,0.82623,0.02989,0.00179,0.00461,0.00495
CX2_35,5,662,0.79497,0.82522,0.03025,0.00179,0.0007,0.00193
CX2_35,5,663,0.79497,0.82614,0.03117,0.00179,0.00094,0.00203
CX2_35,5,664,0.79393,0.8246,0.03068,0.00179,0.00065,0.00191
CX2_35,5,665,0.79373,0.82407,0.03034,0.00179,0.00048,0.00186
CX2_35,5,666,0.79373,0.82408,0.03035,0.00179,0.00083,0.00198
CX2_35,5,667,0.79084,0.8236,0.03276,0.00179,0.00068,0.00192
CX2_35,5,668,0.79084,0.82499,0.03414,0.00179,0.00103,0.00207
CX2_35,5,669,0.79084,0.82335,0.03251,0.00179,0.001,0.00206
CX2_35,5,670,0.7909,0.82223,0.03133,0.00179,0.00097,0.00204
CX2_35,5,671,0.79041,0.82264,0.03223,0.00179,0.00077,0.00195
CX2_35,5,672,0.7909,0.8224,0.0315,0.00179,0.00099,0.00205
CX2_35,5,673,0.7909,0.82519,0.03429,0.00179,0.00084,0.00198
CX2_35,5,674,0.79309,0.82536,0.03227,0.00179,0.00101,0.00206
CX2_35,5,675,0.79446,0.82382,0.02936,0.00179,0.00102,0.00206
CX2_35,5,676,0.79446,0.82233,0.02787,0.00179,0.00101,0.00206
CX2_35,5,677,0.79446,0.82147,0.02701,0.00179,0.00109,0.0021
CX2_35,5,678,0.79416,0.82223,0.02807,0.00179,0.00111,0.00211
CX2_35,5,679,0.79253,0.82208,0.02954,0.00179,0.00102,0.00206
CX2_35,5,680,0.79108,0.82096,0.02987,0.00179,0.00106,0.00208
CX2_35,5,681,0.79108,0.81984,0.02876,0.00179,0.00086,0.00199
CX2_35,5,682,0.79253,0.83047,0.03794,0.00179,0.00149,0.00233
CX2_35,5,683,0.79253,0.83187,0.03934,0.00179,0.00207,0.00274
CX2_35,5,684,0.80225,0.83206,0.02981,0.00179,0.00167,0.00245
CX2_35,5,686,0.80225,0.8285,0.02625,0.00179,0.00413,0.00451
CX2_35,5,687,0.80159,0.82956,0.02797,0.00179,0.00348,0.00391
CX2_35,5,689,0.79413,0.82716,0.03302,0.00179,0.00363,0.00405
CX2_35,5,690,0.79858,0.82612,0.02754,0.00179,0.00233,0.00294
CX2_35,5,691,0.79413,0.82469,0.03056,0.00179,0.00165,0.00244
CX2_35,5,693,0.79324,0.82309,0.02985,0.00179,0.00226,0.00289
CX2_35,5,694,0.78949,0.82262,0.03313,0.00179,0.00588,0.00615
CX2_35,5,695,0.78926,0.82375,0.03449,0.00179,0.00171,0.00248
CX2_35,5,696,0.78949,0.8223,0.03282,0.00179,0.00324,0.0037
CX2_35,5,697,0.78949,0.82119,0.03171,0.00179,0.00426,0.00462
CX2_35,5,698,0.78846,0.82098,0.03251,0.00179,0.0014,0.00227
CX2_35,5,699,0.78792,0.82046,0.03254,0.00179,0.0021,0.00276
CX2_35,5,700,0.78846,0.82173,0.03327,0.00179,0.00293,0.00343
CX2_35,5,701,0.78846,0.82235,0.03389,0.00179,0.00373,0.00414
CX2_35,5,702,0.79005,0.8217,0.03165,0.00179,0.00088,0.002
CX2_35,5,703,0.79031,0.8213,0.031,0.00179,0.00087,0.00199
CX2_35,5,704,0.79031,0.82152,0.03121,0.00179,0.00052,0.00187
CX2_35,5,705,0.79031,0.8228,0.03249,0.00179,0.00085,0.00198
CX2_35,5,706,0.79314,0.82278,0.02964,0.00179,0.00061,0.0019
CX2_35,5,707,0.79314,0.8217,0.02856,0.00179,0.0008,0.00196
CX2_35,5,708,0.79021,0.82037,0.03016,0.00179,0.00113,0.00212
CX2_35,5,709,0.79005,0.81804,0.02799,0.00179,0.00032,0.00182
CX2_35,5,710,0.78975,0.81769,0.02794,0.00179,0.00098,0.00205
CX2_35,5,711,0.78968,0.81897,0.0293,0.00179,0.0008,0.00196
CX2_35,5,712,0.78975,0.81946,0.02971,0.00179,0.00082,0.00197
CX2_35,5,713,0.78845,0.81717,0.02872,0.00179,0.00148,0.00233
CX2_35,5,714,0.7842,0.81593,0.03172,0.00179,0.00094,0.00202
CX2_35,5,715,0.7867,0.81542,0.02872,0.00179,0.00133,0.00223
CX2_35,5,716,0.78266,0.81524,0.03258,0.00179,0.00099,0.00205
CX2_35,5,717,0.78266,0.8176,0.03494,0.00179,0.00155,0.00237
CX2_35,5,718,0.7867,0.8183,0.0316,0.00179,0.00207,0.00274
CX2_35,5,719,0.7867,0.81679,0.03008,0.00179,0.00161,0.00241
CX2_35,5,720,0.78529,0.81633,0.03104,0.00179,0.00178,0.00253
CX2_35,5,721,0.78529,0.81571,0.03042,0.00179,0.00146,0.00231
CX2_35,5,722,0.78529,0.81702,0.03173,0.00179,0.00091,0.00201
CX2_35,5,723,0.78529,0.81754,0.03225,0.00179,0.00117,0.00214
CX2_35,5,724,0.78751,0.81798,0.03046,0.00179,0.00103,0.00207
CX2_35,5,725,0.78751,0.81732,0.0298,0.00179,0.00096,0.00203
CX2_35,5,726,0.78751,0.81687,0.02936,0.00179,0.00096,0.00203
CX2_35,5,727,0.78751,0.8165,0.02899,0.00179,0.00097,0.00204
CX2_35,5,728,0.78853,0.818,0.02947,0.00179,0.00061,0.0019
CX2_35,5,729,0.78734,0.81835,0.03101,0.00179,0.00063,0.0019
CX2_35,5,730,0.78884,0.81742,0.02858,0.00179,0.00061,0.0019
CX2_35,5,731,0.78884,0.81601,0.02717,0.00179,0.00089,0.002
CX2_35,5,732,0.78913,0.82442,0.03529,0.00179,0.00074,0.00194
CX2_35,5,733,0.78932,0.8248,0.03548,0.00179,0.00098,0.00204
CX2_35,5,734,0.79273,0.82389,0.03116,0.00179,0.00078,0.00196
CX2_35,5,735,0.79273,0.82215,0.02943,0.00179,0.00087,0.00199
CX2_35,5,736,0.79273,0.82036,0.02764,0.00179,0.00085,0.00199
CX2_35,5,737,0.791,0.82089,0.0299,0.00179,0.00117,0.00214
CX2_35,5,738,0.78945,0.82048,0.03103,0.00179,0.00086,0.00199
CX2_35,5,739,0.78908,0.81703,0.02795,0.00179,0.0015,0.00234
CX2_35,5,740,0.7882,0.81558,0.02738,0.00179,0.0016,0.00241
CX2_35,5,741,0.78354,0.81507,0.03152,0.00179,0.00071,0.00193
CX2_35,5,742,0.78241,0.81469,0.03228,0.00179,0.00111,0.00211
CX2_35,5,743,0.78241,0.8166,0.0342,0.00179,0.0005,0.00186
CX2_35,5,744,0.78354,0.81733,0.03379,0.00179,0.00112,0.00212
CX2_35,5,745,0.78354,0.81533,0.03178,0.00179,0.00125,0.00218
CX2_35,5,746,0.78149,0.81357,0.03208,0.00179,0.00125,0.00219
CX2_35,5,747,0.78049,0.81182,0.03133,0.00179,0.00073,0.00194
CX2_35,5,748,0.78049,0.8133,0.03281,0.00179,0.0011,0.0021
CX2_35,5,749,0.78049,0.81517,0.03467,0.00179,0.00126,0.00219
CX2_35,5,750,0.77849,0.8132,0.03471,0.00179,0.00131,0.00222
CX2_35,5,751,0.7778,0.81098,0.03318,0.00179,0.00099,0.00205
CX2_35,5,752,0.7778,0.8105,0.0327,0.00179,0.00143,0.0023
CX2_35,5,753,0.7778,0.81025,0.03245,0.00179,0.0013,0.00221
CX2_35,5,754,0.7758,0.80972,0.03392,0.00179,0.00085,0.00198
CX2_35,5,755,0.7758,0.81115,0.03535,0.00179,0.00083,0.00198
CX2_35,5,756,0.77762,0.81125,0.03363,0.00179,0.00132,0.00223
CX2_35,5,757,0.77762,0.80864,0.03102,0.00179,0.0011,0.0021
CX2_35,5,758,0.7758,0.80824,0.03243,0.00179,0.00102,0.00206
CX2_35,5,759,0.77357,0.80785,0.03428,0.00179,0.00086,0.00199
CX2_35,5,760,0.77357,0.80853,0.03496,0.00179,0.00099,0.00205
CX2_35,5,761,0.77357,0.80942,0.03585,0.00179,0.00094,0.00203
CX2_35,5,762,0.77521,0.80937,0.03417,0.00179,0.00081,0.00197
CX2_35,5,763,0.77521,0.80866,0.03345,0.00179,0.0009,0.00201
CX2_35,5,764,0.77521,0.80861,0.0334,0.00179,0.00085,0.00199
CX2_35,5,765,0.77594,0.80888,0.03294,0.00179,0.00071,0.00193
CX2_35,5,766,0.77624,0.80993,0.03369,0.00179,0.00061,0.0019
CX2_35,5,767,0.77624,0.81039,0.03415,0.00179,0.00056,0.00188
CX2_35,5,768,0.77631,0.80893,0.03263,0.00179,0.00046,0.00185
CX2_35,5,769,0.77631,0.80741,0.0311,0.00179,0.00027,0.00181
CX2_35,5,770,0.77631,0.80445,0.02814,0.00179,0.00095,0.00203
CX2_35,5,771,0.77445,0.80423,0.02978,0.00179,0.00109,0.0021
CX2_35,5,772,0.77098,0.80505,0.03408,0.00179,0.00116,0.00214
CX2_35,5,773,0.77098,0.80676,0.03578,0.00179,0.00118,0.00215
CX2_35,5,774,0.7709,0.80344,0.03254,0.00179,0.00086,0.00199
CX2_35,5,775,0.7709,0.80194,0.03104,0.00179,0.00054,0.00187
CX2_35,5,776,0.76831,0.80177,0.03345,0.00179,0.00094,0.00203
CX2_35,5,777,0.76831,0.80241,0.0341,0.00179,0.00128,0.0022
CX2_35,5,778,0.76831,0.80479,0.03648,0.00179,0.00095,0.00203
CX2_35,5,779,0.76901,0.80483,0.03582,0.00179,0.00112,0.00211
CX2_35,5,780,0.76901,0.80323,0.03422,0.00179,0.00068,0.00192
CX2_35,5,781,0.76901,0.80058,0.03156,0.00179,0.00139,0.00227
CX2_35,5,782,0.7675,0.80047,0.03297,0.00179,0.00148,0.00233
CX2_35,5,783,0.76721,0.80029,0.03308,0.00179,0.00131,0.00222
CX2_35,5,784,0.76377,0.80013,0.03636,0.00179,0.0007,0.00192
CX2_35,5,785,0.76377,0.79986,0.03609,0.00179,0.0006,0.00189
CX2_35,5,786,0.76377,0.79808,0.0343,0.00179,0.0006,0.00189
CX2_35,5,787,0.76363,0.79746,0.03383,0.00179,0.0005,0.00186
CX2_35,5,788,0.75984,0.79655,0.03671,0.00179,0.00055,0.00188
CX2_35,5,789,0.75984,0.79769,0.03785,0.00179,0.00109,0.0021
CX2_35,5,790,0.75984,0.79946,0.03962,0.00179,0.00123,0.00218
CX2_35,5,791,0.76263,0.79948,0.03685,0.00179,0.00108,0.00209
CX2_35,5,792,0.76263,0.79807,0.03544,0.00179,0.00059,0.00189
CX2_35,5,793,0.76263,0.79657,0.03393,0.00179,0.00102,0.00206
CX2_35,5,794,0.76202,0.79766,0.03564,0.00179,0.00131,0.00222
CX2_35,5,795,0.76202,0.79786,0.03583,0.00179,0.00074,0.00194
CX2_35,5,796,0.76202,0.7982,0.03618,0.00179,0.00078,0.00196
CX2_35,5,797,0.7624,0.79818,0.03578,0.00179,0.00029,0.00182
CX2_35,5,798,0.7624,0.79796,0.03556,0.00179,0.00023,0.00181
CX2_35,5,799,0.7624,0.7977,0.0353,0.00179,0.0002,0.00181
CX2_35,5,800,0.76269,0.80654,0.04385,0.00179,0.00103,0.00207
CX2_35,5,802,0.76239,0.80637,0.04398,0.00179,0.00075,0.00194
CX2_35,5,804,0.76469,0.80201,0.03732,0.00179,0.00648,0.00672
CX2_35,5,805,0.76469,0.80211,0.03742,0.00179,0.00601,0.00627
CX2_35,5,806,0.76796,0.80359,0.03563,0.00179,0.00359,0.00401
CX2_35,5,807,0.76796,0.80448,0.03652,0.00179,0.00134,0.00224
CX2_35,5,808,0.77033,0.80287,0.03254,0.00179,0.00268,0.00322
CX2_35,5,809,0.77033,0.7998,0.02948,0.00179,0.00415,0.00452
CX2_35,5,810,0.76796,0.79826,0.0303,0.00179,0.00643,0.00668
CX2_35,5,811,0.76731,0.79852,0.03122,0.00179,0.00379,0.00419
CX2_35,5,812,0.76433,0.80119,0.03685,0.00179,0.0048,0.00513
CX2_35,5,813,0.76433,0.80152,0.03719,0.00179,0.00138,0.00226
CX2_35,5,814,0.76731,0.79971,0.0324,0.00179,0.001,0.00206
CX2_35,5,815,0.76731,0.79877,0.03147,0.00179,0.00155,0.00237
CX2_35,5,816,0.76433,0.79843,0.03409,0.00179,0.00149,0.00233
CX2_35,5,817,0.76761,0.79909,0.03148,0.00179,0.00222,0.00285
CX2_35,5,818,0.76285,0.80041,0.03756,0.00179,0.00132,0.00223
CX2_35,5,819,0.76285,0.79977,0.03692,0.00179,0.00171,0.00248
CX2_35,5,820,0.76355,0.79913,0.03557,0.00179,0.00129,0.00221
CX2_35,5,821,0.76355,0.79832,0.03477,0.00179,0.00141,0.00228
CX2_35,5,822,0.76285,0.7971,0.03425,0.00179,0.00127,0.0022
CX2_35,5,823,0.76355,0.79725,0.0337,0.00179,0.00132,0.00223
CX2_35,5,824,0.76095,0.79766,0.03672,0.00179,0.00079,0.00196
CX2_35,5,825,0.7606,0.79694,0.03634,0.00179,0.00066,0.00191
CX2_35,5,826,0.7606,0.79485,0.03424,0.00179,0.00099,0.00205
CX2_35,5,827,0.7606,0.79274,0.03214,0.00179,0.00126,0.00219
CX2_35,5,828,0.75927,0.79053,0.03126,0.00179,0.00163,0.00243
CX2_35,5,829,0.7606,0.79126,0.03065,0.00179,0.00225,0.00288
CX2_35,5,830,0.75346,0.79216,0.03869,0.00179,0.00181,0.00255
CX2_35,5,831,0.75346,0.79216,0.0387,0.00179,0.00174,0.0025
CX2_35,5,832,0.75492,0.79203,0.03711,0.00179,0.00233,0.00294
CX2_35,5,835,0.75263,0.79049,0.03786,0.00179,0.00343,0.00387
CX2_35,5,836,0.75263,0.79088,0.03825,0.00179,0.00309,0.00357
CX2_35,5,837,0.75263,0.79035,0.03772,0.00179,0.00178,0.00253
CX2_35,5,838,0.75263,0.78991,0.03728,0.00179,0.00073,0.00194
CX2_35,5,842,0.74879,0.78993,0.04114,0.00179,0.00523,0.00553
CX2_35,5,850,0.74908,0.80338,0.0543,0.00179,0.00279,0.00332
CX2_35,5,851,0.75546,0.80765,0.05219,0.00179,0.00581,0.00608
CX2_35,5,852,0.77803,0.80655,0.02852,0.00179,0.00359,0.00402
CX2_35,5,853,0.7787,0.80552,0.02682,0.00179,0.00404,0.00442
CX2_35,5,854,0.7787,0.80364,0.02494,0.00179,0.00343,0.00387
CX2_35,5,855,0.77936,0.80552,0.02617,0.00179,0.00332,0.00378
CX2_35,5,856,0.7787,0.80645,0.02775,0.00179,0.00373,0.00414
CX2_35,5,857,0.77594,0.80474,0.0288,0.00179,0.0037,0.00411
CX2_35,5,858,0.77573,0.80226,0.02653,0.00179,0.00243,0.00302
CX2_35,5,859,0.77573,0.80116,0.02544,0.00179,0.00129,0.00221
CX2_35,5,860,0.7724,0.79871,0.02632,0.00179,0.00069,0.00192
CX2_35,5,861,0.76997,0.79924,0.02928,0.00179,0.00125,0.00219
CX2_35,5,862,0.76944,0.80055,0.0311,0.00179,0.0012,0.00216
CX2_35,5,863,0.76905,0.79816,0.02911,0.00179,0.0013,0.00222
CX2_35,5,864,0.76808,0.79522,0.02715,0.00179,0.00153,0.00236
CX2_35,5,865,0.76503,0.79453,0.02951,0.00179,0.00095,0.00203
CX2_35,5,866,0.76397,0.79303,0.02906,0.00179,0.00145,0.00231
CX2_35,5,867,0.76289,0.79535,0.03245,0.00179,0.00153,0.00236
CX2_35,5,868,0.76289,0.79688,0.03399,0.00179,0.00143,0.00229
CX2_35,5,869,0.76289,0.79534,0.03244,0.00179,0.00146,0.00231
CX2_35,5,870,0.76018,0.79306,0.03287,0.00179,0.00143,0.00229
CX2_35,5,871,0.7604,0.79196,0.03156,0.00179,0.00127,0.0022
CX2_35,5,872,0.76018,0.79128,0.03109,0.00179,0.00115,0.00213
CX2_35,5,873,0.76018,0.79164,0.03146,0.00179,0.00119,0.00215
CX2_35,5,875,0.75793,0.79036,0.03243,0.00179,0.00293,0.00343
CX2_35,5,881,0.75858,0.79039,0.03181,0.00179,0.00379,0.0042
CX2_35,5,900,0.75111,0.79407,0.04296,0.00179,0.00194,0.00264
CX2_35,5,901,0.7516,0.7991,0.04751,0.00179,0.00237,0.00297
CX2_35,5,902,0.76561,0.79838,0.03277,0.00179,0.00221,0.00285
CX2_35,5,903,0.76561,0.79653,0.03093,0.00179,0.00279,0.00331
CX2_35,5,904,0.76561,0.79516,0.02955,0.00179,0.00316,0.00363
CX2_35,5,905,0.76497,0.79496,0.02999,0.00179,0.00161,0.00241
CX2_35,5,906,0.76114,0.79659,0.03545,0.00179,0.00149,0.00233
CX2_35,5,907,0.76114,0.79865,0.03751,0.00179,0.00202,0.0027
CX2_35,5,908,0.76145,0.79573,0.03429,0.00179,0.00165,0.00244
CX2_35,5,909,0.76145,0.79531,0.03386,0.00179,0.00105,0.00208
CX2_35,5,910,0.76145,0.79425,0.0328,0.00179,0.00168,0.00246
CX2_35,5,911,0.76145,0.79538,0.03393,0.00179,0.00138,0.00226
CX2_35,5,912,0.75996,0.79466,0.0347,0.00179,0.00039,0.00184
CX2_35,5,913,0.75996,0.79395,0.03399,0.00179,0.00095,0.00203
CX2_35,5,914,0.75995,0.79276,0.03281,0.00179,0.00092,0.00202
CX2_35,5,915,0.75904,0.79078,0.03175,0.00179,0.00072,0.00193
CX2_35,5,917,0.75651,0.79027,0.03376,0.00179,0.00067,0.00192
CX2_35,5,918,0.75651,0.79111,0.0346,0.00179,0.00077,0.00195
CX2_36,5,1,0.99702,1.00348,0.00646,0.00334,,
CX2_36,5,2,0.97178,0.99442,0.02264,0.00334,,
CX2_36,5,3,0.95136,0.98903,0.03767,0.00334,,
CX2_36,5,4,0.94895,0.98656,0.03761,0.00334,0.00382,0.00507
CX2_36,5,5,0.94654,0.98393,0.0374,0.00334,0.0071,0.00784
CX2_36,5,6,0.94353,0.98211,0.03858,0.00334,0.00451,0.00561
CX2_36,5,7,0.94353,0.99157,0.04804,0.00334,0.00177,0.00378
CX2_36,5,8,0.94353,0.99126,0.04773,0.00334,0.00562,0.00653
CX2_36,5,9,0.94353,0.98028,0.03675,0.00334,0.0021,0.00394
CX2_36,5,10,0.9433,0.9774,0.0341,0.00334,0.00232,0.00406
CX2_36,5,11,0.9433,0.9757,0.0324,0.00334,0.00244,0.00414
CX2_36,5,12,0.93612,0.97374,0.03762,0.00334,0.00176,0.00377
CX2_36,5,13,0.93612,0.9809,0.04478,0.00334,0.00508,0.00607
CX2_36,5,14,0.93612,0.98292,0.0468,0.00334,0.0083,0.00895
CX2_36,5,15,0.93078,0.97783,0.04705,0.00334,0.00324,0.00465
CX2_36,5,16,0.93078,0.97088,0.04009,0.00334,0.00794,0.00861
CX2_36,5,17,0.92889,0.9692,0.04031,0.00334,0.00394,0.00516
CX2_36,5,18,0.92595,0.96787,0.04191,0.00334,0.00156,0.00368
CX2_36,5,19,0.92595,0.96638,0.04043,0.00334,0.00202,0.0039
CX2_36,5,20,0.92837,0.9742,0.04583,0.00334,0.00169,0.00374
CX2_36,5,21,0.92837,0.97687,0.0485,0.00334,0.00341,0.00477
CX2_36,5,22,0.95869,0.97695,0.01826,0.00334,0.01177,0.01224
CX2_36,5,23,0.96548,0.97693,0.01145,0.00334,0.00709,0.00784
CX2_36,5,24,0.96548,0.9775,0.01202,0.00334,0.00499,0.006
CX2_36,5,25,0.96555,0.97742,0.01187,0.00334,0.00484,0.00587
CX2_36,5,26,0.96555,0.97763,0.01208,0.00334,0.00433,0.00547
CX2_36,5,27,0.96548,0.97649,0.01101,0.00334,0.00615,0.00699
CX2_36,5,28,0.96462,0.97626,0.01164,0.00334,0.00244,0.00413
CX2_36,5,29,0.96346,0.97635,0.01289,0.00334,0.00066,0.0034
CX2_36,5,30,0.96237,0.97538,0.01301,0.00334,0.00023,0.00334
CX2_36,5,31,0.96237,0.97583,0.01347,0.00334,0.00034,0.00335
CX2_36,5,32,0.96221,0.9754,0.01319,0.00334,0.0006,0.00339
CX2_36,5,33,0.96221,0.97477,0.01256,0.00334,0.00044,0.00337
CX2_36,5,34,0.9616,0.9743,0.01271,0.00334,0.00042,0.00336
CX2_36,5,35,0.9616,0.96938,0.00778,0.00334,0.00257,0.00421
CX2_36,5,36,0.96025,0.96038,0.00012,0.00334,0.00576,0.00666
CX2_36,5,37,0.92489,0.95826,0.03337,0.00334,0.00488,0.00591
CX2_36,5,38,0.91323,0.95649,0.04325,0.00334,0.00339,0.00476
CX2_36,5,39,0.90744,0.95517,0.04773,0.00334,0.00382,0.00507
CX2_36,5,40,0.90744,0.96445,0.05701,0.00334,0.00711,0.00786
CX2_36,5,41,0.90744,0.82511,0.08233,0.00334,0.00882,0.00943
CX2_36,5,42,0.91918,0.96174,0.04256,0.00334,0.00898,0.00958
CX2_36,5,43,0.91918,0.95393,0.03474,0.00334,0.00612,0.00697
CX2_36,5,44,0.91918,0.95181,0.03262,0.00334,0.0033,0.00469
CX2_36,5,45,0.90792,0.95204,0.04412,0.00334,0.00256,0.00421
CX2_36,5,46,0.90378,0.94988,0.0461,0.00334,0.0032,0.00463
CX2_36,5,47,0.90378,0.95985,0.05607,0.00334,0.00434,0.00548
CX2_36,5,48,0.90792,0.96092,0.05299,0.00334,0.00793,0.0086
CX2_36,5,49,0.94115,0.97955,0.0384,0.00334,0.01013,0.01067
CX2_36,5,50,0.94606,0.98103,0.03497,0.00334,0.00882,0.00943
CX2_36,5,51,0.9474,0.98338,0.03598,0.00334,0.00753,0.00824
CX2_36,5,52,0.96986,0.98246,0.01259,0.00334,0.00493,0.00595
CX2_36,5,53,0.96986,0.97087,0.00101,0.00334,0.00684,0.00761
CX2_36,5,54,0.96986,0.96827,0.00159,0.00334,0.01194,0.0124
CX2_36,5,55,0.93073,0.96698,0.03625,0.00334,0.011,0.01149
CX2_36,5,56,0.9281,0.96174,0.03364,0.00334,0.00762,0.00832
CX2_36,5,57,0.92809,0.96234,0.03425,0.00334,0.01021,0.01074
CX2_36,5,58,0.92809,0.96105,0.03297,0.00334,0.00848,0.00911
CX2_36,5,59,0.92809,0.95538,0.0273,0.00334,0.00678,0.00756
CX2_36,5,60,0.90101,0.9527,0.05168,0.00334,0.00754,0.00825
CX2_36,5,61,0.90101,0.95162,0.0506,0.00334,0.0059,0.00678
CX2_36,5,62,0.9003,0.95044,0.05014,0.00334,0.00246,0.00415
CX2_36,5,63,0.89918,0.94647,0.04729,0.00334,0.00254,0.00419
CX2_36,5,64,0.9003,0.94851,0.04821,0.00334,0.00676,0.00754
CX2_36,5,65,0.9003,0.9481,0.04779,0.00334,0.00474,0.00579
CX2_36,5,66,0.89918,0.9435,0.04432,0.00334,0.00507,0.00607
CX2_36,5,67,0.89519,0.94239,0.04719,0.00334,0.00363,0.00493
CX2_36,5,68,0.8954,0.94213,0.04673,0.00334,0.00228,0.00404
CX2_36,5,69,0.89519,0.9413,0.0461,0.00334,0.00091,0.00346
CX2_36,5,70,0.89519,0.94131,0.04611,0.00334,0.00329,0.00469
CX2_36,5,71,0.8954,0.94202,0.04662,0.00334,0.00314,0.00458
CX2_36,5,72,0.90233,0.94091,0.03858,0.00334,0.00344,0.00479
CX2_36,5,73,0.90519,0.93988,0.03469,0.00334,0.00292,0.00444
CX2_36,5,74,0.90519,0.93939,0.0342,0.00334,0.00198,0.00388
CX2_36,5,75,0.90519,0.93957,0.03439,0.00334,0.00183,0.00381
CX2_36,5,76,0.90717,0.93879,0.03162,0.00334,0.001,0.00348
CX2_36,5,77,0.90717,0.93722,0.03005,0.00334,0.0014,0.00362
CX2_36,5,78,0.90459,0.93659,0.032,0.00334,0.00199,0.00389
CX2_36,5,79,0.90456,0.93566,0.0311,0.00334,0.00106,0.0035
CX2_36,5,80,0.90178,0.93468,0.0329,0.00334,0.00103,0.00349
CX2_36,5,81,0.90178,0.93376,0.03198,0.00334,0.00085,0.00344
CX2_36,5,82,0.90178,0.93401,0.03223,0.00334,0.00117,0.00354
CX2_36,5,83,0.90178,0.93281,0.03103,0.00334,0.00117,0.00353
CX2_36,5,84,0.90178,0.93198,0.0302,0.00334,0.00101,0.00349
CX2_36,5,85,0.89913,0.9313,0.03217,0.00334,0.00088,0.00345
CX2_36,5,86,0.89898,0.92499,0.02601,0.00334,0.00359,0.0049
CX2_36,5,87,0.8949,0.9212,0.0263,0.00334,0.00695,0.00771
CX2_36,5,88,0.86313,0.92045,0.05732,0.00334,0.00637,0.00719
CX2_36,5,89,0.85859,0.91978,0.06119,0.00334,0.00458,0.00566
CX2_36,5,90,0.85859,0.92715,0.06856,0.00334,0.00437,0.0055
CX2_36,5,91,0.86313,0.92852,0.06539,0.00334,0.00555,0.00648
CX2_36,5,92,0.87637,0.93003,0.05366,0.00334,0.00903,0.00963
CX2_36,5,93,0.88608,0.93433,0.04825,0.00334,0.01016,0.01069
CX2_36,5,94,0.90147,0.93467,0.0332,0.00334,0.00599,0.00686
CX2_36,5,95,0.90147,0.92565,0.02417,0.00334,0.00466,0.00573
CX2_36,5,96,0.90147,0.92521,0.02374,0.00334,0.00845,0.00909
CX2_36,5,97,0.89837,0.9268,0.02843,0.00334,0.0076,0.0083
CX2_36,5,98,0.88267,0.92312,0.04045,0.00334,0.00738,0.0081
CX2_36,5,99,0.88267,0.9259,0.04323,0.00334,0.00807,0.00873
CX2_36,5,100,0.89837,0.92896,0.03059,0.00334,0.00635,0.00717
CX2_36,5,101,0.90303,0.9295,0.02647,0.00334,0.00461,0.00569
CX2_36,5,102,0.90303,0.91865,0.01561,0.00334,0.00647,0.00728
CX2_36,5,103,0.90303,0.91849,0.01546,0.00334,0.00878,0.00939
CX2_36,5,104,0.86759,0.91707,0.04948,0.00334,0.00434,0.00547
CX2_36,5,105,0.86388,0.91446,0.05059,0.00334,0.00567,0.00658
CX2_36,5,106,0.86388,0.92032,0.05645,0.00334,0.00887,0.00947
CX2_36,5,107,0.86759,0.92336,0.05577,0.00334,0.01126,0.01174
CX2_36,5,108,0.88072,0.92018,0.03946,0.00334,0.00716,0.0079
CX2_36,5,109,0.88072,0.91186,0.03114,0.00334,0.01061,0.01113
CX2_36,5,110,0.88072,0.91189,0.03118,0.00334,0.00602,0.00688
CX2_36,5,111,0.86876,0.91232,0.04355,0.00334,0.00639,0.00721
CX2_36,5,112,0.85569,0.90768,0.05199,0.00334,0.00737,0.00809
CX2_36,5,113,0.85569,0.91756,0.06187,0.00334,0.0086,0.00923
CX2_36,5,114,0.86876,0.91851,0.04975,0.00334,0.01141,0.01188
CX2_36,5,115,0.89062,0.91912,0.02849,0.00334,0.00721,0.00795
CX2_36,5,116,0.89579,0.92317,0.02738,0.00334,0.00658,0.00738
CX2_36,5,117,0.8963,0.92388,0.02758,0.00334,0.00318,0.00461
CX2_36,5,118,0.9063,0.92447,0.01818,0.00334,0.00138,0.00361
CX2_36,5,119,0.90839,0.92513,0.01674,0.00334,0.00242,0.00412
CX2_36,5,120,0.90878,0.92594,0.01716,0.00334,0.00286,0.0044
CX2_36,5,121,0.91032,0.92587,0.01555,0.00334,0.00347,0.00482
CX2_36,5,122,0.91142,0.9261,0.01468,0.00334,0.00176,0.00377
CX2_36,5,123,0.91142,0.92614,0.01472,0.00334,0.00186,0.00382
CX2_36,5,124,0.91142,0.92623,0.01481,0.00334,0.00071,0.00341
CX2_36,5,125,0.91097,0.9264,0.01542,0.00334,0.00055,0.00338
CX2_36,5,126,0.91092,0.92631,0.01539,0.00334,0.00031,0.00335
CX2_36,5,127,0.91092,0.9263,0.01538,0.00334,0.00018,0.00334
CX2_36,5,128,0.91087,0.92644,0.01557,0.00334,0.0002,0.00334
CX2_36,5,129,0.91087,0.91368,0.00281,0.00334,0.00502,0.00603
CX2_36,5,130,0.91087,0.90776,0.00311,0.00334,0.00852,0.00915
CX2_36,5,131,0.85094,0.9073,0.05636,0.00334,0.00666,0.00745
CX2_36,5,132,0.84975,0.90497,0.05522,0.00334,0.00646,0.00727
CX2_36,5,133,0.84506,0.90191,0.05685,0.00334,0.00475,0.0058
CX2_36,5,134,0.84975,0.91606,0.06631,0.00334,0.00977,0.01033
CX2_36,5,135,0.85094,0.91808,0.06714,0.00334,0.01624,0.01658
CX2_36,5,136,0.83867,0.90652,0.06785,0.00334,0.00967,0.01023
CX2_36,5,137,0.83806,0.90101,0.06295,0.00334,0.00425,0.0054
CX2_36,5,138,0.85695,0.90315,0.0462,0.00334,0.00739,0.00811
CX2_36,5,139,0.84645,0.90307,0.05662,0.00334,0.00543,0.00638
CX2_36,5,140,0.84645,0.91468,0.06823,0.00334,0.00597,0.00684
CX2_36,5,141,0.85196,0.92731,0.07534,0.00334,0.00524,0.00621
CX2_36,5,142,0.85695,0.9311,0.07415,0.00334,0.0085,0.00913
CX2_36,5,143,0.85367,0.92128,0.06761,0.00334,0.00955,0.01012
CX2_36,5,144,0.85755,0.91364,0.05608,0.00334,0.00408,0.00527
CX2_36,5,145,0.86977,0.91481,0.04504,0.00334,0.00522,0.00619
CX2_36,5,146,0.86977,0.91347,0.0437,0.00334,0.00412,0.0053
CX2_36,5,147,0.85755,0.90867,0.05111,0.00334,0.00646,0.00727
CX2_36,5,148,0.86977,0.91934,0.04956,0.00334,0.00677,0.00755
CX2_36,5,149,0.87084,0.92131,0.05047,0.00334,0.01261,0.01305
CX2_36,5,150,0.87084,0.91203,0.04119,0.00334,0.01344,0.01385
CX2_36,5,151,0.84552,0.90508,0.05956,0.00334,0.00749,0.0082
CX2_36,5,152,0.84552,0.90558,0.06005,0.00334,0.0043,0.00544
CX2_36,5,153,0.84241,0.90408,0.06167,0.00334,0.00426,0.00541
CX2_36,5,154,0.84092,0.90197,0.06105,0.00334,0.00286,0.0044
CX2_36,5,155,0.84092,0.91274,0.07183,0.00334,0.00395,0.00517
CX2_36,5,156,0.84092,0.91459,0.07368,0.00334,0.00265,0.00426
CX2_36,5,157,0.89362,0.91489,0.02127,0.00334,0.01554,0.01589
CX2_36,5,158,0.89367,0.91518,0.02151,0.00334,0.00987,0.01042
CX2_36,5,159,0.89488,0.91523,0.02036,0.00334,0.0058,0.00669
CX2_36,5,160,0.89568,0.91677,0.02109,0.00334,0.00478,0.00583
CX2_36,5,161,0.89638,0.91671,0.02033,0.00334,0.0055,0.00643
CX2_36,5,162,0.89983,0.91734,0.01751,0.00334,0.00626,0.00709
CX2_36,5,163,0.90014,0.91665,0.01651,0.00334,0.0032,0.00462
CX2_36,5,164,0.90014,0.91656,0.01642,0.00334,0.00046,0.00337
CX2_36,5,165,0.89986,0.91629,0.01643,0.00334,0.00061,0.00339
CX2_36,5,166,0.90006,0.91629,0.01623,0.00334,0.00058,0.00339
CX2_36,5,167,0.89986,0.91623,0.01637,0.00334,0.00063,0.0034
CX2_36,5,168,0.89929,0.91641,0.01712,0.00334,0.00034,0.00335
CX2_36,5,169,0.89929,0.91755,0.01826,0.00334,0.00028,0.00335
CX2_36,5,170,0.90006,0.91796,0.0179,0.00334,0.00045,0.00337
CX2_36,5,171,0.89919,0.90563,0.00644,0.00334,0.00363,0.00493
CX2_36,5,172,0.89908,0.89924,0.00016,0.00334,0.00713,0.00788
CX2_36,5,173,0.84899,0.89851,0.04952,0.00334,0.00619,0.00703
CX2_36,5,174,0.84244,0.89747,0.05503,0.00334,0.00631,0.00714
CX2_36,5,175,0.84059,0.89447,0.05388,0.00334,0.00523,0.00621
CX2_36,5,176,0.84059,0.90639,0.06581,0.00334,0.00803,0.0087
CX2_36,5,177,0.84244,0.90866,0.06623,0.00334,0.01389,0.01428
CX2_36,5,178,0.83512,0.89766,0.06255,0.00334,0.00432,0.00546
CX2_36,5,179,0.82523,0.89195,0.06672,0.00334,0.00177,0.00377
CX2_36,5,180,0.83364,0.89309,0.05945,0.00334,0.00541,0.00635
CX2_36,5,181,0.83364,0.89251,0.05887,0.00334,0.00487,0.00591
CX2_36,5,182,0.82835,0.89034,0.06199,0.00334,0.00575,0.00665
CX2_36,5,183,0.83364,0.90086,0.06722,0.00334,0.00534,0.0063
CX2_36,5,184,0.83401,0.90406,0.07004,0.00334,0.0066,0.00739
CX2_36,5,185,0.83401,0.89472,0.06071,0.00334,0.00876,0.00937
CX2_36,5,186,0.83133,0.88888,0.05755,0.00334,0.0041,0.00529
CX2_36,5,187,0.85432,0.89216,0.03784,0.00334,0.00421,0.00537
CX2_36,5,188,0.8385,0.89041,0.05191,0.00334,0.00456,0.00565
CX2_36,5,189,0.8385,0.88915,0.05064,0.00334,0.00359,0.0049
CX2_36,5,190,0.83987,0.90435,0.06448,0.00334,0.00573,0.00663
CX2_36,5,191,0.85432,0.91592,0.0616,0.00334,0.00713,0.00788
CX2_36,5,192,0.86302,0.91947,0.05645,0.00334,0.01101,0.0115
CX2_36,5,193,0.86302,0.91031,0.04729,0.00334,0.00639,0.00721
CX2_36,5,194,0.86302,0.90273,0.03972,0.00334,0.00727,0.008
CX2_36,5,195,0.873,0.90515,0.03216,0.00334,0.00484,0.00588
CX2_36,5,196,0.873,0.91451,0.04151,0.00334,0.00744,0.00816
CX2_36,5,197,0.873,0.91638,0.04339,0.00334,0.00766,0.00836
CX2_36,5,198,0.89967,0.9162,0.01653,0.00334,0.00995,0.0105
CX2_36,5,199,0.90035,0.91616,0.01581,0.00334,0.0095,0.01007
CX2_36,5,200,0.90059,0.91594,0.01535,0.00334,0.00781,0.00849
CX2_36,5,201,0.90035,0.91568,0.01533,0.00334,0.00671,0.00749
CX2_36,5,202,0.90012,0.9157,0.01558,0.00334,0.00494,0.00596
CX2_36,5,203,0.90012,0.91556,0.01544,0.00334,0.00487,0.00591
CX2_36,5,204,0.90012,0.91567,0.01555,0.00334,0.00161,0.0037
CX2_36,5,205,0.90012,0.91563,0.01551,0.00334,0.00069,0.00341
CX2_36,5,206,0.90012,0.91528,0.01516,0.00334,0.00033,0.00335
CX2_36,5,207,0.8995,0.91506,0.01556,0.00334,0.0002,0.00334
CX2_36,5,208,0.8995,0.91482,0.01532,0.00334,0.00014,0.00334
CX2_36,5,209,0.89932,0.91459,0.01527,0.00334,0.00014,0.00334
CX2_36,5,210,0.89932,0.91475,0.01543,0.00334,0.00036,0.00336
CX2_36,5,211,0.8989,0.91401,0.0151,0.00334,0.00045,0.00337
CX2_36,5,212,0.89884,0.91366,0.01481,0.00334,0.00046,0.00337
CX2_36,5,213,0.89884,0.91328,0.01444,0.00334,0.00014,0.00334
CX2_36,5,214,0.8978,0.90403,0.00623,0.00334,0.0045,0.0056
CX2_36,5,215,0.89662,0.8967,9e-05,0.00334,0.0079,0.00857
CX2_36,5,216,0.84809,0.89708,0.04899,0.00334,0.00783,0.00851
CX2_36,5,217,0.84374,0.89282,0.04909,0.00334,0.00696,0.00772
CX2_36,5,218,0.83888,0.89083,0.05195,0.00334,0.00532,0.00628
CX2_36,5,219,0.83888,0.90132,0.06244,0.00334,0.00897,0.00957
CX2_36,5,220,0.84809,0.90381,0.05572,0.00334,0.01568,0.01603
CX2_36,5,221,0.8482,0.8986,0.0504,0.00334,0.01244,0.01288
CX2_36,5,222,0.8482,0.88918,0.04098,0.00334,0.00641,0.00722
CX2_36,5,223,0.8482,0.89009,0.04189,0.00334,0.00546,0.0064
CX2_36,5,224,0.8482,0.89087,0.04267,0.00334,0.00553,0.00646
CX2_36,5,225,0.84717,0.8857,0.03853,0.00334,0.00723,0.00797
CX2_36,5,227,0.84717,0.89887,0.0517,0.00334,0.01035,0.01087
CX2_36,5,228,0.85848,0.90016,0.04168,0.00334,0.01179,0.01225
CX2_36,5,229,0.83263,0.88512,0.05249,0.00334,0.00837,0.00901
CX2_36,5,230,0.82689,0.88399,0.05711,0.00334,0.00808,0.00874
CX2_36,5,231,0.82689,0.88383,0.05694,0.00334,0.0048,0.00584
CX2_36,5,232,0.82689,0.88261,0.05572,0.00334,0.0056,0.00652
CX2_36,5,233,0.82459,0.8826,0.05801,0.00334,0.00663,0.00742
CX2_36,5,234,0.82689,0.89184,0.06495,0.00334,0.00579,0.00668
CX2_36,5,235,0.83471,0.89355,0.05884,0.00334,0.00872,0.00934
CX2_36,5,236,0.83471,0.88161,0.04691,0.00334,0.01194,0.0124
CX2_36,5,237,0.82511,0.87973,0.05462,0.00334,0.00463,0.00571
CX2_36,5,238,0.83882,0.88214,0.04332,0.00334,0.00466,0.00573
CX2_36,5,239,0.82511,0.88029,0.05518,0.00334,0.00403,0.00523
CX2_36,5,240,0.82314,0.88894,0.0658,0.00334,0.00307,0.00453
CX2_36,5,241,0.82314,0.89291,0.06977,0.00334,0.00484,0.00588
CX2_36,5,242,0.82314,0.88762,0.06447,0.00334,0.00518,0.00616
CX2_36,5,243,0.82314,0.89668,0.07353,0.00334,0.00642,0.00723
CX2_36,5,244,0.84586,0.90427,0.05841,0.00334,0.00845,0.00908
CX2_36,5,245,0.87465,0.90513,0.03049,0.00334,0.00421,0.00537
CX2_36,5,246,0.87465,0.88913,0.01448,0.00334,0.0107,0.0112
CX2_36,5,247,0.87465,0.88879,0.01415,0.00334,0.01001,0.01055
CX2_36,5,248,0.82001,0.88619,0.06618,0.00334,0.00588,0.00676
CX2_36,5,249,0.82001,0.89493,0.07492,0.00334,0.00991,0.01046
CX2_36,5,250,0.81682,0.88379,0.06698,0.00334,0.01265,0.01309
CX2_36,5,251,0.81752,0.88343,0.06591,0.00334,0.01336,0.01377
CX2_36,5,252,0.81752,0.89152,0.07401,0.00334,0.01174,0.0122
CX2_36,5,253,0.84139,0.89724,0.05584,0.00334,0.01313,0.01355
CX2_36,5,254,0.87718,0.8983,0.02113,0.00334,0.01254,0.01298
CX2_36,5,255,0.87718,0.87987,0.00269,0.00334,0.01256,0.013
CX2_36,5,256,0.87718,0.88039,0.00321,0.00334,0.01019,0.01073
CX2_36,5,257,0.82951,0.87774,0.04823,0.00334,0.00864,0.00926
CX2_36,5,258,0.82861,0.87894,0.05033,0.00334,0.01138,0.01186
CX2_36,5,259,0.82861,0.88169,0.05307,0.00334,0.01095,0.01145
CX2_36,5,260,0.82951,0.88717,0.05766,0.00334,0.01549,0.01585
CX2_36,5,261,0.8635,0.88846,0.02496,0.00334,0.00387,0.00511
CX2_36,5,263,0.8635,0.87241,0.00891,0.00334,0.01884,0.01913
CX2_36,5,264,0.8081,0.87227,0.06417,0.00334,0.00938,0.00995
CX2_36,5,265,0.80775,0.87059,0.06284,0.00334,0.00987,0.01042
CX2_36,5,266,0.80404,0.86858,0.06453,0.00334,0.01273,0.01316
CX2_36,5,267,0.80775,0.8804,0.07265,0.00334,0.01229,0.01274
CX2_36,5,268,0.8081,0.88151,0.07341,0.00334,0.01508,0.01544
CX2_36,5,269,0.84984,0.88249,0.03265,0.00334,0.01251,0.01294
CX2_36,5,270,0.85096,0.88307,0.03211,0.00334,0.00819,0.00884
CX2_36,5,271,0.85324,0.88342,0.03018,0.00334,0.0064,0.00722
CX2_36,5,272,0.85383,0.88376,0.02992,0.00334,0.00539,0.00634
CX2_36,5,273,0.85639,0.88515,0.02876,0.00334,0.00571,0.00661
CX2_36,5,274,0.85678,0.88454,0.02776,0.00334,0.0072,0.00793
CX2_36,5,276,0.85639,0.88446,0.02807,0.00334,0.00254,0.00419
CX2_36,5,277,0.85779,0.88491,0.02712,0.00334,0.00204,0.00391
CX2_36,5,278,0.85779,0.8855,0.02771,0.00334,0.00142,0.00363
CX2_36,5,279,0.85716,0.88508,0.02793,0.00334,0.00077,0.00342
CX2_36,5,280,0.85877,0.88544,0.02667,0.00334,0.00067,0.0034
CX2_36,5,281,0.86037,0.88669,0.02632,0.00334,0.0013,0.00358
CX2_36,5,282,0.86113,0.88643,0.0253,0.00334,0.00156,0.00368
CX2_36,5,283,0.86113,0.88595,0.02482,0.00334,0.00215,0.00397
CX2_36,5,284,0.86113,0.86675,0.00562,0.00334,0.00426,0.00541
CX2_36,5,285,0.86113,0.86653,0.00541,0.00334,0.00901,0.00961
CX2_36,5,286,0.80809,0.86808,0.05999,0.00334,0.0065,0.0073
CX2_36,5,287,0.80794,0.86439,0.05645,0.00334,0.00617,0.00701
CX2_36,5,288,0.79051,0.86794,0.07743,0.00334,0.00486,0.0059
CX2_36,5,289,0.80794,0.87663,0.06868,0.00334,0.00928,0.00986
CX2_36,5,290,0.80809,0.87835,0.07025,0.00334,0.01437,0.01475
CX2_36,5,291,0.79321,0.86269,0.06948,0.00334,0.01199,0.01244
CX2_36,5,292,0.79449,0.86171,0.06722,0.00334,0.00706,0.00781
CX2_36,5,293,0.80478,0.86326,0.05847,0.00334,0.00326,0.00466
CX2_36,5,294,0.80478,0.86315,0.05837,0.00334,0.00723,0.00796
CX2_36,5,295,0.79449,0.8579,0.06341,0.00334,0.00683,0.0076
CX2_36,5,296,0.80478,0.87053,0.06575,0.00334,0.00496,0.00597
CX2_36,5,297,0.80941,0.87211,0.0627,0.00334,0.01146,0.01194
CX2_36,5,298,0.80941,0.86023,0.05082,0.00334,0.01213,0.01258
CX2_36,5,299,0.79894,0.86842,0.06948,0.00334,0.00766,0.00836
CX2_36,5,300,0.79894,0.86964,0.0707,0.00334,0.00571,0.00661
CX2_36,5,301,0.79894,0.87952,0.08058,0.00334,0.013,0.01342
CX2_36,5,302,0.79894,0.88256,0.08362,0.00334,0.01245,0.01289
CX2_36,5,303,0.82437,0.87775,0.05338,0.00334,0.01353,0.01393
CX2_36,5,305,0.82437,0.86784,0.04347,0.00334,0.01532,0.01568
CX2_36,5,306,0.79995,0.86686,0.06691,0.00334,0.01223,0.01268
CX2_36,5,307,0.79488,0.86506,0.07018,0.00334,0.00982,0.01037
CX2_36,5,308,0.78795,0.86558,0.07764,0.00334,0.01168,0.01214
CX2_36,5,309,0.79488,0.87328,0.0784,0.00334,0.01094,0.01144
CX2_36,5,310,0.79488,0.87451,0.07963,0.00334,0.01459,0.01497
CX2_36,5,311,0.83393,0.87546,0.04153,0.00334,0.01066,0.01117
CX2_36,5,312,0.83783,0.87596,0.03813,0.00334,0.00447,0.00558
CX2_36,5,313,0.84233,0.87717,0.03484,0.00334,0.00653,0.00733
CX2_36,5,314,0.846,0.87745,0.03145,0.00334,0.00491,0.00593
CX2_36,5,315,0.846,0.87602,0.03002,0.00334,0.00609,0.00694
CX2_36,5,316,0.846,0.87589,0.02989,0.00334,0.0063,0.00713
CX2_36,5,317,0.845,0.87557,0.03058,0.00334,0.00127,0.00357
CX2_36,5,318,0.84382,0.87521,0.03139,0.00334,0.00134,0.0036
CX2_36,5,319,0.84331,0.87491,0.0316,0.00334,0.0006,0.00339
CX2_36,5,320,0.84357,0.87492,0.03135,0.00334,0.00031,0.00335
CX2_36,5,321,0.84331,0.8749,0.03158,0.00334,0.00059,0.00339
CX2_36,5,322,0.84326,0.87497,0.03171,0.00334,0.00059,0.00339
CX2_36,5,323,0.84326,0.87483,0.03157,0.00334,0.0006,0.00339
CX2_36,5,324,0.843,0.87458,0.03157,0.00334,0.00013,0.00334
CX2_36,5,325,0.84275,0.86506,0.02231,0.00334,0.00429,0.00544
CX2_36,5,326,0.8424,0.85713,0.01473,0.00334,0.00787,0.00854
CX2_36,5,327,0.78822,0.85603,0.06781,0.00334,0.0065,0.0073
CX2_36,5,328,0.78237,0.85428,0.07191,0.00334,0.00529,0.00626
CX2_36,5,329,0.77867,0.85178,0.07311,0.00334,0.00499,0.006
CX2_36,5,330,0.77867,0.86249,0.08382,0.00334,0.00822,0.00887
CX2_36,5,331,0.77867,0.86596,0.08729,0.00334,0.01343,0.01384
CX2_36,5,332,0.8201,0.86318,0.04309,0.00334,0.01561,0.01596
CX2_36,5,333,0.8201,0.85241,0.03232,0.00334,0.01018,0.01071
CX2_36,5,334,0.8201,0.85201,0.03192,0.00334,0.00839,0.00903
CX2_36,5,335,0.78191,0.84962,0.06771,0.00334,0.00621,0.00705
CX2_36,5,336,0.77874,0.85016,0.07142,0.00334,0.00495,0.00597
CX2_36,5,337,0.77874,0.85554,0.0768,0.00334,0.00852,0.00915
CX2_36,5,338,0.77874,0.86101,0.08227,0.00334,0.0126,0.01304
CX2_36,5,339,0.81993,0.86442,0.04449,0.00334,0.00661,0.0074
CX2_36,5,340,0.81993,0.84863,0.0287,0.00334,0.01482,0.01519
CX2_36,5,342,0.75894,0.84692,0.08798,0.00334,0.00479,0.00583
CX2_36,5,343,0.7584,0.84575,0.08735,0.00334,0.00914,0.00973
CX2_36,5,344,0.75777,0.84579,0.08802,0.00334,0.01569,0.01604
CX2_36,5,345,0.75777,0.85705,0.09928,0.00334,0.01508,0.01545
CX2_36,5,346,0.7584,0.85958,0.10118,0.00334,0.01677,0.0171
CX2_36,5,347,0.77158,0.85167,0.08009,0.00334,0.01831,0.01861
CX2_36,5,348,0.77158,0.84451,0.07293,0.00334,0.00457,0.00566
CX2_36,5,349,0.77158,0.84803,0.07645,0.00334,0.01005,0.01059
CX2_36,5,350,0.76869,0.84726,0.07858,0.00334,0.00662,0.00741
CX2_36,5,352,0.7685,0.85424,0.08574,0.00334,0.01353,0.01393
CX2_36,5,353,0.76869,0.85716,0.08848,0.00334,0.01778,0.01809
CX2_36,5,354,0.7685,0.85053,0.08203,0.00334,0.0145,0.01488
CX2_36,5,355,0.76437,0.84287,0.0785,0.00334,0.00455,0.00565
CX2_36,5,356,0.76446,0.84379,0.07933,0.00334,0.0038,0.00506
CX2_36,5,357,0.76437,0.84283,0.07845,0.00334,0.00374,0.00502
CX2_36,5,358,0.76183,0.84188,0.08005,0.00334,0.0027,0.00429
CX2_36,5,359,0.76183,0.85047,0.08863,0.00334,0.00832,0.00896
CX2_36,5,360,0.76446,0.85329,0.08883,0.00334,0.01328,0.01369
CX2_36,5,361,0.80959,0.85526,0.04567,0.00334,0.01431,0.01469
CX2_36,5,362,0.81229,0.85605,0.04376,0.00334,0.00836,0.009
CX2_36,5,363,0.82009,0.85682,0.03674,0.00334,0.00554,0.00647
CX2_36,5,364,0.821,0.85845,0.03744,0.00334,0.00519,0.00617
CX2_36,5,365,0.82475,0.85842,0.03367,0.00334,0.00668,0.00747
CX2_36,5,366,0.82564,0.85903,0.03339,0.00334,0.00637,0.00719
CX2_36,5,367,0.8266,0.85961,0.03301,0.00334,0.00337,0.00474
CX2_36,5,368,0.82869,0.85984,0.03115,0.00334,0.0015,0.00366
CX2_36,5,369,0.82869,0.86016,0.03147,0.00334,0.00071,0.00341
CX2_36,5,370,0.82869,0.86026,0.03157,0.00334,0.0006,0.00339
CX2_36,5,371,0.82917,0.86075,0.03158,0.00334,0.00052,0.00338
CX2_36,5,372,0.8292,0.86106,0.03186,0.00334,0.00035,0.00335
CX2_36,5,373,0.82992,0.86169,0.03178,0.00334,0.00025,0.00335
CX2_36,5,374,0.82992,0.86166,0.03174,0.00334,0.00034,0.00335
CX2_36,5,375,0.82996,0.86196,0.03201,0.00334,0.00025,0.00335
CX2_36,5,376,0.82992,0.84708,0.01717,0.00334,0.00458,0.00566
CX2_36,5,377,0.82917,0.84259,0.01342,0.00334,0.00906,0.00966
CX2_36,5,378,0.76872,0.84118,0.07246,0.00334,0.00742,0.00813
CX2_36,5,379,0.75869,0.84072,0.08203,0.00334,0.00649,0.0073
CX2_36,5,380,0.7529,0.8387,0.0858,0.00334,0.00809,0.00875
CX2_36,5,381,0.7529,0.85024,0.09734,0.00334,0.01086,0.01136
CX2_36,5,382,0.7529,0.85425,0.10135,0.00334,0.01685,0.01718
CX2_36,5,383,0.78548,0.84944,0.06396,0.00334,0.01801,0.01832
CX2_36,5,384,0.78548,0.83845,0.05297,0.00334,0.01031,0.01084
CX2_36,5,385,0.78548,0.84129,0.05581,0.00334,0.00788,0.00856
CX2_36,5,386,0.77938,0.84059,0.06121,0.00334,0.00598,0.00684
CX2_36,5,387,0.77332,0.84039,0.06707,0.00334,0.00503,0.00603
CX2_36,5,388,0.77332,0.84533,0.07202,0.00334,0.00811,0.00877
CX2_36,5,389,0.77938,0.85089,0.07151,0.00334,0.01192,0.01237
CX2_36,5,390,0.81512,0.8529,0.03777,0.00334,0.00958,0.01014
CX2_36,5,391,0.81512,0.8421,0.02698,0.00334,0.01036,0.01089
CX2_36,5,392,0.81512,0.8415,0.02638,0.00334,0.00709,0.00784
CX2_36,5,393,0.78533,0.84039,0.05506,0.00334,0.005,0.00601
CX2_36,5,394,0.77963,0.83823,0.0586,0.00334,0.00586,0.00675
CX2_36,5,395,0.77761,0.8369,0.05929,0.00334,0.00934,0.00992
CX2_36,5,396,0.77761,0.85152,0.07391,0.00334,0.01095,0.01145
CX2_36,5,397,0.77761,0.85147,0.07386,0.00334,0.01067,0.01118
CX2_36,5,398,0.76642,0.84035,0.07393,0.00334,0.00917,0.00976
CX2_36,5,399,0.76642,0.84001,0.07359,0.00334,0.00655,0.00735
CX2_36,5,400,0.79966,0.84626,0.0466,0.00334,0.00898,0.00958
CX2_36,5,401,0.76642,0.83964,0.07321,0.00334,0.00818,0.00883
CX2_36,5,403,0.75059,0.83518,0.08458,0.00334,0.01824,0.01854
CX2_36,5,404,0.7451,0.83587,0.09077,0.00334,0.01329,0.0137
CX2_36,5,405,0.7451,0.83637,0.09127,0.00334,0.01003,0.01057
CX2_36,5,406,0.7451,0.83536,0.09026,0.00334,0.01017,0.0107
CX2_36,5,407,0.7451,0.83267,0.08757,0.00334,0.00448,0.00559
CX2_36,5,408,0.74942,0.84312,0.0937,0.00334,0.00366,0.00495
CX2_36,5,409,0.75152,0.84695,0.09544,0.00334,0.01039,0.01091
CX2_36,5,410,0.79468,0.84899,0.05431,0.00334,0.004,0.00521
CX2_36,5,411,0.80378,0.84911,0.04534,0.00334,0.00521,0.00618
CX2_36,5,412,0.81003,0.84904,0.03901,0.00334,0.00483,0.00587
CX2_36,5,413,0.81003,0.84888,0.03885,0.00334,0.00726,0.00799
CX2_36,5,414,0.81184,0.84989,0.03805,0.00334,0.00771,0.0084
CX2_36,5,415,0.81003,0.84385,0.03382,0.00334,0.00732,0.00804
CX2_36,5,416,0.81003,0.85084,0.04081,0.00334,0.00427,0.00542
CX2_36,5,417,0.8073,0.85397,0.04667,0.00334,0.0022,0.004
CX2_36,5,418,0.80901,0.85562,0.04662,0.00334,0.00151,0.00366
CX2_36,5,419,0.80512,0.84661,0.04149,0.00334,0.00463,0.00571
CX2_36,5,420,0.80512,0.84773,0.04261,0.00334,0.00586,0.00674
CX2_36,5,421,0.78172,0.84836,0.06664,0.00334,0.00483,0.00587
CX2_36,5,422,0.78172,0.85078,0.06906,0.00334,0.00508,0.00608
CX2_36,5,423,0.78172,0.85001,0.06829,0.00334,0.00388,0.00512
CX2_36,5,424,0.79079,0.85707,0.06628,0.00334,0.00845,0.00908
CX2_36,5,425,0.79727,0.85742,0.06015,0.00334,0.00928,0.00987
CX2_36,5,426,0.79727,0.84864,0.05137,0.00334,0.00822,0.00887
CX2_36,5,427,0.79498,0.84502,0.05004,0.00334,0.00701,0.00776
CX2_36,5,429,0.79032,0.84668,0.05636,0.00334,0.00587,0.00675
CX2_36,5,430,0.78812,0.84654,0.05842,0.00334,0.00414,0.00532
CX2_36,5,431,0.78812,0.85207,0.06395,0.00334,0.00497,0.00599
CX2_36,5,432,0.79032,0.8544,0.06408,0.00334,0.0116,0.01207
CX2_36,5,433,0.82492,0.85501,0.03009,0.00334,0.01123,0.01171
CX2_36,5,434,0.82492,0.84424,0.01932,0.00334,0.01215,0.0126
CX2_36,5,435,0.82492,0.84504,0.02013,0.00334,0.01139,0.01187
CX2_36,5,436,0.78991,0.84377,0.05386,0.00334,0.01045,0.01097
CX2_36,5,437,0.78576,0.84342,0.05766,0.00334,0.00592,0.00679
CX2_36,5,438,0.78472,0.84184,0.05713,0.00334,0.00632,0.00715
CX2_36,5,439,0.78576,0.85156,0.0658,0.00334,0.00491,0.00594
CX2_36,5,440,0.78576,0.85253,0.06677,0.00334,0.01085,0.01135
CX2_36,5,441,0.78576,0.84277,0.05701,0.00334,0.00368,0.00497
CX2_36,5,442,0.78352,0.84169,0.05816,0.00334,0.00173,0.00376
CX2_36,5,443,0.78564,0.84209,0.05645,0.00334,0.00272,0.00431
CX2_36,5,444,0.78564,0.84324,0.0576,0.00334,0.00218,0.00399
CX2_36,5,445,0.78564,0.84212,0.05648,0.00334,0.00215,0.00397
CX2_36,5,446,0.78604,0.84946,0.06342,0.00334,0.0021,0.00394
CX2_36,5,447,0.78984,0.85105,0.06121,0.00334,0.00211,0.00395
CX2_36,5,448,0.81802,0.85174,0.03372,0.00334,0.00964,0.0102
CX2_36,5,449,0.82043,0.85273,0.0323,0.00334,0.00623,0.00707
CX2_36,5,450,0.82163,0.85317,0.03154,0.00334,0.00231,0.00406
CX2_36,5,451,0.82291,0.8544,0.03149,0.00334,0.00146,0.00364
CX2_36,5,452,0.82587,0.8557,0.02984,0.00334,0.00265,0.00426
CX2_36,5,453,0.83082,0.85667,0.02585,0.00334,0.00379,0.00505
CX2_36,5,454,0.83254,0.85714,0.0246,0.00334,0.00235,0.00408
CX2_36,5,455,0.83272,0.85726,0.02454,0.00334,0.00025,0.00335
CX2_36,5,456,0.83402,0.85717,0.02314,0.00334,0.00051,0.00337
CX2_36,5,457,0.8352,0.85765,0.02245,0.00334,0.00113,0.00352
CX2_36,5,458,0.83526,0.85747,0.0222,0.00334,0.00105,0.0035
CX2_36,5,459,0.83526,0.85772,0.02245,0.00334,0.00057,0.00339
CX2_36,5,460,0.83521,0.8576,0.02239,0.00334,0.00034,0.00335
CX2_36,5,461,0.83521,0.85802,0.02281,0.00334,0.00043,0.00336
CX2_36,5,462,0.835,0.85785,0.02286,0.00334,0.00029,0.00335
CX2_36,5,463,0.83491,0.84351,0.0086,0.00334,0.00353,0.00485
CX2_36,5,464,0.83458,0.84017,0.00559,0.00334,0.00726,0.00799
CX2_36,5,466,0.78488,0.84503,0.06015,0.00334,0.0084,0.00904
CX2_36,5,467,0.78488,0.84783,0.06295,0.00334,0.00915,0.00974
CX2_36,5,468,0.78612,0.85281,0.06669,0.00334,0.00796,0.00864
CX2_36,5,469,0.80928,0.85359,0.04432,0.00334,0.00736,0.00808
CX2_36,5,470,0.80928,0.84257,0.03329,0.00334,0.01439,0.01477
CX2_36,5,471,0.80928,0.84232,0.03304,0.00334,0.00865,0.00927
CX2_36,5,472,0.79563,0.84404,0.04841,0.00334,0.00781,0.00849
CX2_36,5,473,0.7918,0.84305,0.05125,0.00334,0.00558,0.0065
CX2_36,5,474,0.78925,0.84065,0.0514,0.00334,0.00535,0.00631
CX2_36,5,475,0.7918,0.8494,0.0576,0.00334,0.00556,0.00648
CX2_36,5,476,0.79563,0.85078,0.05515,0.00334,0.00843,0.00907
CX2_36,5,477,0.7918,0.8431,0.0513,0.00334,0.00516,0.00615
CX2_36,5,478,0.78991,0.83925,0.04934,0.00334,0.00328,0.00468
CX2_36,5,479,0.79018,0.84213,0.05195,0.00334,0.00214,0.00396
CX2_36,5,480,0.79018,0.84187,0.05169,0.00334,0.00184,0.00381
CX2_36,5,481,0.78991,0.84032,0.05041,0.00334,0.00252,0.00418
CX2_36,5,482,0.79018,0.84642,0.05623,0.00334,0.00305,0.00452
CX2_36,5,483,0.7927,0.84894,0.05624,0.00334,0.00431,0.00545
CX2_36,5,484,0.81502,0.84959,0.03456,0.00334,0.00861,0.00923
CX2_36,5,485,0.81502,0.83809,0.02307,0.00334,0.0061,0.00695
CX2_36,5,486,0.81502,0.83955,0.02453,0.00334,0.00583,0.00672
CX2_36,5,487,0.78832,0.83829,0.04997,0.00334,0.00297,0.00447
CX2_36,5,488,0.78476,0.83819,0.05343,0.00334,0.00313,0.00458
CX2_36,5,489,0.78476,0.84003,0.05528,0.00334,0.00542,0.00637
CX2_36,5,490,0.78832,0.84664,0.05832,0.00334,0.00689,0.00766
CX2_36,5,491,0.79606,0.84843,0.05238,0.00334,0.00931,0.00989
CX2_36,5,492,0.79606,0.83646,0.04041,0.00334,0.00658,0.00738
CX2_36,5,493,0.79606,0.83579,0.03974,0.00334,0.00415,0.00533
CX2_36,5,494,0.78628,0.83579,0.04951,0.00334,0.00262,0.00424
CX2_36,5,495,0.78628,0.83669,0.0504,0.00334,0.00193,0.00385
CX2_36,5,496,0.78628,0.83539,0.0491,0.00334,0.00367,0.00496
CX2_36,5,497,0.7866,0.84371,0.05711,0.00334,0.00349,0.00483
CX2_36,5,498,0.7884,0.84578,0.05737,0.00334,0.00577,0.00666
CX2_36,5,499,0.81824,0.84593,0.02769,0.00334,0.00871,0.00933
CX2_36,5,500,0.82167,0.84634,0.02468,0.00334,0.00577,0.00666
CX2_36,5,501,0.82167,0.84662,0.02496,0.00334,0.0029,0.00442
CX2_36,5,502,0.82201,0.84762,0.02561,0.00334,0.00342,0.00478
CX2_36,5,503,0.82243,0.84911,0.02668,0.00334,0.00279,0.00435
CX2_36,5,504,0.82326,0.84812,0.02486,0.00334,0.00466,0.00573
CX2_36,5,505,0.82326,0.84815,0.02489,0.00334,0.0027,0.00429
CX2_36,5,506,0.82326,0.84785,0.02459,0.00334,0.00059,0.00339
CX2_36,5,507,0.82241,0.84774,0.02533,0.00334,0.00052,0.00338
CX2_36,5,508,0.82142,0.84777,0.02635,0.00334,0.00045,0.00337
CX2_36,5,509,0.8214,0.84789,0.0265,0.00334,0.00036,0.00336
CX2_36,5,510,0.82126,0.84812,0.02686,0.00334,0.00027,0.00335
CX2_36,5,511,0.82126,0.84812,0.02686,0.00334,0.00041,0.00336
CX2_36,5,512,0.8214,0.84821,0.02682,0.00334,0.00047,0.00337
CX2_36,5,513,0.8213,0.84794,0.02664,0.00334,0.00024,0.00335
CX2_36,5,514,0.8213,0.83666,0.01537,0.00334,0.00314,0.00458
CX2_36,5,516,0.79038,0.84028,0.04991,0.00334,0.0065,0.00731
CX2_36,5,517,0.79038,0.84355,0.05317,0.00334,0.00598,0.00685
CX2_36,5,518,0.79038,0.84811,0.05773,0.00334,0.00579,0.00668
CX2_36,5,519,0.81508,0.84861,0.03353,0.00334,0.00219,0.00399
CX2_36,5,520,0.81508,0.83815,0.02307,0.00334,0.00272,0.00431
CX2_36,5,521,0.81508,0.83724,0.02215,0.00334,0.00801,0.00868
CX2_36,5,522,0.78747,0.83572,0.04825,0.00334,0.00975,0.01031
CX2_36,5,523,0.78254,0.83603,0.05348,0.00334,0.00613,0.00698
CX2_36,5,524,0.7808,0.8345,0.0537,0.00334,0.00403,0.00523
CX2_36,5,525,0.7808,0.84409,0.06328,0.00334,0.00296,0.00446
CX2_36,5,526,0.7808,0.84542,0.06462,0.00334,0.00927,0.00986
CX2_36,5,527,0.79035,0.8383,0.04795,0.00334,0.0051,0.00609
CX2_36,5,528,0.79035,0.83425,0.04389,0.00334,0.0027,0.00429
CX2_36,5,529,0.79035,0.83462,0.04427,0.00334,0.00289,0.00442
CX2_36,5,530,0.78676,0.83468,0.04792,0.00334,0.00173,0.00376
CX2_36,5,531,0.78374,0.83251,0.04877,0.00334,0.00266,0.00427
CX2_36,5,532,0.78374,0.84011,0.05637,0.00334,0.00263,0.00425
CX2_36,5,533,0.78676,0.84297,0.0562,0.00334,0.00492,0.00595
CX2_36,5,534,0.81533,0.84361,0.02828,0.00334,0.00927,0.00986
CX2_36,5,535,0.81533,0.83032,0.01499,0.00334,0.00807,0.00874
CX2_36,5,536,0.81533,0.83104,0.01571,0.00334,0.00481,0.00585
CX2_36,5,537,0.78437,0.83217,0.0478,0.00334,0.00223,0.00401
CX2_36,5,538,0.78113,0.82294,0.0418,0.00334,0.00616,0.007
CX2_36,5,539,0.77117,0.82132,0.05015,0.00334,0.01094,0.01144
CX2_36,5,540,0.78113,0.83435,0.05322,0.00334,0.01194,0.01239
CX2_36,5,541,0.78437,0.83637,0.052,0.00334,0.01135,0.01183
CX2_36,5,542,0.75029,0.82032,0.07003,0.00334,0.01197,0.01243
CX2_36,5,543,0.74422,0.81468,0.07046,0.00334,0.00817,0.00883
CX2_36,5,544,0.74422,0.81691,0.07269,0.00334,0.00658,0.00738
CX2_36,5,545,0.73817,0.81268,0.07451,0.00334,0.00566,0.00657
CX2_36,5,546,0.73279,0.80995,0.07715,0.00334,0.00396,0.00518
CX2_36,5,547,0.73279,0.8251,0.09231,0.00334,0.00617,0.00702
CX2_36,5,548,0.73817,0.82987,0.0917,0.00334,0.01101,0.0115
CX2_36,5,549,0.78588,0.83165,0.04577,0.00334,0.01764,0.01796
CX2_36,5,550,0.798,0.83271,0.0347,0.00334,0.01137,0.01185
CX2_36,5,551,0.79862,0.83332,0.03471,0.00334,0.00652,0.00733
CX2_36,5,552,0.79998,0.83625,0.03626,0.00334,0.00661,0.00741
CX2_36,5,553,0.80073,0.83668,0.03595,0.00334,0.00862,0.00924
CX2_36,5,555,0.80268,0.83614,0.03345,0.00334,0.00271,0.0043
CX2_36,5,556,0.80328,0.83599,0.03271,0.00334,0.00143,0.00363
CX2_36,5,558,0.80268,0.83529,0.03261,0.00334,0.00439,0.00551
CX2_36,5,559,0.80268,0.83521,0.03253,0.00334,0.00231,0.00406
CX2_36,5,560,0.80328,0.83542,0.03214,0.00334,0.00154,0.00368
CX2_36,5,561,0.80328,0.8357,0.03242,0.00334,0.00087,0.00345
CX2_36,5,562,0.80329,0.83595,0.03266,0.00334,0.00347,0.00481
CX2_36,5,563,0.80329,0.83599,0.0327,0.00334,0.00508,0.00607
CX2_36,5,564,0.80364,0.83619,0.03254,0.00334,0.00213,0.00396
CX2_36,5,565,0.80364,0.81695,0.0133,0.00334,0.00368,0.00497
CX2_36,5,566,0.80364,0.81578,0.01214,0.00334,0.00923,0.00982
CX2_36,5,567,0.78443,0.83082,0.04639,0.00334,0.0098,0.01035
CX2_36,5,568,0.78443,0.83445,0.05003,0.00334,0.00657,0.00737
CX2_36,5,569,0.74214,0.82638,0.08424,0.00334,0.00832,0.00896
CX2_36,5,570,0.74214,0.81517,0.07304,0.00334,0.01021,0.01074
CX2_36,5,571,0.74214,0.81581,0.07368,0.00334,0.01017,0.0107
CX2_36,5,572,0.7296,0.81337,0.08377,0.00334,0.0114,0.01188
CX2_36,5,573,0.72443,0.81134,0.08691,0.00334,0.01239,0.01284
CX2_36,5,574,0.72443,0.81862,0.09418,0.00334,0.00649,0.0073
CX2_36,5,575,0.7296,0.82709,0.09749,0.00334,0.0111,0.01159
CX2_36,5,576,0.77741,0.82856,0.05115,0.00334,0.01671,0.01704
CX2_36,5,577,0.77741,0.80964,0.03222,0.00334,0.0143,0.01469
CX2_36,5,578,0.77741,0.80828,0.03086,0.00334,0.01159,0.01206
CX2_36,5,579,0.71908,0.80661,0.08753,0.00334,0.00607,0.00693
CX2_36,5,580,0.71705,0.81524,0.09819,0.00334,0.00313,0.00458
CX2_36,5,581,0.71705,0.8126,0.09555,0.00334,0.00913,0.00973
CX2_36,5,582,0.71705,0.80695,0.0899,0.00334,0.01011,0.01064
CX2_36,5,583,0.71705,0.81836,0.10132,0.00334,0.00915,0.00974
CX2_36,5,584,0.72572,0.82398,0.09826,0.00334,0.00797,0.00864
CX2_36,5,585,0.76805,0.82605,0.058,0.00334,0.01227,0.01271
CX2_36,5,586,0.76805,0.80806,0.04001,0.00334,0.01097,0.01147
CX2_36,5,587,0.76805,0.80778,0.03973,0.00334,0.01454,0.01491
CX2_36,5,588,0.71865,0.80593,0.08729,0.00334,0.00675,0.00753
CX2_36,5,589,0.71192,0.80449,0.09257,0.00334,0.00498,0.006
CX2_36,5,590,0.71005,0.80315,0.09309,0.00334,0.00739,0.00811
CX2_36,5,591,0.71192,0.81733,0.10541,0.00334,0.00964,0.0102
CX2_36,5,592,0.71192,0.82197,0.11005,0.00334,0.0167,0.01703
CX2_36,5,593,0.73028,0.80963,0.07935,0.00334,0.00903,0.00963
CX2_36,5,594,0.73028,0.80394,0.07365,0.00334,0.00365,0.00494
CX2_36,5,596,0.7144,0.80114,0.08673,0.00334,0.00561,0.00653
CX2_36,5,597,0.71234,0.80091,0.08857,0.00334,0.01081,0.01131
CX2_36,5,598,0.71234,0.80537,0.09303,0.00334,0.01272,0.01315
CX2_36,5,599,0.71234,0.81433,0.10199,0.00334,0.00915,0.00974
CX2_36,5,600,0.72888,0.81639,0.08751,0.00334,0.01639,0.01673
CX2_36,5,601,0.72888,0.80106,0.07218,0.00334,0.00889,0.00949
CX2_36,5,602,0.72888,0.80252,0.07364,0.00334,0.01341,0.01382
CX2_36,5,603,0.71766,0.80416,0.0865,0.00334,0.01068,0.01119
CX2_36,5,604,0.71766,0.80437,0.08671,0.00334,0.00901,0.00961
CX2_36,5,605,0.71591,0.8029,0.08699,0.00334,0.00622,0.00706
CX2_36,5,606,0.71766,0.81321,0.09555,0.00334,0.00577,0.00667
CX2_36,5,607,0.72288,0.81504,0.09217,0.00334,0.01208,0.01253
CX2_36,5,608,0.75992,0.8121,0.05217,0.00334,0.01456,0.01494
CX2_36,5,609,0.75992,0.80376,0.04383,0.00334,0.00803,0.00869
CX2_36,5,610,0.75992,0.80517,0.04525,0.00334,0.00689,0.00766
CX2_36,5,611,0.73435,0.80495,0.0706,0.00334,0.00272,0.0043
CX2_36,5,612,0.73288,0.80425,0.07137,0.00334,0.00557,0.00649
CX2_36,5,613,0.73288,0.80602,0.07314,0.00334,0.00821,0.00887
CX2_36,5,614,0.73435,0.81378,0.07943,0.00334,0.01041,0.01093
CX2_36,5,615,0.74126,0.81507,0.07381,0.00334,0.01107,0.01156
CX2_36,5,616,0.77586,0.81595,0.04009,0.00334,0.00912,0.00971
CX2_36,5,617,0.77788,0.81667,0.03879,0.00334,0.0065,0.00731
CX2_36,5,618,0.78058,0.81721,0.03663,0.00334,0.00402,0.00522
CX2_36,5,619,0.78248,0.81762,0.03514,0.00334,0.00497,0.00598
CX2_36,5,620,0.78369,0.81932,0.03563,0.00334,0.00395,0.00517
CX2_36,5,621,0.78417,0.82012,0.03595,0.00334,0.00492,0.00594
CX2_36,5,622,0.79082,0.82072,0.0299,0.00334,0.00242,0.00412
CX2_36,5,623,0.79334,0.82065,0.02731,0.00334,0.00053,0.00338
CX2_36,5,624,0.79334,0.82023,0.02689,0.00334,0.00076,0.00342
CX2_36,5,625,0.79334,0.82023,0.02689,0.00334,0.00108,0.00351
CX2_36,5,626,0.79251,0.81967,0.02716,0.00334,0.00045,0.00337
CX2_36,5,627,0.79108,0.81734,0.02627,0.00334,0.00144,0.00364
CX2_36,5,628,0.79093,0.81719,0.02626,0.00334,0.00121,0.00355
CX2_36,5,629,0.78337,0.81702,0.03365,0.00334,0.00099,0.00348
CX2_36,5,630,0.78208,0.80537,0.02329,0.00334,0.00432,0.00546
CX2_36,5,631,0.78097,0.80497,0.024,0.00334,0.00769,0.00838
CX2_36,5,632,0.77215,0.8152,0.04305,0.00334,0.00562,0.00653
CX2_36,5,633,0.77215,0.82073,0.04857,0.00334,0.00381,0.00506
CX2_36,5,634,0.77215,0.82042,0.04827,0.00334,0.00256,0.00421
CX2_36,5,635,0.77215,0.8042,0.03205,0.00334,0.00836,0.009
CX2_36,5,636,0.77215,0.80443,0.03228,0.00334,0.01258,0.01301
CX2_36,5,637,0.72871,0.80375,0.07504,0.00334,0.01169,0.01216
CX2_36,5,638,0.7268,0.80297,0.07617,0.00334,0.01352,0.01392
CX2_36,5,639,0.72651,0.80146,0.07495,0.00334,0.01003,0.01057
CX2_36,5,640,0.7268,0.81241,0.0856,0.00334,0.00988,0.01043
CX2_36,5,641,0.7268,0.81342,0.08661,0.00334,0.01417,0.01455
CX2_36,5,642,0.72758,0.80279,0.07521,0.00334,0.00791,0.00858
CX2_36,5,643,0.72758,0.79878,0.0712,0.00334,0.00179,0.00379
CX2_36,5,644,0.72758,0.79947,0.07189,0.00334,0.00294,0.00445
CX2_36,5,645,0.72136,0.79857,0.07721,0.00334,0.00079,0.00343
CX2_36,5,646,0.72063,0.79803,0.0774,0.00334,0.00279,0.00435
CX2_36,5,647,0.72063,0.80799,0.08737,0.00334,0.00196,0.00387
CX2_36,5,648,0.72136,0.81041,0.08904,0.00334,0.00688,0.00765
CX2_36,5,649,0.77192,0.81038,0.03846,0.00334,0.01455,0.01493
CX2_36,5,650,0.77192,0.79582,0.0239,0.00334,0.00896,0.00956
CX2_36,5,651,0.77192,0.79547,0.02355,0.00334,0.00809,0.00875
CX2_36,5,652,0.71847,0.79629,0.07782,0.00334,0.00357,0.00489
CX2_36,5,653,0.71475,0.79442,0.07967,0.00334,0.00341,0.00477
CX2_36,5,654,0.71063,0.7914,0.08076,0.00334,0.00832,0.00896
CX2_36,5,655,0.71475,0.80409,0.08934,0.00334,0.00877,0.00938
CX2_36,5,656,0.71847,0.80615,0.08768,0.00334,0.01437,0.01475
CX2_36,5,657,0.7179,0.79541,0.07751,0.00334,0.01021,0.01074
CX2_36,5,658,0.7179,0.79105,0.07315,0.00334,0.0038,0.00506
CX2_36,5,659,0.72342,0.79303,0.06961,0.00334,0.00281,0.00436
CX2_36,5,660,0.71967,0.79308,0.07341,0.00334,0.00252,0.00418
CX2_36,5,661,0.7179,0.79146,0.07355,0.00334,0.00441,0.00553
CX2_36,5,662,0.71967,0.79774,0.07807,0.00334,0.005,0.00601
CX2_36,5,663,0.72342,0.80189,0.07847,0.00334,0.00784,0.00852
CX2_36,5,664,0.75179,0.80389,0.0521,0.00334,0.01262,0.01305
CX2_36,5,665,0.76102,0.80394,0.04292,0.00334,0.0073,0.00803
CX2_36,5,666,0.76385,0.80357,0.03972,0.00334,0.00496,0.00598
CX2_36,5,668,0.76385,0.80317,0.03932,0.00334,0.00681,0.00759
CX2_36,5,669,0.76199,0.8039,0.04191,0.00334,0.00557,0.00649
CX2_36,5,670,0.76039,0.80467,0.04429,0.00334,0.00376,0.00502
CX2_36,5,671,0.76039,0.80541,0.04503,0.00334,0.00179,0.00378
CX2_36,5,672,0.76199,0.80561,0.04363,0.00334,0.00116,0.00353
CX2_36,5,673,0.76354,0.80588,0.04234,0.00334,0.0017,0.00374
CX2_36,5,674,0.76354,0.80688,0.04334,0.00334,0.00175,0.00377
CX2_36,5,675,0.76361,0.80737,0.04375,0.00334,0.00308,0.00454
CX2_36,5,676,0.76361,0.80732,0.04371,0.00334,0.00347,0.00481
CX2_36,5,677,0.76361,0.80754,0.04393,0.00334,0.00053,0.00338
CX2_36,5,678,0.76473,0.80844,0.04372,0.00334,0.00045,0.00337
CX2_36,5,679,0.76573,0.80869,0.04296,0.00334,0.00088,0.00345
CX2_36,5,680,0.76573,0.78509,0.01936,0.00334,0.00592,0.0068
CX2_36,5,681,0.76573,0.78409,0.01835,0.00334,0.01161,0.01208
CX2_36,5,682,0.73979,0.79595,0.05617,0.00334,0.01182,0.01228
CX2_36,5,683,0.73979,0.80183,0.06204,0.00334,0.00833,0.00898
CX2_36,5,684,0.73979,0.80298,0.06319,0.00334,0.0061,0.00696
CX2_36,5,685,0.73979,0.78763,0.04784,0.00334,0.00989,0.01044
CX2_36,5,686,0.73979,0.78854,0.04875,0.00334,0.00977,0.01033
CX2_36,5,687,0.70665,0.78931,0.08266,0.00334,0.01219,0.01264
CX2_36,5,688,0.70665,0.78995,0.0833,0.00334,0.01634,0.01668
CX2_36,5,689,0.70665,0.78863,0.08198,0.00334,0.0109,0.0114
CX2_36,5,690,0.70779,0.79854,0.09075,0.00334,0.01273,0.01316
CX2_36,5,691,0.70973,0.79972,0.08999,0.00334,0.01333,0.01374
CX2_36,5,692,0.71045,0.78976,0.0793,0.00334,0.00813,0.00879
CX2_36,5,693,0.71045,0.78638,0.07593,0.00334,0.00373,0.005
CX2_36,5,694,0.71045,0.78711,0.07666,0.00334,0.00506,0.00606
CX2_36,5,695,0.70836,0.78801,0.07964,0.00334,0.0012,0.00355
CX2_36,5,696,0.70828,0.78714,0.07886,0.00334,0.00303,0.00451
CX2_36,5,697,0.70828,0.79294,0.08466,0.00334,0.00178,0.00378
CX2_36,5,698,0.70836,0.79606,0.0877,0.00334,0.00359,0.0049
CX2_36,5,699,0.74455,0.79577,0.05122,0.00334,0.01103,0.01153
CX2_36,5,700,0.74455,0.78334,0.03879,0.00334,0.00692,0.00768
CX2_36,5,703,0.69482,0.78293,0.08811,0.00334,0.00261,0.00424
CX2_36,5,705,0.69367,0.78833,0.09466,0.00334,0.0118,0.01226
CX2_36,5,706,0.69651,0.79284,0.09632,0.00334,0.01206,0.01251
CX2_36,5,707,0.73093,0.79486,0.06393,0.00334,0.01361,0.01401
CX2_36,5,708,0.73093,0.78804,0.05711,0.00334,0.00879,0.0094
CX2_36,5,709,0.73093,0.78631,0.05538,0.00334,0.00797,0.00864
CX2_36,5,710,0.71824,0.78802,0.06978,0.00334,0.00779,0.00848
CX2_36,5,711,0.71662,0.78809,0.07146,0.00334,0.00652,0.00732
CX2_36,5,712,0.71662,0.78766,0.07103,0.00334,0.00427,0.00542
CX2_36,5,713,0.71824,0.79598,0.07775,0.00334,0.0085,0.00914
CX2_36,5,714,0.71898,0.79699,0.07801,0.00334,0.00819,0.00884
CX2_36,5,715,0.75429,0.79771,0.04342,0.00334,0.00906,0.00966
CX2_36,5,716,0.75478,0.79817,0.04339,0.00334,0.0065,0.00731
CX2_36,5,717,0.75649,0.79851,0.04202,0.00334,0.00396,0.00518
CX2_36,5,718,0.75662,0.79936,0.04273,0.00334,0.00393,0.00516
CX2_36,5,719,0.75728,0.80016,0.04288,0.00334,0.00387,0.00511
CX2_36,5,720,0.76016,0.80072,0.04056,0.00334,0.00511,0.0061
CX2_36,5,721,0.76025,0.80116,0.04091,0.00334,0.00296,0.00446
CX2_36,5,723,0.7608,0.80073,0.03993,0.00334,0.00352,0.00485
CX2_36,5,724,0.7608,0.80139,0.04059,0.00334,0.00304,0.00451
CX2_36,5,725,0.7608,0.80127,0.04047,0.00334,0.00161,0.0037
CX2_36,5,726,0.7608,0.8016,0.0408,0.00334,0.00042,0.00336
CX2_36,5,727,0.76108,0.80402,0.04294,0.00334,0.00133,0.00359
CX2_36,5,728,0.76237,0.80221,0.03983,0.00334,0.00213,0.00396
CX2_36,5,729,0.76237,0.80177,0.0394,0.00334,0.00246,0.00414
CX2_36,5,730,0.76237,0.79469,0.03231,0.00334,0.00118,0.00354
CX2_36,5,731,0.76226,0.79548,0.03323,0.00334,0.00073,0.00341
CX2_36,5,732,0.762,0.80289,0.04089,0.00334,0.0047,0.00577
CX2_36,5,733,0.762,0.80688,0.04489,0.00334,0.00348,0.00482
CX2_36,5,734,0.762,0.80695,0.04495,0.00334,0.00282,0.00437
CX2_36,5,735,0.762,0.7976,0.0356,0.00334,0.00442,0.00554
CX2_36,5,736,0.762,0.79453,0.03253,0.00334,0.00726,0.00799
CX2_36,5,737,0.73321,0.79524,0.06203,0.00334,0.00643,0.00724
CX2_36,5,738,0.73321,0.79522,0.06201,0.00334,0.0088,0.00941
CX2_36,5,739,0.73321,0.79447,0.06126,0.00334,0.00458,0.00566
CX2_36,5,740,0.73532,0.80539,0.07007,0.00334,0.00312,0.00457
CX2_36,5,741,0.73624,0.80644,0.0702,0.00334,0.00917,0.00976
CX2_36,5,742,0.74868,0.80108,0.0524,0.00334,0.00335,0.00473
CX2_36,5,743,0.74868,0.79509,0.04641,0.00334,0.00142,0.00363
CX2_36,5,744,0.74868,0.79352,0.04484,0.00334,0.00223,0.00401
CX2_36,5,745,0.74071,0.79118,0.05047,0.00334,0.00156,0.00368
CX2_36,5,746,0.73657,0.79129,0.05472,0.00334,0.0031,0.00455
CX2_36,5,747,0.73657,0.79623,0.05966,0.00334,0.00498,0.006
CX2_36,5,748,0.73657,0.80344,0.06687,0.00334,0.00604,0.0069
CX2_36,5,749,0.74624,0.80339,0.05714,0.00334,0.00897,0.00957
CX2_36,5,750,0.74624,0.79418,0.04794,0.00334,0.00537,0.00632
CX2_36,5,751,0.74624,0.78962,0.04337,0.00334,0.00497,0.00599
CX2_36,5,752,0.77022,0.80706,0.03684,0.00334,0.00702,0.00778
CX2_36,5,753,0.73628,0.7946,0.05832,0.00334,0.00616,0.00701
CX2_36,5,755,0.72593,0.7949,0.06897,0.00334,0.01291,0.01333
CX2_36,5,756,0.75139,0.80229,0.0509,0.00334,0.01215,0.0126
CX2_36,5,757,0.75139,0.80372,0.05233,0.00334,0.00595,0.00683
CX2_36,5,763,0.68001,0.78571,0.1057,0.00334,0.00705,0.0078
CX2_36,5,764,0.68001,0.78974,0.10972,0.00334,0.01505,0.01542
CX2_37,5,1,0.99617,0.99979,0.00362,0.00158,,
CX2_37,5,2,0.98842,0.99521,0.00679,0.00158,,
CX2_37,5,3,0.98504,0.98988,0.00485,0.00158,,
CX2_37,5,4,0.98285,0.98803,0.00518,0.00158,0.00082,0.00178
CX2_37,5,5,0.98067,0.9856,0.00493,0.00158,0.00103,0.00189
CX2_37,5,6,0.98049,0.9834,0.0029,0.00158,0.00093,0.00184
CX2_37,5,7,0.98049,0.98762,0.00713,0.00158,0.00123,0.002
CX2_37,5,8,0.98015,0.98779,0.00764,0.00158,0.00167,0.0023
CX2_37,5,9,0.98015,0.9815,0.00135,0.00158,0.00121,0.00199
CX2_37,5,10,0.97796,0.97912,0.00116,0.00158,0.00095,0.00184
CX2_37,5,11,0.97133,0.9777,0.00637,0.00158,0.00103,0.00189
CX2_37,5,12,0.9689,0.97624,0.00734,0.00158,0.00044,0.00164
CX2_37,5,13,0.9689,0.97831,0.00941,0.00158,0.00171,0.00233
CX2_37,5,14,0.96877,0.83491,0.13386,0.00158,0.00199,0.00254
CX2_37,5,15,0.96877,0.9806,0.01183,0.00158,0.00185,0.00243
CX2_37,5,16,0.96568,0.97369,0.00801,0.00158,0.0018,0.00239
CX2_37,5,17,0.95959,0.97225,0.01266,0.00158,0.00126,0.00202
CX2_37,5,18,0.95932,0.97126,0.01194,0.00158,0.00067,0.00172
CX2_37,5,19,0.95932,0.96971,0.01039,0.00158,0.00045,0.00164
CX2_37,5,20,0.95932,0.97262,0.0133,0.00158,0.00177,0.00237
CX2_37,5,21,0.95932,0.97422,0.0149,0.00158,0.00248,0.00294
CX2_37,5,22,0.96159,0.97448,0.0129,0.00158,0.00234,0.00283
CX2_37,5,23,0.96159,0.97447,0.01288,0.00158,0.00138,0.0021
CX2_37,5,24,0.96159,0.97444,0.01285,0.00158,0.0017,0.00232
CX2_37,5,25,0.96082,0.97435,0.01353,0.00158,0.00044,0.00164
CX2_37,5,26,0.96065,0.97426,0.01361,0.00158,0.00059,0.00169
CX2_37,5,27,0.95979,0.97394,0.01415,0.00158,0.00086,0.0018
CX2_37,5,28,0.9589,0.97351,0.01462,0.00158,0.00052,0.00166
CX2_37,5,29,0.95785,0.97327,0.01542,0.00158,0.00019,0.00159
CX2_37,5,30,0.95729,0.97282,0.01553,0.00158,0.00014,0.00159
CX2_37,5,31,0.95648,0.97247,0.01599,0.00158,8e-05,0.00158
CX2_37,5,32,0.95609,0.97234,0.01625,0.00158,8e-05,0.00158
CX2_37,5,33,0.955,0.97196,0.01696,0.00158,4e-05,0.00158
CX2_37,5,34,0.95419,0.97148,0.01729,0.00158,6e-05,0.00158
CX2_37,5,35,0.95349,0.97108,0.01759,0.00158,7e-05,0.00158
CX2_37,5,36,0.95315,0.96378,0.01063,0.00158,0.00042,0.00164
CX2_37,5,37,0.95223,0.81637,0.13586,0.00158,0.00305,0.00344
CX2_37,5,38,0.9455,0.96091,0.01541,0.00158,0.00242,0.00289
CX2_37,5,39,0.94215,0.95972,0.01757,0.00158,0.00183,0.00242
CX2_37,5,40,0.94215,0.96007,0.01792,0.00158,0.00066,0.00172
CX2_37,5,41,0.94215,0.96392,0.02178,0.00158,0.0024,0.00288
CX2_37,5,42,0.94706,0.96447,0.01741,0.00158,0.00159,0.00224
CX2_37,5,43,0.94706,0.95757,0.01051,0.00158,0.00303,0.00341
CX2_37,5,44,0.94706,0.95582,0.00876,0.00158,0.00267,0.0031
CX2_37,5,45,0.93991,0.9548,0.01489,0.00158,0.00316,0.00354
CX2_37,5,46,0.93896,0.95285,0.01389,0.00158,0.00339,0.00374
CX2_37,5,47,0.93896,0.95695,0.01799,0.00158,0.00245,0.00291
CX2_37,5,48,0.93991,0.95875,0.01884,0.00158,0.00248,0.00294
CX2_37,5,49,0.94047,0.98234,0.04187,0.00158,0.00304,0.00343
CX2_37,5,50,0.94419,0.98026,0.03607,0.00158,0.00588,0.00609
CX2_37,5,51,0.96601,0.982,0.01599,0.00158,0.00437,0.00465
CX2_37,5,52,0.96601,0.9809,0.01489,0.00158,0.0039,0.00421
CX2_37,5,53,0.96601,0.97369,0.00768,0.00158,0.00441,0.00468
CX2_37,5,54,0.96462,0.97095,0.00633,0.00158,0.0048,0.00505
CX2_37,5,55,0.95366,0.96931,0.01564,0.00158,0.00474,0.005
CX2_37,5,56,0.9534,0.96555,0.01215,0.00158,0.00605,0.00625
CX2_37,5,57,0.95141,0.96438,0.01297,0.00158,0.00263,0.00307
CX2_37,5,58,0.9479,0.96305,0.01515,0.00158,0.00155,0.00221
CX2_37,5,59,0.94317,0.95991,0.01674,0.00158,0.0015,0.00218
CX2_37,5,60,0.93457,0.95729,0.02272,0.00158,0.00131,0.00205
CX2_37,5,61,0.9339,0.95616,0.02226,0.00158,0.00161,0.00226
CX2_37,5,62,0.93215,0.95448,0.02233,0.00158,0.00102,0.00188
CX2_37,5,63,0.93211,0.9518,0.0197,0.00158,0.00116,0.00196
CX2_37,5,64,0.92745,0.95241,0.02497,0.00158,0.00211,0.00264
CX2_37,5,65,0.92745,0.95169,0.02424,0.00158,0.00216,0.00268
CX2_37,5,66,0.92723,0.79601,0.13121,0.00158,0.00094,0.00184
CX2_37,5,67,0.92208,0.94798,0.0259,0.00158,0.00246,0.00292
CX2_37,5,68,0.92253,0.94742,0.0249,0.00158,0.00258,0.00302
CX2_37,5,69,0.92132,0.94664,0.02532,0.00158,0.002,0.00255
CX2_37,5,70,0.92052,0.94446,0.02394,0.00158,0.00084,0.00179
CX2_37,5,71,0.92132,0.9461,0.02478,0.00158,0.00152,0.00219
CX2_37,5,72,0.92151,0.94529,0.02378,0.00158,0.00084,0.00179
CX2_37,5,73,0.92101,0.94441,0.0234,0.00158,0.00125,0.00201
CX2_37,5,74,0.92101,0.94354,0.02253,0.00158,0.00224,0.00274
CX2_37,5,75,0.92101,0.94289,0.02188,0.00158,0.00325,0.00362
CX2_37,5,76,0.92036,0.94259,0.02223,0.00158,0.00047,0.00165
CX2_37,5,77,0.9196,0.94143,0.02182,0.00158,0.0005,0.00166
CX2_37,5,78,0.91818,0.94057,0.0224,0.00158,0.00083,0.00179
CX2_37,5,79,0.91631,0.93975,0.02344,0.00158,0.00071,0.00173
CX2_37,5,80,0.91471,0.93895,0.02424,0.00158,0.00024,0.0016
CX2_37,5,81,0.91441,0.93827,0.02386,0.00158,0.00021,0.0016
CX2_37,5,82,0.9142,0.93766,0.02346,0.00158,0.00024,0.0016
CX2_37,5,83,0.91318,0.93743,0.02425,0.00158,0.00024,0.0016
CX2_37,5,84,0.91293,0.9363,0.02337,0.00158,0.00027,0.0016
CX2_37,5,85,0.91289,0.93561,0.02272,0.00158,0.00013,0.00159
CX2_37,5,86,0.91142,0.9337,0.02228,0.00158,0.00096,0.00185
CX2_37,5,87,0.90998,0.92973,0.01975,0.00158,0.00188,0.00246
CX2_37,5,88,0.89965,0.92865,0.029,0.00158,0.00122,0.002
CX2_37,5,89,0.89905,0.92757,0.02852,0.00158,0.00112,0.00194
CX2_37,5,90,0.89905,0.92904,0.02999,0.00158,0.0017,0.00232
CX2_37,5,91,0.89905,0.93074,0.03169,0.00158,0.00156,0.00222
CX2_37,5,92,0.9019,0.93042,0.02852,0.00158,0.0014,0.00211
CX2_37,5,93,0.90347,0.93473,0.03126,0.00158,0.00205,0.00259
CX2_37,5,94,0.9048,0.9353,0.0305,0.00158,0.00151,0.00218
CX2_37,5,95,0.90551,0.93075,0.02524,0.00158,0.00139,0.00211
CX2_37,5,96,0.90681,0.92966,0.02285,0.00158,0.00125,0.00201
CX2_37,5,97,0.91045,0.92968,0.01924,0.00158,0.001,0.00187
CX2_37,5,98,0.90681,0.92803,0.02122,0.00158,0.00136,0.00208
CX2_37,5,99,0.90551,0.92684,0.02133,0.00158,0.00157,0.00223
CX2_37,5,100,0.90681,0.93146,0.02465,0.00158,0.00224,0.00274
CX2_37,5,101,0.91045,0.93197,0.02153,0.00158,0.00249,0.00295
CX2_37,5,102,0.90157,0.92507,0.0235,0.00158,0.00234,0.00282
CX2_37,5,103,0.90157,0.92417,0.0226,0.00158,0.00164,0.00227
CX2_37,5,104,0.90066,0.9238,0.02314,0.00158,0.00136,0.00209
CX2_37,5,105,0.89675,0.92212,0.02536,0.00158,0.00184,0.00243
CX2_37,5,106,0.89675,0.92214,0.02539,0.00158,0.00274,0.00317
CX2_37,5,107,0.90066,0.92665,0.02599,0.00158,0.00291,0.00331
CX2_37,5,108,0.90465,0.92733,0.02268,0.00158,0.00381,0.00413
CX2_37,5,109,0.90465,0.91948,0.01483,0.00158,0.00362,0.00395
CX2_37,5,110,0.90465,0.91869,0.01404,0.00158,0.0031,0.00348
CX2_37,5,111,0.89026,0.91866,0.0284,0.00158,0.0021,0.00263
CX2_37,5,112,0.88807,0.91605,0.02798,0.00158,0.00282,0.00324
CX2_37,5,113,0.88807,0.91875,0.03068,0.00158,0.00397,0.00428
CX2_37,5,114,0.89026,0.92141,0.03115,0.00158,0.00453,0.0048
CX2_37,5,115,0.89519,0.92186,0.02667,0.00158,0.00188,0.00246
CX2_37,5,116,0.8952,0.9233,0.0281,0.00158,0.00365,0.00398
CX2_37,5,117,0.8975,0.92389,0.02639,0.00158,0.00224,0.00274
CX2_37,5,118,0.8975,0.9243,0.0268,0.00158,0.00043,0.00164
CX2_37,5,119,0.898,0.92464,0.02664,0.00158,0.00061,0.00169
CX2_37,5,120,0.89846,0.92522,0.02676,0.00158,0.00063,0.0017
CX2_37,5,121,0.89846,0.92514,0.02667,0.00158,0.00077,0.00176
CX2_37,5,122,0.89877,0.9253,0.02653,0.00158,0.00021,0.0016
CX2_37,5,123,0.89877,0.92537,0.0266,0.00158,0.00034,0.00162
CX2_37,5,124,0.89879,0.92534,0.02655,0.00158,0.00027,0.00161
CX2_37,5,125,0.89852,0.92536,0.02684,0.00158,0.00015,0.00159
CX2_37,5,126,0.89852,0.92533,0.02681,0.00158,0.00011,0.00159
CX2_37,5,127,0.89842,0.92529,0.02687,0.00158,0.00013,0.00159
CX2_37,5,128,0.89842,0.92523,0.02681,0.00158,7e-05,0.00158
CX2_37,5,129,0.89821,0.92229,0.02409,0.00158,0.00149,0.00218
CX2_37,5,130,0.89819,0.91386,0.01568,0.00158,0.00266,0.00309
CX2_37,5,131,0.88002,0.91315,0.03312,0.00158,0.00203,0.00258
CX2_37,5,132,0.87871,0.91254,0.03383,0.00158,0.00222,0.00272
CX2_37,5,133,0.87809,0.91091,0.03282,0.00158,0.00179,0.00239
CX2_37,5,135,0.87754,0.91813,0.04059,0.00158,0.00262,0.00306
CX2_37,5,136,0.87754,0.91899,0.04146,0.00158,0.0049,0.00515
CX2_37,5,137,0.87034,0.91029,0.03996,0.00158,0.00204,0.00258
CX2_37,5,138,0.88029,0.91043,0.03013,0.00158,0.00277,0.00319
CX2_37,5,139,0.88029,0.91003,0.02974,0.00158,0.00335,0.0037
CX2_37,5,140,0.88029,0.92743,0.04713,0.00158,0.00605,0.00626
CX2_37,5,142,0.88029,0.93334,0.05304,0.00158,0.00792,0.00807
CX2_37,5,143,0.89911,0.93349,0.03438,0.00158,0.0079,0.00805
CX2_37,5,144,0.89911,0.92463,0.02552,0.00158,0.00673,0.00691
CX2_37,5,145,0.89304,0.92336,0.03032,0.00158,0.0071,0.00728
CX2_37,5,146,0.89304,0.92198,0.02894,0.00158,0.00373,0.00405
CX2_37,5,147,0.88958,0.92077,0.03119,0.00158,0.00314,0.00352
CX2_37,5,148,0.88958,0.92038,0.0308,0.00158,0.00372,0.00404
CX2_37,5,149,0.89304,0.92492,0.03188,0.00158,0.00457,0.00484
CX2_37,5,150,0.90262,0.92533,0.02271,0.00158,0.00263,0.00307
CX2_37,5,151,0.90262,0.91626,0.01364,0.00158,0.005,0.00524
CX2_37,5,152,0.90262,0.9155,0.01289,0.00158,0.00331,0.00367
CX2_37,5,153,0.88152,0.91538,0.03386,0.00158,0.00145,0.00214
CX2_37,5,154,0.88084,0.91362,0.03278,0.00158,0.00175,0.00236
CX2_37,5,155,0.88084,0.9156,0.03476,0.00158,0.00327,0.00364
CX2_37,5,156,0.88152,0.91875,0.03723,0.00158,0.00536,0.00559
CX2_37,5,157,0.89451,0.91916,0.02466,0.00158,0.00102,0.00188
CX2_37,5,158,0.89451,0.9192,0.02469,0.00158,0.00467,0.00493
CX2_37,5,159,0.89451,0.91907,0.02457,0.00158,0.00346,0.0038
CX2_37,5,160,0.89389,0.91931,0.02541,0.00158,0.00176,0.00236
CX2_37,5,161,0.89323,0.9194,0.02617,0.00158,0.00157,0.00223
CX2_37,5,162,0.89302,0.91947,0.02645,0.00158,0.00173,0.00235
CX2_37,5,163,0.89285,0.91916,0.02631,0.00158,0.00142,0.00213
CX2_37,5,164,0.89285,0.91875,0.0259,0.00158,0.00019,0.00159
CX2_37,5,165,0.89237,0.91847,0.02611,0.00158,0.00012,0.00159
CX2_37,5,166,0.89177,0.9183,0.02653,0.00158,0.00014,0.00159
CX2_37,5,167,0.89133,0.91817,0.02684,0.00158,0.00012,0.00159
CX2_37,5,168,0.89098,0.91808,0.02711,0.00158,0.00012,0.00159
CX2_37,5,169,0.89098,0.91815,0.02718,0.00158,0.00011,0.00159
CX2_37,5,170,0.89084,0.91874,0.0279,0.00158,0.0002,0.00159
CX2_37,5,171,0.89068,0.91725,0.02656,0.00158,0.00018,0.00159
CX2_37,5,172,0.89041,0.90787,0.01747,0.00158,0.00137,0.00209
CX2_37,5,173,0.88566,0.90731,0.02165,0.00158,0.00278,0.0032
CX2_37,5,174,0.86991,0.90558,0.03566,0.00158,0.00227,0.00277
CX2_37,5,175,0.86924,0.90386,0.03462,0.00158,0.00175,0.00236
CX2_37,5,176,0.86924,0.90731,0.03807,0.00158,0.00297,0.00337
CX2_37,5,177,0.86991,0.91028,0.04037,0.00158,0.00482,0.00507
CX2_37,5,178,0.87563,0.90972,0.0341,0.00158,0.00221,0.00272
CX2_37,5,179,0.87563,0.90082,0.02519,0.00158,0.00478,0.00503
CX2_37,5,180,0.87563,0.90098,0.02535,0.00158,0.00429,0.00457
CX2_37,5,181,0.86638,0.90035,0.03398,0.00158,0.00273,0.00315
CX2_37,5,182,0.86415,0.89946,0.0353,0.00158,0.00262,0.00306
CX2_37,5,183,0.86415,0.90294,0.03879,0.00158,0.00351,0.00385
CX2_37,5,184,0.86638,0.90604,0.03966,0.00158,0.00511,0.00535
CX2_37,5,185,0.87517,0.90572,0.03055,0.00158,0.00311,0.00349
CX2_37,5,186,0.87517,0.89815,0.02298,0.00158,0.00481,0.00507
CX2_37,5,187,0.87517,0.89872,0.02354,0.00158,0.00336,0.00371
CX2_37,5,188,0.86811,0.89894,0.03083,0.00158,0.00177,0.00238
CX2_37,5,189,0.86683,0.89789,0.03107,0.00158,0.00219,0.0027
CX2_37,5,190,0.86683,0.91609,0.04926,0.00158,0.00365,0.00398
CX2_37,5,191,0.86811,0.9211,0.05299,0.00158,0.00588,0.00609
CX2_37,5,192,0.89051,0.9235,0.03299,0.00158,0.00689,0.00707
CX2_37,5,193,0.89051,0.92003,0.02952,0.00158,0.00657,0.00676
CX2_37,5,194,0.89051,0.91331,0.0228,0.00158,0.00477,0.00502
CX2_37,5,195,0.87902,0.91371,0.03469,0.00158,0.00304,0.00343
CX2_37,5,196,0.87902,0.91834,0.03933,0.00158,0.00377,0.00409
CX2_37,5,197,0.87902,0.92007,0.04106,0.00158,0.00434,0.00462
CX2_37,5,198,0.89405,0.91939,0.02534,0.00158,0.00717,0.00734
CX2_37,5,199,0.89405,0.91891,0.02487,0.00158,0.00376,0.00408
CX2_37,5,200,0.89405,0.91863,0.02459,0.00158,0.00288,0.00329
CX2_37,5,201,0.89376,0.91829,0.02453,0.00158,0.00289,0.00329
CX2_37,5,202,0.89333,0.91792,0.02459,0.00158,0.00194,0.0025
CX2_37,5,203,0.89329,0.91818,0.0249,0.00158,0.00202,0.00257
CX2_37,5,204,0.89277,0.91781,0.02504,0.00158,0.00093,0.00184
CX2_37,5,205,0.89264,0.91732,0.02469,0.00158,0.00032,0.00161
CX2_37,5,206,0.89264,0.91692,0.02428,0.00158,0.00028,0.00161
CX2_37,5,207,0.89221,0.91648,0.02427,0.00158,0.00024,0.0016
CX2_37,5,208,0.8912,0.9162,0.025,0.00158,0.00024,0.0016
CX2_37,5,209,0.89079,0.91594,0.02515,0.00158,0.00015,0.00159
CX2_37,5,210,0.89069,0.91576,0.02507,0.00158,0.00014,0.00159
CX2_37,5,211,0.8899,0.91524,0.02534,0.00158,0.00017,0.00159
CX2_37,5,212,0.88984,0.91484,0.025,0.00158,0.0001,0.00158
CX2_37,5,213,0.88872,0.91455,0.02583,0.00158,0.00014,0.00159
CX2_37,5,214,0.88806,0.9109,0.02284,0.00158,0.0013,0.00204
CX2_37,5,215,0.88804,0.90392,0.01588,0.00158,0.00216,0.00268
CX2_37,5,216,0.8716,0.90354,0.03194,0.00158,0.00187,0.00245
CX2_37,5,217,0.87098,0.90129,0.03031,0.00158,0.00176,0.00237
CX2_37,5,218,0.87068,0.89927,0.02859,0.00158,0.00163,0.00227
CX2_37,5,219,0.87098,0.90438,0.03339,0.00158,0.00281,0.00322
CX2_37,5,220,0.87098,0.90661,0.03563,0.00158,0.00435,0.00463
CX2_37,5,221,0.86335,0.90432,0.04098,0.00158,0.00392,0.00423
CX2_37,5,222,0.86126,0.8972,0.03594,0.00158,0.00185,0.00243
CX2_37,5,223,0.8642,0.89745,0.03325,0.00158,0.00268,0.00311
CX2_37,5,224,0.8642,0.89731,0.0331,0.00158,0.00314,0.00351
CX2_37,5,225,0.86126,0.8942,0.03294,0.00158,0.00234,0.00283
CX2_37,5,226,0.8642,0.89865,0.03444,0.00158,0.00261,0.00305
CX2_37,5,227,0.8662,0.90138,0.03518,0.00158,0.00437,0.00465
CX2_37,5,228,0.8662,0.89947,0.03327,0.00158,0.00428,0.00456
CX2_37,5,229,0.8574,0.89156,0.03416,0.00158,0.00272,0.00315
CX2_37,5,230,0.85954,0.89185,0.03231,0.00158,0.00228,0.00277
CX2_37,5,231,0.8574,0.89016,0.03275,0.00158,0.00236,0.00284
CX2_37,5,232,0.85275,0.8893,0.03654,0.00158,0.00145,0.00215
CX2_37,5,233,0.85275,0.89334,0.04059,0.00158,0.00296,0.00335
CX2_37,5,234,0.85954,0.89653,0.03699,0.00158,0.00371,0.00403
CX2_37,5,235,0.85891,0.8957,0.03679,0.00158,0.00494,0.00519
CX2_37,5,236,0.85891,0.88778,0.02887,0.00158,0.0031,0.00348
CX2_37,5,237,0.85891,0.88818,0.02927,0.00158,0.00223,0.00273
CX2_37,5,238,0.8569,0.88887,0.03197,0.00158,0.00222,0.00273
CX2_37,5,239,0.85625,0.88845,0.0322,0.00158,0.00332,0.00368
CX2_37,5,240,0.85625,0.90063,0.04437,0.00158,0.00194,0.00251
CX2_37,5,241,0.8569,0.90136,0.04446,0.00158,0.00382,0.00413
CX2_37,5,242,0.85879,0.9003,0.04151,0.00158,0.00436,0.00464
CX2_37,5,243,0.86756,0.90406,0.0365,0.00158,0.00331,0.00367
CX2_37,5,244,0.86865,0.91061,0.04196,0.00158,0.00244,0.00291
CX2_37,5,245,0.88195,0.91158,0.02962,0.00158,0.00084,0.00179
CX2_37,5,246,0.88195,0.90113,0.01918,0.00158,0.00394,0.00424
CX2_37,5,247,0.88195,0.89978,0.01783,0.00158,0.00526,0.00549
CX2_37,5,248,0.85281,0.89849,0.04568,0.00158,0.00321,0.00358
CX2_37,5,249,0.85281,0.90263,0.04982,0.00158,0.00352,0.00385
CX2_37,5,250,0.85271,0.89595,0.04325,0.00158,0.00333,0.00369
CX2_37,5,251,0.8501,0.89527,0.04517,0.00158,0.00572,0.00594
CX2_37,5,252,0.8501,0.89867,0.04857,0.00158,0.00628,0.00648
CX2_37,5,253,0.86371,0.90245,0.03875,0.00158,0.00527,0.0055
CX2_37,5,254,0.87306,0.90316,0.0301,0.00158,0.0056,0.00582
CX2_37,5,255,0.87306,0.8926,0.01955,0.00158,0.00586,0.00607
CX2_37,5,256,0.87306,0.89194,0.01889,0.00158,0.00516,0.0054
CX2_37,5,257,0.85255,0.89002,0.03747,0.00158,0.00359,0.00392
CX2_37,5,258,0.8454,0.889,0.0436,0.00158,0.00416,0.00445
CX2_37,5,260,0.84293,0.89325,0.05032,0.00158,0.00414,0.00443
CX2_37,5,261,0.84293,0.89428,0.05134,0.00158,0.00423,0.00452
CX2_37,5,262,0.83646,0.88589,0.04943,0.00158,0.00491,0.00516
CX2_37,5,263,0.82413,0.88313,0.059,0.00158,0.00343,0.00378
CX2_37,5,264,0.82413,0.8829,0.05877,0.00158,0.00221,0.00272
CX2_37,5,265,0.82363,0.88251,0.05889,0.00158,0.00351,0.00385
CX2_37,5,266,0.82085,0.88044,0.05959,0.00158,0.00354,0.00388
CX2_37,5,267,0.82085,0.88727,0.06642,0.00158,0.00747,0.00764
CX2_37,5,268,0.82363,0.88833,0.06471,0.00158,0.00486,0.00511
CX2_37,5,269,0.84632,0.8888,0.04248,0.00158,0.00853,0.00867
CX2_37,5,270,0.85226,0.88904,0.03678,0.00158,0.00504,0.00529
CX2_37,5,271,0.85317,0.88939,0.03622,0.00158,0.00338,0.00373
CX2_37,5,272,0.85441,0.88969,0.03527,0.00158,0.00263,0.00307
CX2_37,5,273,0.85652,0.89009,0.03357,0.00158,0.00298,0.00337
CX2_37,5,274,0.85689,0.89021,0.03332,0.00158,0.00385,0.00416
CX2_37,5,275,0.85724,0.8904,0.03315,0.00158,0.00184,0.00243
CX2_37,5,276,0.85724,0.88997,0.03273,0.00158,0.00056,0.00168
CX2_37,5,277,0.85724,0.88985,0.0326,0.00158,0.00065,0.00171
CX2_37,5,278,0.85723,0.89057,0.03334,0.00158,0.00051,0.00166
CX2_37,5,279,0.85704,0.89029,0.03325,0.00158,0.00028,0.00161
CX2_37,5,280,0.85704,0.89071,0.03367,0.00158,0.00031,0.00161
CX2_37,5,281,0.85723,0.89113,0.03389,0.00158,0.00032,0.00161
CX2_37,5,282,0.85781,0.89133,0.03352,0.00158,0.00046,0.00165
CX2_37,5,283,0.85781,0.88455,0.02674,0.00158,0.00192,0.00249
CX2_37,5,284,0.85781,0.87726,0.01945,0.00158,0.00427,0.00455
CX2_37,5,285,0.82906,0.87775,0.0487,0.00158,0.00436,0.00464
CX2_37,5,286,0.82829,0.87671,0.04842,0.00158,0.00418,0.00447
CX2_37,5,287,0.82438,0.8747,0.05033,0.00158,0.00326,0.00362
CX2_37,5,288,0.82438,0.88135,0.05697,0.00158,0.00476,0.00502
CX2_37,5,289,0.82829,0.88393,0.05564,0.00158,0.00786,0.00802
CX2_37,5,290,0.82559,0.88087,0.05528,0.00158,0.00644,0.00663
CX2_37,5,291,0.82559,0.87302,0.04743,0.00158,0.00311,0.00349
CX2_37,5,292,0.82559,0.87309,0.04749,0.00158,0.00262,0.00306
CX2_37,5,293,0.82252,0.87283,0.05031,0.00158,0.00243,0.0029
CX2_37,5,294,0.8211,0.87189,0.0508,0.00158,0.00179,0.00239
CX2_37,5,295,0.8211,0.87573,0.05463,0.00158,0.00241,0.00288
CX2_37,5,296,0.82252,0.87901,0.05649,0.00158,0.00342,0.00377
CX2_37,5,297,0.84005,0.87835,0.0383,0.00158,0.00691,0.00709
CX2_37,5,298,0.84005,0.86794,0.02788,0.00158,0.00558,0.0058
CX2_37,5,299,0.84005,0.88354,0.04349,0.00158,0.00384,0.00415
CX2_37,5,300,0.83983,0.88359,0.04376,0.00158,0.00365,0.00398
CX2_37,5,302,0.83758,0.89022,0.05265,0.00158,0.00658,0.00677
CX2_37,5,303,0.83983,0.89121,0.05138,0.00158,0.00603,0.00623
CX2_37,5,304,0.83758,0.88166,0.04409,0.00158,0.00465,0.00491
CX2_37,5,305,0.82746,0.87971,0.05225,0.00158,0.00653,0.00672
CX2_37,5,306,0.82746,0.8788,0.05133,0.00158,0.0058,0.00602
CX2_37,5,307,0.8271,0.87759,0.05049,0.00158,0.00826,0.00841
CX2_37,5,308,0.82511,0.87674,0.05162,0.00158,0.00278,0.0032
CX2_37,5,309,0.82511,0.883,0.05789,0.00158,0.00579,0.006
CX2_37,5,310,0.82511,0.88379,0.05867,0.00158,0.0054,0.00563
CX2_37,5,311,0.84598,0.88416,0.03818,0.00158,0.00716,0.00733
CX2_37,5,312,0.84726,0.8842,0.03695,0.00158,0.00383,0.00414
CX2_37,5,313,0.84738,0.88465,0.03728,0.00158,0.00273,0.00315
CX2_37,5,314,0.84864,0.88464,0.036,0.00158,0.00263,0.00307
CX2_37,5,315,0.85035,0.88457,0.03421,0.00158,0.00301,0.0034
CX2_37,5,316,0.85074,0.88424,0.03351,0.00158,0.00313,0.0035
CX2_37,5,317,0.85074,0.8839,0.03317,0.00158,0.00151,0.00218
CX2_37,5,318,0.85074,0.88369,0.03295,0.00158,0.00048,0.00165
CX2_37,5,319,0.85015,0.88338,0.03323,0.00158,0.00069,0.00173
CX2_37,5,320,0.85002,0.88335,0.03333,0.00158,0.00055,0.00168
CX2_37,5,321,0.84961,0.88335,0.03373,0.00158,0.0003,0.00161
CX2_37,5,323,0.84879,0.88324,0.03445,0.00158,0.00288,0.00329
CX2_37,5,324,0.84643,0.88319,0.03677,0.00158,0.00232,0.00281
CX2_37,5,325,0.84607,0.87993,0.03386,0.00158,0.0032,0.00357
CX2_37,5,326,0.82496,0.87017,0.04521,0.00158,0.0043,0.00458
CX2_37,5,327,0.82496,0.86913,0.04418,0.00158,0.00442,0.00469
CX2_37,5,328,0.80521,0.868,0.06279,0.00158,0.00365,0.00398
CX2_37,5,329,0.80479,0.86619,0.0614,0.00158,0.00339,0.00374
CX2_37,5,330,0.80479,0.87091,0.06613,0.00158,0.00749,0.00766
CX2_37,5,331,0.80479,0.87483,0.07004,0.00158,0.00992,0.01004
CX2_37,5,332,0.82958,0.87525,0.04567,0.00158,0.00843,0.00858
CX2_37,5,333,0.82958,0.86561,0.03603,0.00158,0.00795,0.00811
CX2_37,5,334,0.82958,0.86464,0.03506,0.00158,0.00523,0.00546
CX2_37,5,335,0.80939,0.86316,0.05377,0.00158,0.003,0.00339
CX2_37,5,336,0.80896,0.86345,0.05449,0.00158,0.00191,0.00248
CX2_37,5,337,0.80896,0.86579,0.05683,0.00158,0.00422,0.00451
CX2_37,5,338,0.80939,0.86943,0.06004,0.00158,0.00714,0.00731
CX2_37,5,339,0.82474,0.87206,0.04732,0.00158,0.00608,0.00629
CX2_37,5,340,0.82474,0.86287,0.03813,0.00158,0.00701,0.00718
CX2_37,5,341,0.82474,0.86074,0.036,0.00158,0.00198,0.00254
CX2_37,5,342,0.80561,0.85964,0.05403,0.00158,0.00179,0.00239
CX2_37,5,343,0.80436,0.8596,0.05524,0.00158,0.00154,0.00221
CX2_37,5,344,0.80436,0.86011,0.05575,0.00158,0.00341,0.00376
CX2_37,5,345,0.80436,0.86711,0.06275,0.00158,0.00379,0.0041
CX2_37,5,346,0.80889,0.86836,0.05946,0.00158,0.00729,0.00746
CX2_37,5,347,0.80889,0.85949,0.0506,0.00158,0.00322,0.00359
CX2_37,5,348,0.80889,0.85796,0.04907,0.00158,0.00181,0.0024
CX2_37,5,349,0.8073,0.85895,0.05165,0.00158,0.0021,0.00263
CX2_37,5,350,0.80485,0.85773,0.05289,0.00158,0.00129,0.00204
CX2_37,5,351,0.80459,0.85515,0.05056,0.00158,0.00274,0.00316
CX2_37,5,352,0.80485,0.86348,0.05864,0.00158,0.00298,0.00337
CX2_37,5,353,0.8073,0.86533,0.05802,0.00158,0.00524,0.00547
CX2_37,5,354,0.80459,0.85785,0.05326,0.00158,0.00642,0.00661
CX2_37,5,355,0.80344,0.85462,0.05118,0.00158,0.00265,0.00309
CX2_37,5,356,0.80344,0.85469,0.05125,0.00158,0.00247,0.00294
CX2_37,5,357,0.79724,0.85406,0.05681,0.00158,0.00152,0.00219
CX2_37,5,358,0.79412,0.85274,0.05863,0.00158,0.00103,0.00189
CX2_37,5,359,0.79412,0.86029,0.06617,0.00158,0.00285,0.00326
CX2_37,5,361,0.79412,0.8625,0.06839,0.00158,0.0055,0.00573
CX2_37,5,362,0.81914,0.86324,0.0441,0.00158,0.00834,0.00849
CX2_37,5,363,0.81956,0.86381,0.04424,0.00158,0.00387,0.00418
CX2_37,5,364,0.82227,0.86531,0.04304,0.00158,0.00233,0.00282
CX2_37,5,365,0.82441,0.86599,0.04158,0.00158,0.00218,0.00269
CX2_37,5,366,0.82896,0.86658,0.03762,0.00158,0.00284,0.00325
CX2_37,5,367,0.83042,0.86695,0.03653,0.00158,0.00331,0.00367
CX2_37,5,368,0.83133,0.86731,0.03598,0.00158,0.00248,0.00294
CX2_37,5,369,0.832,0.8676,0.0356,0.00158,0.00369,0.00402
CX2_37,5,370,0.83205,0.86777,0.03572,0.00158,0.00085,0.0018
CX2_37,5,371,0.83313,0.86803,0.0349,0.00158,0.00087,0.0018
CX2_37,5,372,0.83313,0.86844,0.03531,0.00158,0.00037,0.00162
CX2_37,5,373,0.8341,0.86882,0.03472,0.00158,0.00036,0.00162
CX2_37,5,374,0.83528,0.86889,0.03361,0.00158,0.00028,0.00161
CX2_37,5,375,0.8356,0.86902,0.03342,0.00158,0.0002,0.00159
CX2_37,5,376,0.8356,0.85812,0.02252,0.00158,0.00296,0.00336
CX2_37,5,377,0.8356,0.85508,0.01948,0.00158,0.00586,0.00607
CX2_37,5,378,0.80024,0.85448,0.05424,0.00158,0.00501,0.00526
CX2_37,5,379,0.79239,0.85357,0.06118,0.00158,0.004,0.0043
CX2_37,5,380,0.79235,0.85188,0.05953,0.00158,0.00381,0.00413
CX2_37,5,381,0.79235,0.86011,0.06776,0.00158,0.00514,0.00537
CX2_37,5,382,0.79239,0.86232,0.06994,0.00158,0.00932,0.00946
CX2_37,5,383,0.7926,0.85663,0.06403,0.00158,0.00762,0.00778
CX2_37,5,384,0.7926,0.85179,0.0592,0.00158,0.004,0.0043
CX2_37,5,385,0.80143,0.8532,0.05177,0.00158,0.00318,0.00355
CX2_37,5,386,0.79904,0.85235,0.05331,0.00158,0.00189,0.00247
CX2_37,5,387,0.7926,0.8506,0.058,0.00158,0.00294,0.00334
CX2_37,5,388,0.79904,0.85678,0.05774,0.00158,0.00443,0.00471
CX2_37,5,389,0.80143,0.86001,0.05858,0.00158,0.00703,0.00721
CX2_37,5,390,0.80776,0.85899,0.05123,0.00158,0.00708,0.00726
CX2_37,5,391,0.80776,0.85113,0.04338,0.00158,0.00585,0.00606
CX2_37,5,392,0.80776,0.85145,0.04369,0.00158,0.00472,0.00498
CX2_37,5,393,0.79628,0.85193,0.05564,0.00158,0.00433,0.00461
CX2_37,5,394,0.79628,0.85093,0.05465,0.00158,0.0034,0.00375
CX2_37,5,395,0.79628,0.85399,0.0577,0.00158,0.00508,0.00532
CX2_37,5,396,0.79731,0.85894,0.06163,0.00158,0.00626,0.00646
CX2_37,5,397,0.8166,0.86004,0.04345,0.00158,0.00583,0.00604
CX2_37,5,398,0.8166,0.85093,0.03433,0.00158,0.0074,0.00757
CX2_37,5,399,0.8166,0.85409,0.03749,0.00158,0.00543,0.00566
CX2_37,5,400,0.8064,0.8549,0.0485,0.00158,0.00478,0.00504
CX2_37,5,401,0.79367,0.85376,0.06009,0.00158,0.00346,0.0038
CX2_37,5,402,0.79011,0.85092,0.06081,0.00158,0.00464,0.0049
CX2_37,5,403,0.79011,0.84956,0.05945,0.00158,0.00542,0.00564
CX2_37,5,404,0.78926,0.85007,0.06081,0.00158,0.00399,0.00429
CX2_37,5,405,0.78904,0.84974,0.0607,0.00158,0.00374,0.00406
CX2_37,5,406,0.78841,0.84879,0.06038,0.00158,0.00324,0.00361
CX2_37,5,407,0.7873,0.84717,0.05987,0.00158,0.00141,0.00212
CX2_37,5,408,0.78841,0.85417,0.06576,0.00158,0.00192,0.00248
CX2_37,5,409,0.78904,0.85572,0.06667,0.00158,0.00368,0.00401
CX2_37,5,410,0.8124,0.85639,0.04399,0.00158,0.0038,0.00412
CX2_37,5,411,0.81658,0.8567,0.04011,0.00158,0.00314,0.00352
CX2_37,5,412,0.8176,0.85676,0.03916,0.00158,0.00244,0.00291
CX2_37,5,413,0.81772,0.85722,0.03949,0.00158,0.00317,0.00354
CX2_37,5,414,0.81852,0.86212,0.0436,0.00158,0.0027,0.00313
CX2_37,5,415,0.81852,0.85567,0.03715,0.00158,0.00386,0.00417
CX2_37,5,416,0.82003,0.85776,0.03773,0.00158,0.00157,0.00223
CX2_37,5,417,0.82103,0.85853,0.0375,0.00158,0.00021,0.00159
CX2_37,5,418,0.82103,0.85638,0.03536,0.00158,0.00204,0.00258
CX2_37,5,419,0.81104,0.85248,0.04144,0.00158,0.0021,0.00263
CX2_37,5,420,0.81075,0.85347,0.04272,0.00158,0.00267,0.0031
CX2_37,5,421,0.81075,0.85586,0.0451,0.00158,0.00334,0.00369
CX2_37,5,422,0.81075,0.85699,0.04624,0.00158,0.00228,0.00277
CX2_37,5,423,0.8187,0.85814,0.03944,0.00158,0.00373,0.00405
CX2_37,5,424,0.82172,0.85948,0.03776,0.00158,0.0034,0.00375
CX2_37,5,425,0.82802,0.86,0.03198,0.00158,0.00291,0.00331
CX2_37,5,426,0.82802,0.85406,0.02605,0.00158,0.00353,0.00387
CX2_37,5,427,0.82802,0.85321,0.02519,0.00158,0.00411,0.0044
CX2_37,5,428,0.81876,0.85513,0.03637,0.00158,0.00364,0.00397
CX2_37,5,429,0.81876,0.85528,0.03652,0.00158,0.00281,0.00322
CX2_37,5,430,0.81496,0.85463,0.03967,0.00158,0.00257,0.00302
CX2_37,5,431,0.81876,0.85745,0.03869,0.00158,0.00262,0.00306
CX2_37,5,432,0.81909,0.85804,0.03896,0.00158,0.00294,0.00334
CX2_37,5,433,0.81909,0.85244,0.03335,0.00158,0.00339,0.00374
CX2_37,5,434,0.81495,0.85175,0.0368,0.00158,0.00236,0.00285
CX2_37,5,435,0.8083,0.85154,0.04324,0.00158,0.00212,0.00264
CX2_37,5,436,0.80824,0.85153,0.04329,0.00158,0.00143,0.00213
CX2_37,5,437,0.80778,0.84989,0.04211,0.00158,0.00102,0.00188
CX2_37,5,438,0.80778,0.85412,0.04635,0.00158,0.00154,0.00221
CX2_37,5,439,0.80778,0.85547,0.04769,0.00158,0.00306,0.00345
CX2_37,5,440,0.80783,0.85265,0.04482,0.00158,0.00271,0.00313
CX2_37,5,441,0.80783,0.8495,0.04166,0.00158,0.00135,0.00208
CX2_37,5,442,0.80964,0.85058,0.04094,0.00158,0.00119,0.00198
CX2_37,5,443,0.80964,0.85075,0.04111,0.00158,0.00102,0.00188
CX2_37,5,444,0.80964,0.85089,0.04125,0.00158,0.00111,0.00193
CX2_37,5,445,0.80987,0.85308,0.04321,0.00158,0.00108,0.00192
CX2_37,5,446,0.81039,0.8552,0.04481,0.00158,0.00108,0.00192
CX2_37,5,447,0.82131,0.85594,0.03464,0.00158,0.00314,0.00352
CX2_37,5,448,0.82314,0.85636,0.03321,0.00158,0.00205,0.00259
CX2_37,5,449,0.82388,0.85657,0.03269,0.00158,0.00113,0.00194
CX2_37,5,450,0.82496,0.85688,0.03192,0.00158,0.00115,0.00196
CX2_37,5,451,0.82569,0.85838,0.03268,0.00158,0.00115,0.00196
CX2_37,5,452,0.82608,0.85876,0.03268,0.00158,0.00144,0.00214
CX2_37,5,453,0.82802,0.85902,0.031,0.00158,0.00081,0.00178
CX2_37,5,454,0.82854,0.85913,0.03058,0.00158,0.00012,0.00159
CX2_37,5,455,0.82859,0.85925,0.03066,0.00158,0.00022,0.0016
CX2_37,5,456,0.82859,0.8593,0.03071,0.00158,0.00046,0.00165
CX2_37,5,457,0.82859,0.85905,0.03046,0.00158,0.00057,0.00168
CX2_37,5,458,0.82853,0.85917,0.03064,0.00158,0.00057,0.00168
CX2_37,5,459,0.82853,0.85949,0.03096,0.00158,0.00031,0.00161
CX2_37,5,460,0.82853,0.85944,0.03091,0.00158,0.00024,0.0016
CX2_37,5,461,0.82854,0.85937,0.03083,0.00158,0.00018,0.00159
CX2_37,5,462,0.82854,0.8536,0.02506,0.00158,0.00131,0.00205
CX2_37,5,463,0.82854,0.84926,0.02072,0.00158,0.00279,0.00321
CX2_37,5,464,0.81311,0.85528,0.04217,0.00158,0.00267,0.0031
CX2_37,5,465,0.8103,0.85392,0.04362,0.00158,0.0025,0.00296
CX2_37,5,466,0.8103,0.85639,0.04609,0.00158,0.00268,0.00311
CX2_37,5,467,0.81311,0.85797,0.04486,0.00158,0.00333,0.00369
CX2_37,5,468,0.82442,0.85781,0.03339,0.00158,0.00071,0.00173
CX2_37,5,470,0.82442,0.85094,0.02652,0.00158,0.00686,0.00704
CX2_37,5,471,0.81712,0.85281,0.03569,0.00158,0.00525,0.00549
CX2_37,5,472,0.81403,0.85223,0.0382,0.00158,0.00426,0.00455
CX2_37,5,473,0.80938,0.85063,0.04125,0.00158,0.00388,0.00419
CX2_37,5,474,0.81403,0.85518,0.04115,0.00158,0.00449,0.00476
CX2_37,5,475,0.81712,0.85577,0.03865,0.00158,0.00438,0.00465
CX2_37,5,476,0.81403,0.85214,0.03811,0.00158,0.00393,0.00424
CX2_37,5,477,0.81278,0.84929,0.0365,0.00158,0.00342,0.00377
CX2_37,5,478,0.81718,0.85119,0.03401,0.00158,0.00502,0.00527
CX2_37,5,479,0.81563,0.85116,0.03552,0.00158,0.00239,0.00286
CX2_37,5,480,0.81278,0.84965,0.03687,0.00158,0.00172,0.00233
CX2_37,5,481,0.81563,0.85269,0.03706,0.00158,0.00242,0.00289
CX2_37,5,482,0.81718,0.85432,0.03713,0.00158,0.00281,0.00322
CX2_37,5,483,0.82064,0.85403,0.03339,0.00158,0.00217,0.00268
CX2_37,5,484,0.82064,0.84724,0.02659,0.00158,0.00323,0.0036
CX2_37,5,485,0.82064,0.84732,0.02668,0.00158,0.00309,0.00347
CX2_37,5,486,0.80588,0.84744,0.04156,0.00158,0.00282,0.00323
CX2_37,5,487,0.80424,0.84722,0.04297,0.00158,0.00165,0.00228
CX2_37,5,488,0.80424,0.84713,0.04289,0.00158,0.00239,0.00287
CX2_37,5,489,0.80588,0.85126,0.04538,0.00158,0.00371,0.00404
CX2_37,5,490,0.81167,0.85233,0.04066,0.00158,0.00382,0.00414
CX2_37,5,491,0.81167,0.84562,0.03395,0.00158,0.0036,0.00393
CX2_37,5,492,0.81167,0.84412,0.03244,0.00158,0.00131,0.00205
CX2_37,5,493,0.81042,0.84526,0.03484,0.00158,0.00118,0.00198
CX2_37,5,494,0.81042,0.84582,0.0354,0.00158,0.00105,0.0019
CX2_37,5,495,0.80786,0.84394,0.03608,0.00158,0.00187,0.00245
CX2_37,5,496,0.81042,0.84888,0.03846,0.00158,0.00297,0.00337
CX2_37,5,497,0.8112,0.85003,0.03884,0.00158,0.00309,0.00347
CX2_37,5,498,0.81844,0.85049,0.03205,0.00158,0.00266,0.00309
CX2_37,5,500,0.81957,0.85056,0.03099,0.00158,0.00428,0.00456
CX2_37,5,501,0.82008,0.85117,0.03109,0.00158,0.00241,0.00289
CX2_37,5,502,0.82145,0.85188,0.03043,0.00158,0.00054,0.00167
CX2_37,5,503,0.82205,0.852,0.02995,0.00158,0.00112,0.00194
CX2_37,5,504,0.82205,0.85191,0.02986,0.00158,0.00212,0.00265
CX2_37,5,505,0.82205,0.85184,0.02979,0.00158,0.00122,0.002
CX2_37,5,506,0.82159,0.85168,0.03009,0.00158,0.00255,0.003
CX2_37,5,507,0.82058,0.85143,0.03084,0.00158,0.00299,0.00338
CX2_37,5,508,0.82058,0.85156,0.03098,0.00158,0.00406,0.00436
CX2_37,5,509,0.82146,0.85175,0.03029,0.00158,0.0003,0.00161
CX2_37,5,510,0.82159,0.8517,0.03011,0.00158,0.00023,0.0016
CX2_37,5,511,0.82168,0.85169,0.03001,0.00158,0.0003,0.00161
CX2_37,5,512,0.82187,0.8517,0.02983,0.00158,0.00019,0.00159
CX2_37,5,513,0.82187,0.84741,0.02554,0.00158,0.00128,0.00204
CX2_37,5,514,0.82168,0.84965,0.02797,0.00158,0.00196,0.00252
CX2_37,5,515,0.8108,0.84891,0.03811,0.00158,0.00131,0.00205
CX2_37,5,516,0.8108,0.85281,0.04201,0.00158,0.00186,0.00244
CX2_37,5,518,0.8108,0.85398,0.04319,0.00158,0.00225,0.00275
CX2_37,5,519,0.80949,0.84645,0.03695,0.00158,0.00196,0.00252
CX2_37,5,520,0.80467,0.84483,0.04016,0.00158,0.00215,0.00267
CX2_37,5,521,0.80427,0.84495,0.04068,0.00158,0.00249,0.00295
CX2_37,5,522,0.80467,0.84509,0.04043,0.00158,0.00105,0.0019
CX2_37,5,523,0.80455,0.84345,0.0389,0.00158,0.00092,0.00183
CX2_37,5,524,0.80467,0.84929,0.04462,0.00158,0.00268,0.00311
CX2_37,5,525,0.80606,0.8505,0.04444,0.00158,0.00387,0.00418
CX2_37,5,526,0.80868,0.84629,0.03761,0.00158,0.0033,0.00366
CX2_37,5,527,0.80868,0.84266,0.03398,0.00158,0.00134,0.00207
CX2_37,5,528,0.80868,0.84329,0.03461,0.00158,0.00082,0.00178
CX2_37,5,529,0.80709,0.84313,0.03604,0.00158,0.00049,0.00166
CX2_37,5,530,0.80659,0.84149,0.0349,0.00158,0.00155,0.00221
CX2_37,5,531,0.80659,0.84536,0.03876,0.00158,0.00215,0.00267
CX2_37,5,532,0.80709,0.84746,0.04037,0.00158,0.00309,0.00347
CX2_37,5,533,0.81512,0.84756,0.03244,0.00158,0.00321,0.00358
CX2_37,5,534,0.81512,0.83946,0.02434,0.00158,0.00411,0.00441
CX2_37,5,535,0.81512,0.83978,0.02466,0.00158,0.00287,0.00328
CX2_37,5,536,0.80092,0.84012,0.0392,0.00158,0.00171,0.00233
CX2_37,5,537,0.80051,0.83203,0.03153,0.00158,0.00438,0.00466
CX2_37,5,538,0.79498,0.83054,0.03555,0.00158,0.00507,0.00531
CX2_37,5,539,0.80051,0.84043,0.03992,0.00158,0.00513,0.00537
CX2_37,5,540,0.80051,0.84195,0.04144,0.00158,0.0052,0.00543
CX2_37,5,541,0.77883,0.83076,0.05194,0.00158,0.00518,0.00542
CX2_37,5,542,0.77883,0.82582,0.04699,0.00158,0.00579,0.006
CX2_37,5,543,0.77852,0.82547,0.04695,0.00158,0.00386,0.00417
CX2_37,5,544,0.76834,0.82428,0.05594,0.00158,0.00293,0.00333
CX2_37,5,545,0.76659,0.82243,0.05584,0.00158,0.00256,0.00301
CX2_37,5,546,0.76659,0.8322,0.06561,0.00158,0.00315,0.00352
CX2_37,5,547,0.76659,0.83524,0.06865,0.00158,0.00678,0.00696
CX2_37,5,548,0.79537,0.83659,0.04122,0.00158,0.0106,0.01072
CX2_37,5,549,0.80142,0.83771,0.03629,0.00158,0.00612,0.00632
CX2_37,5,550,0.80357,0.83852,0.03495,0.00158,0.00386,0.00417
CX2_37,5,551,0.80363,0.84011,0.03648,0.00158,0.0038,0.00412
CX2_37,5,552,0.80562,0.84081,0.03519,0.00158,0.00446,0.00473
CX2_37,5,553,0.80894,0.84125,0.03231,0.00158,0.00527,0.0055
CX2_37,5,554,0.80923,0.84066,0.03143,0.00158,0.00305,0.00343
CX2_37,5,555,0.80923,0.84028,0.03106,0.00158,0.00082,0.00178
CX2_37,5,556,0.80923,0.84015,0.03092,0.00158,0.00073,0.00174
CX2_37,5,557,0.80843,0.83999,0.03156,0.00158,0.00127,0.00203
CX2_37,5,558,0.80673,0.84009,0.03336,0.00158,0.00111,0.00193
CX2_37,5,559,0.80575,0.84041,0.03466,0.00158,0.00072,0.00174
CX2_37,5,560,0.80575,0.84059,0.03484,0.00158,0.00049,0.00166
CX2_37,5,561,0.80575,0.84069,0.03495,0.00158,0.00048,0.00165
CX2_37,5,562,0.80626,0.84076,0.03451,0.00158,0.00062,0.0017
CX2_37,5,563,0.80626,0.83135,0.02509,0.00158,0.00208,0.00261
CX2_37,5,564,0.80626,0.8267,0.02044,0.00158,0.00527,0.0055
CX2_37,5,565,0.77009,0.82534,0.05525,0.00158,0.0046,0.00486
CX2_37,5,566,0.77009,0.83468,0.06459,0.00158,0.0075,0.00766
CX2_37,5,567,0.77009,0.83778,0.0677,0.00158,0.0054,0.00563
CX2_37,5,568,0.786,0.83539,0.04939,0.00158,0.00263,0.00306
CX2_37,5,569,0.786,0.82382,0.03782,0.00158,0.00565,0.00586
CX2_37,5,570,0.786,0.82315,0.03714,0.00158,0.00759,0.00775
CX2_37,5,571,0.76366,0.82239,0.05873,0.00158,0.01008,0.01021
CX2_37,5,572,0.76171,0.82138,0.05967,0.00158,0.00446,0.00474
CX2_37,5,573,0.76171,0.82213,0.06041,0.00158,0.00425,0.00454
CX2_37,5,574,0.76366,0.82974,0.06608,0.00158,0.00772,0.00788
CX2_37,5,575,0.78081,0.83152,0.05071,0.00158,0.0087,0.00884
CX2_37,5,576,0.78081,0.82075,0.03994,0.00158,0.00679,0.00698
CX2_37,5,577,0.78081,0.8167,0.03589,0.00158,0.00451,0.00478
CX2_37,5,578,0.76414,0.81572,0.05159,0.00158,0.0032,0.00357
CX2_37,5,579,0.75618,0.82032,0.06414,0.00158,0.00221,0.00271
CX2_37,5,580,0.7531,0.8156,0.0625,0.00158,0.00436,0.00464
CX2_37,5,581,0.753,0.81422,0.06122,0.00158,0.00142,0.00213
CX2_37,5,582,0.7531,0.81933,0.06624,0.00158,0.00211,0.00263
CX2_37,5,583,0.7531,0.82575,0.07266,0.00158,0.0044,0.00467
CX2_37,5,584,0.77776,0.82749,0.04974,0.00158,0.0086,0.00874
CX2_37,5,585,0.77776,0.8162,0.03845,0.00158,0.00794,0.0081
CX2_37,5,586,0.77776,0.81446,0.0367,0.00158,0.00716,0.00733
CX2_37,5,587,0.75021,0.81413,0.06391,0.00158,0.00293,0.00333
CX2_37,5,588,0.74979,0.81242,0.06262,0.00158,0.00447,0.00474
CX2_37,5,589,0.7482,0.81117,0.06297,0.00158,0.00703,0.0072
CX2_37,5,590,0.7482,0.82052,0.07232,0.00158,0.00792,0.00807
CX2_37,5,591,0.7482,0.82342,0.07522,0.00158,0.00981,0.00994
CX2_37,5,592,0.7502,0.81794,0.06774,0.00158,0.00883,0.00897
CX2_37,5,593,0.7502,0.81172,0.06152,0.00158,0.00455,0.00481
CX2_37,5,594,0.7502,0.81171,0.06152,0.00158,0.00416,0.00445
CX2_37,5,595,0.74567,0.80947,0.0638,0.00158,0.00443,0.00471
CX2_37,5,596,0.73899,0.80836,0.06936,0.00158,0.00395,0.00425
CX2_37,5,597,0.73899,0.81312,0.07413,0.00158,0.0041,0.00439
CX2_37,5,598,0.74567,0.81814,0.07247,0.00158,0.00791,0.00807
CX2_37,5,599,0.76838,0.81952,0.05114,0.00158,0.00942,0.00955
CX2_37,5,600,0.76838,0.80889,0.04051,0.00158,0.00763,0.00779
CX2_37,5,601,0.76838,0.81115,0.04277,0.00158,0.00606,0.00626
CX2_37,5,602,0.74697,0.81209,0.06512,0.00158,0.00307,0.00345
CX2_37,5,603,0.74697,0.81202,0.06506,0.00158,0.00359,0.00392
CX2_37,5,605,0.74697,0.81523,0.06827,0.00158,0.00675,0.00694
CX2_37,5,606,0.74788,0.81818,0.0703,0.00158,0.00702,0.00719
CX2_37,5,607,0.768,0.81854,0.05054,0.00158,0.00827,0.00842
CX2_37,5,608,0.768,0.81178,0.04378,0.00158,0.00622,0.00641
CX2_37,5,609,0.768,0.81251,0.0445,0.00158,0.00607,0.00627
CX2_37,5,610,0.75761,0.81236,0.05475,0.00158,0.00649,0.00668
CX2_37,5,611,0.75665,0.81205,0.0554,0.00158,0.00532,0.00555
CX2_37,5,612,0.75498,0.81129,0.05631,0.00158,0.00471,0.00497
CX2_37,5,613,0.75665,0.81705,0.0604,0.00158,0.00568,0.00589
CX2_37,5,614,0.75665,0.81816,0.06151,0.00158,0.00601,0.00621
CX2_37,5,615,0.77408,0.81872,0.04464,0.00158,0.0054,0.00563
CX2_37,5,616,0.77599,0.81906,0.04307,0.00158,0.00306,0.00345
CX2_37,5,617,0.77743,0.81933,0.0419,0.00158,0.0021,0.00263
CX2_37,5,618,0.77816,0.81964,0.04148,0.00158,0.00248,0.00294
CX2_37,5,619,0.77836,0.82042,0.04206,0.00158,0.0025,0.00296
CX2_37,5,620,0.77886,0.82112,0.04226,0.00158,0.00237,0.00285
CX2_37,5,621,0.78134,0.82125,0.03991,0.00158,0.00168,0.00231
CX2_37,5,622,0.78249,0.82138,0.03889,0.00158,0.00015,0.00159
CX2_37,5,623,0.78278,0.8212,0.03841,0.00158,0.00028,0.00161
CX2_37,5,624,0.78278,0.8211,0.03832,0.00158,0.00058,0.00168
CX2_37,5,625,0.78314,0.82103,0.03789,0.00158,0.00052,0.00167
CX2_37,5,626,0.78278,0.8198,0.03701,0.00158,0.00054,0.00167
CX2_37,5,627,0.78251,0.81966,0.03715,0.00158,0.00083,0.00178
CX2_37,5,628,0.77881,0.81949,0.04068,0.00158,0.00115,0.00196
CX2_37,5,629,0.77305,0.81452,0.04147,0.00158,0.00224,0.00274
CX2_37,5,630,0.77259,0.8146,0.04201,0.00158,0.00401,0.00431
CX2_37,5,631,0.76302,0.81813,0.05511,0.00158,0.00318,0.00355
CX2_37,5,632,0.76302,0.8222,0.05918,0.00158,0.0014,0.00212
CX2_37,5,633,0.76302,0.8225,0.05948,0.00158,0.00156,0.00222
CX2_37,5,634,0.76302,0.81391,0.05089,0.00158,0.00374,0.00406
CX2_37,5,635,0.76302,0.81291,0.04989,0.00158,0.00599,0.00619
CX2_37,5,636,0.74162,0.81274,0.07112,0.00158,0.00584,0.00605
CX2_37,5,637,0.74162,0.81159,0.06997,0.00158,0.00656,0.00675
CX2_37,5,638,0.74162,0.81038,0.06876,0.00158,0.00447,0.00474
CX2_37,5,639,0.7483,0.81642,0.06813,0.00158,0.00617,0.00637
CX2_37,5,640,0.75042,0.8173,0.06687,0.00158,0.0081,0.00825
CX2_37,5,641,0.75404,0.81201,0.05796,0.00158,0.0059,0.00611
CX2_37,5,642,0.75404,0.80806,0.05402,0.00158,0.00353,0.00387
CX2_37,5,643,0.75664,0.80987,0.05323,0.00158,0.00174,0.00235
CX2_37,5,644,0.75626,0.80917,0.05291,0.00158,0.0017,0.00232
CX2_37,5,645,0.75414,0.80792,0.05378,0.00158,0.00125,0.00201
CX2_37,5,646,0.75626,0.81101,0.05475,0.00158,0.00191,0.00248
CX2_37,5,647,0.75664,0.81346,0.05682,0.00158,0.00263,0.00307
CX2_37,5,648,0.77018,0.81393,0.04376,0.00158,0.00477,0.00502
CX2_37,5,649,0.77018,0.80654,0.03636,0.00158,0.00415,0.00444
CX2_37,5,650,0.77018,0.80515,0.03497,0.00158,0.00431,0.00459
CX2_37,5,651,0.75293,0.80599,0.05306,0.00158,0.00284,0.00325
CX2_37,5,652,0.75171,0.80529,0.05358,0.00158,0.00115,0.00196
CX2_37,5,653,0.75146,0.80267,0.05121,0.00158,0.00334,0.0037
CX2_37,5,654,0.75171,0.80886,0.05714,0.00158,0.00369,0.00401
CX2_37,5,655,0.75293,0.81018,0.05725,0.00158,0.00554,0.00576
CX2_37,5,656,0.75171,0.8057,0.05399,0.00158,0.00398,0.00428
CX2_37,5,657,0.75125,0.80166,0.0504,0.00158,0.00213,0.00266
CX2_37,5,658,0.75159,0.80298,0.05139,0.00158,0.00066,0.00172
CX2_37,5,659,0.75159,0.80287,0.05127,0.00158,0.00045,0.00165
CX2_37,5,660,0.75125,0.80239,0.05114,0.00158,0.00083,0.00179
CX2_37,5,661,0.75159,0.80471,0.05312,0.00158,0.00211,0.00264
CX2_37,5,662,0.75167,0.80721,0.05554,0.00158,0.00352,0.00386
CX2_37,5,663,0.76512,0.80786,0.04274,0.00158,0.0038,0.00412
CX2_37,5,664,0.76543,0.80828,0.04284,0.00158,0.00267,0.00311
CX2_37,5,665,0.76647,0.80858,0.04211,0.00158,0.00147,0.00216
CX2_37,5,666,0.76767,0.80898,0.04131,0.00158,0.0015,0.00218
CX2_37,5,667,0.76834,0.80935,0.04101,0.00158,0.00134,0.00207
CX2_37,5,668,0.76976,0.80957,0.03981,0.00158,0.00147,0.00216
CX2_37,5,669,0.77064,0.80986,0.03922,0.00158,0.00077,0.00176
CX2_37,5,670,0.7714,0.81006,0.03866,0.00158,0.00022,0.0016
CX2_37,5,671,0.77162,0.81036,0.03874,0.00158,0.00038,0.00163
CX2_37,5,672,0.77172,0.81068,0.03896,0.00158,0.00043,0.00164
CX2_37,5,673,0.77172,0.81075,0.03903,0.00158,0.00031,0.00161
CX2_37,5,674,0.77173,0.81085,0.03912,0.00158,0.00016,0.00159
CX2_37,5,675,0.77173,0.81106,0.03933,0.00158,0.00018,0.00159
CX2_37,5,676,0.77181,0.81123,0.03941,0.00158,0.00012,0.00159
CX2_37,5,677,0.77181,0.81134,0.03952,0.00158,9e-05,0.00158
CX2_37,5,678,0.77181,0.81123,0.03942,0.00158,0.00012,0.00159
CX2_37,5,679,0.77167,0.79541,0.02374,0.00158,0.00469,0.00495
CX2_37,5,680,0.77125,0.79543,0.02418,0.00158,0.00841,0.00855
CX2_37,5,681,0.74141,0.79971,0.0583,0.00158,0.00682,0.007
CX2_37,5,682,0.74141,0.80454,0.06313,0.00158,0.00576,0.00598
CX2_37,5,683,0.74141,0.80581,0.06439,0.00158,0.00389,0.0042
CX2_37,5,684,0.74141,0.79815,0.05674,0.00158,0.00396,0.00427
CX2_37,5,685,0.74141,0.7981,0.05669,0.00158,0.00577,0.00599
CX2_37,5,686,0.738,0.79841,0.06041,0.00158,0.00675,0.00693
CX2_37,5,687,0.738,0.79894,0.06094,0.00158,0.00611,0.00631
CX2_37,5,688,0.738,0.79814,0.06014,0.00158,0.00392,0.00422
CX2_37,5,689,0.73995,0.8018,0.06185,0.00158,0.00474,0.00499
CX2_37,5,690,0.74107,0.80272,0.06165,0.00158,0.00464,0.0049
CX2_37,5,691,0.74107,0.79894,0.05786,0.00158,0.00414,0.00443
CX2_37,5,692,0.73995,0.79636,0.05641,0.00158,0.00181,0.00241
CX2_37,5,693,0.73958,0.7965,0.05692,0.00158,0.00234,0.00282
CX2_37,5,694,0.73958,0.7972,0.05762,0.00158,0.00098,0.00186
CX2_37,5,695,0.73958,0.7968,0.05722,0.00158,0.001,0.00187
CX2_37,5,696,0.74009,0.79826,0.05816,0.00158,0.00104,0.00189
CX2_37,5,697,0.74236,0.80011,0.05775,0.00158,0.0017,0.00232
CX2_37,5,698,0.75132,0.80045,0.04913,0.00158,0.00378,0.0041
CX2_37,5,699,0.75132,0.79374,0.04241,0.00158,0.00363,0.00396
CX2_37,5,701,0.73528,0.79227,0.05698,0.00158,0.00687,0.00705
CX2_37,5,702,0.73214,0.79221,0.06007,0.00158,0.00588,0.00608
CX2_37,5,703,0.731,0.79169,0.06068,0.00158,0.00426,0.00455
CX2_37,5,704,0.731,0.79542,0.06442,0.00158,0.00374,0.00406
CX2_37,5,705,0.73528,0.798,0.06272,0.00158,0.00564,0.00586
CX2_37,5,706,0.74593,0.79904,0.0531,0.00158,0.00489,0.00514
CX2_37,5,707,0.74593,0.79591,0.04998,0.00158,0.00318,0.00355
CX2_37,5,708,0.74593,0.79465,0.04872,0.00158,0.0047,0.00496
CX2_37,5,709,0.74765,0.79623,0.04858,0.00158,0.00558,0.0058
CX2_37,5,710,0.74765,0.79668,0.04903,0.00158,0.00244,0.00291
CX2_37,5,711,0.74695,0.79619,0.04924,0.00158,0.00271,0.00313
CX2_37,5,712,0.74765,0.7998,0.05215,0.00158,0.00303,0.00341
CX2_37,5,713,0.74844,0.80091,0.05246,0.00158,0.00305,0.00343
CX2_37,5,714,0.75882,0.80153,0.04271,0.00158,0.0025,0.00296
CX2_37,5,716,0.7598,0.8016,0.0418,0.00158,0.00496,0.00521
CX2_37,5,717,0.76097,0.80268,0.04171,0.00158,0.00336,0.00372
CX2_37,5,718,0.76218,0.80335,0.04117,0.00158,0.00188,0.00245
CX2_37,5,719,0.76228,0.80387,0.04158,0.00158,0.00221,0.00272
CX2_37,5,720,0.76284,0.80416,0.04132,0.00158,0.00179,0.00239
CX2_37,5,721,0.76391,0.80442,0.04051,0.00158,0.00116,0.00196
CX2_37,5,722,0.7649,0.80447,0.03957,0.00158,0.00192,0.00249
CX2_37,5,723,0.76531,0.80444,0.03913,0.00158,0.00344,0.00379
CX2_37,5,724,0.76601,0.80421,0.03821,0.00158,0.00421,0.0045
CX2_37,5,725,0.76623,0.80437,0.03814,0.00158,0.00028,0.00161
CX2_37,5,726,0.76648,0.80508,0.03859,0.00158,0.00017,0.00159
CX2_37,5,727,0.76729,0.80485,0.03756,0.00158,0.00019,0.00159
CX2_37,5,728,0.76968,0.80456,0.03488,0.00158,0.00015,0.00159
CX2_37,5,729,0.76968,0.80258,0.0329,0.00158,0.0006,0.00169
CX2_37,5,730,0.76968,0.80357,0.03389,0.00158,0.00172,0.00233
CX2_37,5,731,0.76799,0.80487,0.03688,0.00158,0.00196,0.00251
CX2_37,5,732,0.76799,0.80856,0.04057,0.00158,0.00117,0.00197
CX2_37,5,733,0.76799,0.80893,0.04094,0.00158,0.00102,0.00188
CX2_37,5,734,0.76799,0.80498,0.03699,0.00158,0.00149,0.00217
CX2_37,5,735,0.76799,0.80164,0.03365,0.00158,0.00224,0.00274
CX2_37,5,736,0.76261,0.80185,0.03924,0.00158,0.00245,0.00292
CX2_37,5,738,0.7575,0.80054,0.04304,0.00158,0.00298,0.00337
CX2_37,5,739,0.7575,0.80345,0.04595,0.00158,0.00186,0.00244
CX2_37,5,740,0.75835,0.80664,0.04829,0.00158,0.00258,0.00303
CX2_37,5,741,0.76791,0.80732,0.03941,0.00158,0.00375,0.00407
CX2_37,5,742,0.76791,0.80238,0.03447,0.00158,0.00337,0.00372
CX2_37,5,743,0.76791,0.79987,0.03196,0.00158,0.00343,0.00378
CX2_37,5,744,0.75984,0.79966,0.03982,0.00158,0.00402,0.00432
CX2_37,5,745,0.75587,0.79832,0.04245,0.00158,0.00601,0.00621
CX2_37,5,747,0.75581,0.80063,0.04482,0.00158,0.00167,0.0023
CX2_37,5,748,0.75587,0.80382,0.04795,0.00158,0.00171,0.00233
CX2_37,5,749,0.76425,0.80397,0.03972,0.00158,0.00386,0.00417
CX2_37,5,750,0.76425,0.79885,0.0346,0.00158,0.00365,0.00398
CX2_37,5,751,0.76425,0.79603,0.03178,0.00158,0.00339,0.00374
CX2_37,5,752,0.76722,0.80764,0.04042,0.00158,0.00238,0.00286
CX2_37,5,753,0.76115,0.80098,0.03983,0.00158,0.00433,0.00461
CX2_37,5,756,0.75407,0.79282,0.03875,0.00158,0.00558,0.0058
CX2_37,5,757,0.75407,0.79532,0.04126,0.00158,0.0053,0.00553
CX2_37,5,758,0.7296,0.7862,0.0566,0.00158,0.00595,0.00616
CX2_38,5,1,0.99569,1.0002,0.00451,0.00293,,
CX2_38,5,2,0.98846,0.99446,0.00601,0.00293,,
CX2_38,5,3,0.98186,0.98931,0.00745,0.00293,,
CX2_38,5,4,0.98154,0.98734,0.0058,0.00293,0.00076,0.00303
CX2_38,5,5,0.98122,0.98487,0.00365,0.00293,0.00104,0.00311
CX2_38,5,6,0.97817,0.98372,0.00556,0.00293,0.00125,0.00319
CX2_38,5,7,0.97697,0.98786,0.01089,0.00293,0.00184,0.00346
CX2_38,5,8,0.97561,0.98789,0.01228,0.00293,0.00168,0.00338
CX2_38,5,9,0.97431,0.98048,0.00617,0.00293,0.00192,0.0035
CX2_38,5,10,0.97278,0.97825,0.00547,0.00293,0.00133,0.00322
CX2_38,5,11,0.96321,0.8279,0.13532,0.00293,0.00266,0.00396
CX2_38,5,12,0.96019,0.97503,0.01484,0.00293,0.00281,0.00406
CX2_38,5,13,0.96019,0.97645,0.01626,0.00293,0.00212,0.00362
CX2_38,5,14,0.9598,0.97981,0.02001,0.00293,0.00171,0.0034
CX2_38,5,15,0.95857,0.97834,0.01977,0.00293,0.00238,0.00378
CX2_38,5,16,0.95857,0.97208,0.01351,0.00293,0.00262,0.00393
CX2_38,5,17,0.94649,0.97074,0.02424,0.00293,0.00194,0.00351
CX2_38,5,18,0.94607,0.96967,0.02361,0.00293,0.00171,0.0034
CX2_38,5,19,0.94357,0.9678,0.02423,0.00293,0.00151,0.0033
CX2_38,5,20,0.94357,0.97278,0.0292,0.00293,0.0031,0.00427
CX2_38,5,21,0.94357,0.97362,0.03005,0.00293,0.00235,0.00376
CX2_38,5,22,0.94991,0.97376,0.02385,0.00293,0.00328,0.0044
CX2_38,5,23,0.94997,0.97364,0.02367,0.00293,0.00129,0.0032
CX2_38,5,24,0.94997,0.9735,0.02353,0.00293,0.001,0.0031
CX2_38,5,25,0.94991,0.97338,0.02347,0.00293,0.0011,0.00313
CX2_38,5,26,0.94979,0.97314,0.02335,0.00293,0.0011,0.00313
CX2_38,5,27,0.94971,0.97266,0.02295,0.00293,0.00129,0.0032
CX2_38,5,28,0.94962,0.97225,0.02264,0.00293,0.00072,0.00302
CX2_38,5,29,0.94919,0.97192,0.02273,0.00293,6e-05,0.00293
CX2_38,5,30,0.94912,0.97149,0.02237,0.00293,6e-05,0.00293
CX2_38,5,31,0.94888,0.97116,0.02228,0.00293,8e-05,0.00293
CX2_38,5,32,0.94873,0.97084,0.02211,0.00293,0.00013,0.00294
CX2_38,5,33,0.94804,0.97035,0.02231,0.00293,0.00012,0.00294
CX2_38,5,34,0.94745,0.96989,0.02244,0.00293,9e-05,0.00293
CX2_38,5,35,0.94691,0.96505,0.01813,0.00293,0.00102,0.00311
CX2_38,5,36,0.94642,0.96005,0.01363,0.00293,0.00166,0.00337
CX2_38,5,37,0.93472,0.95817,0.02345,0.00293,0.00147,0.00328
CX2_38,5,38,0.93326,0.95691,0.02366,0.00293,0.00097,0.00309
CX2_38,5,39,0.9314,0.95545,0.02405,0.00293,0.00098,0.00309
CX2_38,5,40,0.93326,0.96107,0.02781,0.00293,0.00176,0.00342
CX2_38,5,41,0.93326,0.96183,0.02857,0.00293,0.00282,0.00407
CX2_38,5,42,0.9314,0.95506,0.02366,0.00293,0.00172,0.0034
CX2_38,5,43,0.93126,0.95246,0.0212,0.00293,0.00067,0.00301
CX2_38,5,44,0.92959,0.95202,0.02243,0.00293,0.00078,0.00303
CX2_38,5,45,0.92904,0.9508,0.02175,0.00293,0.00055,0.00298
CX2_38,5,46,0.92904,0.95347,0.02443,0.00293,0.00127,0.0032
CX2_38,5,47,0.92959,0.9564,0.02682,0.00293,0.00213,0.00363
CX2_38,5,48,0.93157,0.95563,0.02405,0.00293,0.00232,0.00374
CX2_38,5,49,0.93481,0.98053,0.04572,0.00293,0.00386,0.00485
CX2_38,5,50,0.94271,0.97919,0.03648,0.00293,0.00672,0.00734
CX2_38,5,51,0.9669,0.98082,0.01392,0.00293,0.00485,0.00567
CX2_38,5,52,0.9669,0.97922,0.01233,0.00293,0.00539,0.00614
CX2_38,5,53,0.9669,0.97133,0.00443,0.00293,0.00424,0.00516
CX2_38,5,54,0.96472,0.96905,0.00433,0.00293,0.00598,0.00666
CX2_38,5,55,0.95448,0.9673,0.01282,0.00293,0.00598,0.00666
CX2_38,5,56,0.95227,0.96232,0.01005,0.00293,0.00796,0.00849
CX2_38,5,57,0.94967,0.96261,0.01294,0.00293,0.00347,0.00455
CX2_38,5,58,0.94238,0.96122,0.01883,0.00293,0.00124,0.00318
CX2_38,5,59,0.93883,0.95685,0.01802,0.00293,0.00159,0.00333
CX2_38,5,60,0.93429,0.95512,0.02083,0.00293,0.00107,0.00312
CX2_38,5,61,0.92798,0.95376,0.02579,0.00293,0.00137,0.00324
CX2_38,5,62,0.92771,0.95258,0.02487,0.00293,0.00097,0.00309
CX2_38,5,63,0.92276,0.95025,0.02749,0.00293,0.00123,0.00318
CX2_38,5,64,0.92048,0.95091,0.03043,0.00293,0.00205,0.00358
CX2_38,5,65,0.9195,0.95009,0.03059,0.00293,0.00108,0.00313
CX2_38,5,66,0.9192,0.94566,0.02647,0.00293,0.00177,0.00342
CX2_38,5,67,0.9192,0.94509,0.0259,0.00293,0.00112,0.00314
CX2_38,5,68,0.91921,0.94427,0.02506,0.00293,0.00096,0.00309
CX2_38,5,69,0.91921,0.9422,0.02299,0.00293,0.00054,0.00298
CX2_38,5,70,0.91921,0.94336,0.02414,0.00293,0.0007,0.00302
CX2_38,5,71,0.92055,0.94304,0.02249,0.00293,0.00058,0.00299
CX2_38,5,72,0.92055,0.94202,0.02148,0.00293,0.00033,0.00295
CX2_38,5,73,0.92019,0.94113,0.02094,0.00293,0.0006,0.00299
CX2_38,5,74,0.92019,0.94023,0.02004,0.00293,0.00069,0.00301
CX2_38,5,75,0.9194,0.94004,0.02064,0.00293,0.0008,0.00304
CX2_38,5,76,0.91812,0.93894,0.02081,0.00293,0.00063,0.003
CX2_38,5,77,0.91777,0.938,0.02023,0.00293,0.00064,0.003
CX2_38,5,78,0.91606,0.93706,0.021,0.00293,0.00068,0.00301
CX2_38,5,79,0.91493,0.93629,0.02136,0.00293,0.00013,0.00294
CX2_38,5,80,0.91447,0.93543,0.02096,0.00293,0.00016,0.00294
CX2_38,5,81,0.9143,0.9346,0.0203,0.00293,0.00013,0.00294
CX2_38,5,82,0.91302,0.93432,0.02129,0.00293,0.00024,0.00294
CX2_38,5,83,0.91098,0.93321,0.02223,0.00293,0.00022,0.00294
CX2_38,5,84,0.9107,0.93236,0.02166,0.00293,0.00023,0.00294
CX2_38,5,85,0.90979,0.93165,0.02185,0.00293,0.00019,0.00294
CX2_38,5,86,0.90879,0.92661,0.01783,0.00293,0.00095,0.00308
CX2_38,5,87,0.90845,0.92495,0.0165,0.00293,0.00123,0.00318
CX2_38,5,88,0.89828,0.92387,0.02559,0.00293,0.00091,0.00307
CX2_38,5,89,0.89828,0.92677,0.02849,0.00293,0.00151,0.0033
CX2_38,5,90,0.89828,0.92718,0.02891,0.00293,0.00148,0.00329
CX2_38,5,91,0.90309,0.92679,0.0237,0.00293,0.00031,0.00295
CX2_38,5,92,0.90366,0.93128,0.02762,0.00293,0.00268,0.00397
CX2_38,5,93,0.90448,0.93197,0.0275,0.00293,0.00267,0.00396
CX2_38,5,94,0.90366,0.92735,0.02369,0.00293,0.00176,0.00342
CX2_38,5,95,0.90561,0.92629,0.02068,0.00293,0.00181,0.00344
CX2_38,5,96,0.90919,0.92639,0.0172,0.00293,0.00164,0.00336
CX2_38,5,97,0.90561,0.92463,0.01902,0.00293,0.00154,0.00331
CX2_38,5,98,0.90252,0.92332,0.0208,0.00293,0.00066,0.00301
CX2_38,5,99,0.90561,0.92869,0.02308,0.00293,0.00172,0.0034
CX2_38,5,100,0.90919,0.9293,0.02011,0.00293,0.00232,0.00374
CX2_38,5,101,0.90203,0.92207,0.02003,0.00293,0.0025,0.00385
CX2_38,5,102,0.90051,0.9212,0.02069,0.00293,0.00202,0.00356
CX2_38,5,103,0.90213,0.92112,0.01899,0.00293,0.00129,0.0032
CX2_38,5,104,0.89907,0.91908,0.02001,0.00293,0.00162,0.00335
CX2_38,5,105,0.89907,0.92048,0.02141,0.00293,0.00299,0.00419
CX2_38,5,106,0.90213,0.92453,0.0224,0.00293,0.00277,0.00404
CX2_38,5,107,0.90562,0.92479,0.01917,0.00293,0.00283,0.00408
CX2_38,5,108,0.90562,0.91668,0.01106,0.00293,0.00293,0.00414
CX2_38,5,109,0.90562,0.91626,0.01064,0.00293,0.00252,0.00386
CX2_38,5,110,0.89291,0.91617,0.02327,0.00293,0.00129,0.0032
CX2_38,5,111,0.89249,0.91352,0.02103,0.00293,0.00255,0.00389
CX2_38,5,112,0.89249,0.91867,0.02618,0.00293,0.00357,0.00462
CX2_38,5,113,0.89249,0.92018,0.02769,0.00293,0.00301,0.0042
CX2_38,5,114,0.89389,0.92093,0.02704,0.00293,0.00311,0.00427
CX2_38,5,115,0.8943,0.92244,0.02815,0.00293,0.00249,0.00385
CX2_38,5,116,0.89462,0.92295,0.02833,0.00293,0.00138,0.00324
CX2_38,5,117,0.89462,0.92339,0.02878,0.00293,0.00033,0.00295
CX2_38,5,118,0.8947,0.9238,0.0291,0.00293,0.00048,0.00297
CX2_38,5,119,0.8947,0.92437,0.02967,0.00293,0.0006,0.00299
CX2_38,5,120,0.89561,0.92444,0.02883,0.00293,0.00046,0.00297
CX2_38,5,121,0.89576,0.92447,0.02871,0.00293,0.00028,0.00295
CX2_38,5,122,0.89688,0.92443,0.02755,0.00293,0.00017,0.00294
CX2_38,5,123,0.89778,0.92435,0.02657,0.00293,0.00014,0.00294
CX2_38,5,124,0.89778,0.92435,0.02658,0.00293,0.00016,0.00294
CX2_38,5,125,0.89788,0.92429,0.02642,0.00293,0.00021,0.00294
CX2_38,5,126,0.89802,0.92405,0.02604,0.00293,0.00023,0.00294
CX2_38,5,127,0.89802,0.78867,0.10935,0.00293,0.00236,0.00376
CX2_38,5,128,0.89763,0.91867,0.02105,0.00293,0.00283,0.00407
CX2_38,5,129,0.88472,0.91226,0.02753,0.00293,0.00264,0.00395
CX2_38,5,130,0.88352,0.91183,0.02832,0.00293,0.0022,0.00367
CX2_38,5,131,0.88154,0.91085,0.02931,0.00293,0.00144,0.00327
CX2_38,5,132,0.88154,0.9085,0.02696,0.00293,0.00157,0.00333
CX2_38,5,133,0.88352,0.91525,0.03173,0.00293,0.00406,0.00501
CX2_38,5,134,0.88352,0.91674,0.03323,0.00293,0.00612,0.00679
CX2_38,5,135,0.88154,0.91033,0.02879,0.00293,0.00406,0.00501
CX2_38,5,136,0.8832,0.90685,0.02365,0.00293,0.00388,0.00486
CX2_38,5,137,0.8832,0.90752,0.02432,0.00293,0.00152,0.0033
CX2_38,5,138,0.88173,0.90695,0.02522,0.00293,0.00084,0.00305
CX2_38,5,139,0.88173,0.92234,0.04061,0.00293,0.00327,0.00439
CX2_38,5,140,0.8832,0.92792,0.04472,0.00293,0.00528,0.00604
CX2_38,5,141,0.90602,0.93002,0.024,0.00293,0.00549,0.00622
CX2_38,5,142,0.90602,0.92553,0.01951,0.00293,0.00596,0.00664
CX2_38,5,143,0.90602,0.91838,0.01236,0.00293,0.00361,0.00465
CX2_38,5,144,0.89606,0.91789,0.02183,0.00293,0.00257,0.0039
CX2_38,5,145,0.89606,0.91718,0.02112,0.00293,0.00233,0.00374
CX2_38,5,146,0.89458,0.91378,0.0192,0.00293,0.00547,0.0062
CX2_38,5,147,0.89606,0.91972,0.02366,0.00293,0.00517,0.00594
CX2_38,5,148,0.89803,0.92146,0.02343,0.00293,0.00538,0.00612
CX2_38,5,149,0.89803,0.91479,0.01676,0.00293,0.00489,0.0057
CX2_38,5,150,0.88737,0.9104,0.02303,0.00293,0.00259,0.00391
CX2_38,5,151,0.88684,0.91113,0.02429,0.00293,0.00275,0.00402
CX2_38,5,152,0.88457,0.90924,0.02467,0.00293,0.00152,0.0033
CX2_38,5,153,0.88442,0.90702,0.0226,0.00293,0.00186,0.00348
CX2_38,5,154,0.88457,0.91397,0.0294,0.00293,0.00246,0.00383
CX2_38,5,155,0.88684,0.91511,0.02827,0.00293,0.00129,0.00321
CX2_38,5,156,0.89628,0.91535,0.01907,0.00293,0.00475,0.00559
CX2_38,5,157,0.89628,0.91535,0.01907,0.00293,0.00245,0.00382
CX2_38,5,158,0.89628,0.9153,0.01902,0.00293,0.00111,0.00314
CX2_38,5,159,0.89619,0.91569,0.0195,0.00293,0.00142,0.00326
CX2_38,5,160,0.89616,0.9158,0.01964,0.00293,0.00181,0.00344
CX2_38,5,161,0.89616,0.91571,0.01955,0.00293,0.00198,0.00354
CX2_38,5,162,0.8954,0.91537,0.01997,0.00293,0.00098,0.00309
CX2_38,5,163,0.89476,0.91507,0.02031,0.00293,0.00011,0.00293
CX2_38,5,164,0.89474,0.91482,0.02009,0.00293,8e-05,0.00293
CX2_38,5,165,0.89465,0.91468,0.02004,0.00293,0.00011,0.00293
CX2_38,5,166,0.89413,0.91477,0.02065,0.00293,0.00013,0.00294
CX2_38,5,167,0.8941,0.91467,0.02057,0.00293,0.00013,0.00294
CX2_38,5,168,0.89391,0.91552,0.02161,0.00293,0.00015,0.00294
CX2_38,5,169,0.89367,0.91539,0.02172,0.00293,0.00011,0.00293
CX2_38,5,170,0.89367,0.90472,0.01104,0.00293,0.00132,0.00322
CX2_38,5,171,0.89306,0.90354,0.01048,0.00293,0.00156,0.00332
CX2_38,5,172,0.88191,0.90193,0.02002,0.00293,0.00184,0.00346
CX2_38,5,173,0.8763,0.90091,0.0246,0.00293,0.00141,0.00326
CX2_38,5,174,0.8763,0.90133,0.02502,0.00293,0.00274,0.00402
CX2_38,5,175,0.88191,0.90671,0.02479,0.00293,0.003,0.0042
CX2_38,5,176,0.88754,0.90782,0.02028,0.00293,0.00132,0.00322
CX2_38,5,177,0.88754,0.89717,0.00963,0.00293,0.00438,0.00527
CX2_38,5,178,0.88754,0.8967,0.00917,0.00293,0.00328,0.0044
CX2_38,5,179,0.87381,0.89667,0.02286,0.00293,0.00189,0.00349
CX2_38,5,180,0.87262,0.89598,0.02335,0.00293,0.00274,0.00402
CX2_38,5,181,0.87262,0.8983,0.02568,0.00293,0.00208,0.00359
CX2_38,5,182,0.87381,0.90278,0.02897,0.00293,0.00405,0.005
CX2_38,5,183,0.88493,0.90395,0.01902,0.00293,0.00259,0.00392
CX2_38,5,184,0.88493,0.89479,0.00986,0.00293,0.00406,0.00501
CX2_38,5,185,0.88493,0.89523,0.0103,0.00293,0.00243,0.00381
CX2_38,5,186,0.87755,0.89572,0.01816,0.00293,0.00139,0.00325
CX2_38,5,187,0.87488,0.89467,0.0198,0.00293,0.00155,0.00332
CX2_38,5,188,0.87488,0.89793,0.02305,0.00293,0.00259,0.00391
CX2_38,5,189,0.87755,0.91065,0.03309,0.00293,0.00368,0.0047
CX2_38,5,190,0.88562,0.91661,0.031,0.00293,0.0052,0.00597
CX2_38,5,191,0.89704,0.91889,0.02185,0.00293,0.00366,0.00469
CX2_38,5,192,0.89704,0.91346,0.01642,0.00293,0.00512,0.0059
CX2_38,5,193,0.89704,0.90736,0.01032,0.00293,0.00491,0.00572
CX2_38,5,194,0.88936,0.90795,0.01859,0.00293,0.00304,0.00423
CX2_38,5,195,0.88936,0.91405,0.02469,0.00293,0.00344,0.00452
CX2_38,5,196,0.88936,0.91521,0.02585,0.00293,0.00392,0.0049
CX2_38,5,197,0.89607,0.91464,0.01857,0.00293,0.0042,0.00513
CX2_38,5,198,0.89607,0.91427,0.0182,0.00293,0.00309,0.00426
CX2_38,5,200,0.89504,0.91333,0.01828,0.00293,0.001,0.0031
CX2_38,5,201,0.89399,0.91306,0.01907,0.00293,0.00229,0.00372
CX2_38,5,202,0.89399,0.91338,0.01938,0.00293,0.00078,0.00303
CX2_38,5,203,0.89379,0.91312,0.01934,0.00293,0.00034,0.00295
CX2_38,5,204,0.89379,0.91268,0.0189,0.00293,0.00034,0.00295
CX2_38,5,205,0.89279,0.9122,0.01942,0.00293,0.00087,0.00306
CX2_38,5,206,0.89236,0.91186,0.0195,0.00293,0.00157,0.00332
CX2_38,5,207,0.89143,0.91155,0.02012,0.00293,0.00226,0.0037
CX2_38,5,208,0.89139,0.91135,0.01996,0.00293,0.00319,0.00433
CX2_38,5,209,0.89063,0.91119,0.02057,0.00293,0.00013,0.00294
CX2_38,5,210,0.89043,0.9107,0.02028,0.00293,0.0001,0.00293
CX2_38,5,211,0.88995,0.91031,0.02036,0.00293,0.00014,0.00294
CX2_38,5,212,0.88977,0.91003,0.02027,0.00293,8e-05,0.00293
CX2_38,5,213,0.8893,0.90501,0.01571,0.00293,0.00156,0.00332
CX2_38,5,214,0.88915,0.89857,0.00942,0.00293,0.00142,0.00326
CX2_38,5,215,0.87899,0.89817,0.01918,0.00293,0.0014,0.00325
CX2_38,5,216,0.87865,0.89598,0.01733,0.00293,0.00117,0.00316
CX2_38,5,217,0.87275,0.89394,0.02119,0.00293,0.00128,0.0032
CX2_38,5,218,0.87865,0.90009,0.02143,0.00293,0.00213,0.00362
CX2_38,5,219,0.87865,0.90236,0.02371,0.00293,0.00296,0.00417
CX2_38,5,220,0.87275,0.8978,0.02505,0.00293,0.00371,0.00473
CX2_38,5,221,0.86966,0.89208,0.02242,0.00293,0.00313,0.00429
CX2_38,5,222,0.87276,0.8927,0.01994,0.00293,0.00267,0.00397
CX2_38,5,223,0.87154,0.89244,0.0209,0.00293,0.00228,0.00371
CX2_38,5,224,0.86966,0.8885,0.01884,0.00293,0.00207,0.00359
CX2_38,5,225,0.87154,0.89534,0.0238,0.00293,0.00268,0.00398
CX2_38,5,226,0.87276,0.89749,0.02473,0.00293,0.00345,0.00453
CX2_38,5,227,0.87154,0.89186,0.02032,0.00293,0.00363,0.00467
CX2_38,5,228,0.86361,0.8865,0.02289,0.00293,0.00252,0.00387
CX2_38,5,229,0.86328,0.88725,0.02397,0.00293,0.00203,0.00357
CX2_38,5,230,0.86168,0.8848,0.02312,0.00293,0.00155,0.00332
CX2_38,5,231,0.86062,0.88371,0.0231,0.00293,0.00142,0.00326
CX2_38,5,232,0.86168,0.89068,0.02901,0.00293,0.00252,0.00387
CX2_38,5,233,0.86328,0.89275,0.02947,0.00293,0.00308,0.00425
CX2_38,5,234,0.85782,0.88676,0.02894,0.00293,0.00324,0.00437
CX2_38,5,235,0.85667,0.88291,0.02624,0.00293,0.00175,0.00342
CX2_38,5,236,0.8593,0.88362,0.02432,0.00293,0.00146,0.00328
CX2_38,5,237,0.85809,0.88389,0.0258,0.00293,0.00148,0.00328
CX2_38,5,238,0.8576,0.88351,0.02591,0.00293,0.00158,0.00333
CX2_38,5,239,0.85809,0.89465,0.03656,0.00293,0.00157,0.00332
CX2_38,5,240,0.8593,0.89555,0.03625,0.00293,0.00228,0.00371
CX2_38,5,241,0.85995,0.89278,0.03283,0.00293,0.00155,0.00332
CX2_38,5,242,0.87527,0.90081,0.02554,0.00293,0.00417,0.0051
CX2_38,5,243,0.88053,0.90689,0.02636,0.00293,0.00096,0.00309
CX2_38,5,244,0.88992,0.90608,0.01616,0.00293,0.00246,0.00383
CX2_38,5,245,0.88992,0.89385,0.00392,0.00293,0.00514,0.00592
CX2_38,5,246,0.88992,0.89355,0.00363,0.00293,0.00683,0.00743
CX2_38,5,247,0.86631,0.89202,0.02572,0.00293,0.00578,0.00649
CX2_38,5,248,0.86631,0.89309,0.02678,0.00293,0.00454,0.0054
CX2_38,5,249,0.86614,0.88905,0.02291,0.00293,0.00527,0.00603
CX2_38,5,251,0.86631,0.89048,0.02418,0.00293,0.00394,0.00491
CX2_38,5,252,0.87534,0.89657,0.02123,0.00293,0.00553,0.00626
CX2_38,5,253,0.87902,0.89762,0.0186,0.00293,0.00509,0.00587
CX2_38,5,254,0.87902,0.88679,0.00777,0.00293,0.00504,0.00583
CX2_38,5,255,0.87902,0.88534,0.00632,0.00293,0.00522,0.00599
CX2_38,5,256,0.86545,0.88371,0.01827,0.00293,0.00565,0.00637
CX2_38,5,257,0.86041,0.88256,0.02215,0.00293,0.0055,0.00623
CX2_38,5,258,0.86041,0.88337,0.02296,0.00293,0.00664,0.00726
CX2_38,5,259,0.86545,0.88906,0.02361,0.00293,0.00473,0.00557
CX2_38,5,260,0.86864,0.88991,0.02127,0.00293,0.00318,0.00433
CX2_38,5,261,0.86864,0.87816,0.00952,0.00293,0.00474,0.00558
CX2_38,5,262,0.86864,0.87839,0.00976,0.00293,0.00592,0.00661
CX2_38,5,263,0.85204,0.87767,0.02563,0.00293,0.00259,0.00391
CX2_38,5,264,0.85173,0.87708,0.02535,0.00293,0.00289,0.00412
CX2_38,5,265,0.85173,0.87928,0.02756,0.00293,0.0041,0.00504
CX2_38,5,266,0.85204,0.88357,0.03153,0.00293,0.00434,0.00523
CX2_38,5,267,0.86313,0.88434,0.02122,0.00293,0.00292,0.00414
CX2_38,5,268,0.86372,0.88464,0.02092,0.00293,0.005,0.00579
CX2_38,5,269,0.86389,0.88496,0.02107,0.00293,0.0021,0.00361
CX2_38,5,270,0.86389,0.88533,0.02144,0.00293,0.00175,0.00342
CX2_38,5,271,0.86423,0.88576,0.02152,0.00293,0.00102,0.0031
CX2_38,5,272,0.86553,0.88582,0.0203,0.00293,0.00144,0.00327
CX2_38,5,273,0.86598,0.88597,0.01999,0.00293,0.00076,0.00303
CX2_38,5,274,0.86601,0.88584,0.01983,0.00293,0.00048,0.00297
CX2_38,5,275,0.86601,0.88538,0.01937,0.00293,0.0002,0.00294
CX2_38,5,276,0.86601,0.88572,0.01971,0.00293,0.00022,0.00294
CX2_38,5,277,0.86603,0.88546,0.01943,0.00293,0.00028,0.00295
CX2_38,5,278,0.86603,0.88569,0.01965,0.00293,0.00021,0.00294
CX2_38,5,279,0.86645,0.88621,0.01976,0.00293,0.00012,0.00294
CX2_38,5,280,0.86689,0.88641,0.01952,0.00293,0.00012,0.00294
CX2_38,5,281,0.86667,0.88603,0.01935,0.00293,0.00011,0.00293
CX2_38,5,283,0.86667,0.87111,0.00444,0.00293,0.0049,0.00571
CX2_38,5,284,0.84827,0.87285,0.02458,0.00293,0.00412,0.00506
CX2_38,5,285,0.8416,0.8707,0.0291,0.00293,0.00337,0.00447
CX2_38,5,286,0.83774,0.86879,0.03105,0.00293,0.00307,0.00425
CX2_38,5,287,0.8416,0.8779,0.0363,0.00293,0.00443,0.00531
CX2_38,5,288,0.84827,0.8794,0.03113,0.00293,0.0046,0.00545
CX2_38,5,289,0.83936,0.87093,0.03157,0.00293,0.00612,0.00679
CX2_38,5,290,0.83936,0.86697,0.0276,0.00293,0.00448,0.00535
CX2_38,5,291,0.84024,0.86822,0.02798,0.00293,0.00578,0.00648
CX2_38,5,292,0.84024,0.86772,0.02749,0.00293,0.00228,0.00372
CX2_38,5,293,0.83936,0.86448,0.02512,0.00293,0.00203,0.00357
CX2_38,5,294,0.84024,0.87262,0.03239,0.00293,0.00226,0.0037
CX2_38,5,295,0.84092,0.87438,0.03346,0.00293,0.00301,0.0042
CX2_38,5,296,0.84092,0.86695,0.02603,0.00293,0.00316,0.00431
CX2_38,5,297,0.83691,0.86254,0.02563,0.00293,0.00158,0.00333
CX2_38,5,298,0.85406,0.87565,0.02159,0.00293,0.00454,0.0054
CX2_38,5,299,0.85503,0.8761,0.02107,0.00293,0.00373,0.00475
CX2_38,5,300,0.85715,0.88191,0.02476,0.00293,0.00376,0.00477
CX2_38,5,301,0.85717,0.88416,0.02699,0.00293,0.00288,0.00411
CX2_38,5,302,0.85717,0.88075,0.02358,0.00293,0.0043,0.00521
CX2_38,5,303,0.85717,0.8718,0.01463,0.00293,0.00602,0.0067
CX2_38,5,304,0.84761,0.87209,0.02448,0.00293,0.00497,0.00577
CX2_38,5,305,0.84662,0.87035,0.02373,0.00293,0.00557,0.00629
CX2_38,5,306,0.8427,0.86808,0.02538,0.00293,0.00221,0.00367
CX2_38,5,307,0.8427,0.87353,0.03083,0.00293,0.00183,0.00345
CX2_38,5,308,0.84662,0.87551,0.02889,0.00293,0.0049,0.00571
CX2_38,5,309,0.85757,0.87591,0.01835,0.00293,0.00554,0.00627
CX2_38,5,310,0.85757,0.87598,0.01841,0.00293,0.00285,0.00409
CX2_38,5,311,0.85772,0.87621,0.01849,0.00293,0.0015,0.00329
CX2_38,5,312,0.85772,0.87674,0.01903,0.00293,0.00161,0.00335
CX2_38,5,313,0.85829,0.87681,0.01851,0.00293,0.00184,0.00346
CX2_38,5,314,0.85829,0.87618,0.01789,0.00293,0.00222,0.00368
CX2_38,5,315,0.85829,0.87589,0.0176,0.00293,0.0017,0.00339
CX2_38,5,316,0.85792,0.87559,0.01767,0.00293,0.00018,0.00294
CX2_38,5,317,0.85767,0.87532,0.01765,0.00293,0.00017,0.00294
CX2_38,5,318,0.8576,0.87506,0.01746,0.00293,0.00027,0.00295
CX2_38,5,319,0.85705,0.875,0.01796,0.00293,0.00017,0.00294
CX2_38,5,320,0.85705,0.87506,0.01801,0.00293,0.00023,0.00294
CX2_38,5,321,0.85706,0.87482,0.01776,0.00293,0.00025,0.00294
CX2_38,5,322,0.85705,0.87463,0.01758,0.00293,0.00018,0.00294
CX2_38,5,323,0.85706,0.87411,0.01705,0.00293,0.00017,0.00294
CX2_38,5,324,0.85706,0.86146,0.0044,0.00293,0.00193,0.00351
CX2_38,5,325,0.85673,0.86008,0.00335,0.00293,0.00336,0.00446
CX2_38,5,326,0.83325,0.85918,0.02593,0.00293,0.00281,0.00406
CX2_38,5,327,0.83324,0.85753,0.02429,0.00293,0.00258,0.0039
CX2_38,5,328,0.83324,0.86065,0.02741,0.00293,0.00415,0.00508
CX2_38,5,329,0.83324,0.86601,0.03277,0.00293,0.00519,0.00596
CX2_38,5,330,0.84965,0.86714,0.01749,0.00293,0.00109,0.00313
CX2_38,5,331,0.84965,0.85698,0.00732,0.00293,0.00627,0.00693
CX2_38,5,332,0.84965,0.85579,0.00613,0.00293,0.0023,0.00373
CX2_38,5,333,0.83082,0.85437,0.02354,0.00293,0.00224,0.00369
CX2_38,5,334,0.83064,0.85479,0.02416,0.00293,0.00128,0.0032
CX2_38,5,335,0.83064,0.85654,0.0259,0.00293,0.0024,0.00379
CX2_38,5,336,0.83082,0.86148,0.03065,0.00293,0.00585,0.00654
CX2_38,5,337,0.84426,0.86356,0.0193,0.00293,0.00213,0.00363
CX2_38,5,338,0.84426,0.85356,0.0093,0.00293,0.00567,0.00638
CX2_38,5,339,0.84426,0.85276,0.00849,0.00293,0.00345,0.00453
CX2_38,5,340,0.8306,0.85132,0.02073,0.00293,0.00282,0.00407
CX2_38,5,341,0.8306,0.85169,0.02109,0.00293,0.00312,0.00428
CX2_38,5,342,0.8306,0.85233,0.02173,0.00293,0.00491,0.00572
CX2_38,5,343,0.83115,0.85924,0.02809,0.00293,0.00556,0.00629
CX2_38,5,344,0.83382,0.86053,0.0267,0.00293,0.00502,0.00581
CX2_38,5,345,0.83382,0.8518,0.01797,0.00293,0.00579,0.00649
CX2_38,5,346,0.83382,0.85065,0.01683,0.00293,0.00338,0.00448
CX2_38,5,347,0.83188,0.85012,0.01824,0.00293,0.00237,0.00377
CX2_38,5,348,0.83077,0.85967,0.02889,0.00293,0.00155,0.00332
CX2_38,5,349,0.83077,0.86158,0.03081,0.00293,0.00136,0.00323
CX2_38,5,350,0.83188,0.86891,0.03703,0.00293,0.00161,0.00335
CX2_38,5,351,0.83435,0.86893,0.03458,0.00293,0.00303,0.00421
CX2_38,5,352,0.84666,0.86904,0.02238,0.00293,0.00468,0.00552
CX2_38,5,353,0.85012,0.86869,0.01857,0.00293,0.0029,0.00412
CX2_38,5,354,0.85048,0.86921,0.01873,0.00293,0.00157,0.00333
CX2_38,5,355,0.8512,0.86964,0.01843,0.00293,0.00175,0.00341
CX2_38,5,356,0.85262,0.86936,0.01674,0.00293,0.00202,0.00356
CX2_38,5,357,0.85262,0.86906,0.01645,0.00293,0.00198,0.00354
CX2_38,5,358,0.85262,0.86871,0.01609,0.00293,0.00088,0.00306
CX2_38,5,359,0.85186,0.86838,0.01652,0.00293,0.00062,0.003
CX2_38,5,360,0.85185,0.86808,0.01623,0.00293,0.00047,0.00297
CX2_38,5,361,0.85157,0.86778,0.01621,0.00293,0.00042,0.00296
CX2_38,5,362,0.85157,0.86763,0.01605,0.00293,0.00021,0.00294
CX2_38,5,363,0.85154,0.86776,0.01622,0.00293,0.00023,0.00294
CX2_38,5,364,0.85146,0.86727,0.01581,0.00293,0.00021,0.00294
CX2_38,5,365,0.85154,0.867,0.01546,0.00293,0.00011,0.00293
CX2_38,5,366,0.85154,0.85597,0.00443,0.00293,0.00185,0.00347
CX2_38,5,367,0.85105,0.85243,0.00138,0.00293,0.00337,0.00446
CX2_38,5,368,0.82678,0.85136,0.02458,0.00293,0.00276,0.00403
CX2_38,5,370,0.82582,0.84869,0.02287,0.00293,0.00474,0.00557
CX2_38,5,371,0.82582,0.85444,0.02862,0.00293,0.00279,0.00405
CX2_38,5,372,0.82614,0.858,0.03186,0.00293,0.00558,0.0063
CX2_38,5,373,0.83465,0.85708,0.02244,0.00293,0.00594,0.00662
CX2_38,5,374,0.83465,0.84771,0.01306,0.00293,0.00606,0.00673
CX2_38,5,375,0.83465,0.84859,0.01395,0.00293,0.00503,0.00582
CX2_38,5,376,0.82373,0.8479,0.02418,0.00293,0.00531,0.00606
CX2_38,5,377,0.82183,0.84652,0.0247,0.00293,0.00686,0.00746
CX2_38,5,378,0.82183,0.85,0.02818,0.00293,0.00636,0.007
CX2_38,5,379,0.82373,0.85487,0.03114,0.00293,0.0055,0.00623
CX2_38,5,380,0.83945,0.85652,0.01708,0.00293,0.00241,0.0038
CX2_38,5,381,0.83945,0.84646,0.00702,0.00293,0.00616,0.00683
CX2_38,5,382,0.83945,0.84645,0.007,0.00293,0.00359,0.00464
CX2_38,5,383,0.82469,0.84653,0.02184,0.00293,0.0021,0.00361
CX2_38,5,384,0.82237,0.84549,0.02312,0.00293,0.00224,0.00369
CX2_38,5,386,0.82237,0.85264,0.03027,0.00293,0.00374,0.00475
CX2_38,5,387,0.82469,0.85452,0.02982,0.00293,0.004,0.00496
CX2_38,5,388,0.82123,0.849,0.02776,0.00293,0.00446,0.00534
CX2_38,5,389,0.82096,0.84428,0.02332,0.00293,0.00271,0.00399
CX2_38,5,390,0.82096,0.84398,0.02302,0.00293,0.00273,0.00401
CX2_38,5,391,0.81692,0.84283,0.02591,0.00293,0.00278,0.00404
CX2_38,5,392,0.81626,0.84147,0.02521,0.00293,0.00269,0.00398
CX2_38,5,393,0.81626,0.84708,0.03082,0.00293,0.00404,0.005
CX2_38,5,394,0.81533,0.83977,0.02444,0.00293,0.00484,0.00566
CX2_38,5,395,0.81038,0.83869,0.02831,0.00293,0.00143,0.00326
CX2_38,5,396,0.80896,0.83872,0.02976,0.00293,0.00072,0.00302
CX2_38,5,397,0.80896,0.8391,0.03014,0.00293,0.00169,0.00338
CX2_38,5,398,0.80896,0.85823,0.04927,0.00293,0.0033,0.00442
CX2_38,5,399,0.81373,0.86412,0.05039,0.00293,0.00698,0.00757
CX2_38,5,400,0.83685,0.86725,0.0304,0.00293,0.00673,0.00734
CX2_38,5,401,0.85087,0.86789,0.01702,0.00293,0.00527,0.00603
CX2_38,5,402,0.85087,0.86009,0.00922,0.00293,0.0069,0.0075
CX2_38,5,403,0.85087,0.86134,0.01047,0.00293,0.00543,0.00618
CX2_38,5,404,0.84319,0.8643,0.02111,0.00293,0.00072,0.00302
CX2_38,5,405,0.84319,0.86553,0.02234,0.00293,0.00522,0.00599
CX2_38,5,406,0.84319,0.8667,0.0235,0.00293,0.00385,0.00484
CX2_38,5,407,0.84491,0.86795,0.02305,0.00293,0.00334,0.00445
CX2_38,5,408,0.85133,0.8681,0.01677,0.00293,0.00105,0.00312
CX2_38,5,409,0.85133,0.86105,0.00972,0.00293,0.00235,0.00376
CX2_38,5,410,0.85133,0.85961,0.00828,0.00293,0.00388,0.00487
CX2_38,5,411,0.83866,0.86051,0.02185,0.00293,0.0024,0.00379
CX2_38,5,412,0.83802,0.85986,0.02184,0.00293,0.00117,0.00316
CX2_38,5,413,0.83802,0.86103,0.02302,0.00293,0.00113,0.00314
CX2_38,5,414,0.83866,0.86313,0.02448,0.00293,0.00298,0.00418
CX2_38,5,415,0.84251,0.8631,0.02059,0.00293,0.00195,0.00352
CX2_38,5,416,0.84251,0.85455,0.01204,0.00293,0.00366,0.00469
CX2_38,5,417,0.84251,0.85445,0.01194,0.00293,0.00273,0.004
CX2_38,5,418,0.82433,0.85344,0.02911,0.00293,0.00143,0.00326
CX2_38,5,419,0.82433,0.85389,0.02956,0.00293,0.00195,0.00352
CX2_38,5,420,0.82433,0.85294,0.02861,0.00293,0.00317,0.00432
CX2_38,5,421,0.82818,0.85769,0.02951,0.00293,0.00402,0.00498
CX2_38,5,422,0.82953,0.85817,0.02864,0.00293,0.00341,0.0045
CX2_38,5,423,0.82953,0.85152,0.02199,0.00293,0.00431,0.00522
CX2_38,5,424,0.82953,0.85109,0.02157,0.00293,0.0024,0.00379
CX2_38,5,425,0.82516,0.85125,0.02609,0.00293,0.00127,0.00319
CX2_38,5,426,0.82516,0.85216,0.027,0.00293,0.00158,0.00333
CX2_38,5,427,0.82484,0.8507,0.02586,0.00293,0.00172,0.0034
CX2_38,5,428,0.82516,0.8553,0.03014,0.00293,0.0018,0.00344
CX2_38,5,429,0.83048,0.85609,0.02561,0.00293,0.00333,0.00444
CX2_38,5,430,0.83585,0.85636,0.02051,0.00293,0.00352,0.00458
CX2_38,5,431,0.83762,0.85657,0.01895,0.00293,0.00168,0.00338
CX2_38,5,432,0.83809,0.85677,0.01867,0.00293,0.00101,0.0031
CX2_38,5,433,0.83847,0.85793,0.01946,0.00293,0.00104,0.00311
CX2_38,5,434,0.83858,0.85838,0.0198,0.00293,0.00107,0.00312
CX2_38,5,435,0.84125,0.8585,0.01725,0.00293,0.00083,0.00305
CX2_38,5,436,0.84125,0.85856,0.01731,0.00293,0.00098,0.00309
CX2_38,5,437,0.84125,0.8586,0.01734,0.00293,0.00043,0.00296
CX2_38,5,438,0.84054,0.85825,0.01771,0.00293,0.00018,0.00294
CX2_38,5,439,0.84035,0.85809,0.01774,0.00293,0.00028,0.00295
CX2_38,5,440,0.84035,0.85796,0.01761,0.00293,0.00041,0.00296
CX2_38,5,441,0.84039,0.85816,0.01777,0.00293,0.00016,0.00294
CX2_38,5,442,0.84054,0.85808,0.01754,0.00293,0.00024,0.00294
CX2_38,5,443,0.84039,0.85788,0.01749,0.00293,0.00022,0.00294
CX2_38,5,444,0.84039,0.85483,0.01444,0.00293,0.0011,0.00313
CX2_38,5,445,0.84025,0.84745,0.0072,0.00293,0.00236,0.00376
CX2_38,5,446,0.82694,0.8459,0.01896,0.00293,0.00208,0.0036
CX2_38,5,447,0.82193,0.84581,0.02388,0.00293,0.00101,0.0031
CX2_38,5,448,0.82193,0.85659,0.03466,0.00293,0.00346,0.00454
CX2_38,5,449,0.82193,0.85818,0.03625,0.00293,0.00479,0.00562
CX2_38,5,451,0.83736,0.86094,0.02358,0.00293,0.00587,0.00656
CX2_38,5,452,0.83848,0.86229,0.02381,0.00293,0.00588,0.00657
CX2_38,5,453,0.83736,0.85921,0.02185,0.00293,0.00476,0.00559
CX2_38,5,454,0.83289,0.85445,0.02156,0.00293,0.00469,0.00553
CX2_38,5,455,0.83619,0.85552,0.01933,0.00293,0.0046,0.00546
CX2_38,5,456,0.83395,0.85521,0.02126,0.00293,0.0048,0.00563
CX2_38,5,457,0.83289,0.85257,0.01969,0.00293,0.00348,0.00455
CX2_38,5,458,0.83395,0.85627,0.02233,0.00293,0.00404,0.005
CX2_38,5,459,0.83619,0.85775,0.02156,0.00293,0.00182,0.00345
CX2_38,5,460,0.83649,0.85664,0.02015,0.00293,0.00334,0.00445
CX2_38,5,461,0.83649,0.84849,0.01199,0.00293,0.00355,0.0046
CX2_38,5,462,0.83649,0.8484,0.01191,0.00293,0.00279,0.00405
CX2_38,5,463,0.82686,0.84812,0.02125,0.00293,0.00178,0.00343
CX2_38,5,464,0.82651,0.84774,0.02123,0.00293,0.00171,0.0034
CX2_38,5,465,0.82651,0.84989,0.02338,0.00293,0.00285,0.00409
CX2_38,5,466,0.82686,0.85314,0.02627,0.00293,0.00344,0.00452
CX2_38,5,468,0.82651,0.84562,0.01911,0.00293,0.00307,0.00424
CX2_38,5,469,0.82155,0.8435,0.02195,0.00293,0.00245,0.00382
CX2_38,5,470,0.82155,0.84447,0.02292,0.00293,0.00187,0.00348
CX2_38,5,471,0.82155,0.845,0.02345,0.00293,0.0017,0.00339
CX2_38,5,473,0.82415,0.8468,0.02265,0.00293,0.00286,0.0041
CX2_38,5,474,0.82441,0.84933,0.02492,0.00293,0.00449,0.00537
CX2_38,5,475,0.8316,0.84997,0.01837,0.00293,0.00227,0.00371
CX2_38,5,476,0.8328,0.85063,0.01783,0.00293,0.00216,0.00364
CX2_38,5,477,0.83297,0.8509,0.01793,0.00293,0.00076,0.00303
CX2_38,5,478,0.83429,0.85139,0.0171,0.00293,0.00191,0.0035
CX2_38,5,479,0.83525,0.85214,0.01689,0.00293,0.00284,0.00408
CX2_38,5,480,0.83603,0.85197,0.01594,0.00293,0.00407,0.00502
CX2_38,5,481,0.83603,0.85182,0.01579,0.00293,0.00456,0.00542
CX2_38,5,482,0.83603,0.85181,0.01578,0.00293,0.00051,0.00298
CX2_38,5,483,0.83516,0.85153,0.01638,0.00293,0.00056,0.00299
CX2_38,5,484,0.83515,0.8513,0.01615,0.00293,0.00053,0.00298
CX2_38,5,485,0.83405,0.85143,0.01738,0.00293,0.00047,0.00297
CX2_38,5,486,0.83298,0.85161,0.01863,0.00293,0.00028,0.00295
CX2_38,5,487,0.8322,0.85166,0.01947,0.00293,0.00015,0.00294
CX2_38,5,488,0.83198,0.85164,0.01966,0.00293,9e-05,0.00293
CX2_38,5,489,0.83179,0.8514,0.01961,0.00293,0.00012,0.00294
CX2_38,5,491,0.83042,0.83992,0.0095,0.00293,0.00365,0.00468
CX2_38,5,492,0.81839,0.8405,0.02211,0.00293,0.00323,0.00437
CX2_38,5,493,0.81762,0.84071,0.02309,0.00293,0.00211,0.00361
CX2_38,5,494,0.8158,0.83958,0.02377,0.00293,0.00112,0.00314
CX2_38,5,495,0.81762,0.84399,0.02637,0.00293,0.00253,0.00387
CX2_38,5,496,0.81839,0.84673,0.02833,0.00293,0.00425,0.00517
CX2_38,5,497,0.82188,0.84585,0.02397,0.00293,0.00264,0.00394
CX2_38,5,498,0.82188,0.84396,0.02208,0.00293,0.00268,0.00397
CX2_38,5,499,0.82188,0.84547,0.0236,0.00293,0.00419,0.00512
CX2_38,5,500,0.82188,0.8469,0.02502,0.00293,0.00233,0.00375
CX2_38,5,501,0.82188,0.85097,0.0291,0.00293,0.00247,0.00383
CX2_38,5,502,0.83117,0.85131,0.02015,0.00293,0.00237,0.00377
CX2_38,5,503,0.83117,0.84384,0.01268,0.00293,0.00332,0.00443
CX2_38,5,504,0.83117,0.84222,0.01106,0.00293,0.00247,0.00383
CX2_38,5,505,0.81947,0.84214,0.02267,0.00293,0.00156,0.00332
CX2_38,5,506,0.81925,0.84108,0.02183,0.00293,0.00069,0.00301
CX2_38,5,507,0.81885,0.83946,0.02061,0.00293,0.00128,0.0032
CX2_38,5,508,0.81885,0.84586,0.02701,0.00293,0.00176,0.00342
CX2_38,5,509,0.81885,0.84682,0.02798,0.00293,0.00293,0.00415
CX2_38,5,510,0.81678,0.83985,0.02307,0.00293,0.00088,0.00306
CX2_38,5,511,0.81466,0.83639,0.02173,0.00293,0.00054,0.00298
CX2_38,5,512,0.8143,0.83854,0.02424,0.00293,0.00081,0.00304
CX2_38,5,513,0.81364,0.83315,0.01951,0.00293,0.00124,0.00319
CX2_38,5,514,0.81152,0.82669,0.01516,0.00293,0.00294,0.00415
CX2_38,5,515,0.81152,0.83682,0.0253,0.00293,0.00433,0.00523
CX2_38,5,516,0.8143,0.83984,0.02554,0.00293,0.00486,0.00567
CX2_38,5,518,0.78715,0.82531,0.03815,0.00293,0.00454,0.00541
CX2_38,5,519,0.783,0.82463,0.04162,0.00293,0.00383,0.00483
CX2_38,5,520,0.77888,0.82308,0.0442,0.00293,0.00378,0.00479
CX2_38,5,521,0.77888,0.82196,0.04307,0.00293,0.00417,0.0051
CX2_38,5,522,0.78018,0.82354,0.04336,0.00293,0.00383,0.00482
CX2_38,5,523,0.783,0.83274,0.04974,0.00293,0.00511,0.00589
CX2_38,5,524,0.79414,0.83471,0.04057,0.00293,0.0089,0.00938
CX2_38,5,525,0.81119,0.83593,0.02474,0.00293,0.00588,0.00657
CX2_38,5,526,0.81217,0.83675,0.02458,0.00293,0.00204,0.00357
CX2_38,5,527,0.8161,0.8377,0.02161,0.00293,0.00207,0.00359
CX2_38,5,528,0.81721,0.83944,0.02223,0.00293,0.00318,0.00433
CX2_38,5,529,0.81907,0.83976,0.02069,0.00293,0.00387,0.00486
CX2_38,5,530,0.82058,0.8398,0.01923,0.00293,0.00292,0.00414
CX2_38,5,531,0.82058,0.83882,0.01824,0.00293,0.00076,0.00303
CX2_38,5,532,0.82058,0.83863,0.01805,0.00293,0.00102,0.0031
CX2_38,5,533,0.82008,0.83851,0.01844,0.00293,0.0008,0.00304
CX2_38,5,534,0.81947,0.83843,0.01896,0.00293,0.00068,0.00301
CX2_38,5,535,0.81947,0.83891,0.01944,0.00293,0.00041,0.00296
CX2_38,5,536,0.81947,0.839,0.01954,0.00293,0.00032,0.00295
CX2_38,5,537,0.81959,0.8391,0.01951,0.00293,0.00029,0.00295
CX2_38,5,538,0.81959,0.8392,0.01961,0.00293,0.00026,0.00294
CX2_38,5,539,0.81959,0.83674,0.01714,0.00293,0.00059,0.00299
CX2_38,5,540,0.81925,0.82174,0.00249,0.00293,0.00254,0.00388
CX2_38,5,541,0.8129,0.81985,0.00695,0.00293,0.00546,0.00619
CX2_38,5,542,0.78475,0.81873,0.03399,0.00293,0.00416,0.00509
CX2_38,5,543,0.77918,0.81749,0.03831,0.00293,0.00325,0.00438
CX2_38,5,544,0.77918,0.82179,0.04261,0.00293,0.00586,0.00656
CX2_38,5,545,0.77918,0.82906,0.04988,0.00293,0.00776,0.00829
CX2_38,5,546,0.80672,0.8312,0.02448,0.00293,0.00326,0.00438
CX2_38,5,547,0.80672,0.81814,0.01141,0.00293,0.00949,0.00993
CX2_38,5,548,0.80672,0.82102,0.0143,0.00293,0.00644,0.00708
CX2_38,5,549,0.78702,0.81949,0.03247,0.00293,0.00441,0.0053
CX2_38,5,550,0.78702,0.82505,0.03803,0.00293,0.00542,0.00616
CX2_38,5,551,0.78702,0.83035,0.04333,0.00293,0.00798,0.00851
CX2_38,5,552,0.80146,0.8314,0.02994,0.00293,0.00632,0.00697
CX2_38,5,553,0.80146,0.81677,0.01531,0.00293,0.00604,0.00671
CX2_38,5,554,0.80146,0.81584,0.01437,0.00293,0.0069,0.0075
CX2_38,5,555,0.77425,0.81417,0.03992,0.00293,0.00571,0.00642
CX2_38,5,556,0.77015,0.81351,0.04335,0.00293,0.00224,0.00369
CX2_38,5,557,0.77015,0.81526,0.04511,0.00293,0.00379,0.00479
CX2_38,5,558,0.76871,0.81509,0.04639,0.00293,0.00407,0.00502
CX2_38,5,559,0.76871,0.82801,0.0593,0.00293,0.00531,0.00607
CX2_38,5,560,0.77047,0.83219,0.06172,0.00293,0.00222,0.00368
CX2_38,5,561,0.78312,0.82525,0.04213,0.00293,0.00362,0.00466
CX2_38,5,562,0.78312,0.81913,0.03602,0.00293,0.00405,0.005
CX2_38,5,563,0.78364,0.82046,0.03682,0.00293,0.00193,0.00351
CX2_38,5,564,0.78312,0.81878,0.03567,0.00293,0.00175,0.00342
CX2_38,5,565,0.7785,0.81797,0.03947,0.00293,0.003,0.00419
CX2_38,5,566,0.7785,0.8251,0.0466,0.00293,0.00352,0.00458
CX2_38,5,567,0.78364,0.82959,0.04596,0.00293,0.00574,0.00645
CX2_38,5,568,0.79578,0.8285,0.03272,0.00293,0.00629,0.00694
CX2_38,5,569,0.79578,0.81869,0.02291,0.00293,0.00364,0.00467
CX2_38,5,570,0.79578,0.81809,0.0223,0.00293,0.00382,0.00481
CX2_38,5,571,0.78191,0.8156,0.03369,0.00293,0.00214,0.00363
CX2_38,5,572,0.78166,0.81472,0.03306,0.00293,0.00239,0.00378
CX2_38,5,573,0.78166,0.81769,0.03603,0.00293,0.00359,0.00464
CX2_38,5,574,0.78191,0.82373,0.04182,0.00293,0.00653,0.00716
CX2_38,5,575,0.79564,0.82515,0.02951,0.00293,0.00464,0.00549
CX2_38,5,576,0.79564,0.81412,0.01848,0.00293,0.00563,0.00635
CX2_38,5,577,0.79564,0.8164,0.02076,0.00293,0.00425,0.00516
CX2_38,5,578,0.78691,0.81703,0.03012,0.00293,0.00338,0.00448
CX2_38,5,579,0.78691,0.81682,0.02991,0.00293,0.00297,0.00417
CX2_38,5,580,0.78649,0.81498,0.02849,0.00293,0.00451,0.00538
CX2_38,5,581,0.78691,0.8221,0.03519,0.00293,0.00433,0.00523
CX2_38,5,582,0.78695,0.82297,0.03602,0.00293,0.0044,0.00529
CX2_38,5,583,0.78695,0.81742,0.03047,0.00293,0.00428,0.00519
CX2_38,5,584,0.78586,0.81501,0.02915,0.00293,0.00263,0.00394
CX2_38,5,585,0.78586,0.81536,0.0295,0.00293,0.00186,0.00347
CX2_38,5,586,0.78567,0.81518,0.02951,0.00293,0.00072,0.00302
CX2_38,5,587,0.78318,0.81328,0.0301,0.00293,0.00096,0.00308
CX2_38,5,588,0.78318,0.81868,0.0355,0.00293,0.00226,0.0037
CX2_38,5,589,0.78567,0.82022,0.03455,0.00293,0.0031,0.00427
CX2_38,5,590,0.79499,0.82086,0.02588,0.00293,0.00369,0.00471
CX2_38,5,591,0.79538,0.82107,0.02569,0.00293,0.00185,0.00347
CX2_38,5,592,0.79638,0.82109,0.02471,0.00293,0.001,0.0031
CX2_38,5,593,0.79719,0.82125,0.02406,0.00293,0.00112,0.00314
CX2_38,5,594,0.7977,0.82141,0.0237,0.00293,0.00135,0.00323
CX2_38,5,595,0.79781,0.82252,0.02471,0.00293,0.00159,0.00334
CX2_38,5,596,0.79802,0.82266,0.02463,0.00293,0.0012,0.00317
CX2_38,5,597,0.7997,0.82259,0.02289,0.00293,0.00017,0.00294
CX2_38,5,598,0.7997,0.82235,0.02264,0.00293,0.00024,0.00294
CX2_38,5,599,0.7997,0.82216,0.02246,0.00293,0.00029,0.00295
CX2_38,5,600,0.79923,0.82195,0.02272,0.00293,0.0002,0.00294
CX2_38,5,601,0.7992,0.82042,0.02122,0.00293,0.00053,0.00298
CX2_38,5,602,0.79876,0.82024,0.02147,0.00293,0.00022,0.00294
CX2_38,5,603,0.79662,0.81999,0.02338,0.00293,0.00035,0.00295
CX2_38,5,604,0.79552,0.81946,0.02394,0.00293,0.00037,0.00296
CX2_38,5,605,0.79515,0.81253,0.01737,0.00293,0.00159,0.00334
CX2_38,5,606,0.79356,0.81372,0.02016,0.00293,0.00245,0.00382
CX2_38,5,607,0.77817,0.8129,0.03474,0.00293,0.0015,0.00329
CX2_38,5,608,0.77817,0.8171,0.03894,0.00293,0.0024,0.00379
CX2_38,5,609,0.77817,0.82035,0.04218,0.00293,0.00185,0.00347
CX2_38,5,610,0.79289,0.82013,0.02724,0.00293,0.00166,0.00337
CX2_38,5,611,0.79289,0.81073,0.01784,0.00293,0.00401,0.00497
CX2_38,5,612,0.79289,0.80966,0.01677,0.00293,0.00464,0.00549
CX2_38,5,613,0.77438,0.8093,0.03492,0.00293,0.00234,0.00375
CX2_38,5,614,0.77383,0.80796,0.03413,0.00293,0.00122,0.00318
CX2_38,5,615,0.77383,0.80972,0.0359,0.00293,0.00236,0.00377
CX2_38,5,616,0.77438,0.81496,0.04058,0.00293,0.00469,0.00553
CX2_38,5,617,0.78084,0.81581,0.03497,0.00293,0.00412,0.00505
CX2_38,5,618,0.78084,0.80796,0.02712,0.00293,0.00538,0.00613
CX2_38,5,619,0.78084,0.80605,0.02521,0.00293,0.00201,0.00355
CX2_38,5,620,0.76905,0.80716,0.03812,0.00293,0.00124,0.00319
CX2_38,5,621,0.76824,0.806,0.03776,0.00293,0.0008,0.00304
CX2_38,5,622,0.76809,0.80453,0.03644,0.00293,0.00178,0.00343
CX2_38,5,623,0.76824,0.81094,0.0427,0.00293,0.00177,0.00342
CX2_38,5,624,0.76905,0.81203,0.04298,0.00293,0.00398,0.00494
CX2_38,5,625,0.76664,0.80736,0.04072,0.00293,0.00171,0.00339
CX2_38,5,626,0.76382,0.80214,0.03832,0.00293,0.0012,0.00317
CX2_38,5,627,0.76686,0.80304,0.03618,0.00293,0.00121,0.00317
CX2_38,5,629,0.76382,0.80224,0.03843,0.00293,0.00563,0.00634
CX2_38,5,630,0.76344,0.80094,0.0375,0.00293,0.00573,0.00644
CX2_38,5,631,0.76686,0.80796,0.0411,0.00293,0.00483,0.00565
CX2_38,5,632,0.76893,0.80941,0.04048,0.00293,0.00574,0.00645
CX2_38,5,633,0.76893,0.80282,0.03388,0.00293,0.00316,0.00431
CX2_38,5,634,0.76552,0.80025,0.03473,0.00293,0.00423,0.00514
CX2_38,5,635,0.76552,0.80087,0.03534,0.00293,0.00539,0.00613
CX2_38,5,636,0.76247,0.80091,0.03843,0.00293,0.00646,0.00709
CX2_38,5,638,0.76229,0.80184,0.03955,0.00293,0.00541,0.00615
CX2_38,5,639,0.76247,0.80582,0.04334,0.00293,0.00556,0.00629
CX2_38,5,640,0.77748,0.80679,0.02931,0.00293,0.00547,0.00621
CX2_38,5,641,0.7791,0.80734,0.02825,0.00293,0.00367,0.00469
CX2_38,5,642,0.78119,0.80786,0.02667,0.00293,0.00214,0.00363
CX2_38,5,643,0.78306,0.80837,0.02531,0.00293,0.00235,0.00376
CX2_38,5,644,0.78312,0.80892,0.02581,0.00293,0.00391,0.00489
CX2_38,5,645,0.78608,0.8092,0.02312,0.00293,0.00567,0.00638
CX2_38,5,646,0.78679,0.80964,0.02285,0.00293,0.00649,0.00712
CX2_38,5,647,0.78687,0.81001,0.02314,0.00293,0.00054,0.00298
CX2_38,5,648,0.78687,0.81042,0.02355,0.00293,0.00062,0.003
CX2_38,5,649,0.78679,0.81082,0.02403,0.00293,0.0007,0.00301
CX2_38,5,650,0.78672,0.8109,0.02418,0.00293,0.0007,0.00302
CX2_38,5,651,0.78561,0.81111,0.0255,0.00293,0.00048,0.00297
CX2_38,5,652,0.78536,0.81143,0.02607,0.00293,0.00026,0.00294
CX2_38,5,653,0.78453,0.81172,0.02719,0.00293,0.00017,0.00294
CX2_38,5,654,0.78397,0.81186,0.02788,0.00293,0.00014,0.00294
CX2_38,5,655,0.7837,0.80991,0.02621,0.00293,0.00039,0.00296
CX2_38,5,657,0.78024,0.79278,0.01255,0.00293,0.00871,0.00919
CX2_38,5,658,0.73799,0.79325,0.05526,0.00293,0.00699,0.00758
CX2_38,5,659,0.73799,0.8028,0.06481,0.00293,0.00534,0.0061
CX2_38,5,660,0.73799,0.8044,0.06641,0.00293,0.00565,0.00637
CX2_38,5,661,0.75724,0.79742,0.04018,0.00293,0.00217,0.00365
CX2_38,5,662,0.75759,0.79606,0.03848,0.00293,0.00813,0.00864
CX2_38,5,663,0.75759,0.79579,0.03821,0.00293,0.00836,0.00886
CX2_38,5,664,0.75759,0.79748,0.03989,0.00293,0.0033,0.00442
CX2_38,5,665,0.75759,0.79669,0.0391,0.00293,0.00747,0.00803
CX2_38,5,667,0.76199,0.80132,0.03934,0.00293,0.0027,0.00399
CX2_38,5,668,0.76251,0.80244,0.03993,0.00293,0.00392,0.00489
CX2_38,5,669,0.76199,0.79578,0.03379,0.00293,0.00288,0.00411
CX2_38,5,670,0.76099,0.7952,0.03421,0.00293,0.00162,0.00335
CX2_38,5,671,0.76099,0.79487,0.03388,0.00293,0.00223,0.00368
CX2_38,5,672,0.76099,0.79592,0.03493,0.00293,0.00262,0.00393
CX2_38,5,673,0.76009,0.79497,0.03488,0.00293,0.00277,0.00403
CX2_38,5,674,0.76099,0.79954,0.03855,0.00293,0.00309,0.00426
CX2_38,5,675,0.76106,0.79984,0.03878,0.00293,0.00195,0.00352
CX2_38,5,676,0.76106,0.79489,0.03383,0.00293,0.00231,0.00374
CX2_38,5,677,0.76009,0.79218,0.03209,0.00293,0.00167,0.00337
CX2_38,5,678,0.76009,0.79265,0.03256,0.00293,0.00091,0.00307
CX2_38,5,679,0.75767,0.79176,0.03409,0.00293,0.00077,0.00303
CX2_38,5,680,0.75734,0.79131,0.03397,0.00293,0.00087,0.00306
CX2_38,5,681,0.75767,0.79636,0.03869,0.00293,0.0016,0.00334
CX2_38,5,682,0.76009,0.799,0.03891,0.00293,0.00317,0.00432
CX2_38,5,683,0.77399,0.80011,0.02611,0.00293,0.00448,0.00536
CX2_38,5,684,0.77399,0.7954,0.02141,0.00293,0.00268,0.00397
CX2_38,5,685,0.77399,0.79453,0.02053,0.00293,0.00308,0.00425
CX2_38,5,686,0.76246,0.7957,0.03324,0.00293,0.00121,0.00317
CX2_38,5,687,0.76246,0.79637,0.03392,0.00293,0.00118,0.00316
CX2_38,5,688,0.76245,0.79587,0.03342,0.00293,0.00223,0.00368
CX2_38,5,689,0.76246,0.80123,0.03877,0.00293,0.00326,0.00439
CX2_38,5,690,0.76501,0.80225,0.03724,0.00293,0.00315,0.00431
CX2_38,5,691,0.77218,0.80291,0.03073,0.00293,0.00339,0.00448
CX2_38,5,692,0.77226,0.80251,0.03025,0.00293,0.00168,0.00338
CX2_38,5,693,0.77364,0.80294,0.02929,0.00293,0.00054,0.00298
CX2_38,5,694,0.77622,0.80356,0.02734,0.00293,0.00047,0.00297
CX2_38,5,695,0.77665,0.80388,0.02722,0.00293,0.00058,0.00299
CX2_38,5,696,0.77878,0.80411,0.02533,0.00293,0.00065,0.003
CX2_38,5,697,0.77883,0.80437,0.02554,0.00293,0.00048,0.00297
CX2_38,5,698,0.77917,0.80454,0.02537,0.00293,0.00047,0.00297
CX2_38,5,699,0.77919,0.80464,0.02546,0.00293,0.00056,0.00299
CX2_38,5,700,0.77919,0.80441,0.02522,0.00293,0.00028,0.00295
CX2_38,5,701,0.77931,0.80453,0.02522,0.00293,0.00031,0.00295
CX2_38,5,702,0.7795,0.80528,0.02578,0.00293,0.00023,0.00294
CX2_38,5,703,0.78009,0.80512,0.02503,0.00293,9e-05,0.00293
CX2_38,5,704,0.78009,0.80471,0.02462,0.00293,0.00012,0.00294
CX2_38,5,705,0.78009,0.8044,0.02431,0.00293,0.00013,0.00294
CX2_38,5,706,0.77986,0.80227,0.0224,0.00293,0.00092,0.00307
CX2_38,5,707,0.77939,0.8028,0.02342,0.00293,0.00143,0.00326
CX2_38,5,708,0.77939,0.80535,0.02596,0.00293,0.00078,0.00303
CX2_38,5,709,0.77939,0.80851,0.02913,0.00293,0.00069,0.00301
CX2_38,5,710,0.78423,0.80886,0.02463,0.00293,0.00106,0.00312
CX2_38,5,711,0.78423,0.80341,0.01918,0.00293,0.00257,0.0039
CX2_38,5,712,0.78423,0.80001,0.01578,0.00293,0.00358,0.00463
CX2_38,5,713,0.77267,0.80063,0.02795,0.00293,0.00305,0.00423
CX2_38,5,714,0.76947,0.79981,0.03034,0.00293,0.00262,0.00393
CX2_38,5,715,0.76687,0.79893,0.03206,0.00293,0.00265,0.00395
CX2_38,5,716,0.76687,0.80578,0.03891,0.00293,0.0026,0.00392
CX2_38,5,717,0.76947,0.80655,0.03708,0.00293,0.00384,0.00483
CX2_38,5,718,0.77075,0.80298,0.03223,0.00293,0.00341,0.0045
CX2_38,5,719,0.77075,0.79916,0.02841,0.00293,0.0019,0.0035
CX2_38,5,720,0.77075,0.79787,0.02712,0.00293,0.00124,0.00318
CX2_38,5,721,0.76731,0.7971,0.02979,0.00293,0.00093,0.00308
CX2_38,5,722,0.76509,0.79635,0.03126,0.00293,0.00121,0.00317
CX2_38,5,724,0.76455,0.80264,0.03809,0.00293,0.00182,0.00345
CX2_38,5,725,0.76509,0.80367,0.03858,0.00293,0.00199,0.00354
CX2_38,5,726,0.76535,0.79881,0.03347,0.00293,0.00255,0.00388
CX2_38,5,727,0.76535,0.79496,0.02962,0.00293,0.00155,0.00332
CX2_38,5,728,0.77675,0.81724,0.04049,0.00293,0.003,0.0042
CX2_38,5,729,0.76535,0.81171,0.04636,0.00293,0.00387,0.00485
CX2_38,5,730,0.76202,0.79418,0.03216,0.00293,0.00508,0.00586
CX2_38,5,731,0.76202,0.80021,0.03818,0.00293,0.00519,0.00596
CX2_38,5,732,0.7638,0.80651,0.04271,0.00293,0.00613,0.0068
CX2_38,5,733,0.7638,0.80805,0.04425,0.00293,0.00369,0.00472
CX2_38,5,735,0.7638,0.78629,0.02249,0.00293,0.00712,0.0077
CX2_38,5,736,0.72957,0.78337,0.0538,0.00293,0.00792,0.00844
CX2_38,5,739,0.72002,0.78962,0.0696,0.00293,0.0087,0.00918
CX2_38,5,740,0.72002,0.79379,0.07377,0.00293,0.01055,0.01095
CX2_38,5,741,0.74337,0.79121,0.04784,0.00293,0.01033,0.01074
CX2_38,5,747,0.7286,0.78436,0.05576,0.00293,0.00556,0.00628
CX2_38,5,793,0.73617,0.7842,0.04803,0.00293,0.00085,0.00305
CX2_8,5,12,0.98708,1.22644,0.23936,0.01259,0.00783,0.01483
CX2_8,5,12,0.98708,1.1304,0.14332,0.01259,0.00783,0.01483
CX2_8,5,12,0.98708,1.10291,0.11584,0.01259,0.00783,0.01483
CX2_8,5,12,0.98708,1.10079,0.11371,0.01259,0.00783,0.01483
CX2_8,5,12,0.98708,1.09435,0.10727,0.01259,0.00783,0.01483
CX2_8,5,12,0.98708,1.11029,0.12321,0.01259,0.00783,0.01483
CX2_8,5,12,0.98708,1.1265,0.13942,0.01259,0.00783,0.01483
CX2_8,5,12,0.98708,1.12397,0.13689,0.01259,0.00783,0.01483
CX2_8,5,12,0.98708,1.17769,0.19061,0.01259,0.00783,0.01483
CX2_8,5,12,0.98708,1.19226,0.20518,0.01259,0.00783,0.01483
CX2_8,5,12,0.98708,1.20508,0.218,0.01259,0.00783,0.01483
CX2_8,5,12,0.98708,1.22297,0.23589,0.01259,0.00783,0.01483
CX2_8,5,12,0.98708,1.21656,0.22948,0.01259,0.00783,0.01483
CX2_8,5,12,0.98708,1.21879,0.23171,0.01259,0.00783,0.01483
CX2_8,5,12,0.98708,1.15404,0.16696,0.01259,0.00783,0.01483
CX2_8,5,75,0.94467,0.99175,0.04708,0.01259,0.00467,0.01343
CX2_8,5,75,0.94467,0.98645,0.04178,0.01259,0.00467,0.01343
CX2_8,5,75,0.94467,0.98681,0.04215,0.01259,0.00467,0.01343
CX2_8,5,75,0.94467,0.98457,0.0399,0.01259,0.00467,0.01343
CX2_8,5,75,0.94467,0.98495,0.04028,0.01259,0.00467,0.01343
CX2_8,5,75,0.94467,0.98444,0.03977,0.01259,0.00467,0.01343
CX2_8,5,75,0.94467,0.98356,0.03889,0.01259,0.00467,0.01343
CX2_8,5,75,0.94467,0.98715,0.04249,0.01259,0.00467,0.01343
CX2_8,5,75,0.94467,0.98717,0.0425,0.01259,0.00467,0.01343
CX2_8,5,75,0.94467,0.97614,0.03147,0.01259,0.00467,0.01343
CX2_8,5,75,0.94467,0.98047,0.0358,0.01259,0.00467,0.01343
CX2_8,5,75,0.94467,0.99471,0.05005,0.01259,0.00467,0.01343
CX2_8,5,75,0.94467,0.99279,0.04812,0.01259,0.00467,0.01343
CX2_8,5,75,0.94467,0.99854,0.05387,0.01259,0.00467,0.01343
CX2_8,5,75,0.94467,1.06944,0.12477,0.01259,0.00467,0.01343
CX2_8,5,75,0.94467,0.9884,0.04373,0.01259,0.00467,0.01343
CX2_8,5,75,0.94467,0.99502,0.05035,0.01259,0.00467,0.01343
CX2_8,5,75,0.94467,0.99629,0.05162,0.01259,0.00467,0.01343
CX2_8,5,75,0.94467,0.99178,0.04711,0.01259,0.00467,0.01343
CX2_8,5,75,0.94467,1.01087,0.0662,0.01259,0.00467,0.01343
CX2_8,5,75,0.94467,0.99725,0.05259,0.01259,0.00467,0.01343
CX2_8,5,75,0.94467,0.97909,0.03442,0.01259,0.00467,0.01343
CX2_8,5,75,0.94467,1.00961,0.06495,0.01259,0.00467,0.01343
CX2_8,5,75,0.94467,1.00449,0.05983,0.01259,0.00467,0.01343
CX2_8,5,75,0.94467,1.00224,0.05757,0.01259,0.00467,0.01343
CX2_8,5,75,0.94467,0.9983,0.05364,0.01259,0.00467,0.01343
CX2_8,5,75,0.94467,1.06533,0.12066,0.01259,0.00467,0.01343
CX2_8,5,75,0.94467,1.06658,0.12191,0.01259,0.00467,0.01343
CX2_8,5,75,0.94467,1.07794,0.13327,0.01259,0.00467,0.01343
CX2_8,5,75,0.94467,0.99266,0.04799,0.01259,0.00467,0.01343
CX2_8,5,75,0.94467,0.97493,0.03026,0.01259,0.00467,0.01343
CX2_8,5,75,0.94467,1.00339,0.05872,0.01259,0.00467,0.01343
CX2_8,5,75,0.94467,0.9815,0.03683,0.01259,0.00467,0.01343
CX2_8,5,75,0.94467,0.98007,0.0354,0.01259,0.00467,0.01343
CX2_8,5,75,0.94467,1.23232,0.28765,0.01259,0.00467,0.01343
CX2_8,5,75,0.94467,1.22072,0.27605,0.01259,0.00467,0.01343
CX2_8,5,75,0.94467,1.19931,0.25464,0.01259,0.00467,0.01343
CX2_8,5,75,0.94467,1.17255,0.22788,0.01259,0.00467,0.01343
CX2_8,5,75,0.94467,1.15837,0.2137,0.01259,0.00467,0.01343
CX2_8,5,75,0.94467,1.12955,0.18488,0.01259,0.00467,0.01343
CX2_8,5,75,0.94467,1.14783,0.20317,0.01259,0.00467,0.01343
CX2_8,5,75,0.94467,1.11874,0.17408,0.01259,0.00467,0.01343
CX2_8,5,75,0.94467,1.10499,0.16032,0.01259,0.00467,0.01343
CX2_8,5,75,0.94467,1.08547,0.1408,0.01259,0.00467,0.01343
CX2_8,5,75,0.94467,1.061,0.11634,0.01259,0.00467,0.01343
CX2_8,5,75,0.94467,1.05629,0.11162,0.01259,0.00467,0.01343
CX2_8,5,75,0.94467,1.02886,0.08419,0.01259,0.00467,0.01343
CX2_8,5,75,0.94467,1.02785,0.08319,0.01259,0.00467,0.01343
CX2_8,5,75,0.94467,1.15623,0.21156,0.01259,0.00467,0.01343
CX2_8,5,75,0.94467,1.03241,0.08775,0.01259,0.00467,0.01343
CX2_8,5,75,0.94467,1.05224,0.10757,0.01259,0.00467,0.01343
CX2_8,5,75,0.94467,1.00053,0.05586,0.01259,0.00467,0.01343
CX2_8,5,75,0.94467,1.01097,0.0663,0.01259,0.00467,0.01343
CX2_8,5,75,0.94467,1.01368,0.06901,0.01259,0.00467,0.01343
CX2_8,5,75,0.94467,1.04583,0.10117,0.01259,0.00467,0.01343
CX2_8,5,75,0.94467,1.00567,0.061,0.01259,0.00467,0.01343
CX2_8,5,75,0.94467,0.98255,0.03788,0.01259,0.00467,0.01343
CX2_8,5,75,0.94467,0.99729,0.05262,0.01259,0.00467,0.01343
CX2_8,5,75,0.94467,1.00374,0.05908,0.01259,0.00467,0.01343
CX2_8,5,75,0.94467,1.01122,0.06655,0.01259,0.00467,0.01343
CX2_8,5,75,0.94467,1.01957,0.0749,0.01259,0.00467,0.01343
CX2_8,5,75,0.94467,1.03178,0.08711,0.01259,0.00467,0.01343
CX2_8,5,75,0.94467,1.04322,0.09855,0.01259,0.00467,0.01343
CX2_8,5,75,0.94467,0.98166,0.03699,0.01259,0.00467,0.01343
CX2_8,5,93,0.88755,1.00556,0.11801,0.01259,0.00287,0.01292
CX2_8,5,93,0.88755,0.99526,0.1077,0.01259,0.00287,0.01292
CX2_8,5,93,0.88755,0.97384,0.08629,0.01259,0.00287,0.01292
CX2_8,5,93,0.88755,0.9757,0.08815,0.01259,0.00287,0.01292
CX2_8,5,93,0.88755,1.01607,0.12852,0.01259,0.00287,0.01292
CX2_8,5,93,0.88755,0.97924,0.09169,0.01259,0.00287,0.01292
CX2_8,5,93,0.88755,1.03375,0.1462,0.01259,0.00287,0.01292
CX2_8,5,93,0.88755,1.07602,0.18847,0.01259,0.00287,0.01292
CX2_8,5,93,0.88755,1.05979,0.17224,0.01259,0.00287,0.01292
CX2_8,5,93,0.88755,1.06975,0.1822,0.01259,0.00287,0.01292
CX2_8,5,93,0.88755,1.08098,0.19343,0.01259,0.00287,0.01292
CX2_8,5,93,0.88755,1.08401,0.19645,0.01259,0.00287,0.01292
CX2_8,5,93,0.88755,1.09059,0.20303,0.01259,0.00287,0.01292
CX2_8,5,93,0.88755,1.095,0.20744,0.01259,0.00287,0.01292
CX2_8,5,93,0.88755,1.05825,0.1707,0.01259,0.00287,0.01292
CX2_8,5,162,0.84103,1.02935,0.18832,0.01259,0.0044,0.01334
CX2_8,5,162,0.84103,0.98954,0.14851,0.01259,0.0044,0.01334
CX2_8,5,162,0.84103,1.00089,0.15986,0.01259,0.0044,0.01334
CX2_8,5,162,0.84103,1.00408,0.16304,0.01259,0.0044,0.01334
CX2_8,5,162,0.84103,0.99733,0.1563,0.01259,0.0044,0.01334
CX2_8,5,162,0.84103,0.97486,0.13382,0.01259,0.0044,0.01334
CX2_8,5,162,0.84103,0.98937,0.14833,0.01259,0.0044,0.01334
CX2_8,5,162,0.84103,0.99869,0.15765,0.01259,0.0044,0.01334
CX2_8,5,162,0.84103,0.99957,0.15854,0.01259,0.0044,0.01334
CX2_8,5,162,0.84103,1.13604,0.295,0.01259,0.0044,0.01334
CX2_8,5,162,0.84103,1.03101,0.18998,0.01259,0.0044,0.01334
CX2_8,5,162,0.84103,1.12099,0.27996,0.01259,0.0044,0.01334
CX2_8,5,162,0.84103,1.11072,0.26969,0.01259,0.0044,0.01334
CX2_8,5,162,0.84103,1.09446,0.25343,0.01259,0.0044,0.01334
CX2_8,5,162,0.84103,1.0166,0.17557,0.01259,0.0044,0.01334
CX2_8,5,162,0.84103,1.0531,0.21207,0.01259,0.0044,0.01334
CX2_8,5,162,0.84103,1.01659,0.17556,0.01259,0.0044,0.01334
CX2_8,5,162,0.84103,1.07465,0.23362,0.01259,0.0044,0.01334
CX2_8,5,169,0.89683,1.04403,0.14721,0.01259,0.01297,0.01808
CX2_8,5,169,0.89683,1.01435,0.11752,0.01259,0.01297,0.01808
CX2_8,5,169,0.89683,1.00119,0.10436,0.01259,0.01297,0.01808
CX2_8,5,169,0.89683,0.99218,0.09535,0.01259,0.01297,0.01808
CX2_8,5,169,0.89683,0.97529,0.07846,0.01259,0.01297,0.01808
CX2_8,5,169,0.89683,0.98683,0.09,0.01259,0.01297,0.01808
CX2_8,5,169,0.89683,1.02585,0.12902,0.01259,0.01297,0.01808
CX2_8,5,180,0.96135,1.02081,0.05946,0.01259,0.00509,0.01358
CX2_8,5,180,0.96135,1.00146,0.04011,0.01259,0.00509,0.01358
CX2_8,5,180,0.96135,1.02003,0.05868,0.01259,0.00509,0.01358
CX2_8,5,180,0.96135,1.02124,0.05989,0.01259,0.00509,0.01358
CX2_8,5,180,0.96135,0.99299,0.03164,0.01259,0.00509,0.01358
CX2_8,5,180,0.96135,1.02177,0.06042,0.01259,0.00509,0.01358
CX2_8,5,180,0.96135,1.02125,0.0599,0.01259,0.00509,0.01358
CX2_8,5,180,0.96135,1.02892,0.06757,0.01259,0.00509,0.01358
CX2_8,5,180,0.96135,1.03709,0.07574,0.01259,0.00509,0.01358
CX2_8,5,180,0.96135,1.0494,0.08805,0.01259,0.00509,0.01358
CX2_8,5,180,0.96135,1.01581,0.05446,0.01259,0.00509,0.01358
CX2_8,5,209,0.91529,0.99249,0.0772,0.01259,0.00228,0.0128
CX2_8,5,209,0.91529,0.98882,0.07353,0.01259,0.00228,0.0128
CX2_8,5,209,0.91529,0.9913,0.07601,0.01259,0.00228,0.0128
CX2_8,5,209,0.91529,0.99223,0.07694,0.01259,0.00228,0.0128
CX2_8,5,209,0.91529,0.98791,0.07262,0.01259,0.00228,0.0128
CX2_8,5,209,0.91529,0.9838,0.06851,0.01259,0.00228,0.0128
CX2_8,5,209,0.91529,0.9831,0.06781,0.01259,0.00228,0.0128
CX2_8,5,209,0.91529,0.9818,0.06651,0.01259,0.00228,0.0128
CX2_8,5,209,0.91529,0.97935,0.06406,0.01259,0.00228,0.0128
CX2_8,5,209,0.91529,0.98659,0.0713,0.01259,0.00228,0.0128
CX2_8,5,209,0.91529,0.98762,0.07233,0.01259,0.00228,0.0128
CX2_8,5,209,0.91529,0.98642,0.07113,0.01259,0.00228,0.0128
CX2_8,5,209,0.91529,0.9901,0.07481,0.01259,0.00228,0.0128
CX2_8,5,209,0.91529,0.98683,0.07154,0.01259,0.00228,0.0128
CX2_8,5,209,0.91529,0.99805,0.08276,0.01259,0.00228,0.0128
CX2_8,5,209,0.91529,1.06245,0.14716,0.01259,0.00228,0.0128
CX2_8,5,209,0.91529,1.04549,0.13021,0.01259,0.00228,0.0128
CX2_8,5,209,0.91529,1.03042,0.11513,0.01259,0.00228,0.0128
CX2_8,5,209,0.91529,1.02578,0.11049,0.01259,0.00228,0.0128
CX2_8,5,209,0.91529,0.98941,0.07412,0.01259,0.00228,0.0128
CX2_8,5,209,0.91529,1.02875,0.11346,0.01259,0.00228,0.0128
CX2_8,5,209,0.91529,1.05308,0.13779,0.01259,0.00228,0.0128
CX2_8,5,209,0.91529,1.01433,0.09904,0.01259,0.00228,0.0128
CX2_8,5,209,0.91529,1.00997,0.09468,0.01259,0.00228,0.0128
CX2_8,5,209,0.91529,1.01476,0.09947,0.01259,0.00228,0.0128
CX2_8,5,209,0.91529,1.00373,0.08844,0.01259,0.00228,0.0128
CX2_8,5,209,0.91529,1.00013,0.08484,0.01259,0.00228,0.0128
CX2_8,5,209,0.91529,1.02019,0.1049,0.01259,0.00228,0.0128
CX2_8,5,235,0.92381,1.02265,0.09883,0.01259,0.00489,0.01351
CX2_8,5,235,0.92381,1.02451,0.10069,0.01259,0.00489,0.01351
CX2_8,5,235,0.92381,1.01873,0.09491,0.01259,0.00489,0.01351
CX2_8,5,235,0.92381,1.0126,0.08879,0.01259,0.00489,0.01351
CX2_8,5,235,0.92381,0.97269,0.04887,0.01259,0.00489,0.01351
CX2_8,5,235,0.92381,0.98176,0.05794,0.01259,0.00489,0.01351
CX2_8,5,235,0.92381,0.9867,0.06289,0.01259,0.00489,0.01351
CX2_8,5,235,0.92381,0.97857,0.05476,0.01259,0.00489,0.01351
CX2_8,5,235,0.92381,0.98351,0.05969,0.01259,0.00489,0.01351
CX2_8,5,235,0.92381,1.02532,0.10151,0.01259,0.00489,0.01351
CX2_8,5,235,0.92381,0.99117,0.06736,0.01259,0.00489,0.01351
CX2_8,5,235,0.92381,1.02462,0.1008,0.01259,0.00489,0.01351
CX2_8,5,235,0.92381,1.00011,0.0763,0.01259,0.00489,0.01351
CX2_8,5,235,0.92381,1.02732,0.1035,0.01259,0.00489,0.01351
CX2_8,5,235,0.92381,1.02114,0.09733,0.01259,0.00489,0.01351
CX2_8,5,235,0.92381,1.04983,0.12602,0.01259,0.00489,0.01351
CX2_8,5,235,0.92381,1.04411,0.1203,0.01259,0.00489,0.01351
CX2_8,5,235,0.92381,1.04084,0.11702,0.01259,0.00489,0.01351
CX2_8,5,235,0.92381,1.0363,0.11248,0.01259,0.00489,0.01351
CX2_8,5,235,0.92381,1.02903,0.10521,0.01259,0.00489,0.01351
CX2_8,5,235,0.92381,1.0586,0.13478,0.01259,0.00489,0.01351
CX2_8,5,235,0.92381,1.03651,0.1127,0.01259,0.00489,0.01351
CX2_8,5,235,0.92381,1.0279,0.10409,0.01259,0.00489,0.01351
CX2_8,5,235,0.92381,1.02724,0.10342,0.01259,0.00489,0.01351
CX2_8,5,235,0.92381,1.02862,0.1048,0.01259,0.00489,0.01351
CX2_8,5,235,0.92381,1.03211,0.10829,0.01259,0.00489,0.01351
CX2_8,5,290,0.94864,0.99767,0.04903,0.01259,0.002,0.01275
CX2_8,5,290,0.94864,0.99949,0.05084,0.01259,0.002,0.01275
CX2_8,5,290,0.94864,1.00203,0.05339,0.01259,0.002,0.01275
CX2_8,5,290,0.94864,0.99918,0.05053,0.01259,0.002,0.01275
CX2_8,5,290,0.94864,0.98073,0.03209,0.01259,0.002,0.01275
CX2_8,5,290,0.94864,0.98406,0.03542,0.01259,0.002,0.01275
CX2_8,5,290,0.94864,0.98305,0.03441,0.01259,0.002,0.01275
CX2_8,5,290,0.94864,0.98506,0.03642,0.01259,0.002,0.01275
CX2_8,5,290,0.94864,0.98673,0.03808,0.01259,0.002,0.01275
CX2_8,5,290,0.94864,0.98917,0.04053,0.01259,0.002,0.01275
CX2_8,5,290,0.94864,0.98607,0.03743,0.01259,0.002,0.01275
CX2_8,5,290,0.94864,1.00011,0.05147,0.01259,0.002,0.01275
CX2_8,5,290,0.94864,1.00353,0.05488,0.01259,0.002,0.01275
CX2_8,5,290,0.94864,0.9832,0.03456,0.01259,0.002,0.01275
CX2_8,5,290,0.94864,0.98926,0.04061,0.01259,0.002,0.01275
CX2_8,5,290,0.94864,0.99193,0.04328,0.01259,0.002,0.01275
CX2_8,5,290,0.94864,0.99989,0.05124,0.01259,0.002,0.01275
CX2_8,5,290,0.94864,1.00051,0.05186,0.01259,0.002,0.01275
CX2_8,5,290,0.94864,1.0012,0.05256,0.01259,0.002,0.01275
CX2_8,5,290,0.94864,0.99847,0.04982,0.01259,0.002,0.01275
CX2_8,5,290,0.94864,1.00181,0.05317,0.01259,0.002,0.01275
CX2_8,5,290,0.94864,0.998,0.04936,0.01259,0.002,0.01275
CX2_8,5,290,0.94864,0.99841,0.04976,0.01259,0.002,0.01275
CX2_8,5,290,0.94864,0.99961,0.05096,0.01259,0.002,0.01275
CX2_8,5,290,0.94864,0.99178,0.04314,0.01259,0.002,0.01275
CX2_8,5,290,0.94864,0.98336,0.03471,0.01259,0.002,0.01275
CX2_8,5,290,0.94864,0.9956,0.04695,0.01259,0.002,0.01275
CX2_8,5,290,0.94864,0.9883,0.03966,0.01259,0.002,0.01275
CX2_8,5,290,0.94864,0.97597,0.02733,0.01259,0.002,0.01275
CX2_8,5,290,0.94864,0.99304,0.0444,0.01259,0.002,0.01275
CX2_8,5,290,0.94864,1.02618,0.07754,0.01259,0.002,0.01275
CX2_8,5,290,0.94864,1.01441,0.06577,0.01259,0.002,0.01275
CX2_8,5,290,0.94864,1.0115,0.06286,0.01259,0.002,0.01275
CX2_8,5,290,0.94864,1.01327,0.06462,0.01259,0.002,0.01275
CX2_8,5,290,0.94864,1.00924,0.0606,0.01259,0.002,0.01275
CX2_8,5,290,0.94864,1.00852,0.05987,0.01259,0.002,0.01275
CX2_8,5,290,0.94864,1.02452,0.07587,0.01259,0.002,0.01275
CX2_8,5,290,0.94864,0.99623,0.04758,0.01259,0.002,0.01275
CX2_8,5,290,0.94864,0.99232,0.04368,0.01259,0.002,0.01275
CX2_8,5,290,0.94864,0.99139,0.04275,0.01259,0.002,0.01275
CX2_8,5,290,0.94864,0.99121,0.04257,0.01259,0.002,0.01275
CX2_8,5,290,0.94864,1.01917,0.07053,0.01259,0.002,0.01275
CX2_8,5,290,0.94864,0.98896,0.04032,0.01259,0.002,0.01275
CX2_8,5,290,0.94864,0.98896,0.04032,0.01259,0.002,0.01275
CX2_8,5,290,0.94864,0.97157,0.02293,0.01259,0.002,0.01275
CX2_8,5,290,0.94864,0.97093,0.02229,0.01259,0.002,0.01275
CX2_8,5,290,0.94864,0.97375,0.02511,0.01259,0.002,0.01275
CX2_8,5,290,0.94864,0.97235,0.0237,0.01259,0.002,0.01275
CX2_8,5,290,0.94864,0.97357,0.02493,0.01259,0.002,0.01275
CX2_8,5,290,0.94864,0.97455,0.02591,0.01259,0.002,0.01275
CX2_8,5,290,0.94864,0.97742,0.02878,0.01259,0.002,0.01275
CX2_8,5,290,0.94864,0.98489,0.03624,0.01259,0.002,0.01275
CX2_8,5,290,0.94864,0.98578,0.03714,0.01259,0.002,0.01275
CX2_8,5,290,0.94864,0.987,0.03836,0.01259,0.002,0.01275
CX2_8,5,290,0.94864,0.97359,0.02495,0.01259,0.002,0.01275
CX2_8,5,336,0.90598,0.97645,0.07047,0.01259,0.06372,0.06495
CX2_8,5,336,0.90598,0.98084,0.07486,0.01259,0.06372,0.06495
CX2_8,5,336,0.90598,0.98087,0.0749,0.01259,0.06372,0.06495
CX2_8,5,336,0.90598,0.97843,0.07246,0.01259,0.06372,0.06495
CX2_8,5,336,0.90598,0.98156,0.07559,0.01259,0.06372,0.06495
CX2_8,5,336,0.90598,0.97909,0.07311,0.01259,0.06372,0.06495
CX2_8,5,336,0.90598,0.97732,0.07135,0.01259,0.06372,0.06495
CX2_8,5,336,0.90598,0.9773,0.07133,0.01259,0.06372,0.06495
CX2_8,5,336,0.90598,0.97745,0.07148,0.01259,0.06372,0.06495
CX2_8,5,336,0.90598,0.98215,0.07617,0.01259,0.06372,0.06495
CX2_8,5,336,0.90598,0.97458,0.06861,0.01259,0.06372,0.06495
CX2_8,5,336,0.90598,0.9841,0.07813,0.01259,0.06372,0.06495
CX2_8,5,336,0.90598,0.97817,0.07219,0.01259,0.06372,0.06495
CX2_8,5,336,0.90598,0.97966,0.07369,0.01259,0.06372,0.06495
CX2_8,5,336,0.90598,0.98101,0.07504,0.01259,0.06372,0.06495
CX2_8,5,336,0.90598,0.97983,0.07385,0.01259,0.06372,0.06495
CX2_8,5,336,0.90598,0.98061,0.07463,0.01259,0.06372,0.06495
CX2_8,5,336,0.90598,0.97999,0.07402,0.01259,0.06372,0.06495
CX2_8,5,336,0.90598,0.97951,0.07353,0.01259,0.06372,0.06495
CX2_8,5,336,0.90598,0.9827,0.07672,0.01259,0.06372,0.06495
CX2_8,5,336,0.90598,0.97493,0.06896,0.01259,0.06372,0.06495
CX2_8,5,336,0.90598,0.98174,0.07577,0.01259,0.06372,0.06495
CX2_8,5,336,0.90598,0.97956,0.07358,0.01259,0.06372,0.06495
CX2_8,5,336,0.90598,0.98096,0.07498,0.01259,0.06372,0.06495
CX2_8,5,336,0.90598,0.9797,0.07372,0.01259,0.06372,0.06495
CX2_8,5,336,0.90598,1.2231,0.31713,0.01259,0.06372,0.06495
CX2_8,5,336,0.90598,1.01466,0.10868,0.01259,0.06372,0.06495
CX2_8,5,336,0.90598,1.00227,0.09629,0.01259,0.06372,0.06495
CX2_8,5,336,0.90598,1.00569,0.09972,0.01259,0.06372,0.06495
CX2_8,5,336,0.90598,0.99456,0.08858,0.01259,0.06372,0.06495
CX2_8,5,336,0.90598,0.99814,0.09216,0.01259,0.06372,0.06495
CX2_8,5,336,0.90598,1.00873,0.10275,0.01259,0.06372,0.06495
CX2_8,5,336,0.90598,1.00718,0.1012,0.01259,0.06372,0.06495
CX2_8,5,336,0.90598,1.00469,0.09871,0.01259,0.06372,0.06495
CX2_8,5,336,0.90598,1.00709,0.10111,0.01259,0.06372,0.06495
CX2_8,5,336,0.90598,0.99854,0.09257,0.01259,0.06372,0.06495
CX2_8,5,336,0.90598,0.99261,0.08664,0.01259,0.06372,0.06495
CX2_8,5,336,0.90598,0.99142,0.08545,0.01259,0.06372,0.06495
CX2_8,5,336,0.90598,0.98787,0.08189,0.01259,0.06372,0.06495
CX2_8,5,336,0.90598,0.98629,0.08031,0.01259,0.06372,0.06495
CX2_8,5,336,0.90598,0.98562,0.07964,0.01259,0.06372,0.06495
CX2_8,5,336,0.90598,0.97815,0.07217,0.01259,0.06372,0.06495
CX2_8,5,336,0.90598,0.9805,0.07452,0.01259,0.06372,0.06495
CX2_8,5,336,0.90598,0.98106,0.07508,0.01259,0.06372,0.06495
CX2_8,5,336,0.90598,0.99865,0.09267,0.01259,0.06372,0.06495
CX2_8,5,339,1.06975,1.09515,0.0254,0.01259,0.01967,0.02336
CX2_8,5,339,1.06975,1.08449,0.01474,0.01259,0.01967,0.02336
CX2_8,5,339,1.06975,1.07989,0.01013,0.01259,0.01967,0.02336
CX2_8,5,339,1.06975,1.10433,0.03458,0.01259,0.01967,0.02336
CX2_8,5,339,1.06975,1.11956,0.04981,0.01259,0.01967,0.02336
CX2_8,5,339,1.06975,1.1034,0.03365,0.01259,0.01967,0.02336
CX2_8,5,339,1.06975,1.11022,0.04047,0.01259,0.01967,0.02336
CX2_8,5,339,1.06975,1.11064,0.04089,0.01259,0.01967,0.02336
CX2_8,5,339,1.06975,1.22027,0.15052,0.01259,0.01967,0.02336
CX2_8,5,339,1.06975,1.11856,0.0488,0.01259,0.01967,0.02336
CX2_8,5,369,0.84922,1.06495,0.21573,0.01259,0.01385,0.01872
CX2_8,5,369,0.84922,1.06496,0.21574,0.01259,0.01385,0.01872
CX2_8,5,369,0.84922,1.06488,0.21566,0.01259,0.01385,0.01872
CX2_8,5,369,0.84922,1.06478,0.21556,0.01259,0.01385,0.01872
CX2_8,5,369,0.84922,1.065,0.21578,0.01259,0.01385,0.01872
CX2_8,5,369,0.84922,1.06461,0.2154,0.01259,0.01385,0.01872
CX2_8,5,369,0.84922,1.0692,0.21998,0.01259,0.01385,0.01872
CX2_8,5,369,0.84922,1.06949,0.22027,0.01259,0.01385,0.01872
CX2_8,5,369,0.84922,1.06917,0.21995,0.01259,0.01385,0.01872
CX2_8,5,369,0.84922,1.04025,0.19104,0.01259,0.01385,0.01872
CX2_8,5,369,0.84922,1.06779,0.21857,0.01259,0.01385,0.01872
CX2_8,5,369,0.84922,1.06462,0.2154,0.01259,0.01385,0.01872
CX2_8,5,369,0.84922,1.03614,0.18693,0.01259,0.01385,0.01872
CX2_8,5,369,0.84922,1.06398,0.21477,0.01259,0.01385,0.01872
CX2_8,5,369,0.84922,1.06415,0.21493,0.01259,0.01385,0.01872
CX2_8,5,369,0.84922,1.06236,0.21315,0.01259,0.01385,0.01872
CX2_8,5,369,0.84922,1.06094,0.21172,0.01259,0.01385,0.01872
CX2_8,5,369,0.84922,1.06081,0.2116,0.01259,0.01385,0.01872
CX2_8,5,369,0.84922,1.05996,0.21074,0.01259,0.01385,0.01872
CX2_8,5,369,0.84922,1.0587,0.20948,0.01259,0.01385,0.01872
CX2_8,5,369,0.84922,1.05647,0.20726,0.01259,0.01385,0.01872
CX2_8,5,369,0.84922,1.053,0.20379,0.01259,0.01385,0.01872
CX2_8,5,369,0.84922,1.06391,0.21469,0.01259,0.01385,0.01872
CX2_8,5,369,0.84922,1.21845,0.36924,0.01259,0.01385,0.01872
CX2_8,5,369,0.84922,1.08608,0.23687,0.01259,0.01385,0.01872
CX2_8,5,369,0.84922,1.08692,0.2377,0.01259,0.01385,0.01872
CX2_8,5,369,0.84922,1.08636,0.23715,0.01259,0.01385,0.01872
CX2_8,5,369,0.84922,1.09535,0.24613,0.01259,0.01385,0.01872
CX2_8,5,369,0.84922,1.10688,0.25766,0.01259,0.01385,0.01872
CX2_8,5,369,0.84922,1.10517,0.25596,0.01259,0.01385,0.01872
CX2_8,5,369,0.84922,1.10129,0.25208,0.01259,0.01385,0.01872
CX2_8,5,369,0.84922,1.09067,0.24146,0.01259,0.01385,0.01872
CX2_8,5,369,0.84922,1.20965,0.36044,0.01259,0.01385,0.01872
CX2_8,5,369,0.84922,1.06201,0.21279,0.01259,0.01385,0.01872
CX2_8,5,369,0.84922,1.06577,0.21656,0.01259,0.01385,0.01872
CX2_8,5,369,0.84922,1.06791,0.2187,0.01259,0.01385,0.01872
CX2_8,5,369,0.84922,1.07644,0.22723,0.01259,0.01385,0.01872
CX2_8,5,369,0.84922,1.09801,0.2488,0.01259,0.01385,0.01872
CX2_8,5,369,0.84922,1.09775,0.24853,0.01259,0.01385,0.01872
CX2_8,5,369,0.84922,1.09797,0.24875,0.01259,0.01385,0.01872
CX2_8,5,369,0.84922,1.09868,0.24947,0.01259,0.01385,0.01872
CX2_8,5,369,0.84922,1.09874,0.24953,0.01259,0.01385,0.01872
CX2_8,5,369,0.84922,1.09889,0.24967,0.01259,0.01385,0.01872
CX2_8,5,369,0.84922,1.09953,0.25031,0.01259,0.01385,0.01872
CX2_8,5,369,0.84922,1.09982,0.2506,0.01259,0.01385,0.01872
CX2_8,5,369,0.84922,1.09823,0.24902,0.01259,0.01385,0.01872
CX2_8,5,369,0.84922,1.10056,0.25135,0.01259,0.01385,0.01872
CX2_8,5,369,0.84922,1.10062,0.2514,0.01259,0.01385,0.01872
CX2_8,5,369,0.84922,1.20882,0.3596,0.01259,0.01385,0.01872
CX2_8,5,369,0.84922,1.10121,0.25199,0.01259,0.01385,0.01872
CX2_8,5,369,0.84922,1.10252,0.25331,0.01259,0.01385,0.01872
CX2_8,5,369,0.84922,1.1035,0.25429,0.01259,0.01385,0.01872
CX2_8,5,369,0.84922,1.10341,0.25419,0.01259,0.01385,0.01872
CX2_8,5,369,0.84922,1.10325,0.25403,0.01259,0.01385,0.01872
CX2_8,5,369,0.84922,1.10303,0.25382,0.01259,0.01385,0.01872
CX2_8,5,369,0.84922,1.10258,0.25336,0.01259,0.01385,0.01872
CX2_8,5,369,0.84922,1.10193,0.25272,0.01259,0.01385,0.01872
CX2_8,5,369,0.84922,1.10119,0.25198,0.01259,0.01385,0.01872
CX2_8,5,369,0.84922,1.10284,0.25362,0.01259,0.01385,0.01872
CX2_8,5,404,1.09594,1.07389,0.02205,0.01259,0.0008,0.01262
CX2_8,5,404,1.09594,1.0786,0.01734,0.01259,0.0008,0.01262
CX2_8,5,404,1.09594,1.07775,0.01819,0.01259,0.0008,0.01262
CX2_8,5,404,1.09594,1.0757,0.02024,0.01259,0.0008,0.01262
CX2_8,5,404,1.09594,1.07237,0.02357,0.01259,0.0008,0.01262
CX2_8,5,404,1.09594,1.05195,0.04399,0.01259,0.0008,0.01262
CX2_8,5,404,1.09594,1.06169,0.03425,0.01259,0.0008,0.01262
CX2_8,5,404,1.09594,1.04518,0.05076,0.01259,0.0008,0.01262
CX2_8,5,404,1.09594,1.05048,0.04546,0.01259,0.0008,0.01262
CX2_8,5,404,1.09594,1.05068,0.04526,0.01259,0.0008,0.01262
CX2_8,5,404,1.09594,1.0797,0.01624,0.01259,0.0008,0.01262
CX2_8,5,404,1.09594,1.04803,0.04791,0.01259,0.0008,0.01262
CX2_8,5,404,1.09594,1.06884,0.0271,0.01259,0.0008,0.01262
CX2_8,5,404,1.09594,1.08087,0.01507,0.01259,0.0008,0.01262
CX2_8,5,404,1.09594,1.08201,0.01393,0.01259,0.0008,0.01262
CX2_8,5,404,1.09594,1.08018,0.01576,0.01259,0.0008,0.01262
CX2_8,5,404,1.09594,1.0809,0.01504,0.01259,0.0008,0.01262
CX2_8,5,404,1.09594,1.0812,0.01474,0.01259,0.0008,0.01262
CX2_8,5,404,1.09594,1.08153,0.01441,0.01259,0.0008,0.01262
CX2_8,5,404,1.09594,1.08168,0.01426,0.01259,0.0008,0.01262
CX2_8,5,404,1.09594,1.08244,0.0135,0.01259,0.0008,0.01262
CX2_8,5,404,1.09594,1.08277,0.01317,0.01259,0.0008,0.01262
CX2_8,5,404,1.09594,1.15058,0.05464,0.01259,0.0008,0.01262
CX2_8,5,404,1.09594,1.15072,0.05478,0.01259,0.0008,0.01262
CX2_8,5,404,1.09594,1.15102,0.05508,0.01259,0.0008,0.01262
CX2_8,5,404,1.09594,1.07794,0.018,0.01259,0.0008,0.01262
CX2_8,5,404,1.09594,1.12759,0.03165,0.01259,0.0008,0.01262
CX2_8,5,404,1.09594,1.06051,0.03543,0.01259,0.0008,0.01262
CX2_8,5,404,1.09594,1.05094,0.045,0.01259,0.0008,0.01262
CX2_8,5,404,1.09594,1.07987,0.01607,0.01259,0.0008,0.01262
CX2_8,5,404,1.09594,1.07526,0.02068,0.01259,0.0008,0.01262
CX2_8,5,404,1.09594,1.0563,0.03964,0.01259,0.0008,0.01262
CX2_8,5,404,1.09594,1.0682,0.02774,0.01259,0.0008,0.01262
CX2_8,5,404,1.09594,1.20131,0.10537,0.01259,0.0008,0.01262
CX2_8,5,404,1.09594,1.08466,0.01128,0.01259,0.0008,0.01262
CX2_8,5,404,1.09594,1.08918,0.00676,0.01259,0.0008,0.01262
CX2_8,5,404,1.09594,1.0914,0.00454,0.01259,0.0008,0.01262
CX2_8,5,404,1.09594,1.07358,0.02236,0.01259,0.0008,0.01262
CX2_8,5,404,1.09594,1.07275,0.02319,0.01259,0.0008,0.01262
CX2_8,5,404,1.09594,1.06741,0.02853,0.01259,0.0008,0.01262
CX2_8,5,404,1.09594,1.06538,0.03056,0.01259,0.0008,0.01262
CX2_8,5,404,1.09594,1.0617,0.03424,0.01259,0.0008,0.01262
CX2_8,5,404,1.09594,1.05659,0.03935,0.01259,0.0008,0.01262
CX2_8,5,404,1.09594,1.06378,0.03216,0.01259,0.0008,0.01262
CX2_8,5,404,1.09594,1.0767,0.01924,0.01259,0.0008,0.01262
CX2_8,5,404,1.09594,1.07996,0.01598,0.01259,0.0008,0.01262
CX2_8,5,404,1.09594,1.06277,0.03317,0.01259,0.0008,0.01262
CX2_8,5,404,1.09594,1.06601,0.02993,0.01259,0.0008,0.01262
CX2_8,5,404,1.09594,1.05504,0.0409,0.01259,0.0008,0.01262
CX2_8,5,404,1.09594,1.05286,0.04308,0.01259,0.0008,0.01262
CX2_8,5,404,1.09594,1.04723,0.04871,0.01259,0.0008,0.01262
CX2_8,5,404,1.09594,1.05286,0.04308,0.01259,0.0008,0.01262
CX2_8,5,404,1.09594,1.05797,0.03797,0.01259,0.0008,0.01262
CX2_8,5,404,1.09594,1.04998,0.04596,0.01259,0.0008,0.01262
CX2_8,5,404,1.09594,1.05462,0.04132,0.01259,0.0008,0.01262
CX2_8,5,404,1.09594,1.05597,0.03997,0.01259,0.0008,0.01262
CX2_8,5,404,1.09594,1.07493,0.02101,0.01259,0.0008,0.01262
CX2_8,5,404,1.09594,1.07136,0.02458,0.01259,0.0008,0.01262
CX2_8,5,404,1.09594,1.05671,0.03923,0.01259,0.0008,0.01262
CX2_8,5,404,1.09594,1.05402,0.04192,0.01259,0.0008,0.01262
CX2_8,5,404,1.09594,1.05946,0.03648,0.01259,0.0008,0.01262
CX2_8,5,404,1.09594,1.07132,0.02462,0.01259,0.0008,0.01262
CX2_8,5,499,0.71006,0.99934,0.28927,0.01259,0.00902,0.01549
CX2_8,5,499,0.71006,0.98943,0.27936,0.01259,0.00902,0.01549
CX2_8,5,499,0.71006,0.99218,0.28212,0.01259,0.00902,0.01549
CX2_8,5,499,0.71006,0.99597,0.2859,0.01259,0.00902,0.01549
CX2_8,5,499,0.71006,0.99545,0.28539,0.01259,0.00902,0.01549
CX2_8,5,499,0.71006,0.99759,0.28753,0.01259,0.00902,0.01549
CX2_8,5,499,0.71006,0.99865,0.28859,0.01259,0.00902,0.01549
CX2_8,5,499,0.71006,0.99883,0.28876,0.01259,0.00902,0.01549
CX2_8,5,499,0.71006,0.99904,0.28897,0.01259,0.00902,0.01549
CX2_8,5,499,0.71006,1.00354,0.29348,0.01259,0.00902,0.01549
CX2_8,5,499,0.71006,1.01621,0.30615,0.01259,0.00902,0.01549
CX2_8,5,499,0.71006,1.00419,0.29413,0.01259,0.00902,0.01549
CX2_8,5,499,0.71006,1.00248,0.29242,0.01259,0.00902,0.01549
CX2_8,5,499,0.71006,1.00353,0.29347,0.01259,0.00902,0.01549
CX2_8,5,499,0.71006,1.00352,0.29346,0.01259,0.00902,0.01549
CX2_8,5,499,0.71006,0.97063,0.26057,0.01259,0.00902,0.01549
CX2_8,5,499,0.71006,1.00113,0.29107,0.01259,0.00902,0.01549
CX2_8,5,499,0.71006,0.98499,0.27493,0.01259,0.00902,0.01549
CX2_8,5,499,0.71006,1.00016,0.2901,0.01259,0.00902,0.01549
CX2_8,5,499,0.71006,0.98136,0.27129,0.01259,0.00902,0.01549
CX2_8,5,499,0.71006,1.00323,0.29317,0.01259,0.00902,0.01549
CX2_8,5,499,0.71006,0.97033,0.26027,0.01259,0.00902,0.01549
CX2_8,5,499,0.71006,0.97706,0.267,0.01259,0.00902,0.01549
CX2_8,5,499,0.71006,1.18948,0.47941,0.01259,0.00902,0.01549
CX2_8,5,499,0.71006,1.05968,0.34961,0.01259,0.00902,0.01549
CX2_8,5,499,0.71006,1.06863,0.35856,0.01259,0.00902,0.01549
CX2_8,5,499,0.71006,1.07475,0.36468,0.01259,0.00902,0.01549
CX2_8,5,499,0.71006,1.07696,0.3669,0.01259,0.00902,0.01549
CX2_8,5,499,0.71006,1.06916,0.3591,0.01259,0.00902,0.01549
CX2_8,5,499,0.71006,1.06119,0.35113,0.01259,0.00902,0.01549
CX2_8,5,499,0.71006,1.05665,0.34659,0.01259,0.00902,0.01549
CX2_8,5,499,0.71006,1.05646,0.34639,0.01259,0.00902,0.01549
CX2_8,5,499,0.71006,0.97751,0.26745,0.01259,0.00902,0.01549
CX2_8,5,499,0.71006,0.99859,0.28853,0.01259,0.00902,0.01549
CX2_8,5,499,0.71006,1.02255,0.31249,0.01259,0.00902,0.01549
CX2_8,5,499,0.71006,1.03009,0.32003,0.01259,0.00902,0.01549
CX2_8,5,499,0.71006,1.03451,0.32445,0.01259,0.00902,0.01549
CX2_8,5,499,0.71006,0.97147,0.26141,0.01259,0.00902,0.01549
CX2_8,5,499,0.71006,0.98345,0.27338,0.01259,0.00902,0.01549
CX2_8,5,499,0.71006,0.97096,0.2609,0.01259,0.00902,0.01549
CX2_8,5,499,0.71006,0.98137,0.27131,0.01259,0.00902,0.01549
CX2_8,5,499,0.71006,1.01144,0.30138,0.01259,0.00902,0.01549
CX2_8,5,523,0.79146,0.99707,0.20561,0.01259,0.01043,0.01635
CX2_8,5,523,0.79146,1.00805,0.21659,0.01259,0.01043,0.01635
CX2_8,5,523,0.79146,1.00395,0.2125,0.01259,0.01043,0.01635
CX2_8,5,523,0.79146,0.99941,0.20795,0.01259,0.01043,0.01635
CX2_8,5,523,0.79146,1.03482,0.24336,0.01259,0.01043,0.01635
CX2_8,5,523,0.79146,1.00332,0.21186,0.01259,0.01043,0.01635
CX2_8,5,523,0.79146,0.97026,0.17881,0.01259,0.01043,0.01635
CX2_8,5,523,0.79146,1.01181,0.22035,0.01259,0.01043,0.01635
CX2_8,5,523,0.79146,1.18654,0.39508,0.01259,0.01043,0.01635
CX2_8,5,523,0.79146,1.03231,0.24085,0.01259,0.01043,0.01635
CX2_8,5,627,0.75212,1.01207,0.25995,0.01259,0.00734,0.01458
CX2_8,5,627,0.75212,1.01393,0.26181,0.01259,0.00734,0.01458
CX2_8,5,627,0.75212,1.01636,0.26424,0.01259,0.00734,0.01458
CX2_8,5,627,0.75212,1.08473,0.33261,0.01259,0.00734,0.01458
CX2_8,5,627,0.75212,1.01736,0.26524,0.01259,0.00734,0.01458
CX2_8,5,627,0.75212,1.08667,0.33455,0.01259,0.00734,0.01458
CX2_8,5,627,0.75212,1.08359,0.33147,0.01259,0.00734,0.01458
CX2_8,5,627,0.75212,1.01705,0.26493,0.01259,0.00734,0.01458
CX2_8,5,627,0.75212,0.98289,0.23077,0.01259,0.00734,0.01458
CX2_8,5,627,0.75212,1.04355,0.29143,0.01259,0.00734,0.01458
CX2_8,5,627,0.75212,1.05946,0.30734,0.01259,0.00734,0.01458
CX2_8,5,627,0.75212,1.02882,0.2767,0.01259,0.00734,0.01458
CX2_8,5,627,0.75212,0.97695,0.22482,0.01259,0.00734,0.01458
CX2_8,5,627,0.75212,0.98164,0.22952,0.01259,0.00734,0.01458
CX2_8,5,627,0.75212,1.0541,0.30198,0.01259,0.00734,0.01458
CX2_8,5,627,0.75212,0.99161,0.23949,0.01259,0.00734,0.01458
CX2_8,5,627,0.75212,0.97862,0.2265,0.01259,0.00734,0.01458
CX2_8,5,627,0.75212,0.98027,0.22815,0.01259,0.00734,0.01458
CX2_8,5,627,0.75212,0.98641,0.23429,0.01259,0.00734,0.01458
CX2_8,5,627,0.75212,0.97724,0.22512,0.01259,0.00734,0.01458
CX2_8,5,627,0.75212,0.98825,0.23613,0.01259,0.00734,0.01458
CX2_8,5,627,0.75212,1.06643,0.3143,0.01259,0.00734,0.01458
CX2_8,5,627,0.75212,1.01133,0.25921,0.01259,0.00734,0.01458
CX2_8,5,627,0.75212,0.98692,0.2348,0.01259,0.00734,0.01458
CX2_8,5,627,0.75212,1.00946,0.25734,0.01259,0.00734,0.01458
CX2_8,5,627,0.75212,1.17597,0.42385,0.01259,0.00734,0.01458
CX2_8,5,627,0.75212,1.02934,0.27722,0.01259,0.00734,0.01458
CX2_8,5,627,0.75212,1.03109,0.27897,0.01259,0.00734,0.01458
CX2_8,5,627,0.75212,1.03387,0.28175,0.01259,0.00734,0.01458
CX2_8,5,627,0.75212,1.01769,0.26557,0.01259,0.00734,0.01458
CX2_8,5,627,0.75212,0.97544,0.22332,0.01259,0.00734,0.01458
CX2_8,5,627,0.75212,0.99942,0.2473,0.01259,0.00734,0.01458
CX2_8,5,627,0.75212,1.0034,0.25128,0.01259,0.00734,0.01458
CX2_8,5,627,0.75212,0.97708,0.22496,0.01259,0.00734,0.01458
CX2_8,5,627,0.75212,0.98499,0.23287,0.01259,0.00734,0.01458
CX2_8,5,627,0.75212,0.99175,0.23963,0.01259,0.00734,0.01458
CX2_8,5,627,0.75212,1.00989,0.25777,0.01259,0.00734,0.01458
CX2_8,5,627,0.75212,0.98472,0.2326,0.01259,0.00734,0.01458
CX2_8,5,627,0.75212,0.9889,0.23678,0.01259,0.00734,0.01458
CX2_8,5,627,0.75212,0.99298,0.24086,0.01259,0.00734,0.01458
CX2_8,5,627,0.75212,0.9971,0.24498,0.01259,0.00734,0.01458
CX2_8,5,627,0.75212,0.99799,0.24587,0.01259,0.00734,0.01458
CX2_8,5,627,0.75212,1.00131,0.24919,0.01259,0.00734,0.01458
CX2_8,5,627,0.75212,1.00362,0.2515,0.01259,0.00734,0.01458
CX2_8,5,627,0.75212,1.00505,0.25293,0.01259,0.00734,0.01458
CX2_8,5,627,0.75212,1.00688,0.25476,0.01259,0.00734,0.01458
CX2_8,5,627,0.75212,1.00784,0.25572,0.01259,0.00734,0.01458
CX2_8,5,627,0.75212,0.97567,0.22355,0.01259,0.00734,0.01458
CX2_8,5,732,0.77793,0.9893,0.21137,0.01259,0.01381,0.01869
CX2_8,5,732,0.77793,1.05467,0.27674,0.01259,0.01381,0.01869
CX2_8,5,732,0.77793,0.98718,0.20925,0.01259,0.01381,0.01869
CX2_8,5,732,0.77793,0.98517,0.20724,0.01259,0.01381,0.01869
CX2_8,5,732,0.77793,1.0334,0.25547,0.01259,0.01381,0.01869
CX2_8,5,732,0.77793,0.97922,0.20129,0.01259,0.01381,0.01869
CX2_8,5,732,0.77793,1.04093,0.263,0.01259,0.01381,0.01869
CX2_8,5,732,0.77793,1.01559,0.23766,0.01259,0.01381,0.01869
CX2_8,5,732,0.77793,0.9915,0.21356,0.01259,0.01381,0.01869
CX2_8,5,732,0.77793,1.03119,0.25326,0.01259,0.01381,0.01869
CX2_8,5,732,0.77793,0.9821,0.20417,0.01259,0.01381,0.01869
CX2_8,5,732,0.77793,0.99276,0.21483,0.01259,0.01381,0.01869
CX2_8,5,732,0.77793,1.06238,0.28445,0.01259,0.01381,0.01869
CX2_8,5,732,0.77793,1.06211,0.28418,0.01259,0.01381,0.01869
CX2_8,5,732,0.77793,0.99524,0.21731,0.01259,0.01381,0.01869
CX2_8,5,732,0.77793,0.9948,0.21687,0.01259,0.01381,0.01869
CX2_8,5,732,0.77793,1.06481,0.28688,0.01259,0.01381,0.01869
CX2_8,5,732,0.77793,1.06597,0.28804,0.01259,0.01381,0.01869
CX2_8,5,732,0.77793,1.00074,0.22281,0.01259,0.01381,0.01869
CX2_8,5,732,0.77793,1.00077,0.22284,0.01259,0.01381,0.01869
CX2_8,5,732,0.77793,1.00171,0.22378,0.01259,0.01381,0.01869
CX2_8,5,732,0.77793,1.0017,0.22377,0.01259,0.01381,0.01869
CX2_8,5,732,0.77793,0.97691,0.19898,0.01259,0.01381,0.01869
CX2_8,5,732,0.77793,0.97229,0.19436,0.01259,0.01381,0.01869
CX2_8,5,732,0.77793,0.99439,0.21646,0.01259,0.01381,0.01869
CX2_8,5,732,0.77793,1.06896,0.29103,0.01259,0.01381,0.01869
CX2_8,5,732,0.77793,0.99465,0.21672,0.01259,0.01381,0.01869
CX2_8,5,732,0.77793,0.98355,0.20562,0.01259,0.01381,0.01869
CX2_8,5,732,0.77793,0.99698,0.21905,0.01259,0.01381,0.01869
CX2_8,5,732,0.77793,0.99714,0.2192,0.01259,0.01381,0.01869
CX2_8,5,732,0.77793,1.00533,0.2274,0.01259,0.01381,0.01869
CX2_8,5,732,0.77793,1.00952,0.23159,0.01259,0.01381,0.01869
CX2_8,5,732,0.77793,1.01168,0.23374,0.01259,0.01381,0.01869
CX2_8,5,732,0.77793,1.01427,0.23634,0.01259,0.01381,0.01869
CX2_8,5,732,0.77793,1.01448,0.23655,0.01259,0.01381,0.01869
CX2_8,5,732,0.77793,1.01486,0.23693,0.01259,0.01381,0.01869
CX2_8,5,732,0.77793,1.01605,0.23811,0.01259,0.01381,0.01869
CX2_8,5,732,0.77793,1.01626,0.23833,0.01259,0.01381,0.01869
CX2_8,5,732,0.77793,1.01705,0.23912,0.01259,0.01381,0.01869
CX2_8,5,732,0.77793,1.01728,0.23935,0.01259,0.01381,0.01869
CX2_8,5,732,0.77793,1.16033,0.3824,0.01259,0.01381,0.01869
CX2_8,5,732,0.77793,1.0189,0.24097,0.01259,0.01381,0.01869
CX2_8,5,732,0.77793,1.01849,0.24055,0.01259,0.01381,0.01869
CX2_8,5,732,0.77793,1.02046,0.24253,0.01259,0.01381,0.01869
CX2_8,5,732,0.77793,1.0211,0.24317,0.01259,0.01381,0.01869
CX2_8,5,732,0.77793,1.02057,0.24264,0.01259,0.01381,0.01869
CX2_8,5,732,0.77793,1.02179,0.24386,0.01259,0.01381,0.01869
CX2_8,5,732,0.77793,1.02036,0.24242,0.01259,0.01381,0.01869
CX2_8,5,732,0.77793,1.02141,0.24348,0.01259,0.01381,0.01869
CX2_8,5,732,0.77793,1.01886,0.24093,0.01259,0.01381,0.01869
CX2_8,5,732,0.77793,1.0184,0.24047,0.01259,0.01381,0.01869
CX2_8,5,732,0.77793,1.01895,0.24102,0.01259,0.01381,0.01869
CX2_8,5,732,0.77793,1.02121,0.24328,0.01259,0.01381,0.01869
CX2_8,5,757,0.74898,1.14527,0.3963,0.01259,0.00771,0.01477
CX2_8,5,757,0.74898,0.9773,0.22832,0.01259,0.00771,0.01477
CX2_8,5,757,0.74898,0.97951,0.23053,0.01259,0.00771,0.01477
CX2_8,5,757,0.74898,0.97092,0.22194,0.01259,0.00771,0.01477
CX2_8,5,845,0.67543,0.98316,0.30773,0.01259,0.01104,0.01675
CX2_8,5,845,0.67543,0.9707,0.29527,0.01259,0.01104,0.01675
CX2_8,5,845,0.67543,0.97024,0.29481,0.01259,0.01104,0.01675
CX2_8,5,845,0.67543,0.98843,0.31299,0.01259,0.01104,0.01675
CX2_8,5,845,0.67543,0.9731,0.29767,0.01259,0.01104,0.01675
CX2_8,5,845,0.67543,0.97749,0.30206,0.01259,0.01104,0.01675
CX2_8,5,845,0.67543,1.15,0.47457,0.01259,0.01104,0.01675
CX2_8,5,845,0.67543,0.98512,0.30969,0.01259,0.01104,0.01675
CX2_8,5,956,0.68135,1.12676,0.44541,0.01259,0.02012,0.02373
CX2_8,5,1034,0.63304,1.1204,0.48736,0.01259,0.01843,0.02232
CX2_8,5,1104,0.59926,1.12081,0.52154,0.01259,0.01647,0.02074
CX2_8,5,1253,0.50474,1.0972,0.59246,0.01259,0.03608,0.03821
CX2_8,5,1344,0.52266,1.09253,0.56987,0.01259,0.00359,0.0131
CX2_8,5,1466,0.50059,1.08318,0.58259,0.01259,0.00376,0.01314
CX2_8,5,1511,0.46272,1.05978,0.59706,0.01259,0.00499,0.01355
CX2_8,5,1515,0.45679,1.04332,0.58653,0.01259,0.01394,0.01879
CX2_8,5,1567,0.70458,1.04332,0.33874,0.01259,0.00122,0.01265
CX2_8,5,1620,0.60139,1.07949,0.47811,0.01259,0.00652,0.01418
CX2_8,5,1737,0.53122,1.06037,0.52915,0.01259,0.01089,0.01665
