cell_id,cohort,cycle,rul_pred,rul_true,error,slope_per_cycle,refusal,threshold
CS2_3,CS2_Type3,30.0,325.43999308878807,233.0,92.43999308878807,-0.00029477104021842846,,0.9
CS2_3,CS2_Type3,40.0,382.95318426113226,223.0,159.95318426113226,-0.0002468025285050357,,0.9
CS2_3,CS2_Type3,50.0,242.22191166634678,213.0,29.221911666346784,-0.0003631127048559759,,0.9
CS2_3,CS2_Type3,60.0,190.29354451524037,203.0,-12.70645548475963,-0.00042848920025029106,,0.9
CS2_3,CS2_Type3,70.0,183.49580435899065,193.0,-9.504195641009346,-0.0004223308005303151,,0.9
CS2_3,CS2_Type3,80.0,181.76044800202527,183.0,-1.2395519979747291,-0.0004075673743131024,,0.9
CS2_3,CS2_Type3,90.0,169.81973801393286,173.0,-3.180261986067137,-0.0004110189823762066,,0.9
CS2_3,CS2_Type3,100.0,162.7861606582385,163.0,-0.21383934176151342,-0.00040568249580335614,,0.9
CS2_3,CS2_Type3,110.0,153.76262703573923,153.0,0.7626270357392286,-0.00040395797350650076,,0.9
CS2_3,CS2_Type3,120.0,142.46189802374863,143.0,-0.5381019762513688,-0.00040631508445837153,,0.9
CS2_3,CS2_Type3,130.0,128.83882104948572,133.0,-4.161178950514284,-0.00041304357445691876,,0.9
CS2_3,CS2_Type3,140.0,120.15979152780108,123.0,-2.840208472198924,-0.00041050377322068127,,0.9
CS2_3,CS2_Type3,150.0,107.6634653166148,113.0,-5.336534683385196,-0.00041534398674731606,,0.9
CS2_3,CS2_Type3,160.0,99.1119762953536,103.0,-3.8880237046464003,-0.0004124280706552793,,0.9
CS2_3,CS2_Type3,170.0,93.36302038295469,93.0,0.3630203829546872,-0.00040401058218767833,,0.9
CS2_3,CS2_Type3,180.0,81.23200804992535,83.0,-1.767991950074645,-0.0004082333512291481,,0.9
CS2_3,CS2_Type3,190.0,73.1039221419208,73.0,0.10392214192080473,-0.00040443798464624573,,0.9
CS2_3,CS2_Type3,200.0,61.84005451041378,63.0,-1.159945489586221,-0.0004070324448280199,,0.9
CS2_3,CS2_Type3,210.0,51.25889502763164,53.0,-1.7411049723683618,-0.00040822883232212144,,0.9
CS2_3,CS2_Type3,220.0,39.26339101958274,43.0,-3.736608980417259,-0.000412546156913354,,0.9
CS2_3,CS2_Type3,230.0,29.108554558202968,33.0,-3.891445441797032,-0.00041287209959802113,,0.9
CS2_3,CS2_Type3,240.0,18.794437658803076,23.0,-4.205562341196924,-0.00041358419670254346,,0.9
CS2_3,CS2_Type3,250.0,8.076934528265554,13.0,-4.923065471734446,-0.00041528004638368294,,0.9
CS2_3,CS2_Type3,260.0,0.0,3.0,-3.0,-0.00041153137211144536,fitted trend places end of life at or before now,0.9
CS2_33,CS2_Type1,30.0,97.21413635984811,342.0,-244.7858636401519,-0.0010014131320035288,,0.9
CS2_33,CS2_Type1,40.0,96.31189980365335,332.0,-235.68810019634665,-0.0009271758304971077,,0.9
CS2_33,CS2_Type1,50.0,101.38603412046612,322.0,-220.61396587953388,-0.0008239759477661835,,0.9
CS2_33,CS2_Type1,60.0,129.9468804511016,312.0,-182.0531195488984,-0.0006382498372225261,,0.9
CS2_33,CS2_Type1,70.0,128.97447029897864,302.0,-173.02552970102136,-0.0006055207347813852,,0.9
CS2_33,CS2_Type1,80.0,123.593333409711,292.0,-168.406666590289,-0.0005897104895648915,,0.9
CS2_33,CS2_Type1,90.0,117.64717101850968,282.0,-164.35282898149032,-0.0005762617601886478,,0.9
CS2_33,CS2_Type1,100.0,116.63199449735603,272.0,-155.36800550264397,-0.0005481873872326762,,0.9
CS2_33,CS2_Type1,110.0,118.19400636247158,262.0,-143.80599363752842,-0.0005152465394102891,,0.9
CS2_33,CS2_Type1,120.0,122.72532623040408,252.0,-129.27467376959592,-0.00047857259190802923,,0.9
CS2_33,CS2_Type1,130.0,117.97533549549067,242.0,-124.02466450450933,-0.00046633569222073154,,0.9
CS2_33,CS2_Type1,140.0,122.46221438396225,232.0,-109.53778561603775,-0.0004351461847771987,,0.9
CS2_33,CS2_Type1,150.0,133.35864767888432,222.0,-88.64135232111568,-0.0003963979339372969,,0.9
CS2_33,CS2_Type1,160.0,132.42060262816528,212.0,-79.57939737183472,-0.0003814438934994539,,0.9
CS2_33,CS2_Type1,170.0,129.53583519129575,202.0,-72.46416480870425,-0.0003703173567402532,,0.9
CS2_33,CS2_Type1,180.0,131.0532261803695,192.0,-60.946773819630494,-0.0003534001949312062,,0.9
CS2_33,CS2_Type1,190.0,134.9944605861562,182.0,-47.00553941384379,-0.00033465364776560577,,0.9
CS2_33,CS2_Type1,200.0,136.17824788316796,172.0,-35.821752116832045,-0.00032083204139958494,,0.9
CS2_33,CS2_Type1,210.0,131.633437498541,162.0,-30.366562501458986,-0.0003144165241558628,,0.9
CS2_33,CS2_Type1,220.0,118.42748616820586,152.0,-33.57251383179414,-0.0003181905458633835,,0.9
CS2_33,CS2_Type1,230.0,108.08692720053074,142.0,-33.91307279946926,-0.00031859794907099486,,0.9
CS2_33,CS2_Type1,240.0,104.11595852283818,132.0,-27.884041477161816,-0.0003113645732549096,,0.9
CS2_33,CS2_Type1,250.0,94.58400917636857,122.0,-27.415990823631432,-0.0003108099274592884,,0.9
CS2_33,CS2_Type1,260.0,83.08072493653384,112.0,-28.91927506346616,-0.00031262346082240985,,0.9
CS2_33,CS2_Type1,270.0,76.98600929388346,102.0,-25.013990706116545,-0.0003078865023128383,,0.9
CS2_33,CS2_Type1,280.0,71.33574924363018,92.0,-20.664250756369825,-0.00030272257257091446,,0.9
CS2_33,CS2_Type1,290.0,60.36905841441768,82.0,-21.63094158558232,-0.00030386273204082174,,0.9
CS2_33,CS2_Type1,300.0,48.59424641338558,72.0,-23.405753586614424,-0.0003060208208248322,,0.9
CS2_33,CS2_Type1,310.0,39.437200829880396,62.0,-22.562799170119604,-0.0003049737733602627,,0.9
CS2_33,CS2_Type1,320.0,32.14761529146955,52.0,-19.85238470853045,-0.0003016211213151656,,0.9
CS2_33,CS2_Type1,330.0,25.249574718502345,42.0,-16.750425281497655,-0.0002978250315281076,,0.9
CS2_33,CS2_Type1,340.0,17.4155978929997,32.0,-14.584402107000301,-0.000295195302826064,,0.9
CS2_33,CS2_Type1,350.0,8.13536316231449,22.0,-13.86463683768551,-0.0002943155022021806,,0.9
CS2_33,CS2_Type1,360.0,0.0,12.0,-12.0,-0.0002924814239585061,fitted trend places end of life at or before now,0.9
CS2_33,CS2_Type1,370.0,0.0,2.0,-2.0,-0.00028954875288902124,fitted trend places end of life at or before now,0.9
CS2_34,CS2_Type1,30.0,97.58798412414001,334.0,-236.41201587586,-0.0009880234212056773,,0.9
CS2_34,CS2_Type1,40.0,95.16930524316052,324.0,-228.83069475683948,-0.0009260744818199333,,0.9
CS2_34,CS2_Type1,50.0,99.13780976733491,314.0,-214.86219023266509,-0.0008288048417070912,,0.9
CS2_34,CS2_Type1,60.0,126.32872501813719,304.0,-177.6712749818628,-0.0006446508012278084,,0.9
CS2_34,CS2_Type1,70.0,128.9498333585205,294.0,-165.0501666414795,-0.0005985182823429382,,0.9
CS2_34,CS2_Type1,80.0,124.38868834412256,284.0,-159.61131165587744,-0.0005802170901512878,,0.9
CS2_34,CS2_Type1,90.0,126.8253037904436,274.0,-147.1746962095564,-0.0005417304401247987,,0.9
CS2_34,CS2_Type1,100.0,135.70778365630082,264.0,-128.29221634369918,-0.0004915100236238664,,0.9
CS2_34,CS2_Type1,110.0,135.5202947503267,254.0,-118.47970524967329,-0.0004685038324639102,,0.9
CS2_34,CS2_Type1,120.0,138.69498479925414,244.0,-105.30501520074586,-0.00044042528234733625,,0.9
CS2_34,CS2_Type1,130.0,132.67985936805684,234.0,-101.32014063194316,-0.0004324392140318075,,0.9
CS2_34,CS2_Type1,140.0,126.6004686557078,224.0,-97.3995313442922,-0.0004247571665871086,,0.9
CS2_34,CS2_Type1,150.0,136.9873497618346,214.0,-77.0126502381654,-0.00038843878704891813,,0.9
CS2_34,CS2_Type1,160.0,137.68780946148922,204.0,-66.31219053851078,-0.000371512549234463,,0.9
CS2_34,CS2_Type1,170.0,130.6285005848393,194.0,-63.37149941516071,-0.00036704859586255095,,0.9
CS2_34,CS2_Type1,180.0,122.54734228023773,184.0,-61.45265771976227,-0.0003641505479751292,,0.9
CS2_34,CS2_Type1,190.0,123.06849962304256,174.0,-50.931500376957445,-0.0003488940764645032,,0.9
CS2_34,CS2_Type1,200.0,116.15329133512591,164.0,-47.846708664874086,-0.000344605294586555,,0.9
CS2_34,CS2_Type1,210.0,105.44504832357268,154.0,-48.55495167642732,-0.0003455944552280416,,0.9
CS2_34,CS2_Type1,220.0,96.00686667325482,144.0,-47.99313332674518,-0.0003447913293950592,,0.9
CS2_34,CS2_Type1,230.0,90.70968866004665,134.0,-43.29031133995335,-0.00033818074313530616,,0.9
CS2_34,CS2_Type1,240.0,84.72448031428473,124.0,-39.27551968571527,-0.0003326639224179128,,0.9
CS2_34,CS2_Type1,250.0,75.54178358380409,114.0,-38.45821641619591,-0.0003315447200374367,,0.9
CS2_34,CS2_Type1,260.0,68.7890563246732,104.0,-35.2109436753268,-0.00032711497313288974,,0.9
CS2_34,CS2_Type1,270.0,61.46456851012397,94.0,-32.53543148987603,-0.00032351597929517265,,0.9
CS2_34,CS2_Type1,280.0,52.58981516436597,84.0,-31.410184835634027,-0.0003219926948666655,,0.9
CS2_34,CS2_Type1,290.0,47.8787722259068,74.0,-26.1212277740932,-0.00031497014825807983,,0.9
CS2_34,CS2_Type1,300.0,41.9018785855522,64.0,-22.098121414447803,-0.0003097579948676922,,0.9
CS2_34,CS2_Type1,310.0,33.88218139277063,54.0,-20.117818607229367,-0.0003072195595035246,,0.9
CS2_34,CS2_Type1,320.0,27.033313353801134,44.0,-16.966686646198866,-0.00030320952012589844,,0.9
CS2_34,CS2_Type1,330.0,19.2017983422503,34.0,-14.7982016577497,-0.0003004786971800713,,0.9
CS2_34,CS2_Type1,340.0,10.13128406023037,24.0,-13.86871593976963,-0.0002993020239568576,,0.9
CS2_34,CS2_Type1,350.0,4.418114309412886,14.0,-9.581885690587114,-0.0002939363748835645,,0.9
CS2_34,CS2_Type1,360.0,0.0,4.0,-4.0,-0.000289539966743981,fitted trend places end of life at or before now,0.9
CS2_35,CS2_Type2,30.0,73.99601967725063,246.0,-172.00398032274938,-0.001254527231825752,,0.9
CS2_35,CS2_Type2,40.0,44.010589832895604,236.0,-191.98941016710438,-0.0015953642258795923,,0.9
CS2_35,CS2_Type2,50.0,37.54807860114167,226.0,-188.45192139885833,-0.0015161279605254816,,0.9
CS2_35,CS2_Type2,60.0,60.82887875157607,216.0,-155.17112124842393,-0.001019885034749406,,0.9
CS2_35,CS2_Type2,70.0,61.78442755342181,206.0,-144.2155724465782,-0.0009173379867586692,,0.9
CS2_35,CS2_Type2,80.0,51.159148693157846,196.0,-144.84085130684215,-0.0009224411381822191,,0.9
CS2_35,CS2_Type2,90.0,41.16800358761131,186.0,-144.8319964123887,-0.0009222059201737014,,0.9
CS2_35,CS2_Type2,100.0,31.31606630423434,176.0,-144.68393369576566,-0.0009207641602441679,,0.9
CS2_35,CS2_Type2,110.0,37.74029138289288,166.0,-128.25970861710712,-0.0007860237190751452,,0.9
CS2_35,CS2_Type2,120.0,41.78293500039479,156.0,-114.21706499960521,-0.0006963378579567034,,0.9
CS2_35,CS2_Type2,130.0,38.63931281236975,146.0,-107.36068718763025,-0.0006585726448366351,,0.9
CS2_35,CS2_Type2,140.0,38.91964146619682,136.0,-97.08035853380318,-0.0006079443356924219,,0.9
CS2_35,CS2_Type2,150.0,31.3356356875218,126.0,-94.6643643124782,-0.0005969595523580487,,0.9
CS2_35,CS2_Type2,160.0,21.14624287851362,116.0,-94.85375712148638,-0.0005978167667140615,,0.9
CS2_35,CS2_Type2,170.0,13.209893230499631,106.0,-92.79010676950037,-0.0005881426674782938,,0.9
CS2_35,CS2_Type2,180.0,9.625120450142504,96.0,-86.3748795498575,-0.0005592391244599769,,0.9
CS2_35,CS2_Type2,190.0,9.153092084682783,86.0,-76.84690791531722,-0.0005203485567132972,,0.9
CS2_35,CS2_Type2,200.0,6.21923536577907,76.0,-69.78076463422093,-0.0004942673611264181,,0.9
CS2_35,CS2_Type2,210.0,15.748903498469389,66.0,-50.25109650153061,-0.00043269513399835444,,0.9
CS2_35,CS2_Type2,220.0,28.63023911954693,56.0,-27.36976088045307,-0.0003766121478957379,,0.9
CS2_35,CS2_Type2,230.0,31.64016017963172,46.0,-14.359839820368279,-0.00035028760417431427,,0.9
CS2_35,CS2_Type2,240.0,27.086720981269536,36.0,-8.913279018730464,-0.00034015122554089,,0.9
CS2_35,CS2_Type2,250.0,20.056519845633147,26.0,-5.943480154366853,-0.0003347855441820155,,0.9
CS2_35,CS2_Type2,260.0,16.169164139745476,16.0,0.16916413974547595,-0.0003240361653509527,,0.9
CS2_35,CS2_Type2,270.0,12.926784317298313,6.0,6.9267843172983135,-0.00031275576735474405,,0.9
CS2_36,CS2_Type2,30.0,114.2438056246217,314.0,-199.7561943753783,-0.000836518340545971,,0.9
CS2_36,CS2_Type2,40.0,68.81352957703916,304.0,-235.18647042296084,-0.001138478308924391,,0.9
CS2_36,CS2_Type2,50.0,62.09699850595429,294.0,-231.90300149404572,-0.0010992126150950773,,0.9
CS2_36,CS2_Type2,60.0,93.71582752700238,284.0,-190.28417247299762,-0.0007592093970706364,,0.9
CS2_36,CS2_Type2,70.0,95.76771317303599,274.0,-178.232286826964,-0.0006950873114950716,,0.9
CS2_36,CS2_Type2,80.0,86.22804106815482,264.0,-177.77195893184518,-0.0006926128337736678,,0.9
CS2_36,CS2_Type2,90.0,79.1072521162344,254.0,-174.8927478837656,-0.0006783174775597836,,0.9
CS2_36,CS2_Type2,100.0,72.5373350456895,244.0,-171.4626649543105,-0.0006616657704239801,,0.9
CS2_36,CS2_Type2,110.0,69.43587287993458,234.0,-164.56412712006542,-0.0006299657313921626,,0.9
CS2_36,CS2_Type2,120.0,61.89142243608168,224.0,-162.10857756391832,-0.0006190934275579719,,0.9
CS2_36,CS2_Type2,130.0,63.54049787143546,214.0,-150.45950212856454,-0.0005714017160355745,,0.9
CS2_36,CS2_Type2,140.0,69.92159544216423,204.0,-134.07840455783577,-0.0005145111825001189,,0.9
CS2_36,CS2_Type2,150.0,67.69604222220929,194.0,-126.30395777779071,-0.0004907398357984247,,0.9
CS2_36,CS2_Type2,160.0,64.02653402226815,184.0,-119.97346597773185,-0.0004726450520736439,,0.9
CS2_36,CS2_Type2,170.0,59.51986724465141,174.0,-114.48013275534859,-0.0004577249325269234,,0.9
CS2_36,CS2_Type2,180.0,62.276552175039996,164.0,-101.72344782496,-0.0004259017637048442,,0.9
CS2_36,CS2_Type2,190.0,64.51865871358996,154.0,-89.48134128641004,-0.00039882351135689945,,0.9
CS2_36,CS2_Type2,200.0,60.499363886175445,144.0,-83.50063611382456,-0.00038656218287801006,,0.9
CS2_36,CS2_Type2,210.0,56.98672510692688,134.0,-77.01327489307312,-0.0003738955435358777,,0.9
CS2_36,CS2_Type2,220.0,54.79346339766164,124.0,-69.20653660233836,-0.0003594655311866211,,0.9
CS2_36,CS2_Type2,230.0,58.27638365211294,114.0,-55.72361634788706,-0.0003367013378545847,,0.9
CS2_36,CS2_Type2,240.0,60.22240048683909,104.0,-43.77759951316091,-0.00031854735999765763,,0.9
CS2_36,CS2_Type2,250.0,59.232423949970894,94.0,-34.767576050029106,-0.0003058798277686696,,0.9
CS2_36,CS2_Type2,260.0,57.338460358828286,84.0,-26.661539641171714,-0.00029518672166950537,,0.9
CS2_36,CS2_Type2,270.0,51.837367867427815,74.0,-22.162632132572185,-0.0002894746549423409,,0.9
CS2_36,CS2_Type2,280.0,45.30614962689168,64.0,-18.69385037310832,-0.0002851685665542486,,0.9
CS2_36,CS2_Type2,290.0,44.46798284374705,54.0,-9.532017156252948,-0.00027424868257592953,,0.9
CS2_36,CS2_Type2,300.0,41.32173261582693,44.0,-2.6782673841730684,-0.00026650847178907427,,0.9
CS2_36,CS2_Type2,310.0,31.923018974290244,34.0,-2.076981025709756,-0.0002658382250921218,,0.9
CS2_36,CS2_Type2,320.0,26.512978751516187,24.0,2.5129787515161865,-0.0002607919304449851,,0.9
CS2_36,CS2_Type2,330.0,23.148343307783932,14.0,9.148343307783932,-0.0002537183050955587,,0.9
CS2_36,CS2_Type2,340.0,16.96265447088456,4.0,12.962654470884559,-0.0002497723320000012,,0.9
CS2_37,CS2_Type2,30.0,91.89430361732937,288.0,-196.10569638267063,-0.0010808321406133691,,0.9
CS2_37,CS2_Type2,40.0,54.54317432001032,278.0,-223.45682567998966,-0.0014333427612013415,,0.9
CS2_37,CS2_Type2,50.0,46.97465469434904,268.0,-221.02534530565094,-0.0013898617138136061,,0.9
CS2_37,CS2_Type2,60.0,75.92282024190195,258.0,-182.07717975809805,-0.0009265001493646228,,0.9
CS2_37,CS2_Type2,70.0,74.23301741969382,248.0,-173.76698258030618,-0.0008628791224848692,,0.9
CS2_37,CS2_Type2,80.0,63.06709276916246,238.0,-174.93290723083754,-0.0008710923579674886,,0.9
CS2_37,CS2_Type2,90.0,54.67729556177926,228.0,-173.32270443822074,-0.0008588717122649821,,0.9
CS2_37,CS2_Type2,100.0,45.208133608426095,218.0,-172.7918663915739,-0.0008548167377441688,,0.9
CS2_37,CS2_Type2,110.0,43.552849011196116,208.0,-164.44715098880388,-0.0007947399222997922,,0.9
CS2_37,CS2_Type2,120.0,35.47450355486089,198.0,-162.5254964451391,-0.0007815822696719296,,0.9
CS2_37,CS2_Type2,130.0,31.973620686553602,188.0,-156.0263793134464,-0.0007390644211429041,,0.9
CS2_37,CS2_Type2,140.0,34.04615372735162,178.0,-143.95384627264838,-0.0006697119674425035,,0.9
CS2_37,CS2_Type2,150.0,31.977738371433674,168.0,-136.02226162856633,-0.0006297779171987601,,0.9
CS2_37,CS2_Type2,160.0,29.923581574788102,158.0,-128.0764184252119,-0.0005934728171929618,,0.9
CS2_37,CS2_Type2,170.0,26.01481367021779,148.0,-121.98518632978221,-0.0005677678227746612,,0.9
CS2_37,CS2_Type2,180.0,27.909701754245503,138.0,-110.0902982457545,-0.0005224873625887678,,0.9
CS2_37,CS2_Type2,190.0,31.84751696594958,128.0,-96.15248303405042,-0.0004768989623757809,,0.9
CS2_37,CS2_Type2,200.0,30.490288262574495,118.0,-87.5097117374255,-0.0004518715017506373,,0.9
CS2_37,CS2_Type2,210.0,29.66434515028999,108.0,-78.33565484971001,-0.00042760625254321716,,0.9
CS2_37,CS2_Type2,220.0,29.31311439701986,98.0,-68.68688560298014,-0.00040429522048094263,,0.9
CS2_37,CS2_Type2,230.0,34.45458937400565,88.0,-53.54541062599435,-0.00037191745034670376,,0.9
CS2_37,CS2_Type2,240.0,40.128967705874004,78.0,-37.871032294125996,-0.0003429639971055307,,0.9
CS2_37,CS2_Type2,250.0,37.619285354305134,68.0,-30.380714645694866,-0.00033045349684715904,,0.9
CS2_37,CS2_Type2,260.0,33.68169224864016,58.0,-24.31830775135984,-0.00032083371022805727,,0.9
CS2_37,CS2_Type2,270.0,27.205620959225257,48.0,-20.794379040774743,-0.00031539960049379364,,0.9
CS2_37,CS2_Type2,280.0,21.6931938583578,38.0,-16.3068061416422,-0.00030864722970643405,,0.9
CS2_37,CS2_Type2,290.0,15.646183528178199,28.0,-12.353816471821801,-0.000302848510616973,,0.9
CS2_37,CS2_Type2,300.0,8.697984304434954,18.0,-9.302015695565046,-0.00029844038604853523,,0.9
CS2_37,CS2_Type2,310.0,4.8306162309438605,8.0,-3.1693837690561395,-0.0002898400392264178,,0.9
CS2_38,CS2_Type2,30.0,95.95408691281538,285.0,-189.0459130871846,-0.0010555420732050232,,0.9
CS2_38,CS2_Type2,40.0,52.06284577617849,275.0,-222.9371542238215,-0.0014955667024944472,,0.9
CS2_38,CS2_Type2,50.0,44.904746611508685,265.0,-220.0952533884913,-0.0014409497611503456,,0.9
CS2_38,CS2_Type2,60.0,80.22692768692079,255.0,-174.7730723130792,-0.0009020344759515195,,0.9
CS2_38,CS2_Type2,70.0,93.83206729342987,245.0,-151.16793270657013,-0.0007516415024781617,,0.9
CS2_38,CS2_Type2,80.0,84.87929263938352,235.0,-150.12070736061648,-0.0007455962432167439,,0.9
CS2_38,CS2_Type2,90.0,80.15906781447032,225.0,-144.84093218552968,-0.0007177316801748705,,0.9
CS2_38,CS2_Type2,100.0,72.96851764605117,215.0,-142.03148235394883,-0.0007032991792066785,,0.9
CS2_38,CS2_Type2,110.0,68.32833892974989,205.0,-136.6716610702501,-0.0006769105657150279,,0.9
CS2_38,CS2_Type2,120.0,59.22529652115742,195.0,-135.77470347884258,-0.000672562983688919,,0.9
CS2_38,CS2_Type2,130.0,62.90292728413175,185.0,-122.09707271586825,-0.0006115886070281035,,0.9
CS2_38,CS2_Type2,140.0,63.21278283157571,175.0,-111.78721716842429,-0.0005717514896121682,,0.9
CS2_38,CS2_Type2,150.0,55.43676634481625,165.0,-109.56323365518375,-0.000563668484512043,,0.9
CS2_38,CS2_Type2,160.0,42.86082396912559,155.0,-112.13917603087441,-0.0005732552143354235,,0.9
CS2_38,CS2_Type2,170.0,32.32635896736605,145.0,-112.67364103263395,-0.0005753455388736841,,0.9
CS2_38,CS2_Type2,180.0,30.997838487547227,135.0,-104.00216151245277,-0.000542650932942894,,0.9
CS2_38,CS2_Type2,190.0,26.727329741517508,125.0,-98.27267025848249,-0.0005225897670068677,,0.9
CS2_38,CS2_Type2,200.0,21.031763652485154,115.0,-93.96823634751485,-0.0005081323272512661,,0.9
CS2_38,CS2_Type2,210.0,16.201570477606424,105.0,-88.79842952239358,-0.0004914454619622938,,0.9
CS2_38,CS2_Type2,220.0,15.52097408230307,95.0,-79.47902591769693,-0.0004634094767407519,,0.9
CS2_38,CS2_Type2,230.0,17.878569864678838,85.0,-67.12143013532116,-0.00043020505914740965,,0.9
CS2_38,CS2_Type2,240.0,17.577443251755085,75.0,-57.422556748244915,-0.0004068952399802217,,0.9
CS2_38,CS2_Type2,250.0,13.985452498782081,65.0,-51.01454750121792,-0.0003925558118907613,,0.9
CS2_38,CS2_Type2,260.0,8.060671346421316,55.0,-46.939328653578684,-0.00038378779721184777,,0.9
CS2_38,CS2_Type2,270.0,2.222900323147371,45.0,-42.77709967685263,-0.0003750748694917835,,0.9
CS2_38,CS2_Type2,280.0,0.0,35.0,-35.0,-0.00036679053909788746,fitted trend places end of life at or before now,0.9
CS2_38,CS2_Type2,290.0,0.0,25.0,-25.0,-0.00036005929425965525,fitted trend places end of life at or before now,0.9
CS2_38,CS2_Type2,300.0,0.0,15.0,-15.0,-0.0003498566061475918,fitted trend places end of life at or before now,0.9
CS2_38,CS2_Type2,310.0,0.0,5.0,-5.0,-0.0003369746253633862,fitted trend places end of life at or before now,0.9
CS2_5,CS2_Type5,,,,,,never crosses SOH 0.9,0.9
CS2_6,CS2_Type5,30.0,15.122662420315677,8.0,7.122662420315677,-0.0023244209280762463,,0.9
CS2_7,CS2_Type4,,,,,,never crosses SOH 0.9,0.9
CS2_9,CS2_Type3,30.0,248.97520314999167,174.0,74.97520314999167,-0.0003576409951220492,,0.9
CS2_9,CS2_Type3,40.0,316.5918263453477,164.0,152.59182634534773,-0.00027829423874818713,,0.9
CS2_9,CS2_Type3,50.0,238.4372118503606,154.0,84.4372118503606,-0.0003471423814788551,,0.9
CS2_9,CS2_Type3,60.0,173.9767469870894,144.0,29.9767469870894,-0.0004339575089173328,,0.9
CS2_9,CS2_Type3,70.0,136.16626202063784,134.0,2.166262020637845,-0.000499455769169548,,0.9
CS2_9,CS2_Type3,80.0,126.9003106406727,124.0,2.9003106406727,-0.0004977519495950804,,0.9
CS2_9,CS2_Type3,90.0,138.79363842719417,114.0,24.793638427194168,-0.00044344093290573045,,0.9
CS2_9,CS2_Type3,100.0,134.21564635075438,104.0,30.215646350754383,-0.0004312646347448315,,0.9
CS2_9,CS2_Type3,110.0,117.83762486723856,94.0,23.83762486723856,-0.0004454463001356866,,0.9
CS2_9,CS2_Type3,120.0,101.39895116854393,84.0,17.39895116854393,-0.0004612041955608637,,0.9
CS2_9,CS2_Type3,130.0,92.05306704381101,74.0,18.053067043811012,-0.0004597477899659694,,0.9
CS2_9,CS2_Type3,140.0,84.89555407034689,64.0,20.89555407034689,-0.00045257612885009455,,0.9
CS2_9,CS2_Type3,150.0,68.44508298735676,54.0,14.445082987356756,-0.00046965084705942093,,0.9
CS2_9,CS2_Type3,160.0,47.34270190331813,44.0,3.3427019033181296,-0.0005030834509618241,,0.9
CS2_9,CS2_Type3,170.0,29.701274349780164,34.0,-4.298725650219836,-0.0005296741773403281,,0.9
CS2_9,CS2_Type3,180.0,15.029965067269842,24.0,-8.970034932730158,-0.0005478002168952749,,0.9
CS2_9,CS2_Type3,190.0,4.934344932695495,14.0,-9.065655067304505,-0.0005482531147497038,,0.9
CS2_9,CS2_Type3,200.0,0.0,4.0,-4.0,-0.0005447103967093541,fitted trend places end of life at or before now,0.9
CX2_16,CX2_Type1,30.0,516.9932777908556,767.0,-250.0067222091444,-0.00019715523180605378,,0.9
CX2_16,CX2_Type1,40.0,490.3618898544138,757.0,-266.6381101455862,-0.00020341590289818867,,0.9
CX2_16,CX2_Type1,50.0,517.1685716621884,747.0,-229.83142833781164,-0.0001897782748985195,,0.9
CX2_16,CX2_Type1,60.0,1817.105571186835,737.0,1080.105571186835,-5.602480623896693e-05,,0.9
CX2_16,CX2_Type1,70.0,2323.7507453238495,727.0,1596.7507453238495,-4.38198604554408e-05,,0.9
CX2_16,CX2_Type1,80.0,1254.6520372724137,717.0,537.6520372724137,-7.925729675999156e-05,,0.9
CX2_16,CX2_Type1,90.0,849.8547778806145,707.0,142.8547778806145,-0.00011359954839189924,,0.9
CX2_16,CX2_Type1,100.0,670.7851567420155,697.0,-26.214843257984512,-0.00013959450593825618,,0.9
CX2_16,CX2_Type1,110.0,605.7061490633671,687.0,-81.29385093663291,-0.00015089234633985728,,0.9
CX2_16,CX2_Type1,120.0,558.5138434500716,677.0,-118.48615654992841,-0.00015966858528968785,,0.9
CX2_16,CX2_Type1,130.0,503.81576503748033,667.0,-163.18423496251967,-0.0001717292220851608,,0.9
CX2_16,CX2_Type1,140.0,477.17690576188886,657.0,-179.82309423811114,-0.00017672403689956295,,0.9
CX2_16,CX2_Type1,150.0,473.74637901630797,647.0,-173.25362098369203,-0.00017469932713242925,,0.9
CX2_16,CX2_Type1,160.0,479.5299814103307,637.0,-157.47001858966928,-0.0001700041528402355,,0.9
CX2_16,CX2_Type1,170.0,459.8326686487011,627.0,-167.1673313512989,-0.00017287156177119933,,0.9
CX2_16,CX2_Type1,180.0,439.847070451995,617.0,-177.15292954800498,-0.00017594708589502802,,0.9
CX2_16,CX2_Type1,190.0,427.03265030873615,607.0,-179.96734969126385,-0.0001768376988439737,,0.9
CX2_16,CX2_Type1,200.0,444.6517201545307,597.0,-152.34827984546928,-0.00016839204012616458,,0.9
CX2_16,CX2_Type1,210.0,469.4519258296101,587.0,-117.5480741703899,-0.00015880346558338305,,0.9
CX2_16,CX2_Type1,220.0,452.1833417585144,577.0,-124.81665824148558,-0.0001607238134154248,,0.9
CX2_16,CX2_Type1,230.0,425.81864317990096,567.0,-141.18135682009904,-0.00016525307933610122,,0.9
CX2_16,CX2_Type1,240.0,401.3798443683422,557.0,-155.62015563165778,-0.0001694943238371528,,0.9
CX2_16,CX2_Type1,250.0,383.838136160816,547.0,-163.16186383918398,-0.00017180821465399005,,0.9
CX2_16,CX2_Type1,260.0,370.08233779278373,537.0,-166.91766220721627,-0.0001729933004555823,,0.9
CX2_16,CX2_Type1,270.0,359.78702808850267,527.0,-167.21297191149733,-0.00017308863957904232,,0.9
CX2_16,CX2_Type1,280.0,349.38417787159676,517.0,-167.61582212840324,-0.00017321819450257574,,0.9
CX2_16,CX2_Type1,290.0,333.69455973478466,507.0,-173.30544026521534,-0.0001750827319529015,,0.9
CX2_16,CX2_Type1,300.0,331.12200346557904,497.0,-165.87799653442096,-0.00017263514153560835,,0.9
CX2_16,CX2_Type1,310.0,329.7294583902012,487.0,-157.27054160979878,-0.00016987105122333272,,0.9
CX2_16,CX2_Type1,320.0,323.3155351949291,477.0,-153.6844648050709,-0.00016873868271962195,,0.9
CX2_16,CX2_Type1,330.0,312.01970428399875,467.0,-154.98029571600125,-0.0001691484377332576,,0.9
CX2_16,CX2_Type1,340.0,303.8997526323751,457.0,-153.1002473676249,-0.000168550288335698,,0.9
CX2_16,CX2_Type1,350.0,296.821763550685,447.0,-150.17823644931502,-0.000167623270500389,,0.9
CX2_16,CX2_Type1,360.0,290.1844482764021,437.0,-146.81555172359788,-0.00016656256844111298,,0.9
CX2_16,CX2_Type1,370.0,278.5877903146553,427.0,-148.4122096853447,-0.00016706671829714204,,0.9
CX2_16,CX2_Type1,380.0,267.9531142618391,417.0,-149.04688573816088,-0.00016726957638281154,,0.9
CX2_16,CX2_Type1,390.0,256.20433095946544,407.0,-150.79566904053456,-0.00016783494434552624,,0.9
CX2_16,CX2_Type1,400.0,243.0090383808773,397.0,-153.9909616191227,-0.00016888458925076204,,0.9
CX2_16,CX2_Type1,410.0,233.4822342944434,387.0,-153.5177657055566,-0.0001687252987187551,,0.9
CX2_16,CX2_Type1,420.0,224.79408869231293,377.0,-152.20591130768707,-0.0001682869983135517,,0.9
CX2_16,CX2_Type1,430.0,213.7715057767473,367.0,-153.2284942232527,-0.00016862970827718088,,0.9
CX2_16,CX2_Type1,440.0,203.11983152918253,357.0,-153.88016847081747,-0.0001688500442546759,,0.9
CX2_16,CX2_Type1,450.0,192.97423332987444,347.0,-154.02576667012556,-0.00016889958396700672,,0.9
CX2_16,CX2_Type1,460.0,183.00044091205734,337.0,-153.99955908794266,-0.0001688903997115313,,0.9
CX2_16,CX2_Type1,470.0,172.49485223789986,327.0,-154.50514776210014,-0.00016906548281722078,,0.9
CX2_16,CX2_Type1,480.0,175.56597261064826,317.0,-141.43402738935174,-0.00016461810023142486,,0.9
CX2_16,CX2_Type1,490.0,175.9006611582189,307.0,-131.0993388417811,-0.00016124010991344924,,0.9
CX2_16,CX2_Type1,500.0,188.58040764588475,297.0,-108.41959235411525,-0.000154251336987985,,0.9
CX2_16,CX2_Type1,510.0,192.05574426568683,287.0,-94.94425573431317,-0.00015035171128525,,0.9
CX2_16,CX2_Type1,520.0,205.00636827409176,277.0,-71.99363172590824,-0.00014411073736732575,,0.9
CX2_16,CX2_Type1,530.0,206.5093795108172,267.0,-60.49062048918279,-0.00014115597091049706,,0.9
CX2_16,CX2_Type1,540.0,203.37118104334252,257.0,-53.62881895665748,-0.0001394397450324382,,0.9
CX2_16,CX2_Type1,550.0,207.39746509223892,247.0,-39.60253490776108,-0.00013603821867902424,,0.9
CX2_16,CX2_Type1,560.0,214.15612915467614,237.0,-22.843870845323863,-0.0001321669482472384,,0.9
CX2_16,CX2_Type1,570.0,210.41769530423858,227.0,-16.582304695761422,-0.00013076743648022659,,0.9
CX2_16,CX2_Type1,580.0,206.80283125470203,217.0,-10.197168745297972,-0.00012936323846143445,,0.9
CX2_16,CX2_Type1,590.0,214.26217921071157,207.0,7.262179210711565,-0.00012565397779156943,,0.9
CX2_16,CX2_Type1,600.0,210.72751682419835,197.0,13.727516824198347,-0.00012432649348175973,,0.9
CX2_16,CX2_Type1,610.0,210.37294154588278,187.0,23.37294154588278,-0.0001223854319198404,,0.9
CX2_16,CX2_Type1,620.0,214.62265786817454,177.0,37.62265786817454,-0.0001196138155052276,,0.9
CX2_16,CX2_Type1,630.0,213.2144788824612,167.0,46.21447888246121,-0.00011799350378834023,,0.9
CX2_16,CX2_Type1,640.0,207.3470363303942,157.0,50.34703633039419,-0.00011722575838653916,,0.9
CX2_16,CX2_Type1,650.0,212.09680800667354,147.0,65.09680800667354,-0.0001145519826121608,,0.9
CX2_16,CX2_Type1,660.0,208.96286938122444,137.0,71.96286938122444,-0.00011334222953739411,,0.9
CX2_16,CX2_Type1,670.0,207.22107782421836,127.0,80.22107782421836,-0.00011191300118381052,,0.9
CX2_16,CX2_Type1,680.0,212.10371412133486,117.0,95.10371412133486,-0.00010941421674261013,,0.9
CX2_16,CX2_Type1,690.0,214.30188782541995,107.0,107.30188782541995,-0.00010743961422142237,,0.9
CX2_16,CX2_Type1,700.0,205.63106748933342,97.0,108.63106748933342,-0.00010722760347091061,,0.9
CX2_16,CX2_Type1,710.0,196.66573548632516,87.0,109.66573548632516,-0.0001070620292151759,,0.9
CX2_16,CX2_Type1,720.0,198.78373439655206,77.0,121.78373439655206,-0.00010515490774848259,,0.9
CX2_16,CX2_Type1,730.0,192.350551160309,67.0,125.35055116030901,-0.00010460328893293277,,0.9
CX2_16,CX2_Type1,740.0,180.2111155412157,57.0,123.21111554121569,-0.00010493517096867536,,0.9
CX2_16,CX2_Type1,750.0,170.29885255444322,47.0,123.29885255444322,-0.00010492092766213392,,0.9
CX2_16,CX2_Type1,760.0,169.635317612407,37.0,132.635317612407,-0.00010347567090900166,,0.9
CX2_16,CX2_Type1,770.0,154.5218243182204,27.0,127.52182431822041,-0.00010426587468744833,,0.9
CX2_16,CX2_Type1,780.0,138.94066976329657,17.0,121.94066976329657,-0.00010514712548222026,,0.9
CX2_16,CX2_Type1,790.0,139.38288060961054,7.0,132.38288060961054,-0.00010350277785142756,,0.9
CX2_3,CX2_Type4,30.0,,324.0,,,fewer than 30 cycles of history,0.9
CX2_3,CX2_Type4,40.0,224.00270363022196,314.0,-89.99729636977804,-0.0004777370260783987,,0.9
CX2_3,CX2_Type4,50.0,144.66566904487237,304.0,-159.33433095512763,-0.0006627456064286195,,0.9
CX2_3,CX2_Type4,60.0,129.9705659391278,294.0,-164.0294340608722,-0.0006805364024379443,,0.9
CX2_3,CX2_Type4,70.0,115.6798118925461,284.0,-168.3201881074539,-0.000698259089848489,,0.9
CX2_3,CX2_Type4,80.0,115.24050635621015,274.0,-158.75949364378985,-0.0006586374774376623,,0.9
CX2_3,CX2_Type4,90.0,107.61410843449622,264.0,-156.38589156550378,-0.0006492287878353636,,0.9
CX2_3,CX2_Type4,100.0,109.38040568507938,254.0,-144.61959431492062,-0.000605914015423121,,0.9
CX2_3,CX2_Type4,110.0,117.33834700054106,244.0,-126.66165299945894,-0.0005489836120311592,,0.9
CX2_3,CX2_Type4,120.0,120.89320530102111,234.0,-113.10679469897889,-0.0005119992972705151,,0.9
CX2_3,CX2_Type4,130.0,126.37039413540691,224.0,-97.62960586459309,-0.00047487580640052587,,0.9
CX2_3,CX2_Type4,140.0,129.085676856119,214.0,-84.914323143881,-0.0004477891416495048,,0.9
CX2_3,CX2_Type4,150.0,132.19329751872436,204.0,-71.80670248127564,-0.00042255633901796126,,0.9
CX2_3,CX2_Type4,160.0,133.01639360742774,194.0,-60.983606392572256,-0.0004035179476494185,,0.9
CX2_3,CX2_Type4,170.0,132.91365028139506,184.0,-51.086349718604936,-0.0003873249212355269,,0.9
CX2_3,CX2_Type4,180.0,126.464521175507,174.0,-47.535478824493,-0.0003817595629946303,,0.9
CX2_3,CX2_Type4,190.0,118.74747766183378,164.0,-45.252522338166216,-0.00037819678337680236,,0.9
CX2_3,CX2_Type4,200.0,114.4058199205902,154.0,-39.594180079409796,-0.000369586590244112,,0.9
CX2_3,CX2_Type4,210.0,115.41468847519332,144.0,-28.585311524806684,-0.0003536864436467893,,0.9
CX2_3,CX2_Type4,220.0,109.58400975835224,134.0,-24.415990241647762,-0.000347936629510937,,0.9
CX2_3,CX2_Type4,230.0,106.83473495668193,124.0,-17.165265043318072,-0.00033825493505211263,,0.9
CX2_3,CX2_Type4,240.0,98.723141820541,114.0,-15.276858179458998,-0.00033579662409351506,,0.9
CX2_3,CX2_Type4,250.0,88.85296398537434,104.0,-15.147036014625655,-0.00033561872643717515,,0.9
CX2_3,CX2_Type4,260.0,80.06707338211413,94.0,-13.932926617885869,-0.00033401570928831645,,0.9
CX2_3,CX2_Type4,270.0,68.8838421357849,84.0,-15.116157864215097,-0.0003355937528809011,,0.9
CX2_3,CX2_Type4,280.0,58.74405202814961,74.0,-15.25594797185039,-0.000335782937157457,,0.9
CX2_3,CX2_Type4,290.0,49.553583604927894,64.0,-14.446416395072106,-0.0003346627525707262,,0.9
CX2_3,CX2_Type4,300.0,39.437952304669295,54.0,-14.562047695330705,-0.00033481091593392354,,0.9
CX2_3,CX2_Type4,310.0,32.97682963400433,44.0,-11.023170365995668,-0.00032988882635206183,,0.9
CX2_3,CX2_Type4,320.0,23.684788491846746,34.0,-10.315211508153254,-0.00032890244787611445,,0.9
CX2_3,CX2_Type4,330.0,14.218158682371154,24.0,-9.781841317628846,-0.00032815220034928676,,0.9
CX2_3,CX2_Type4,340.0,4.6575743112390455,14.0,-9.342425688760954,-0.0003275268036530563,,0.9
CX2_3,CX2_Type4,350.0,0.0,4.0,-4.0,-0.00032641276292159346,fitted trend places end of life at or before now,0.9
CX2_33,CX2_Type1,30.0,309.77906966514195,384.0,-74.22093033485805,-0.00031632630695855755,,0.9
CX2_33,CX2_Type1,40.0,267.3642876190848,374.0,-106.63571238091521,-0.00035073874817504163,,0.9
CX2_33,CX2_Type1,50.0,719.8371170896,364.0,355.83711708960004,-0.00013580439990402626,,0.9
CX2_33,CX2_Type1,60.0,495.1829734116599,354.0,141.18297341165987,-0.0001902615968898941,,0.9
CX2_33,CX2_Type1,70.0,343.47288560341156,344.0,-0.5271143965884448,-0.0002591532069138519,,0.9
CX2_33,CX2_Type1,80.0,570.8887575968737,334.0,236.8887575968737,-0.00016076673940247955,,0.9
CX2_33,CX2_Type1,90.0,709.2722888864885,324.0,385.27228888648847,-0.00012985026529854597,,0.9
CX2_33,CX2_Type1,100.0,484.8021159083539,314.0,170.80211590835393,-0.00018019768061096407,,0.9
CX2_33,CX2_Type1,110.0,420.89837725694554,304.0,116.89837725694554,-0.00019979588538961265,,0.9
CX2_33,CX2_Type1,120.0,534.7318822907706,294.0,240.7318822907706,-0.0001596697037114372,,0.9
CX2_33,CX2_Type1,130.0,608.947133696067,284.0,324.947133696067,-0.00014038081075123726,,0.9
CX2_33,CX2_Type1,140.0,540.8501211374895,274.0,266.8501211374895,-0.0001532091783396821,,0.9
CX2_33,CX2_Type1,150.0,428.8350636300827,264.0,164.8350636300827,-0.00018268463114200144,,0.9
CX2_33,CX2_Type1,160.0,378.5737725742015,254.0,124.57377257420148,-0.00019779796845260735,,0.9
CX2_33,CX2_Type1,170.0,339.70368577116164,244.0,95.70368577116164,-0.00021036888039272297,,0.9
CX2_33,CX2_Type1,180.0,332.1484688038339,234.0,98.14846880383391,-0.00020922511539203878,,0.9
CX2_33,CX2_Type1,190.0,329.2103544716049,224.0,105.21035447160489,-0.00020600798973131247,,0.9
CX2_33,CX2_Type1,200.0,305.68021103129075,214.0,91.68021103129075,-0.00021232971653775164,,0.9
CX2_33,CX2_Type1,210.0,317.34568142050955,204.0,113.34568142050955,-0.00020230386272543732,,0.9
CX2_33,CX2_Type1,220.0,333.9252539462501,194.0,139.9252539462501,-0.00019114741161548916,,0.9
CX2_33,CX2_Type1,230.0,320.32093962387773,184.0,136.32093962387773,-0.00019259807715674357,,0.9
CX2_33,CX2_Type1,240.0,300.0376828355237,174.0,126.0376828355237,-0.00019688668398409973,,0.9
CX2_33,CX2_Type1,250.0,283.3708754132008,164.0,119.37087541320079,-0.00019979155367528975,,0.9
CX2_33,CX2_Type1,260.0,270.21324952211376,154.0,116.21324952211376,-0.00020121705999083512,,0.9
CX2_33,CX2_Type1,270.0,237.78609849069142,144.0,93.78609849069142,-0.00021198482184551208,,0.9
CX2_33,CX2_Type1,280.0,209.50402116204782,134.0,75.50402116204782,-0.0002217348812295434,,0.9
CX2_33,CX2_Type1,290.0,196.20214706746742,124.0,72.20214706746742,-0.000223603944383915,,0.9
CX2_33,CX2_Type1,300.0,183.79225994132383,114.0,69.79225994132383,-0.00022500794197883513,,0.9
CX2_33,CX2_Type1,310.0,166.57229516109817,104.0,62.57229516109817,-0.00022933557568921556,,0.9
CX2_33,CX2_Type1,320.0,158.5469613042721,94.0,64.54696130427209,-0.00022812544707559882,,0.9
CX2_33,CX2_Type1,330.0,146.7698051614011,84.0,62.76980516140111,-0.0002292257989862732,,0.9
CX2_33,CX2_Type1,340.0,144.52453358316927,74.0,70.52453358316927,-0.00022445355378005624,,0.9
CX2_33,CX2_Type1,350.0,138.49493628676208,64.0,74.49493628676208,-0.0002220680426236144,,0.9
CX2_33,CX2_Type1,360.0,135.52970687131892,54.0,81.52970687131892,-0.00021792140075079351,,0.9
CX2_33,CX2_Type1,370.0,121.92590192752328,44.0,77.92590192752328,-0.00022004440541148078,,0.9
CX2_33,CX2_Type1,380.0,104.09435599207774,34.0,70.09435599207774,-0.00022484442061392938,,0.9
CX2_33,CX2_Type1,390.0,90.1427223142789,24.0,66.1427223142789,-0.00022737336835524556,,0.9
CX2_33,CX2_Type1,400.0,77.30857543856791,14.0,63.308575438567914,-0.0002292402637530615,,0.9
CX2_33,CX2_Type1,410.0,64.95029517266232,4.0,60.95029517266232,-0.00023083452986499096,,0.9
CX2_34,CX2_Type2,30.0,108.05471038532471,341.0,-232.9452896146753,-0.0008901176762990786,,0.9
CX2_34,CX2_Type2,40.0,140.83271953879006,331.0,-190.16728046120994,-0.0006645820797293655,,0.9
CX2_34,CX2_Type2,50.0,102.9985787552321,321.0,-218.0014212447679,-0.0007977653458015093,,0.9
CX2_34,CX2_Type2,60.0,184.62227768263537,311.0,-126.37772231736463,-0.0004745897462110687,,0.9
CX2_34,CX2_Type2,70.0,153.75562665637975,301.0,-147.24437334362025,-0.0005234406147301133,,0.9
CX2_34,CX2_Type2,80.0,122.36703582986092,291.0,-168.63296417013908,-0.0005865032824226953,,0.9
CX2_34,CX2_Type2,90.0,100.41124933674223,281.0,-180.58875066325777,-0.0006297713565984386,,0.9
CX2_34,CX2_Type2,100.0,84.02958063643788,271.0,-186.97041936356212,-0.0006559371145693945,,0.9
CX2_34,CX2_Type2,110.0,105.9157919983889,261.0,-155.0842080016111,-0.0005403128284648266,,0.9
CX2_34,CX2_Type2,120.0,104.15264181257288,251.0,-146.84735818742712,-0.0005162965326933191,,0.9
CX2_34,CX2_Type2,130.0,106.2552699303061,241.0,-134.7447300696939,-0.000484121048657368,,0.9
CX2_34,CX2_Type2,140.0,101.52408478702571,231.0,-129.4759152129743,-0.00047117429683023724,,0.9
CX2_34,CX2_Type2,150.0,89.93370029315037,221.0,-131.06629970684963,-0.0004750650737302816,,0.9
CX2_34,CX2_Type2,160.0,110.31444108791067,211.0,-100.68555891208933,-0.00040905719464242685,,0.9
CX2_34,CX2_Type2,170.0,121.69267207772526,201.0,-79.30732792227474,-0.00037203888743733476,,0.9
CX2_34,CX2_Type2,180.0,117.53770545856287,191.0,-73.46229454143713,-0.0003629520723499443,,0.9
CX2_34,CX2_Type2,190.0,105.22465369041885,181.0,-75.77534630958115,-0.0003665441676681253,,0.9
CX2_34,CX2_Type2,200.0,94.11574479188107,171.0,-76.88425520811893,-0.0003682888885202401,,0.9
CX2_34,CX2_Type2,210.0,121.77977009447858,161.0,-39.22022990552142,-0.0003156476074774965,,0.9
CX2_34,CX2_Type2,220.0,129.3282741415777,151.0,-21.671725858422292,-0.000295682629341727,,0.9
CX2_34,CX2_Type2,230.0,121.54508245907039,141.0,-19.454917540929614,-0.00029330371469334457,,0.9
CX2_34,CX2_Type2,240.0,105.57284401651555,131.0,-25.427155983484454,-0.00029986649470053073,,0.9
CX2_34,CX2_Type2,250.0,90.85224213336568,121.0,-30.147757866634322,-0.00030533226383679617,,0.9
CX2_34,CX2_Type2,260.0,82.88200052244122,111.0,-28.117999477558783,-0.0003029324454668518,,0.9
CX2_34,CX2_Type2,270.0,69.00133789979088,101.0,-31.998662100209117,-0.00030764304188979515,,0.9
CX2_34,CX2_Type2,280.0,52.249744360457726,91.0,-38.750255639542274,-0.0003162892802225824,,0.9
CX2_34,CX2_Type2,290.0,36.13598333712332,81.0,-44.86401666287668,-0.00032467185506698554,,0.9
CX2_34,CX2_Type2,300.0,33.39019120808621,71.0,-37.60980879191379,-0.0003145705090082856,,0.9
CX2_34,CX2_Type2,310.0,40.8065949808223,61.0,-20.193405019177703,-0.00029254904722269013,,0.9
CX2_34,CX2_Type2,320.0,43.38175439703332,51.0,-7.618245602966681,-0.00027828668876467164,,0.9
CX2_34,CX2_Type2,330.0,39.93170380851194,41.0,-1.0682961914880593,-0.0002712980436052676,,0.9
CX2_34,CX2_Type2,340.0,37.92089322184893,31.0,6.920893221848928,-0.0002631444914881044,,0.9
CX2_34,CX2_Type2,350.0,29.225030007595194,21.0,8.225030007595194,-0.00026184659581020167,,0.9
CX2_34,CX2_Type2,360.0,17.605828771351867,11.0,6.605828771351867,-0.00026348239630456636,,0.9
CX2_34,CX2_Type2,370.0,7.621263602046156,1.0,6.621263602046156,-0.00026346719343162074,,0.9
CX2_35,CX2_Type1,30.0,189.6583944465085,444.0,-254.3416055534915,-0.0005686170940215005,,0.9
CX2_35,CX2_Type1,40.0,161.7403187101884,434.0,-272.2596812898116,-0.0006219655002510977,,0.9
CX2_35,CX2_Type1,50.0,152.99836791619228,424.0,-271.00163208380775,-0.0006175670776773948,,0.9
CX2_35,CX2_Type1,60.0,211.78795098532453,414.0,-202.21204901467547,-0.00044948296249528076,,0.9
CX2_35,CX2_Type1,70.0,200.58510429471477,404.0,-203.41489570528523,-0.0004515393258773511,,0.9
CX2_35,CX2_Type1,80.0,184.47427941720582,394.0,-209.52572058279418,-0.0004629874000700452,,0.9
CX2_35,CX2_Type1,90.0,166.5222503903306,384.0,-217.4777496096694,-0.000479070150933448,,0.9
CX2_35,CX2_Type1,100.0,162.85090771736134,374.0,-211.14909228263866,-0.0004659224105561631,,0.9
CX2_35,CX2_Type1,110.0,157.7481966925257,364.0,-206.2518033074743,-0.00045606166356591143,,0.9
CX2_35,CX2_Type1,120.0,174.4137630614461,354.0,-179.5862369385539,-0.000408538582051079,,0.9
CX2_35,CX2_Type1,130.0,170.1362186702567,344.0,-173.8637813297433,-0.000399485372542165,,0.9
CX2_35,CX2_Type1,140.0,164.12199879724545,334.0,-169.87800120275455,-0.0003933064066682342,,0.9
CX2_35,CX2_Type1,150.0,194.90810918199475,324.0,-129.09189081800525,-0.0003391635980079367,,0.9
CX2_35,CX2_Type1,160.0,208.9534002712166,314.0,-105.0465997287834,-0.0003134377889577641,,0.9
CX2_35,CX2_Type1,170.0,203.47445622543427,304.0,-100.52554377456573,-0.00030896859329442933,,0.9
CX2_35,CX2_Type1,180.0,194.51312335486995,294.0,-99.48687664513005,-0.00030794709770375756,,0.9
CX2_35,CX2_Type1,190.0,193.43814275416855,284.0,-90.56185724583145,-0.00029939085068123695,,0.9
CX2_35,CX2_Type1,200.0,184.91936571229104,274.0,-89.08063428770896,-0.00029801738767959007,,0.9
CX2_35,CX2_Type1,210.0,168.61963242242018,264.0,-95.38036757757982,-0.00030407298583564745,,0.9
CX2_35,CX2_Type1,220.0,151.55802114211167,254.0,-102.44197885788833,-0.0003112332993227296,,0.9
CX2_35,CX2_Type1,230.0,147.14760843382703,244.0,-96.85239156617297,-0.00030547222591991813,,0.9
CX2_35,CX2_Type1,240.0,142.08661557530843,234.0,-91.91338442469157,-0.00030050268640130853,,0.9
CX2_35,CX2_Type1,250.0,130.31882533392428,224.0,-93.68117466607572,-0.0003022820222416648,,0.9
CX2_35,CX2_Type1,260.0,122.66036783403524,214.0,-91.33963216596476,-0.000299892737851946,,0.9
CX2_35,CX2_Type1,270.0,114.93391376432288,204.0,-89.06608623567712,-0.00029760235381053653,,0.9
CX2_35,CX2_Type1,280.0,104.13463702513172,194.0,-89.86536297486828,-0.00029840374201948853,,0.9
CX2_35,CX2_Type1,290.0,99.5942153511728,184.0,-84.4057846488272,-0.00029286228129059527,,0.9
CX2_35,CX2_Type1,300.0,96.61022838319343,174.0,-77.38977161680657,-0.0002859628439277401,,0.9
CX2_35,CX2_Type1,310.0,91.02305607658604,164.0,-72.97694392341396,-0.0002817407861485587,,0.9
CX2_35,CX2_Type1,320.0,89.37420610786523,154.0,-64.62579389213477,-0.00027399891121102944,,0.9
CX2_35,CX2_Type1,330.0,85.48667647372599,144.0,-58.51332352627401,-0.0002685429086180436,,0.9
CX2_35,CX2_Type1,340.0,80.26637487123173,134.0,-53.73362512876827,-0.0002643746492545936,,0.9
CX2_35,CX2_Type1,350.0,75.15002006359379,124.0,-48.849979936406214,-0.00026020419232676545,,0.9
CX2_35,CX2_Type1,360.0,73.05121003341759,114.0,-40.94878996658241,-0.00025366281950436876,,0.9
CX2_35,CX2_Type1,370.0,68.58094213047178,104.0,-35.41905786952822,-0.0002492317511856172,,0.9
CX2_35,CX2_Type1,380.0,63.209339639603684,94.0,-30.790660360396316,-0.00024560075612124825,,0.9
CX2_35,CX2_Type1,390.0,58.22847091619991,84.0,-25.77152908380009,-0.00024173722229229336,,0.9
CX2_35,CX2_Type1,400.0,52.62930678231419,74.0,-21.37069321768581,-0.00023842144837669358,,0.9
CX2_35,CX2_Type1,410.0,42.057843980564996,64.0,-21.942156019435004,-0.0002388514292935296,,0.9
CX2_35,CX2_Type1,420.0,32.098549780973656,54.0,-21.901450219026344,-0.00023881972590175508,,0.9
CX2_35,CX2_Type1,430.0,25.52296719412118,44.0,-18.47703280587882,-0.00023620896071471106,,0.9
CX2_35,CX2_Type1,440.0,18.050330388303905,34.0,-15.949669611696095,-0.00023430059114323037,,0.9
CX2_35,CX2_Type1,450.0,9.416903295183147,24.0,-14.583096704816853,-0.000233265394163478,,0.9
CX2_35,CX2_Type1,460.0,0.3404269289698618,14.0,-13.659573071030138,-0.0002325642130153921,,0.9
CX2_35,CX2_Type1,470.0,0.0,4.0,-4.0,-0.00022991824290746548,fitted trend places end of life at or before now,0.9
CX2_36,CX2_Type2,30.0,88.18598632744825,256.0,-167.81401367255177,-0.0010789941213169448,,0.9
CX2_36,CX2_Type2,40.0,133.41528525441876,246.0,-112.58471474558124,-0.0007100573793187349,,0.9
CX2_36,CX2_Type2,50.0,93.05045578976217,236.0,-142.94954421023783,-0.0008785194871481273,,0.9
CX2_36,CX2_Type2,60.0,138.1111219284993,226.0,-87.8888780715007,-0.0006084213041019635,,0.9
CX2_36,CX2_Type2,70.0,118.62118644426363,216.0,-97.37881355573637,-0.0006426716582462187,,0.9
CX2_36,CX2_Type2,80.0,95.61678151651705,206.0,-110.38321848348295,-0.0006980273013543561,,0.9
CX2_36,CX2_Type2,90.0,81.37343062323444,196.0,-114.62656937676556,-0.0007187043610696979,,0.9
CX2_36,CX2_Type2,100.0,69.10688488803714,186.0,-116.89311511196286,-0.0007304295534363701,,0.9
CX2_36,CX2_Type2,110.0,60.1380609346148,176.0,-115.8619390653852,-0.0007248294169369944,,0.9
CX2_36,CX2_Type2,120.0,51.04378968484738,166.0,-114.95621031515262,-0.0007198400800671562,,0.9
CX2_36,CX2_Type2,130.0,52.993350179652566,156.0,-103.00664982034743,-0.000658836556414037,,0.9
CX2_36,CX2_Type2,140.0,48.83152137799598,146.0,-97.16847862200402,-0.0006321352653984017,,0.9
CX2_36,CX2_Type2,150.0,44.09824392945541,136.0,-91.9017560705446,-0.0006090788503132976,,0.9
CX2_36,CX2_Type2,160.0,39.77385175900332,126.0,-86.22614824099668,-0.0005856810244120887,,0.9
CX2_36,CX2_Type2,170.0,41.491416973822965,116.0,-74.50858302617704,-0.0005417606666899468,,0.9
CX2_36,CX2_Type2,180.0,38.91685489540083,106.0,-67.08314510459917,-0.0005167065868727891,,0.9
CX2_36,CX2_Type2,190.0,29.932739614895127,96.0,-66.06726038510487,-0.0005133769028483655,,0.9
CX2_36,CX2_Type2,200.0,25.630506769968406,86.0,-60.369493230031594,-0.000495048717655768,,0.9
CX2_36,CX2_Type2,210.0,30.22603249950751,76.0,-45.77396750049249,-0.0004529466339936221,,0.9
CX2_36,CX2_Type2,220.0,33.22543334136074,66.0,-32.77456665863926,-0.0004204355757919232,,0.9
CX2_36,CX2_Type2,230.0,25.169577659800524,56.0,-30.830422340199476,-0.0004158748427028624,,0.9
CX2_36,CX2_Type2,240.0,15.456432661787915,46.0,-30.543567338212085,-0.00041520626749087406,,0.9
CX2_36,CX2_Type2,250.0,8.825657718800926,36.0,-27.174342281199074,-0.00040726343817537824,,0.9
CX2_36,CX2_Type2,260.0,2.29615418392774,26.0,-23.70384581607226,-0.00039926187993908897,,0.9
CX2_36,CX2_Type2,270.0,0.0,16.0,-16.0,-0.0003983097802544195,fitted trend places end of life at or before now,0.9
CX2_36,CX2_Type2,280.0,0.0,6.0,-6.0,-0.000387412402664339,fitted trend places end of life at or before now,0.9
CX2_37,CX2_Type2,30.0,84.5545721051611,296.0,-211.4454278948389,-0.0011261021475631793,,0.9
CX2_37,CX2_Type2,40.0,119.23289961266917,286.0,-166.76710038733083,-0.0007844457605073112,,0.9
CX2_37,CX2_Type2,50.0,106.09405923523937,276.0,-169.90594076476063,-0.0008016797972545439,,0.9
CX2_37,CX2_Type2,60.0,156.13227592821622,266.0,-109.86772407178378,-0.0005570695844309355,,0.9
CX2_37,CX2_Type2,70.0,144.6579598340418,256.0,-111.3420401659582,-0.0005610392554143784,,0.9
CX2_37,CX2_Type2,80.0,118.97600213043756,246.0,-127.02399786956244,-0.0006115154019722782,,0.9
CX2_37,CX2_Type2,90.0,102.51439631063278,236.0,-133.48560368936722,-0.0006355680824378679,,0.9
CX2_37,CX2_Type2,100.0,86.57143784406628,226.0,-139.42856215593372,-0.0006599003738948048,,0.9
CX2_37,CX2_Type2,110.0,77.06385492738872,216.0,-138.93614507261128,-0.0006577394795683819,,0.9
CX2_37,CX2_Type2,120.0,66.93413525197573,206.0,-139.06586474802427,-0.0006583026617959784,,0.9
CX2_37,CX2_Type2,130.0,65.95091447456801,196.0,-130.049085525432,-0.000619745270637128,,0.9
CX2_37,CX2_Type2,140.0,61.95159221988007,186.0,-124.04840778011993,-0.0005960476016109705,,0.9
CX2_37,CX2_Type2,150.0,60.917927426213026,176.0,-115.08207257378697,-0.0005629765427188867,,0.9
CX2_37,CX2_Type2,160.0,59.41601310462252,166.0,-106.58398689537748,-0.000534396240391124,,0.9
CX2_37,CX2_Type2,170.0,60.76468729273955,156.0,-95.23531270726045,-0.0004998376905030718,,0.9
CX2_37,CX2_Type2,180.0,57.170574940478446,146.0,-88.82942505952155,-0.00048192310906659396,,0.9
CX2_37,CX2_Type2,190.0,48.66741803604603,136.0,-87.33258196395397,-0.00047783524635998604,,0.9
CX2_37,CX2_Type2,200.0,49.976944661525096,126.0,-76.0230553384749,-0.0004485057734815446,,0.9
CX2_37,CX2_Type2,210.0,53.6327444398313,116.0,-62.3672555601687,-0.0004170714978032142,,0.9
CX2_37,CX2_Type2,220.0,54.83832302702808,106.0,-51.16167697297192,-0.00039402400364781993,,0.9
CX2_37,CX2_Type2,230.0,47.077792195293966,96.0,-48.922207804706034,-0.00038962610646829096,,0.9
CX2_37,CX2_Type2,240.0,37.84243701218276,86.0,-48.15756298781724,-0.0003881301810444383,,0.9
CX2_37,CX2_Type2,250.0,34.17707166417944,76.0,-41.82292833582056,-0.0003759479275433885,,0.9
CX2_37,CX2_Type2,260.0,29.920642197281893,66.0,-36.07935780271811,-0.0003653903814472576,,0.9
CX2_37,CX2_Type2,270.0,20.947983969378242,56.0,-35.05201603062176,-0.0003635323849445893,,0.9
CX2_37,CX2_Type2,280.0,15.42509225906025,46.0,-30.57490774093975,-0.0003555346170142177,,0.9
CX2_37,CX2_Type2,290.0,7.805538299340526,36.0,-28.194461700659474,-0.0003513671203695261,,0.9
CX2_37,CX2_Type2,300.0,0.0,26.0,-26.0,-0.00035197977901165725,fitted trend places end of life at or before now,0.9
CX2_37,CX2_Type2,310.0,0.0,16.0,-16.0,-0.0003459565531047604,fitted trend places end of life at or before now,0.9
CX2_37,CX2_Type2,320.0,0.0,6.0,-6.0,-0.00033715106888123074,fitted trend places end of life at or before now,0.9
CX2_38,CX2_Type2,30.0,82.35822842962973,257.0,-174.64177157037028,-0.0011606241303667305,,0.9
CX2_38,CX2_Type2,40.0,112.81113263647373,247.0,-134.18886736352627,-0.0008271367976476738,,0.9
CX2_38,CX2_Type2,50.0,92.69402338673441,237.0,-144.30597661326559,-0.0008924053251516288,,0.9
CX2_38,CX2_Type2,60.0,139.04151322076225,227.0,-87.95848677923775,-0.0006127896239755114,,0.9
CX2_38,CX2_Type2,70.0,131.01684823146616,217.0,-85.98315176853384,-0.0006056829414475014,,0.9
CX2_38,CX2_Type2,80.0,109.19658624000326,207.0,-97.80341375999674,-0.0006491988118925122,,0.9
CX2_38,CX2_Type2,90.0,92.91213514182999,197.0,-104.08786485817001,-0.0006755690797805431,,0.9
CX2_38,CX2_Type2,100.0,77.3762732340814,187.0,-109.6237267659186,-0.000701144356000188,,0.9
CX2_38,CX2_Type2,110.0,68.03694380510947,177.0,-108.96305619489053,-0.0006978959110399464,,0.9
CX2_38,CX2_Type2,120.0,60.55319718203401,167.0,-106.44680281796599,-0.0006854895453181218,,0.9
CX2_38,CX2_Type2,130.0,61.20885467686378,157.0,-95.79114532313622,-0.0006365296198387957,,0.9
CX2_38,CX2_Type2,140.0,55.3773700990555,147.0,-91.6226299009445,-0.0006188729648379207,,0.9
CX2_38,CX2_Type2,150.0,54.33469305546748,137.0,-82.66530694453252,-0.0005831486478780196,,0.9
CX2_38,CX2_Type2,160.0,51.621464608693486,127.0,-75.37853539130651,-0.0005565012199736094,,0.9
CX2_38,CX2_Type2,170.0,52.22802841958125,117.0,-64.77197158041875,-0.0005211334520401141,,0.9
CX2_38,CX2_Type2,180.0,48.675261357166335,107.0,-58.324738642833665,-0.0005013989942146355,,0.9
CX2_38,CX2_Type2,190.0,40.33130987333166,97.0,-56.66869012666834,-0.000496460967367205,,0.9
CX2_38,CX2_Type2,200.0,39.29715180096531,87.0,-47.70284819903469,-0.0004708091020855117,,0.9
CX2_38,CX2_Type2,210.0,42.04500844756137,77.0,-34.95499155243863,-0.00043807142964082547,,0.9
CX2_38,CX2_Type2,220.0,42.2215461123032,67.0,-24.7784538876968,-0.0004146304838138601,,0.9
CX2_38,CX2_Type2,230.0,34.63238522753153,57.0,-22.36761477246847,-0.0004093221187405489,,0.9
CX2_38,CX2_Type2,240.0,25.185352780896892,47.0,-21.814647219103108,-0.0004081022698063584,,0.9
CX2_38,CX2_Type2,250.0,20.57392409064738,37.0,-16.42607590935262,-0.0003964173614747241,,0.9
CX2_38,CX2_Type2,260.0,14.652599503064494,27.0,-12.347400496935506,-0.00038787089882118654,,0.9
CX2_38,CX2_Type2,270.0,6.126219531624315,17.0,-10.873780468375685,-0.00038482342424027357,,0.9
CX2_38,CX2_Type2,280.0,1.1275360582527014,7.0,-5.872463941747299,-0.000374657985566359,,0.9
CX2_8,CX2_Type3,30.0,,3.0,,,fewer than 30 cycles of history,0.9
CS2_25,CS2_Type6,30.0,0.7451607169234649,6.0,-5.254839283076535,-0.0034657205273624955,,0.85
CS2_3,CS2_Type3,30.0,495.06316897115937,288.0,207.06316897115937,-0.00029477104021842846,,0.85
CS2_3,CS2_Type3,40.0,585.544301551812,278.0,307.54430155181205,-0.0002468025285050357,,0.85
CS2_3,CS2_Type3,50.0,379.9202056983111,268.0,111.92020569831112,-0.0003631127048559759,,0.85
CS2_3,CS2_Type3,60.0,306.98259985384357,258.0,48.98259985384357,-0.00042848920025029106,,0.85
CS2_3,CS2_Type3,70.0,301.8864117625135,248.0,53.88641176251349,-0.0004223308005303151,,0.85
CS2_3,CS2_Type3,80.0,304.4395512650576,238.0,66.43955126505762,-0.0004075673743131024,,0.85
CS2_3,CS2_Type3,90.0,291.46862077583637,228.0,63.46862077583637,-0.0004110189823762066,,0.85
CS2_3,CS2_Type3,100.0,286.0352545117633,218.0,68.0352545117633,-0.00040568249580335614,,0.85
CS2_3,CS2_Type3,110.0,277.53787911451866,208.0,69.53787911451866,-0.00040395797350650076,,0.85
CS2_3,CS2_Type3,120.0,265.51910636404773,198.0,67.51910636404773,-0.00040631508445837153,,0.85
CS2_3,CS2_Type3,130.0,249.89142443580266,188.0,61.89142443580266,-0.00041304357445691876,,0.85
CS2_3,CS2_Type3,140.0,241.96135161509585,178.0,63.96135161509585,-0.00041050377322068127,,0.85
CS2_3,CS2_Type3,150.0,228.04561022634397,168.0,60.04561022634397,-0.00041534398674731606,,0.85
CS2_3,CS2_Type3,160.0,220.34523745664745,158.0,62.34523745664745,-0.0004124280706552793,,0.85
CS2_3,CS2_Type3,170.0,217.12215493149762,148.0,69.12215493149762,-0.00040401058218767833,,0.85
CS2_3,CS2_Type3,180.0,203.71097712350848,138.0,65.71097712350848,-0.0004082333512291481,,0.85
CS2_3,CS2_Type3,190.0,196.7322703637974,128.0,68.7322703637974,-0.00040443798464624573,,0.85
CS2_3,CS2_Type3,200.0,184.68038489519705,118.0,66.68038489519705,-0.0004070324448280199,,0.85
CS2_3,CS2_Type3,210.0,173.7392198875536,108.0,65.73921988755359,-0.00040822883232212144,,0.85
CS2_3,CS2_Type3,220.0,160.4619506525147,98.0,62.4619506525147,-0.000412546156913354,,0.85
CS2_3,CS2_Type3,230.0,150.21143375173733,88.0,62.21143375173733,-0.00041287209959802113,,0.85
CS2_3,CS2_Type3,240.0,139.6888054771191,78.0,61.688805477119104,-0.00041358419670254346,,0.85
CS2_3,CS2_Type3,250.0,128.47761458840108,68.0,60.47761458840108,-0.00041528004638368294,,0.85
CS2_3,CS2_Type3,260.0,121.14803579202402,58.0,63.14803579202402,-0.00041153137211144536,,0.85
CS2_3,CS2_Type3,270.0,113.60639804441257,48.0,65.60639804441257,-0.00040809724206627236,,0.85
CS2_3,CS2_Type3,280.0,104.13654627761946,38.0,66.13654627761946,-0.00040734294348493676,,0.85
CS2_3,CS2_Type3,290.0,98.34968246489564,28.0,70.34968246489564,-0.0004014808658268701,,0.85
CS2_3,CS2_Type3,300.0,81.38649956903038,18.0,63.38649956903038,-0.0004113609566823602,,0.85
CS2_3,CS2_Type3,310.0,65.18467073967616,8.0,57.184670739676164,-0.00042069130853168523,,0.85
CS2_33,CS2_Type1,30.0,147.14357946587666,416.0,-268.85642053412334,-0.0010014131320035288,,0.85
CS2_33,CS2_Type1,40.0,150.23910363638527,406.0,-255.76089636361473,-0.0009271758304971077,,0.85
CS2_33,CS2_Type1,50.0,162.06741703649797,396.0,-233.93258296350203,-0.0008239759477661835,,0.85
CS2_33,CS2_Type1,60.0,208.28610920450825,386.0,-177.71389079549175,-0.0006382498372225261,,0.85
CS2_33,CS2_Type1,70.0,211.54802579919095,376.0,-164.45197420080905,-0.0006055207347813852,,0.85
CS2_33,CS2_Type1,80.0,208.38070091421605,366.0,-157.61929908578395,-0.0005897104895648915,,0.85
CS2_33,CS2_Type1,90.0,204.41329616211078,356.0,-151.58670383788922,-0.0005762617601886478,,0.85
CS2_33,CS2_Type1,100.0,207.84168148487828,346.0,-138.15831851512172,-0.0005481873872326762,,0.85
CS2_33,CS2_Type1,110.0,215.2349298342258,336.0,-120.7650701657742,-0.0005152465394102891,,0.85
CS2_33,CS2_Type1,120.0,227.20268420164558,326.0,-98.79731579835442,-0.00047857259190802923,,0.85
CS2_33,CS2_Type1,130.0,225.19423560132572,316.0,-90.80576439867428,-0.00046633569222073154,,0.85
CS2_33,CS2_Type1,140.0,237.3661288595098,306.0,-68.63387114049021,-0.0004351461847771987,,0.85
CS2_33,CS2_Type1,150.0,259.49452205987734,296.0,-36.50547794012266,-0.0003963979339372969,,0.85
CS2_33,CS2_Type1,160.0,263.501479402174,286.0,-22.498520597825973,-0.0003814438934994539,,0.85
CS2_33,CS2_Type1,170.0,264.555161425769,276.0,-11.444838574231028,-0.0003703173567402532,,0.85
CS2_33,CS2_Type1,180.0,272.5358872460579,266.0,6.535887246057882,-0.0003534001949312062,,0.85
CS2_33,CS2_Type1,190.0,284.4026631676516,256.0,28.40266316765161,-0.00033465364776560577,,0.85
CS2_33,CS2_Type1,200.0,292.0230312841089,246.0,46.023031284108924,-0.00032083204139958494,,0.85
CS2_33,CS2_Type1,210.0,290.65815839779634,236.0,54.65815839779634,-0.0003144165241558628,,0.85
CS2_33,CS2_Type1,220.0,275.56603302329614,226.0,49.56603302329614,-0.0003181905458633835,,0.85
CS2_33,CS2_Type1,230.0,265.0245350721316,216.0,49.024535072131584,-0.00031859794907099486,,0.85
CS2_33,CS2_Type1,240.0,264.6994169340357,206.0,58.699416934035696,-0.0003113645732549096,,0.85
CS2_33,CS2_Type1,250.0,255.454031600441,196.0,59.454031600441,-0.0003108099274592884,,0.85
CS2_33,CS2_Type1,260.0,243.01753795903204,186.0,57.01753795903204,-0.00031262346082240985,,0.85
CS2_33,CS2_Type1,270.0,239.38351494743068,176.0,63.38351494743068,-0.0003078865023128383,,0.85
CS2_33,CS2_Type1,280.0,236.5034788099058,166.0,70.5034788099058,-0.00030272257257091446,,0.85
CS2_33,CS2_Type1,290.0,224.91704251298393,156.0,68.91704251298393,-0.00030386273204082174,,0.85
CS2_33,CS2_Type1,300.0,211.98182202092988,146.0,65.98182202092988,-0.0003060208208248322,,0.85
CS2_33,CS2_Type1,310.0,203.38572482618974,136.0,67.38572482618974,-0.0003049737733602627,,0.85
CS2_33,CS2_Type1,320.0,197.9184995782989,126.0,71.9184995782989,-0.0003016211213151656,,0.85
CS2_33,CS2_Type1,330.0,193.1333813396434,116.0,77.13338133964339,-0.0002978250315281076,,0.85
CS2_33,CS2_Type1,340.0,186.7949867969662,106.0,80.79498679696621,-0.000295195302826064,,0.85
CS2_33,CS2_Type1,350.0,178.0210797687488,96.0,82.02107976874879,-0.0002943155022021806,,0.85
CS2_33,CS2_Type1,360.0,170.58645667100075,86.0,84.58645667100075,-0.0002924814239585061,,0.85
CS2_33,CS2_Type1,370.0,164.72301972278444,76.0,88.72301972278444,-0.00028954875288902124,,0.85
CS2_33,CS2_Type1,380.0,154.94057416319765,66.0,88.94057416319765,-0.00028939580635462594,,0.85
CS2_33,CS2_Type1,390.0,146.22911192600986,56.0,90.22911192600986,-0.00028847924999822016,,0.85
CS2_33,CS2_Type1,400.0,136.04097095953898,46.0,90.04097095953898,-0.00028861235596576126,,0.85
CS2_33,CS2_Type1,410.0,126.1033501465289,36.0,90.1033501465289,-0.00028856703596415347,,0.85
CS2_33,CS2_Type1,420.0,111.05309674125112,26.0,85.05309674125112,-0.00029228041641974527,,0.85
CS2_33,CS2_Type1,430.0,95.73894545618612,16.0,79.73894545618612,-0.0002963296875917813,,0.85
CS2_33,CS2_Type1,440.0,81.49804615011794,6.0,75.49804615011794,-0.00029966964348250157,,0.85
CS2_34,CS2_Type1,30.0,148.19407192212503,438.0,-289.80592807787497,-0.0009880234212056773,,0.85
CS2_34,CS2_Type1,40.0,149.1606428532191,428.0,-278.8393571467809,-0.0009260744818199333,,0.85
CS2_34,CS2_Type1,50.0,159.4656426706936,418.0,-258.53435732930643,-0.0008288048417070912,,0.85
CS2_34,CS2_Type1,60.0,203.89009608099718,408.0,-204.10990391900282,-0.0006446508012278084,,0.85
CS2_34,CS2_Type1,70.0,212.48947028368144,398.0,-185.51052971631856,-0.0005985182823429382,,0.85
CS2_34,CS2_Type1,80.0,210.563330299193,388.0,-177.436669700807,-0.0005802170901512878,,0.85
CS2_34,CS2_Type1,90.0,219.12212947460029,378.0,-158.87787052539971,-0.0005417304401247987,,0.85
CS2_34,CS2_Type1,100.0,237.4351088313884,368.0,-130.5648911686116,-0.0004915100236238664,,0.85
CS2_34,CS2_Type1,110.0,242.24300764051776,358.0,-115.75699235948224,-0.0004685038324639102,,0.85
CS2_34,CS2_Type1,120.0,252.22161917754153,348.0,-95.77838082245847,-0.00044042528234733625,,0.85
CS2_34,CS2_Type1,130.0,248.30304611337903,338.0,-89.69695388662097,-0.0004324392140318075,,0.85
CS2_34,CS2_Type1,140.0,244.314786230962,328.0,-83.685213769038,-0.0004247571665871086,,0.85
CS2_34,CS2_Type1,150.0,265.70775994503106,318.0,-52.29224005496894,-0.00038843878704891813,,0.85
CS2_34,CS2_Type1,160.0,272.27276521340076,308.0,-35.72723478659924,-0.000371512549234463,,0.85
CS2_34,CS2_Type1,170.0,266.850244963133,298.0,-31.14975503686702,-0.00036704859586255095,,0.85
CS2_34,CS2_Type1,180.0,259.85319085859805,288.0,-28.146809141401945,-0.0003641505479751292,,0.85
CS2_34,CS2_Type1,190.0,266.3784706797942,278.0,-11.62152932020581,-0.0003488940764645032,,0.85
CS2_34,CS2_Type1,200.0,261.24682525772056,268.0,-6.753174742279441,-0.000344605294586555,,0.85
CS2_34,CS2_Type1,210.0,250.12329545287741,258.0,-7.876704547122586,-0.0003455944552280416,,0.85
CS2_34,CS2_Type1,220.0,241.022114265837,248.0,-6.97788573416301,-0.0003447913293950592,,0.85
CS2_34,CS2_Type1,230.0,238.55962102593259,238.0,0.5596210259325858,-0.00033818074313530616,,0.85
CS2_34,CS2_Type1,240.0,235.02632139336328,228.0,7.0263213933632755,-0.0003326639224179128,,0.85
CS2_34,CS2_Type1,250.0,226.35100170181317,218.0,8.351001701813175,-0.0003315447200374367,,0.85
CS2_34,CS2_Type1,260.0,221.6405125607888,208.0,13.640512560788807,-0.00032711497313288974,,0.85
CS2_34,CS2_Type1,270.0,216.01643982396888,198.0,18.01643982396888,-0.00032351597929517265,,0.85
CS2_34,CS2_Type1,280.0,207.87284113706585,188.0,19.872841137065848,-0.0003219926948666655,,0.85
CS2_34,CS2_Type1,290.0,206.62397483168235,178.0,28.623974831682347,-0.00031497014825807983,,0.85
CS2_34,CS2_Type1,300.0,203.31821271877345,168.0,35.31821271877345,-0.0003097579948676922,,0.85
CS2_34,CS2_Type1,310.0,196.6322357213474,158.0,38.6322357213474,-0.0003072195595035246,,0.85
CS2_34,CS2_Type1,320.0,191.93578732374465,148.0,43.93578732374465,-0.00030320952012589844,,0.85
CS2_34,CS2_Type1,330.0,185.60294580874097,138.0,47.60294580874097,-0.0003004786971800713,,0.85
CS2_34,CS2_Type1,340.0,177.1866194668737,128.0,49.18661946687371,-0.0002993020239568576,,0.85
CS2_34,CS2_Type1,350.0,174.52295424222586,118.0,56.522954242225865,-0.0002939363748835645,,0.85
CS2_34,CS2_Type1,360.0,170.68309948778938,108.0,62.68309948778938,-0.000289539966743981,,0.85
CS2_34,CS2_Type1,370.0,160.51987788862778,98.0,62.519877888627775,-0.000289653509818009,,0.85
CS2_34,CS2_Type1,380.0,148.9929431795017,88.0,60.99294317950171,-0.0002907490772527101,,0.85
CS2_34,CS2_Type1,390.0,136.3201494297099,78.0,58.320149429709886,-0.00029269979421925904,,0.85
CS2_34,CS2_Type1,400.0,127.910353606929,68.0,59.91035360692899,-0.0002915289983901628,,0.85
CS2_34,CS2_Type1,410.0,112.83175305728935,58.0,54.83175305728935,-0.0002953493980650375,,0.85
CS2_34,CS2_Type1,420.0,96.31025597125029,48.0,48.310255971250285,-0.00030045026434578047,,0.85
CS2_34,CS2_Type1,430.0,81.77442774188933,38.0,43.774427741889326,-0.0003041352844084938,,0.85
CS2_34,CS2_Type1,440.0,67.6120202309084,28.0,39.6120202309084,-0.00030763338952032753,,0.85
CS2_34,CS2_Type1,450.0,55.020982356234015,18.0,37.020982356234015,-0.0003098573806290168,,0.85
CS2_34,CS2_Type1,460.0,50.970903866385186,8.0,42.970903866385186,-0.0003047261544677704,,0.85
CS2_35,CS2_Type2,30.0,113.85167105855504,488.0,-374.14832894144496,-0.001254527231825752,,0.85
CS2_35,CS2_Type2,40.0,75.35139539247427,478.0,-402.6486046075257,-0.0015953642258795923,,0.85
CS2_35,CS2_Type2,50.0,70.52682531765913,468.0,-397.47317468234087,-0.0015161279605254816,,0.85
CS2_35,CS2_Type2,60.0,109.85401226800761,458.0,-348.14598773199236,-0.001019885034749406,,0.85
CS2_35,CS2_Type2,70.0,116.28996501259815,448.0,-331.71003498740185,-0.0009173379867586692,,0.85
CS2_35,CS2_Type2,80.0,105.36314928503413,438.0,-332.6368507149659,-0.0009224411381822191,,0.85
CS2_35,CS2_Type2,90.0,95.3858294616659,428.0,-332.61417053833406,-0.0009222059201737014,,0.85
CS2_35,CS2_Type2,100.0,85.61878806388782,418.0,-332.3812119361122,-0.0009207641602441679,,0.85
CS2_35,CS2_Type2,110.0,101.35160334028683,408.0,-306.64839665971317,-0.0007860237190751452,,0.85
CS2_35,CS2_Type2,120.0,113.58715967190318,398.0,-284.4128403280968,-0.0006963378579567034,,0.85
CS2_35,CS2_Type2,130.0,114.56108149197075,388.0,-273.43891850802925,-0.0006585726448366351,,0.85
CS2_35,CS2_Type2,140.0,121.16401330174034,378.0,-256.83598669825966,-0.0006079443356924219,,0.85
CS2_35,CS2_Type2,150.0,115.09340420382267,368.0,-252.90659579617733,-0.0005969595523580487,,0.85
CS2_35,CS2_Type2,160.0,104.78391044482873,358.0,-253.21608955517127,-0.0005978167667140615,,0.85
CS2_35,CS2_Type2,170.0,98.22327988782007,348.0,-249.77672011217993,-0.0005881426674782938,,0.85
CS2_35,CS2_Type2,180.0,99.03231285336,338.0,-238.96768714664,-0.0005592391244599769,,0.85
CS2_35,CS2_Type2,190.0,105.24252935691715,328.0,-222.75747064308285,-0.0005203485567132972,,0.85
CS2_35,CS2_Type2,200.0,107.37906086194732,318.0,-210.62093913805268,-0.0004942673611264181,,0.85
CS2_35,CS2_Type2,210.0,131.30370426077747,308.0,-176.69629573922253,-0.00043269513399835444,,0.85
CS2_35,CS2_Type2,220.0,161.39281802032673,298.0,-136.60718197967327,-0.0003766121478957379,,0.85
CS2_35,CS2_Type2,230.0,174.3800099606661,288.0,-113.61999003933391,-0.00035028760417431427,,0.85
CS2_35,CS2_Type2,240.0,174.08016461944186,278.0,-103.91983538055814,-0.00034015122554089,,0.85
CS2_35,CS2_Type2,250.0,169.4058596511062,268.0,-98.5941403488938,-0.0003347855441820155,,0.85
CS2_35,CS2_Type2,260.0,170.47292818363462,258.0,-87.52707181636538,-0.0003240361653509527,,0.85
CS2_35,CS2_Type2,270.0,172.795938523134,248.0,-75.204061476866,-0.00031275576735474405,,0.85
CS2_35,CS2_Type2,280.0,162.10650523186882,238.0,-75.89349476813118,-0.00031337612306420485,,0.85
CS2_35,CS2_Type2,290.0,148.44630399261303,228.0,-79.55369600738697,-0.00031672254731601176,,0.85
CS2_35,CS2_Type2,300.0,136.49809615515505,218.0,-81.50190384484495,-0.0003185510473679402,,0.85
CS2_35,CS2_Type2,310.0,128.98307035743005,208.0,-79.01692964256995,-0.00031619088805104307,,0.85
CS2_35,CS2_Type2,320.0,126.65627838826691,198.0,-71.34372161173309,-0.0003090794676226052,,0.85
CS2_35,CS2_Type2,330.0,117.67915639274099,188.0,-70.32084360725901,-0.00030815113859899914,,0.85
CS2_35,CS2_Type2,340.0,107.178479665628,178.0,-70.821520334372,-0.00030861158550024955,,0.85
CS2_35,CS2_Type2,350.0,98.17870872076196,168.0,-69.82129127923804,-0.0003076868195941225,,0.85
CS2_35,CS2_Type2,360.0,92.54124950573419,158.0,-65.45875049426581,-0.0003036590339635313,,0.85
CS2_35,CS2_Type2,370.0,91.7737750075828,148.0,-56.2262249924172,-0.0002954029855240268,,0.85
CS2_35,CS2_Type2,380.0,91.83776985854621,138.0,-46.16223014145379,-0.000286819496796378,,0.85
CS2_35,CS2_Type2,390.0,89.4479558418081,128.0,-38.552044158191904,-0.00028059324660518857,,0.85
CS2_35,CS2_Type2,400.0,89.89626027568931,118.0,-28.103739724310685,-0.0002723980088569992,,0.85
CS2_35,CS2_Type2,410.0,91.46654019766248,108.0,-16.533459802337518,-0.00026378684365471224,,0.85
CS2_35,CS2_Type2,420.0,97.039917668479,98.0,-0.9600823315209936,-0.0002529253390534402,,0.85
CS2_35,CS2_Type2,430.0,101.14525300083176,88.0,13.145253000831758,-0.0002437556751587591,,0.85
CS2_35,CS2_Type2,440.0,99.73395243084985,78.0,21.733952430849854,-0.00023844229992279136,,0.85
CS2_35,CS2_Type2,450.0,100.2953530641596,68.0,32.2953530641596,-0.00023217131301099566,,0.85
CS2_35,CS2_Type2,460.0,92.83809960490998,58.0,34.838099604909985,-0.000230701398640349,,0.85
CS2_35,CS2_Type2,470.0,81.50760361710854,48.0,33.50760361710854,-0.00023147967163959852,,0.85
CS2_35,CS2_Type2,480.0,68.71098610154456,38.0,30.710986101544563,-0.0002331398046747351,,0.85
CS2_35,CS2_Type2,490.0,54.363647591468975,28.0,26.363647591468975,-0.00023579157472455536,,0.85
CS2_35,CS2_Type2,500.0,40.0260958341122,18.0,22.026095834112198,-0.00023852185483187106,,0.85
CS2_35,CS2_Type2,510.0,28.83799370862687,8.0,20.83799370862687,-0.0002392882115652957,,0.85
CS2_36,CS2_Type2,30.0,174.01535823321902,411.0,-236.98464176678098,-0.000836518340545971,,0.85
CS2_36,CS2_Type2,40.0,112.73180154415195,401.0,-288.26819845584805,-0.001138478308924391,,0.85
CS2_36,CS2_Type2,50.0,107.58410383332105,391.0,-283.415896166679,-0.0010992126150950773,,0.85
CS2_36,CS2_Type2,60.0,159.57381109902087,381.0,-221.42618890097913,-0.0007592093970706364,,0.85
CS2_36,CS2_Type2,70.0,167.70112236224193,371.0,-203.29887763775807,-0.0006950873114950716,,0.85
CS2_36,CS2_Type2,80.0,158.41844465565038,361.0,-202.58155534434962,-0.0006926128337736678,,0.85
CS2_36,CS2_Type2,90.0,152.8190488104207,351.0,-198.1809511895793,-0.0006783174775597836,,0.85
CS2_36,CS2_Type2,100.0,148.1041880324493,341.0,-192.8958119675507,-0.0006616657704239801,,0.85
CS2_36,CS2_Type2,110.0,148.80526951283542,331.0,-182.19473048716458,-0.0006299657313921626,,0.85
CS2_36,CS2_Type2,120.0,142.65467685670473,321.0,-178.34532314329527,-0.0006190934275579719,,0.85
CS2_36,CS2_Type2,130.0,151.04461029675957,311.0,-159.95538970324043,-0.0005714017160355745,,0.85
CS2_36,CS2_Type2,140.0,167.10121310769182,301.0,-133.89878689230818,-0.0005145111825001189,,0.85
CS2_36,CS2_Type2,150.0,169.5830225580342,291.0,-121.4169774419658,-0.0004907398357984247,,0.85
CS2_36,CS2_Type2,160.0,169.814164254795,281.0,-111.185835745205,-0.0004726450520736439,,0.85
CS2_36,CS2_Type2,170.0,168.7557782621467,271.0,-102.24422173785331,-0.0004577249325269234,,0.85
CS2_36,CS2_Type2,180.0,179.67451635593204,261.0,-81.32548364406796,-0.0004259017637048442,,0.85
CS2_36,CS2_Type2,190.0,189.88739595249365,251.0,-61.11260404750635,-0.00039882351135689945,,0.85
CS2_36,CS2_Type2,200.0,189.84465997215824,241.0,-51.15534002784176,-0.00038656218287801006,,0.85
CS2_36,CS2_Type2,210.0,190.7139140623155,231.0,-40.286085937684504,-0.0003738955435358777,,0.85
CS2_36,CS2_Type2,220.0,193.88885826054747,221.0,-27.111141739452535,-0.0003594655311866211,,0.85
CS2_36,CS2_Type2,230.0,206.7759420993507,211.0,-4.2240579006493135,-0.0003367013378545847,,0.85
CS2_36,CS2_Type2,240.0,217.1849318993352,201.0,16.184931899335197,-0.00031854735999765763,,0.85
CS2_36,CS2_Type2,250.0,222.69531185840134,191.0,31.69531185840134,-0.0003058798277686696,,0.85
CS2_36,CS2_Type2,260.0,226.72277316670807,181.0,45.722773166708066,-0.00029518672166950537,,0.85
CS2_36,CS2_Type2,270.0,224.56406136658518,171.0,53.56406136658518,-0.0002894746549423409,,0.85
CS2_36,CS2_Type2,280.0,220.64104226306296,161.0,59.64104226306296,-0.0002851685665542486,,0.85
CS2_36,CS2_Type2,290.0,226.7842642944587,151.0,75.7842642944587,-0.00027424868257592953,,0.85
CS2_36,CS2_Type2,300.0,228.9330294138217,141.0,87.93302941382171,-0.00026650847178907427,,0.85
CS2_36,CS2_Type2,310.0,220.00733221657651,131.0,89.00733221657651,-0.0002658382250921218,,0.85
CS2_36,CS2_Type2,320.0,218.23670239083992,121.0,97.23670239083992,-0.0002607919304449851,,0.85
CS2_36,CS2_Type2,330.0,220.2172933828224,111.0,109.21729338282239,-0.0002537183050955587,,0.85
CS2_36,CS2_Type2,340.0,217.14495488676812,101.0,116.14495488676812,-0.0002497723320000012,,0.85
CS2_36,CS2_Type2,350.0,202.07672281699456,91.0,111.07672281699456,-0.0002526653292596716,,0.85
CS2_36,CS2_Type2,360.0,187.63432704764546,81.0,106.63432704764546,-0.00025528528117290024,,0.85
CS2_36,CS2_Type2,370.0,172.77899436963457,71.0,101.77899436963457,-0.0002582335415347316,,0.85
CS2_36,CS2_Type2,380.0,163.85339844723399,61.0,102.85339844723399,-0.0002575713707362667,,0.85
CS2_36,CS2_Type2,390.0,156.5646335925253,51.0,105.5646335925253,-0.0002559008978940551,,0.85
CS2_36,CS2_Type2,400.0,138.83600295397366,41.0,97.83600295397366,-0.0002607585773250736,,0.85
CS2_36,CS2_Type2,410.0,123.12809264742907,31.0,92.12809264742907,-0.0002645010566052212,,0.85
CS2_36,CS2_Type2,420.0,107.80808201993057,21.0,86.80808201993057,-0.00026811941616365333,,0.85
CS2_36,CS2_Type2,430.0,95.90980483154965,11.0,84.90980483154965,-0.00026945097746378024,,0.85
CS2_36,CS2_Type2,440.0,77.36455149450614,1.0,76.36455149450614,-0.0002756400711268644,,0.85
CS2_37,CS2_Type2,30.0,138.15495605464974,518.0,-379.84504394535026,-0.0010808321406133691,,0.85
CS2_37,CS2_Type2,40.0,89.4266658012057,508.0,-418.5733341987943,-0.0014333427612013415,,0.85
CS2_37,CS2_Type2,50.0,82.94945672181572,498.0,-415.05054327818425,-0.0013898617138136061,,0.85
CS2_37,CS2_Type2,60.0,129.8893522864884,488.0,-358.11064771351164,-0.0009265001493646228,,0.85
CS2_37,CS2_Type2,70.0,132.1785612358577,478.0,-345.8214387641423,-0.0008628791224848692,,0.85
CS2_37,CS2_Type2,80.0,120.46628763371683,468.0,-347.53371236628317,-0.0008710923579674886,,0.85
CS2_37,CS2_Type2,90.0,112.89320753790204,458.0,-345.1067924620979,-0.0008588717122649821,,0.85
CS2_37,CS2_Type2,100.0,103.70020306877416,448.0,-344.29979693122584,-0.0008548167377441688,,0.85
CS2_37,CS2_Type2,110.0,106.46651245887054,438.0,-331.5334875411295,-0.0007947399222997922,,0.85
CS2_37,CS2_Type2,120.0,99.44729559502275,428.0,-328.55270440497725,-0.0007815822696719296,,0.85
CS2_37,CS2_Type2,130.0,99.62672178250278,418.0,-318.3732782174972,-0.0007390644211429041,,0.85
CS2_37,CS2_Type2,140.0,108.70511523723786,408.0,-299.29488476276214,-0.0006697119674425035,,0.85
CS2_37,CS2_Type2,150.0,111.3708047755386,398.0,-286.6291952244614,-0.0006297779171987601,,0.85
CS2_37,CS2_Type2,160.0,114.17343860529644,388.0,-273.82656139470356,-0.0005934728171929618,,0.85
CS2_37,CS2_Type2,170.0,114.07898003253791,378.0,-263.9210199674621,-0.0005677678227746612,,0.85
CS2_37,CS2_Type2,180.0,123.60579620572673,368.0,-244.39420379427327,-0.0005224873625887678,,0.85
CS2_37,CS2_Type2,190.0,136.69152784597674,358.0,-221.30847215402326,-0.0004768989623757809,,0.85
CS2_37,CS2_Type2,200.0,141.14121403746935,348.0,-206.85878596253065,-0.0004518715017506373,,0.85
CS2_37,CS2_Type2,210.0,146.59434723192857,338.0,-191.40565276807143,-0.00042760625254321716,,0.85
CS2_37,CS2_Type2,220.0,152.98511808907665,328.0,-175.01488191092335,-0.00040429522048094263,,0.85
CS2_37,CS2_Type2,230.0,168.89302444444866,318.0,-149.10697555555134,-0.00037191745034670376,,0.85
CS2_37,CS2_Type2,240.0,185.91686504197526,308.0,-122.08313495802474,-0.0003429639971055307,,0.85
CS2_37,CS2_Type2,250.0,188.9265055140179,298.0,-109.07349448598211,-0.00033045349684715904,,0.85
CS2_37,CS2_Type2,260.0,189.52566501714603,288.0,-98.47433498285397,-0.00032083371022805727,,0.85
CS2_37,CS2_Type2,270.0,185.73467401357095,278.0,-92.26532598642905,-0.00031539960049379364,,0.85
CS2_37,CS2_Type2,280.0,183.69043597699573,268.0,-84.30956402300427,-0.00030864722970643405,,0.85
CS2_37,CS2_Type2,290.0,180.7452289160468,258.0,-77.25477108395319,-0.000302848510616973,,0.85
CS2_37,CS2_Type2,300.0,176.23563114244894,248.0,-71.76436885755106,-0.00029844038604853523,,0.85
CS2_37,CS2_Type2,310.0,177.33956335036152,238.0,-60.660436649638484,-0.0002898400392264178,,0.85
CS2_37,CS2_Type2,320.0,170.65547124614284,228.0,-57.34452875385716,-0.0002873493804693469,,0.85
CS2_37,CS2_Type2,330.0,161.7807801392804,218.0,-56.21921986071959,-0.00028649992529069927,,0.85
CS2_37,CS2_Type2,340.0,157.78776621698404,208.0,-50.21223378301596,-0.00028204094308859176,,0.85
CS2_37,CS2_Type2,350.0,158.0740195984054,198.0,-39.925980401594586,-0.00027465533994299975,,0.85
CS2_37,CS2_Type2,360.0,151.7479221871243,188.0,-36.25207781287571,-0.0002720938070107906,,0.85
CS2_37,CS2_Type2,370.0,139.63835249399847,178.0,-38.36164750600153,-0.00027357404149658363,,0.85
CS2_37,CS2_Type2,380.0,129.03318896489282,168.0,-38.966811035107185,-0.0002740024064819056,,0.85
CS2_37,CS2_Type2,390.0,118.96953033326963,158.0,-39.03046966673037,-0.00027404482424439835,,0.85
CS2_37,CS2_Type2,400.0,114.21114817081002,148.0,-33.78885182918998,-0.00027028671000108387,,0.85
CS2_37,CS2_Type2,410.0,105.4123175999415,138.0,-32.5876824000585,-0.00026943694598211877,,0.85
CS2_37,CS2_Type2,420.0,92.98080319645669,128.0,-35.01919680354331,-0.00027118666976304155,,0.85
CS2_37,CS2_Type2,430.0,82.26125061880748,118.0,-35.73874938119252,-0.00027171198534159174,,0.85
CS2_37,CS2_Type2,440.0,72.12625766164274,108.0,-35.87374233835726,-0.0002718059531443182,,0.85
CS2_37,CS2_Type2,450.0,64.41640176445651,98.0,-33.58359823554349,-0.00027010351041625315,,0.85
CS2_37,CS2_Type2,460.0,57.29806715058851,88.0,-30.70193284941149,-0.00026797265413654506,,0.85
CS2_37,CS2_Type2,470.0,49.148622553942346,78.0,-28.851377446057654,-0.0002666090570054607,,0.85
CS2_37,CS2_Type2,480.0,42.435381737943544,68.0,-25.564618262056456,-0.0002641973882593547,,0.85
CS2_37,CS2_Type2,490.0,37.568611022708296,58.0,-20.431388977291704,-0.00026048613976828813,,0.85
CS2_37,CS2_Type2,500.0,31.252761454900337,48.0,-16.747238545099663,-0.00025786416711903417,,0.85
CS2_37,CS2_Type2,510.0,23.466255216983882,38.0,-14.533744783016118,-0.00025629978817274813,,0.85
CS2_37,CS2_Type2,520.0,14.21686121062669,28.0,-13.78313878937331,-0.0002557688980489629,,0.85
CS2_37,CS2_Type2,530.0,5.616934471719901,18.0,-12.383065528280099,-0.00025477256412984956,,0.85
CS2_37,CS2_Type2,540.0,0.0,8.0,-8.0,-0.00025299847702796817,fitted trend places end of life at or before now,0.85
CS2_38,CS2_Type2,30.0,143.32311299832347,529.0,-385.6768870016765,-0.0010555420732050232,,0.85
CS2_38,CS2_Type2,40.0,85.49498886722574,519.0,-433.50501113277426,-0.0014955667024944472,,0.85
CS2_38,CS2_Type2,50.0,79.6040826661424,509.0,-429.3959173338576,-0.0014409497611503456,,0.85
CS2_38,CS2_Type2,60.0,135.6571815552744,499.0,-363.3428184447256,-0.0009020344759515195,,0.85
CS2_38,CS2_Type2,70.0,160.35314128302474,489.0,-328.64685871697526,-0.0007516415024781617,,0.85
CS2_38,CS2_Type2,80.0,151.9397163672229,479.0,-327.0602836327771,-0.0007455962432167439,,0.85
CS2_38,CS2_Type2,90.0,149.82298454142583,469.0,-319.17701545857415,-0.0007177316801748705,,0.85
CS2_38,CS2_Type2,100.0,144.06201736604237,459.0,-314.93798263395763,-0.0007032991792066785,,0.85
CS2_38,CS2_Type2,110.0,142.19334050079868,449.0,-306.8066594992013,-0.0006769105657150279,,0.85
CS2_38,CS2_Type2,120.0,133.56777627785866,439.0,-305.4322237221413,-0.000672562983688919,,0.85
CS2_38,CS2_Type2,130.0,144.65722980942792,429.0,-284.3427701905721,-0.0006115886070281035,,0.85
CS2_38,CS2_Type2,140.0,150.66336391168124,419.0,-268.33663608831876,-0.0005717514896121682,,0.85
CS2_38,CS2_Type2,150.0,144.14138860746425,409.0,-264.85861139253575,-0.000563668484512043,,0.85
CS2_38,CS2_Type2,160.0,130.08201053602875,399.0,-268.91798946397125,-0.0005732552143354235,,0.85
CS2_38,CS2_Type2,170.0,119.23065668362494,389.0,-269.76934331637506,-0.0005753455388736841,,0.85
CS2_38,CS2_Type2,180.0,123.13810207991042,379.0,-255.86189792008958,-0.000542650932942894,,0.85
CS2_38,CS2_Type2,190.0,122.40467200249401,369.0,-246.595327997506,-0.0005225897670068677,,0.85
CS2_38,CS2_Type2,200.0,119.43132872340726,359.0,-239.56867127659274,-0.0005081323272512661,,0.85
CS2_38,CS2_Type2,210.0,117.94225966894606,349.0,-231.05774033105394,-0.0004914454619622938,,0.85
CS2_38,CS2_Type2,220.0,123.41691171322867,339.0,-215.58308828677133,-0.0004634094767407519,,0.85
CS2_38,CS2_Type2,230.0,134.102214698357,329.0,-194.897785301643,-0.00043020505914740965,,0.85
CS2_38,CS2_Type2,240.0,140.45919532737645,319.0,-178.54080467262355,-0.0004068952399802217,,0.85
CS2_38,CS2_Type2,250.0,141.35587597862553,309.0,-167.64412402137447,-0.0003925558118907613,,0.85
CS2_38,CS2_Type2,260.0,138.34099907763482,299.0,-160.65900092236518,-0.00038378779721184777,,0.85
CS2_38,CS2_Type2,270.0,135.529618706463,289.0,-153.470381293537,-0.0003750748694917835,,0.85
CS2_38,CS2_Type2,280.0,132.60480946541844,279.0,-146.39519053458156,-0.00036679053909788746,,0.85
CS2_38,CS2_Type2,290.0,128.53143525233168,269.0,-140.46856474766832,-0.00036005929425965525,,0.85
CS2_38,CS2_Type2,300.0,127.85224591207856,259.0,-131.14775408792144,-0.0003498566061475918,,0.85
CS2_38,CS2_Type2,310.0,130.30473829136457,249.0,-118.69526170863543,-0.0003369746253633862,,0.85
CS2_38,CS2_Type2,320.0,123.70188778763657,239.0,-115.29811221236343,-0.00033358950767803364,,0.85
CS2_38,CS2_Type2,330.0,120.60884573421203,229.0,-108.39115426578797,-0.00032684409342304677,,0.85
CS2_38,CS2_Type2,340.0,118.98696729256483,219.0,-100.01303270743517,-0.00031894389477395266,,0.85
CS2_38,CS2_Type2,350.0,119.23933752053205,209.0,-89.76066247946795,-0.0003097010813598264,,0.85
CS2_38,CS2_Type2,360.0,111.64624591168547,199.0,-87.35375408831453,-0.0003075907025496814,,0.85
CS2_38,CS2_Type2,370.0,100.4118210943546,189.0,-88.5881789056454,-0.0003086776128616719,,0.85
CS2_38,CS2_Type2,380.0,93.01936900638532,179.0,-85.98063099361468,-0.0003063632408660261,,0.85
CS2_38,CS2_Type2,390.0,86.20215557454043,169.0,-82.79784442545957,-0.00030355177157094347,,0.85
CS2_38,CS2_Type2,400.0,82.94088699330018,159.0,-76.05911300669982,-0.0002977215647508483,,0.85
CS2_38,CS2_Type2,410.0,72.9028678325655,149.0,-76.0971321674345,-0.0002977542838064374,,0.85
CS2_38,CS2_Type2,420.0,62.736344499384586,139.0,-76.26365550061541,-0.0002978982605859129,,0.85
CS2_38,CS2_Type2,430.0,53.57611371869757,129.0,-75.42388628130243,-0.00029716737514752024,,0.85
CS2_38,CS2_Type2,440.0,48.05031022531625,119.0,-70.94968977468375,-0.00029328589921047025,,0.85
CS2_38,CS2_Type2,450.0,42.61754906204095,109.0,-66.38245093795905,-0.0002893888791990572,,0.85
CS2_38,CS2_Type2,460.0,36.545011430363104,99.0,-62.454988569636896,-0.0002860883205469159,,0.85
CS2_38,CS2_Type2,470.0,30.256975374168633,89.0,-58.74302462583137,-0.0002830078235142273,,0.85
CS2_38,CS2_Type2,480.0,27.525830147740123,79.0,-51.47416985225988,-0.000277111008042031,,0.85
CS2_38,CS2_Type2,490.0,24.49454051775001,69.0,-44.50545948224999,-0.0002716302826150692,,0.85
CS2_38,CS2_Type2,500.0,19.17367288323294,59.0,-39.82632711676706,-0.00026803619348643025,,0.85
CS2_38,CS2_Type2,510.0,13.20106840371136,49.0,-35.79893159628864,-0.00026499007286770275,,0.85
CS2_38,CS2_Type2,520.0,6.942110213250658,39.0,-32.05788978674934,-0.00026219507470432146,,0.85
CS2_38,CS2_Type2,530.0,2.6874176332459,29.0,-26.3125823667541,-0.00025797943238775557,,0.85
CS2_38,CS2_Type2,540.0,0.0,19.0,-19.0,-0.00025411415666899174,fitted trend places end of life at or before now,0.85
CS2_38,CS2_Type2,550.0,0.0,9.0,-9.0,-0.00025233288641596816,fitted trend places end of life at or before now,0.85
CS2_5,CS2_Type5,,,,,,never crosses SOH 0.85,0.85
CS2_6,CS2_Type5,30.0,36.63339629646495,14.0,22.63339629646495,-0.0023244209280762463,,0.85
CS2_6,CS2_Type5,40.0,21.579252061388168,4.0,17.579252061388168,-0.0025559092805293505,,0.85
CS2_7,CS2_Type4,,,,,,never crosses SOH 0.85,0.85
CS2_9,CS2_Type3,30.0,388.780205042845,290.0,98.78020504284501,-0.0003576409951220492,,0.85
CS2_9,CS2_Type3,40.0,496.25778071403397,280.0,216.25778071403397,-0.00027829423874818713,,0.85
CS2_9,CS2_Type3,50.0,382.47033101891594,270.0,112.47033101891594,-0.0003471423814788551,,0.85
CS2_9,CS2_Type3,60.0,289.19540082428995,260.0,29.195400824289948,-0.0004339575089173328,,0.85
CS2_9,CS2_Type3,70.0,236.2752267907029,250.0,-13.724773209297098,-0.000499455769169548,,0.85
CS2_9,CS2_Type3,80.0,227.3519513437878,240.0,-12.648048656212211,-0.0004977519495950804,,0.85
CS2_9,CS2_Type3,90.0,251.54822712148905,230.0,21.54822712148905,-0.00044344093290573045,,0.85
CS2_9,CS2_Type3,100.0,250.15374090280085,220.0,30.15374090280085,-0.0004312646347448315,,0.85
CS2_9,CS2_Type3,110.0,230.08460050665826,210.0,20.084600506658262,-0.0004454463001356866,,0.85
CS2_9,CS2_Type3,120.0,209.8108010199872,200.0,9.810801019987196,-0.0004612041955608637,,0.85
CS2_9,CS2_Type3,130.0,200.80834785484234,190.0,10.808347854842339,-0.0004597477899659694,,0.85
CS2_9,CS2_Type3,140.0,195.37420465017317,180.0,15.37420465017317,-0.00045257612885009455,,0.85
CS2_9,CS2_Type3,150.0,174.90715010181037,170.0,4.907150101810373,-0.00046965084705942093,,0.85
CS2_9,CS2_Type3,160.0,146.72979146948683,160.0,-13.270208530513173,-0.0005030834509618241,,0.85
CS2_9,CS2_Type3,170.0,124.09892886838787,150.0,-25.901071131612127,-0.0005296741773403281,,0.85
CS2_9,CS2_Type3,180.0,106.30411658802166,140.0,-33.69588341197834,-0.0005478002168952749,,0.85
CS2_9,CS2_Type3,190.0,96.13309721489043,130.0,-33.86690278510957,-0.0005482531147497038,,0.85
CS2_9,CS2_Type3,200.0,87.59330474963974,120.0,-32.40669525036026,-0.0005447103967093541,,0.85
CS2_9,CS2_Type3,210.0,78.60710633033585,110.0,-31.392893669664147,-0.0005422513877042961,,0.85
CS2_9,CS2_Type3,220.0,71.23051642097221,100.0,-28.769483579027792,-0.0005357640429551727,,0.85
CS2_9,CS2_Type3,230.0,65.9818163763585,90.0,-24.018183623641505,-0.0005242222993920725,,0.85
CS2_9,CS2_Type3,240.0,59.2072232314672,80.0,-20.792776768532804,-0.0005165484292326476,,0.85
CS2_9,CS2_Type3,250.0,50.472570204299814,70.0,-19.527429795700186,-0.0005135119284332755,,0.85
CS2_9,CS2_Type3,260.0,46.953483835707516,60.0,-13.046516164292484,-0.0004984822440608304,,0.85
CS2_9,CS2_Type3,270.0,41.5822739132455,50.0,-8.417726086754499,-0.0004881537900499436,,0.85
CS2_9,CS2_Type3,280.0,32.740284022250194,40.0,-7.259715977749806,-0.0004855832498690288,,0.85
CS2_9,CS2_Type3,290.0,23.860510394852213,30.0,-6.139489605147787,-0.00048308937107801583,,0.85
CS2_9,CS2_Type3,300.0,14.097476745880897,20.0,-5.902523254119103,-0.00048253399747303635,,0.85
CS2_9,CS2_Type3,310.0,5.311472229044682,10.0,-4.688527770955318,-0.00047977386569373617,,0.85
CX2_16,CX2_Type1,30.0,770.6005472605606,958.0,-187.39945273943943,-0.00019715523180605378,,0.85
CX2_16,CX2_Type1,40.0,736.1637140363976,948.0,-211.83628596360245,-0.00020341590289818867,,0.85
CX2_16,CX2_Type1,50.0,780.6339236722466,938.0,-157.36607632775338,-0.0001897782748985195,,0.85
CX2_16,CX2_Type1,60.0,2709.5673815272617,928.0,1781.5673815272617,-5.602480623896693e-05,,0.85
CX2_16,CX2_Type1,70.0,3464.7858714133918,918.0,2546.7858714133918,-4.38198604554408e-05,,0.85
CX2_16,CX2_Type1,80.0,1885.5087790991126,908.0,977.5087790991126,-7.925729675999156e-05,,0.85
CX2_16,CX2_Type1,90.0,1289.997372704218,898.0,391.9973727042179,-0.00011359954839189924,,0.85
CX2_16,CX2_Type1,100.0,1028.9654423050838,888.0,140.9654423050838,-0.00013959450593825618,,0.85
CX2_16,CX2_Type1,110.0,937.0682175369013,878.0,59.06821753690133,-0.00015089234633985728,,0.85
CX2_16,CX2_Type1,120.0,871.6624813570505,868.0,3.662481357050524,-0.00015966858528968785,,0.85
CX2_16,CX2_Type1,130.0,794.9718035549375,858.0,-63.02819644506246,-0.0001717292220851608,,0.85
CX2_16,CX2_Type1,140.0,760.103896776792,848.0,-87.896103223208,-0.00017672403689956295,,0.85
CX2_16,CX2_Type1,150.0,759.9524040807204,838.0,-78.04759591927962,-0.00017469932713242925,,0.85
CX2_16,CX2_Type1,160.0,773.640443799967,828.0,-54.35955620003301,-0.0001700041528402355,,0.85
CX2_16,CX2_Type1,170.0,749.0647406431483,818.0,-68.9352593568517,-0.00017287156177119933,,0.85
CX2_16,CX2_Type1,180.0,724.0234166850358,808.0,-83.97658331496416,-0.00017594708589502802,,0.85
CX2_16,CX2_Type1,190.0,709.7777907785617,798.0,-88.22220922143833,-0.0001768376988439737,,0.85
CX2_16,CX2_Type1,200.0,741.5778691728483,788.0,-46.422130827151705,-0.00016839204012616458,,0.85
CX2_16,CX2_Type1,210.0,784.306515534685,778.0,6.306515534684991,-0.00015880346558338305,,0.85
CX2_16,CX2_Type1,220.0,763.2760102155802,768.0,-4.723989784419814,-0.0001607238134154248,,0.85
CX2_16,CX2_Type1,230.0,728.3848658540768,758.0,-29.615134145923207,-0.00016525307933610122,,0.85
CX2_16,CX2_Type1,240.0,696.3749738101941,748.0,-51.62502618980591,-0.0001694943238371528,,0.85
CX2_16,CX2_Type1,250.0,674.8603093479165,738.0,-63.13969065208346,-0.00017180821465399005,,0.85
CX2_16,CX2_Type1,260.0,659.11087166273,728.0,-68.88912833727,-0.0001729933004555823,,0.85
CX2_16,CX2_Type1,270.0,648.6563618680148,718.0,-69.34363813198524,-0.00017308863957904232,,0.85
CX2_16,CX2_Type1,280.0,638.0374578782565,708.0,-69.96254212174347,-0.00017321819450257574,,0.85
CX2_16,CX2_Type1,290.0,619.2738366988339,698.0,-78.72616330116614,-0.0001750827319529015,,0.85
CX2_16,CX2_Type1,300.0,620.750172766711,688.0,-67.24982723328901,-0.00017263514153560835,,0.85
CX2_16,CX2_Type1,310.0,624.0703695691407,678.0,-53.92963043085933,-0.00016987105122333272,,0.85
CX2_16,CX2_Type1,320.0,619.6317040433051,668.0,-48.36829595669485,-0.00016873868271962195,,0.85
CX2_16,CX2_Type1,330.0,607.6180596105119,658.0,-50.381940389488136,-0.0001691484377332576,,0.85
CX2_16,CX2_Type1,340.0,600.5471241302874,648.0,-47.45287586971256,-0.000168550288335698,,0.85
CX2_16,CX2_Type1,350.0,595.1097032307786,638.0,-42.890296769221436,-0.000167623270500389,,0.85
CX2_16,CX2_Type1,360.0,590.3719421891008,628.0,-37.628057810899236,-0.00016656256844111298,,0.85
CX2_16,CX2_Type1,370.0,577.8694216870445,618.0,-40.13057831295555,-0.00016706671829714204,,0.85
CX2_16,CX2_Type1,380.0,566.8717884239027,608.0,-41.12821157609733,-0.00016726957638281154,,0.85
CX2_16,CX2_Type1,390.0,554.116069155438,598.0,-43.883930844561974,-0.00016783494434552624,,0.85
CX2_16,CX2_Type1,400.0,539.0692071731843,588.0,-48.93079282681572,-0.00016888458925076204,,0.85
CX2_16,CX2_Type1,410.0,529.8219081885408,578.0,-48.17809181145924,-0.0001687252987187551,,0.85
CX2_16,CX2_Type1,420.0,521.9055738400855,568.0,-46.09442615991452,-0.0001682869983135517,,0.85
CX2_16,CX2_Type1,430.0,510.279164544761,558.0,-47.72083545523901,-0.00016862970827718088,,0.85
CX2_16,CX2_Type1,440.0,499.240571210987,548.0,-48.759428789012986,-0.0001688500442546759,,0.85
CX2_16,CX2_Type1,450.0,489.00811823137417,538.0,-48.99188176862583,-0.00016889958396700672,,0.85
CX2_16,CX2_Type1,460.0,479.05042412839884,528.0,-48.949575871601155,-0.0001688903997115313,,0.85
CX2_16,CX2_Type1,470.0,468.23824803239086,518.0,-49.76175196760914,-0.00016906548281722078,,0.85
CX2_16,CX2_Type1,480.0,479.2992797604004,508.0,-28.700720239599605,-0.00016461810023142486,,0.85
CX2_16,CX2_Type1,490.0,485.9971999588879,498.0,-12.002800041112096,-0.00016124010991344924,,0.85
CX2_16,CX2_Type1,500.0,512.7267066429214,488.0,24.726706642921386,-0.000154251336987985,,0.85
CX2_16,CX2_Type1,510.0,524.6093252830597,478.0,46.60932528305966,-0.00015035171128525,,0.85
CX2_16,CX2_Type1,520.0,551.9617784914053,468.0,83.96177849140531,-0.00014411073736732575,,0.85
CX2_16,CX2_Type1,530.0,560.727480789038,458.0,102.72748078903805,-0.00014115597091049706,,0.85
CX2_16,CX2_Type1,540.0,561.9490025128841,448.0,113.94900251288414,-0.0001394397450324382,,0.85
CX2_16,CX2_Type1,550.0,574.9412368757601,438.0,136.94123687576007,-0.00013603821867902424,,0.85
CX2_16,CX2_Type1,560.0,592.4655375437344,428.0,164.4655375437344,-0.0001321669482472384,,0.85
CX2_16,CX2_Type1,570.0,592.7758828302331,418.0,174.77588283023306,-0.00013076743648022659,,0.85
CX2_16,CX2_Type1,580.0,593.3113988715058,408.0,185.31139887150584,-0.00012936323846143445,,0.85
CX2_16,CX2_Type1,590.0,612.1803420796846,398.0,214.18034207968458,-0.00012565397779156943,,0.85
CX2_16,CX2_Type1,600.0,612.8944130323318,388.0,224.89441303233184,-0.00012432649348175973,,0.85
CX2_16,CX2_Type1,610.0,618.9182987477832,378.0,240.91829874778318,-0.0001223854319198404,,0.85
CX2_16,CX2_Type1,620.0,632.634572201054,368.0,264.63457220105397,-0.0001196138155052276,,0.85
CX2_16,CX2_Type1,630.0,636.966621116421,358.0,278.96662111642104,-0.00011799350378834023,,0.85
CX2_16,CX2_Type1,640.0,633.874453923467,348.0,285.87445392346694,-0.00011722575838653916,,0.85
CX2_16,CX2_Type1,650.0,648.5798688829334,338.0,310.5798688829334,-0.0001145519826121608,,0.85
CX2_16,CX2_Type1,660.0,650.1047121354641,328.0,322.10471213546407,-0.00011334222953739411,,0.85
CX2_16,CX2_Type1,670.0,653.9966934461959,318.0,335.9966934461959,-0.00011191300118381052,,0.85
CX2_16,CX2_Type1,680.0,669.0827200362774,308.0,361.08272003627735,-0.00010941421674261013,,0.85
CX2_16,CX2_Type1,690.0,679.6795826573746,298.0,381.67958265737457,-0.00010743961422142237,,0.85
CX2_16,CX2_Type1,700.0,671.9289085444527,288.0,383.9289085444527,-0.00010722760347091061,,0.85
CX2_16,CX2_Type1,710.0,663.6847184677592,278.0,385.68471846775924,-0.0001070620292151759,,0.85
CX2_16,CX2_Type1,720.0,674.2727160387005,268.0,406.27271603870054,-0.00010515490774848259,,0.85
CX2_16,CX2_Type1,730.0,670.3469938157398,258.0,412.3469938157398,-0.00010460328893293277,,0.85
CX2_16,CX2_Type1,740.0,656.6957825831721,248.0,408.6957825831721,-0.00010493517096867536,,0.85
CX2_16,CX2_Type1,750.0,646.8482037097237,238.0,408.84820370972375,-0.00010492092766213392,,0.85
CX2_16,CX2_Type1,760.0,652.8406890853876,228.0,424.84068908538757,-0.00010347567090900166,,0.85
CX2_16,CX2_Type1,770.0,634.0651087330118,218.0,416.0651087330118,-0.00010426587468744833,,0.85
CX2_16,CX2_Type1,780.0,614.4648438259983,208.0,406.4648438259983,-0.00010514712548222026,,0.85
CX2_16,CX2_Type1,790.0,622.4617026270471,198.0,424.4617026270471,-0.00010350277785142756,,0.85
CX2_16,CX2_Type1,800.0,600.1692734401447,188.0,412.1692734401447,-0.00010462406918471153,,0.85
CX2_16,CX2_Type1,810.0,570.940097606896,178.0,392.94009760689596,-0.00010643288283163675,,0.85
CX2_16,CX2_Type1,820.0,551.1729972714277,168.0,383.1729972714277,-0.00010737829023188434,,0.85
CX2_16,CX2_Type1,830.0,540.3841024509504,158.0,382.3841024509504,-0.00010745600689879395,,0.85
CX2_16,CX2_Type1,840.0,519.9930855438058,148.0,371.9930855438058,-0.00010848863382316307,,0.85
CX2_16,CX2_Type1,850.0,503.5652063012144,138.0,365.5652063012144,-0.00010913932999851851,,0.85
CX2_16,CX2_Type1,860.0,500.0202250212626,128.0,372.0202250212626,-0.00010848394871904862,,0.85
CX2_16,CX2_Type1,870.0,477.9066230436151,118.0,359.9066230436151,-0.00010972448709747944,,0.85
CX2_16,CX2_Type1,880.0,454.56873325074,108.0,346.56873325074,-0.00011112846683027356,,0.85
CX2_16,CX2_Type1,890.0,443.01538310654496,98.0,345.01538310654496,-0.00011129467078845807,,0.85
CX2_16,CX2_Type1,900.0,423.7140893599776,88.0,335.7140893599776,-0.00011230513766718077,,0.85
CX2_16,CX2_Type1,910.0,401.06364499727147,78.0,323.06364499727147,-0.0001137132330958872,,0.85
CX2_16,CX2_Type1,920.0,388.85490525939895,68.0,320.85490525939895,-0.00011396332351990865,,0.85
CX2_16,CX2_Type1,930.0,376.2913573047658,58.0,318.2913573047658,-0.00011425670222730491,,0.85
CX2_16,CX2_Type1,940.0,357.08777292033005,48.0,309.08777292033005,-0.00011532409914751928,,0.85
CX2_16,CX2_Type1,950.0,340.3761202108399,38.0,302.3761202108399,-0.00011611785850070652,,0.85
CX2_16,CX2_Type1,960.0,318.22795182488403,28.0,290.22795182488403,-0.0001175879307825055,,0.85
CX2_16,CX2_Type1,970.0,294.1268716229795,18.0,276.1268716229795,-0.0001193479536253522,,0.85
CX2_16,CX2_Type1,980.0,284.72891451028227,8.0,276.72891451028227,-0.00011927198340215408,,0.85
CX2_3,CX2_Type4,30.0,,540.0,,,fewer than 30 cycles of history,0.85
CX2_3,CX2_Type4,40.0,328.66279332524766,530.0,-201.33720667475234,-0.0004777370260783987,,0.85
CX2_3,CX2_Type4,50.0,220.10939815450513,520.0,-299.89060184549487,-0.0006627456064286195,,0.85
CX2_3,CX2_Type4,60.0,203.44202142759355,510.0,-306.55797857240645,-0.0006805364024379443,,0.85
CX2_3,CX2_Type4,70.0,187.28647011857686,500.0,-312.71352988142314,-0.000698259089848489,,0.85
CX2_3,CX2_Type4,80.0,191.1548017202063,490.0,-298.8451982797937,-0.0006586374774376623,,0.85
CX2_3,CX2_Type4,90.0,184.6285614853357,480.0,-295.3714385146643,-0.0006492287878353636,,0.85
CX2_3,CX2_Type4,100.0,191.90036516329695,470.0,-278.09963483670305,-0.000605914015423121,,0.85
CX2_3,CX2_Type4,110.0,208.4157469524401,460.0,-251.5842530475599,-0.0005489836120311592,,0.85
CX2_3,CX2_Type4,120.0,218.54958933621737,450.0,-231.45041066378263,-0.0005119992972705151,,0.85
CX2_3,CX2_Type4,130.0,231.66108135527423,440.0,-208.33891864472577,-0.00047487580640052587,,0.85
CX2_3,CX2_Type4,140.0,240.74537413197703,430.0,-189.25462586802297,-0.0004477891416495048,,0.85
CX2_3,CX2_Type4,150.0,250.5207142040406,420.0,-169.4792857959594,-0.00042255633901796126,,0.85
CX2_3,CX2_Type4,160.0,256.9266193886133,410.0,-153.0733806113867,-0.0004035179476494185,,0.85
CX2_3,CX2_Type4,170.0,262.0042335583635,400.0,-137.99576644163648,-0.0003873249212355269,,0.85
CX2_3,CX2_Type4,180.0,257.4370097434052,390.0,-132.5629902565948,-0.0003817595629946303,,0.85
CX2_3,CX2_Type4,190.0,250.9537845308808,380.0,-129.0462154691192,-0.00037819678337680236,,0.85
CX2_3,CX2_Type4,200.0,249.69211363318146,370.0,-120.30788636681854,-0.000369586590244112,,0.85
CX2_3,CX2_Type4,210.0,256.78284351235044,360.0,-103.21715648764956,-0.0003536864436467893,,0.85
CX2_3,CX2_Type4,220.0,253.28833910786773,350.0,-96.71166089213227,-0.000347936629510937,,0.85
CX2_3,CX2_Type4,230.0,254.65223832081432,340.0,-85.34776167918568,-0.00033825493505211263,,0.85
CX2_3,CX2_Type4,240.0,247.6227924199934,330.0,-82.3772075800066,-0.00033579662409351506,,0.85
CX2_3,CX2_Type4,250.0,237.83154015358946,320.0,-82.16845984641054,-0.00033561872643717515,,0.85
CX2_3,CX2_Type4,260.0,229.7606315280304,310.0,-80.23936847196961,-0.00033401570928831645,,0.85
CX2_3,CX2_Type4,270.0,217.8735046988558,300.0,-82.12649530114419,-0.0003355937528809011,,0.85
CX2_3,CX2_Type4,280.0,207.64977196517486,290.0,-82.35022803482514,-0.000335782937157457,,0.85
CX2_3,CX2_Type4,290.0,198.95772140013486,280.0,-81.04227859986514,-0.0003346627525707262,,0.85
CX2_3,CX2_Type4,300.0,188.77597451499582,270.0,-81.22402548500418,-0.00033481091593392354,,0.85
CX2_3,CX2_Type4,310.0,184.54304226661822,260.0,-75.45695773338178,-0.00032988882635206183,,0.85
CX2_3,CX2_Type4,320.0,175.7055482121673,250.0,-74.29445178783271,-0.00032890244787611445,,0.85
CX2_3,CX2_Type4,330.0,166.58648029283063,240.0,-73.41351970716937,-0.00032815220034928676,,0.85
CX2_3,CX2_Type4,340.0,157.31683591159413,230.0,-72.68316408840587,-0.0003275268036530563,,0.85
CX2_3,CX2_Type4,350.0,148.6157173760102,220.0,-71.3842826239898,-0.00032641276292159346,,0.85
CX2_3,CX2_Type4,360.0,139.95453975999317,210.0,-70.04546024000683,-0.0003252635293834391,,0.85
CX2_3,CX2_Type4,370.0,132.4903026410156,200.0,-67.5096973589844,-0.0003230903691596242,,0.85
CX2_3,CX2_Type4,380.0,124.21010496457569,190.0,-65.78989503542431,-0.000321620130566483,,0.85
CX2_3,CX2_Type4,390.0,114.83395790639582,180.0,-65.16604209360418,-0.0003210844224081219,,0.85
CX2_3,CX2_Type4,400.0,106.48809622475693,170.0,-63.51190377524307,-0.00031966222197585135,,0.85
CX2_3,CX2_Type4,410.0,97.52989600463462,160.0,-62.47010399536538,-0.00031876549388753546,,0.85
CX2_3,CX2_Type4,420.0,88.54080023602546,150.0,-61.45919976397454,-0.00031789146374866186,,0.85
CX2_3,CX2_Type4,430.0,80.13274729900792,140.0,-59.86725270099208,-0.0003165133487103345,,0.85
CX2_3,CX2_Type4,440.0,72.00601496190745,130.0,-57.993985038092546,-0.0003148921518676358,,0.85
CX2_3,CX2_Type4,450.0,63.320961388254545,120.0,-56.679038611745455,-0.0003137534228056964,,0.85
CX2_3,CX2_Type4,460.0,54.354370139400544,110.0,-55.645629860599456,-0.00031285571082712845,,0.85
CX2_3,CX2_Type4,470.0,46.36570542796085,100.0,-53.63429457203915,-0.0003111079748138114,,0.85
CX2_3,CX2_Type4,480.0,38.47282162724741,90.0,-51.52717837275259,-0.0003092818042778718,,0.85
CX2_3,CX2_Type4,490.0,30.628381799656722,80.0,-49.37161820034328,-0.00030741822591906384,,0.85
CX2_3,CX2_Type4,500.0,23.60116581378111,70.0,-46.39883418621889,-0.0003048604199735044,,0.85
CX2_3,CX2_Type4,510.0,16.19753193645431,60.0,-43.80246806354569,-0.00030264115965655217,,0.85
CX2_3,CX2_Type4,520.0,8.979833620673958,50.0,-41.02016637932604,-0.0003002765615640219,,0.85
CX2_3,CX2_Type4,530.0,0.9392528170878904,40.0,-39.06074718291211,-0.0002986182688564565,,0.85
CX2_3,CX2_Type4,540.0,0.0,30.0,-30.0,-0.0002969639234777986,fitted trend places end of life at or before now,0.85
CX2_3,CX2_Type4,550.0,0.0,20.0,-20.0,-0.00029473511458976825,fitted trend places end of life at or before now,0.85
CX2_3,CX2_Type4,560.0,0.0,10.0,-10.0,-0.0002929666218238367,fitted trend places end of life at or before now,0.85
CX2_33,CX2_Type1,30.0,467.84369755127796,554.0,-86.15630244872204,-0.00031632630695855755,,0.85
CX2_33,CX2_Type1,40.0,409.9205357101761,544.0,-134.07946428982387,-0.00035073874817504163,,0.85
CX2_33,CX2_Type1,50.0,1088.0137007300073,534.0,554.0137007300073,-0.00013580439990402626,,0.85
CX2_33,CX2_Type1,60.0,757.9790437554584,524.0,233.9790437554584,-0.0001902615968898941,,0.85
CX2_33,CX2_Type1,70.0,536.4089507033935,514.0,22.408950703393543,-0.0002591532069138519,,0.85
CX2_33,CX2_Type1,80.0,881.8983618585179,504.0,377.8983618585179,-0.00016076673940247955,,0.85
CX2_33,CX2_Type1,90.0,1094.3311864177508,494.0,600.3311864177508,-0.00012985026529854597,,0.85
CX2_33,CX2_Type1,100.0,762.275165674999,484.0,278.275165674999,-0.00018019768061096407,,0.85
CX2_33,CX2_Type1,110.0,671.1537811782895,474.0,197.15378117828948,-0.00019979588538961265,,0.85
CX2_33,CX2_Type1,120.0,847.8783267180895,464.0,383.8783267180895,-0.0001596697037114372,,0.85
CX2_33,CX2_Type1,130.0,965.1211701076595,454.0,511.1211701076595,-0.00014038081075123726,,0.85
CX2_33,CX2_Type1,140.0,867.2013263449502,444.0,423.2013263449502,-0.0001532091783396821,,0.85
CX2_33,CX2_Type1,150.0,702.5307745798169,434.0,268.5307745798169,-0.00018268463114200144,,0.85
CX2_33,CX2_Type1,160.0,631.3569552891448,424.0,207.35695528914482,-0.00019779796845260735,,0.85
CX2_33,CX2_Type1,170.0,577.3814254951101,414.0,163.38142549511008,-0.00021036888039272297,,0.85
CX2_33,CX2_Type1,180.0,571.1255146824407,404.0,167.12551468244067,-0.00020922511539203878,,0.85
CX2_33,CX2_Type1,190.0,571.9193875785875,394.0,177.91938757858748,-0.00020600798973131247,,0.85
CX2_33,CX2_Type1,200.0,541.1630290527154,384.0,157.1630290527154,-0.00021232971653775164,,0.85
CX2_33,CX2_Type1,210.0,564.4986488745172,374.0,190.49864887451724,-0.00020230386272543732,,0.85
CX2_33,CX2_Type1,220.0,595.5034755785666,364.0,231.50347557856662,-0.00019114741161548916,,0.85
CX2_33,CX2_Type1,230.0,579.928931241095,354.0,225.92893124109503,-0.00019259807715674357,,0.85
CX2_33,CX2_Type1,240.0,553.9908653881739,344.0,209.99086538817392,-0.00019688668398409973,,0.85
CX2_33,CX2_Type1,250.0,533.6317051641036,334.0,199.63170516410355,-0.00019979155367528975,,0.85
CX2_33,CX2_Type1,260.0,518.7011262572047,324.0,194.7011262572047,-0.00020121705999083512,,0.85
CX2_33,CX2_Type1,270.0,473.6520419328049,314.0,159.65204193280488,-0.00021198482184551208,,0.85
CX2_33,CX2_Type1,280.0,434.9985384105057,304.0,130.99853841050572,-0.0002217348812295434,,0.85
CX2_33,CX2_Type1,290.0,419.8117982199218,294.0,125.8117982199218,-0.000223603944383915,,0.85
CX2_33,CX2_Type1,300.0,406.0066385106953,284.0,122.00663851069532,-0.00022500794197883513,,0.85
CX2_33,CX2_Type1,310.0,384.5934192267233,274.0,110.59341922672331,-0.00022933557568921556,,0.85
CX2_33,CX2_Type1,320.0,377.7246139553175,264.0,113.72461395531752,-0.00022812544707559882,,0.85
CX2_33,CX2_Type1,330.0,364.89533998828244,254.0,110.89533998828244,-0.0002292257989862732,,0.85
CX2_33,CX2_Type1,340.0,367.2877697090514,244.0,123.28776970905142,-0.00022445355378005624,,0.85
CX2_33,CX2_Type1,350.0,363.6511515137572,234.0,129.6511515137572,-0.0002220680426236144,,0.85
CX2_33,CX2_Type1,360.0,364.9702291318109,224.0,140.97022913181092,-0.00021792140075079351,,0.85
CX2_33,CX2_Type1,370.0,349.15276509862076,214.0,135.15276509862076,-0.00022004440541148078,,0.85
CX2_33,CX2_Type1,380.0,326.4703431901452,204.0,122.47034319014517,-0.00022484442061392938,,0.85
CX2_33,CX2_Type1,390.0,310.0453448671568,194.0,116.04534486715681,-0.00022737336835524556,,0.85
CX2_33,CX2_Type1,400.0,295.4203468238087,184.0,111.4203468238087,-0.0002292402637530615,,0.85
CX2_33,CX2_Type1,410.0,281.5556705870066,174.0,107.5556705870066,-0.00023083452986499096,,0.85
CX2_33,CX2_Type1,420.0,259.0995282252943,164.0,95.0995282252943,-0.0002361542916897937,,0.85
CX2_33,CX2_Type1,430.0,239.1841655918247,154.0,85.1841655918247,-0.00024059635537293348,,0.85
CX2_33,CX2_Type1,440.0,219.9985432435983,144.0,75.9985432435983,-0.00024489138267176847,,0.85
CX2_33,CX2_Type1,450.0,199.58923778616395,134.0,65.58923778616395,-0.00024998094940588764,,0.85
CX2_33,CX2_Type1,460.0,187.20688008373224,124.0,63.206880083732244,-0.0002511863864023409,,0.85
CX2_33,CX2_Type1,470.0,172.62831064253407,114.0,58.628310642534075,-0.0002535467479917041,,0.85
CX2_33,CX2_Type1,480.0,158.49519711833216,104.0,54.49519711833216,-0.00025573158066865653,,0.85
CX2_33,CX2_Type1,490.0,142.1280476630725,94.0,48.12804766307249,-0.0002591951855995998,,0.85
CX2_33,CX2_Type1,500.0,125.37958973010109,84.0,41.37958973010109,-0.00026299812437453955,,0.85
CX2_33,CX2_Type1,510.0,109.87624299330525,74.0,35.876242993305254,-0.0002662062113480721,,0.85
CX2_33,CX2_Type1,520.0,96.65129042964952,64.0,32.65129042964952,-0.00026813541606288767,,0.85
CX2_33,CX2_Type1,530.0,84.13652032397135,54.0,30.136520323971354,-0.00026967350744350774,,0.85
CX2_33,CX2_Type1,540.0,71.41025312941906,44.0,27.41025312941906,-0.00027137217188823187,,0.85
CX2_33,CX2_Type1,550.0,58.47401015454284,34.0,24.47401015454284,-0.00027324116616288946,,0.85
CX2_33,CX2_Type1,560.0,46.028948167467206,24.0,22.028948167467206,-0.000274829095203389,,0.85
CX2_33,CX2_Type1,570.0,35.58763209070662,14.0,21.58763209070662,-0.00027511916378076694,,0.85
CX2_33,CX2_Type1,580.0,24.85740948397995,4.0,20.85740948397995,-0.00027560563734710966,,0.85
CX2_34,CX2_Type2,30.0,164.22705852685303,560.0,-395.77294147314694,-0.0008901176762990786,,0.85
CX2_34,CX2_Type2,40.0,216.06797117296185,550.0,-333.93202882703815,-0.0006645820797293655,,0.85
CX2_34,CX2_Type2,50.0,165.67365014450812,540.0,-374.3263498554919,-0.0007977653458015093,,0.85
CX2_34,CX2_Type2,60.0,289.97642913487323,530.0,-240.02357086512677,-0.0004745897462110687,,0.85
CX2_34,CX2_Type2,70.0,249.27744631070692,520.0,-270.7225536892931,-0.0005234406147301133,,0.85
CX2_34,CX2_Type2,80.0,207.61805061269865,510.0,-302.38194938730135,-0.0005865032824226953,,0.85
CX2_34,CX2_Type2,90.0,179.80514281272258,500.0,-320.1948571872774,-0.0006297713565984386,,0.85
CX2_34,CX2_Type2,100.0,160.2564000821156,490.0,-329.7435999178844,-0.0006559371145693945,,0.85
CX2_34,CX2_Type2,110.0,198.4547756498847,480.0,-281.5452243501153,-0.0005403128284648266,,0.85
CX2_34,CX2_Type2,120.0,200.99621296570342,470.0,-269.0037870342966,-0.0005162965326933191,,0.85
CX2_34,CX2_Type2,130.0,209.53522468267022,460.0,-250.46477531732978,-0.000484121048657368,,0.85
CX2_34,CX2_Type2,140.0,207.64192766675922,450.0,-242.35807233324078,-0.00047117429683023724,,0.85
CX2_34,CX2_Type2,150.0,195.18243939197026,440.0,-244.81756060802974,-0.0004750650737302816,,0.85
CX2_34,CX2_Type2,160.0,232.54673685209355,430.0,-197.45326314790645,-0.00040905719464242685,,0.85
CX2_34,CX2_Type2,170.0,256.0872251428854,420.0,-163.91277485711458,-0.00037203888743733476,,0.85
CX2_34,CX2_Type2,180.0,255.296940930821,410.0,-154.703059069179,-0.0003629520723499443,,0.85
CX2_34,CX2_Type2,190.0,241.63386275815333,400.0,-158.36613724184667,-0.0003665441676681253,,0.85
CX2_34,CX2_Type2,200.0,229.8787329202948,390.0,-160.1212670797052,-0.0003682888885202401,,0.85
CX2_34,CX2_Type2,210.0,280.1842655366457,380.0,-99.81573446335432,-0.0003156476074774965,,0.85
CX2_34,CX2_Type2,220.0,298.4285020153428,370.0,-71.57149798465719,-0.000295682629341727,,0.85
CX2_34,CX2_Type2,230.0,292.0168408964845,360.0,-67.9831591035155,-0.00029330371469334457,,0.85
CX2_34,CX2_Type2,240.0,272.31371331548075,350.0,-77.68628668451925,-0.00029986649470053073,,0.85
CX2_34,CX2_Type2,250.0,254.60827423983721,340.0,-85.39172576016279,-0.00030533226383679617,,0.85
CX2_34,CX2_Type2,260.0,247.93530117811912,330.0,-82.06469882188088,-0.0003029324454668518,,0.85
CX2_34,CX2_Type2,270.0,231.52736056833282,320.0,-88.47263943166718,-0.00030764304188979515,,0.85
CX2_34,CX2_Type2,280.0,210.33287624786635,310.0,-99.66712375213365,-0.0003162892802225824,,0.85
CX2_34,CX2_Type2,290.0,190.1376290593377,300.0,-109.86237094066229,-0.00032467185506698554,,0.85
CX2_34,CX2_Type2,300.0,192.3370681980175,290.0,-97.6629318019825,-0.0003145705090082856,,0.85
CX2_34,CX2_Type2,310.0,211.71810699794992,280.0,-68.28189300205008,-0.00029254904722269013,,0.85
CX2_34,CX2_Type2,320.0,223.05258314544574,270.0,-46.94741685455426,-0.00027828668876467164,,0.85
CX2_34,CX2_Type2,330.0,224.23085810963505,260.0,-35.76914189036495,-0.0002712980436052676,,0.85
CX2_34,CX2_Type2,340.0,227.93057086034253,250.0,-22.069429139657473,-0.0002631444914881044,,0.85
CX2_34,CX2_Type2,350.0,220.17652909159438,240.0,-19.823470908405625,-0.00026184659581020167,,0.85
CX2_34,CX2_Type2,360.0,207.37182718820134,230.0,-22.628172811798663,-0.00026348239630456636,,0.85
CX2_34,CX2_Type2,370.0,197.39821210465686,220.0,-22.601787895343136,-0.00026346719343162074,,0.85
CX2_34,CX2_Type2,380.0,183.46567006510236,210.0,-26.53432993489764,-0.0002658316061950539,,0.85
CX2_34,CX2_Type2,390.0,171.76244005819706,200.0,-28.237559941802942,-0.0002668767291478502,,0.85
CX2_34,CX2_Type2,400.0,165.78527179938487,190.0,-24.214728200615127,-0.0002644038223503058,,0.85
CX2_34,CX2_Type2,410.0,158.63867630773973,180.0,-21.36132369226027,-0.000262661444296392,,0.85
CX2_34,CX2_Type2,420.0,148.0546314701537,170.0,-21.94536852984629,-0.0002630180501355515,,0.85
CX2_34,CX2_Type2,430.0,136.83235384942964,160.0,-23.167646150570363,-0.00026377516260553836,,0.85
CX2_34,CX2_Type2,440.0,126.24355245420963,150.0,-23.756447545790365,-0.0002641426419674114,,0.85
CX2_34,CX2_Type2,450.0,119.42725984227116,140.0,-20.572740157728845,-0.0002621440303205286,,0.85
CX2_34,CX2_Type2,460.0,110.1077095971508,130.0,-19.8922904028492,-0.00026171984462050683,,0.85
CX2_34,CX2_Type2,470.0,99.20985552521324,120.0,-20.790144474786757,-0.0002622865191209172,,0.85
CX2_34,CX2_Type2,480.0,88.64747740956182,110.0,-21.352522590438184,-0.0002626465120063606,,0.85
CX2_34,CX2_Type2,490.0,81.05219450019672,100.0,-18.94780549980328,-0.00026110175501154685,,0.85
CX2_34,CX2_Type2,500.0,75.5658529786665,90.0,-14.434147021333501,-0.0002582278847143075,,0.85
CX2_34,CX2_Type2,510.0,70.93147780468394,80.0,-9.068522195316064,-0.0002548656547215171,,0.85
CX2_34,CX2_Type2,520.0,65.62672975602766,70.0,-4.3732702439723425,-0.0002519715744026741,,0.85
CX2_34,CX2_Type2,530.0,61.130352337011004,60.0,1.1303523370110042,-0.0002486344433817488,,0.85
CX2_34,CX2_Type2,540.0,51.34525015862255,50.0,1.345250158622548,-0.0002485021030494863,,0.85
CX2_34,CX2_Type2,550.0,39.72922990111533,40.0,-0.2707700988846682,-0.00024948828456699,,0.85
CX2_34,CX2_Type2,560.0,28.021432109355374,30.0,-1.9785678906446265,-0.000250544573142537,,0.85
CX2_34,CX2_Type2,570.0,17.73385706038539,20.0,-2.2661429396146104,-0.0002507252650801661,,0.85
CX2_34,CX2_Type2,580.0,8.70593104741181,10.0,-1.2940689525881908,-0.00025010949220731585,,0.85
CX2_35,CX2_Type1,30.0,277.591030530976,618.0,-340.408969469024,-0.0005686170940215005,,0.85
CX2_35,CX2_Type1,40.0,242.13062971588602,608.0,-365.869370284114,-0.0006219655002510977,,0.85
CX2_35,CX2_Type1,50.0,233.96123301587477,598.0,-364.03876698412523,-0.0006175670776773948,,0.85
CX2_35,CX2_Type1,60.0,323.0268725284854,588.0,-264.9731274715146,-0.00044948296249528076,,0.85
CX2_35,CX2_Type1,70.0,311.3174306604171,578.0,-266.6825693395829,-0.0004515393258773511,,0.85
CX2_35,CX2_Type1,80.0,292.46857902975586,568.0,-275.53142097024414,-0.0004629874000700452,,0.85
CX2_35,CX2_Type1,90.0,270.89109888272185,558.0,-287.10890111727815,-0.000479070150933448,,0.85
CX2_35,CX2_Type1,100.0,270.164912940497,548.0,-277.835087059503,-0.0004659224105561631,,0.85
CX2_35,CX2_Type1,110.0,267.3824939694638,538.0,-270.6175060305362,-0.00045606166356591143,,0.85
CX2_35,CX2_Type1,120.0,296.8012246054053,528.0,-231.1987753945947,-0.000408538582051079,,0.85
CX2_35,CX2_Type1,130.0,295.2972469247333,518.0,-222.70275307526668,-0.000399485372542165,,0.85
CX2_35,CX2_Type1,140.0,291.2493457010465,508.0,-216.75065429895352,-0.0003933064066682342,,0.85
CX2_35,CX2_Type1,150.0,342.3295904189936,498.0,-155.67040958100642,-0.0003391635980079367,,0.85
CX2_35,CX2_Type1,160.0,368.4746889015979,488.0,-119.52531109840209,-0.0003134377889577641,,0.85
CX2_35,CX2_Type1,170.0,365.303202205298,478.0,-112.69679779470198,-0.00030896859329442933,,0.85
CX2_35,CX2_Type1,180.0,356.8786737134566,468.0,-111.12132628654342,-0.00030794709770375756,,0.85
CX2_35,CX2_Type1,190.0,360.4439142606442,458.0,-97.55608573935581,-0.00029939085068123695,,0.85
CX2_35,CX2_Type1,200.0,352.6948112636659,448.0,-95.30518873633412,-0.00029801738767959007,,0.85
CX2_35,CX2_Type1,210.0,333.0538384489471,438.0,-104.94616155105291,-0.00030407298583564745,,0.85
CX2_35,CX2_Type1,220.0,312.20921145113175,428.0,-115.79078854886825,-0.0003112332993227296,,0.85
CX2_35,CX2_Type1,230.0,310.82861036265024,418.0,-107.17138963734976,-0.00030547222591991813,,0.85
CX2_35,CX2_Type1,240.0,308.4744791873734,408.0,-99.52552081262661,-0.00030050268640130853,,0.85
CX2_35,CX2_Type1,250.0,295.72727281356515,398.0,-102.27272718643485,-0.0003022820222416648,,0.85
CX2_35,CX2_Type1,260.0,289.38664589644213,388.0,-98.61335410355787,-0.000299892737851946,,0.85
CX2_35,CX2_Type1,270.0,282.94333761394637,378.0,-95.05666238605363,-0.00029760235381053653,,0.85
CX2_35,CX2_Type1,280.0,271.692857513984,368.0,-96.307142486016,-0.00029840374201948853,,0.85
CX2_35,CX2_Type1,290.0,270.32292708440923,358.0,-87.67707291559077,-0.00029286228129059527,,0.85
CX2_35,CX2_Type1,300.0,271.45811880574956,348.0,-76.54188119425044,-0.0002859628439277401,,0.85
CX2_35,CX2_Type1,310.0,268.49114894133584,338.0,-69.50885105866416,-0.0002817407861485587,,0.85
CX2_35,CX2_Type1,320.0,271.8566830600852,328.0,-56.143316939914826,-0.00027399891121102944,,0.85
CX2_35,CX2_Type1,330.0,271.6766609991282,318.0,-46.32333900087178,-0.0002685429086180436,,0.85
CX2_35,CX2_Type1,340.0,269.39192129172034,308.0,-38.60807870827966,-0.0002643746492545936,,0.85
CX2_35,CX2_Type1,350.0,267.30680106276327,298.0,-30.69319893723673,-0.00026020419232676545,,0.85
CX2_35,CX2_Type1,360.0,270.16326649362304,288.0,-17.83673350637696,-0.00025366281950436876,,0.85
CX2_35,CX2_Type1,370.0,269.1974356636821,278.0,-8.802564336317914,-0.0002492317511856172,,0.85
CX2_35,CX2_Type1,380.0,266.79177476580514,268.0,-1.208225234194856,-0.00024560075612124825,,0.85
CX2_35,CX2_Type1,390.0,265.06463592989076,258.0,7.0646359298907555,-0.00024173722229229336,,0.85
CX2_35,CX2_Type1,400.0,262.3419829715915,248.0,14.341982971591506,-0.00023842144837669358,,0.85
CX2_35,CX2_Type1,410.0,251.39299490634824,238.0,13.392994906348235,-0.0002388514292935296,,0.85
CX2_35,CX2_Type1,420.0,241.46149001217088,228.0,13.461490012170884,-0.00023881972590175508,,0.85
CX2_35,CX2_Type1,430.0,237.19994950974615,218.0,19.199949509746148,-0.00023620896071471106,,0.85
CX2_35,CX2_Type1,440.0,231.45141382575252,208.0,23.451413825752525,-0.00023430059114323037,,0.85
CX2_35,CX2_Type1,450.0,223.76502886823255,198.0,25.765028868232548,-0.000233265394163478,,0.85
CX2_35,CX2_Type1,460.0,215.33481214287565,188.0,27.33481214287565,-0.0002325642130153921,,0.85
CX2_35,CX2_Type1,470.0,211.31902309451834,178.0,33.31902309451834,-0.00022991824290746548,,0.85
CX2_35,CX2_Type1,480.0,201.31821588658022,168.0,33.31821588658022,-0.00022991989715164085,,0.85
CX2_35,CX2_Type1,490.0,192.09336546278155,158.0,34.09336546278155,-0.00022957745714946,,0.85
CX2_35,CX2_Type1,500.0,189.17130367061327,148.0,41.17130367061327,-0.00022647066381673071,,0.85
CX2_35,CX2_Type1,510.0,191.15052200904825,138.0,53.150522009048245,-0.0002213751935824862,,0.85
CX2_35,CX2_Type1,520.0,185.9938622313864,128.0,57.9938622313864,-0.00021936797444712362,,0.85
CX2_35,CX2_Type1,530.0,173.6857073017693,118.0,55.6857073017693,-0.0002203257752006442,,0.85
CX2_35,CX2_Type1,540.0,162.44516530369287,108.0,54.445165303692875,-0.0002208465112812692,,0.85
CX2_35,CX2_Type1,550.0,153.256934430652,98.0,55.256934430651995,-0.00022050240909457302,,0.85
CX2_35,CX2_Type1,560.0,144.72263262158583,88.0,56.72263262158583,-0.0002198797976068016,,0.85
CX2_35,CX2_Type1,570.0,136.31648225664082,78.0,58.316482256640825,-0.00021920303099476403,,0.85
CX2_35,CX2_Type1,580.0,123.70832772178699,68.0,55.708327721786986,-0.0002203195619957605,,0.85
CX2_35,CX2_Type1,590.0,111.90836243271895,58.0,53.908362432718945,-0.0002211023026720389,,0.85
CX2_35,CX2_Type1,600.0,100.05608021870376,48.0,52.056080218703755,-0.00022191882464642405,,0.85
CX2_35,CX2_Type1,610.0,87.70903963994544,38.0,49.709039639945445,-0.00022296945535560237,,0.85
CX2_35,CX2_Type1,620.0,79.47988258668033,28.0,51.47988258668033,-0.00022217139159776776,,0.85
CX2_35,CX2_Type1,630.0,68.69093108186962,18.0,50.69093108186962,-0.00022252947136328706,,0.85
CX2_35,CX2_Type1,640.0,56.33493430736394,8.0,48.33493430736394,-0.00022361180234022084,,0.85
CX2_36,CX2_Type2,30.0,134.52544176301035,505.0,-370.47455823698965,-0.0010789941213169448,,0.85
CX2_36,CX2_Type2,40.0,203.8321296620814,495.0,-291.1678703379186,-0.0007100573793187349,,0.85
CX2_36,CX2_Type2,50.0,149.9643896653912,485.0,-335.0356103346088,-0.0008785194871481273,,0.85
CX2_36,CX2_Type2,60.0,220.29101875804997,475.0,-254.70898124195003,-0.0006084213041019635,,0.85
CX2_36,CX2_Type2,70.0,196.421412046937,465.0,-268.578587953063,-0.0006426716582462187,,0.85
CX2_36,CX2_Type2,80.0,167.24721760832452,455.0,-287.7527823916755,-0.0006980273013543561,,0.85
CX2_36,CX2_Type2,90.0,150.94306552232084,445.0,-294.0569344776792,-0.0007187043610696979,,0.85
CX2_36,CX2_Type2,100.0,137.559755893558,435.0,-297.44024410644204,-0.0007304295534363701,,0.85
CX2_36,CX2_Type2,110.0,129.11980868333546,425.0,-295.88019131666454,-0.0007248294169369944,,0.85
CX2_36,CX2_Type2,120.0,120.50366193221569,415.0,-294.49633806778434,-0.0007198400800671562,,0.85
CX2_36,CX2_Type2,130.0,128.88470671296886,405.0,-276.11529328703114,-0.000658836556414037,,0.85
CX2_36,CX2_Type2,140.0,127.92851649420368,395.0,-267.0714835057963,-0.0006321352653984017,,0.85
CX2_36,CX2_Type2,150.0,126.1894214088262,385.0,-258.8105785911738,-0.0006090788503132976,,0.85
CX2_36,CX2_Type2,160.0,125.14455341386815,375.0,-249.85544658613185,-0.0005856810244120887,,0.85
CX2_36,CX2_Type2,170.0,133.7830931220572,365.0,-231.2169068779428,-0.0005417606666899468,,0.85
CX2_36,CX2_Type2,180.0,135.68357177162642,355.0,-219.31642822837358,-0.0005167065868727891,,0.85
CX2_36,CX2_Type2,190.0,127.3270706075545,345.0,-217.6729293924455,-0.0005133769028483655,,0.85
CX2_36,CX2_Type2,200.0,126.63066739409413,335.0,-208.36933260590587,-0.000495048717655768,,0.85
CX2_36,CX2_Type2,210.0,140.6143128122476,325.0,-184.3856871877524,-0.0004529466339936221,,0.85
CX2_36,CX2_Type2,220.0,152.14971777143342,315.0,-162.85028222856658,-0.0004204355757919232,,0.85
CX2_36,CX2_Type2,230.0,145.3980571586781,305.0,-159.6019428413219,-0.0004158748427028624,,0.85
CX2_36,CX2_Type2,240.0,135.87850697717386,295.0,-159.12149302282614,-0.00041520626749087406,,0.85
CX2_36,CX2_Type2,250.0,131.59631502113587,285.0,-153.40368497886413,-0.00040726343817537824,,0.85
CX2_36,CX2_Type2,260.0,127.52724313143256,275.0,-147.47275686856744,-0.00039926187993908897,,0.85
CX2_36,CX2_Type2,270.0,118.23827186980014,265.0,-146.76172813019986,-0.0003983097802544195,,0.85
CX2_36,CX2_Type2,280.0,116.57558153155634,255.0,-138.42441846844366,-0.000387412402664339,,0.85
CX2_36,CX2_Type2,290.0,110.75229680693235,245.0,-134.24770319306765,-0.00038212862952592165,,0.85
CX2_36,CX2_Type2,300.0,99.42691858799105,235.0,-135.57308141200895,-0.0003838182561284257,,0.85
CX2_36,CX2_Type2,310.0,92.87599298047684,225.0,-132.12400701952316,-0.00037942077962198605,,0.85
CX2_36,CX2_Type2,320.0,91.06262946260557,215.0,-123.93737053739443,-0.0003692645662611262,,0.85
CX2_36,CX2_Type2,330.0,85.29953074153985,205.0,-119.70046925846015,-0.00036416992980527186,,0.85
CX2_36,CX2_Type2,340.0,74.80977071087335,195.0,-120.19022928912665,-0.00036475875121355747,,0.85
CX2_36,CX2_Type2,350.0,62.864659854126955,185.0,-122.13534014587304,-0.0003671382369864355,,0.85
CX2_36,CX2_Type2,360.0,52.93876966062487,175.0,-122.06123033937513,-0.00036704768406999836,,0.85
CX2_36,CX2_Type2,370.0,48.5431656088158,165.0,-116.4568343911842,-0.0003601116193247001,,0.85
CX2_36,CX2_Type2,380.0,41.48711677402349,155.0,-113.51288322597651,-0.0003565396290043214,,0.85
CX2_36,CX2_Type2,390.0,32.40547660949147,145.0,-112.59452339050853,-0.00035542492934271576,,0.85
CX2_36,CX2_Type2,400.0,23.44055584523602,135.0,-111.55944415476398,-0.00035415918706675217,,0.85
CX2_36,CX2_Type2,410.0,15.620151157844589,125.0,-109.37984884215541,-0.00035149272055074257,,0.85
CX2_36,CX2_Type2,420.0,11.052227558916002,115.0,-103.947772441084,-0.0003449620509845623,,0.85
CX2_36,CX2_Type2,430.0,6.654632853330611,105.0,-98.34536714666939,-0.0003383994310599599,,0.85
CX2_36,CX2_Type2,440.0,0.5437946255673296,95.0,-94.45620537443267,-0.0003339359177684316,,0.85
CX2_36,CX2_Type2,450.0,0.0,85.0,-85.0,-0.00032639356905691337,fitted trend places end of life at or before now,0.85
CX2_36,CX2_Type2,460.0,0.0,75.0,-75.0,-0.00031704080838828084,fitted trend places end of life at or before now,0.85
CX2_36,CX2_Type2,470.0,0.0,65.0,-65.0,-0.0003117195581856713,fitted trend places end of life at or before now,0.85
CX2_36,CX2_Type2,480.0,0.0,55.0,-55.0,-0.0003065631773802586,fitted trend places end of life at or before now,0.85
CX2_36,CX2_Type2,490.0,0.0,45.0,-45.0,-0.0003025793133668399,fitted trend places end of life at or before now,0.85
CX2_36,CX2_Type2,500.0,0.0,35.0,-35.0,-0.00029649712442192416,fitted trend places end of life at or before now,0.85
CX2_36,CX2_Type2,510.0,0.0,25.0,-25.0,-0.00028983587613933123,fitted trend places end of life at or before now,0.85
CX2_36,CX2_Type2,520.0,0.0,15.0,-15.0,-0.0002852127510836428,fitted trend places end of life at or before now,0.85
CX2_36,CX2_Type2,530.0,0.0,5.0,-5.0,-0.00028121798962929735,fitted trend places end of life at or before now,0.85
CX2_37,CX2_Type2,30.0,128.9555175328891,534.0,-405.0444824671109,-0.0011261021475631793,,0.85
CX2_37,CX2_Type2,40.0,182.97216944780016,524.0,-341.0278305521998,-0.0007844457605073112,,0.85
CX2_37,CX2_Type2,50.0,168.46310005581574,514.0,-345.53689994418426,-0.0008016797972545439,,0.85
CX2_37,CX2_Type2,60.0,245.8876698635657,504.0,-258.1123301364343,-0.0005570695844309355,,0.85
CX2_37,CX2_Type2,70.0,233.77828344325258,494.0,-260.2217165567474,-0.0005610392554143784,,0.85
CX2_37,CX2_Type2,80.0,200.74009153642555,484.0,-283.25990846357445,-0.0006115154019722782,,0.85
CX2_37,CX2_Type2,90.0,181.18417439044686,474.0,-292.81582560955314,-0.0006355680824378679,,0.85
CX2_37,CX2_Type2,100.0,162.34045083142757,464.0,-301.6595491685724,-0.0006599003738948048,,0.85
CX2_37,CX2_Type2,110.0,153.08179448122354,454.0,-300.91820551877646,-0.0006577394795683819,,0.85
CX2_37,CX2_Type2,120.0,142.88704096192726,444.0,-301.11295903807274,-0.0006583026617959784,,0.85
CX2_37,CX2_Type2,130.0,146.62922275531963,434.0,-287.37077724468037,-0.000619745270637128,,0.85
CX2_37,CX2_Type2,140.0,145.83750982924937,424.0,-278.16249017075063,-0.0005960476016109705,,0.85
CX2_37,CX2_Type2,150.0,149.73157454288645,414.0,-264.26842545711355,-0.0005629765427188867,,0.85
CX2_37,CX2_Type2,160.0,152.97954559393253,404.0,-251.02045440606747,-0.000534396240391124,,0.85
CX2_37,CX2_Type2,170.0,160.79715973329627,394.0,-233.20284026670373,-0.0004998376905030718,,0.85
CX2_37,CX2_Type2,180.0,160.92156562619562,384.0,-223.07843437380438,-0.00048192310906659396,,0.85
CX2_37,CX2_Type2,190.0,153.3059945765711,374.0,-220.6940054234289,-0.00047783524635998604,,0.85
CX2_37,CX2_Type2,200.0,161.45822975596877,364.0,-202.54177024403123,-0.0004485057734815446,,0.85
CX2_37,CX2_Type2,210.0,173.51626624210854,354.0,-180.48373375789146,-0.0004170714978032142,,0.85
CX2_37,CX2_Type2,220.0,181.7341454568977,344.0,-162.2658545431023,-0.00039402400364781993,,0.85
CX2_37,CX2_Type2,230.0,175.4059487790962,334.0,-158.5940512209038,-0.00038962610646829096,,0.85
CX2_37,CX2_Type2,240.0,166.66519401977393,324.0,-157.33480598022607,-0.0003881301810444383,,0.85
CX2_37,CX2_Type2,250.0,167.17421391928468,314.0,-146.82578608071532,-0.0003759479275433885,,0.85
CX2_37,CX2_Type2,260.0,166.76058801620957,304.0,-137.23941198379043,-0.0003653903814472576,,0.85
CX2_37,CX2_Type2,270.0,158.48731215776291,294.0,-135.51268784223709,-0.0003635323849445893,,0.85
CX2_37,CX2_Type2,280.0,156.05837410345674,284.0,-127.94162589654326,-0.0003555346170142177,,0.85
CX2_37,CX2_Type2,290.0,150.10684397477195,274.0,-123.89315602522805,-0.0003513671203695261,,0.85
CX2_37,CX2_Type2,300.0,139.51414264116772,264.0,-124.48585735883228,-0.00035197977901165725,,0.85
CX2_37,CX2_Type2,310.0,135.39376770946376,254.0,-118.60623229053624,-0.0003459565531047604,,0.85
CX2_37,CX2_Type2,320.0,134.2751929870086,244.0,-109.72480701299139,-0.00033715106888123074,,0.85
CX2_37,CX2_Type2,330.0,128.87860435769892,234.0,-105.12139564230108,-0.0003327247144977281,,0.85
CX2_37,CX2_Type2,340.0,118.73408960454685,224.0,-105.26591039545315,-0.00033286476968505564,,0.85
CX2_37,CX2_Type2,350.0,107.10921160294163,214.0,-106.89078839705837,-0.00033444624365871876,,0.85
CX2_37,CX2_Type2,360.0,95.88062330443086,204.0,-108.11937669556914,-0.00033566527238569984,,0.85
CX2_37,CX2_Type2,370.0,91.27821472687276,194.0,-102.72178527312724,-0.0003303268525230142,,0.85
CX2_37,CX2_Type2,380.0,84.52194036162729,184.0,-99.47805963837271,-0.0003271724468279776,,0.85
CX2_37,CX2_Type2,390.0,75.63582454864246,174.0,-98.36417545135754,-0.00032608999810561167,,0.85
CX2_37,CX2_Type2,400.0,67.45287813885415,164.0,-96.54712186114585,-0.00032431999299408344,,0.85
CX2_37,CX2_Type2,410.0,59.37872520704195,154.0,-94.62127479295805,-0.0003224463627884376,,0.85
CX2_37,CX2_Type2,420.0,54.420938971346345,144.0,-89.57906102865365,-0.0003176045133924102,,0.85
CX2_37,CX2_Type2,430.0,49.378122957788264,134.0,-84.62187704221174,-0.00031293642821798975,,0.85
CX2_37,CX2_Type2,440.0,43.653058235372384,124.0,-80.34694176462762,-0.00030898061929745515,,0.85
CX2_37,CX2_Type2,450.0,39.145222339932104,114.0,-74.8547776600679,-0.0003039923698382314,,0.85
CX2_37,CX2_Type2,460.0,36.61531444552048,104.0,-67.38468555447952,-0.0002974002253160538,,0.85
CX2_37,CX2_Type2,470.0,32.90343526877581,94.0,-61.09656473122419,-0.0002920179351522805,,0.85
CX2_37,CX2_Type2,480.0,28.36436224045775,84.0,-55.63563775954225,-0.0002874554199201568,,0.85
CX2_37,CX2_Type2,490.0,22.967408010728263,74.0,-51.03259198927174,-0.00028368381449486447,,0.85
CX2_37,CX2_Type2,500.0,18.491165606987124,64.0,-45.508834393012876,-0.0002792437354271237,,0.85
CX2_37,CX2_Type2,510.0,15.005210249498418,54.0,-38.99478975050158,-0.00027413698825478765,,0.85
CX2_37,CX2_Type2,520.0,10.416058299293695,44.0,-33.583941700706305,-0.00026999762522114364,,0.85
CX2_37,CX2_Type2,530.0,5.242080918236184,34.0,-28.757919081763816,-0.00026637607709109547,,0.85
CX2_37,CX2_Type2,540.0,0.0,24.0,-24.0,-0.00026488249759451017,fitted trend places end of life at or before now,0.85
CX2_37,CX2_Type2,550.0,0.0,14.0,-14.0,-0.0002622609615269517,fitted trend places end of life at or before now,0.85
CX2_37,CX2_Type2,560.0,0.0,4.0,-4.0,-0.000258803763245824,fitted trend places end of life at or before now,0.85
CX2_38,CX2_Type2,30.0,125.43849765012337,507.0,-381.5615023498766,-0.0011606241303667305,,0.85
CX2_38,CX2_Type2,40.0,173.26062556460482,497.0,-323.7393744353952,-0.0008271367976476738,,0.85
CX2_38,CX2_Type2,50.0,148.7223757405312,487.0,-338.2776242594688,-0.0008924053251516288,,0.85
CX2_38,CX2_Type2,60.0,220.63558407924364,477.0,-256.36441592075636,-0.0006127896239755114,,0.85
CX2_38,CX2_Type2,70.0,213.56828988261572,467.0,-253.43171011738428,-0.0006056829414475014,,0.85
CX2_38,CX2_Type2,80.0,186.21459533685066,457.0,-270.78540466314934,-0.0006491988118925122,,0.85
CX2_38,CX2_Type2,90.0,166.92381136632866,447.0,-280.07618863367134,-0.0006755690797805431,,0.85
CX2_38,CX2_Type2,100.0,148.6882642272552,437.0,-288.3117357727448,-0.000701144356000188,,0.85
CX2_38,CX2_Type2,110.0,139.68086549752087,427.0,-287.31913450247913,-0.0006978959110399464,,0.85
CX2_38,CX2_Type2,120.0,133.4937698596174,417.0,-283.5062301403826,-0.0006854895453181218,,0.85
CX2_38,CX2_Type2,130.0,139.75979471428542,407.0,-267.2402052857146,-0.0006365296198387957,,0.85
CX2_38,CX2_Type2,140.0,136.1693950230959,397.0,-260.8306049769041,-0.0006188729648379207,,0.85
CX2_38,CX2_Type2,150.0,140.07612481894955,387.0,-246.92387518105045,-0.0005831486478780196,,0.85
CX2_38,CX2_Type2,160.0,141.46852730223287,377.0,-235.53147269776713,-0.0005565012199736094,,0.85
CX2_38,CX2_Type2,170.0,148.1727423968972,367.0,-218.8272576031028,-0.0005211334520401141,,0.85
CX2_38,CX2_Type2,180.0,148.39624320380398,357.0,-208.60375679619602,-0.0005013989942146355,,0.85
CX2_38,CX2_Type2,190.0,141.04416201386618,347.0,-205.95583798613382,-0.000496460967367205,,0.85
CX2_38,CX2_Type2,200.0,145.49730761468766,337.0,-191.50269238531234,-0.0004708091020855117,,0.85
CX2_38,CX2_Type2,210.0,156.1816460296904,327.0,-170.8183539703096,-0.00043807142964082547,,0.85
CX2_38,CX2_Type2,220.0,162.81084659038027,317.0,-154.18915340961973,-0.0004146304838138601,,0.85
CX2_38,CX2_Type2,230.0,156.7855690179556,307.0,-150.2144309820444,-0.0004093221187405489,,0.85
CX2_38,CX2_Type2,240.0,147.70366179134345,297.0,-149.29633820865655,-0.0004081022698063584,,0.85
CX2_38,CX2_Type2,250.0,146.7036168316352,287.0,-140.2963831683648,-0.0003964173614747241,,0.85
CX2_38,CX2_Type2,260.0,143.56147137759683,277.0,-133.43852862240317,-0.00038787089882118654,,0.85
CX2_38,CX2_Type2,270.0,136.05594015274062,267.0,-130.94405984725938,-0.00038482342424027357,,0.85
CX2_38,CX2_Type2,280.0,134.5825855333535,257.0,-122.4174144666465,-0.000374657985566359,,0.85
CX2_38,CX2_Type2,290.0,129.16633612327365,247.0,-117.83366387672635,-0.0003693621042419448,,0.85
CX2_38,CX2_Type2,300.0,117.90447823584645,237.0,-119.09552176415355,-0.0003708141526823399,,0.85
CX2_38,CX2_Type2,310.0,112.8833939076872,227.0,-114.1166060923128,-0.00036506525595809443,,0.85
CX2_38,CX2_Type2,320.0,110.01348724109937,217.0,-106.98651275890063,-0.00035704929254878025,,0.85
CX2_38,CX2_Type2,330.0,103.33587808123002,207.0,-103.66412191876998,-0.0003534022626320406,,0.85
CX2_38,CX2_Type2,340.0,92.53973150092122,197.0,-104.46026849907878,-0.0003542816100454054,,0.85
CX2_38,CX2_Type2,350.0,81.30376880577205,187.0,-105.69623119422795,-0.0003556646736423167,,0.85
CX2_38,CX2_Type2,360.0,79.10560792278454,177.0,-97.89439207721546,-0.00034700561794555356,,0.85
CX2_38,CX2_Type2,370.0,75.95848790775591,167.0,-91.04151209224409,-0.0003396625798810895,,0.85
CX2_38,CX2_Type2,380.0,65.695367883409,157.0,-91.304632116591,-0.00033993489693491037,,0.85
CX2_38,CX2_Type2,390.0,56.43489837835068,147.0,-90.56510162164932,-0.0003391427767298339,,0.85
CX2_38,CX2_Type2,400.0,46.62940567776752,137.0,-90.37059432223248,-0.00033893049828892784,,0.85
CX2_38,CX2_Type2,410.0,47.34391021308829,127.0,-79.6560897869117,-0.00032766149764350185,,0.85
CX2_38,CX2_Type2,420.0,43.36485617054518,117.0,-73.63514382945482,-0.0003215818342297771,,0.85
CX2_38,CX2_Type2,430.0,38.678720677257445,107.0,-68.32127932274255,-0.0003163491625928035,,0.85
CX2_38,CX2_Type2,440.0,36.441709796847874,97.0,-60.558290203152126,-0.00030893154395786635,,0.85
CX2_38,CX2_Type2,450.0,33.51334259948629,87.0,-53.48665740051371,-0.00030240519012492834,,0.85
CX2_38,CX2_Type2,460.0,30.884686164707716,77.0,-46.115313835292284,-0.00029582569261195715,,0.85
CX2_38,CX2_Type2,470.0,25.277680131234774,67.0,-41.722319868765226,-0.00029200037576467615,,0.85
CX2_38,CX2_Type2,480.0,21.798676034268397,57.0,-35.2013239657316,-0.000286449655514651,,0.85
CX2_38,CX2_Type2,490.0,17.508185643440584,47.0,-29.491814356559416,-0.00028171614135515707,,0.85
CX2_38,CX2_Type2,500.0,12.538648419508263,37.0,-24.461351580491737,-0.00027763196453647746,,0.85
CX2_38,CX2_Type2,510.0,6.215913349913649,27.0,-20.78408665008635,-0.00027469329239208153,,0.85
CX2_38,CX2_Type2,520.0,0.0,17.0,-17.0,-0.00027440248623822176,fitted trend places end of life at or before now,0.85
CX2_38,CX2_Type2,530.0,0.0,7.0,-7.0,-0.00027030009819704393,fitted trend places end of life at or before now,0.85
CX2_8,CX2_Type3,30.0,,18.0,,,fewer than 30 cycles of history,0.85
CX2_8,CX2_Type3,40.0,8.922209101496172,8.0,0.922209101496172,-0.003981979605260445,,0.85
