dataset,cell_id,cycle,voltage_v,current_a,temperature_c,soc,capacity_ah,speed_kmh,distance_km,usage_profile,power_w,soc_band,mode_guess,aggressive_discharge_event,fast_charge_flag,high_temp_flag,deep_discharge_flag,high_soc_flag,stress_score,stress_rolling_mean,stress_rolling_std,temp_rolling_mean,temp_rolling_max,battery_age_factor,cycle_stress_index
simulated,SIM000,1,3.825768711906293,-0.6378107849858878,25.988298001108934,84.54455247567294,1.9997,98.61981008566357,0.7951896407209105,gentle,-2.440116545315402,elevated_80_90,discharge,0,0,0,0,0,0.0,0.0,0.0,25.988298001108934,25.988298001108934,0.008333333333333333,0.0
simulated,SIM000,2,3.8134173334943005,0.6823043814811869,27.063015254435783,85.07540611000053,1.9994,0.0,0.7951896407209105,gentle,2.6019113550594657,elevated_80_90,charge,0,0,0,0,0,0.0,0.0,0.0,26.525656627772356,27.063015254435783,0.016666666666666666,0.0
simulated,SIM000,3,3.831668364707785,-1.7834402215228273,27.910279363321273,83.85174590009599,1.9991,34.41908304720601,1.3235389232086723,gentle,-6.833551477156462,elevated_80_90,discharge,0,0,0,0,0,0.0,0.0,0.0,26.987197539622,27.910279363321273,0.025,0.0
simulated,SIM000,4,3.8152218566546066,-1.2438393817365156,25.90190986798711,82.84965036077962,1.9988000000000001,64.71860918541537,2.03351365476694,gentle,-4.745523195368907,elevated_80_90,discharge,0,0,0,0,0,0.0,0.0,0.0,26.715875621713273,27.910279363321273,0.03333333333333333,0.0
simulated,SIM000,5,3.8347471895277314,0.3056013630781139,25.393903611947906,83.13447666568541,1.9985000000000002,0.0,2.03351365476694,gentle,1.1719039681796413,elevated_80_90,charge,0,0,0,0,0,0.0,0.0,0.0,26.4514812197602,27.910279363321273,0.041666666666666664,0.0
simulated,SIM000,6,3.8680283490723437,-1.2595757504137894,26.887470827090766,82.00500453637376,1.9982000000000002,28.23460445567411,2.442738271414698,gentle,-4.8720747104046085,elevated_80_90,discharge,0,0,0,0,0,0.0,0.0,0.0,26.524146154315293,27.910279363321273,0.05,0.0
simulated,SIM000,7,3.8292607296584475,0.8814477016660931,27.137475025674362,82.64776901535897,1.9979000000000002,0.0,2.442738271414698,gentle,3.375293069237665,elevated_80_90,charge,0,0,0,0,0,0.0,0.0,0.0,26.61176456450945,27.910279363321273,0.058333333333333334,0.0
simulated,SIM000,8,3.822536258562073,-1.207584380744777,26.763790640222524,81.61504450454068,1.9976000000000003,80.88052194315094,3.2361322112772437,gentle,-4.616035080670138,elevated_80_90,discharge,0,0,0,0,0,0.0,0.0,0.0,26.63076782397358,27.910279363321273,0.06666666666666667,0.0
simulated,SIM000,9,3.8494373784182856,-0.62250605603382,26.248704843391177,81.07426971813716,1.9973000000000003,47.037807333116326,4.105810670946059,gentle,-2.3962980803883345,elevated_80_90,discharge,0,0,0,0,0,0.0,0.0,0.0,26.58831638168665,27.910279363321273,0.075,0.0
simulated,SIM000,10,3.818841969090551,-1.1545787217889159,27.72216156010967,80.3143444980699,1.9970000000000003,37.32171454714991,4.819956760435812,gentle,-4.409153679386435,elevated_80_90,discharge,0,0,0,0,0,0.0,0.0,0.0,26.70170089952895,27.910279363321273,0.08333333333333333,0.0
simulated,SIM000,11,3.811816962275228,-0.8644317541948803,27.72246001591211,79.65358832737267,1.9967000000000004,41.55402914136604,5.171366196769249,gentle,-3.295055623369375,normal_20_80,discharge,0,0,0,0,0,0.0,0.0,0.0,26.79449718283651,27.910279363321273,0.09166666666666666,0.0
simulated,SIM000,12,3.799603936521656,-0.33779530620264053,25.52891421591192,79.40062216840698,1.9964000000000004,22.731526494570048,5.386740709652768,gentle,-1.283488375186091,normal_20_80,discharge,0,0,0,0,0,0.0,0.0,0.0,26.689031935592794,27.910279363321273,0.1,0.0
simulated,SIM000,13,3.8289216070167886,-0.8163160004940393,26.442292070846758,78.71808697859439,1.9961000000000004,81.53159360055894,6.386722877997087,gentle,-3.1256099724451545,normal_20_80,discharge,0,0,0,0,0,0.0,0.0,0.0,26.670051945996946,27.910279363321273,0.10833333333333334,0.0
simulated,SIM000,14,3.8176178340811293,-0.3077682987231482,26.562644419972234,78.44072895725687,1.9958000000000005,92.94741472855206,7.282844576049729,gentle,-1.174941745970299,normal_20_80,discharge,0,0,0,0,0,0.0,0.0,0.0,26.66237997985232,27.910279363321273,0.11666666666666667,0.0
simulated,SIM000,15,3.7750320936535275,-1.0695053742333127,27.839232807973687,77.48850579025147,1.9955000000000005,40.378113442742965,7.702060396804853,gentle,-4.037417112065682,normal_20_80,discharge,0,0,0,0,0,0.0,0.0,0.0,26.740836835060414,27.910279363321273,0.125,0.0
simulated,SIM000,16,3.802179512410819,-0.8101021011312597,26.943568093323105,76.91445946356633,1.9952000000000005,105.683554163677,9.111217273440047,gentle,-3.080153611882233,normal_20_80,discharge,0,0,0,0,0,0.0,0.0,0.0,26.753507538701832,27.910279363321273,0.13333333333333333,0.0
simulated,SIM000,17,3.8291895174418085,-1.1709792957792338,26.559276150692977,76.01203279188009,1.9949000000000006,99.03690734764524,10.39273047152133,gentle,-4.483901644539233,normal_20_80,discharge,0,0,0,0,0,0.0,0.0,0.0,26.742082162936608,27.910279363321273,0.14166666666666666,0.0
simulated,SIM000,18,3.7940467417703143,-0.6764988699971373,27.89785902712603,75.3880196409633,1.9946000000000006,80.88240799987341,11.735785351692606,gentle,-2.566668333523938,normal_20_80,discharge,0,0,0,0,0,0.0,0.0,0.0,26.806291988724908,27.910279363321273,0.15,0.0
simulated,SIM000,19,3.809329244489249,0.37605608290840575,24.854256291963637,75.64567945943695,1.9943000000000006,0.0,11.735785351692606,gentle,1.4325214341910637,normal_20_80,charge,0,0,0,0,0,0.0,0.0,0.0,26.703553267842732,27.910279363321273,0.15833333333333333,0.0
simulated,SIM000,20,3.783810686758499,-1.288912509913595,27.8143776584858,74.71422905185263,1.9940000000000007,106.52157602628112,13.183422136433045,gentle,-4.87700092930778,normal_20_80,discharge,0,0,0,0,0,0.0,0.0,0.0,26.759094487374888,27.910279363321273,0.16666666666666666,0.0
simulated,SIM000,21,3.7928244431952916,-1.446045132657703,28.781500407248576,73.37506297265968,1.9937000000000007,85.69903241018585,13.985433054459962,gentle,-5.484595325107714,normal_20_80,discharge,0,0,0,0,0,0.0,0.0,0.0,26.855399531178396,28.781500407248576,0.175,0.0
simulated,SIM000,22,3.8002463792477466,-0.36997835693083075,26.327443946303912,73.14859347329663,1.9934000000000007,21.81940160205322,14.226171402836364,gentle,-1.40600891132642,normal_20_80,discharge,0,0,0,0,0,0.0,0.0,0.0,26.831401550047737,28.781500407248576,0.18333333333333332,0.0
simulated,SIM000,23,3.551395378084377,-2.498820075484991,45.75384217263956,5.273979607770584,1.9920200000000008,47.95131773478754,15.149718358996038,gentle,-8.87429806674185,low_0_20,discharge,1,0,1,1,0,70.0,3.0434782608695654,14.596008983995235,27.65411635972564,45.75384217263956,0.19166666666666668,13.416666666666668
simulated,SIM000,24,3.536109673137556,-0.3595296276885,23.868854481399286,4.942972989119962,1.9915400000000008,106.40638253235585,17.091433610430514,gentle,-1.271336194248849,low_0_20,discharge,0,0,0,1,0,15.0,3.5416666666666665,14.482310549100228,27.496397114795382,45.75384217263956,0.2,3.0
simulated,SIM000,25,3.516200720087678,-1.4961872630495001,27.191692366402645,3.857506203068303,1.9910600000000007,97.65283114268613,18.806756657405447,gentle,-5.260894731720664,low_0_20,discharge,0,0,0,1,0,15.0,4.0,14.361406616345073,27.48420892485967,45.75384217263956,0.20833333333333334,3.125
simulated,SIM000,26,3.4913980362954318,-1.2581249490331543,28.088793965961223,2.7959837809875974,1.9905800000000007,28.662110986523913,19.26346726176507,gentle,-4.3926149764686455,low_0_20,discharge,0,0,0,1,0,15.0,4.423076923076923,14.235654047280239,27.507462195671266,45.75384217263956,0.21666666666666667,3.25
simulated,SIM000,27,3.477198723502211,-1.600910081358534,30.46841030611572,1.263626104886822,1.9901000000000006,34.53610942522993,19.5508224805808,gentle,-5.566682491341715,low_0_20,discharge,0,0,0,1,0,15.0,4.814814814814815,14.1068369595331,27.617126940502544,45.75384217263956,0.225,3.375
simulated,SIM000,28,3.5055309960788663,0.6791618255764601,27.20831497779461,1.7951408798031396,1.9896200000000006,0.0,19.5508224805808,gentle,2.3808228309117894,low_0_20,charge,0,0,0,1,0,15.0,5.178571428571429,13.976312159768815,27.602526513262976,45.75384217263956,0.23333333333333334,3.5
simulated,SIM000,29,3.491936185122682,-1.545828798394776,24.39974729117903,0.6346230295320077,1.9891400000000006,53.455155749697646,20.324546298290823,gentle,-5.397935517119434,low_0_20,discharge,0,0,0,1,0,15.0,5.517241379310345,13.84511437721721,27.492085850432495,45.75384217263956,0.24166666666666667,3.625
simulated,SIM000,30,3.500768005231107,-1.1685818616438814,26.852587531787634,0.0,1.9886600000000005,26.979191511590255,20.787459890933842,gentle,-4.090933992736304,low_0_20,discharge,0,0,0,1,0,15.0,5.833333333333333,13.714033419956298,27.470769239811,45.75384217263956,0.25,3.75
simulated,SIM000,31,3.4972475804744882,-0.7038664495100857,24.91647280357471,0.0,1.9881800000000005,94.95148790018608,22.25342365274173,gentle,-2.461595237526316,low_0_20,discharge,0,0,0,1,0,15.0,6.129032258064516,13.583671412113079,27.38837258057757,45.75384217263956,0.25833333333333336,3.8750000000000004
simulated,SIM000,32,3.505007960325552,-0.44521156325470207,23.354419958436324,0.0,1.9877000000000005,89.88261716587219,23.863149544165033,gentle,-1.5604700732367138,low_0_20,discharge,0,0,0,1,0,15.0,6.40625,13.454485701202817,27.262311561135657,45.75384217263956,0.26666666666666666,4.0
simulated,SIM000,33,3.530579399958219,-0.5862573052345157,26.39946144833301,0.0,1.9872200000000004,68.2508038141435,25.022046742925507,gentle,-2.0698279649359987,low_0_20,discharge,0,0,0,1,0,15.0,6.666666666666667,13.3268213264329,27.236164588020426,45.75384217263956,0.275,4.125
simulated,SIM000,34,3.5043097787836466,-1.3814591877149662,28.25589114357117,0.0,1.9867400000000004,104.5261962821793,26.915674756472715,gentle,-4.8410609405000695,low_0_20,discharge,0,0,0,1,0,15.0,6.911764705882353,13.200935795706037,27.266156545536624,45.75384217263956,0.2833333333333333,4.25
simulated,SIM000,35,3.53205410022345,-1.436535996777583,27.122821562505024,0.0,1.9862600000000004,60.03191219841011,27.668364713577635,gentle,-5.073922857536843,low_0_20,discharge,0,0,0,1,0,15.0,7.142857142857143,13.077018137226261,27.26206126030715,45.75384217263956,0.2916666666666667,4.375
simulated,SIM000,36,3.496137696974105,1.1220431523990584,27.984738319485448,0.9971104777137338,1.9857800000000003,0.0,27.668364713577635,gentle,3.922817362734009,low_0_20,charge,0,0,0,1,0,15.0,7.361111111111111,12.955203649009214,27.282135623062103,45.75384217263956,0.3,4.5
simulated,SIM000,37,3.5274261301914147,1.4405599439852734,26.519630197115003,2.433607385040551,1.9853000000000003,0.0,27.668364713577635,gentle,5.081468788520734,low_0_20,charge,0,0,0,1,0,15.0,7.5675675675675675,12.835585387984933,27.261527368306776,45.75384217263956,0.30833333333333335,4.625
simulated,SIM000,38,3.4994452699142475,0.4377148697274142,26.31054513207242,2.869198739179147,1.9848200000000003,0.0,27.668364713577635,gentle,1.5317592304387306,low_0_20,charge,0,0,0,1,0,15.0,7.7631578947368425,12.718223168705213,27.23650151998482,45.75384217263956,0.31666666666666665,4.75
simulated,SIM000,39,3.5155954305606127,-0.58583587223717,24.873426354981905,2.30341538172031,1.9843400000000002,39.54753616769502,28.34974233933573,gentle,-2.059561915495486,low_0_20,discharge,0,0,0,1,0,15.0,7.948717948717949,12.603150646081609,27.175909849087304,45.75384217263956,0.325,4.875
simulated,SIM000,40,3.5187156889451,1.3796226587078635,28.672119188635563,3.3822899488911373,1.9838600000000002,0.0,28.34974233933573,gentle,4.8544998940195105,low_0_20,charge,0,0,0,1,0,15.0,8.125,12.490380914312238,27.213315082576013,45.75384217263956,0.3333333333333333,5.0
simulated,SIM000,41,3.5168260255302757,0.8911653820874519,25.793882804379734,3.9979709808371626,1.9833800000000001,0.0,28.34974233933573,gentle,3.134073608776783,low_0_20,charge,0,0,0,1,0,15.0,8.292682926829269,12.37991094967776,27.178694783107815,45.75384217263956,0.3416666666666667,5.125
simulated,SIM000,42,3.5169358342618993,1.5907135206864313,27.970558038209603,5.260515700993272,1.9829,0.0,28.34974233933573,gentle,5.594437382947017,low_0_20,charge,0,0,0,1,0,15.0,8.452380952380953,12.271725147477763,27.197548670134044,45.75384217263956,0.35,5.25
simulated,SIM000,43,3.534770975649473,1.0742417812664158,27.103410090862305,6.17513958739798,1.98242,0.0,28.34974233933573,gentle,3.7971986692505166,low_0_20,charge,0,0,0,1,0,15.0,8.604651162790697,12.165798145550191,27.195359400848655,45.75384217263956,0.35833333333333334,5.375
simulated,SIM000,44,3.4978219496431064,0.5044630872270457,24.304186609952836,6.500657841557088,1.98194,0.0,28.34974233933573,gentle,1.7645220592874855,low_0_20,charge,0,0,0,1,0,15.0,8.75,12.062097083281648,27.129650928328296,45.75384217263956,0.36666666666666664,5.5
simulated,SIM000,45,3.542126097398034,1.059714024282196,26.880424319939397,7.347320618857462,1.98146,0.0,28.34974233933573,gentle,3.7536407011886608,low_0_20,charge,0,0,0,1,0,15.0,8.88888888888889,11.960583412006105,27.124112559252985,45.75384217263956,0.375,5.625
simulated,SIM000,46,3.5084177382854262,0.6548258646090326,26.382253567616544,7.862030368993875,1.98098,0.0,28.34974233933573,gentle,2.297402678882421,low_0_20,charge,0,0,0,1,0,15.0,9.021739130434783,11.861214347489952,27.107985189869584,45.75384217263956,0.38333333333333336,5.75
simulated,SIM000,47,3.5181761645053546,-1.5745400139696701,27.49369754191002,6.488101433351053,1.9805,86.2114753382241,29.351496753360724,gentle,-5.539509147208022,low_0_20,discharge,0,0,0,1,0,15.0,9.148936170212766,11.763944035842993,27.116191835657677,45.75384217263956,0.39166666666666666,5.875
simulated,SIM000,48,3.5071737034378203,-0.7941511693077379,24.53080203324509,5.714076228534588,1.98002,33.96172447440603,29.832856517301924,gentle,-2.7852260975504946,low_0_20,discharge,0,0,0,1,0,15.0,9.270833333333334,11.66872448923505,27.062329548107417,45.75384217263956,0.4,6.0
simulated,SIM000,49,3.5095373485548325,1.502694940002808,27.00791715880739,7.038156018661219,1.9795399999999999,0.0,29.832856517301924,gentle,5.273764015424218,low_0_20,charge,0,0,0,1,0,15.0,9.387755102040817,11.575506336172753,27.06121909118293,45.75384217263956,0.4083333333333333,6.125
simulated,SIM000,50,3.50106490996751,-1.5525829592145592,27.889728195182098,5.898512915634122,1.9790599999999998,80.26913492261653,30.67636061943147,gentle,-5.4356937183196115,low_0_20,discharge,0,0,0,1,0,15.0,9.5,11.484239422009663,27.077789273262912,45.75384217263956,0.4166666666666667,6.25
simulated,SIM000,51,3.5214096896163762,1.7375250434929366,26.645705936021322,7.266758147927827,1.9785799999999998,0.0,30.67636061943147,gentle,6.1185375241071425,low_0_20,charge,0,0,0,1,0,15.0,9.8,11.426785574754986,27.090937431961162,45.75384217263956,0.425,6.375
simulated,SIM000,52,3.523653499649234,1.144187805994309,27.28119778625692,8.20870329583558,1.9780999999999997,0.0,30.67636061943147,gentle,4.031721366847825,low_0_20,charge,0,0,0,1,0,15.0,10.1,11.360960723962943,27.09530108259758,45.75384217263956,0.43333333333333335,6.5
simulated,SIM000,53,3.5008700627747755,-0.41124164672611047,26.861090982050584,7.864374219280574,1.9776199999999997,39.99771967045379,31.09020063187793,gentle,-1.4397035695896403,low_0_20,discharge,0,0,0,1,0,15.0,10.4,11.286618408630677,27.074317314972166,45.75384217263956,0.44166666666666665,6.625
simulated,SIM000,54,3.5227400021977524,-1.1301885088819477,28.0073149340215,6.821415582224104,1.9771399999999997,61.92345567835958,32.04658519622077,gentle,-3.981360270262667,low_0_20,discharge,0,0,0,1,0,15.0,10.7,11.203589075080599,27.116425416292856,45.75384217263956,0.45,6.75
simulated,SIM000,55,3.5432442405114513,-0.8941239959645058,27.068613475551494,6.018745358456711,1.9766599999999996,54.238714050282525,32.78420208493037,gentle,-3.168099699004319,low_0_20,discharge,0,0,0,1,0,15.0,11.0,11.11167799007432,27.149919613564926,45.75384217263956,0.4583333333333333,6.875
simulated,SIM000,56,3.5286205419100996,1.5670936510117328,26.2452244313339,7.4512196488985705,1.9761799999999996,0.0,32.78420208493037,gentle,5.529678848056897,low_0_20,charge,0,0,0,1,0,15.0,11.3,11.010662735619098,27.13707468564979,45.75384217263956,0.4666666666666667,7.0
simulated,SIM000,57,3.5375337984864346,-1.1367387393350967,26.46173900469889,6.466922628197049,1.9756999999999996,80.99044687768303,33.99931625774393,gentle,-4.021251710446766,low_0_20,discharge,0,0,0,1,0,15.0,11.6,10.900290203963024,27.123559965230278,45.75384217263956,0.475,7.125
simulated,SIM000,58,3.525415193169619,-1.7985881332197238,28.42337220033279,5.134131452662595,1.9752199999999995,60.26413536373417,34.75017910638979,gentle,-6.340769931107397,low_0_20,discharge,0,0,0,1,0,15.0,11.9,10.780272988857273,27.156751596432485,45.75384217263956,0.48333333333333334,7.25
simulated,SIM000,59,3.50548639665703,1.6265979065270992,26.997534548433052,6.431397506679279,1.9747399999999995,0.0,34.75017910638979,gentle,5.70201683416155,low_0_20,charge,0,0,0,1,0,15.0,12.2,10.65028503978046,27.171728190533322,45.75384217263956,0.49166666666666664,7.375
simulated,SIM000,60,3.530515248625357,-1.5420733759451828,25.199913364159062,4.995678311259861,1.9742599999999995,62.63048117615454,35.82835835638057,gentle,-5.4443135682736505,low_0_20,discharge,0,0,0,1,0,15.0,12.5,10.509956406830117,27.121283226614313,45.75384217263956,0.5,7.5
simulated,SIM000,61,3.5526393835058494,1.3597931569850676,26.139543219299373,6.230650061231772,1.9737799999999994,0.0,35.82835835638057,gentle,4.830854722926904,low_0_20,charge,0,0,0,1,0,15.0,12.8,10.35886685159046,27.089624890682057,45.75384217263956,0.5083333333333333,7.625
simulated,SIM000,62,3.5269416195872756,1.3243698831683235,27.80769464270639,7.155676685991176,1.9732999999999994,0.0,35.82835835638057,gentle,4.670975260674298,low_0_20,charge,0,0,0,1,0,15.0,13.1,10.196538027933897,27.135200499217945,45.75384217263956,0.5166666666666667,7.750000000000001
simulated,SIM000,63,3.5236167647362686,-1.0870121085517315,26.178508801028087,6.229101832876922,1.9728199999999994,38.28510574176846,36.57662592803203,gentle,-3.8302140891642016,low_0_20,discharge,0,0,0,1,0,15.0,13.4,10.022423838165935,27.129924833821573,45.75384217263956,0.525,7.875
simulated,SIM000,64,3.505217708671207,-1.4577544669750726,27.472254680422925,4.940699404063816,1.9723399999999993,37.60152077362845,36.939224267553215,gentle,-5.109746772535581,low_0_20,discharge,0,0,0,1,0,15.0,13.7,9.835898431723647,27.148117039030584,45.75384217263956,0.5333333333333333,8.0
simulated,SIM000,65,3.502965493853775,-1.231360170918201,25.820649748715354,3.823761591040088,1.9718599999999993,87.52324229236665,38.000536136192004,gentle,-4.313412189232344,low_0_20,discharge,0,0,0,1,0,15.0,14.0,9.636241116594316,27.10774537784542,45.75384217263956,0.5416666666666666,8.125
simulated,SIM000,66,3.506604132374541,-1.2597348838224938,26.269985312134924,2.9995349422792357,1.9713799999999992,32.42340992530595,38.3275151024431,gentle,-4.417391549308319,low_0_20,discharge,0,0,0,1,0,15.0,14.3,9.422617167523804,27.094273722221654,45.75384217263956,0.55,8.25
simulated,SIM000,67,3.5116189303323413,1.0115220377304184,27.407826575816323,3.6125467439788252,1.9708999999999992,0.0,38.3275151024431,gentle,3.5520799361424817,low_0_20,charge,0,0,0,1,0,15.0,14.6,9.19405309125948,27.111244730724124,45.75384217263956,0.5583333333333333,8.375
simulated,SIM000,68,3.5258549253539164,1.2256932496034458,27.63376023721662,4.5471683763156765,1.9704199999999992,0.0,38.3275151024431,gentle,4.321616581087357,low_0_20,charge,0,0,0,1,0,15.0,14.9,8.949404267027717,27.105962754925937,45.75384217263956,0.5666666666666667,8.5
simulated,SIM000,69,3.5351530974329184,-1.3024829442565558,29.12898043382691,3.739916893015323,1.9699399999999991,79.69776756418922,39.53925368351757,gentle,-4.604476614742111,low_0_20,discharge,0,0,0,1,0,15.0,15.2,8.687311883149015,27.1914572377632,45.75384217263956,0.575,8.625
simulated,SIM000,70,3.487011075336819,0.7728027878829439,27.178569907418698,4.213627749602413,1.969459999999999,0.0,39.53925368351757,gentle,2.6947718803989957,low_0_20,charge,0,0,0,1,0,15.0,15.5,8.406144497099874,27.17874108274186,45.75384217263956,0.5833333333333334,8.75
simulated,SIM000,71,3.5076598589404844,-1.3176083002441688,27.315414450393142,3.122569845423615,1.968979999999999,105.7180620212852,41.15614111263649,gentle,-4.621721744573272,low_0_20,discharge,0,0,0,1,0,15.0,15.8,8.103916916390192,27.149419363604753,45.75384217263956,0.5916666666666667,8.875
simulated,SIM000,72,3.523610203115936,-0.9315767118703766,26.413483851446614,2.246335836509929,1.968499999999999,87.99734862652694,42.21564812541432,gentle,-3.282513206931654,low_0_20,discharge,0,0,0,1,0,15.0,16.1,7.778174593052025,27.151140161707602,45.75384217263956,0.6,9.0
simulated,SIM000,73,3.5030680183610325,-1.6919948674351315,29.562769713655854,1.0427062543631176,1.968019999999999,100.87270967387911,43.84631057006069,gentle,-5.927173107343024,low_0_20,discharge,0,0,0,1,0,15.0,15.0,0.0,26.827318712527926,30.46841030611572,0.6083333333333333,9.125
simulated,SIM000,74,3.4993634282284627,0.5137203086437606,23.86814642241112,1.5152244678008882,1.967539999999999,0.0,43.84631057006069,gentle,1.7976940604062142,low_0_20,charge,0,0,0,1,0,15.0,15.0,0.0,26.827304551348167,30.46841030611572,0.6166666666666667,9.25
simulated,SIM000,75,3.507099411163126,1.3536088170657847,25.37323510172908,2.3975355248146473,1.967059999999999,0.0,43.84631057006069,gentle,4.747240685276629,low_0_20,charge,0,0,0,1,0,15.0,15.0,0.0,26.790935406054697,30.46841030611572,0.625,9.375
simulated,SIM000,76,3.5392987718822075,-3.7239189051724795,46.94598646914851,0.03746689607635956,1.965679999999999,88.8223757053458,45.205042424462896,gentle,-13.180061607665891,low_0_20,discharge,1,0,1,1,0,70.0,16.1,7.7781745930520225,27.16807925611844,46.94598646914851,0.6333333333333333,44.33333333333333
simulated,SIM000,77,3.4960366968662893,-1.2535112326047322,27.569715510576998,0.0,1.965199999999999,54.0435452329358,46.10751840884884,gentle,-4.382321269120239,low_0_20,discharge,0,0,0,1,0,15.0,16.1,7.7781745930520225,27.11010536020767,46.94598646914851,0.6416666666666667,9.625
simulated,SIM000,78,3.5098794016830728,-0.6071079726432003,27.471186888878258,0.0,1.964719999999999,45.081502721642536,46.72204351921209,gentle,-2.130875767777939,low_0_20,discharge,0,0,0,1,0,15.0,16.1,7.7781745930520225,27.115362798429338,46.94598646914851,0.65,9.75
simulated,SIM000,79,3.4847004645151025,0.6292583694565586,25.14106466505451,0.4457933671946267,1.9642399999999989,0.0,46.72204351921209,gentle,2.1927769323452857,low_0_20,charge,0,0,0,1,0,15.0,16.1,7.7781745930520225,27.130189145906847,46.94598646914851,0.6583333333333333,9.875
simulated,SIM000,80,3.4873489403364357,-1.6837916442043845,28.567987425417446,0.0,1.9637599999999988,71.5023461698882,47.728847175381965,gentle,-5.871969006163505,low_0_20,discharge,0,0,0,1,0,15.0,16.1,7.7781745930520225,27.164497143779446,46.94598646914851,0.6666666666666666,10.0
simulated,SIM000,81,3.480473017257253,-1.5979679314123594,27.86217484676501,0.0,1.9632799999999988,20.515018643607036,48.02140449657731,gentle,-5.5616842677231055,low_0_20,discharge,0,0,0,1,0,15.0,16.1,7.7781745930520225,27.22341118464325,46.94598646914851,0.675,10.125
simulated,SIM000,82,3.504251173686757,-1.0043343338052602,26.40705730431136,0.0,1.9627999999999988,107.17027832699175,49.29015997897852,gentle,-3.51943976801099,low_0_20,discharge,0,0,0,1,0,15.0,16.1,7.7781745930520225,27.284463931560754,46.94598646914851,0.6833333333333333,10.25
simulated,SIM000,83,3.485213850247394,-1.7303634240876005,28.556712010397263,0.0,1.9623199999999987,78.24030928014676,50.21993231993931,gentle,-6.030686571591611,low_0_20,discharge,0,0,0,1,0,15.0,16.1,7.7781745930520225,27.327608942802033,46.94598646914851,0.6916666666666667,10.375
simulated,SIM000,84,3.4977709664173813,-0.5972160847065466,27.221278825005875,0.0,1.9618399999999987,64.184226239975,50.86121145494292,gentle,-2.0889250817640224,low_0_20,discharge,0,0,0,1,0,15.0,16.1,7.7781745930520225,27.306916696430736,46.94598646914851,0.7,10.5
simulated,SIM000,85,3.5384840626468548,-0.9045263942737995,26.46966962360311,0.0,1.9613599999999987,53.50523696030993,51.63705784196254,gentle,-3.200652230381265,low_0_20,discharge,0,0,0,1,0,15.0,16.1,7.7781745930520225,27.293853657652694,46.94598646914851,0.7083333333333334,10.625
simulated,SIM000,86,3.513649188236922,-0.4519392636627335,26.523205297402022,0.0,1.9608799999999986,35.631306947892156,52.28518639748177,gentle,-1.5879560269009558,low_0_20,discharge,0,0,0,1,0,15.0,16.1,7.7781745930520225,27.264622997211028,46.94598646914851,0.7166666666666667,10.75
simulated,SIM000,87,3.5243389425446305,-1.6823856409284008,26.095685949943906,0.0,1.9603999999999986,35.41512016924008,52.77548576519091,gentle,-5.929297230701871,low_0_20,discharge,0,0,0,1,0,15.0,16.1,7.7781745930520225,27.256144112267602,46.94598646914851,0.725,10.875
simulated,SIM000,88,3.4822472619674008,1.7731396774022972,26.972117487134604,1.5963378963336416,1.9599199999999986,0.0,52.77548576519091,gentle,6.174510786719909,low_0_20,charge,0,0,0,1,0,15.0,16.1,7.7781745930520225,27.269375559368846,46.94598646914851,0.7333333333333333,11.0
simulated,SIM000,89,3.508469408929651,1.606905231025129,28.440071125542886,2.664807958297546,1.9594399999999985,0.0,52.77548576519091,gentle,5.637777846100699,low_0_20,charge,0,0,0,1,0,15.0,16.1,7.7781745930520225,27.340708454780064,46.94598646914851,0.7416666666666667,11.125
simulated,SIM000,90,3.549375155319817,0.7268015893859446,26.217960150138374,3.1161202768375897,1.9589599999999985,0.0,52.77548576519091,gentle,2.579691504213427,low_0_20,charge,0,0,0,1,0,15.0,16.1,7.7781745930520225,27.29162527401012,46.94598646914851,0.75,11.25
simulated,SIM000,91,3.51253341811941,-0.7213182969485072,25.975291059533685,2.6735450347609926,1.9584799999999984,49.7999145401014,53.625180295847606,gentle,-2.533654623132612,low_0_20,discharge,0,0,0,1,0,15.0,16.1,7.7781745930520225,27.2952534391132,46.94598646914851,0.7583333333333333,11.375
simulated,SIM000,92,3.519998305771048,-1.6771027589227891,28.282023447136446,1.4589673342447238,1.9579999999999984,86.23672877797488,54.57700989328333,gentle,-5.903398870012168,low_0_20,discharge,0,0,0,1,0,15.0,16.1,7.7781745930520225,27.30148274729174,46.94598646914851,0.7666666666666667,11.5
simulated,SIM000,93,3.496606030337807,1.3685440129897024,28.78708365880453,2.5403713826498877,1.9575199999999984,0.0,54.57700989328333,gentle,4.785259248602495,low_0_20,charge,0,0,0,1,0,15.0,16.1,7.7781745930520225,27.33515621865058,46.94598646914851,0.775,11.625
simulated,SIM000,94,3.536906829022285,-0.45464124082835194,26.30325162858943,2.250735954377616,1.9570399999999983,49.83958959899678,55.53669660533578,gentle,-1.6080237094409633,low_0_20,discharge,0,0,0,1,0,15.0,16.1,7.7781745930520225,27.375137519023315,46.94598646914851,0.7833333333333333,11.75
simulated,SIM000,95,3.4757841654913557,-0.9881860837774108,27.097507022102956,1.4348956310484287,1.9565599999999983,86.34831869717048,56.93065457184477,gentle,-3.4347215425524387,low_0_20,discharge,0,0,0,1,0,15.0,16.1,7.7781745930520225,27.37947917306659,46.94598646914851,0.7916666666666666,11.875
simulated,SIM000,96,3.475643496830835,-1.637668760692512,28.081079080955796,0.0,1.9560799999999983,43.94376604675405,57.521050461212326,gentle,-5.691952778063942,low_0_20,discharge,0,0,0,1,0,15.0,16.1,7.7781745930520225,27.41345568333337,46.94598646914851,0.8,12.0
simulated,SIM000,97,3.5021144308939998,-0.8621491484629618,26.982953162652127,0.0,1.9555999999999982,62.409064694691764,58.355982736143595,gentle,-3.019344974415112,low_0_20,discharge,0,0,0,1,0,15.0,16.1,7.7781745930520225,27.403240795748214,46.94598646914851,0.8083333333333333,12.125
simulated,SIM000,98,3.4948136702090102,-1.146749924371384,26.823568222538434,0.0,1.9551199999999982,92.21019069283938,59.34828185916109,gentle,-4.007677312004261,low_0_20,discharge,0,0,0,1,0,15.0,16.1,7.7781745930520225,27.44909611953408,46.94598646914851,0.8166666666666667,12.25
simulated,SIM000,99,3.4970567081795414,0.7847832943193003,24.614705390588142,0.6706135134886775,1.9546399999999982,0.0,59.34828185916109,gentle,2.7444316838665483,low_0_20,charge,0,0,0,1,0,15.0,16.1,7.7781745930520225,27.401231884169693,46.94598646914851,0.825,12.375
simulated,SIM000,100,3.5049905723819412,1.2540617652779473,26.66359180404902,1.4401442210098467,1.9541599999999981,0.0,59.34828185916109,gentle,4.39547466448386,low_0_20,charge,0,0,0,1,0,15.0,16.1,7.7781745930520225,27.376709156347033,46.94598646914851,0.8333333333333334,12.5
simulated,SIM000,101,3.502032611144619,-1.1848467666256233,27.441888249018124,0.6561592023422734,1.953679999999998,83.5923697591185,60.09729885898158,gentle,-4.14937201593219,low_0_20,discharge,0,0,0,1,0,15.0,16.1,7.7781745930520225,27.39263280260697,46.94598646914851,0.8416666666666667,12.625
simulated,SIM000,102,3.4646866440481143,-0.7298923806981059,25.939989402646063,0.041504486225484305,1.953199999999998,109.15707371992983,62.21503497238523,gentle,-2.528848382997209,low_0_20,discharge,0,0,0,1,0,15.0,16.1,7.7781745930520225,27.36580863493475,46.94598646914851,0.85,12.75
simulated,SIM000,103,3.490493337082116,0.7918629151962093,26.84691338070124,0.5179791765786435,1.952719999999998,0.0,62.21503497238523,gentle,2.7639922293747894,low_0_20,charge,0,0,0,1,0,15.0,16.1,7.7781745930520225,27.365525082907766,46.94598646914851,0.8583333333333333,12.875
simulated,SIM000,104,3.5218286321000245,0.40570688774425595,25.505282029024947,0.766411329080307,1.952239999999998,0.0,62.21503497238523,gentle,1.4288301334979112,low_0_20,charge,0,0,0,1,0,15.0,16.1,7.7781745930520225,27.31548442480783,46.94598646914851,0.8666666666666667,13.0
simulated,SIM000,105,3.512218296209677,0.6675258714687442,26.515701183167064,1.423456947991059,1.951759999999998,0.0,62.21503497238523,gentle,2.3444965789658325,low_0_20,charge,0,0,0,1,0,15.0,16.1,7.7781745930520225,27.304426178960142,46.94598646914851,0.875,13.125
simulated,SIM000,106,3.5335623063457127,0.628786506726742,26.132047747799263,1.8071259055148685,1.951279999999998,0.0,62.21503497238523,gentle,2.2218562989084103,low_0_20,charge,0,0,0,1,0,15.0,16.1,7.7781745930520225,27.30216264528945,46.94598646914851,0.8833333333333333,13.25
simulated,SIM000,107,3.5406157900532267,-0.8031786352960804,26.902007890287138,1.218236318176622,1.9507999999999979,27.788552336005623,62.70275647465271,gentle,-2.843746958362704,low_0_20,discharge,0,0,0,1,0,15.0,16.1,7.7781745930520225,27.31096802300122,46.94598646914851,0.8916666666666667,13.375
simulated,SIM000,108,3.503926525454037,1.1754622737987217,28.031022576054326,2.3712387702648092,1.9503199999999978,0.0,62.70275647465271,gentle,4.118733440833857,low_0_20,charge,0,0,0,1,0,15.0,16.1,7.7781745930520225,27.303121030515648,46.94598646914851,0.9,13.5
simulated,SIM000,109,3.4822343304717003,-2.3203373717030322,39.483432359177016,0.859231712692164,1.9493599999999978,93.09295828512987,64.32616807862058,gentle,-8.079958454020773,low_0_20,discharge,1,0,0,1,0,45.0,16.7,8.783681530229211,27.552838986730524,46.94598646914851,0.9083333333333333,40.875
simulated,SIM000,110,3.5103468283876382,1.5991144914136004,28.01754378400819,2.076177616563044,1.9488799999999977,0.0,64.32616807862058,gentle,5.613446483162443,low_0_20,charge,0,0,0,1,0,15.0,16.7,8.783681530229211,27.60919159512751,46.94598646914851,0.9166666666666666,13.75
simulated,SIM000,111,3.499236696162275,1.3686857903702652,28.429448302968712,3.172534013199694,1.9483999999999977,0.0,64.32616807862058,gentle,4.789355543179499,low_0_20,charge,0,0,0,1,0,15.0,16.7,8.783681530229211,27.654989696800893,46.94598646914851,0.925,13.875
simulated,SIM000,112,3.512956240463702,-1.0559963389437423,27.894748916502632,2.4981681928537087,1.9479199999999977,24.129661793775373,64.80598896813022,gentle,-3.709668928799242,low_0_20,discharge,0,0,0,1,0,15.0,16.7,8.783681530229211,27.656730782276824,46.94598646914851,0.9333333333333333,14.0
simulated,SIM000,113,3.475484278911563,-1.7269205977635598,29.483178551873145,0.8066342492130822,1.9474399999999976,31.247091044641678,65.11285566359014,gentle,-6.001885388455811,low_0_20,discharge,0,0,0,1,0,15.0,16.7,8.783681530229211,27.722824177293724,46.94598646914851,0.9416666666666667,14.125
simulated,SIM000,114,3.5247870229508638,-0.6150854045937018,26.973215998963628,0.23638477460707352,1.9469599999999976,21.26188838558895,65.46116390264046,gentle,-2.1680450521183614,low_0_20,discharge,0,0,0,1,0,15.0,16.7,8.783681530229211,27.712843403664536,46.94598646914851,0.95,14.25
simulated,SIM000,115,3.493485048608735,0.9431697447758058,26.436360739007945,1.0513842045490984,1.9464799999999975,0.0,65.46116390264046,gentle,3.294949401674394,low_0_20,charge,0,0,0,1,0,15.0,16.7,8.783681530229211,27.72515762347039,46.94598646914851,0.9583333333333334,14.375
simulated,SIM000,116,3.5115149893750037,1.0555350249919933,28.38992258350597,1.8096116678659635,1.9459999999999975,0.0,65.46116390264046,gentle,3.7065270620697035,low_0_20,charge,0,0,0,1,0,15.0,16.7,8.783681530229211,27.767556368897807,46.94598646914851,0.9666666666666667,14.5
simulated,SIM000,117,3.5374790915224406,-0.9980851888872311,28.639668516140073,0.8675722736479816,1.9455199999999975,46.08540178199054,66.27398449235581,gentle,-3.5307054872468058,low_0_20,discharge,0,0,0,1,0,15.0,16.7,8.783681530229211,27.792193207704287,46.94598646914851,0.975,14.625
simulated,SIM000,118,3.5005045628126323,-0.3814871780786307,26.358877798592992,0.5154970508446628,1.9450399999999974,68.76610121745463,67.1369173385708,gentle,-1.335397607518762,low_0_20,discharge,0,0,0,1,0,15.0,16.7,8.783681530229211,27.76669555893181,46.94598646914851,0.9833333333333333,14.75
simulated,SIM000,119,3.489423925486234,1.3041110105508804,28.006523006457506,1.7999177269785345,1.9445599999999974,0.0,67.1369173385708,gentle,4.550596161706272,low_0_20,charge,0,0,0,1,0,15.0,16.7,8.783681530229211,27.744246410384427,46.94598646914851,0.9916666666666667,14.875
simulated,SIM000,120,3.5020753425391877,-0.6040848039437494,27.244066667217588,1.2274749437419423,1.9440799999999974,99.00863014502355,68.66787786497291,gentle,-2.1155504966940244,low_0_20,discharge,0,0,0,1,0,15.0,16.7,8.783681530229211,27.745556345580404,46.94598646914851,1.0,15.0
simulated,SIM001,1,3.800718204926226,3.2415222520581968,38.293933218357864,74.76570559659724,1.99922,0.0,0.0,normal,12.320112635071046,normal_20_80,charge,0,1,0,0,0,20.0,20.0,0.0,38.293933218357864,38.293933218357864,0.008333333333333333,0.16666666666666666
simulated,SIM001,2,3.836599296019904,-0.9334411843854526,26.249721131475226,74.04537683999018,1.99892,38.50513900916846,0.6151221119987501,normal,-3.581239790889213,normal_20_80,discharge,0,0,0,0,0,0.0,10.0,14.142135623730951,32.271827174916545,38.293933218357864,0.016666666666666666,0.0
simulated,SIM001,3,3.8013942513785564,1.377999039704364,28.735619227507513,75.04270018544534,1.99862,0.0,0.6151221119987501,normal,5.238317627937341,normal_20_80,charge,0,0,0,0,0,0.0,6.666666666666667,11.547005383792515,31.093091192446867,38.293933218357864,0.025,0.0
simulated,SIM001,4,3.794628363774072,-0.44153826171993843,25.079737132405953,74.75360992166783,1.99832,109.16591907875434,1.5265771098124286,normal,-1.675473611613978,normal_20_80,discharge,0,0,0,0,0,0.0,5.0,10.0,29.58975267743664,38.293933218357864,0.03333333333333333,0.0
simulated,SIM001,5,3.832187503978452,0.42958615572920195,24.9320327552903,75.09246084199809,1.9980200000000001,0.0,1.5265771098124286,normal,1.646254697867589,normal_20_80,charge,0,0,0,0,0,0.0,4.0,8.944271909999157,28.658208693007374,38.293933218357864,0.041666666666666664,0.0
simulated,SIM001,6,3.801268474926524,-1.1431498523902994,28.960567217945684,74.34358698246466,1.9977200000000002,68.77201792919254,2.596276833264132,normal,-4.345419496008155,normal_20_80,discharge,0,0,0,0,0,0.0,3.3333333333333335,8.164965809277259,28.70860178049709,38.293933218357864,0.05,0.0
simulated,SIM001,7,3.836344777724428,1.145326199328356,27.51181216306941,75.38191591205769,1.9974200000000002,0.0,2.596276833264132,normal,4.393866183584306,normal_20_80,charge,0,0,0,0,0,0.0,2.857142857142857,7.5592894601845435,28.53763183515028,38.293933218357864,0.058333333333333334,0.0
simulated,SIM001,8,3.846973116625752,-0.9223627885821519,27.165528740997747,74.54096995557187,1.9971200000000002,35.81141111870945,3.157639645047338,normal,-3.5483048514515003,normal_20_80,discharge,0,0,0,0,0,0.0,2.5,7.071067811865475,28.366118948381214,38.293933218357864,0.06666666666666667,0.0
simulated,SIM001,9,3.812642642877714,-0.7270194447377238,27.272886145405145,73.83739786705274,1.9968200000000003,48.46428206566303,3.949703778399405,normal,-2.7718653372083235,normal_20_80,discharge,0,0,0,0,0,0.0,2.2222222222222223,6.666666666666666,28.244648636939427,38.293933218357864,0.075,0.0
simulated,SIM001,10,3.5228229058194014,-3.2888849719309943,43.395665034198984,11.46140064458534,1.9954400000000003,24.45247457768571,4.306385319960309,normal,-11.586159313723705,low_0_20,discharge,1,0,1,1,0,70.0,9.0,22.335820757001272,29.759750276665386,43.395665034198984,0.08333333333333333,5.833333333333333
simulated,SIM001,11,3.5210824808474768,-0.7932871246440338,24.54668086752858,10.804657290579371,1.9949600000000003,20.53092526250369,4.5623230617108845,normal,-2.7932293968659763,low_0_20,discharge,0,0,0,1,0,15.0,9.545454545454545,21.266704664162884,29.285834875834766,43.395665034198984,0.09166666666666666,1.375
simulated,SIM001,12,3.504631598145181,1.4672414194079328,29.650658164107092,11.854780384481197,1.9944800000000003,0.0,4.5623230617108845,normal,5.142140640564428,low_0_20,charge,0,0,0,1,0,15.0,10.0,20.338052110179177,29.316236816524125,43.395665034198984,0.1,1.5
simulated,SIM001,13,3.5321351259634093,-0.5211950094931468,26.5184687682751,11.435023673864672,1.9940000000000002,46.72722112896243,5.244156551382938,normal,-1.8409312005075764,low_0_20,discharge,0,0,0,1,0,15.0,10.384615384615385,19.52152001227731,29.10102388973574,43.395665034198984,0.10833333333333334,1.625
simulated,SIM001,14,3.5379850681533203,-0.9896961444407881,27.28165980494203,10.53655120512718,1.9935200000000002,28.75345958622952,5.775580709570848,normal,-3.5015301810404202,low_0_20,discharge,0,0,0,1,0,15.0,10.714285714285714,18.79618853110128,28.971069312250474,43.395665034198984,0.11666666666666667,1.75
simulated,SIM001,15,3.5218316957197913,1.3732861615585847,26.983811394744343,11.468727364093215,1.9930400000000001,0.0,5.775580709570848,normal,4.836482731070394,low_0_20,charge,0,0,0,1,0,15.0,11.0,18.14623140725683,28.8385854510834,43.395665034198984,0.125,1.875
simulated,SIM001,16,3.542463803619616,-0.31907758737767417,25.713255665161594,11.252592058262035,1.99256,52.58022648524035,6.712354340441905,normal,-1.1303208038316859,low_0_20,discharge,0,0,0,1,0,15.0,11.25,17.55942292142123,28.643252339463285,43.395665034198984,0.13333333333333333,2.0
simulated,SIM001,17,3.536579631832898,0.430674631011282,25.27637689442267,11.590638353424502,1.99208,0.0,6.712354340441905,normal,1.523115127981649,low_0_20,charge,0,0,0,1,0,15.0,11.470588235294118,17.026147711163347,28.44520084269619,43.395665034198984,0.14166666666666666,2.125
simulated,SIM001,18,3.535661831591076,1.1736374148284494,25.60445305305157,12.570450361398446,1.9916,0.0,6.712354340441905,normal,4.149585011736171,low_0_20,charge,0,0,0,1,0,15.0,11.666666666666666,16.538724611187703,28.287381521049266,43.395665034198984,0.15,2.25
simulated,SIM001,19,3.546078001104568,-1.359215923131038,28.666970958432596,11.498906812971711,1.99112,93.31094434297115,8.00225433113006,normal,-4.819885683766011,low_0_20,discharge,0,0,0,1,0,15.0,11.842105263157896,16.090933119461116,28.307359912490494,43.395665034198984,0.15833333333333333,2.375
simulated,SIM001,20,3.5431420616429636,-1.2141072415865926,25.84248065941626,10.523269993293926,1.99064,27.832860703387944,8.48754213493453,normal,-4.301754435010771,low_0_20,discharge,0,0,0,1,0,15.0,12.0,15.67767437103509,28.184115949836787,43.395665034198984,0.16666666666666666,2.5
simulated,SIM001,21,3.5302308157017754,1.6285116759170117,26.168965120898978,11.812953898726693,1.99016,0.0,8.48754213493453,normal,5.749022102052377,low_0_20,charge,0,0,0,1,0,15.0,12.142857142857142,15.294723646688468,28.088156386554033,43.395665034198984,0.175,2.625
simulated,SIM001,22,3.5518213296492664,-1.6730471726525058,27.406385012427844,10.273128239433582,1.98968,34.490800861167585,8.961032840734406,normal,-5.942364633336569,low_0_20,discharge,0,0,0,1,0,15.0,12.272727272727273,14.938546554473534,28.057166778639203,43.395665034198984,0.18333333333333332,2.75
simulated,SIM001,23,3.5155327887542813,-0.8982738684987528,25.36174702842133,9.640126199760022,1.9891999999999999,70.0340129607714,9.790309835838247,normal,-3.157911237988517,low_0_20,discharge,0,0,0,1,0,15.0,12.391304347826088,14.606160376656712,27.93997461558625,43.395665034198984,0.19166666666666668,2.875
simulated,SIM001,24,3.525137498076242,-2.727655350198189,39.091616490403666,7.0213926588374935,1.9882399999999998,104.27479889242409,10.945001208831867,normal,-9.61536015681192,low_0_20,discharge,1,0,0,1,0,45.0,13.75,15.759745087322678,28.40462636037031,43.395665034198984,0.2,9.0
simulated,SIM001,25,3.509967944984153,-3.850714359029782,42.53613460090628,3.2203987756327606,1.9868599999999998,97.6695885988265,12.71286229497852,normal,-13.515883965484734,low_0_20,discharge,1,0,1,1,0,70.0,16.0,19.094065395649334,28.96988668999175,43.395665034198984,0.20833333333333334,14.583333333333334
simulated,SIM001,26,3.4743646929877205,-1.1396782876931553,27.27054690381955,2.2987454864229884,1.9863799999999998,105.30919524975674,13.914280255502398,normal,-3.9596580041258003,low_0_20,discharge,0,0,0,1,0,15.0,15.961538461538462,18.709314833484992,28.904527467446663,43.395665034198984,0.21666666666666667,3.25
simulated,SIM001,27,3.4970952154290034,1.6734601722317672,27.33592732993496,3.427199792332515,1.9858999999999998,0.0,13.914280255502398,normal,5.852249561522709,low_0_20,charge,0,0,0,1,0,15.0,15.925925925925926,18.346925808147986,28.846431166057343,43.395665034198984,0.225,3.375
simulated,SIM001,28,3.495564713295896,-0.36399240742176997,24.232203368943857,3.195430539118137,1.9854199999999997,64.98532145415132,14.473357516108235,normal,-1.2723590152911624,low_0_20,discharge,0,0,0,1,0,15.0,15.892857142857142,18.00481270169952,28.68163731616043,43.395665034198984,0.23333333333333334,3.5
simulated,SIM001,29,3.540501726266875,0.6549823226216551,26.71681290002956,3.8235571963242543,1.9849399999999997,0.0,14.473357516108235,normal,2.3189660439162574,low_0_20,charge,0,0,0,1,0,15.0,15.862068965517242,17.68115247118693,28.613884750086953,43.395665034198984,0.24166666666666667,3.625
simulated,SIM001,30,3.542540388088355,0.9150328546737525,28.212356037470215,4.572705992522904,1.9844599999999997,0.0,14.473357516108235,normal,3.2415408441095503,low_0_20,charge,0,0,0,1,0,15.0,15.833333333333334,17.374343616147176,28.6005004596664,43.395665034198984,0.25,3.75
simulated,SIM001,31,3.5160128630463507,1.361107660049518,27.378742674628832,5.918847086626116,1.9839799999999996,0.0,14.473357516108235,normal,4.785672040725025,low_0_20,charge,0,0,0,1,0,15.0,15.806451612903226,17.082972721082456,28.561088918213574,43.395665034198984,0.25833333333333336,3.8750000000000004
simulated,SIM001,32,3.5256299987499116,-1.221639344985492,28.768490790237294,4.7023206326143505,1.9834999999999996,81.86618983373955,15.513766190124755,normal,-4.307048322334043,low_0_20,discharge,0,0,0,1,0,15.0,15.78125,16.805786973731745,28.567570226714313,43.395665034198984,0.26666666666666666,4.0
simulated,SIM001,33,3.5573581364995754,-0.7217732384226709,25.15949535505498,4.199360070341366,1.9830199999999996,33.361999016163374,15.956903462759357,normal,-2.5676059024105364,low_0_20,discharge,0,0,0,1,0,15.0,15.757575757575758,16.541671437294177,28.464295230603426,43.395665034198984,0.275,4.125
simulated,SIM001,34,3.5154508484987623,-1.653436247738263,27.63237555473067,2.9697577820662815,1.9825399999999995,69.92441564259501,16.88848571457034,normal,-5.812573860050086,low_0_20,discharge,0,0,0,1,0,15.0,15.735294117647058,16.28963013425638,28.43982700484246,43.395665034198984,0.2833333333333333,4.25
simulated,SIM001,35,3.5042406594147453,-1.4938057674279965,28.246048026941057,1.6939748720477672,1.9820599999999995,98.32852962750198,18.060056854726028,normal,-5.234654907489432,low_0_20,discharge,0,0,0,1,0,15.0,15.714285714285714,16.048770208651007,28.434290462616705,43.395665034198984,0.2916666666666667,4.375
simulated,SIM001,36,3.518404889716485,0.39173912404892963,25.366858494242678,2.052956474704393,1.9815799999999995,0.0,18.060056854726028,normal,1.3782968495470067,low_0_20,charge,0,0,0,1,0,15.0,15.694444444444445,15.818288591635127,28.34908401905076,43.395665034198984,0.3,4.5
simulated,SIM001,37,3.4827984318440706,1.2937644429537352,27.903964216978906,3.1274012189709683,1.9810999999999994,0.0,18.060056854726028,normal,4.5059207730948865,low_0_20,charge,0,0,0,1,0,15.0,15.675675675675675,15.597460715795403,28.3370537541299,43.395665034198984,0.30833333333333335,4.625
simulated,SIM001,38,3.5062325393845493,-1.4180698945353845,29.013317796499685,2.0699861522043292,1.9806199999999994,27.901033412704066,18.46488665199152,normal,-4.972082807341581,low_0_20,discharge,0,0,0,1,0,15.0,15.657894736842104,15.385630916258291,28.354850176297525,43.395665034198984,0.31666666666666665,4.75
simulated,SIM001,39,3.516797115504164,-2.670453040408903,45.55430762586376,0.0,1.9792399999999994,48.98705196914115,19.143818032527637,normal,-9.391441549599355,low_0_20,discharge,1,0,1,1,0,70.0,17.05128205128205,17.498795023099703,28.795861905773588,45.55430762586376,0.325,22.75
simulated,SIM001,40,3.4848787175705955,-0.8180809885487952,23.65590696011127,0.0,1.9787599999999994,61.357967036858476,20.04906787781288,normal,-2.8509130262428104,low_0_20,discharge,0,0,0,1,0,15.0,17.0,17.27603943215975,28.667363032132027,45.55430762586376,0.3333333333333333,5.0
simulated,SIM001,41,3.5410639671067377,1.285351656538365,28.8149562786719,1.2306068007437665,1.9782799999999994,0.0,20.04906787781288,normal,4.551512436028959,low_0_20,charge,0,0,0,1,0,15.0,16.951219512195124,17.061581432434973,28.670962867413486,45.55430762586376,0.3416666666666667,5.125
simulated,SIM001,42,3.4753085020106056,-2.4204222693869406,45.76660170549886,0.0,1.9768999999999994,30.6085525452092,20.411013125988326,normal,-8.41171409125624,low_0_20,discharge,1,0,1,1,0,70.0,18.214285714285715,18.735040489955683,29.0780018873679,45.76660170549886,0.35,24.5
simulated,SIM001,43,3.4778302108695316,1.169870630428503,26.330455586535614,0.9044097871851104,1.9764199999999994,0.0,20.411013125988326,normal,4.068611421313232,low_0_20,charge,0,0,0,1,0,15.0,18.13953488372093,18.51714957410953,29.014105461767148,45.76660170549886,0.35833333333333334,5.375
simulated,SIM001,44,3.4839367843747797,3.265356345992994,47.26453096598082,4.159880739041138,1.9750399999999995,0.0,20.411013125988326,normal,11.376295087896612,low_0_20,charge,0,1,1,1,0,60.0,19.09090909090909,19.35809209056751,29.428887859590187,47.26453096598082,0.36666666666666664,22.0
simulated,SIM001,45,3.5152112337334147,0.8556369328367033,27.988729965958022,4.886677458298331,1.9745599999999994,0.0,20.411013125988326,normal,3.0077445583047826,low_0_20,charge,0,0,0,1,0,15.0,19.0,19.146563897757456,29.396884350842807,47.26453096598082,0.375,5.625
simulated,SIM001,46,3.5200687173799645,-2.998426418227794,41.310651505765115,2.1308454823653555,1.9731799999999995,79.36815176240628,21.68702375117214,normal,-10.554667036169311,low_0_20,discharge,1,0,1,1,0,70.0,20.108695652173914,20.371252359767038,29.655879288993287,47.26453096598082,0.38333333333333336,26.833333333333336
simulated,SIM001,47,3.499820932598684,0.994173654471203,27.70227287112985,2.8206116604909246,1.9726999999999995,0.0,21.68702375117214,normal,3.4794297665564478,low_0_20,charge,0,0,0,1,0,15.0,20.0,20.16238426204686,29.614313194996196,47.26453096598082,0.39166666666666666,5.875
simulated,SIM001,48,3.5338085101022365,-0.5805778972831405,27.23275232328897,2.281137172887096,1.9722199999999994,85.52849351535654,23.13779218674535,normal,-2.051651114196424,low_0_20,discharge,0,0,0,1,0,15.0,19.895833333333332,19.95978892069917,29.564697343502292,47.26453096598082,0.4,6.0
simulated,SIM001,49,3.5431279609854385,-0.8067657277681379,27.215719254306883,1.6916046039268806,1.9717399999999994,33.99211562590946,23.610229020462153,normal,-2.858474208020056,low_0_20,discharge,0,0,0,1,0,15.0,19.79591836734694,19.76315974213631,29.51675901515137,47.26453096598082,0.4083333333333333,6.125
simulated,SIM001,50,3.4678446082791146,-1.7760690708401226,26.158958860215535,0.47121401679624153,1.9712599999999993,65.71058858478175,24.20886721392336,normal,-6.159131551244216,low_0_20,discharge,0,0,0,1,0,15.0,19.7,19.572210620454417,29.449603012052652,47.26453096598082,0.4166666666666667,6.25
simulated,SIM001,51,3.484405737106193,-1.0634192766994721,28.341832355723092,0.0,1.9707799999999993,59.69410797174025,24.939538159928794,normal,-3.705384228680959,low_0_20,discharge,0,0,0,1,0,15.0,19.6,19.583416557935767,29.250560994799958,47.26453096598082,0.425,6.375
simulated,SIM001,52,3.5045175899182768,-0.8027446423380862,26.227311855992536,0.0,1.9702999999999993,104.57904060421791,25.950084168180208,normal,-2.813232719286479,low_0_20,discharge,0,0,0,1,0,15.0,19.9,19.390982545545047,29.250112809290304,47.26453096598082,0.43333333333333335,6.5
simulated,SIM001,53,3.486852661660541,0.4593047157319885,26.332363307020586,0.2946302608218462,1.9698199999999992,0.0,25.950084168180208,normal,1.6015278705633222,low_0_20,charge,0,0,0,1,0,15.0,20.2,19.19183499856762,29.20204769088057,47.26453096598082,0.44166666666666665,6.625
simulated,SIM001,54,3.488410127260457,-1.3813322371194803,27.733426201189825,0.0,1.9693399999999992,69.82105874493428,26.64218166283627,normal,-4.818653365078938,low_0_20,discharge,0,0,0,1,0,15.0,20.5,18.985762657145735,29.255121472256242,47.26453096598082,0.45,6.75
simulated,SIM001,55,3.5060355083507706,1.2782110988400488,25.97461000962169,1.0027049860860213,1.9688599999999992,0.0,26.64218166283627,normal,4.481453499701267,low_0_20,charge,0,0,0,1,0,15.0,20.8,18.772537475400235,29.275973017342867,47.26453096598082,0.4583333333333333,6.875
simulated,SIM001,56,3.5298557214585022,-1.1033715176387369,27.185988281704855,0.13889841644483325,1.9683799999999991,80.83837200698133,28.249292318990978,normal,-3.894742264431446,low_0_20,discharge,0,0,0,1,0,15.0,21.1,18.551912822880425,29.240481438618055,47.26453096598082,0.4666666666666667,7.0
simulated,SIM001,57,3.4815758679765594,0.5927633090285668,28.036059566542583,0.5533856297402994,1.967899999999999,0.0,28.249292318990978,normal,2.06375043213579,low_0_20,charge,0,0,0,1,0,15.0,21.4,18.323621422655958,29.250966386687516,47.26453096598082,0.475,7.125
simulated,SIM001,58,3.509420619900512,0.8866582406122672,27.05810074464489,1.2416741253500425,1.967419999999999,0.0,28.249292318990978,normal,3.1116567124094,low_0_20,charge,0,0,0,1,0,15.0,21.7,18.087372977425158,29.248817826760458,47.26453096598082,0.48333333333333334,7.25
simulated,SIM001,59,3.5413658607397243,2.822733830696153,45.0541072917342,3.6988353802741667,1.9660399999999991,0.0,28.249292318990978,normal,9.996333221982422,low_0_20,charge,0,1,1,1,0,60.0,22.9,18.60134952312957,29.60444224968704,47.26453096598082,0.49166666666666664,29.5
simulated,SIM001,60,3.510766245016832,1.4333864883824103,27.61501339487217,5.128390596497699,1.965559999999999,0.0,28.249292318990978,normal,5.032284899476178,low_0_20,charge,0,0,0,1,0,15.0,21.8,17.342880677790575,29.288829216900503,47.26453096598082,0.5,7.5
simulated,SIM001,61,3.533844887198521,-1.192368315843959,30.474279568774826,4.246599627506235,1.965079999999999,51.96064955970097,29.059944524337336,normal,-4.213644676602686,low_0_20,discharge,0,0,0,1,0,15.0,21.8,17.342880677790575,29.40738119092543,47.26453096598082,0.5083333333333333,7.625
simulated,SIM001,62,3.520319748170068,3.3065442286430886,40.926604773114796,7.056612899543763,1.9636999999999991,0.0,29.059944524337336,normal,11.640092946290029,low_0_20,charge,0,1,1,1,0,60.0,22.7,18.132449208138276,29.632900123105582,47.26453096598082,0.5166666666666667,31.000000000000004
simulated,SIM001,63,3.5414517584061813,0.9021599991479892,28.61828012625549,7.828007553612578,1.963219999999999,0.0,29.059944524337336,normal,3.1949561153463653,low_0_20,charge,0,0,0,1,0,15.0,22.7,18.132449208138276,29.674896350265193,47.26453096598082,0.525,7.875
simulated,SIM001,64,3.560790989191193,-1.3760152093761884,28.32701562038481,6.7080262057384346,1.962739999999999,27.262384359295375,29.355477386754966,normal,-4.899702558536764,low_0_20,discharge,0,0,0,1,0,15.0,22.7,18.132449208138276,29.69580346657405,47.26453096598082,0.5333333333333333,8.0
simulated,SIM001,65,3.5161352573331235,0.8438297564412487,25.39576385193656,7.490049539887942,1.962259999999999,0.0,29.355477386754966,normal,2.967019557809897,low_0_20,charge,0,0,0,1,0,15.0,22.7,18.132449208138276,29.664042515717888,47.26453096598082,0.5416666666666666,8.125
simulated,SIM001,66,3.5203390027183064,-0.7009759114887328,27.372658613228012,6.917402637610058,1.961779999999999,39.9407104399957,30.08640551016827,normal,-2.4676728411798017,low_0_20,discharge,0,0,0,1,0,15.0,22.7,18.132449208138276,29.69723057467922,47.26453096598082,0.55,8.25
simulated,SIM001,67,3.4946533618430573,1.2853134165700992,30.942362984218885,8.1297902115248,1.961299999999999,0.0,30.08640551016827,normal,4.491724852238684,low_0_20,charge,0,0,0,1,0,15.0,22.7,18.132449208138276,29.810550296475142,47.26453096598082,0.5583333333333333,8.375
simulated,SIM001,68,3.521728762464672,-0.6957265850398714,26.420133290392716,7.5785057813007635,1.960819999999999,50.18546658632836,30.949884696293193,normal,-2.4501603253462387,low_0_20,discharge,0,0,0,1,0,15.0,22.7,18.132449208138276,29.826863901221962,47.26453096598082,0.5666666666666667,8.5
simulated,SIM001,69,3.4704346691176773,-1.7344822526544137,28.668562393336963,5.884477136028615,1.9603399999999989,107.03365182780004,32.74345457736054,normal,-6.019407342581204,low_0_20,discharge,0,0,0,1,0,15.0,22.7,18.132449208138276,29.826895729920054,47.26453096598082,0.575,8.625
simulated,SIM001,70,3.498581819792888,-2.6969531318000137,39.693562741589794,4.180778306254059,1.9593799999999988,49.08529879302197,33.562581582773575,normal,-9.43551119574902,low_0_20,discharge,1,0,0,1,0,45.0,23.3,18.36728458039301,30.103917371563526,47.26453096598082,0.5833333333333334,26.25
simulated,SIM001,71,3.5144619578310277,-0.6339262962766736,28.03884292764724,3.5785236069325124,1.9588999999999988,88.464933488432,34.81481969248231,normal,-2.2279098523330907,low_0_20,discharge,0,0,0,1,0,15.0,23.3,18.36728458039301,30.14131492769849,47.26453096598082,0.5916666666666667,8.875
simulated,SIM001,72,3.4958587439238196,-3.0076910957147907,45.16809713408398,1.428529955016618,1.9575199999999988,49.913993311073185,35.439844101127264,normal,-10.514463215976365,low_0_20,discharge,1,0,1,1,0,70.0,24.4,19.473687113536524,30.496549170131612,47.26453096598082,0.6,42.0
simulated,SIM001,73,3.5091643125277474,-1.370014090819869,28.724278154725603,0.19434566245294405,1.9570399999999988,96.41535501223406,37.14976653724197,normal,-4.807604555165232,low_0_20,discharge,0,0,0,1,0,15.0,24.4,19.473687113536524,30.563799792657697,47.26453096598082,0.6083333333333333,9.125
simulated,SIM001,74,3.4935448061330607,0.6867536279950595,26.01165380959014,0.6393982083880823,1.9565599999999987,0.0,37.14976653724197,normal,2.399204570175176,low_0_20,charge,0,0,0,1,0,15.0,23.8,19.28730152198591,30.302200539041422,47.26453096598082,0.6166666666666667,9.25
simulated,SIM001,75,3.5277008744350753,-0.49329298241097846,25.60528569402412,0.21692500648519075,1.9560799999999987,95.44639132482583,37.95453573563163,normal,-1.740190085403895,low_0_20,discharge,0,0,0,1,0,15.0,22.7,18.132449208138276,29.963583560903782,47.26453096598082,0.625,9.375
simulated,SIM001,76,3.482976576949318,-0.8159276142890721,24.16026197520832,0.0,1.9555999999999987,67.81921000683397,39.0556196354274,normal,-2.8418567690549756,low_0_20,discharge,0,0,0,1,0,15.0,22.7,18.132449208138276,29.90137786233156,47.26453096598082,0.6333333333333333,9.5
simulated,SIM001,77,3.508224641233786,1.7192255022110299,27.134888460153647,1.4282389186391269,1.9551199999999986,0.0,39.0556196354274,normal,6.031429270694265,low_0_20,charge,0,0,0,1,0,15.0,22.7,18.132449208138276,29.897357084935933,47.26453096598082,0.6416666666666667,9.625
simulated,SIM001,78,3.5064621478604745,0.6974464332656292,25.937843456540357,1.948140020514273,1.9546399999999986,0.0,39.0556196354274,normal,2.445569518406225,low_0_20,charge,0,0,0,1,0,15.0,22.7,18.132449208138276,29.931469886687864,47.26453096598082,0.65,9.75
simulated,SIM001,79,3.5026898768113863,1.7655450544006432,29.734588047016544,3.214897748809928,1.9541599999999986,0.0,39.0556196354274,normal,6.184156789103541,low_0_20,charge,0,0,0,1,0,15.0,22.7,18.132449208138276,29.991825389627603,47.26453096598082,0.6583333333333333,9.875
simulated,SIM001,80,3.5077687196542016,-0.5796490753004641,25.68981105965337,2.770191683841685,1.9536799999999985,53.62766722735533,39.59225045993033,normal,-2.0332748947154506,low_0_20,discharge,0,0,0,1,0,15.0,22.7,18.132449208138276,29.941374490071265,47.26453096598082,0.6666666666666666,10.0
simulated,SIM001,81,3.5252695185485283,0.6443961197160474,26.696213047662045,3.2894721448948094,1.9531999999999985,0.0,39.59225045993033,normal,2.27166999870593,low_0_20,charge,0,0,0,1,0,15.0,22.7,18.132449208138276,29.927723897531926,47.26453096598082,0.675,10.125
simulated,SIM001,82,3.5074278671198345,0.7028833993560116,27.632759984804665,3.7927184283694886,1.9527199999999985,0.0,39.59225045993033,normal,2.4653128222371947,low_0_20,charge,0,0,0,1,0,15.0,22.7,18.132449208138276,29.905009281423276,47.26453096598082,0.6833333333333333,10.25
simulated,SIM001,83,3.505653244538778,-0.5301260285985493,26.02655049018153,3.296585179238115,1.9522399999999984,37.68106688273616,40.21215492525028,normal,-1.8584380321709613,low_0_20,discharge,0,0,0,1,0,15.0,22.7,18.132449208138276,29.92235038412581,47.26453096598082,0.6916666666666667,10.375
simulated,SIM001,84,3.5271086770213205,-0.6824196211032272,25.89776283647565,2.861794878014577,1.9517599999999984,72.7527134168101,41.2298382339843,normal,-2.4069681669627943,low_0_20,discharge,0,0,0,1,0,15.0,22.7,18.132449208138276,29.88765812976071,47.26453096598082,0.7,10.5
simulated,SIM001,85,3.518360247069256,-0.9818821927737447,24.597761693330433,2.113314735556277,1.9512799999999983,34.481381644238574,41.627881867103135,normal,-3.4546152743603353,low_0_20,discharge,0,0,0,1,0,15.0,22.7,18.132449208138276,29.814692403088497,47.26453096598082,0.7083333333333334,10.625
simulated,SIM001,86,3.5286176735562864,2.8843378236018378,41.741123939189904,4.204507493774424,1.9498999999999984,0.0,41.627881867103135,normal,10.177725420868319,low_0_20,charge,0,1,1,1,0,60.0,23.6,18.845234335047607,30.142177711987443,47.26453096598082,0.7166666666666667,43.0
simulated,SIM001,87,3.4981966930905877,-0.9449886008019026,26.832085510171652,3.466797591648763,1.9494199999999984,57.41419948637169,42.25181370775521,normal,-3.305755998333517,low_0_20,discharge,0,0,0,1,0,15.0,23.6,18.845234335047607,30.120740137851293,47.26453096598082,0.725,10.875
simulated,SIM001,88,3.5398518480724777,-0.7179709128058887,26.04283184746206,2.766932578484671,1.9489399999999983,56.85094450307158,43.113392216661204,normal,-2.5415106625582085,low_0_20,discharge,0,0,0,1,0,15.0,23.6,18.845234335047607,30.061330418870543,47.26453096598082,0.7333333333333333,11.0
simulated,SIM001,89,3.5100128681165375,-1.717491014884605,27.979561498343912,1.1154099478837232,1.9484599999999983,94.48338283425933,44.1337758427368,normal,-6.028415563119495,low_0_20,discharge,0,0,0,1,0,15.0,22.5,17.648784429436912,29.709835496320142,47.26453096598082,0.7416666666666667,11.125
simulated,SIM001,90,3.520037613447432,0.7882208943313294,23.81504954803874,1.6524381804155122,1.9479799999999983,0.0,44.1337758427368,normal,2.774567195751453,low_0_20,charge,0,0,0,1,0,15.0,22.5,17.648784429436912,29.713018348078695,47.26453096598082,0.75,11.25
simulated,SIM001,91,3.548255515853874,-0.8550010972063602,26.388425634171213,0.8516222393556777,1.9474999999999982,91.7171872653816,45.22679644674761,normal,-3.033762359223582,low_0_20,discharge,0,0,0,1,0,15.0,22.5,17.648784429436912,29.664487735188683,47.26453096598082,0.7583333333333333,11.375
simulated,SIM001,92,3.523439546059815,-1.7142996800597257,26.985072408682864,0.0,1.9470199999999982,27.766273021198487,45.738076861621394,normal,-6.040231286520125,low_0_20,discharge,0,0,0,1,0,15.0,21.4,16.289473250400402,29.288857149252358,47.26453096598082,0.7666666666666667,11.5
simulated,SIM001,93,3.4865617347511377,-0.8131720741409176,28.005450363050322,0.0,1.9465399999999982,23.88882564815226,46.02737543869664,normal,-2.8351746374679387,low_0_20,discharge,0,0,0,1,0,15.0,21.4,16.289473250400402,29.322357044782656,47.26453096598082,0.775,11.625
simulated,SIM001,94,3.478415015126995,0.7425947384025069,26.671112915436698,0.6894796357169112,1.9460599999999981,0.0,46.02737543869664,normal,2.583052688213583,low_0_20,charge,0,0,0,1,0,15.0,20.5,15.328045524196384,28.910488683771774,45.16809713408398,0.7833333333333333,11.75
simulated,SIM001,95,3.5021936902698707,-3.1998968519704114,40.787449640980604,0.0,1.9446799999999982,54.573914962895756,46.6216642188866,normal,-11.206658564485197,low_0_20,discharge,1,0,1,1,0,70.0,21.6,16.82563641638338,29.166463077272223,45.16809713408398,0.7916666666666666,55.416666666666664
simulated,SIM001,96,3.480983363454283,-1.0354132658022492,26.35709663210507,0.0,1.9441999999999982,51.46437916858589,47.6294329126608,normal,-3.604256352557497,low_0_20,discharge,0,0,0,1,0,15.0,20.5,15.328045524196384,28.867391979799027,45.16809713408398,0.8,12.0
simulated,SIM001,97,3.476868223160488,-0.4711211842644203,24.84052231984934,0.0,1.9437199999999981,92.60189373902139,49.30083465273916,normal,-1.6380262748266998,low_0_20,discharge,0,0,0,1,0,15.0,20.5,15.328045524196384,28.810156968773413,45.16809713408398,0.8083333333333333,12.125
simulated,SIM001,98,3.4692713242751863,-0.6211112808665763,26.34053511779975,0.0,1.943239999999998,59.504271902984186,50.290757505818576,normal,-2.154803555894244,low_0_20,discharge,0,0,0,1,0,15.0,20.5,15.328045524196384,28.792312624663634,45.16809713408398,0.8166666666666667,12.25
simulated,SIM001,99,3.5260941523641702,1.5486179788398975,28.007717504387042,1.4830896691295261,1.942759999999998,0.0,50.290757505818576,normal,5.460572799433383,low_0_20,charge,0,0,0,1,0,15.0,20.5,15.328045524196384,28.808152589665234,45.16809713408398,0.825,12.375
simulated,SIM001,100,3.513633420882088,1.5079590094078805,28.285647239427554,2.859560357008422,1.942279999999998,0.0,50.290757505818576,normal,5.298415172775775,low_0_20,charge,0,0,0,1,0,15.0,20.5,15.328045524196384,28.85068635724947,45.16809713408398,0.8333333333333334,12.5
simulated,SIM001,101,3.532967268838455,-0.7968759991735335,27.411859911704756,2.211928410512879,1.941799999999998,74.54358893492012,51.36730938947649,normal,-2.8153368224030335,low_0_20,discharge,0,0,0,1,0,15.0,20.5,15.328045524196384,28.832086908369106,45.16809713408398,0.8416666666666667,12.625
simulated,SIM001,102,3.5067812657188564,-3.1566799227516382,45.453429955865666,0.15919690283547938,1.940419999999998,58.96685795750866,52.34369960523426,normal,-11.069786014976291,low_0_20,discharge,1,0,1,1,0,70.0,21.6,16.82563641638338,29.216609270366565,45.453429955865666,0.85,59.5
simulated,SIM001,103,3.501283973957039,-0.7052056364395416,25.383226241466943,0.0,1.939939999999998,98.58058650980097,53.55235804750013,normal,-2.469125193209941,low_0_20,discharge,0,0,0,1,0,15.0,21.6,16.82563641638338,29.19762652905549,45.453429955865666,0.8583333333333333,12.875
simulated,SIM001,104,3.507868971809216,0.462605707200635,26.911944788479854,0.4192236997810979,1.939459999999998,0.0,53.55235804750013,normal,1.6227602064709667,low_0_20,charge,0,0,0,1,0,15.0,21.6,16.82563641638338,29.181196900801297,45.453429955865666,0.8666666666666667,13.0
simulated,SIM001,105,3.504518124790581,-1.0047269540759434,27.641726293034367,0.0,1.938979999999998,58.041246353728184,54.40465999794578,normal,-3.5210838210247775,low_0_20,discharge,0,0,0,1,0,15.0,21.6,16.82563641638338,29.21453922646955,45.453429955865666,0.875,13.125
simulated,SIM001,106,3.525281815879553,1.7430113796618152,27.935900090971003,1.3935429944440085,1.938499999999998,0.0,54.40465999794578,normal,6.144606321592929,low_0_20,charge,0,0,0,1,0,15.0,21.6,16.82563641638338,29.22953746265487,45.453429955865666,0.8833333333333333,13.25
simulated,SIM001,107,3.508303382897068,-0.4333660401075668,28.083222164722905,1.0420660632354015,1.9380199999999979,86.86010763873253,56.055159920143744,normal,-1.5203795445420831,low_0_20,discharge,0,0,0,1,0,15.0,21.6,16.82563641638338,29.23048071461848,45.453429955865666,0.8916666666666667,13.375
simulated,SIM001,108,3.4795657057893603,-1.6575374826293112,27.898556994356763,0.0,1.9375399999999978,86.34759414036729,57.70313985997712,normal,-5.767510580617379,low_0_20,discharge,0,0,0,1,0,15.0,21.6,16.82563641638338,29.24728983961272,45.453429955865666,0.9,13.5
simulated,SIM001,109,3.4769518531985866,1.0010074179123314,26.097791982617107,0.9307730227201397,1.9370599999999978,0.0,57.70313985997712,normal,3.4804545967758127,low_0_20,charge,0,0,0,1,0,15.0,20.7,15.908218900034932,28.868163533430376,45.453429955865666,0.9083333333333333,13.625
simulated,SIM001,110,3.5031836288586193,1.5346116065553772,28.579290903565454,2.0016522830053822,1.9365799999999977,0.0,57.70313985997712,normal,5.3760262567412225,low_0_20,charge,0,0,0,1,0,15.0,20.7,15.908218900034932,28.887449083604242,45.453429955865666,0.9166666666666666,13.75
simulated,SIM001,111,3.4876831257818095,-0.6752426252433065,26.878194633614882,1.395121761991963,1.9360999999999977,77.14937191742584,58.67782360772278,normal,-2.35503230986969,low_0_20,discharge,0,0,0,1,0,15.0,20.7,15.908218900034932,28.815527384901042,45.453429955865666,0.925,13.875
simulated,SIM001,112,3.534151612305483,0.5492860315892221,27.995722099496216,1.8925993731314366,1.9356199999999977,0.0,58.67782360772278,normal,1.9412601141579295,low_0_20,charge,0,0,0,1,0,15.0,19.8,14.87910464719033,28.556909731428668,45.453429955865666,0.9333333333333333,14.0
simulated,SIM001,113,3.4823595747999656,-3.534578573583739,48.495213927352694,0.0,1.9342399999999977,92.05262186711123,60.42192352689758,normal,-12.308673538602138,low_0_20,discharge,1,0,1,1,0,70.0,20.9,16.465486476201036,28.954448407450613,48.495213927352694,0.9416666666666667,65.91666666666667
simulated,SIM001,114,3.4930768201671696,-0.6463313033390041,25.161624721997363,0.0,1.9337599999999977,54.25605754609191,60.89759856935656,normal,-2.257684893841911,low_0_20,discharge,0,0,0,1,0,15.0,20.9,16.465486476201036,28.891140589482863,48.495213927352694,0.95,14.25
simulated,SIM001,115,3.530319000944094,-1.2506276237693534,27.7606812809726,0.0,1.9332799999999977,60.00020208796529,61.95279149252343,normal,-4.415114463298511,low_0_20,discharge,0,0,0,1,0,15.0,20.9,16.465486476201036,28.938438938063587,48.495213927352694,0.9583333333333334,14.375
simulated,SIM001,116,3.501985492599166,-1.480961387962616,28.27098836555893,0.0,1.9327999999999976,94.79396189859384,62.732239483593496,normal,-5.1863052957446065,low_0_20,discharge,0,0,0,1,0,15.0,20.9,16.465486476201036,28.9564055331102,48.495213927352694,0.9666666666666667,14.5
simulated,SIM001,117,3.499401429227396,0.7481176232048163,26.936440224117806,0.6207553145733394,1.9323199999999976,0.0,62.732239483593496,normal,2.617963879873137,low_0_20,charge,0,0,0,1,0,15.0,20.9,16.465486476201036,28.87628707790818,48.495213927352694,0.975,14.625
simulated,SIM001,118,3.4885218750695763,-0.4831382557673606,24.99919024489376,0.31830653607395604,1.9318399999999976,40.84217879701982,63.3003967725501,normal,-1.6854383739273973,low_0_20,discharge,0,0,0,1,0,15.0,20.9,16.465486476201036,28.847868216998204,48.495213927352694,0.9833333333333333,14.75
simulated,SIM001,119,3.512581927113514,-1.2397000140074745,27.758402431419338,0.0,1.9313599999999975,28.3457064920344,63.59550574350173,normal,-4.354547864245025,low_0_20,discharge,0,0,0,1,0,15.0,20.9,16.465486476201036,28.829665017759854,48.495213927352694,0.9916666666666667,14.875
simulated,SIM001,120,3.536583402360808,-2.8880529649207367,46.36348744262592,0.0,1.9299799999999976,69.25815390152852,64.82947319013269,normal,-10.213840180877598,low_0_20,discharge,1,0,1,1,0,70.0,21.4,17.555742127083466,28.963063511780575,48.495213927352694,1.0,70.0
simulated,SIM002,1,3.763137828428671,2.8237389590909627,40.71824037925614,76.25071901042305,1.9988,0.0,0.0,aggressive,10.626118894563001,normal_20_80,charge,0,1,1,0,0,45.0,45.0,0.0,40.71824037925614,40.71824037925614,0.008333333333333333,0.375
simulated,SIM002,2,3.530933604022536,-2.578084823853014,48.38880419485336,10.22994522269278,1.99742,91.08191637502644,0.7712842920797939,aggressive,-9.103046338563127,low_0_20,discharge,1,0,1,1,0,70.0,57.5,17.67766952966369,44.55352228705475,48.38880419485336,0.016666666666666666,1.1666666666666667
simulated,SIM002,3,3.555575004057457,2.6203364453682987,44.421713006587275,12.694798422339375,1.99604,0.0,0.7712842920797939,aggressive,9.316802767372291,low_0_20,charge,0,1,1,1,0,60.0,58.333333333333336,12.583057392117917,44.50958586023226,48.38880419485336,0.025,1.5
simulated,SIM002,4,3.528724588126604,-3.411707839191066,46.214185927825696,10.219955548758598,1.99466,38.91413731890727,1.2819508597613485,aggressive,-12.0389773396578,low_0_20,discharge,1,0,1,1,0,70.0,61.25,11.814539065631521,44.93573587713062,48.38880419485336,0.03333333333333333,2.3333333333333335
simulated,SIM002,5,3.5432701318760524,-1.2928014340489007,26.486877543804408,9.064732395924914,1.99418,74.58958068903502,2.055677405101749,aggressive,-4.5807447077119985,low_0_20,discharge,0,0,0,1,0,15.0,52.0,23.075961518428652,41.245964210465374,48.38880419485336,0.041666666666666664,0.625
simulated,SIM002,6,3.5406175934128323,0.45898597537485375,28.142471338681535,9.45987709480976,1.9937,0.0,2.055677405101749,aggressive,1.6250938195419562,low_0_20,charge,0,0,0,1,0,15.0,45.833333333333336,25.57668208870468,39.062048731834736,48.38880419485336,0.05,0.75
simulated,SIM002,7,3.532686496527888,-3.2446633025665816,47.05147527788223,5.527540620980912,1.99232,101.7852493770265,4.0799592425151685,aggressive,-11.462378234756544,low_0_20,discharge,1,0,1,1,0,70.0,49.285714285714285,25.071326821120348,40.20339538127009,48.38880419485336,0.058333333333333334,4.083333333333333
simulated,SIM002,8,3.499128210475498,-3.7784358220997944,43.5207128486943,3.0986903098591014,1.9909400000000002,22.038086560968473,4.479719602771128,aggressive,-13.22123137658057,low_0_20,discharge,1,0,1,1,0,70.0,51.875,24.3394887843955,40.61806006469812,48.38880419485336,0.06666666666666667,4.666666666666667
simulated,SIM002,9,3.474603614193469,-3.4408476463454623,39.537624846533916,0.5724399564125466,1.98998,107.83390281181015,6.164967478078078,aggressive,-11.955581667881034,low_0_20,discharge,1,0,0,1,0,45.0,51.111111111111114,22.882550362909967,40.49801170712432,48.38880419485336,0.075,3.375
simulated,SIM002,10,3.481319511823804,-1.1671283200044436,28.86574174441973,0.0,1.9895,67.751970301468,7.304622009809686,aggressive,-4.063146593233606,low_0_20,discharge,0,0,0,1,0,15.0,47.5,24.40969752646135,39.33478471085386,48.38880419485336,0.08333333333333333,1.25
simulated,SIM002,11,3.475839546398293,0.3376114166124131,26.109222562012466,0.21452644928154638,1.98902,0.0,7.304622009809686,aggressive,1.1734831131769752,low_0_20,charge,0,0,0,1,0,15.0,44.54545454545455,25.14503384910681,38.13246087914101,48.38880419485336,0.09166666666666666,1.375
simulated,SIM002,12,3.4932236070923253,-0.4541567461715925,27.883759632201098,0.0,1.98854,97.6688179569331,8.682715285526514,aggressive,-1.586471067046844,low_0_20,discharge,0,0,0,1,0,15.0,42.083333333333336,25.446765585981233,37.27840244189601,48.38880419485336,0.1,1.5
simulated,SIM002,13,3.500573477577135,-0.8184393113598938,26.77660704270247,0.0,1.98806,82.63922073334186,9.65909255844593,aggressive,-2.865006946352939,low_0_20,discharge,0,0,0,1,0,15.0,40.0,25.495097567963924,36.470572026573436,48.38880419485336,0.10833333333333334,1.625
simulated,SIM002,14,3.484691113050525,-1.691368956265219,28.865324828275092,0.0,1.98758,86.26985429909828,10.700551060289728,aggressive,-5.893898370786951,low_0_20,discharge,0,0,0,1,0,15.0,38.214285714285715,25.389817981680316,35.92734008383784,48.38880419485336,0.11666666666666667,1.75
simulated,SIM002,15,3.5046915279700004,-1.5471958895408204,28.29289487968187,0.0,1.9870999999999999,85.977772004732,11.517107034447768,aggressive,-5.422444326183722,low_0_20,discharge,0,0,0,1,0,15.0,36.666666666666664,25.189756043356386,35.418377070227436,48.38880419485336,0.125,1.875
simulated,SIM002,16,3.5497814964580963,-3.572952510793078,46.97026025859771,0.0,1.98572,51.13472042598386,12.536717729771011,aggressive,-12.683200710536765,low_0_20,discharge,1,0,1,1,0,70.0,38.75,25.72288216096063,36.14036976950058,48.38880419485336,0.13333333333333333,9.333333333333334
simulated,SIM002,17,3.5231715327915336,-3.5923376301010044,51.23032521681894,0.0,1.98434,104.38671932629873,13.743689331758862,aggressive,-12.65642167454766,low_0_20,discharge,1,0,1,1,0,70.0,40.588235294117645,26.03377331354747,37.02801420757813,51.23032521681894,0.14166666666666666,9.916666666666666
simulated,SIM002,18,3.5121994486434573,-1.5606185716154644,29.157954868694674,0.0,1.98386,65.60912028229274,14.557528372938263,aggressive,-5.481203686770574,low_0_20,discharge,0,0,0,1,0,15.0,39.166666666666664,25.96660751585299,36.590788688751275,51.23032521681894,0.15,2.25
simulated,SIM002,19,3.537425822661811,0.5757859425358054,26.7573267370306,0.39089150181125915,1.98338,0.0,14.557528372938263,aggressive,2.0368000614518276,low_0_20,charge,0,0,0,1,0,15.0,37.89473684210526,25.836870159698577,36.07323805971334,51.23032521681894,0.15833333333333333,2.375
simulated,SIM002,20,3.495623675860162,3.206321873733766,45.00321430268975,2.342385512629402,1.982,0.0,14.557528372938263,aggressive,11.20809465425207,low_0_20,charge,0,1,1,1,0,60.0,39.0,25.6289310206875,36.519736871862165,51.23032521681894,0.16666666666666666,10.0
simulated,SIM002,21,3.4942734567504217,-1.575460990311312,26.5019478220137,1.2901678121411584,1.98152,88.77411108244391,15.748023708469484,aggressive,-5.50509152059055,low_0_20,discharge,0,0,0,1,0,15.0,37.857142857142854,25.523098781859762,36.04269929805986,51.23032521681894,0.175,2.625
simulated,SIM002,22,3.5439709670899484,0.39502829345699547,26.14203528081141,1.6694823964664494,1.98104,0.0,15.748023708469484,aggressive,1.3999688031906803,low_0_20,charge,0,0,0,1,0,15.0,36.81818181818182,25.38022545518152,35.59266911545765,51.23032521681894,0.18333333333333332,2.75
simulated,SIM002,23,3.491204473504211,-1.0233108648523335,26.648548608575716,0.9111892887646966,1.9805599999999999,42.3005877729022,16.237116691653014,aggressive,-3.57258746915793,low_0_20,discharge,0,0,0,1,0,15.0,35.869565217391305,25.210575608852015,35.203794310810615,51.23032521681894,0.19166666666666668,2.875
simulated,SIM002,24,3.5094178867734276,-3.620043470813413,46.929635373266656,0.0,1.97918,39.87942557226888,16.87584721424234,aggressive,-12.704245307369952,low_0_20,discharge,1,0,1,1,0,70.0,37.291666666666664,25.62179637096826,35.69237102174628,51.23032521681894,0.2,14.0
simulated,SIM002,25,3.538612137474251,-1.3235440018691433,27.47908547447294,0.0,1.9787,104.92651538449057,18.5275696461219,aggressive,-4.683508869495394,low_0_20,discharge,0,0,0,1,0,15.0,36.4,25.475478405713993,35.363839599855346,51.23032521681894,0.20833333333333334,3.125
simulated,SIM002,26,3.529567562509433,-2.3988503494861773,43.52868664504638,0.0,1.97732,25.94855278719171,18.8543274136366,aggressive,-8.466904380860829,low_0_20,discharge,1,0,1,1,0,70.0,37.69230769230769,25.815916378496784,35.67787217851654,51.23032521681894,0.21666666666666667,15.166666666666668
simulated,SIM002,27,3.4882561147931983,-1.3549922334962923,29.435698316129013,0.0,1.97684,22.10785898996975,19.20756277635215,aggressive,-4.726559943990734,low_0_20,discharge,0,0,0,1,0,15.0,36.851851851851855,25.688524381526566,35.44668055398367,51.23032521681894,0.225,3.375
simulated,SIM002,28,3.496430215246945,3.2046425909956295,38.0368542568653,2.706987808924958,1.9758799999999999,0.0,19.20756277635215,aggressive,11.204809184224375,low_0_20,charge,0,1,0,1,0,35.0,36.785714285714285,25.21075188450377,35.539186757658015,51.23032521681894,0.23333333333333334,8.166666666666666
simulated,SIM002,29,3.521329440080178,1.5112178861758638,30.114874755760237,3.671480761314214,1.9753999999999998,0.0,19.20756277635215,aggressive,5.321496032966804,low_0_20,charge,0,0,0,1,0,15.0,36.03448275862069,25.084831441987134,35.352141516213266,51.23032521681894,0.24166666666666667,3.625
simulated,SIM002,30,3.522179698022629,1.7442795411412841,29.619672107555694,5.193884429955538,1.9749199999999998,0.0,19.20756277635215,aggressive,6.1436659874840585,low_0_20,charge,0,0,0,1,0,15.0,35.333333333333336,24.945918515354624,35.161059202591346,51.23032521681894,0.25,3.75
simulated,SIM002,31,3.5098616243087224,1.7765417793398541,28.594580380660023,6.304210995058244,1.9744399999999998,0.0,19.20756277635215,aggressive,6.235415815286088,low_0_20,charge,0,0,0,1,0,15.0,34.67741935483871,24.797025489325925,34.94923730510968,51.23032521681894,0.25833333333333336,3.8750000000000004
simulated,SIM002,32,3.5660987091733403,0.6353093821530836,27.875225069134647,6.711829776099389,1.9739599999999997,0.0,19.20756277635215,aggressive,2.2655759676218237,low_0_20,charge,0,0,0,1,0,15.0,34.0625,24.640561236800515,34.72817442273547,51.23032521681894,0.26666666666666666,4.0
simulated,SIM002,33,3.5397621637959693,3.41573113859333,46.39931372730986,9.454654415466281,1.9725799999999998,0.0,19.20756277635215,aggressive,12.090875846092397,low_0_20,charge,0,1,1,1,0,60.0,34.84848484848485,24.66921311589763,35.081845310752875,51.23032521681894,0.275,16.5
simulated,SIM002,34,3.5236831453146484,-2.50601103787653,44.0453894394638,7.930566757405579,1.9711999999999998,76.39272513764553,20.19855799432643,aggressive,-8.830388856137997,low_0_20,discharge,1,0,1,1,0,70.0,35.88235294117647,25.0293944839921,35.34547896159731,51.23032521681894,0.2833333333333333,19.833333333333332
simulated,SIM002,35,3.5151646980744387,-1.6907116654543077,28.185761031922684,6.357089556919768,1.9707199999999998,67.84256189353523,20.985898528111314,aggressive,-5.943129961027623,low_0_20,discharge,0,0,0,1,0,15.0,35.285714285714285,24.909921751797462,35.14091559217804,51.23032521681894,0.2916666666666667,4.375
simulated,SIM002,36,3.519953893193514,3.1301710660186823,48.50852029163029,8.664289498143589,1.9693399999999999,0.0,20.985898528111314,aggressive,11.018057830194152,low_0_20,charge,0,1,1,1,0,60.0,35.97222222222222,24.894619167443864,35.5122379449406,51.23032521681894,0.3,18.0
simulated,SIM002,37,3.5170402366212703,-1.6909206578631897,28.229658070502673,7.043136383625899,1.9688599999999998,23.895361497233374,21.25380784726083,aggressive,-5.9470359906389465,low_0_20,discharge,0,0,0,1,0,15.0,35.4054054054054,24.787384178537565,35.31541146184768,51.23032521681894,0.30833333333333335,4.625
simulated,SIM002,38,3.5528598486940712,0.5727891632057068,26.231282137842182,7.560993474906543,1.9683799999999998,0.0,21.25380784726083,aggressive,2.035039619720631,low_0_20,charge,0,0,0,1,0,15.0,34.86842105263158,24.67318388139136,35.07635542700543,51.23032521681894,0.31666666666666665,4.75
simulated,SIM002,39,3.5285054925089345,-0.5043026926364311,26.979856385995035,7.204139493174182,1.9678999999999998,108.30467641108483,23.148374677393285,aggressive,-1.7794348208546922,low_0_20,discharge,0,0,0,1,0,15.0,34.35897435897436,24.553365274210353,34.86875288749234,51.23032521681894,0.325,4.875
simulated,SIM002,40,3.534814854607576,0.49524754028007223,26.71594459532019,7.5051905454104855,1.9674199999999997,0.0,23.148374677393285,aggressive,1.7506083620898631,low_0_20,charge,0,0,0,1,0,15.0,33.875,24.429057414354862,34.664932680188045,51.23032521681894,0.3333333333333333,5.0
simulated,SIM002,41,3.520276643278266,-0.591943071676446,26.684015805741915,7.066143496638839,1.9669399999999997,100.93099253654863,25.150377450611902,aggressive,-2.0838033693729856,low_0_20,discharge,0,0,0,1,0,15.0,33.41463414634146,24.30120944495983,34.47027617105521,51.23032521681894,0.3416666666666667,5.125
simulated,SIM002,42,3.540278160372774,1.2811059550706145,26.182718230697898,8.034649134510682,1.9664599999999997,0.0,25.150377450611902,aggressive,4.535471433860001,low_0_20,charge,0,0,0,1,0,15.0,32.976190476190474,24.17062124718827,34.27295336295146,51.23032521681894,0.35,5.25
simulated,SIM002,43,3.50735124149671,-3.4527415441758067,47.00910608650216,4.802058398498236,1.9650799999999997,41.33323999332646,25.77672318048728,aggressive,-12.109977341532284,low_0_20,discharge,1,0,1,1,0,70.0,33.83720930232558,24.539501908786576,34.569142961173576,51.23032521681894,0.35833333333333334,25.083333333333332
simulated,SIM002,44,3.518441791345023,-1.6484350132320111,29.36011265965699,3.54230982017791,1.9645999999999997,43.606524680331674,26.581132674774878,aggressive,-5.799922640871894,low_0_20,discharge,0,0,0,1,0,15.0,33.40909090909091,24.418176780707213,34.45075590886638,51.23032521681894,0.36666666666666664,5.5
simulated,SIM002,45,3.5530042967750046,3.3318064873885813,48.02549178411601,6.766728577610927,1.9632199999999997,0.0,26.581132674774878,aggressive,11.837922765714465,low_0_20,charge,0,1,1,1,0,60.0,34.0,24.46240157689124,34.752416706094145,51.23032521681894,0.375,22.5
simulated,SIM002,46,3.5394479390993157,0.701174191503775,26.04599793939931,7.262220650949085,1.9627399999999997,0.0,26.581132674774878,aggressive,2.4817695470676653,low_0_20,charge,0,0,0,1,0,15.0,33.58695652173913,24.350748185591087,34.56314673290513,51.23032521681894,0.38333333333333336,5.75
simulated,SIM002,47,3.5486367949335103,0.9659505878931465,26.14166256736642,8.089778497058473,1.9622599999999997,0.0,26.581132674774878,aggressive,3.4278077982852753,low_0_20,charge,0,0,0,1,0,15.0,33.191489361702125,24.23672949119233,34.38396621874473,51.23032521681894,0.39166666666666666,5.875
simulated,SIM002,48,3.495406580721592,-1.477513122057349,28.638417671056878,7.131812385469598,1.9617799999999996,94.99012049027313,27.967753127661215,aggressive,-5.164509089941762,low_0_20,discharge,0,0,0,1,0,15.0,32.8125,24.120844918337088,34.2642672906679,51.23032521681894,0.4,6.0
simulated,SIM002,49,3.530488756324075,-1.5087170980677083,27.841427929786313,6.095546198497011,1.9612999999999996,94.94531649685821,29.374949706183347,aggressive,-5.3265087512019305,low_0_20,discharge,0,0,0,1,0,15.0,32.44897959183673,24.00352510959744,34.1331889363642,51.23032521681894,0.4083333333333333,6.125
simulated,SIM002,50,3.5146681921733345,-1.5116174066650285,28.76025476962664,4.958845292579169,1.9608199999999996,67.53860628049445,30.055564939976517,aggressive,-5.31283361794112,low_0_20,discharge,0,0,0,1,0,15.0,32.1,23.885141824992374,34.025730253029444,51.23032521681894,0.4166666666666667,6.25
simulated,SIM002,51,3.4671341123392736,-0.35478206827339603,25.920275731592707,4.615852403032176,1.9603399999999995,63.12334208384978,30.764449568099874,aggressive,-1.2300770113569726,low_0_20,discharge,0,0,0,1,0,15.0,31.5,23.931236525358504,33.72977096007618,51.23032521681894,0.425,6.375
simulated,SIM002,52,3.5254691869039343,1.2104969520145799,27.573633404317864,5.534491435530386,1.9598599999999995,0.0,30.764449568099874,aggressive,4.2675697051685315,low_0_20,charge,0,0,0,1,0,15.0,30.4,23.383231389268715,33.313467544265464,51.23032521681894,0.43333333333333335,6.5
simulated,SIM002,53,3.5420936554151607,-3.8841703932505602,45.029135593249585,2.2042003457558272,1.9584799999999996,83.56650425973413,32.04049877330842,aggressive,-13.75809530648422,low_0_20,discharge,1,0,1,1,0,70.0,30.6,23.682422655994106,33.32561599599872,51.23032521681894,0.44166666666666665,30.916666666666664
simulated,SIM002,54,3.4943324537403697,-0.3468183903777888,23.698131836842833,1.9415064944406932,1.9579999999999995,45.601035933058796,32.75232904594841,aggressive,-1.2118987570511042,low_0_20,discharge,0,0,0,1,0,15.0,29.5,23.084803730274732,32.87529491417905,51.23032521681894,0.45,6.75
simulated,SIM002,55,3.5129253485125425,0.8644440845789334,27.98130908983084,2.752078182669228,1.9575199999999995,0.0,32.75232904594841,aggressive,3.0367275370890554,low_0_20,charge,0,0,0,1,0,15.0,29.5,23.084803730274732,32.90518354509958,51.23032521681894,0.4583333333333333,6.875
simulated,SIM002,56,3.494670155510673,-1.2113908496193535,26.39270502267867,1.6294010437933255,1.9570399999999994,73.48340130332087,34.13806044714702,aggressive,-4.233411448823472,low_0_20,discharge,0,0,0,1,0,15.0,29.5,23.084803730274732,32.870188218779525,51.23032521681894,0.4666666666666667,7.0
simulated,SIM002,57,3.4622147903357168,-2.6722730083780126,46.64437828626568,0.0,1.9556599999999995,58.175945907987696,35.29467598286895,aggressive,-9.251983133421277,low_0_20,discharge,1,0,1,1,0,70.0,29.5,23.084803730274732,32.8620462789472,51.23032521681894,0.475,33.25
simulated,SIM002,58,3.5141597089886822,-1.2423433473456797,27.966978999885196,0.0,1.9551799999999995,25.325787419773768,35.76826302655152,aggressive,-4.365792935972319,low_0_20,discharge,0,0,0,1,0,15.0,28.4,22.416284168397922,32.550971601971014,51.23032521681894,0.48333333333333334,7.25
simulated,SIM002,59,3.505403946828778,1.3014691887302012,27.808907037832295,1.1423042694550385,1.9546999999999994,0.0,35.76826302655152,aggressive,4.562175230850895,low_0_20,charge,0,0,0,1,0,15.0,27.8,22.364330200256894,32.316397245796985,51.23032521681894,0.49166666666666664,7.375
simulated,SIM002,60,3.5021570217605063,-2.582093915115168,49.0234632408005,0.0,1.9533199999999995,66.72555168196291,36.77150072469121,aggressive,-9.042898335665662,low_0_20,discharge,1,0,1,1,0,70.0,28.9,23.063576726704195,32.719551675724595,51.23032521681894,0.5,35.0
simulated,SIM002,61,3.4734211432208673,1.7336705971718043,28.827195408401018,1.1988416784371696,1.9528399999999995,0.0,36.77150072469121,aggressive,6.021768107596892,low_0_20,charge,0,0,0,1,0,15.0,28.9,23.063576726704195,32.773911132652366,51.23032521681894,0.5083333333333333,7.625
simulated,SIM002,62,3.533466902956852,-2.5954598523773407,46.35145108355438,0.0,1.9514599999999995,76.77389434571005,37.675434070978405,aggressive,-9.170971486328611,low_0_20,discharge,1,0,1,1,0,70.0,30.0,23.690177073967142,33.143264961679435,51.23032521681894,0.5166666666666667,36.16666666666667
simulated,SIM002,63,3.48815088048035,-0.5678351928308751,26.638601188076958,0.0,1.9509799999999995,45.856711430884026,38.324548141818546,aggressive,-1.9806948278407464,low_0_20,discharge,0,0,0,1,0,15.0,30.0,23.690177073967142,33.14050484458693,51.23032521681894,0.525,7.875
simulated,SIM002,64,3.4729284270360217,-1.525999028903393,27.101766762495604,0.0,1.9504999999999995,89.65795052102216,39.635048196412164,aggressive,-5.299685407107956,low_0_20,discharge,0,0,0,1,0,15.0,30.0,23.690177073967142,33.10523368327134,51.23032521681894,0.5333333333333333,8.0
simulated,SIM002,65,3.5212779748909555,-2.882427527601206,43.24752064283283,0.0,1.9491199999999995,37.28329391338758,39.97516073526896,aggressive,-10.149828567161519,low_0_20,discharge,1,0,1,1,0,70.0,31.1,24.249763306229678,33.40432619853435,51.23032521681894,0.5416666666666666,37.916666666666664
simulated,SIM002,66,3.5185103579502233,-1.515981086395796,27.043978788873883,0.0,1.9486399999999995,105.83391944286954,40.90669469961919,aggressive,-5.333995154940241,low_0_20,discharge,0,0,0,1,0,15.0,30.0,23.690177073967142,33.00580056913987,51.23032521681894,0.55,8.25
simulated,SIM002,67,3.4864435084691014,0.3903685419285852,25.869894137064314,0.374045876740165,1.9481599999999994,0.0,40.90669469961919,aggressive,1.3609978689174642,low_0_20,charge,0,0,0,1,0,15.0,28.9,23.063576726704195,32.49859194754478,49.0234632408005,0.5583333333333333,8.375
simulated,SIM002,68,3.505840956524004,-2.913790044073351,41.344194630048094,0.0,1.9467799999999995,66.66039380537893,41.81351553066869,aggressive,-10.215284475224236,low_0_20,discharge,1,0,1,1,0,70.0,30.0,23.690177073967142,32.742316742771855,49.0234632408005,0.5666666666666667,39.666666666666664
simulated,SIM002,69,3.516368982932063,-1.0197654077012328,27.781778218182144,0.0,1.9462999999999995,77.82980051976932,42.45417465915364,aggressive,-3.5858714495076844,low_0_20,discharge,0,0,0,1,0,15.0,30.0,23.690177073967142,32.762805772394884,49.0234632408005,0.575,8.625
simulated,SIM002,70,3.5078224765773127,-0.6338346302513346,27.285957194077174,0.0,1.9458199999999994,39.57954284149908,42.92351034117704,aggressive,-2.2233793624287017,low_0_20,discharge,0,0,0,1,0,15.0,29.1,23.37995827583086,32.40846063022263,49.0234632408005,0.5833333333333334,8.75
simulated,SIM002,71,3.4713494434196424,0.7004508216773938,25.665373332446215,0.6898092974705216,1.9453399999999994,0.0,42.92351034117704,aggressive,2.4315095699726523,low_0_20,charge,0,0,0,1,0,15.0,29.1,23.37995827583086,32.39172914043129,49.0234632408005,0.5916666666666667,8.875
simulated,SIM002,72,3.4810094267123572,0.8552069517014758,27.699945660831425,1.379714971282434,1.9448599999999994,0.0,42.92351034117704,aggressive,2.9769834606627765,low_0_20,charge,0,0,0,1,0,15.0,29.1,23.37995827583086,32.42288734803168,49.0234632408005,0.6,9.0
simulated,SIM002,73,3.5021862140653175,-2.7647242335302655,42.03061441454271,0.0,1.9434799999999994,96.0405826946985,44.382805504447745,aggressive,-9.682579096361998,low_0_20,discharge,1,0,1,1,0,70.0,30.2,23.988943031219655,32.730528664151024,49.0234632408005,0.6083333333333333,42.58333333333333
simulated,SIM002,74,3.5079205749977187,-0.5020828244723818,25.470116824539915,0.0,1.9429999999999994,108.6616906870528,46.31612180298127,aggressive,-1.7612666703196365,low_0_20,discharge,0,0,0,1,0,15.0,29.1,23.37995827583086,32.301338293176485,49.0234632408005,0.6166666666666667,9.25
simulated,SIM002,75,3.50910305054872,-1.750864413703527,28.08222013661916,0.0,1.9425199999999994,50.78713715000293,47.07930984796678,aggressive,-6.143963655224242,low_0_20,discharge,0,0,0,1,0,15.0,29.1,23.37995827583086,32.31340098641941,49.0234632408005,0.625,9.375
simulated,SIM002,76,3.514021211546108,2.5918620712745764,42.08459853571215,1.8761759895397303,1.9411399999999994,0.0,47.07930984796678,aggressive,9.10785829586069,low_0_20,charge,0,1,1,1,0,60.0,28.9,23.0635767267042,32.284519224232724,49.0234632408005,0.6333333333333333,38.0
simulated,SIM002,77,3.5322254391027896,-1.3802088130333638,28.60939566938319,0.6820611836523804,1.9406599999999994,69.73342428111,48.2575498975417,aggressive,-4.875208680670314,low_0_20,discharge,0,0,0,1,0,15.0,28.9,23.0635767267042,32.26799317129781,49.0234632408005,0.6416666666666667,9.625
simulated,SIM002,78,3.514907195391824,-2.6685425055877814,46.287929132990094,0.0,1.9392799999999994,79.45760173709353,49.31769412355287,aggressive,-9.37967925409942,low_0_20,discharge,1,0,1,1,0,70.0,29.6,23.77273348066766,32.433014668820306,49.0234632408005,0.65,45.5
simulated,SIM002,79,3.4676479947369914,-1.7708658040653835,29.538042710477658,0.0,1.9387999999999994,100.99112319936523,50.79266047326642,aggressive,-6.140739254415637,low_0_20,discharge,0,0,0,1,0,15.0,29.6,23.77273348066766,32.42147802791465,49.0234632408005,0.6583333333333333,9.875
simulated,SIM002,80,3.515543601007679,-0.3866752759144599,25.080451861677368,0.0,1.9383199999999994,84.39914283459734,52.41606362895335,aggressive,-1.3593737919089581,low_0_20,discharge,0,0,0,1,0,15.0,29.6,23.77273348066766,32.33069362299709,49.0234632408005,0.6666666666666666,10.0
simulated,SIM002,81,3.479988522640563,-0.9321133134961923,26.591590627222487,0.0,1.9378399999999993,44.95287634932849,52.89085264373412,aggressive,-3.243743632767214,low_0_20,discharge,0,0,0,1,0,15.0,29.6,23.77273348066766,32.29063382792834,49.0234632408005,0.675,10.125
simulated,SIM002,82,3.494106856674829,0.3822288727071574,26.974044015875975,0.22990877846169866,1.9373599999999993,0.0,52.89085264373412,aggressive,1.3355485249451688,low_0_20,charge,0,0,0,1,0,15.0,29.6,23.77273348066766,32.27261020686316,49.0234632408005,0.6833333333333333,10.25
simulated,SIM002,83,3.4723477087110224,2.52023660468141,45.85389453461273,2.4372948201721063,1.9359799999999994,0.0,52.89085264373412,aggressive,8.75113779967514,low_0_20,charge,0,1,1,1,0,60.0,29.6,23.77273348066766,32.26170182300922,49.0234632408005,0.6916666666666667,41.5
simulated,SIM002,84,3.480196538421629,-3.3327953150908565,48.65735941844993,0.013531776060088596,1.9345999999999994,61.70967580720872,54.05874927497541,aggressive,-11.598782718847021,low_0_20,discharge,1,0,1,1,0,70.0,29.6,23.77273348066766,32.353941222588944,49.0234632408005,0.7,49.0
simulated,SIM002,85,3.5135511766042287,-1.0372919827329856,27.621384347915257,0.0,1.9341199999999994,36.385689944073405,54.49056655845689,aggressive,-3.644578466413615,low_0_20,discharge,0,0,0,1,0,15.0,29.6,23.77273348066766,32.3426536889088,49.0234632408005,0.7083333333333334,10.625
simulated,SIM002,86,3.5112358620332205,-0.452795941353817,27.68850976308019,0.0,1.9336399999999994,79.92766823968586,55.40889204831793,aggressive,-1.5898733474646132,low_0_20,discharge,0,0,0,1,0,15.0,28.7,23.447944951508642,31.926253478337795,49.0234632408005,0.7166666666666667,10.75
simulated,SIM002,87,3.5005474270954355,2.9927826049897983,36.87714601635542,2.771531601462911,1.9326799999999993,0.0,55.40889204831793,aggressive,10.476377447753014,low_0_20,charge,0,1,0,1,0,35.0,29.1,23.37995827583086,32.09920323725485,49.0234632408005,0.725,25.375
simulated,SIM002,88,3.4810491586249293,-1.6785247940630905,26.218004733399553,1.1150022636767112,1.9321999999999993,90.12417402299221,56.133416199003875,aggressive,-5.843027322104404,low_0_20,discharge,0,0,0,1,0,15.0,29.1,23.37995827583086,32.09893768916599,49.0234632408005,0.7333333333333333,11.0
simulated,SIM002,89,3.4869474609491733,-2.913656061749566,42.25761227198075,0.0,1.9308199999999993,44.368053624783926,56.61526968744365,aggressive,-10.159765606596817,low_0_20,discharge,1,0,1,1,0,70.0,30.2,23.988943031219655,32.40449280688571,49.0234632408005,0.7416666666666667,51.91666666666667
simulated,SIM002,90,3.479601738249056,-0.8094291638287785,26.64626209501983,0.0,1.9303399999999993,54.62918429868675,57.485416930259845,aggressive,-2.8164911254480973,low_0_20,discharge,0,0,0,1,0,15.0,30.2,23.988943031219655,32.403099156879705,49.0234632408005,0.75,11.25
simulated,SIM002,91,3.4863485171649806,1.0976412568878606,28.39145008623585,0.7002693632515307,1.9298599999999992,0.0,57.485416930259845,aggressive,3.8267599683300983,low_0_20,charge,0,0,0,1,0,15.0,30.2,23.988943031219655,32.43724784248958,49.0234632408005,0.7583333333333333,11.375
simulated,SIM002,92,3.5009409212511793,0.5194770743517102,26.059627265001463,1.119713716354779,1.9293799999999992,0.0,57.485416930259845,aggressive,1.8186585472497436,low_0_20,charge,0,0,0,1,0,15.0,30.2,23.988943031219655,32.434786023175654,49.0234632408005,0.7666666666666667,11.5
simulated,SIM002,93,3.5100149014074824,-1.2321887624934469,29.09614865892533,0.09361872814813132,1.9288999999999992,80.91870517894675,59.03368965966155,aggressive,-4.325000917698843,low_0_20,discharge,0,0,0,1,0,15.0,29.1,23.37995827583086,32.076526874624115,49.0234632408005,0.775,11.625
simulated,SIM002,94,3.5197775334733254,-3.60684687617315,41.42399794737475,0.0,1.9275199999999992,24.971690512755345,59.29448405954942,aggressive,-12.695298601432699,low_0_20,discharge,1,0,1,1,0,70.0,30.2,23.988943031219655,32.31780458037847,49.0234632408005,0.7833333333333333,54.833333333333336
simulated,SIM002,95,3.5197730750856517,0.8710889130152057,26.044822742830295,0.8021088865160082,1.9270399999999992,0.0,59.29448405954942,aggressive,3.0660353020365485,low_0_20,charge,0,0,0,1,0,15.0,29.3,23.690392438234348,31.878191199552756,49.0234632408005,0.7916666666666666,11.875
simulated,SIM002,96,3.517809590903696,0.6724686854092586,26.203619363133075,1.3731516883142998,1.9265599999999992,0.0,59.29448405954942,aggressive,2.3656167911150905,low_0_20,charge,0,0,0,1,0,15.0,29.3,23.690392438234348,31.88134362802743,49.0234632408005,0.8,12.0
simulated,SIM002,97,3.5611552576595695,0.7107703378521626,26.049155803090063,1.8870984800426414,1.9260799999999991,0.0,59.29448405954942,aggressive,2.5311635256306975,low_0_20,charge,0,0,0,1,0,15.0,29.3,23.690392438234348,31.879493492741904,49.0234632408005,0.8083333333333333,12.125
simulated,SIM002,98,3.473190683232696,-3.660221572242225,43.98236056396358,0.0,1.9246999999999992,82.63644017690415,60.17073989212245,aggressive,-12.712647463279026,low_0_20,discharge,1,0,1,1,0,70.0,30.4,24.28235270852527,32.18637235060004,49.0234632408005,0.8166666666666667,57.166666666666664
simulated,SIM002,99,3.4598339147661936,-1.6448784810677222,28.16994282989867,0.0,1.9242199999999992,69.17458253855544,60.766916400472525,aggressive,-5.691006354467207,low_0_20,discharge,0,0,0,1,0,15.0,30.4,24.28235270852527,32.19294264860228,49.0234632408005,0.825,12.375
simulated,SIM002,100,3.5194939753955166,-0.8472241450530338,26.17627672845137,0.0,1.9237399999999991,28.620179826537477,61.27647620128293,aggressive,-2.9818002743237697,low_0_20,discharge,0,0,0,1,0,15.0,30.4,24.28235270852527,32.14126308777878,49.0234632408005,0.8333333333333334,12.5
simulated,SIM002,101,3.5366167577386767,0.9254098726095135,25.636689800518464,0.5742600474274913,1.923259999999999,0.0,61.27647620128293,aggressive,3.2728200632476194,low_0_20,charge,0,0,0,1,0,15.0,30.4,24.28235270852527,32.13559136915729,49.0234632408005,0.8416666666666667,12.625
simulated,SIM002,102,3.4620317708632937,-3.9621071881700836,48.48121567110242,0.0,1.9218799999999991,80.74712239000422,62.49324361358412,aggressive,-13.716940965010659,low_0_20,discharge,1,0,1,1,0,70.0,31.5,24.810506332797722,32.55374301449299,49.0234632408005,0.85,59.5
simulated,SIM002,103,3.5169051517559122,2.6798731079599545,41.9124485095412,2.4332176501198015,1.9204999999999992,0.0,62.49324361358412,aggressive,9.424859539436492,low_0_20,charge,0,1,1,1,0,60.0,31.3,24.5325689395854,32.49140927281882,49.0234632408005,0.8583333333333333,51.5
simulated,SIM002,104,3.5142899485541093,-1.1341663146982026,26.910417159779467,1.565531243901503,1.9200199999999992,94.25279261115847,63.25493695292509,aggressive,-3.98578927973255,low_0_20,discharge,0,0,0,1,0,15.0,31.3,24.5325689395854,32.55565497927755,49.0234632408005,0.8666666666666667,13.0
simulated,SIM002,105,3.5185637821328,-0.36566023132159037,25.125518701473858,1.202348586515185,1.9195399999999991,80.98768860910482,63.9989480323078,aggressive,-1.2865988464944496,low_0_20,discharge,0,0,0,1,0,15.0,31.3,24.5325689395854,32.49853917151041,49.0234632408005,0.875,13.125
simulated,SIM002,106,3.498470172730608,-0.4776002750028229,28.84386459472256,0.7254710433191465,1.919059999999999,62.91723274257158,64.6539987725307,aggressive,-1.6708703165853116,low_0_20,discharge,0,0,0,1,0,15.0,31.3,24.5325689395854,32.54756236295129,49.0234632408005,0.8833333333333333,13.25
simulated,SIM002,107,3.4850023413006275,1.3723130911691066,29.172610530877332,1.822099856820272,1.918579999999999,0.0,64.6539987725307,aggressive,4.782514335721838,low_0_20,charge,0,0,0,1,0,15.0,30.2,23.988943031219655,32.198127007843524,49.0234632408005,0.8916666666666667,13.375
simulated,SIM002,108,3.5089834454479414,1.0153808951152572,25.545044215442534,2.480707082304976,1.918099999999999,0.0,64.6539987725307,aggressive,3.56295475178355,low_0_20,charge,0,0,0,1,0,15.0,30.2,23.988943031219655,32.14968831215467,49.0234632408005,0.9,13.5
simulated,SIM002,109,3.489980558918899,-3.376431783141313,41.64847703915017,0.02155946514158602,1.916719999999999,102.37163567884514,65.52186032467328,aggressive,-11.783681281679053,low_0_20,discharge,1,0,1,1,0,70.0,31.3,24.5325689395854,32.42647971218103,49.0234632408005,0.9083333333333333,63.583333333333336
simulated,SIM002,110,3.51887887947818,-3.5033530010476612,47.870512986645835,0.0,1.9153399999999992,47.61704257856984,65.90866216957853,aggressive,-12.327874882743114,low_0_20,discharge,1,0,1,1,0,70.0,31.3,24.5325689395854,32.40342070709793,48.65735941844993,0.9166666666666666,64.16666666666666
simulated,SIM002,111,3.5172851398050864,-3.4938025931423917,44.4786307647524,0.0,1.9139599999999992,41.30469170279758,66.6960001689996,aggressive,-12.28869994227221,low_0_20,discharge,1,0,1,1,0,70.0,32.4,25.01509748213699,32.71644941422496,48.65735941844993,0.925,64.75
simulated,SIM002,112,3.469739749645,1.1949757575887678,27.271837155453987,0.83223638074297,1.9134799999999992,0.0,66.6960001689996,aggressive,4.146254885967895,low_0_20,charge,0,0,0,1,0,15.0,31.3,24.5325689395854,32.33485713566296,48.65735941844993,0.9333333333333333,14.0
simulated,SIM002,113,3.5045609948762433,-0.5591474070533698,26.967478587193035,0.42869195381411185,1.9129999999999991,98.97175022813889,67.63057875192071,aggressive,-1.9595661931454296,low_0_20,discharge,0,0,0,1,0,15.0,31.3,24.5325689395854,32.341434683645275,48.65735941844993,0.9416666666666667,14.125
simulated,SIM002,114,3.4751146055406026,-1.005798471304148,27.14233549875426,0.0,1.912519999999999,83.1585010904037,68.57156064215474,aggressive,-3.495264957859455,low_0_20,discharge,0,0,0,1,0,15.0,31.3,24.5325689395854,32.34224605837045,48.65735941844993,0.95,14.25
simulated,SIM002,115,3.4679466661159437,-1.4765067677937316,25.424008249866585,0.0,1.912039999999999,55.71896745885725,69.53921366251693,aggressive,-5.120446722867899,low_0_20,discharge,0,0,0,1,0,15.0,30.2,23.988943031219655,31.98577581051112,48.65735941844993,0.9583333333333334,14.375
simulated,SIM002,116,3.4938055208785825,3.196277949939399,49.54424347357303,2.590953471416967,1.9106599999999991,0.0,69.53921366251693,aggressive,11.16717354776075,low_0_20,charge,0,1,1,1,0,60.0,31.1,24.249763306229678,32.435781104205105,49.54424347357303,0.9666666666666667,58.0
simulated,SIM002,117,3.475726860925692,-0.31562268613317745,24.610504912660435,2.367180123912475,1.910179999999999,73.52540685510147,70.96406056373341,aggressive,-1.0970182481106039,low_0_20,discharge,0,0,0,1,0,15.0,31.1,24.249763306229678,32.41059331971703,49.54424347357303,0.975,14.625
simulated,SIM002,118,3.490103412288965,1.1293793842058542,26.03473513072711,3.2002353434443274,1.909699999999999,0.0,70.96406056373341,aggressive,3.941650842585662,low_0_20,charge,0,0,0,1,0,15.0,30.0,23.690177073967142,32.104404129730604,49.54424347357303,0.9833333333333333,14.75
simulated,SIM002,119,3.520553409380467,1.6658106802901584,28.85322260088254,4.730904478123446,1.909219999999999,0.0,70.96406056373341,aggressive,5.864575469877912,low_0_20,charge,0,0,0,1,0,15.0,30.0,23.690177073967142,32.125833017384615,49.54424347357303,0.9916666666666667,14.875
simulated,SIM002,120,3.517922778134514,3.2882054675340946,43.824802882137625,6.9204487369008785,1.907839999999999,0.0,70.96406056373341,aggressive,11.567652913424642,low_0_20,charge,0,1,1,1,0,60.0,30.9,23.96191706411979,32.45660993114583,49.54424347357303,1.0,60.0
simulated,SIM003,1,3.8262877213629056,1.3897336283275579,28.117958045337645,77.94007636261118,1.9997,0.0,0.0,gentle,5.317520718034855,normal_20_80,charge,0,0,0,0,0,0.0,0.0,0.0,28.117958045337645,28.117958045337645,0.008333333333333333,0.0
simulated,SIM003,2,3.8297660132669704,1.2479765216610166,27.41779984819885,79.14323773798807,1.9994,0.0,0.0,gentle,4.7794580680124925,normal_20_80,charge,0,0,0,0,0,0.0,0.0,0.0,27.76787894676825,28.117958045337645,0.016666666666666666,0.0
simulated,SIM003,3,3.7940970848885085,0.380790930623029,25.768781237196627,79.38668993330722,1.9991,0.0,0.0,gentle,1.4447577598288166,normal_20_80,charge,0,0,0,0,0,0.0,0.0,0.0,27.101513043577707,28.117958045337645,0.025,0.0
simulated,SIM003,4,3.816578510000716,-1.3985740802034894,27.35119144261251,78.28952206927161,1.9988000000000001,68.76599620723401,0.8033085845789535,gentle,-5.337767779148655,normal_20_80,discharge,0,0,0,0,0,0.0,0.0,0.0,27.16393264333641,28.117958045337645,0.03333333333333333,0.0
simulated,SIM003,5,3.8541757266766807,-0.842775736864589,24.942333405866428,77.74935210747864,1.9985000000000002,76.7332911325345,1.9129707086152932,gentle,-3.2482057880555524,normal_20_80,discharge,0,0,0,0,0,0.0,0.0,0.0,26.719612795842416,28.117958045337645,0.041666666666666664,0.0
simulated,SIM003,6,3.809084478285057,-1.4984513396828174,28.019954046848408,76.5480664340132,1.9982000000000002,102.3976477083906,2.774840336351229,gentle,-5.707727739451269,normal_20_80,discharge,0,0,0,0,0,0.0,0.0,0.0,26.936336337676746,28.117958045337645,0.05,0.0
simulated,SIM003,7,3.782377883994182,-1.395346328859971,27.284560154788146,75.37406890714051,1.9979000000000002,24.1291463827044,2.978508557700106,gentle,-5.277727094792428,normal_20_80,discharge,0,0,0,0,0,0.0,0.0,0.0,26.98608259726409,28.117958045337645,0.058333333333333334,0.0
simulated,SIM003,8,3.8098022662251934,-0.42827932187259715,26.90499575890877,74.96695439718599,1.9976000000000003,53.1638189396505,3.9672524394505775,gentle,-1.6316595310476096,normal_20_80,discharge,0,0,0,0,0,0.0,0.0,0.0,26.975946742469674,28.117958045337645,0.06666666666666667,0.0
simulated,SIM003,9,3.840924115815193,0.6861406259102518,26.3472216690029,75.61876292902306,1.9973000000000003,0.0,3.9672524394505775,gentle,2.635414076899217,normal_20_80,charge,0,0,0,0,0,0.0,0.0,0.0,26.906088400973363,28.117958045337645,0.075,0.0
simulated,SIM003,10,3.800143075308909,1.663766099863796,28.03594506659431,76.75442909688263,1.9970000000000003,0.0,3.9672524394505775,gentle,6.322549223331115,normal_20_80,charge,0,0,0,0,0,0.0,0.0,0.0,27.019074067535463,28.117958045337645,0.08333333333333333,0.0
simulated,SIM003,11,3.8034584676950782,-0.7816986710084862,27.449927075345894,75.97367526829903,1.9967000000000004,93.91527708565376,5.672757907364854,gentle,-2.9731584294332163,normal_20_80,discharge,0,0,0,0,0,0.0,0.0,0.0,27.05824252279095,28.117958045337645,0.09166666666666666,0.0
simulated,SIM003,12,3.8062246917453644,0.6089737417411207,25.562613999411433,76.39838744663965,1.9964000000000004,0.0,5.672757907364854,gentle,2.3178908924396184,normal_20_80,charge,0,0,0,0,0,0.0,0.0,0.0,26.933606812509325,28.117958045337645,0.1,0.0
simulated,SIM003,13,3.7810744155323888,0.5882927406189634,25.435479075913417,76.77891206254581,1.9961000000000004,0.0,5.672757907364854,gentle,2.224378630397794,normal_20_80,charge,0,0,0,0,0,0.0,0.0,0.0,26.81836621738656,28.117958045337645,0.10833333333333334,0.0
simulated,SIM003,14,3.81329217142057,1.299662451814336,27.763608262238414,78.0644893856547,1.9958000000000005,0.0,5.672757907364854,gentle,4.9559926529928715,normal_20_80,charge,0,0,0,0,0,0.0,0.0,0.0,26.885883506304555,28.117958045337645,0.11666666666666667,0.0
simulated,SIM003,15,3.815069694335256,1.5093317074104569,27.24648617723806,79.45509042562952,1.9955000000000005,0.0,5.672757907364854,gentle,5.758205655640921,normal_20_80,charge,0,0,0,0,0,0.0,0.0,0.0,26.909923684366788,28.117958045337645,0.125,0.0
simulated,SIM003,16,3.8177592268497915,0.6623477806218174,26.941288454224384,79.91283334538535,1.9952000000000005,0.0,5.672757907364854,gentle,2.528684350852425,normal_20_80,charge,0,0,0,0,0,0.0,0.0,0.0,26.911883982482887,28.117958045337645,0.13333333333333333,0.0
simulated,SIM003,17,3.8174048852695823,-0.9540844764332508,27.39155171663392,79.04819724332054,1.9949000000000006,34.99823786008688,6.228155449855665,gentle,-3.6421267412961633,normal_20_80,discharge,0,0,0,0,0,0.0,0.0,0.0,26.940099731550593,28.117958045337645,0.14166666666666666,0.0
simulated,SIM003,18,3.829699929300403,-1.5354732573082897,28.309378667327678,78.10111363571193,1.9946000000000006,70.94994768567294,7.153428651200713,gentle,-5.880401824956216,normal_20_80,discharge,0,0,0,0,0,0.0,0.0,0.0,27.01617078353821,28.309378667327678,0.15,0.0
simulated,SIM003,19,3.80002425592038,-1.1426164167532982,27.941315515892637,77.41033851111978,1.9943000000000006,31.86698945906835,7.545831335002736,gentle,-4.341970098875363,normal_20_80,discharge,0,0,0,0,0,0.0,0.0,0.0,27.064862611556865,28.309378667327678,0.15833333333333333,0.0
simulated,SIM003,20,3.8171956194675576,-1.269102448678919,28.566513878660132,76.26235521903192,1.9940000000000007,80.5662816344267,8.825558571781231,gentle,-4.84441230775272,normal_20_80,discharge,0,0,0,0,0,0.0,0.0,0.0,27.139945174912025,28.566513878660132,0.16666666666666666,0.0
simulated,SIM003,21,3.8154960261825925,-1.1802985959681385,29.177696680249863,75.19745499135736,1.9937000000000007,46.36316845658834,9.722320758392916,gentle,-4.5034246026253255,normal_20_80,discharge,0,0,0,0,0,0.0,0.0,0.0,27.236980960880498,29.177696680249863,0.175,0.0
simulated,SIM003,22,3.8145197033345783,1.2603822149666586,26.73517246082992,76.16852244710128,1.9934000000000007,0.0,9.722320758392916,gentle,4.807752792722797,normal_20_80,charge,0,0,0,0,0,0.0,0.0,0.0,27.21417148360547,29.177696680249863,0.18333333333333332,0.0
simulated,SIM003,23,3.810296072689153,1.6391296454425668,30.233729800263255,77.26919108077509,1.9931000000000008,0.0,9.722320758392916,gentle,6.245569250658176,normal_20_80,charge,0,0,0,0,0,0.0,0.0,0.0,27.345456627807984,30.233729800263255,0.19166666666666668,0.0
simulated,SIM003,24,3.804950897678803,-0.9988975134611844,27.883336677768206,76.34541367128236,1.9928000000000008,94.77124179449044,10.709655115274323,gentle,-3.8007559905332577,normal_20_80,discharge,0,0,0,0,0,0.0,0.0,0.0,27.367868296556324,30.233729800263255,0.2,0.0
simulated,SIM003,25,3.8149302029554666,0.9340043353623189,27.30122200428045,77.08477533543291,1.9925000000000008,0.0,10.709655115274323,gentle,3.563161348665057,normal_20_80,charge,0,0,0,0,0,0.0,0.0,0.0,27.36520244486529,30.233729800263255,0.20833333333333334,0.0
simulated,SIM003,26,3.8140293298731742,1.2809975423530728,26.3876081725922,77.95504342304517,1.9922000000000009,0.0,10.709655115274323,gentle,4.885762198030074,normal_20_80,charge,0,0,0,0,0,0.0,0.0,0.0,27.32760266516248,30.233729800263255,0.21666666666666667,0.0
simulated,SIM003,27,3.795481964504934,-0.8808946995381033,28.316057413780822,77.3391786454699,1.991900000000001,68.60377284476571,11.50187077598759,gentle,-3.3434199447248636,normal_20_80,discharge,0,0,0,0,0,0.0,0.0,0.0,27.364212100296495,30.233729800263255,0.225,0.0
simulated,SIM003,28,3.7947381394836355,-0.4979434347718602,24.71518519649845,76.95795214772065,1.991600000000001,64.07605653257293,12.740903594298628,gentle,-1.8895649432342598,normal_20_80,discharge,0,0,0,0,0,0.0,0.0,0.0,27.269603996589417,30.233729800263255,0.23333333333333334,0.0
simulated,SIM003,29,3.7774088659732525,-0.44544812986995114,24.976887331986884,76.62051354614039,1.991300000000001,36.54243498050802,13.420879111350036,gentle,-1.6826397151019583,normal_20_80,discharge,0,0,0,0,0,0.0,0.0,0.0,27.190544801258294,30.233729800263255,0.24166666666666667,0.0
simulated,SIM003,30,3.8404009091677422,1.0278673953497237,26.536751814507845,77.53687285773248,1.991000000000001,0.0,13.420879111350036,gentle,3.947422879604958,normal_20_80,charge,0,0,0,0,0,0.0,0.0,0.0,27.168751701699946,30.233729800263255,0.25,0.0
simulated,SIM003,31,3.807012590962788,-0.4441868033346891,25.95557144090484,77.13871404443381,1.990700000000001,50.04552859068624,14.258667050048723,gentle,-1.691024753034673,normal_20_80,discharge,0,0,0,0,0,0.0,0.0,0.0,27.129616854577527,30.233729800263255,0.25833333333333336,0.0
simulated,SIM003,32,3.7928647202929624,-1.2674012249518962,26.200933460754477,76.2147350244849,1.990400000000001,35.70338518255851,14.863219594804477,gentle,-4.807081392576132,normal_20_80,discharge,0,0,0,0,0,0.0,0.0,0.0,27.100595498520555,30.233729800263255,0.26666666666666666,0.0
simulated,SIM003,33,3.8221302648520132,-0.8475990480927544,26.704537741911615,75.37933721436704,1.990100000000001,91.23274978248081,16.596120851670083,gentle,-3.239633974175074,normal_20_80,discharge,0,0,0,0,0,0.0,0.0,0.0,27.088593748320285,30.233729800263255,0.275,0.0
simulated,SIM003,34,3.5183776229848216,-2.5367678603932697,45.129146074705005,8.02428280124436,1.9887200000000012,86.74518498181727,17.636320183576082,gentle,-8.925307274714765,low_0_20,discharge,1,0,1,1,0,70.0,2.0588235294117645,12.004900959975618,27.61919822850807,45.129146074705005,0.2833333333333333,19.833333333333332
simulated,SIM003,35,3.5325613109362557,-0.5735917166548101,26.658914239093555,7.657626355153645,1.9882400000000011,84.2657105251522,19.22742720793039,gentle,-2.0262479065282935,low_0_20,discharge,0,0,0,1,0,15.0,2.4285714285714284,12.027629257098777,27.59176154309623,45.129146074705005,0.2916666666666667,4.375
simulated,SIM003,36,3.5380827502735013,-0.8446013942619068,26.513332362490857,6.863444048554494,1.987760000000001,53.2341957015786,20.230581989543442,gentle,-2.9882696238950013,low_0_20,discharge,0,0,0,1,0,15.0,2.7777777777777777,12.038298672181003,27.5618051769683,45.129146074705005,0.3,4.5
simulated,SIM003,37,3.5174862126071487,-1.0521056090479184,27.053962021915442,6.073405431312674,1.987280000000001,85.98585135388858,21.917201853662846,gentle,-3.7007669740327,low_0_20,discharge,0,0,0,1,0,15.0,3.108108108108108,12.038788661340991,27.548079686291196,45.129146074705005,0.30833333333333335,4.625
simulated,SIM003,38,3.52288107082985,-1.6312496188041152,27.592479790637285,4.849963281115635,1.986800000000001,66.54523647911924,22.85924355637963,gentle,-5.746698403883426,low_0_20,discharge,0,0,0,1,0,15.0,3.4210526315789473,12.030662579644694,27.549248110089778,45.129146074705005,0.31666666666666665,4.75
simulated,SIM003,39,3.52774547008368,-0.572524156605135,26.501675780200756,4.3112089157830304,1.986320000000001,44.413036306137386,23.50194610515559,gentle,-2.0197194999772443,low_0_20,discharge,0,0,0,1,0,15.0,3.717948717948718,12.015228753432076,27.522387281118263,45.129146074705005,0.325,4.875
simulated,SIM003,40,3.4947165358001673,-0.3033639495503188,27.710741230849948,4.051112918690602,1.985840000000001,80.39675844011168,24.994025344121813,gentle,-1.060171010859147,low_0_20,discharge,0,0,0,1,0,15.0,4.0,11.99358803053339,27.527096129861555,45.129146074705005,0.3333333333333333,5.0
simulated,SIM003,41,3.4998514381957153,0.4378805157803173,28.293110101912454,4.426845451740037,1.985360000000001,0.0,24.994025344121813,gentle,1.532516752911625,low_0_20,charge,0,0,0,1,0,15.0,4.2682926829268295,11.966671195959012,27.545779397472554,45.129146074705005,0.3416666666666667,5.125
simulated,SIM003,42,3.5232428517221073,-3.783416137584825,47.460942534360264,0.7447310672050702,1.983980000000001,54.538056625822456,25.592742086594015,gentle,-13.3298938618358,low_0_20,discharge,1,0,1,1,0,70.0,5.833333333333333,15.575021695426562,28.01994994835083,47.460942534360264,0.35,24.5
simulated,SIM003,43,3.5306865279957647,-1.2353959789883242,26.35189489803576,0.0,1.983500000000001,89.03222727074316,26.727857499996453,gentle,-4.361795939754215,low_0_20,discharge,0,0,0,1,0,15.0,6.046511627906977,15.45185069570893,27.981157970436527,47.460942534360264,0.35833333333333334,5.375
simulated,SIM003,44,3.502974888037405,0.3684853271329559,26.33517558124926,0.357054469818242,1.983020000000001,0.0,26.727857499996453,gentle,1.2907948475569928,low_0_20,charge,0,0,0,1,0,15.0,6.25,15.33065783870483,27.94374927977318,47.460942534360264,0.36666666666666664,5.5
simulated,SIM003,45,3.5326030443155485,3.115184629290331,49.444701728868914,2.6760454476482987,1.981640000000001,0.0,26.727857499996453,gentle,11.004710705036027,low_0_20,charge,0,1,1,1,0,60.0,7.444444444444445,17.143187827498387,28.42154822308642,49.444701728868914,0.375,22.5
simulated,SIM003,46,3.514751561553247,0.8238632687308935,27.16810510005163,3.3291427356840804,1.981160000000001,0.0,26.727857499996453,gentle,2.8956747102782705,low_0_20,charge,0,0,0,1,0,15.0,7.608695652173913,16.988202783591476,28.394299459542186,49.444701728868914,0.38333333333333336,5.75
simulated,SIM003,47,3.5422694097433163,-1.134936600001776,25.66071571412702,2.3711719403896225,1.9806800000000009,51.74856172721063,27.658157071151003,gentle,-4.0202512001843775,low_0_20,discharge,0,0,0,1,0,15.0,7.76595744680851,16.83708738361143,28.336138103256754,49.444701728868914,0.39166666666666666,5.875
simulated,SIM003,48,3.5102627149531704,1.1960683519600153,27.807376881022932,3.487020334346649,1.9802000000000008,0.0,27.658157071151003,gentle,4.198514140420728,low_0_20,charge,0,0,0,1,0,15.0,7.916666666666667,16.68970039547685,28.325122244460218,49.444701728868914,0.4,6.0
simulated,SIM003,49,3.499989308867023,-0.488435691284642,26.18610787559822,3.0894005189318294,1.9797200000000008,68.57514749149962,28.294607233609558,gentle,-1.7095196975653206,low_0_20,discharge,0,0,0,1,0,15.0,8.061224489795919,16.545906043572263,28.281468889993647,49.444701728868914,0.4083333333333333,6.125
simulated,SIM003,50,3.554244570986411,0.8151406079633137,26.126392149307136,3.7801974841789403,1.9792400000000008,0.0,28.294607233609558,gentle,2.8972090804441697,low_0_20,charge,0,0,0,1,0,15.0,8.2,16.405573965663535,28.238367355179918,49.444701728868914,0.4166666666666667,6.25
simulated,SIM003,51,3.476966130744744,-1.6628083474412885,27.811034982443157,2.1376439871342408,1.9787600000000007,102.32972194801697,29.61795151507906,gentle,-5.781528305972999,low_0_20,discharge,0,0,0,1,0,15.0,8.5,16.38970557940538,28.232228893922024,49.444701728868914,0.425,6.375
simulated,SIM003,52,3.5346083834937057,1.286576954008661,27.007951653643218,3.0326044875459583,1.9782800000000007,0.0,29.61795151507906,gentle,4.5475456876488085,low_0_20,charge,0,0,0,1,0,15.0,8.8,16.368212099888577,28.22403193003091,49.444701728868914,0.43333333333333335,6.5
simulated,SIM003,53,3.5031790329740082,-0.5485594317472384,27.65088905692341,2.63122551335702,1.9778000000000007,39.03265799221978,30.39295357031659,gentle,-1.9217018996370623,low_0_20,discharge,0,0,0,1,0,15.0,9.1,16.341071331002077,28.26167408642545,49.444701728868914,0.44166666666666665,6.625
simulated,SIM003,54,3.4920326161279616,-0.6957598134909271,26.39584625828769,2.0718533692193892,1.9773200000000006,34.50055717192758,30.837536548625376,gentle,-2.429615961701425,low_0_20,discharge,0,0,0,1,0,15.0,9.4,16.308255077520386,28.242567182738952,49.444701728868914,0.45,6.75
simulated,SIM003,55,3.510535340882259,1.7085396792150942,28.496159577579746,3.182336621288115,1.9768400000000006,0.0,30.837536548625376,gentle,5.997888925184226,low_0_20,charge,0,0,0,1,0,15.0,9.7,16.269728996902593,28.313643706173217,49.444701728868914,0.4583333333333333,6.875
simulated,SIM003,56,3.509710257369026,-0.7854889728017941,27.78367844361177,2.632571388038357,1.9763600000000006,90.72070692208965,31.866953551215246,gentle,-2.7568387048927168,low_0_20,discharge,0,0,0,1,0,15.0,10.0,16.22545241657221,28.308918194108486,49.444701728868914,0.4666666666666667,7.0
simulated,SIM003,57,3.520115121234794,0.9313090910096904,25.346775733276164,3.2874875552227296,1.9758800000000005,0.0,31.866953551215246,gentle,3.278315213806642,low_0_20,charge,0,0,0,1,0,15.0,10.3,16.17537811437053,28.270162505678243,49.444701728868914,0.475,7.125
simulated,SIM003,58,3.4989832942598045,-0.6280486833171768,25.245909982007454,2.702448809868523,1.9754000000000005,105.35368060593758,33.04611674059436,gentle,-2.197531850908668,low_0_20,discharge,0,0,0,1,0,15.0,10.6,16.119452059356036,28.236980790140223,49.444701728868914,0.48333333333333334,7.25
simulated,SIM003,59,3.52270020431424,1.220681573393104,28.8208204526829,3.8923399226133446,1.9749200000000005,0.0,33.04611674059436,gentle,4.3000952279945155,low_0_20,charge,0,0,0,1,0,15.0,10.9,16.057613109534998,28.286452765813824,49.444701728868914,0.49166666666666664,7.375
simulated,SIM003,60,3.5033431378308295,-1.734283640760217,27.87471230179416,2.374339218989433,1.9744400000000004,82.71077550173396,34.40362738002222,gentle,-6.075790691909574,low_0_20,discharge,0,0,0,1,0,15.0,11.2,15.989792662437969,28.283228110517815,49.444701728868914,0.5,7.5
simulated,SIM003,61,3.463074149109048,-1.2075935340065003,26.847147607861462,1.5744330150031378,1.9739600000000004,31.192377220730123,34.82016047016374,gentle,-4.181985950249149,low_0_20,discharge,0,0,0,1,0,15.0,11.5,15.91591425368371,28.27117252116813,49.444701728868914,0.5083333333333333,7.625
simulated,SIM003,62,3.544176637965929,-0.39462856372069277,25.517244093936196,1.2887986525459167,1.9734800000000003,47.038442708614184,35.502509213244316,gentle,-1.3986333362129284,low_0_20,discharge,0,0,0,1,0,15.0,11.8,15.835893097772592,28.270265123058625,49.444701728868914,0.5166666666666667,7.750000000000001
simulated,SIM003,63,3.490135967932596,1.4500866549867606,28.853907610390724,2.6472001821462374,1.9730000000000003,0.0,35.502509213244316,gentle,5.060999591188358,low_0_20,charge,0,0,0,1,0,15.0,12.1,15.749635564296822,28.33863369374817,49.444701728868914,0.525,7.875
simulated,SIM003,64,3.520471010545743,-1.2305382068016186,27.680840486502177,1.6020498330819755,1.9725200000000003,49.400650494838445,36.48488497886176,gentle,-4.332074084414041,low_0_20,discharge,0,0,0,1,0,15.0,12.4,15.657038581508866,28.336978338233447,49.444701728868914,0.5333333333333333,8.0
simulated,SIM003,65,3.4831276676657206,-0.8797789014811992,26.79585239476419,0.978814599843332,1.9720400000000002,108.17869094912855,38.068102837933864,gentle,-3.064382233177719,low_0_20,discharge,0,0,0,1,0,15.0,12.7,15.557988957707973,28.327965662583964,49.444701728868914,0.5416666666666666,8.125
simulated,SIM003,66,3.503352652622966,-0.8759876291070021,26.951098796763652,0.22206027886145252,1.9715600000000002,108.20959628509353,39.68473838165175,gentle,-3.0688935840969185,low_0_20,discharge,0,0,0,1,0,15.0,13.0,15.452362609131383,28.32816186943475,49.444701728868914,0.55,8.25
simulated,SIM003,67,3.5299243624417835,1.344819469049177,27.982950171257002,1.4762367477806333,1.9710800000000002,0.0,39.68473838165175,gentle,4.747111006882714,low_0_20,charge,0,0,0,1,0,15.0,13.3,15.340023680901286,28.339989838527217,49.444701728868914,0.5583333333333333,8.375
simulated,SIM003,68,3.5110536860439403,-0.41457108512475055,27.20685748636489,1.125670148477359,1.9706000000000001,43.974169842684276,40.56380478755858,gentle,-1.4555813365544916,low_0_20,discharge,0,0,0,1,0,15.0,13.6,15.220823544991088,28.31793941490796,49.444701728868914,0.5666666666666667,8.5
simulated,SIM003,69,3.512889682111399,-0.4958151562387138,26.48852769122783,0.7625594690150355,1.97012,31.997218363070623,40.9185980404868,gentle,-1.741743946585429,low_0_20,discharge,0,0,0,1,0,15.0,13.9,15.094599656019705,28.288883658414665,49.444701728868914,0.575,8.625
simulated,SIM003,70,3.4948695314579723,-0.34301934201891227,28.082344461993145,0.42505561568156025,1.96964,37.804162541899544,41.37806356479994,gentle,-1.1988078471226578,low_0_20,discharge,0,0,0,1,0,15.0,14.2,14.961174241812625,28.279200270081322,49.444701728868914,0.5833333333333334,8.75
simulated,SIM003,71,3.5014230127527726,-0.985689259924412,29.91659841713269,0.0,1.96916,56.96673891792907,42.09682046089083,gentle,-3.4513150581225855,low_0_20,discharge,0,0,0,1,0,15.0,14.5,14.820352800890307,28.293978304818985,49.444701728868914,0.5916666666666667,8.875
simulated,SIM003,72,3.493820733221425,-1.5188332857582791,27.968455634938728,0.0,1.96868,50.70670840730405,43.07240811338789,gentle,-5.306531224089096,low_0_20,discharge,0,0,0,1,0,15.0,14.8,14.67192237310602,28.318643968301156,49.444701728868914,0.6,9.0
simulated,SIM003,73,3.4776046429659395,-1.2829459491218973,27.69427506690001,0.0,1.9682,99.02197361281334,44.002742603305784,gentle,-4.461578789340654,low_0_20,discharge,0,0,0,1,0,15.0,15.1,14.515649542223493,28.26785487363389,49.444701728868914,0.6083333333333333,9.125
simulated,SIM003,74,3.487387774412025,-0.658505898955634,27.022683972417575,0.0,1.96772,46.047945474559654,44.56139862535003,gentle,-2.2964654213960785,low_0_20,discharge,0,0,0,1,0,15.0,15.4,14.351278119856412,28.250641819526876,49.444701728868914,0.6166666666666667,9.25
simulated,SIM003,75,3.4961126363841015,-0.46355397158144485,27.214227820965327,0.0,1.9672399999999999,105.58970537920456,45.84591287275812,gentle,-1.620636897691926,low_0_20,discharge,0,0,0,1,0,15.0,15.7,14.178526448291372,28.248901935860577,49.444701728868914,0.625,9.375
simulated,SIM003,76,3.4878503267393657,0.40640668430792626,26.140578858458923,0.315651774257675,1.9667599999999998,0.0,45.84591287275812,gentle,1.4174856866524628,low_0_20,charge,0,0,0,1,0,15.0,16.0,13.997084244475303,28.24396134957791,49.444701728868914,0.6333333333333333,9.5
simulated,SIM003,77,3.516697684115322,-0.7669977576659011,23.47678342170416,0.0,1.9662799999999998,63.73724037676793,46.87799379438641,gentle,-2.697299238105319,low_0_20,discharge,0,0,0,1,0,15.0,16.3,13.806608887760667,28.147175869736376,49.444701728868914,0.6416666666666667,9.625
simulated,SIM003,78,3.5293356097205972,0.3862297961353189,26.59040684398356,0.2470544719039153,1.9657999999999998,0.0,46.87799379438641,gentle,1.3631345730355076,low_0_20,charge,0,0,0,1,0,15.0,16.6,13.60672102833218,28.18468030268608,49.444701728868914,0.65,9.75
simulated,SIM003,79,3.4857889965560753,0.8425501539230738,26.696206292728856,0.8642943135023623,1.9653199999999997,0.0,46.87799379438641,gentle,2.936952055591678,low_0_20,charge,0,0,0,1,0,15.0,16.9,13.396999359436228,28.219066681900916,49.444701728868914,0.6583333333333333,9.875
simulated,SIM003,80,3.510512295474156,-0.8486786218103266,25.048821398479227,0.11823831001281437,1.9648399999999997,44.8850258690554,47.62082554320578,gentle,-2.9792967367712127,low_0_20,discharge,0,0,0,1,0,15.0,17.2,13.176974351543091,28.189308073580346,49.444701728868914,0.6666666666666666,10.0
simulated,SIM003,81,3.494508959387895,-1.1644840986518854,26.100781789170195,0.0,1.9643599999999997,89.74699586292405,49.321105836589034,gentle,-4.069300115803751,low_0_20,discharge,0,0,0,1,0,15.0,17.5,12.946120685994185,28.192212280545654,49.444701728868914,0.675,10.125
simulated,SIM003,82,3.513459126672693,0.6781999704199162,25.946864448347494,0.5411097134665346,1.9638799999999996,0.0,49.321105836589034,gentle,2.382827875781005,low_0_20,charge,0,0,0,1,0,15.0,17.8,12.703848043094691,28.187130900297515,49.444701728868914,0.6833333333333333,10.25
simulated,SIM003,83,3.5031701621957865,0.6563781759684864,25.078268385580998,1.094978452236092,1.9633999999999996,0.0,49.321105836589034,gentle,2.2994044411692967,low_0_20,charge,0,0,0,1,0,15.0,18.1,12.449489785463793,28.1546055131709,49.444701728868914,0.6916666666666667,10.375
simulated,SIM003,84,3.4775719993258587,-1.7113039502442702,27.953015123873616,0.0,1.9629199999999996,51.19484689289507,50.27366012665374,gentle,-5.951182699705207,low_0_20,discharge,0,0,0,1,0,15.0,17.0,9.948848769417229,27.811082894154275,49.444701728868914,0.7,10.5
simulated,SIM003,85,3.4816432975012668,-1.3417935923307207,27.868867663322042,0.0,1.9624399999999995,79.98144813681066,51.85710266394154,gentle,-4.6716466673684005,low_0_20,discharge,0,0,0,1,0,15.0,17.0,9.948848769417229,27.83528196263884,49.444701728868914,0.7083333333333334,10.625
simulated,SIM003,86,3.5003782741254175,-0.42376754819918044,26.965373270854716,0.0,1.9619599999999995,72.132292232601,52.78253773549908,gentle,-1.483346718995807,low_0_20,discharge,0,0,0,1,0,15.0,17.0,9.948848769417229,27.844322780806124,49.444701728868914,0.7166666666666667,10.75
simulated,SIM003,87,3.5168696435780684,-0.8369798141167533,25.529009391486923,0.0,1.9614799999999994,46.28690668517968,53.35005839137554,gentle,-2.943548900554824,low_0_20,discharge,0,0,0,1,0,15.0,17.0,9.948848769417229,27.813823728197548,49.444701728868914,0.725,10.875
simulated,SIM003,88,3.506161181577358,-1.1255198008072362,24.5546049875393,0.0,1.9609999999999994,49.503889468342194,53.897712145633655,gentle,-3.946253834687012,low_0_20,discharge,0,0,0,1,0,15.0,17.0,9.948848769417229,27.753066232135588,49.444701728868914,0.7333333333333333,11.0
simulated,SIM003,89,3.545848672098276,-0.9443688145371154,26.02854659189132,0.0,1.9605199999999994,62.297592032900674,54.77285387480749,gentle,-3.348588906997454,low_0_20,discharge,0,0,0,1,0,15.0,17.0,9.948848769417229,27.743603648369405,49.444701728868914,0.7416666666666667,11.125
simulated,SIM003,90,3.522788941380218,-0.6694152111114595,26.955060109292038,0.0,1.9600399999999993,50.982503554299,55.661080605515565,gentle,-2.358208502895154,low_0_20,discharge,0,0,0,1,0,15.0,17.0,9.948848769417229,27.728490025938246,49.444701728868914,0.75,11.25
simulated,SIM003,91,3.5344775176947802,-0.664330956234211,24.708232620678803,0.0,1.9595599999999993,83.88860400160883,56.72503795610308,gentle,-2.348062829118494,low_0_20,discharge,0,0,0,1,0,15.0,17.0,9.948848769417229,27.656792476313573,49.444701728868914,0.7583333333333333,11.375
simulated,SIM003,92,3.504584670536019,-1.7440501643973134,29.695511370126674,0.0,1.9590799999999993,26.63241055735167,57.11031141024329,gentle,-6.112171470792648,low_0_20,discharge,0,0,0,1,0,15.0,15.9,6.363961030678929,27.301483853028902,49.444701728868914,0.7666666666666667,11.5
simulated,SIM003,93,3.486743674763672,-2.414495191493442,38.371372526267805,0.0,1.9581199999999992,78.91129230431068,57.986146669172385,gentle,-8.418725836687061,low_0_20,discharge,1,0,0,1,0,45.0,16.5,7.576144084141582,27.54187340559354,49.444701728868914,0.775,34.875
simulated,SIM003,94,3.5124531351435824,-0.9564628275620612,25.438007075777342,0.0,1.9576399999999992,64.78669902514557,58.92387601993548,gentle,-3.3595308573186577,low_0_20,discharge,0,0,0,1,0,15.0,16.5,7.576144084141582,27.523930035484103,49.444701728868914,0.7833333333333333,11.75
simulated,SIM003,95,3.5278883744452627,-2.2580856840871757,39.70358394943575,0.0,1.956679999999999,68.56481605110224,59.595746335266654,gentle,-7.966274233392426,low_0_20,discharge,1,0,0,1,0,45.0,16.2,5.938459911664724,27.329107679895444,39.70358394943575,0.7916666666666666,35.625
simulated,SIM003,96,3.4681892689766816,-0.7948776784082563,27.260351598294225,0.0,1.956199999999999,43.368869738413736,59.95094394554068,gentle,-2.756786234404612,low_0_20,discharge,0,0,0,1,0,15.0,16.2,5.938459911664724,27.33095260986029,39.70358394943575,0.8,12.0
simulated,SIM003,97,3.510773116437108,-1.0942244856209593,27.48586368348394,0.0,1.955719999999999,72.49892852521143,61.23412161714181,gentle,-3.841573907465287,low_0_20,discharge,0,0,0,1,0,15.0,16.2,5.938459911664724,27.367455569247433,39.70358394943575,0.8083333333333333,12.125
simulated,SIM003,98,3.504700505664091,-1.1548130440721505,26.073061230247774,0.0,1.955239999999999,99.9462256548995,62.099098580246235,gentle,-4.047273859507154,low_0_20,discharge,0,0,0,1,0,15.0,16.2,5.938459911664724,27.332769256231927,39.70358394943575,0.8166666666666667,12.25
simulated,SIM003,99,3.4923488881820166,0.31463352078709245,26.39825750543562,0.26139347423636966,1.954759999999999,0.0,62.099098580246235,gentle,1.0988100265055958,low_0_20,charge,0,0,0,1,0,15.0,16.2,5.938459911664724,27.337012248828675,39.70358394943575,0.825,12.375
simulated,SIM003,100,3.512256720573584,-2.654630670088703,41.11935996367466,0.0,1.953379999999999,50.894029527956505,62.75259168695855,gentle,-9.323744411659803,low_0_20,discharge,1,0,1,1,0,70.0,17.3,9.647353449077555,27.636871605116024,41.11935996367466,0.8333333333333334,58.333333333333336
simulated,SIM003,101,3.4779148728355285,1.3491504151557125,25.624301579184362,1.3403970113172363,1.952899999999999,0.0,62.75259168695855,gentle,4.692230294562281,low_0_20,charge,0,0,0,1,0,15.0,17.3,9.647353449077555,27.59313693705085,41.11935996367466,0.8416666666666667,12.625
simulated,SIM003,102,3.536444313044259,1.62603566573352,27.107212703272168,2.4682550491384068,1.952419999999999,0.0,62.75259168695855,gentle,5.750384582890442,low_0_20,charge,0,0,0,1,0,15.0,17.3,9.647353449077555,27.595122158043427,41.11935996367466,0.85,12.75
simulated,SIM003,103,3.50509253509997,-0.7679450874963627,26.503499994632133,1.9097275652536854,1.951939999999999,38.42833250699,63.35295100936463,gentle,-2.691718593550194,low_0_20,discharge,0,0,0,1,0,15.0,17.3,9.647353449077555,27.5721743767976,41.11935996367466,0.8583333333333333,12.875
simulated,SIM003,104,3.518742494031748,1.1922313110426133,26.81177728731577,3.0938553045821173,1.9514599999999989,0.0,63.35295100936463,gentle,4.195154976880826,low_0_20,charge,0,0,0,1,0,15.0,17.3,9.647353449077555,27.580492997378165,41.11935996367466,0.8666666666666667,13.0
simulated,SIM003,105,3.532119193060702,-1.422558273384353,27.35911251566568,1.8729335003588754,1.9509799999999988,37.47236389514436,63.77746840001189,gentle,-5.024645380668166,low_0_20,discharge,0,0,0,1,0,15.0,17.3,9.647353449077555,27.557752056139883,41.11935996367466,0.875,13.125
simulated,SIM003,106,3.53799028464577,-0.6196489309736142,25.224548774962138,1.3113770105625768,1.9504999999999988,71.5825819460322,65.16220558774144,gentle,-2.192311897675784,low_0_20,discharge,0,0,0,1,0,15.0,17.3,9.647353449077555,27.506569462766887,41.11935996367466,0.8833333333333333,13.25
simulated,SIM003,107,3.554310814964655,-0.8564212817970256,25.394576867268206,0.733158107932428,1.9500199999999988,45.498062786794605,65.6616822561214,gentle,-3.0439874240570606,low_0_20,discharge,0,0,0,1,0,15.0,17.3,9.647353449077555,27.50752548544673,41.11935996367466,0.8916666666666667,13.375
simulated,SIM003,108,3.4863082553631206,-1.7314870138445941,28.42396943626027,0.0,1.9495399999999987,71.24883801758432,66.80780621493398,gentle,-6.036497470420446,low_0_20,discharge,0,0,0,1,0,15.0,17.3,9.647353449077555,27.571086674531784,41.11935996367466,0.9,13.5
simulated,SIM003,109,3.4954347602479374,1.5224253396868892,26.964565587290362,1.0560220359983288,1.9490599999999987,0.0,66.80780621493398,gentle,5.321538452223826,low_0_20,charge,0,0,0,1,0,15.0,17.3,9.647353449077555,27.533961577223934,41.11935996367466,0.9083333333333333,13.625
simulated,SIM003,110,3.4975651322947936,0.7892862636775524,27.89400478368688,1.7482601268688773,1.9485799999999986,0.0,66.80780621493398,gentle,2.760580115237842,low_0_20,charge,0,0,0,1,0,15.0,17.3,9.647353449077555,27.534347426861792,41.11935996367466,0.9166666666666666,13.75
simulated,SIM003,111,3.467909509969856,-0.8828137576354833,26.22659041480933,0.9158962969324634,1.9480999999999986,41.01464985529455,67.25416331357707,gentle,-3.061518225636316,low_0_20,discharge,0,0,0,1,0,15.0,17.3,9.647353449077555,27.521936283000752,41.11935996367466,0.925,13.875
simulated,SIM003,112,3.4937260289018677,-0.6981754758509015,28.7794979647841,0.3417772893480481,1.9476199999999986,95.11520129079794,68.7118107616362,gentle,-2.439233832721242,low_0_20,discharge,0,0,0,1,0,15.0,17.3,9.647353449077555,27.587181360417702,41.11935996367466,0.9333333333333333,14.0
simulated,SIM003,113,3.5063120211790935,-0.6021230248465222,26.01842398344236,0.0,1.9471399999999985,49.510569052073,69.18968199173192,gentle,-2.111231200248079,low_0_20,discharge,0,0,0,1,0,15.0,17.3,9.647353449077555,27.53047168787874,41.11935996367466,0.9416666666666667,14.125
simulated,SIM003,114,3.4600326315624557,-0.964309578369565,26.09311954070007,0.0,1.9466599999999985,62.28651716342437,70.37361910510948,gentle,-3.336542608086928,low_0_20,discharge,0,0,0,1,0,15.0,17.3,9.647353449077555,27.498717268962697,41.11935996367466,0.95,14.25
simulated,SIM003,115,3.4890230117483325,-0.5984586546870047,25.799239237814614,0.0,1.9461799999999985,21.126889301576803,70.75352441427451,gentle,-2.0880360177829083,low_0_20,discharge,0,0,0,1,0,15.0,17.3,9.647353449077555,27.478785005823706,41.11935996367466,0.9583333333333334,14.375
simulated,SIM003,116,3.485570446579591,-0.619807305538979,26.689701588658554,0.0,1.9456999999999984,34.43742541786589,71.23475546359202,gentle,-2.160382026760792,low_0_20,discharge,0,0,0,1,0,15.0,17.3,9.647353449077555,27.473557061661605,41.11935996367466,0.9666666666666667,14.5
simulated,SIM003,117,3.4758428685644147,-0.3294691821755527,28.022406776427157,0.0,1.9452199999999984,101.65927251270409,73.18761964401885,gentle,-1.145183107276645,low_0_20,discharge,0,0,0,1,0,15.0,17.3,9.647353449077555,27.474346193765005,41.11935996367466,0.975,14.625
simulated,SIM003,118,3.5010757702032658,-1.0633589097864418,28.739150792928015,0.0,1.9447399999999984,60.26509972321906,73.70449037848854,gentle,-3.7229001140830715,low_0_20,discharge,0,0,0,1,0,15.0,17.3,9.647353449077555,27.504992059896267,41.11935996367466,0.9833333333333333,14.75
simulated,SIM003,119,3.51647319088198,0.5058465664530878,25.93307824725269,0.36472931989655677,1.9442599999999983,0.0,73.70449037848854,gentle,1.778795889631983,low_0_20,charge,0,0,0,1,0,15.0,17.3,9.647353449077555,27.493883071016768,41.11935996367466,0.9916666666666667,14.875
simulated,SIM003,120,3.5001238221895457,-0.4633829075636397,25.27394675580654,0.008064563766852328,1.9437799999999983,26.14397495139799,73.9189540630465,gentle,-1.6218975535589515,low_0_20,discharge,0,0,0,1,0,15.0,17.3,9.647353449077555,27.43771511689303,41.11935996367466,1.0,15.0
simulated,SIM004,1,3.7373252370166195,-0.9255081687312157,25.987533640647186,59.79970456178956,1.9997,42.24047441752798,0.46585477556601335,normal,-3.458925036064208,normal_20_80,discharge,0,0,0,0,0,0.0,0.0,0.0,25.987533640647186,25.987533640647186,0.008333333333333333,0.0
simulated,SIM004,2,3.514682149615203,-3.023662576210438,40.84812448645964,8.827826412839904,1.99832,34.50313583754363,1.072744075350316,normal,-10.627212883066344,low_0_20,discharge,1,0,1,1,0,70.0,35.0,49.49747468305833,33.41782906355341,40.84812448645964,0.016666666666666666,1.1666666666666667
simulated,SIM004,3,3.551480160246945,1.0914098868361113,27.030632636882938,9.717558790215806,1.99784,0.0,1.072744075350316,normal,3.8761205597958126,low_0_20,charge,0,0,0,1,0,15.0,28.333333333333332,36.85557397915997,31.288763587996588,40.84812448645964,0.025,0.375
simulated,SIM004,4,3.5293242039359587,-0.3760473138647259,25.546252601218907,9.409755648231807,1.99736,59.65928055617649,1.839681057575799,normal,-1.3271928866478793,low_0_20,discharge,0,0,0,1,0,15.0,25.0,30.822070014844883,29.85313584130217,40.84812448645964,0.03333333333333333,0.5
simulated,SIM004,5,3.5484284063842875,-0.7037018820075653,27.073252555905437,8.946099917972138,1.99688,26.38061707868792,2.1356384234922627,normal,-2.497035747741729,low_0_20,discharge,0,0,0,1,0,15.0,23.0,27.064737205448715,29.297159184222824,40.84812448645964,0.041666666666666664,0.625
simulated,SIM004,6,3.556701763622734,0.9958535409047362,27.510650650807957,9.646957885335487,1.9964,0.0,2.1356384234922627,normal,3.5419540452458196,low_0_20,charge,0,0,0,1,0,15.0,21.666666666666668,24.426761280748348,28.999407761987012,40.84812448645964,0.05,0.75
simulated,SIM004,7,3.5372463941726893,1.5813962957238872,29.293010976897406,10.899698220598045,1.99592,0.0,2.1356384234922627,normal,5.5937883448073675,low_0_20,charge,0,0,0,1,0,15.0,20.714285714285715,22.44039724629287,29.041351078402784,40.84812448645964,0.058333333333333334,0.875
simulated,SIM004,8,3.5720650277735153,0.36772019091189995,26.62400007005648,11.205576368842243,1.9954399999999999,0.0,2.1356384234922627,normal,1.3135204339625983,low_0_20,charge,0,0,0,1,0,15.0,20.0,20.873770280289225,28.739182202359494,40.84812448645964,0.06666666666666667,1.0
simulated,SIM004,9,3.5614044084286816,-1.515010545395118,26.05643728888313,10.097039171382812,1.9949599999999998,71.21043132397818,2.9265372010773443,normal,-5.3955652351861145,low_0_20,discharge,0,0,0,1,0,15.0,19.444444444444443,19.59662669384141,28.441099434195454,40.84812448645964,0.075,1.125
simulated,SIM004,10,3.5517366101907224,1.30885799022227,27.55918542486333,11.014015126713296,1.9944799999999998,0.0,2.9265372010773443,normal,4.6487188414130864,low_0_20,charge,0,0,0,1,0,15.0,19.0,18.52925614624973,28.352908033262242,40.84812448645964,0.08333333333333333,1.25
simulated,SIM004,11,3.5242468915917944,1.1354537952415864,25.905400796005594,11.775235937614728,1.9939999999999998,0.0,2.9265372010773443,normal,4.001619508426266,low_0_20,charge,0,0,0,1,0,15.0,18.636363636363637,17.61972035687699,28.13040737532982,40.84812448645964,0.09166666666666666,1.375
simulated,SIM004,12,3.5584545043930325,-0.40502278371670253,25.49941585544055,11.528873294085283,1.9935199999999997,95.82250359754792,4.084479351076979,normal,-1.441255149098505,low_0_20,discharge,0,0,0,1,0,15.0,18.333333333333332,16.832508230603462,27.911158082005713,40.84812448645964,0.1,1.5
simulated,SIM004,13,3.5444855773049255,-1.1225837936100342,26.391717407652905,10.498982632393993,1.9930399999999997,22.65014855685746,4.364193448039944,normal,-3.9789820657670156,low_0_20,discharge,0,0,0,1,0,15.0,18.076923076923077,16.142395208794852,27.794278030132418,40.84812448645964,0.10833333333333334,1.625
simulated,SIM004,14,3.5734513076942727,-1.3995625026671994,26.185580214547446,9.53365101461962,1.9925599999999997,59.67176332266579,5.054928510024977,normal,-5.001268455355973,low_0_20,discharge,0,0,0,1,0,15.0,17.857142857142858,15.530897952429898,27.679371043304922,40.84812448645964,0.11666666666666667,1.75
simulated,SIM004,15,3.528031860640032,-2.259577618836815,47.39309004875665,7.678301965612805,1.9911799999999997,45.81518157020473,5.8930175201704476,normal,-7.971861830845421,low_0_20,discharge,1,0,1,1,0,70.0,21.333333333333332,20.130526452085032,28.993618977001702,47.39309004875665,0.125,8.75
simulated,SIM004,16,3.53813103458581,-0.46115954452175717,25.49613092709033,7.2489084031714714,1.9906999999999997,20.160677089985008,6.231470699114383,normal,-1.6316428963678857,low_0_20,discharge,0,0,0,1,0,15.0,20.9375,19.512282456613494,28.775025973882244,47.39309004875665,0.13333333333333333,2.0
simulated,SIM004,17,3.537671242847067,0.8408336500097766,24.844162659219588,7.890811776958053,1.9902199999999997,0.0,6.231470699114383,normal,2.974593023657722,low_0_20,charge,0,0,0,1,0,15.0,20.58823529411765,18.94748935719919,28.54379872007856,47.39309004875665,0.14166666666666666,2.125
simulated,SIM004,18,3.537602854290864,-3.0807700396687987,47.527246947950474,5.782833467255676,1.9888399999999997,62.61647238785572,7.060699177433578,normal,-10.89854088574612,low_0_20,discharge,1,0,1,1,0,70.0,23.333333333333332,21.760730956581074,29.598434732738106,47.527246947950474,0.15,10.5
simulated,SIM004,19,3.5572725059518935,1.5661107444264089,28.11499450807876,7.028591846616392,1.9883599999999997,0.0,7.060699177433578,normal,5.571082692423917,low_0_20,charge,0,0,0,1,0,15.0,22.894736842105264,21.23386900643536,29.520358931440246,47.527246947950474,0.15833333333333333,2.375
simulated,SIM004,20,3.547179408908525,-1.0503572206494765,27.60009731484365,6.27282815774203,1.9878799999999996,40.85908150357834,7.563003928262578,normal,-3.7258055050862113,low_0_20,discharge,0,0,0,1,0,15.0,22.5,20.742785683093214,29.424345850610415,47.527246947950474,0.16666666666666666,2.5
simulated,SIM004,21,3.5311605650037774,0.4843098005436588,26.59213984237403,6.639327098764623,1.9873999999999996,0.0,7.563003928262578,normal,1.710175668924613,low_0_20,charge,0,0,0,1,0,15.0,22.142857142857142,20.2837021134844,29.289478897837256,47.527246947950474,0.175,2.625
simulated,SIM004,22,3.5135295600552916,-0.7624298541033193,25.492256885937316,6.057828559432101,1.9869199999999996,31.544731589850805,8.153292207197905,normal,-2.6788198298606556,low_0_20,discharge,0,0,0,1,0,15.0,21.818181818181817,19.853358510736772,29.11687789729635,47.527246947950474,0.18333333333333332,2.75
simulated,SIM004,23,3.548408664763636,0.977202223085087,26.27324733499927,6.907520915993809,1.9864399999999995,0.0,8.153292207197905,normal,3.46751283562141,low_0_20,charge,0,0,0,1,0,15.0,21.52173913043478,19.448929779430472,28.99324178589213,47.527246947950474,0.19166666666666668,2.875
simulated,SIM004,24,3.4858616239995186,-0.576082205026649,27.218305322383245,6.528848176521061,1.9859599999999995,64.09966035259069,9.017354120128076,normal,-2.008142850771418,low_0_20,discharge,0,0,0,1,0,15.0,21.25,19.067956275430756,28.919286099912593,47.527246947950474,0.2,3.0
simulated,SIM004,25,3.515167969816844,-1.3106551516931906,27.901705853595214,5.302744335417074,1.9854799999999995,81.44761109341523,10.16014545471223,normal,-4.60717300870734,low_0_20,discharge,0,0,0,1,0,15.0,21.0,18.708286933869708,28.878582890059896,47.527246947950474,0.20833333333333334,3.125
simulated,SIM004,26,3.5091585526566056,-0.6110061051700667,25.62346380337949,4.71279894152738,1.9849999999999994,40.61870299460838,10.527607665227075,normal,-2.144117299682941,low_0_20,discharge,0,0,0,1,0,15.0,20.76923076923077,18.368032430955022,28.753386002110652,47.527246947950474,0.21666666666666667,3.25
simulated,SIM004,27,3.48630523312809,1.5226387925903933,25.748616142986887,5.69505574969367,1.9845199999999994,0.0,10.527607665227075,normal,5.308383590771724,low_0_20,charge,0,0,0,1,0,15.0,20.555555555555557,18.04552647170555,28.642098229550513,47.527246947950474,0.225,3.375
simulated,SIM004,28,3.4963404939388862,-0.6575712304419142,24.569353637376498,5.10727224899955,1.9840399999999994,109.35179878221982,11.5061650493423,normal,-2.2990929206432837,low_0_20,discharge,0,0,0,1,0,15.0,20.357142857142858,17.73929366357465,28.496643065544298,47.527246947950474,0.23333333333333334,3.5
simulated,SIM004,29,3.527243389509524,1.1447323389881352,26.258800523823986,5.83352873523082,1.9835599999999993,0.0,11.5061650493423,normal,4.037749575453676,low_0_20,charge,0,0,0,1,0,15.0,20.17241379310345,17.448022740039796,28.419476081347046,47.527246947950474,0.24166666666666667,3.625
simulated,SIM004,30,3.5057234643301785,0.4269566355725311,26.008790017418136,6.101406317411911,1.9830799999999993,0.0,11.5061650493423,normal,1.4967918955780912,low_0_20,charge,0,0,0,1,0,15.0,20.0,17.170544144170172,28.33911987921608,47.527246947950474,0.25,3.75
simulated,SIM004,31,3.528557209580489,-1.4784422094033924,26.380232450499193,5.2128815587422,1.9825999999999993,30.4373750330898,11.866062875846493,normal,-5.216767916938448,low_0_20,discharge,0,0,0,1,0,15.0,19.838709677419356,16.90581117879007,28.2759299621607,47.527246947950474,0.25833333333333336,3.8750000000000004
simulated,SIM004,32,3.5322528214574698,-0.6795787641153935,26.19029119601047,4.57343961107832,1.9821199999999992,93.72567810692786,12.97986024640046,normal,-2.4004440069491793,low_0_20,discharge,0,0,0,1,0,15.0,19.6875,16.652884086160476,28.210753750718503,47.527246947950474,0.26666666666666666,4.0
simulated,SIM004,33,3.5298632985659224,0.9445685701064985,26.63573932146195,5.27415528665896,1.9816399999999992,0.0,12.97986024640046,normal,3.334197928597822,low_0_20,charge,0,0,0,1,0,15.0,19.545454545454547,16.410916544123364,28.163026040741034,47.527246947950474,0.275,4.125
simulated,SIM004,34,3.516623716717609,-1.5333464660306875,26.569033174703062,3.848367020083541,1.9811599999999991,96.09673031500868,14.086069409232579,normal,-5.392202548388647,low_0_20,discharge,0,0,0,1,0,15.0,19.41176470588235,16.179144164088314,28.116143897622266,47.527246947950474,0.2833333333333333,4.25
simulated,SIM004,35,3.5070302196314627,-2.2851726608908045,38.47945254825992,2.302028910203521,1.980199999999999,89.16301597458046,15.840964276570805,normal,-8.014169578819692,low_0_20,discharge,1,0,0,1,0,45.0,20.142857142857142,16.515844188042507,28.412238430497627,47.527246947950474,0.2916666666666667,13.125
simulated,SIM004,36,3.501874687124178,0.35221245604035056,26.57838893650696,2.597620433592669,1.979719999999999,0.0,15.840964276570805,normal,1.233403884297541,low_0_20,charge,0,0,0,1,0,15.0,20.0,16.300744943538188,28.361298166775665,47.527246947950474,0.3,4.5
simulated,SIM004,37,3.502999805436557,0.3954372860660337,26.868542387000126,2.890149346713154,1.979239999999999,0.0,15.840964276570805,normal,1.385216736151676,low_0_20,charge,0,0,0,1,0,15.0,19.864864864864863,16.093756833288154,28.32095341597092,47.527246947950474,0.30833333333333335,4.625
simulated,SIM004,38,3.4870331342376755,-1.714431731668242,28.368963482156612,1.8294050603589491,1.978759999999999,63.20613405192601,16.52694554774163,normal,-5.978280254715635,low_0_20,discharge,0,0,0,1,0,15.0,19.736842105263158,15.894388284780527,28.322216838765282,47.527246947950474,0.31666666666666665,4.75
simulated,SIM004,39,3.5425633735698563,3.044044544085466,48.5567161987731,3.751219906831701,1.977379999999999,0.0,16.52694554774163,normal,10.783720709392323,low_0_20,charge,0,1,1,1,0,60.0,20.76923076923077,16.95731721963853,28.841050155688556,48.5567161987731,0.325,19.5
simulated,SIM004,40,3.5256405504720925,1.1401042965927428,27.57427777727971,4.6475967787913275,1.976899999999999,0.0,16.52694554774163,normal,4.019597939834836,low_0_20,charge,0,0,0,1,0,15.0,20.625,16.76334141466478,28.80938084622834,48.5567161987731,0.3333333333333333,5.0
simulated,SIM004,41,3.549611639515628,0.9340947911208488,25.821209145500532,5.554830336368667,1.976419999999999,0.0,16.52694554774163,normal,3.3156737429734844,low_0_20,charge,0,0,0,1,0,15.0,20.48780487804878,16.57576838523559,28.73649860962522,48.5567161987731,0.3416666666666667,5.125
simulated,SIM004,42,3.5192312259148113,-0.6335706474833844,26.809557163021285,5.012185428891192,1.975939999999999,54.125528967294876,17.31315327590852,normal,-2.229681606446592,low_0_20,discharge,0,0,0,1,0,15.0,20.357142857142858,16.39426048968005,28.690619051372746,48.5567161987731,0.35,5.25
simulated,SIM004,43,3.5209510226448315,-0.7597092304258217,26.73985066930353,4.470834335386362,1.9754599999999989,32.20684706959065,17.68895881635176,normal,-2.674898991780515,low_0_20,discharge,0,0,0,1,0,15.0,20.232558139534884,16.218503849296166,28.645252344813,48.5567161987731,0.35833333333333334,5.375
simulated,SIM004,44,3.4939441483256166,-0.9694226150642478,25.803810972242587,3.5712858361945083,1.9749799999999988,24.478597697663833,17.940146892748118,normal,-3.387108473158245,low_0_20,discharge,0,0,0,1,0,15.0,20.113636363636363,16.048206317349873,28.580674131800034,48.5567161987731,0.36666666666666664,5.5
simulated,SIM004,45,3.505860774335948,0.5912867842188809,26.781023505096126,4.070033881522859,1.9744999999999988,0.0,17.940146892748118,normal,2.0729691431762185,low_0_20,charge,0,0,0,1,0,15.0,20.0,15.883095645141955,28.540681895651055,48.5567161987731,0.375,5.625
simulated,SIM004,46,3.4868581823543585,-0.4026607443207576,26.76746845035415,3.7908911122005464,1.9740199999999988,70.85463054072827,18.535369259516674,normal,-1.40402091104773,low_0_20,discharge,0,0,0,1,0,15.0,19.891304347826086,15.722917824867503,28.502133777275038,48.5567161987731,0.38333333333333336,5.75
simulated,SIM004,47,3.545917516049424,1.7220519062098987,26.868185610695082,4.9699527389512035,1.9735399999999987,0.0,18.535369259516674,normal,6.10625401777598,low_0_20,charge,0,0,0,1,0,15.0,19.78723404255319,15.567435590964104,28.467368922666953,48.5567161987731,0.39166666666666666,5.875
simulated,SIM004,48,3.5138299877171524,-3.3360885617893796,45.1379561322881,2.2092219961874187,1.9721599999999988,57.637835510390396,19.60910661305279,normal,-11.722448030095709,low_0_20,discharge,1,0,1,1,0,70.0,20.833333333333332,17.021054963096077,28.814672822867394,48.5567161987731,0.4,28.0
simulated,SIM004,49,3.5230620734706077,0.42067384939008184,26.088179542757562,2.6172676169670166,1.9716799999999988,0.0,19.60910661305279,normal,1.482060084087084,low_0_20,charge,0,0,0,1,0,15.0,20.714285714285715,16.863421954040053,28.759030102865154,48.5567161987731,0.4083333333333333,6.125
simulated,SIM004,50,3.50803578917486,-0.4196184451444113,25.031360230544728,2.2017417215734354,1.9711999999999987,34.68271058713041,19.995986796967905,normal,-1.4720365233645027,low_0_20,discharge,0,0,0,1,0,15.0,20.6,16.710011663548247,28.684476705418742,48.5567161987731,0.4166666666666667,6.25
simulated,SIM004,51,3.5205721582710825,1.3384604207168882,28.609518705136242,3.4652576062174982,1.9707199999999987,0.0,19.995986796967905,normal,4.712146492123676,low_0_20,charge,0,0,0,1,0,15.0,20.9,16.465486476201036,28.736916406708524,48.5567161987731,0.425,6.375
simulated,SIM004,52,3.4992461747646963,-0.6411266902945039,28.15763675085769,2.865399068990054,1.9702399999999987,84.19626703130997,20.846264041991493,normal,-2.243460118552593,low_0_20,discharge,0,0,0,1,0,15.0,19.8,14.87910464719033,28.483106651996486,48.5567161987731,0.43333333333333335,6.5
simulated,SIM004,53,3.5169451093355177,-1.6960568932000306,29.452249980234892,1.5786824866413534,1.9697599999999986,105.15328882241855,22.05609175707071,normal,-5.964938995694641,low_0_20,discharge,0,0,0,1,0,15.0,19.8,14.87910464719033,28.531538998863525,48.5567161987731,0.44166666666666665,6.625
simulated,SIM004,54,3.480163507189544,-1.0994536149209204,27.40206135106988,0.6174721081316021,1.9692799999999986,51.73074114409726,22.834498936954628,normal,-3.8262783484954124,low_0_20,discharge,0,0,0,1,0,15.0,19.8,14.87910464719033,28.56865517386054,48.5567161987731,0.45,6.75
simulated,SIM004,55,3.5471766419903794,-0.8254984060602435,27.14041630895082,0.1000356626906791,1.9687999999999986,95.79425436261168,24.114992936463732,normal,-2.9281886639771852,low_0_20,discharge,0,0,0,1,0,15.0,19.8,14.87910464719033,28.569998448921456,48.5567161987731,0.4583333333333333,6.875
simulated,SIM004,56,3.49705197109759,-1.3701026224449093,27.580252376874075,0.0,1.9683199999999985,72.21589291439413,25.513703841775794,normal,-4.791320076426947,low_0_20,discharge,0,0,0,1,0,15.0,19.8,14.87910464719033,28.57139048344278,48.5567161987731,0.4666666666666667,7.0
simulated,SIM004,57,3.5190295276763055,-1.096860605998805,27.85100275980389,0.0,1.9678399999999985,94.32091271100236,26.910540445790353,normal,-3.8598848602547213,low_0_20,discharge,0,0,0,1,0,15.0,19.8,14.87910464719033,28.542550319100904,48.5567161987731,0.475,7.125
simulated,SIM004,58,3.4830332325993045,3.0250025223070462,43.10400059109255,2.2178659744477898,1.9664599999999985,0.0,26.910540445790353,normal,10.53618431389216,low_0_20,charge,0,1,1,1,0,60.0,20.7,15.908218900034932,28.872150329521624,48.5567161987731,0.48333333333333334,29.0
simulated,SIM004,59,3.531861630550043,-1.5931455091256561,28.747187945765063,1.0284593300604734,1.9659799999999985,63.36238026724894,27.824537541054116,normal,-5.626769495564019,low_0_20,discharge,0,0,0,1,0,15.0,20.7,15.908218900034932,28.925965342659264,48.5567161987731,0.49166666666666664,7.375
simulated,SIM004,60,3.502762964319206,1.3258873833293923,26.678479224539466,2.327003460274293,1.9654999999999985,0.0,27.824537541054116,normal,4.644269221184297,low_0_20,charge,0,0,0,1,0,15.0,20.7,15.908218900034932,28.908351218652786,48.5567161987731,0.5,7.5
simulated,SIM004,61,3.551448236240168,1.684432570345475,27.766054180911727,3.998658314540966,1.9650199999999984,0.0,27.824537541054116,normal,5.98217508101893,low_0_20,charge,0,0,0,1,0,15.0,20.7,15.908218900034932,28.94556428635091,48.5567161987731,0.5083333333333333,7.625
simulated,SIM004,62,3.4733533630880165,-1.4184032330548872,28.4163818295555,2.6614666552337676,1.9645399999999984,46.40877814667163,28.260378045046483,normal,-4.9266156397461085,low_0_20,discharge,0,0,0,1,0,15.0,20.7,15.908218900034932,29.003903605833212,48.5567161987731,0.5166666666666667,7.750000000000001
simulated,SIM004,63,3.5137467000826343,-0.9631352953729739,27.23722374264558,1.7608263164220581,1.9640599999999984,80.1112665976701,29.7115729670211,normal,-3.3842134658499003,low_0_20,discharge,0,0,0,1,0,15.0,20.7,15.908218900034932,29.02081373253306,48.5567161987731,0.525,7.875
simulated,SIM004,64,3.521778499145714,-1.1743599603061934,26.040350960886737,0.6908619774643832,1.9635799999999983,92.77375126978109,30.793280715899755,normal,-4.135835658463966,low_0_20,discharge,0,0,0,1,0,15.0,20.7,15.908218900034932,29.01790914745985,48.5567161987731,0.5333333333333333,8.0
simulated,SIM004,65,3.5165617830108493,0.33469288633638683,26.06351104761691,0.9249123879607827,1.9630999999999983,0.0,30.793280715899755,normal,1.176968213136132,low_0_20,charge,0,0,0,1,0,15.0,19.6,14.244225468015923,28.591317567437056,48.5567161987731,0.5416666666666666,8.125
simulated,SIM004,66,3.4645740371069325,0.4383940670871056,24.23792495730637,1.2241733220723445,1.9626199999999983,0.0,30.793280715899755,normal,1.5188487028517008,low_0_20,charge,0,0,0,1,0,15.0,19.6,14.244225468015923,28.566153448041376,48.5567161987731,0.55,8.25
simulated,SIM004,67,3.5406597025387376,0.7037961615622447,27.100479199830126,1.8364217065679989,1.9621399999999982,0.0,30.793280715899755,normal,2.4919027080448823,low_0_20,charge,0,0,0,1,0,15.0,19.6,14.244225468015923,28.611279778853586,48.5567161987731,0.5583333333333333,8.375
simulated,SIM004,68,3.515372925784747,-0.4284819172020848,25.93020255840009,1.5284465472749749,1.9616599999999982,23.06822469832871,31.12208460037742,normal,-1.5062737309205505,low_0_20,discharge,0,0,0,1,0,15.0,18.5,12.257858786950367,28.17933889106258,48.5567161987731,0.5666666666666667,8.5
simulated,SIM004,69,3.5415056465900348,0.5918072466006932,25.64596419818777,1.9737994624408413,1.9611799999999981,0.0,31.12208460037742,normal,2.095888705529256,low_0_20,charge,0,0,0,1,0,15.0,18.5,12.257858786950367,28.12995828486476,48.5567161987731,0.575,8.625
simulated,SIM004,70,3.50713207204831,-0.5101608557368181,27.769665680665202,1.630034102225296,1.960699999999998,89.35731915837887,32.29722659094896,normal,-1.789201499058206,low_0_20,discharge,0,0,0,1,0,15.0,18.5,12.257858786950367,28.13334965218119,48.5567161987731,0.5833333333333334,8.75
simulated,SIM004,71,3.4797364798635755,-1.1503972461831902,25.218697547711166,0.8633391551310617,1.960219999999998,58.45417643279605,32.96409195951609,normal,-4.003079263878245,low_0_20,discharge,0,0,0,1,0,15.0,18.5,12.257858786950367,28.10588080628793,48.5567161987731,0.5916666666666667,8.875
simulated,SIM004,72,3.4957892639764268,0.41341803256249887,26.81148962491338,1.26234576280744,1.959739999999998,0.0,32.96409195951609,normal,1.4452223197662404,low_0_20,charge,0,0,0,1,0,15.0,18.5,12.257858786950367,28.132265461067455,48.5567161987731,0.6,9.0
simulated,SIM004,73,3.515262892254844,-0.8038626693170068,26.20353846506663,0.4725465103500167,1.959259999999998,39.619886732936564,33.671006235459906,normal,-2.8257886119190005,low_0_20,discharge,0,0,0,1,0,15.0,18.5,12.257858786950367,28.130871283668803,48.5567161987731,0.6083333333333333,9.125
simulated,SIM004,74,3.468210944983534,-1.2389665022187992,29.00430984394153,0.0,1.958779999999998,25.350119965281237,34.169150791967084,normal,-4.296997183463206,low_0_20,discharge,0,0,0,1,0,15.0,18.5,12.257858786950367,28.166591374099962,48.5567161987731,0.6166666666666667,9.25
simulated,SIM004,75,3.4785396009060694,-0.9040710039278357,27.165577527386528,0.0,1.958299999999998,51.45447132423388,34.59752163370087,normal,-3.144846789193883,low_0_20,discharge,0,0,0,1,0,15.0,18.5,12.257858786950367,28.15186880757579,48.5567161987731,0.625,9.375
simulated,SIM004,76,3.503316097637768,1.123352747711817,25.671801666063345,0.767100568148681,1.957819999999998,0.0,34.59752163370087,normal,3.935459764384427,low_0_20,charge,0,0,0,1,0,15.0,18.5,12.257858786950367,28.15283556482947,48.5567161987731,0.6333333333333333,9.5
simulated,SIM004,77,3.475799052247697,-2.638735243886166,44.321287397395224,0.0,1.956439999999998,37.489932081890416,35.271583464801566,normal,-9.171713459832132,low_0_20,discharge,1,0,1,1,0,70.0,19.6,14.244225468015923,28.524288989917636,48.5567161987731,0.6416666666666667,44.91666666666667
simulated,SIM004,78,3.520783503942542,-0.5622514537447985,25.76221126998978,0.0,1.955959999999998,32.56035223438754,35.64902609892423,normal,-1.9795656434123996,low_0_20,discharge,0,0,0,1,0,15.0,19.6,14.244225468015923,28.548146142569905,48.5567161987731,0.65,9.75
simulated,SIM004,79,3.48297093360417,-0.8921704888104436,25.463316491864116,0.0,1.9554799999999979,20.387580916743097,35.919830762297345,normal,-3.107403880346199,low_0_20,discharge,0,0,0,1,0,15.0,19.6,14.244225468015923,28.532236461930708,48.5567161987731,0.6583333333333333,9.875
simulated,SIM004,80,3.472620295942264,-1.4096827124970022,27.100029477898968,0.0,1.9549999999999979,40.86363268403554,36.61387186893957,normal,-4.895292798256033,low_0_20,discharge,0,0,0,1,0,15.0,19.6,14.244225468015923,28.55406125114032,48.5567161987731,0.6666666666666666,10.0
simulated,SIM004,81,3.5119894570811088,1.4861419198059815,26.84697339730214,1.4209619063365948,1.9545199999999978,0.0,36.61387186893957,normal,5.219314754084886,low_0_20,charge,0,0,0,1,0,15.0,19.6,14.244225468015923,28.563396070076383,48.5567161987731,0.675,10.125
simulated,SIM004,82,3.534614054935171,0.7925652191159809,26.15732700718056,1.9710334435057426,1.9540399999999978,0.0,36.61387186893957,normal,2.8014121629401196,low_0_20,charge,0,0,0,1,0,15.0,19.6,14.244225468015923,28.562736786299784,48.5567161987731,0.6833333333333333,10.25
simulated,SIM004,83,3.522773813334469,0.8042118873740212,26.102630587577227,2.6991589516299745,1.9535599999999977,0.0,36.61387186893957,normal,2.8330565772134912,low_0_20,charge,0,0,0,1,0,15.0,19.6,14.244225468015923,28.55207461162209,48.5567161987731,0.6916666666666667,10.375
simulated,SIM004,84,3.513005860084051,-0.32466404552019634,24.575482056571744,2.3884711875079563,1.9530799999999977,89.07196070819762,37.681157064723386,normal,-1.1405466944710447,low_0_20,discharge,0,0,0,1,0,15.0,19.6,14.244225468015923,28.512203589259457,48.5567161987731,0.7,10.5
simulated,SIM004,85,3.500206790784698,-0.9864175662959318,28.188224339228146,1.476109624234158,1.9525999999999977,71.8636796969745,38.57724963265318,normal,-3.4526654640983354,low_0_20,discharge,0,0,0,1,0,15.0,19.0,13.77664394427565,28.306379025078826,48.5567161987731,0.7083333333333334,10.625
simulated,SIM004,86,3.4755475996769833,-1.2156046679404375,27.564018923783323,0.44409160938245207,1.9521199999999976,103.55883040500103,39.943953913490795,normal,-4.224891885816524,low_0_20,discharge,0,0,0,1,0,15.0,19.0,13.77664394427565,28.326091624824347,48.5567161987731,0.7166666666666667,10.75
simulated,SIM004,87,3.4764497500121663,-0.4383999428742639,26.224908439929838,0.16841045299134627,1.9516399999999976,29.67226275190255,40.443172227421776,normal,-1.5240753718105828,low_0_20,discharge,0,0,0,1,0,15.0,19.0,13.77664394427565,28.31321894588295,48.5567161987731,0.725,10.875
simulated,SIM004,88,3.5171406758546815,-0.9276789857797403,27.672402272945504,0.0,1.9511599999999976,90.28810625522163,41.41947713558364,normal,-3.2627774950215414,low_0_20,discharge,0,0,0,1,0,15.0,19.0,13.77664394427565,28.299287721698725,48.5567161987731,0.7333333333333333,11.0
simulated,SIM004,89,3.5150643965255615,-0.7443917622672812,27.659695172980722,0.0,1.9506799999999975,47.24600991703397,42.051536836320324,normal,-2.61658498061264,low_0_20,discharge,0,0,0,1,0,15.0,18.1,12.449489785463793,27.881347301182878,45.1379561322881,0.7416666666666667,11.125
simulated,SIM004,90,3.468368778486784,0.3131312417599148,26.589810102361884,0.2784974004968835,1.9501999999999975,0.0,42.051536836320324,normal,1.0860546224888854,low_0_20,charge,0,0,0,1,0,15.0,18.1,12.449489785463793,27.86165794768452,45.1379561322881,0.75,11.25
simulated,SIM004,91,3.4966716334668075,1.6680253436175785,29.831241905413428,1.391357926999092,1.9497199999999975,0.0,42.051536836320324,normal,5.832536902931311,low_0_20,charge,0,0,0,1,0,15.0,18.1,12.449489785463793,27.941858602882782,45.1379561322881,0.7583333333333333,11.375
simulated,SIM004,92,3.4917644907183183,0.3885484271635753,25.47772455628977,1.691505502749947,1.9492399999999974,0.0,42.051536836320324,normal,1.356719600894225,low_0_20,charge,0,0,0,1,0,15.0,18.1,12.449489785463793,27.91522195074815,45.1379561322881,0.7666666666666667,11.5
simulated,SIM004,93,3.510872944027513,2.644091539607352,37.2272526412325,3.6702209908501677,1.9482799999999973,0.0,42.051536836320324,normal,9.283069447939504,low_0_20,charge,0,1,0,1,0,35.0,18.5,12.667248464977286,28.124969990186724,45.1379561322881,0.775,27.125
simulated,SIM004,94,3.5483543386200926,1.3835721892678803,27.13311824516514,4.745249605621938,1.9477999999999973,0.0,42.051536836320324,normal,4.909404380582783,low_0_20,charge,0,0,0,1,0,15.0,18.5,12.667248464977286,28.15155613564518,45.1379561322881,0.7833333333333333,11.75
simulated,SIM004,95,3.558238873051668,-0.7702837058498712,27.3670456155817,4.215805065899364,1.9473199999999973,98.89508237019966,43.678392803085764,normal,-2.740853425433308,low_0_20,discharge,0,0,0,1,0,15.0,18.5,12.667248464977286,28.16327657785489,45.1379561322881,0.7916666666666666,11.875
simulated,SIM004,96,3.548367191933442,1.297352671643098,29.893185746550127,5.161430638886971,1.9468399999999972,0.0,43.678392803085764,normal,4.603483656425569,low_0_20,charge,0,0,0,1,0,15.0,18.5,12.667248464977286,28.22579092377881,45.1379561322881,0.8,12.0
simulated,SIM004,97,3.5004069690813067,-0.8110574582806631,27.14848992169971,4.61992568293196,1.9463599999999972,31.214143171400487,44.179573935630245,normal,-2.839031179291004,low_0_20,discharge,0,0,0,1,0,15.0,18.5,12.667248464977286,28.2313970099989,45.1379561322881,0.8083333333333333,12.125
simulated,SIM004,98,3.509930737695919,-0.49843362909980915,23.69793087875851,4.307187374818445,1.9458799999999972,89.12264073227263,45.96092247412795,normal,-1.7494675154787471,low_0_20,discharge,0,0,0,1,0,15.0,17.4,10.263865683820605,27.80259650492831,44.321287397395224,0.8166666666666667,12.25
simulated,SIM004,99,3.489119840400458,-1.430006739295662,27.605961813997506,3.414849972395183,1.9453999999999971,60.77355808789228,47.01496223368885,normal,-4.989464885982859,low_0_20,discharge,0,0,0,1,0,15.0,17.4,10.263865683820605,27.83295215035311,44.321287397395224,0.825,12.375
simulated,SIM004,100,3.5530790487109036,-1.1578880392993214,26.99990530061979,2.577659662319312,1.944919999999997,34.37200631776232,47.359019385507686,normal,-4.114067733187366,low_0_20,discharge,0,0,0,1,0,15.0,17.4,10.263865683820605,27.87232305175461,44.321287397395224,0.8333333333333334,12.5
simulated,SIM004,101,3.5120785521091156,0.8017105260102615,27.180226439742118,3.1216133972742663,1.944439999999997,0.0,47.359019385507686,normal,2.8156703434007566,low_0_20,charge,0,0,0,1,0,15.0,17.4,10.263865683820605,27.843737206446725,44.321287397395224,0.8416666666666667,12.625
simulated,SIM004,102,3.5211574677365562,1.5641949982893546,27.68155548230481,4.620877233197014,1.943959999999997,0.0,47.359019385507686,normal,5.507776899222731,low_0_20,charge,0,0,0,1,0,15.0,17.4,10.263865683820605,27.834215581075668,44.321287397395224,0.85,12.75
simulated,SIM004,103,3.5404423300663557,-0.6642013527527217,26.92490613867225,4.110846546988631,1.943479999999997,25.415396319734022,47.563290975571164,normal,-2.351566584973072,low_0_20,discharge,0,0,0,1,0,15.0,17.4,10.263865683820605,27.783668704244416,44.321287397395224,0.8583333333333333,12.875
simulated,SIM004,104,3.5022272181885787,-0.6973701170926201,27.108034638878163,3.478730085266155,1.942999999999997,63.895278252574386,48.12814518822947,normal,-2.4423486052331302,low_0_20,discharge,0,0,0,1,0,15.0,17.4,10.263865683820605,27.77778817000058,44.321287397395224,0.8666666666666667,13.0
simulated,SIM004,105,3.497204157172427,0.7615641873983184,27.34166496837893,4.23312769248309,1.942519999999997,0.0,48.12814518822947,normal,2.6633454421230405,low_0_20,charge,0,0,0,1,0,15.0,17.4,10.263865683820605,27.781813143189144,44.321287397395224,0.875,13.125
simulated,SIM004,106,3.537486430007567,1.475509782298392,28.61584954174728,5.492987380273846,1.9420399999999969,0.0,48.12814518822947,normal,5.219595832223981,low_0_20,charge,0,0,0,1,0,15.0,17.4,10.263865683820605,27.802525086486607,44.321287397395224,0.8833333333333333,13.25
simulated,SIM004,107,3.506565783206843,-1.406314948027471,27.73985465126351,4.5733926005699095,1.9415599999999968,23.86314843711218,48.3284545500105,normal,-4.93133587716544,low_0_20,discharge,0,0,0,1,0,15.0,17.4,10.263865683820605,27.800302124315802,44.321287397395224,0.8916666666666667,13.375
simulated,SIM004,108,3.5362146140933994,0.8683115607363443,27.612501678760786,5.240083594864946,1.9410799999999968,0.0,48.3284545500105,normal,3.070536030662109,low_0_20,charge,0,0,0,1,0,15.0,16.5,8.222046023729527,27.49047214606917,44.321287397395224,0.9,13.5
simulated,SIM004,109,3.5219323915644187,-0.7936126873857574,26.339890544403584,4.58766564863945,1.9405999999999968,28.878402881371922,48.7549262336908,normal,-2.795050230060386,low_0_20,discharge,0,0,0,1,0,15.0,16.5,8.222046023729527,27.442326198041936,44.321287397395224,0.9083333333333333,13.625
simulated,SIM004,110,3.523467245338023,-0.5001737673888309,27.515615530972237,4.137190330536974,1.9401199999999967,76.14016041010815,49.99321683673702,normal,-1.762345886371865,low_0_20,discharge,0,0,0,1,0,15.0,16.5,8.222046023729527,27.45906892417059,44.321287397395224,0.9166666666666666,13.75
simulated,SIM004,111,3.521474885457076,-0.990517290386195,28.269760614501273,3.1923302158708156,1.9396399999999967,98.4367730331802,51.430285640282804,normal,-3.4880817617059794,low_0_20,discharge,0,0,0,1,0,15.0,16.5,8.222046023729527,27.469143052842384,44.321287397395224,0.925,13.875
simulated,SIM004,112,3.5014082842229515,-3.1591964900690828,41.21516438957887,0.4720821165372633,1.9382599999999968,98.84503297719414,53.170806569458406,normal,-11.061636761815958,low_0_20,discharge,1,0,1,1,0,70.0,17.6,11.168468734681179,27.72511870404285,44.321287397395224,0.9333333333333333,65.33333333333333
simulated,SIM004,113,3.519842475939929,-2.4273821746499245,46.54158623733559,0.0,1.9368799999999968,26.769378827031314,53.649517567878824,normal,-8.544002883672238,low_0_20,discharge,1,0,1,1,0,70.0,18.7,13.393952336172974,28.11120595393665,46.54158623733559,0.9416666666666667,65.91666666666667
simulated,SIM004,114,3.5107923220496513,-0.718861921776556,25.667264800379797,0.0,1.9363999999999968,42.886885353763105,54.09825640922813,normal,-2.5237749155869897,low_0_20,discharge,0,0,0,1,0,15.0,18.7,13.393952336172974,28.103744230726512,46.54158623733559,0.95,14.25
simulated,SIM004,115,3.4870534312961623,-1.028737024752266,27.340911658778445,0.0,1.9359199999999968,107.2975643717413,55.747116497415256,normal,-3.5872609720637945,low_0_20,discharge,0,0,0,1,0,15.0,18.7,13.393952336172974,28.12929224294974,46.54158623733559,0.9583333333333334,14.375
simulated,SIM004,116,3.492636090143195,-1.1933315541033314,28.213913820430648,0.0,1.9354399999999967,96.509851515977,57.12720319679899,normal,-4.167872853367962,low_0_20,discharge,0,0,0,1,0,15.0,18.7,13.393952336172974,28.208812020212225,46.54158623733559,0.9666666666666667,14.5
simulated,SIM004,117,3.510146295506302,-0.412875803037126,24.71840186988035,0.0,1.9349599999999967,53.79252239946643,57.903916889365405,normal,-1.4492544705349575,low_0_20,discharge,0,0,0,1,0,15.0,18.7,13.393952336172974,28.161170473613232,46.54158623733559,0.975,14.625
simulated,SIM004,118,3.4954541682703173,-0.47521600576897904,26.97441688271502,0.0,1.9344799999999966,47.11077436308352,58.44174062493472,normal,-1.6610957681939489,low_0_20,discharge,0,0,0,1,0,15.0,18.7,13.393952336172974,28.182054760099533,46.54158623733559,0.9833333333333333,14.75
simulated,SIM004,119,3.5146129994301125,-1.2619440899966812,27.20840352715131,0.0,1.9339999999999966,97.54971589576377,59.564844074592216,normal,-4.43524510325634,low_0_20,discharge,0,0,0,1,0,15.0,18.7,13.393952336172974,28.213303546678798,46.54158623733559,0.9916666666666667,14.875
simulated,SIM004,120,3.5235191674311723,0.8032349586562104,26.425152010742725,0.6467928540485025,1.9335199999999966,0.0,59.564844074592216,normal,2.8302137727759424,low_0_20,charge,0,0,0,1,0,15.0,18.7,13.393952336172974,28.18641327328035,46.54158623733559,1.0,15.0
simulated,SIM005,1,3.7603350103254365,-0.5395646404034706,26.81574373437335,62.93505609831678,1.9997,56.905047804265514,0.4728214605916116,aggressive,-2.028943807642825,normal_20_80,discharge,0,0,0,0,0,0.0,0.0,0.0,26.81574373437335,26.81574373437335,0.008333333333333333,0.0
simulated,SIM005,2,3.753085871711079,2.257104975220742,38.71033602793868,64.58807873522386,1.99892,0.0,0.4728214605916116,aggressive,8.471108793469751,normal_20_80,charge,0,1,0,0,0,20.0,10.0,14.142135623730951,32.76303988115602,38.71033602793868,0.016666666666666666,0.3333333333333333
simulated,SIM005,3,3.7995768507315897,2.584096544914962,46.10358293323217,66.30911958390135,1.99772,0.0,0.4728214605916116,aggressive,9.818473412114374,normal_20_80,charge,0,1,1,0,0,45.0,21.666666666666668,22.546248764114473,37.2098875651814,46.10358293323217,0.025,1.125
simulated,SIM005,4,3.7835006998420266,-1.2520461606938715,28.383935423178176,65.15589636033032,1.99742,54.0772856804221,1.3907793984661942,aggressive,-4.7371175252197855,normal_20_80,discharge,0,0,0,0,0,0.0,16.25,21.360009363293827,35.00339952968059,46.10358293323217,0.03333333333333333,0.0
simulated,SIM005,5,3.546309700246115,-2.2649681383757496,41.95323230351763,12.683298498375754,1.99604,94.10919440204243,2.2086417156551668,aggressive,-8.032278479870305,low_0_20,discharge,1,0,1,1,0,70.0,27.0,30.331501776206203,36.393366084448004,46.10358293323217,0.041666666666666664,2.9166666666666665
simulated,SIM005,6,3.53030273064771,1.572413964247379,29.22374561939884,13.653774238754744,1.99556,0.0,2.2086417156551668,aggressive,5.551097311691112,low_0_20,charge,0,0,0,1,0,15.0,25.0,27.568097504180443,35.198429340273144,46.10358293323217,0.05,0.75
simulated,SIM005,7,3.5398800869374836,-1.6574070580238407,29.013198264760995,12.52750218417102,1.99508,94.98503518612627,3.3535041407650183,aggressive,-5.867022240648232,low_0_20,discharge,0,0,0,1,0,15.0,23.571428571428573,25.44836041121407,34.31482490091427,46.10358293323217,0.058333333333333334,0.875
simulated,SIM005,8,3.541499430122058,-2.837076359352632,38.81963348966078,9.923120256466683,1.99412,28.345315007315396,3.7416699220137284,aggressive,-10.04750430986011,low_0_20,discharge,1,0,0,1,0,45.0,26.25,24.748737341529164,34.877925974507576,46.10358293323217,0.06666666666666667,3.0
simulated,SIM005,9,3.5805270769658453,3.4502013274040397,42.75435237527003,13.137575302676478,1.99274,0.0,3.7416699220137284,aggressive,12.353539273753666,low_0_20,charge,0,1,1,1,0,60.0,30.0,25.739075352467502,35.75308446348119,46.10358293323217,0.075,4.5
simulated,SIM005,10,3.5333518729489986,-2.697733897935215,40.143588294983076,10.564171193559146,1.99136,80.99271404800102,5.261516889055252,aggressive,-9.532043120987394,low_0_20,discharge,1,0,1,1,0,70.0,34.0,27.365834335698388,36.19213484663137,46.10358293323217,0.08333333333333333,5.833333333333333
simulated,SIM005,11,3.5790164972432748,3.0034490587800753,47.902615385811345,13.392487262583092,1.98998,0.0,5.261516889055252,aggressive,10.749393730003675,low_0_20,charge,0,1,1,1,0,60.0,36.36363636363637,27.119265208603004,37.25672398655683,47.902615385811345,0.09166666666666666,5.5
simulated,SIM005,12,3.5032146589520363,-2.3306568382994612,43.35885118771923,6.704769961551898,1.9886000000000001,22.20939022794682,5.7054964585937205,aggressive,-8.16479120091748,low_0_20,discharge,1,0,1,1,0,70.0,39.166666666666664,27.620260460009927,37.76523458665369,47.902615385811345,0.1,7.0
simulated,SIM005,13,3.5181303748588797,-3.718644391338373,46.361264651220274,4.032880720112713,1.9872200000000002,23.33451234490344,5.9092361262232265,aggressive,-13.08267578646614,low_0_20,discharge,1,0,1,1,0,70.0,41.53846153846154,27.792731017945993,38.426467668543424,47.902615385811345,0.10833333333333334,7.583333333333334
simulated,SIM005,14,3.5299034129882916,0.6354534550484152,25.742422905883263,4.662885180204952,1.9867400000000002,0.0,5.9092361262232265,aggressive,2.2430893197706028,low_0_20,charge,0,0,0,1,0,15.0,39.642857142857146,27.62832198712357,37.52046447121056,47.902615385811345,0.11666666666666667,1.75
simulated,SIM005,15,3.5008843660836817,0.5999090143836636,28.451959473815332,5.202512514189229,1.9862600000000001,0.0,5.9092361262232265,aggressive,2.1002120895284384,low_0_20,charge,0,0,0,1,0,15.0,38.0,27.373083755501757,36.91589747138421,47.902615385811345,0.125,1.875
simulated,SIM005,16,3.5001898569804495,2.290906910611255,44.46600726694383,7.482143718313647,1.9848800000000002,0.0,5.9092361262232265,aggressive,8.018609131807931,low_0_20,charge,0,1,1,1,0,60.0,39.375,27.010800309012193,37.38777933360669,47.902615385811345,0.13333333333333333,8.0
simulated,SIM005,17,3.5212254775138563,-1.1989474807004612,27.24900342548583,6.395393809610006,1.9844000000000002,26.558079110189666,6.149628678443476,aggressive,-4.221764415243516,low_0_20,discharge,0,0,0,1,0,15.0,37.94117647058823,26.812941344235465,36.79138075077605,47.902615385811345,0.14166666666666666,2.125
simulated,SIM005,18,3.52196138001294,-0.37367568182011524,25.48518401752257,6.032471032198849,1.9839200000000001,79.39261384513668,7.371540458542068,aggressive,-1.3160713200204492,low_0_20,discharge,0,0,0,1,0,15.0,36.666666666666664,26.568446566202855,36.16325871003974,47.902615385811345,0.15,2.25
simulated,SIM005,19,3.5414114595478496,-3.8249373160534943,50.45726169106281,2.7761041808851723,1.9825400000000002,102.68304319919757,8.318827926872064,aggressive,-13.54567684312404,low_0_20,discharge,1,0,1,1,0,70.0,38.421052631578945,26.928538742947215,36.91557465640938,50.45726169106281,0.15833333333333333,11.083333333333332
simulated,SIM005,20,3.49923042925152,-0.477203300874716,26.18719344550197,2.4454788925696143,1.9820600000000002,92.95128429003313,9.967169450114438,aggressive,-1.6698443113600747,low_0_20,discharge,0,0,0,1,0,15.0,37.25,26.728409880440736,36.37915559586401,50.45726169106281,0.16666666666666666,2.5
simulated,SIM005,21,3.5129460060041904,2.7422827995980876,42.723930212883126,5.116284289653009,1.9806800000000002,0.0,9.967169450114438,aggressive,9.633491408182092,low_0_20,charge,0,1,1,1,0,60.0,38.333333333333336,26.520432374554776,36.681287720483965,50.45726169106281,0.175,10.5
simulated,SIM005,22,3.53072911717979,2.430148126731367,38.31092410029843,6.967777409489514,1.9797200000000001,0.0,9.967169450114438,aggressive,8.58019475011036,low_0_20,charge,0,1,0,1,0,35.0,38.18181818181818,25.89104710795452,36.75536210138463,50.45726169106281,0.18333333333333332,6.416666666666666
simulated,SIM005,23,3.5212646868163624,-1.3105028693314553,27.650524703791877,5.682480807109805,1.97924,94.2293485029703,11.438311873621398,aggressive,-4.614627475748371,low_0_20,discharge,0,0,0,1,0,15.0,37.17391304347826,25.753467858122864,36.359499605837115,50.45726169106281,0.19166666666666668,2.875
simulated,SIM005,24,3.552868016370533,0.8451011486931437,26.85923963667885,6.273016608489409,1.97876,0.0,11.438311873621398,aggressive,3.0025328417898685,low_0_20,charge,0,0,0,1,0,15.0,36.25,25.590844150747078,35.96365544045552,50.45726169106281,0.2,3.0
simulated,SIM005,25,3.533286742666576,1.762918918650531,29.292298150482324,7.804567084020169,1.97828,0.0,11.438311873621398,aggressive,6.228898043664017,low_0_20,charge,0,0,0,1,0,15.0,35.4,25.409971795865232,35.69680114885659,50.45726169106281,0.20833333333333334,3.125
simulated,SIM005,26,3.5212308152528413,-1.567385470362323,27.31625585958646,6.647213309376566,1.9778,65.61205808662332,12.707083515571309,aggressive,-5.519126017619381,low_0_20,discharge,0,0,0,1,0,15.0,34.61538461538461,25.215990042950004,35.37447248388466,50.45726169106281,0.21666666666666667,3.25
simulated,SIM005,27,3.5335870805768903,0.30185571111991777,22.464132596503365,6.839277379992669,1.97732,0.0,12.707083515571309,aggressive,1.0666334410116913,low_0_20,charge,0,0,0,1,0,15.0,33.888888888888886,25.01281722719425,34.89631174731499,50.45726169106281,0.225,3.375
simulated,SIM005,28,3.5361578438109467,1.5515111776936754,26.924707911105017,8.086176315439982,1.97684,0.0,12.707083515571309,aggressive,5.48638842076185,low_0_20,charge,0,0,0,1,0,15.0,33.214285714285715,24.803460246740578,34.611611610307484,50.45726169106281,0.23333333333333334,3.5
simulated,SIM005,29,3.5171664136919536,-2.7989604059065467,45.082489906430204,6.124671368578453,1.97546,57.721552557977276,13.512376949679972,aggressive,-9.844409532908104,low_0_20,discharge,1,0,1,1,0,70.0,34.48275862068966,25.296273991094264,34.97267637913931,50.45726169106281,0.24166666666666667,16.916666666666668
simulated,SIM005,30,3.511810497832478,1.1682770530062558,25.666374271867006,7.030555516443076,1.97498,0.0,13.512376949679972,aggressive,4.10276761912416,low_0_20,charge,0,0,0,1,0,15.0,33.833333333333336,25.10953017774579,34.662466308896896,50.45726169106281,0.25,3.75
simulated,SIM005,31,3.5723069370377645,1.1148409443136105,26.894727945548674,7.883107625228739,1.9745,0.0,13.512376949679972,aggressive,3.982554039065243,low_0_20,charge,0,0,0,1,0,15.0,33.225806451612904,24.918145566928203,34.4118941036276,50.45726169106281,0.25833333333333336,3.8750000000000004
simulated,SIM005,32,3.5262499450962816,1.1665166659404953,27.070392646265805,8.911501284607672,1.9740199999999999,0.0,13.512376949679972,aggressive,4.113429329226569,low_0_20,charge,0,0,0,1,0,15.0,32.65625,24.72377643014396,34.18247218308504,50.45726169106281,0.26666666666666666,4.0
simulated,SIM005,33,3.551715508201672,-0.6595124990265901,26.256878906962687,8.479007206819116,1.9735399999999998,32.52068122285483,14.012300990556476,aggressive,-2.3424007706455803,low_0_20,discharge,0,0,0,1,0,15.0,32.121212121212125,24.527736309836023,33.942302689869216,50.45726169106281,0.275,4.125
simulated,SIM005,34,3.5248654566619675,-0.31642495243970115,25.467468940311015,8.234504368232756,1.9730599999999998,41.9045207159759,14.606600643588298,aggressive,-1.1153553844806086,low_0_20,discharge,0,0,0,1,0,15.0,31.61764705882353,24.331068436581184,33.693042873705735,50.45726169106281,0.2833333333333333,4.25
simulated,SIM005,35,3.5175181554200345,1.5416071908520663,29.110768572756726,9.20016410254953,1.9725799999999998,0.0,14.606600643588298,aggressive,5.422631282348221,low_0_20,charge,0,0,0,1,0,15.0,31.142857142857142,24.134601542114563,33.56212075082148,50.45726169106281,0.2916666666666667,4.375
simulated,SIM005,36,3.5159953433215914,-0.874017380852331,26.285191378152202,8.379040588065031,1.9720999999999997,48.45295312423558,15.1141717339019,aggressive,-3.07304104105893,low_0_20,discharge,0,0,0,1,0,15.0,30.694444444444443,23.93899322915224,33.359983823802885,50.45726169106281,0.3,4.5
simulated,SIM005,37,3.533026380295505,1.5068057162525632,27.880368748377165,9.851990469330827,1.9716199999999997,0.0,15.1141717339019,aggressive,5.323584345500369,low_0_20,charge,0,0,0,1,0,15.0,30.27027027027027,23.744763924154178,33.21188611906165,50.45726169106281,0.30833333333333335,4.625
simulated,SIM005,38,3.523669821734719,3.186695501110025,40.173704495451766,11.948703837374262,1.9702399999999998,0.0,15.1141717339019,aggressive,11.228862768319193,low_0_20,charge,0,1,1,1,0,60.0,31.05263157894737,23.9130715904006,33.39509186580876,50.45726169106281,0.31666666666666665,19.0
simulated,SIM005,39,3.5367085050978404,-0.5858371209599835,25.95202595165188,11.43354416412066,1.9697599999999997,51.42636004293891,15.84877101442162,aggressive,-2.071935128301206,low_0_20,discharge,0,0,0,1,0,15.0,30.641025641025642,23.735923451137783,33.20424402185602,50.45726169106281,0.325,4.875
simulated,SIM005,40,3.5546826305687804,-1.5729689478098463,29.399936310342113,10.13225756321324,1.9692799999999997,98.51998212373825,16.802917819857708,aggressive,-5.591405397203711,low_0_20,discharge,0,0,0,1,0,15.0,30.25,23.559798440651026,33.10913632906817,50.45726169106281,0.3333333333333333,5.0
simulated,SIM005,41,3.5454060244357297,1.4855923818721422,28.005257015507592,11.592654779490234,1.9687999999999997,0.0,16.802917819857708,aggressive,5.267028180545318,low_0_20,charge,0,0,0,1,0,15.0,29.878048780487806,23.385032736722028,32.984651467761815,50.45726169106281,0.3416666666666667,5.125
simulated,SIM005,42,3.5593106643288945,1.3016566902170095,28.407248650964345,12.387660172029298,1.9683199999999996,0.0,16.802917819857708,aggressive,4.633000538784454,low_0_20,charge,0,0,0,1,0,15.0,29.523809523809526,23.211895704718653,32.87566568640949,50.45726169106281,0.35,5.25
simulated,SIM005,43,3.532979254475817,-0.5729620318754538,27.22746228278037,11.829312817890798,1.9678399999999996,33.988576712929245,17.317106123633774,aggressive,-2.02426297221829,low_0_20,discharge,0,0,0,1,0,15.0,29.186046511627907,23.04060165173591,32.74431211888324,50.45726169106281,0.35833333333333334,5.375
simulated,SIM005,44,3.5779768970404144,-2.72560690049107,40.016836788594105,9.127546057021824,1.9664599999999997,38.16124582792153,17.64015193763208,aggressive,-9.752158520370982,low_0_20,discharge,1,0,1,1,0,70.0,30.113636363636363,23.587753926700056,32.90959677046757,50.45726169106281,0.36666666666666664,25.666666666666664
simulated,SIM005,45,3.563095805979686,-1.0185576757544972,27.154202932557077,8.199685890830335,1.9659799999999996,71.4809532172602,18.98267207651179,aggressive,-3.6292185826292656,low_0_20,discharge,0,0,0,1,0,15.0,29.77777777777778,23.426761007726427,32.781699129625125,50.45726169106281,0.375,5.625
simulated,SIM005,46,3.552792692921565,1.0299169645385093,27.55870039674398,8.850183357912638,1.9654999999999996,0.0,18.98267207651179,aggressive,3.6590814659283746,low_0_20,charge,0,0,0,1,0,15.0,29.456521739130434,23.267245954334967,32.66815567891031,50.45726169106281,0.38333333333333336,5.75
simulated,SIM005,47,3.5600285073576656,3.039971099976265,37.4962422494069,11.564472451342613,1.9645399999999995,0.0,18.98267207651179,aggressive,10.822383777458944,low_0_20,charge,0,1,0,1,0,35.0,29.574468085106382,23.0271528577168,32.77088092509109,50.45726169106281,0.39166666666666666,13.708333333333334
simulated,SIM005,48,3.582949175967286,2.4651267245924195,39.066649909896164,13.057480403551393,1.9635799999999994,0.0,18.98267207651179,aggressive,8.832423766533344,low_0_20,charge,0,1,0,1,0,35.0,29.6875,22.794322034692687,32.902042778941194,50.45726169106281,0.4,14.0
simulated,SIM005,49,3.517149031494519,0.37238143157373277,25.191074141286443,13.308543644095746,1.9630999999999994,0.0,18.98267207651179,aggressive,1.3097209914060965,low_0_20,charge,0,0,0,1,0,15.0,29.387755102040817,22.653013344927032,32.74467607205028,50.45726169106281,0.4083333333333333,6.125
simulated,SIM005,50,3.5612766569866676,-1.5328839032023163,27.327594087607313,12.240733247235736,1.9626199999999994,92.20599564809334,20.437647847515578,aggressive,-5.45902366234502,low_0_20,discharge,0,0,0,1,0,15.0,29.1,22.512808145858767,32.63633443236142,50.45726169106281,0.4166666666666667,6.25
simulated,SIM005,51,3.5000023490375876,-1.484627532210945,27.05604181736401,11.251100554443294,1.9621399999999993,30.782858422315563,20.787977365402156,aggressive,-5.196199850184184,low_0_20,discharge,0,0,0,1,0,15.0,29.4,22.215089558262704,32.641140394021235,50.45726169106281,0.425,6.375
simulated,SIM005,52,3.5047091459521473,-2.7674334072012843,43.392166148240676,8.500728773558167,1.9607599999999994,32.5643886725534,21.35225154350272,aggressive,-9.699049173031854,low_0_20,discharge,1,0,1,1,0,70.0,30.4,22.89817745175901,32.73477699642728,50.45726169106281,0.43333333333333335,30.333333333333336
simulated,SIM005,53,3.5092481320516575,2.404887419425233,40.62746334698321,10.867231239241958,1.9593799999999995,0.0,21.35225154350272,aggressive,8.43934668441253,low_0_20,charge,0,1,1,1,0,60.0,30.7,23.18976727184749,32.6252546047023,50.45726169106281,0.44166666666666665,26.5
simulated,SIM005,54,3.5221270632344117,-3.2509449172304627,41.14044675989039,8.219219021583104,1.9579999999999995,80.89152677663319,22.723149226278526,aggressive,-11.450241074061767,low_0_20,discharge,1,0,1,1,0,70.0,32.1,23.41048953798624,32.880384831436544,50.45726169106281,0.45,31.5
simulated,SIM005,55,3.515843580893374,1.112379448415461,24.60005277350238,9.041772206135885,1.9575199999999995,0.0,22.723149226278526,aggressive,3.9109521432292107,low_0_20,charge,0,0,0,1,0,15.0,31.0,22.87945339720995,32.53332124083624,50.45726169106281,0.4583333333333333,6.875
simulated,SIM005,56,3.529543613432724,-1.7511586937007382,28.362555183037557,7.909575118312855,1.9570399999999994,34.04503124584448,23.029834304093043,aggressive,-6.180790983458632,low_0_20,discharge,0,0,0,1,0,15.0,31.0,22.87945339720995,32.51609743210901,50.45726169106281,0.4666666666666667,7.0
simulated,SIM005,57,3.558835883750017,3.1744502928854375,44.5706478672411,10.60566256335556,1.9556599999999995,0.0,23.029834304093043,aggressive,11.297347613501445,low_0_20,charge,0,1,1,1,0,60.0,31.9,23.121021444846704,32.827246424158616,50.45726169106281,0.475,28.5
simulated,SIM005,58,3.4948799517512863,-3.022332661239547,50.64755232641145,7.654212374708168,1.9542799999999996,53.75281754018711,23.877179114974776,aggressive,-10.562689825289205,low_0_20,discharge,1,0,1,1,0,70.0,32.4,23.67380365703485,33.06380480089363,50.64755232641145,0.48333333333333334,33.833333333333336
simulated,SIM005,59,3.552389070288598,1.5292646530044738,27.90786494384024,8.798907633269348,1.9537999999999995,0.0,23.877179114974776,aggressive,5.432543038911778,low_0_20,charge,0,0,0,1,0,15.0,31.5,23.457516962390038,32.76687505226503,50.64755232641145,0.49166666666666664,7.375
simulated,SIM005,60,3.5362138310174256,1.4030663531422607,25.6891301426251,9.70512976579153,1.9533199999999995,0.0,23.877179114974776,aggressive,4.961542643816842,low_0_20,charge,0,0,0,1,0,15.0,30.4,22.89817745175901,32.47778588921787,50.64755232641145,0.5,7.5
simulated,SIM005,61,3.5298660126166777,-0.870858323839496,26.241652221832044,9.015243920659913,1.9528399999999995,57.32712598320632,24.412919468271905,aggressive,-3.0740131991253654,low_0_20,discharge,0,0,0,1,0,15.0,29.5,22.5933437913353,32.04456662593828,50.64755232641145,0.5083333333333333,7.625
simulated,SIM005,62,3.527729708481432,-2.228452408988463,45.73290253883975,5.333457228729946,1.9514599999999995,58.34441760812113,25.16865188846129,aggressive,-7.8613777671256155,low_0_20,discharge,1,0,1,1,0,70.0,29.5,22.5933437913353,32.092047652960694,50.64755232641145,0.5166666666666667,36.16666666666667
simulated,SIM005,63,3.5217897477907343,-2.4313077619118797,43.5671490197845,3.8175772691922596,1.9500799999999996,107.99862785737207,26.608870375774423,aggressive,-8.562554749625294,low_0_20,discharge,1,0,1,1,0,70.0,29.5,22.5933437913353,32.03616534033198,50.64755232641145,0.525,36.75
simulated,SIM005,64,3.539754199220715,-1.1023382788561589,26.804944400656723,2.7159807392842987,1.9495999999999996,65.50797640770156,27.488922584619782,aggressive,-3.902006551542824,low_0_20,discharge,0,0,0,1,0,15.0,29.5,22.5933437913353,32.05741577022745,50.64755232641145,0.5333333333333333,8.0
simulated,SIM005,65,3.5198050826757896,-0.3133227531053077,26.297244147701022,2.497937452878157,1.9491199999999995,89.9227727600418,28.735879696868444,aggressive,-1.1028350188980336,low_0_20,discharge,0,0,0,1,0,15.0,29.5,22.5933437913353,32.01432146370516,50.64755232641145,0.5416666666666666,8.125
simulated,SIM005,66,3.528930560300384,-1.3008474545461683,28.389004340308666,1.4625878204309841,1.9486399999999995,51.72834277394345,29.62458013990122,aggressive,-4.590600336636938,low_0_20,discharge,0,0,0,1,0,15.0,28.6,22.2472195006523,31.692781405172457,50.64755232641145,0.55,8.25
simulated,SIM005,67,3.5025686280833823,-0.9749749730687882,27.17685296766757,0.7206558588685621,1.9481599999999994,61.3341565861273,30.278447029547937,aggressive,-3.4149167538371783,low_0_20,discharge,0,0,0,1,0,15.0,28.6,22.2472195006523,31.691338396016093,50.64755232641145,0.5583333333333333,8.375
simulated,SIM005,68,3.5406265276180835,1.5893172865598246,27.22216775767161,2.29297491625137,1.9476799999999994,0.0,30.278447029547937,aggressive,5.627178945595706,low_0_20,charge,0,0,0,1,0,15.0,28.6,22.2472195006523,31.72607807081907,50.64755232641145,0.5666666666666667,8.5
simulated,SIM005,69,3.5088589642851504,-0.38976375404457386,25.468088145602554,2.0395854599897287,1.9471999999999994,94.50112449343573,31.24040110976079,aggressive,-1.3676260423327355,low_0_20,discharge,0,0,0,1,0,15.0,27.5,21.505813167606565,31.22629459990987,50.64755232641145,0.575,8.625
simulated,SIM005,70,3.496443922127663,-0.35833365553108393,25.93131646559551,1.7189450566825482,1.9467199999999993,62.82634659622301,32.395739121643516,aggressive,-1.252893531975446,low_0_20,discharge,0,0,0,1,0,15.0,27.5,21.505813167606565,31.221177060311742,50.64755232641145,0.5833333333333334,8.75
simulated,SIM005,71,3.503554599621962,-1.0809546359578315,26.22102335615758,0.7787873739992073,1.9462399999999993,103.95760166572538,34.050667683155986,aggressive,-3.787183586792744,low_0_20,discharge,0,0,0,1,0,15.0,26.6,21.054836082215875,30.891118923177228,50.64755232641145,0.5916666666666667,8.875
simulated,SIM005,72,3.5220271796952956,2.7002388350865614,42.652781059778896,3.0649687196526925,1.9448599999999994,0.0,34.050667683155986,aggressive,9.510314568843633,low_0_20,charge,0,1,1,1,0,60.0,27.1,21.549421129589724,30.977956062366843,50.64755232641145,0.6,36.0
simulated,SIM005,73,3.50327675688237,-0.3353051882501083,25.115359204738507,2.7845429992305193,1.9443799999999993,76.74788222460751,35.15670478672586,aggressive,-1.174666872458672,low_0_20,discharge,0,0,0,1,0,15.0,27.1,21.549421129589724,30.92725275238577,50.64755232641145,0.6083333333333333,9.125
simulated,SIM005,74,3.527783426542562,3.1455260353047967,43.13891699375706,4.927057179247468,1.9429999999999994,0.0,35.15670478672586,aggressive,11.096734615106396,low_0_20,charge,0,1,1,1,0,60.0,28.0,21.969366427470995,31.252846299527338,50.64755232641145,0.6166666666666667,37.0
simulated,SIM005,75,3.5154799671485213,-2.8129674564057345,39.07088638480981,2.393740625564784,1.9420399999999993,45.452980483573235,35.52336367427249,aggressive,-9.888930741235091,low_0_20,discharge,1,0,0,1,0,45.0,28.6,22.01669125635255,31.448418064213882,50.64755232641145,0.625,28.125
simulated,SIM005,76,3.500414385056941,0.7065931995847777,27.02965899586298,2.8733186390987426,1.9415599999999993,0.0,35.52336367427249,aggressive,2.473369000209966,low_0_20,charge,0,0,0,1,0,15.0,28.6,22.01669125635255,31.442686126939417,50.64755232641145,0.6333333333333333,9.5
simulated,SIM005,77,3.5161622453875365,3.3602005840944305,46.2481919604161,5.713646704572616,1.9401799999999993,0.0,35.52336367427249,aggressive,11.815010430721985,low_0_20,charge,0,1,1,1,0,60.0,29.5,22.366383302644536,31.918367314217665,50.64755232641145,0.6416666666666667,38.5
simulated,SIM005,78,3.5378960314511727,3.0435733777982263,47.17581110424866,7.644829547337563,1.9387999999999994,0.0,35.52336367427249,aggressive,10.767846174742786,low_0_20,charge,0,1,1,1,0,60.0,30.4,22.674268433173136,32.32338937808055,50.64755232641145,0.65,39.0
simulated,SIM005,79,3.5523660725636,0.4194310198888469,24.672775076315112,7.955610679319306,1.9383199999999994,0.0,35.52336367427249,aggressive,1.4899725248338884,low_0_20,charge,0,0,0,1,0,15.0,29.3,22.039158100887573,31.91519508147824,50.64755232641145,0.6583333333333333,9.875
simulated,SIM005,80,3.5164426293962143,-0.5604732841045962,26.291630159099842,7.449078665890183,1.9378399999999993,91.49693811291345,36.983054397288846,aggressive,-1.9708721488630976,low_0_20,discharge,0,0,0,1,0,15.0,29.3,22.039158100887573,31.9277001992229,50.64755232641145,0.6666666666666666,10.0
simulated,SIM005,81,3.5368834792941475,1.3265248842143775,26.054678332078485,8.577897564529017,1.9373599999999993,0.0,36.983054397288846,aggressive,4.691763947850414,low_0_20,charge,0,0,0,1,0,15.0,29.3,22.039158100887573,31.910899206953495,50.64755232641145,0.675,10.125
simulated,SIM005,82,3.517126983037613,-0.400602207969672,25.740669514728022,8.300367018050839,1.9368799999999993,108.09962794331123,38.36994878982134,aggressive,-1.4089688351145788,low_0_20,discharge,0,0,0,1,0,15.0,29.3,22.039158100887573,31.88430474432274,50.64755232641145,0.6833333333333333,10.25
simulated,SIM005,83,3.540576778731929,-1.7533814770014253,28.372859623899753,6.928509391076476,1.9363999999999992,48.141320605070966,38.847369586376104,aggressive,-6.207981741729938,low_0_20,discharge,0,0,0,1,0,15.0,29.3,22.039158100887573,31.926624358661478,50.64755232641145,0.6916666666666667,10.375
simulated,SIM005,84,3.5252512127379836,-1.4003376372726628,26.811399704625806,6.080653577578202,1.9359199999999992,40.96500157887395,39.440691506091454,aggressive,-4.9365419540380975,low_0_20,discharge,0,0,0,1,0,15.0,29.3,22.039158100887573,31.953502973947774,50.64755232641145,0.7,10.5
simulated,SIM005,85,3.558447044497919,0.4769464816031583,26.807376741365513,6.527700644458972,1.9354399999999992,0.0,39.440691506091454,aggressive,1.6971887978444395,low_0_20,charge,0,0,0,1,0,15.0,29.3,22.039158100887573,31.907435137319954,50.64755232641145,0.7083333333333334,10.625
simulated,SIM005,86,3.5612522001673685,-0.45524073604575965,26.294793161686524,6.114611965817039,1.9349599999999991,61.412815880528875,40.11483141879334,aggressive,-1.6212270728487739,low_0_20,discharge,0,0,0,1,0,15.0,29.3,22.039158100887573,31.907627172990637,50.64755232641145,0.7166666666666667,10.75
simulated,SIM005,87,3.508617721776746,-0.6656390315240321,26.782833666832772,5.6334333038679745,1.934479999999999,89.5359099810782,41.247614139214825,aggressive,-2.3354729023115293,low_0_20,discharge,0,0,0,1,0,15.0,29.3,22.039158100887573,31.88567647135975,50.64755232641145,0.725,10.875
simulated,SIM005,88,3.5592817083262664,-0.3618326675908566,26.882549292161812,5.35858187307217,1.933999999999999,90.97842828501804,42.68641764588214,aggressive,-1.287864395231034,low_0_20,discharge,0,0,0,1,0,15.0,28.4,21.675717628117358,31.61985336729395,50.64755232641145,0.7333333333333333,11.0
simulated,SIM005,89,3.5251491522303167,2.318370735785084,41.56993761114541,6.934022464626251,1.9326199999999991,0.0,42.68641764588214,aggressive,8.172602633808363,low_0_20,charge,0,1,1,1,0,60.0,29.3,22.039158100887573,31.93221160048382,50.64755232641145,0.7416666666666667,44.5
simulated,SIM005,90,3.5381875791055846,-1.2849802400001538,28.07697291941406,5.922284607654976,1.932139999999999,47.928901872629275,43.359461241343865,aggressive,-4.546501124564657,low_0_20,discharge,0,0,0,1,0,15.0,29.3,22.039158100887573,31.905752332665262,50.64755232641145,0.75,11.25
simulated,SIM005,91,3.5482596348553046,-2.363631510205894,39.0404990319599,3.915915593857006,1.931179999999999,82.92647304479596,44.14174433669612,aggressive,-8.386778279335656,low_0_20,discharge,1,0,0,1,0,45.0,29.9,22.05026724813751,32.12645717299431,50.64755232641145,0.7583333333333333,34.125
simulated,SIM005,92,3.510120528926824,1.1969244679619506,28.432467341894668,4.733714699861666,1.930699999999999,0.0,44.14174433669612,aggressive,4.2013491465680595,low_0_20,charge,0,0,0,1,0,15.0,29.9,22.05026724813751,32.126961546812915,50.64755232641145,0.7666666666666667,11.5
simulated,SIM005,93,3.5093262777141696,-0.6464178062977299,25.747226624248142,4.337309598712444,1.930219999999999,20.189431395532186,44.4745118834797,aggressive,-2.268490994022972,low_0_20,discharge,0,0,0,1,0,15.0,29.9,22.05026724813751,32.09735683364227,50.64755232641145,0.775,11.625
simulated,SIM005,94,3.5087142348282105,-2.976080878164088,42.02515222649294,2.0879028919802183,1.928839999999999,51.676014701790756,45.42231541279557,aggressive,-10.442217341214377,low_0_20,discharge,1,0,1,1,0,70.0,29.9,22.05026724813751,32.13752314240025,50.64755232641145,0.7833333333333333,54.833333333333336
simulated,SIM005,95,3.499632974668892,-0.4018906676235343,25.188718306213534,1.7895188120396037,1.928359999999999,62.265335797829,46.223423759152965,aggressive,-1.4064698326270164,low_0_20,discharge,0,0,0,1,0,15.0,29.9,22.05026724813751,32.09821344987338,50.64755232641145,0.7916666666666666,11.875
simulated,SIM005,96,3.5103330744153602,-1.3080141747176548,27.519057961669713,0.652199705025905,1.927879999999999,20.771812132092712,46.44396398829555,aggressive,-4.591565419315495,low_0_20,discharge,0,0,0,1,0,15.0,29.9,22.05026724813751,32.09742060117189,50.64755232641145,0.8,12.0
simulated,SIM005,97,3.498842272918199,0.31559834085675614,24.78180013751846,0.9507673395295575,1.927399999999999,0.0,46.44396398829555,aggressive,1.1042288162524652,low_0_20,charge,0,0,0,1,0,15.0,29.5,22.137096024731047,31.843131758934124,50.64755232641145,0.8083333333333333,12.125
simulated,SIM005,98,3.4985780347648685,-1.1995075975919964,29.713178604543494,0.0,1.9269199999999989,83.0020789743426,48.08492188378492,aggressive,-4.196570933468935,low_0_20,discharge,0,0,0,1,0,15.0,29.1,22.21623785634723,31.65606233282707,50.64755232641145,0.8166666666666667,12.25
simulated,SIM005,99,3.5071515021606965,0.37664030060312786,25.366945003908214,0.23357451319321654,1.9264399999999988,0.0,48.08492188378492,aggressive,1.3209345960345162,low_0_20,charge,0,0,0,1,0,15.0,29.1,22.21623785634723,31.659579750079505,50.64755232641145,0.825,12.375
simulated,SIM005,100,3.483736597813884,-1.134827212069442,27.87417087410714,0.0,1.9259599999999988,90.78819103682812,48.996189398247736,aggressive,-3.953439090881413,low_0_20,discharge,0,0,0,1,0,15.0,29.1,22.21623785634723,31.670511285809496,50.64755232641145,0.8333333333333334,12.5
simulated,SIM005,101,3.501763655738976,-1.2120533945007315,27.378708651752945,0.0,1.9254799999999987,73.38742086325809,50.32600067980779,aggressive,-4.244324525677716,low_0_20,discharge,0,0,0,1,0,15.0,29.1,22.21623785634723,31.676964622497277,50.64755232641145,0.8416666666666667,12.625
simulated,SIM005,102,3.4835555118963066,-0.5099575243234371,25.53593203850762,0.0,1.9249999999999987,35.79185382241305,50.84216147818182,aggressive,-1.7764653446899041,low_0_20,discharge,0,0,0,1,0,15.0,28.0,21.49988134756059,31.319839940302618,50.64755232641145,0.85,12.75
simulated,SIM005,103,3.5325090084771564,3.0500826638675895,41.16860282214871,2.343113856118371,1.9236199999999988,0.0,50.84216147818182,aggressive,10.774444486712262,low_0_20,charge,0,1,1,1,0,60.0,28.0,21.49988134756059,31.330662729805926,50.64755232641145,0.8583333333333333,51.5
simulated,SIM005,104,3.477938573164168,0.6234225292948522,26.16800097747867,2.8956908115451174,1.9231399999999987,0.0,50.84216147818182,aggressive,2.168225262014135,low_0_20,charge,0,0,0,1,0,15.0,26.9,20.699255630902996,31.03121381415769,50.64755232641145,0.8666666666666667,13.0
simulated,SIM005,105,3.5573398558168927,-1.7193318255230456,27.329748452546724,1.5705492444969498,1.9226599999999987,104.69870579526537,51.90641980988364,aggressive,-6.116247628307546,low_0_20,discharge,0,0,0,1,0,15.0,26.9,20.699255630902996,31.08580772773858,50.64755232641145,0.875,13.125
simulated,SIM005,106,3.5090690602580543,-0.46254175197923836,25.96051712476572,1.2040333644793404,1.9221799999999987,67.29645294866623,52.60349011950877,aggressive,-1.6230909509479,low_0_20,discharge,0,0,0,1,0,15.0,26.9,20.699255630902996,31.037766966573145,50.64755232641145,0.8833333333333333,13.25
simulated,SIM005,107,3.501668856926588,-1.702280693900766,28.43826871593184,0.0,1.9216999999999986,65.18869533526134,53.33056757601333,aggressive,-5.960823291579694,low_0_20,discharge,0,0,0,1,0,15.0,26.0,20.203050891044217,30.71511938354696,50.64755232641145,0.8916666666666667,13.375
simulated,SIM005,108,3.506388203465762,-1.147500528913555,28.160919886716233,0.0,1.9212199999999986,79.14438482368823,54.563365209618546,aggressive,-4.0235823180532115,low_0_20,discharge,0,0,0,1,0,15.0,24.9,19.23246617316773,30.26538673475305,47.17581110424866,0.9,13.5
simulated,SIM005,109,3.479245197528724,1.4266215848426955,29.13259637505794,1.0263130854757085,1.9207399999999986,0.0,54.563365209618546,aggressive,4.963566297754766,low_0_20,charge,0,0,0,1,0,15.0,24.9,19.23246617316773,30.289881363377408,47.17581110424866,0.9083333333333333,13.625
simulated,SIM005,110,3.5026086022346306,-1.572561577928491,27.554220904980994,0.0,1.9202599999999985,74.8926255358964,55.381358067772226,aggressive,-5.508067710395997,low_0_20,discharge,0,0,0,1,0,15.0,24.9,19.23246617316773,30.327183178624527,47.17581110424866,0.9166666666666666,13.75
simulated,SIM005,111,3.4992048985466724,-1.2868416589470941,27.65533897307448,0.0,1.9197799999999985,67.84899498901919,56.4603433148166,aggressive,-4.502922636641598,low_0_20,discharge,0,0,0,1,0,15.0,24.9,19.23246617316773,30.355456913649373,47.17581110424866,0.925,13.875
simulated,SIM005,112,3.5112835164805034,0.49012604680027133,26.801585875896357,0.42238912173669174,1.9192999999999985,0.0,56.4603433148166,aggressive,1.7209715091275446,low_0_20,charge,0,0,0,1,0,15.0,23.8,18.14229470444291,29.976830580390512,47.17581110424866,0.9333333333333333,14.0
simulated,SIM005,113,3.5157555449445677,1.6519828390358642,26.73169926587854,1.5626728771721705,1.9188199999999984,0.0,56.4603433148166,aggressive,5.807967826493608,low_0_20,charge,0,0,0,1,0,15.0,22.7,16.90942256342811,29.640121585312386,47.17581110424866,0.9416666666666667,14.125
simulated,SIM005,114,3.5137740366045933,-3.3912529438540213,47.267287817114926,0.0,1.9174399999999985,70.94751728086177,57.28580161250769,aggressive,-11.916096545673154,low_0_20,discharge,1,0,1,1,0,70.0,23.8,18.14229470444291,30.04936845364155,47.267287817114926,0.95,66.5
simulated,SIM005,115,3.5086770007933845,1.1438442397449884,26.803432778416955,0.8480753461526622,1.9169599999999984,0.0,57.28580161250769,aggressive,4.013379976483235,low_0_20,charge,0,0,0,1,0,15.0,23.8,18.14229470444291,30.05949222625587,47.267287817114926,0.9583333333333334,14.375
simulated,SIM005,116,3.4931497294249936,1.3161582944499355,27.380768692764466,1.7881480260590585,1.9164799999999984,0.0,57.28580161250769,aggressive,4.597537990138253,low_0_20,charge,0,0,0,1,0,15.0,23.8,18.14229470444291,30.03932751330499,47.267287817114926,0.9666666666666667,14.5
simulated,SIM005,117,3.496638516960051,2.834432434279159,47.2287570168949,4.301518287662516,1.9150999999999985,0.0,57.28580161250769,aggressive,9.910985623421347,low_0_20,charge,0,1,1,1,0,60.0,24.7,18.80105294489473,30.44036559428953,47.267287817114926,0.975,58.5
simulated,SIM005,118,3.531290511435105,3.282709080147082,37.768981236133584,6.947014390254267,1.9141399999999984,0.0,57.28580161250769,aggressive,11.592199426525253,low_0_20,charge,0,1,0,1,0,35.0,25.1,18.803223779176697,30.65130186385877,47.267287817114926,0.9833333333333333,34.416666666666664
simulated,SIM005,119,3.5281097797977847,1.6764512412938,28.058080628382633,8.294669735227522,1.9136599999999984,0.0,57.28580161250769,aggressive,5.914704019762792,low_0_20,charge,0,0,0,1,0,15.0,25.1,18.803223779176697,30.70310171351437,47.267287817114926,0.9916666666666667,14.875
simulated,SIM005,120,3.53902334194171,-0.9602718918000659,28.321300431477,7.629638576045257,1.9131799999999983,59.175481135040066,58.41645252257314,aggressive,-3.3984246396909574,low_0_20,discharge,0,0,0,1,0,15.0,25.1,18.803223779176697,30.750901392832002,47.267287817114926,1.0,15.0
